ISO-10303-21;
HEADER;
FILE_DESCRIPTION(('FreeCAD Model'),'2;1');
FILE_NAME('Open CASCADE Shape Model','2026-05-05T14:17:05',(''),(''),
  'Open CASCADE STEP processor 7.8','FreeCAD','Unknown');
FILE_SCHEMA(('AUTOMOTIVE_DESIGN { 1 0 10303 214 1 1 1 1 }'));
ENDSEC;
DATA;
#1 = APPLICATION_PROTOCOL_DEFINITION('international standard',
  'automotive_design',2000,#2);
#2 = APPLICATION_CONTEXT(
  'core data for automotive mechanical design processes');
#3 = SHAPE_DEFINITION_REPRESENTATION(#4,#10);
#4 = PRODUCT_DEFINITION_SHAPE('','',#5);
#5 = PRODUCT_DEFINITION('design','',#6,#9);
#6 = PRODUCT_DEFINITION_FORMATION('','',#7);
#7 = PRODUCT('AssemblyJig','AssemblyJig','',(#8));
#8 = PRODUCT_CONTEXT('',#2,'mechanical');
#9 = PRODUCT_DEFINITION_CONTEXT('part definition',#2,'design');
#10 = ADVANCED_BREP_SHAPE_REPRESENTATION('',(#11,#15),#5419);
#11 = AXIS2_PLACEMENT_3D('',#12,#13,#14);
#12 = CARTESIAN_POINT('',(0.,0.,0.));
#13 = DIRECTION('',(0.,0.,1.));
#14 = DIRECTION('',(1.,0.,-0.));
#15 = MANIFOLD_SOLID_BREP('',#16);
#16 = CLOSED_SHELL('',(#17,#1342,#1384,#1408,#1433,#1457,#1482,#1506,
    #1531,#1555,#1580,#1604,#1629,#1653,#1678,#1702,#1727,#1751,#1776,
    #1800,#1825,#1849,#1874,#1898,#1923,#1947,#1972,#1996,#2021,#2045,
    #2070,#2094,#2119,#2143,#2168,#2192,#2217,#2241,#2266,#2290,#2315,
    #2339,#2364,#2388,#2413,#2437,#2462,#2486,#2511,#2535,#2560,#2584,
    #2609,#2633,#2658,#2682,#2707,#2731,#2756,#2780,#2805,#2829,#2854,
    #2878,#2903,#2927,#2952,#2976,#3001,#3025,#3050,#3074,#3099,#3123,
    #3148,#3172,#3197,#3221,#3246,#3270,#3295,#3319,#3344,#3368,#3393,
    #3417,#3442,#3466,#3491,#3515,#3540,#3564,#3589,#3613,#3638,#3662,
    #3687,#3711,#3736,#3760,#3785,#3809,#3834,#3858,#3883,#3907,#3932,
    #3956,#3981,#4005,#4030,#4054,#4079,#4103,#4128,#4152,#4177,#4201,
    #4226,#4250,#4275,#4299,#4324,#4348,#4373,#4397,#4422,#4446,#4471,
    #4495,#4520,#4544,#4569,#4593,#4618,#4642,#4667,#4691,#4716,#4740,
    #4765,#4789,#4814,#4838,#4863,#4887,#4912,#4936,#4961,#4985,#5010,
    #5034,#5059,#5076,#5133,#5302,#5327,#5358,#5382,#5399,#5408));
#17 = ADVANCED_FACE('',(#18),#1337,.T.);
#18 = FACE_BOUND('',#19,.T.);
#19 = EDGE_LOOP('',(#20,#30,#37,#38,#47,#55,#64,#72,#81,#89,#98,#106,
    #115,#123,#132,#140,#149,#157,#166,#174,#183,#191,#200,#208,#217,
    #225,#234,#242,#251,#259,#268,#276,#285,#293,#302,#310,#319,#327,
    #336,#344,#353,#361,#370,#378,#387,#395,#404,#412,#421,#429,#438,
    #446,#455,#463,#472,#480,#489,#497,#506,#514,#523,#531,#540,#548,
    #557,#565,#574,#582,#591,#599,#608,#616,#625,#633,#642,#650,#659,
    #667,#676,#684,#693,#701,#710,#718,#727,#735,#744,#752,#761,#769,
    #778,#786,#795,#803,#812,#820,#829,#837,#846,#854,#863,#871,#880,
    #888,#897,#905,#914,#922,#931,#939,#948,#956,#965,#973,#982,#990,
    #999,#1007,#1016,#1024,#1033,#1041,#1050,#1058,#1067,#1075,#1084,
    #1092,#1101,#1109,#1118,#1126,#1135,#1143,#1152,#1160,#1169,#1177,
    #1186,#1194,#1203,#1211,#1220,#1228,#1237,#1245,#1254,#1262,#1271,
    #1279,#1288,#1296,#1305,#1313,#1322,#1330));
#20 = ORIENTED_EDGE('',*,*,#21,.F.);
#21 = EDGE_CURVE('',#22,#24,#26,.T.);
#22 = VERTEX_POINT('',#23);
#23 = CARTESIAN_POINT('',(24.01,0.,2.));
#24 = VERTEX_POINT('',#25);
#25 = CARTESIAN_POINT('',(24.01,0.,0.));
#26 = LINE('',#27,#28);
#27 = CARTESIAN_POINT('',(24.01,0.,2.));
#28 = VECTOR('',#29,1.);
#29 = DIRECTION('',(-0.,-0.,-1.));
#30 = ORIENTED_EDGE('',*,*,#31,.F.);
#31 = EDGE_CURVE('',#22,#22,#32,.T.);
#32 = CIRCLE('',#33,24.01);
#33 = AXIS2_PLACEMENT_3D('',#34,#35,#36);
#34 = CARTESIAN_POINT('',(0.,0.,2.));
#35 = DIRECTION('',(0.,0.,1.));
#36 = DIRECTION('',(1.,0.,0.));
#37 = ORIENTED_EDGE('',*,*,#21,.T.);
#38 = ORIENTED_EDGE('',*,*,#39,.T.);
#39 = EDGE_CURVE('',#24,#40,#42,.T.);
#40 = VERTEX_POINT('',#41);
#41 = CARTESIAN_POINT('',(24.006149212233,0.43,0.));
#42 = CIRCLE('',#43,24.01);
#43 = AXIS2_PLACEMENT_3D('',#44,#45,#46);
#44 = CARTESIAN_POINT('',(0.,0.,0.));
#45 = DIRECTION('',(0.,0.,1.));
#46 = DIRECTION('',(1.,0.,0.));
#47 = ORIENTED_EDGE('',*,*,#48,.F.);
#48 = EDGE_CURVE('',#49,#40,#51,.T.);
#49 = VERTEX_POINT('',#50);
#50 = CARTESIAN_POINT('',(24.006149212233,0.429999999999,-7.));
#51 = LINE('',#52,#53);
#52 = CARTESIAN_POINT('',(24.006149212233,0.43,2.));
#53 = VECTOR('',#54,1.);
#54 = DIRECTION('',(0.,0.,1.));
#55 = ORIENTED_EDGE('',*,*,#56,.T.);
#56 = EDGE_CURVE('',#49,#57,#59,.T.);
#57 = VERTEX_POINT('',#58);
#58 = CARTESIAN_POINT('',(23.749512300479,3.527146933343,-7.));
#59 = CIRCLE('',#60,24.01);
#60 = AXIS2_PLACEMENT_3D('',#61,#62,#63);
#61 = CARTESIAN_POINT('',(0.,0.,-7.));
#62 = DIRECTION('',(0.,0.,1.));
#63 = DIRECTION('',(1.,0.,0.));
#64 = ORIENTED_EDGE('',*,*,#65,.T.);
#65 = EDGE_CURVE('',#57,#66,#68,.T.);
#66 = VERTEX_POINT('',#67);
#67 = CARTESIAN_POINT('',(23.749512300479,3.527146933343,0.));
#68 = LINE('',#69,#70);
#69 = CARTESIAN_POINT('',(23.749512300479,3.527146933343,2.));
#70 = VECTOR('',#71,1.);
#71 = DIRECTION('',(0.,0.,1.));
#72 = ORIENTED_EDGE('',*,*,#73,.T.);
#73 = EDGE_CURVE('',#66,#74,#76,.T.);
#74 = VERTEX_POINT('',#75);
#75 = CARTESIAN_POINT('',(23.607960952838,4.375417654269,0.));
#76 = CIRCLE('',#77,24.01);
#77 = AXIS2_PLACEMENT_3D('',#78,#79,#80);
#78 = CARTESIAN_POINT('',(0.,0.,0.));
#79 = DIRECTION('',(0.,0.,1.));
#80 = DIRECTION('',(1.,0.,0.));
#81 = ORIENTED_EDGE('',*,*,#82,.F.);
#82 = EDGE_CURVE('',#83,#74,#85,.T.);
#83 = VERTEX_POINT('',#84);
#84 = CARTESIAN_POINT('',(23.607960952838,4.375417654268,-7.));
#85 = LINE('',#86,#87);
#86 = CARTESIAN_POINT('',(23.607960952838,4.375417654269,2.));
#87 = VECTOR('',#88,1.);
#88 = DIRECTION('',(0.,0.,1.));
#89 = ORIENTED_EDGE('',*,*,#90,.T.);
#90 = EDGE_CURVE('',#83,#91,#93,.T.);
#91 = VERTEX_POINT('',#92);
#92 = CARTESIAN_POINT('',(22.845050603526,7.388082492929,-7.));
#93 = CIRCLE('',#94,24.01);
#94 = AXIS2_PLACEMENT_3D('',#95,#96,#97);
#95 = CARTESIAN_POINT('',(0.,0.,-7.));
#96 = DIRECTION('',(0.,0.,1.));
#97 = DIRECTION('',(1.,0.,0.));
#98 = ORIENTED_EDGE('',*,*,#99,.T.);
#99 = EDGE_CURVE('',#91,#100,#102,.T.);
#100 = VERTEX_POINT('',#101);
#101 = CARTESIAN_POINT('',(22.845050603526,7.388082492929,0.));
#102 = LINE('',#103,#104);
#103 = CARTESIAN_POINT('',(22.845050603526,7.388082492929,2.));
#104 = VECTOR('',#105,1.);
#105 = DIRECTION('',(0.,0.,1.));
#106 = ORIENTED_EDGE('',*,*,#107,.T.);
#107 = EDGE_CURVE('',#100,#108,#110,.T.);
#108 = VERTEX_POINT('',#109);
#109 = CARTESIAN_POINT('',(22.56580906001,8.201485320792,0.));
#110 = CIRCLE('',#111,24.01);
#111 = AXIS2_PLACEMENT_3D('',#112,#113,#114);
#112 = CARTESIAN_POINT('',(0.,0.,0.));
#113 = DIRECTION('',(0.,0.,1.));
#114 = DIRECTION('',(1.,0.,0.));
#115 = ORIENTED_EDGE('',*,*,#116,.F.);
#116 = EDGE_CURVE('',#117,#108,#119,.T.);
#117 = VERTEX_POINT('',#118);
#118 = CARTESIAN_POINT('',(22.56580906001,8.201485320791,-7.));
#119 = LINE('',#120,#121);
#120 = CARTESIAN_POINT('',(22.56580906001,8.201485320792,2.));
#121 = VECTOR('',#122,1.);
#122 = DIRECTION('',(0.,0.,1.));
#123 = ORIENTED_EDGE('',*,*,#124,.T.);
#124 = EDGE_CURVE('',#117,#125,#127,.T.);
#125 = VERTEX_POINT('',#126);
#126 = CARTESIAN_POINT('',(21.317435478711,11.047490421403,-7.));
#127 = CIRCLE('',#128,24.01);
#128 = AXIS2_PLACEMENT_3D('',#129,#130,#131);
#129 = CARTESIAN_POINT('',(0.,0.,-7.));
#130 = DIRECTION('',(0.,0.,1.));
#131 = DIRECTION('',(1.,0.,0.));
#132 = ORIENTED_EDGE('',*,*,#133,.T.);
#133 = EDGE_CURVE('',#125,#134,#136,.T.);
#134 = VERTEX_POINT('',#135);
#135 = CARTESIAN_POINT('',(21.317435478711,11.047490421403,0.));
#136 = LINE('',#137,#138);
#137 = CARTESIAN_POINT('',(21.317435478711,11.047490421403,2.));
#138 = VECTOR('',#139,1.);
#139 = DIRECTION('',(0.,0.,1.));
#140 = ORIENTED_EDGE('',*,*,#141,.T.);
#141 = EDGE_CURVE('',#134,#142,#144,.T.);
#142 = VERTEX_POINT('',#143);
#143 = CARTESIAN_POINT('',(20.908120720699,11.80383784744,0.));
#144 = CIRCLE('',#145,24.01);
#145 = AXIS2_PLACEMENT_3D('',#146,#147,#148);
#146 = CARTESIAN_POINT('',(0.,0.,0.));
#147 = DIRECTION('',(0.,0.,1.));
#148 = DIRECTION('',(1.,0.,0.));
#149 = ORIENTED_EDGE('',*,*,#150,.F.);
#150 = EDGE_CURVE('',#151,#142,#153,.T.);
#151 = VERTEX_POINT('',#152);
#152 = CARTESIAN_POINT('',(20.908120720699,11.803837847441,-7.));
#153 = LINE('',#154,#155);
#154 = CARTESIAN_POINT('',(20.908120720699,11.80383784744,2.));
#155 = VECTOR('',#156,1.);
#156 = DIRECTION('',(0.,0.,1.));
#157 = ORIENTED_EDGE('',*,*,#158,.T.);
#158 = EDGE_CURVE('',#151,#159,#161,.T.);
#159 = VERTEX_POINT('',#160);
#160 = CARTESIAN_POINT('',(19.208336284445,14.405551609837,-7.));
#161 = CIRCLE('',#162,24.01);
#162 = AXIS2_PLACEMENT_3D('',#163,#164,#165);
#163 = CARTESIAN_POINT('',(0.,0.,-7.));
#164 = DIRECTION('',(0.,0.,1.));
#165 = DIRECTION('',(1.,0.,0.));
#166 = ORIENTED_EDGE('',*,*,#167,.T.);
#167 = EDGE_CURVE('',#159,#168,#170,.T.);
#168 = VERTEX_POINT('',#169);
#169 = CARTESIAN_POINT('',(19.208336284444,14.405551609838,0.));
#170 = LINE('',#171,#172);
#171 = CARTESIAN_POINT('',(19.208336284444,14.405551609838,2.));
#172 = VECTOR('',#173,1.);
#173 = DIRECTION('',(0.,0.,1.));
#174 = ORIENTED_EDGE('',*,*,#175,.T.);
#175 = EDGE_CURVE('',#168,#176,#178,.T.);
#176 = VERTEX_POINT('',#177);
#177 = CARTESIAN_POINT('',(18.680113351531,15.084212447919,0.));
#178 = CIRCLE('',#179,24.01);
#179 = AXIS2_PLACEMENT_3D('',#180,#181,#182);
#180 = CARTESIAN_POINT('',(0.,0.,0.));
#181 = DIRECTION('',(0.,0.,1.));
#182 = DIRECTION('',(1.,0.,0.));
#183 = ORIENTED_EDGE('',*,*,#184,.F.);
#184 = EDGE_CURVE('',#185,#176,#187,.T.);
#185 = VERTEX_POINT('',#186);
#186 = CARTESIAN_POINT('',(18.680113351531,15.084212447919,-7.));
#187 = LINE('',#188,#189);
#188 = CARTESIAN_POINT('',(18.680113351531,15.084212447919,2.));
#189 = VECTOR('',#190,1.);
#190 = DIRECTION('',(0.,0.,1.));
#191 = ORIENTED_EDGE('',*,*,#192,.T.);
#192 = EDGE_CURVE('',#185,#193,#195,.T.);
#193 = VERTEX_POINT('',#194);
#194 = CARTESIAN_POINT('',(16.575283748733,17.370666902828,-7.));
#195 = CIRCLE('',#196,24.01);
#196 = AXIS2_PLACEMENT_3D('',#197,#198,#199);
#197 = CARTESIAN_POINT('',(0.,0.,-7.));
#198 = DIRECTION('',(0.,0.,1.));
#199 = DIRECTION('',(1.,0.,0.));
#200 = ORIENTED_EDGE('',*,*,#201,.T.);
#201 = EDGE_CURVE('',#193,#202,#204,.T.);
#202 = VERTEX_POINT('',#203);
#203 = CARTESIAN_POINT('',(16.575283748733,17.370666902828,0.));
#204 = LINE('',#205,#206);
#205 = CARTESIAN_POINT('',(16.575283748733,17.370666902828,2.));
#206 = VECTOR('',#207,1.);
#207 = DIRECTION('',(0.,0.,1.));
#208 = ORIENTED_EDGE('',*,*,#209,.T.);
#209 = EDGE_CURVE('',#202,#210,#212,.T.);
#210 = VERTEX_POINT('',#211);
#211 = CARTESIAN_POINT('',(15.942561185554,17.953129054426,0.));
#212 = CIRCLE('',#213,24.01);
#213 = AXIS2_PLACEMENT_3D('',#214,#215,#216);
#214 = CARTESIAN_POINT('',(0.,0.,0.));
#215 = DIRECTION('',(0.,0.,1.));
#216 = DIRECTION('',(1.,0.,0.));
#217 = ORIENTED_EDGE('',*,*,#218,.F.);
#218 = EDGE_CURVE('',#219,#210,#221,.T.);
#219 = VERTEX_POINT('',#220);
#220 = CARTESIAN_POINT('',(15.942561185554,17.953129054426,-7.));
#221 = LINE('',#222,#223);
#222 = CARTESIAN_POINT('',(15.942561185554,17.953129054426,2.));
#223 = VECTOR('',#224,1.);
#224 = DIRECTION('',(0.,0.,1.));
#225 = ORIENTED_EDGE('',*,*,#226,.T.);
#226 = EDGE_CURVE('',#219,#227,#229,.T.);
#227 = VERTEX_POINT('',#228);
#228 = CARTESIAN_POINT('',(13.490100680896,19.861955684657,-7.));
#229 = CIRCLE('',#230,24.01);
#230 = AXIS2_PLACEMENT_3D('',#231,#232,#233);
#231 = CARTESIAN_POINT('',(0.,0.,-7.));
#232 = DIRECTION('',(0.,0.,1.));
#233 = DIRECTION('',(1.,0.,0.));
#234 = ORIENTED_EDGE('',*,*,#235,.T.);
#235 = EDGE_CURVE('',#227,#236,#238,.T.);
#236 = VERTEX_POINT('',#237);
#237 = CARTESIAN_POINT('',(13.490100680896,19.861955684657,0.));
#238 = LINE('',#239,#240);
#239 = CARTESIAN_POINT('',(13.490100680896,19.861955684657,2.));
#240 = VECTOR('',#241,1.);
#241 = DIRECTION('',(0.,0.,1.));
#242 = ORIENTED_EDGE('',*,*,#243,.T.);
#243 = EDGE_CURVE('',#236,#244,#246,.T.);
#244 = VERTEX_POINT('',#245);
#245 = CARTESIAN_POINT('',(12.77013750959,20.332331100643,0.));
#246 = CIRCLE('',#247,24.01);
#247 = AXIS2_PLACEMENT_3D('',#248,#249,#250);
#248 = CARTESIAN_POINT('',(0.,0.,0.));
#249 = DIRECTION('',(0.,0.,1.));
#250 = DIRECTION('',(1.,0.,0.));
#251 = ORIENTED_EDGE('',*,*,#252,.F.);
#252 = EDGE_CURVE('',#253,#244,#255,.T.);
#253 = VERTEX_POINT('',#254);
#254 = CARTESIAN_POINT('',(12.77013750959,20.332331100643,-7.));
#255 = LINE('',#256,#257);
#256 = CARTESIAN_POINT('',(12.77013750959,20.332331100643,2.));
#257 = VECTOR('',#258,1.);
#258 = DIRECTION('',(0.,0.,1.));
#259 = ORIENTED_EDGE('',*,*,#260,.T.);
#260 = EDGE_CURVE('',#253,#261,#263,.T.);
#261 = VERTEX_POINT('',#262);
#262 = CARTESIAN_POINT('',(10.036942832553,21.811462091663,-7.));
#263 = CIRCLE('',#264,24.01);
#264 = AXIS2_PLACEMENT_3D('',#265,#266,#267);
#265 = CARTESIAN_POINT('',(0.,0.,-7.));
#266 = DIRECTION('',(0.,0.,1.));
#267 = DIRECTION('',(1.,0.,0.));
#268 = ORIENTED_EDGE('',*,*,#269,.T.);
#269 = EDGE_CURVE('',#261,#270,#272,.T.);
#270 = VERTEX_POINT('',#271);
#271 = CARTESIAN_POINT('',(10.036942832552,21.811462091664,0.));
#272 = LINE('',#273,#274);
#273 = CARTESIAN_POINT('',(10.036942832552,21.811462091664,2.));
#274 = VECTOR('',#275,1.);
#275 = DIRECTION('',(0.,0.,1.));
#276 = ORIENTED_EDGE('',*,*,#277,.T.);
#277 = EDGE_CURVE('',#270,#278,#280,.T.);
#278 = VERTEX_POINT('',#279);
#279 = CARTESIAN_POINT('',(9.249377771629,22.156920156865,0.));
#280 = CIRCLE('',#281,24.01);
#281 = AXIS2_PLACEMENT_3D('',#282,#283,#284);
#282 = CARTESIAN_POINT('',(0.,0.,0.));
#283 = DIRECTION('',(0.,0.,1.));
#284 = DIRECTION('',(1.,0.,0.));
#285 = ORIENTED_EDGE('',*,*,#286,.F.);
#286 = EDGE_CURVE('',#287,#278,#289,.T.);
#287 = VERTEX_POINT('',#288);
#288 = CARTESIAN_POINT('',(9.249377771629,22.156920156865,-7.));
#289 = LINE('',#290,#291);
#290 = CARTESIAN_POINT('',(9.249377771629,22.156920156865,2.));
#291 = VECTOR('',#292,1.);
#292 = DIRECTION('',(0.,0.,1.));
#293 = ORIENTED_EDGE('',*,*,#294,.T.);
#294 = EDGE_CURVE('',#287,#295,#297,.T.);
#295 = VERTEX_POINT('',#296);
#296 = CARTESIAN_POINT('',(6.310003348094,23.166008671047,-7.));
#297 = CIRCLE('',#298,24.01);
#298 = AXIS2_PLACEMENT_3D('',#299,#300,#301);
#299 = CARTESIAN_POINT('',(0.,0.,-7.));
#300 = DIRECTION('',(0.,0.,1.));
#301 = DIRECTION('',(1.,0.,0.));
#302 = ORIENTED_EDGE('',*,*,#303,.T.);
#303 = EDGE_CURVE('',#295,#304,#306,.T.);
#304 = VERTEX_POINT('',#305);
#305 = CARTESIAN_POINT('',(6.310003348094,23.166008671047,0.));
#306 = LINE('',#307,#308);
#307 = CARTESIAN_POINT('',(6.310003348094,23.166008671047,2.));
#308 = VECTOR('',#309,1.);
#309 = DIRECTION('',(0.,0.,1.));
#310 = ORIENTED_EDGE('',*,*,#311,.T.);
#311 = EDGE_CURVE('',#304,#312,#314,.T.);
#312 = VERTEX_POINT('',#313);
#313 = CARTESIAN_POINT('',(5.476319119386,23.377126189989,0.));
#314 = CIRCLE('',#315,24.01);
#315 = AXIS2_PLACEMENT_3D('',#316,#317,#318);
#316 = CARTESIAN_POINT('',(0.,0.,0.));
#317 = DIRECTION('',(0.,0.,1.));
#318 = DIRECTION('',(1.,0.,0.));
#319 = ORIENTED_EDGE('',*,*,#320,.F.);
#320 = EDGE_CURVE('',#321,#312,#323,.T.);
#321 = VERTEX_POINT('',#322);
#322 = CARTESIAN_POINT('',(5.476319119386,23.377126189989,-7.));
#323 = LINE('',#324,#325);
#324 = CARTESIAN_POINT('',(5.476319119386,23.377126189989,2.));
#325 = VECTOR('',#326,1.);
#326 = DIRECTION('',(0.,0.,1.));
#327 = ORIENTED_EDGE('',*,*,#328,.T.);
#328 = EDGE_CURVE('',#321,#329,#331,.T.);
#329 = VERTEX_POINT('',#330);
#330 = CARTESIAN_POINT('',(2.41094342125,23.888646923163,-7.));
#331 = CIRCLE('',#332,24.01);
#332 = AXIS2_PLACEMENT_3D('',#333,#334,#335);
#333 = CARTESIAN_POINT('',(0.,0.,-7.));
#334 = DIRECTION('',(0.,0.,1.));
#335 = DIRECTION('',(1.,0.,0.));
#336 = ORIENTED_EDGE('',*,*,#337,.T.);
#337 = EDGE_CURVE('',#329,#338,#340,.T.);
#338 = VERTEX_POINT('',#339);
#339 = CARTESIAN_POINT('',(2.41094342125,23.888646923163,0.));
#340 = LINE('',#341,#342);
#341 = CARTESIAN_POINT('',(2.41094342125,23.888646923163,2.));
#342 = VECTOR('',#343,1.);
#343 = DIRECTION('',(0.,0.,1.));
#344 = ORIENTED_EDGE('',*,*,#345,.T.);
#345 = EDGE_CURVE('',#338,#346,#348,.T.);
#346 = VERTEX_POINT('',#347);
#347 = CARTESIAN_POINT('',(1.553880757264,23.959665160269,0.));
#348 = CIRCLE('',#349,24.01);
#349 = AXIS2_PLACEMENT_3D('',#350,#351,#352);
#350 = CARTESIAN_POINT('',(0.,0.,0.));
#351 = DIRECTION('',(0.,0.,1.));
#352 = DIRECTION('',(1.,0.,0.));
#353 = ORIENTED_EDGE('',*,*,#354,.F.);
#354 = EDGE_CURVE('',#355,#346,#357,.T.);
#355 = VERTEX_POINT('',#356);
#356 = CARTESIAN_POINT('',(1.553880757264,23.959665160269,-7.));
#357 = LINE('',#358,#359);
#358 = CARTESIAN_POINT('',(1.553880757264,23.959665160269,2.));
#359 = VECTOR('',#360,1.);
#360 = DIRECTION('',(0.,0.,1.));
#361 = ORIENTED_EDGE('',*,*,#362,.T.);
#362 = EDGE_CURVE('',#355,#363,#365,.T.);
#363 = VERTEX_POINT('',#364);
#364 = CARTESIAN_POINT('',(-1.553880757264,23.959665160269,-7.));
#365 = CIRCLE('',#366,24.01);
#366 = AXIS2_PLACEMENT_3D('',#367,#368,#369);
#367 = CARTESIAN_POINT('',(0.,0.,-7.));
#368 = DIRECTION('',(0.,0.,1.));
#369 = DIRECTION('',(1.,0.,0.));
#370 = ORIENTED_EDGE('',*,*,#371,.T.);
#371 = EDGE_CURVE('',#363,#372,#374,.T.);
#372 = VERTEX_POINT('',#373);
#373 = CARTESIAN_POINT('',(-1.553880757264,23.959665160269,0.));
#374 = LINE('',#375,#376);
#375 = CARTESIAN_POINT('',(-1.553880757264,23.959665160269,2.));
#376 = VECTOR('',#377,1.);
#377 = DIRECTION('',(0.,0.,1.));
#378 = ORIENTED_EDGE('',*,*,#379,.T.);
#379 = EDGE_CURVE('',#372,#380,#382,.T.);
#380 = VERTEX_POINT('',#381);
#381 = CARTESIAN_POINT('',(-2.41094342125,23.888646923163,0.));
#382 = CIRCLE('',#383,24.01);
#383 = AXIS2_PLACEMENT_3D('',#384,#385,#386);
#384 = CARTESIAN_POINT('',(0.,0.,0.));
#385 = DIRECTION('',(0.,0.,1.));
#386 = DIRECTION('',(1.,0.,0.));
#387 = ORIENTED_EDGE('',*,*,#388,.F.);
#388 = EDGE_CURVE('',#389,#380,#391,.T.);
#389 = VERTEX_POINT('',#390);
#390 = CARTESIAN_POINT('',(-2.41094342125,23.888646923163,-7.));
#391 = LINE('',#392,#393);
#392 = CARTESIAN_POINT('',(-2.41094342125,23.888646923163,2.));
#393 = VECTOR('',#394,1.);
#394 = DIRECTION('',(0.,0.,1.));
#395 = ORIENTED_EDGE('',*,*,#396,.T.);
#396 = EDGE_CURVE('',#389,#397,#399,.T.);
#397 = VERTEX_POINT('',#398);
#398 = CARTESIAN_POINT('',(-5.476319119386,23.377126189989,-7.));
#399 = CIRCLE('',#400,24.01);
#400 = AXIS2_PLACEMENT_3D('',#401,#402,#403);
#401 = CARTESIAN_POINT('',(0.,0.,-7.));
#402 = DIRECTION('',(0.,0.,1.));
#403 = DIRECTION('',(1.,0.,0.));
#404 = ORIENTED_EDGE('',*,*,#405,.T.);
#405 = EDGE_CURVE('',#397,#406,#408,.T.);
#406 = VERTEX_POINT('',#407);
#407 = CARTESIAN_POINT('',(-5.476319119386,23.377126189989,0.));
#408 = LINE('',#409,#410);
#409 = CARTESIAN_POINT('',(-5.476319119386,23.377126189989,2.));
#410 = VECTOR('',#411,1.);
#411 = DIRECTION('',(0.,0.,1.));
#412 = ORIENTED_EDGE('',*,*,#413,.T.);
#413 = EDGE_CURVE('',#406,#414,#416,.T.);
#414 = VERTEX_POINT('',#415);
#415 = CARTESIAN_POINT('',(-6.310003348094,23.166008671047,0.));
#416 = CIRCLE('',#417,24.01);
#417 = AXIS2_PLACEMENT_3D('',#418,#419,#420);
#418 = CARTESIAN_POINT('',(0.,0.,0.));
#419 = DIRECTION('',(0.,0.,1.));
#420 = DIRECTION('',(1.,0.,0.));
#421 = ORIENTED_EDGE('',*,*,#422,.F.);
#422 = EDGE_CURVE('',#423,#414,#425,.T.);
#423 = VERTEX_POINT('',#424);
#424 = CARTESIAN_POINT('',(-6.310003348094,23.166008671047,-7.));
#425 = LINE('',#426,#427);
#426 = CARTESIAN_POINT('',(-6.310003348094,23.166008671047,2.));
#427 = VECTOR('',#428,1.);
#428 = DIRECTION('',(0.,0.,1.));
#429 = ORIENTED_EDGE('',*,*,#430,.T.);
#430 = EDGE_CURVE('',#423,#431,#433,.T.);
#431 = VERTEX_POINT('',#432);
#432 = CARTESIAN_POINT('',(-9.249377771629,22.156920156865,-7.));
#433 = CIRCLE('',#434,24.01);
#434 = AXIS2_PLACEMENT_3D('',#435,#436,#437);
#435 = CARTESIAN_POINT('',(0.,0.,-7.));
#436 = DIRECTION('',(0.,0.,1.));
#437 = DIRECTION('',(1.,0.,0.));
#438 = ORIENTED_EDGE('',*,*,#439,.T.);
#439 = EDGE_CURVE('',#431,#440,#442,.T.);
#440 = VERTEX_POINT('',#441);
#441 = CARTESIAN_POINT('',(-9.249377771629,22.156920156865,0.));
#442 = LINE('',#443,#444);
#443 = CARTESIAN_POINT('',(-9.249377771629,22.156920156865,2.));
#444 = VECTOR('',#445,1.);
#445 = DIRECTION('',(0.,0.,1.));
#446 = ORIENTED_EDGE('',*,*,#447,.T.);
#447 = EDGE_CURVE('',#440,#448,#450,.T.);
#448 = VERTEX_POINT('',#449);
#449 = CARTESIAN_POINT('',(-10.03694283255,21.811462091664,0.));
#450 = CIRCLE('',#451,24.01);
#451 = AXIS2_PLACEMENT_3D('',#452,#453,#454);
#452 = CARTESIAN_POINT('',(0.,0.,0.));
#453 = DIRECTION('',(0.,0.,1.));
#454 = DIRECTION('',(1.,0.,0.));
#455 = ORIENTED_EDGE('',*,*,#456,.F.);
#456 = EDGE_CURVE('',#457,#448,#459,.T.);
#457 = VERTEX_POINT('',#458);
#458 = CARTESIAN_POINT('',(-10.03694283255,21.811462091663,-7.));
#459 = LINE('',#460,#461);
#460 = CARTESIAN_POINT('',(-10.03694283255,21.811462091664,2.));
#461 = VECTOR('',#462,1.);
#462 = DIRECTION('',(0.,0.,1.));
#463 = ORIENTED_EDGE('',*,*,#464,.T.);
#464 = EDGE_CURVE('',#457,#465,#467,.T.);
#465 = VERTEX_POINT('',#466);
#466 = CARTESIAN_POINT('',(-12.77013750959,20.332331100643,-7.));
#467 = CIRCLE('',#468,24.01);
#468 = AXIS2_PLACEMENT_3D('',#469,#470,#471);
#469 = CARTESIAN_POINT('',(0.,0.,-7.));
#470 = DIRECTION('',(0.,0.,1.));
#471 = DIRECTION('',(1.,0.,0.));
#472 = ORIENTED_EDGE('',*,*,#473,.T.);
#473 = EDGE_CURVE('',#465,#474,#476,.T.);
#474 = VERTEX_POINT('',#475);
#475 = CARTESIAN_POINT('',(-12.77013750959,20.332331100643,0.));
#476 = LINE('',#477,#478);
#477 = CARTESIAN_POINT('',(-12.77013750959,20.332331100643,2.));
#478 = VECTOR('',#479,1.);
#479 = DIRECTION('',(0.,0.,1.));
#480 = ORIENTED_EDGE('',*,*,#481,.T.);
#481 = EDGE_CURVE('',#474,#482,#484,.T.);
#482 = VERTEX_POINT('',#483);
#483 = CARTESIAN_POINT('',(-13.49010068089,19.861955684657,0.));
#484 = CIRCLE('',#485,24.01);
#485 = AXIS2_PLACEMENT_3D('',#486,#487,#488);
#486 = CARTESIAN_POINT('',(0.,0.,0.));
#487 = DIRECTION('',(0.,0.,1.));
#488 = DIRECTION('',(1.,0.,0.));
#489 = ORIENTED_EDGE('',*,*,#490,.F.);
#490 = EDGE_CURVE('',#491,#482,#493,.T.);
#491 = VERTEX_POINT('',#492);
#492 = CARTESIAN_POINT('',(-13.49010068089,19.861955684657,-7.));
#493 = LINE('',#494,#495);
#494 = CARTESIAN_POINT('',(-13.49010068089,19.861955684657,2.));
#495 = VECTOR('',#496,1.);
#496 = DIRECTION('',(0.,0.,1.));
#497 = ORIENTED_EDGE('',*,*,#498,.T.);
#498 = EDGE_CURVE('',#491,#499,#501,.T.);
#499 = VERTEX_POINT('',#500);
#500 = CARTESIAN_POINT('',(-15.94256118555,17.953129054426,-7.));
#501 = CIRCLE('',#502,24.01);
#502 = AXIS2_PLACEMENT_3D('',#503,#504,#505);
#503 = CARTESIAN_POINT('',(0.,0.,-7.));
#504 = DIRECTION('',(0.,0.,1.));
#505 = DIRECTION('',(1.,0.,0.));
#506 = ORIENTED_EDGE('',*,*,#507,.T.);
#507 = EDGE_CURVE('',#499,#508,#510,.T.);
#508 = VERTEX_POINT('',#509);
#509 = CARTESIAN_POINT('',(-15.94256118555,17.953129054426,0.));
#510 = LINE('',#511,#512);
#511 = CARTESIAN_POINT('',(-15.94256118555,17.953129054426,2.));
#512 = VECTOR('',#513,1.);
#513 = DIRECTION('',(0.,0.,1.));
#514 = ORIENTED_EDGE('',*,*,#515,.T.);
#515 = EDGE_CURVE('',#508,#516,#518,.T.);
#516 = VERTEX_POINT('',#517);
#517 = CARTESIAN_POINT('',(-16.57528374873,17.370666902828,0.));
#518 = CIRCLE('',#519,24.01);
#519 = AXIS2_PLACEMENT_3D('',#520,#521,#522);
#520 = CARTESIAN_POINT('',(0.,0.,0.));
#521 = DIRECTION('',(0.,0.,1.));
#522 = DIRECTION('',(1.,0.,0.));
#523 = ORIENTED_EDGE('',*,*,#524,.F.);
#524 = EDGE_CURVE('',#525,#516,#527,.T.);
#525 = VERTEX_POINT('',#526);
#526 = CARTESIAN_POINT('',(-16.57528374873,17.370666902828,-7.));
#527 = LINE('',#528,#529);
#528 = CARTESIAN_POINT('',(-16.57528374873,17.370666902828,2.));
#529 = VECTOR('',#530,1.);
#530 = DIRECTION('',(0.,0.,1.));
#531 = ORIENTED_EDGE('',*,*,#532,.T.);
#532 = EDGE_CURVE('',#525,#533,#535,.T.);
#533 = VERTEX_POINT('',#534);
#534 = CARTESIAN_POINT('',(-18.68011335153,15.084212447919,-7.));
#535 = CIRCLE('',#536,24.01);
#536 = AXIS2_PLACEMENT_3D('',#537,#538,#539);
#537 = CARTESIAN_POINT('',(0.,0.,-7.));
#538 = DIRECTION('',(0.,0.,1.));
#539 = DIRECTION('',(1.,0.,0.));
#540 = ORIENTED_EDGE('',*,*,#541,.T.);
#541 = EDGE_CURVE('',#533,#542,#544,.T.);
#542 = VERTEX_POINT('',#543);
#543 = CARTESIAN_POINT('',(-18.68011335153,15.084212447919,0.));
#544 = LINE('',#545,#546);
#545 = CARTESIAN_POINT('',(-18.68011335153,15.084212447919,2.));
#546 = VECTOR('',#547,1.);
#547 = DIRECTION('',(0.,0.,1.));
#548 = ORIENTED_EDGE('',*,*,#549,.T.);
#549 = EDGE_CURVE('',#542,#550,#552,.T.);
#550 = VERTEX_POINT('',#551);
#551 = CARTESIAN_POINT('',(-19.20833628444,14.405551609838,0.));
#552 = CIRCLE('',#553,24.01);
#553 = AXIS2_PLACEMENT_3D('',#554,#555,#556);
#554 = CARTESIAN_POINT('',(0.,0.,0.));
#555 = DIRECTION('',(0.,0.,1.));
#556 = DIRECTION('',(1.,0.,0.));
#557 = ORIENTED_EDGE('',*,*,#558,.F.);
#558 = EDGE_CURVE('',#559,#550,#561,.T.);
#559 = VERTEX_POINT('',#560);
#560 = CARTESIAN_POINT('',(-19.20833628444,14.405551609837,-7.));
#561 = LINE('',#562,#563);
#562 = CARTESIAN_POINT('',(-19.20833628444,14.405551609838,2.));
#563 = VECTOR('',#564,1.);
#564 = DIRECTION('',(0.,0.,1.));
#565 = ORIENTED_EDGE('',*,*,#566,.T.);
#566 = EDGE_CURVE('',#559,#567,#569,.T.);
#567 = VERTEX_POINT('',#568);
#568 = CARTESIAN_POINT('',(-20.9081207207,11.80383784744,-7.));
#569 = CIRCLE('',#570,24.01);
#570 = AXIS2_PLACEMENT_3D('',#571,#572,#573);
#571 = CARTESIAN_POINT('',(0.,0.,-7.));
#572 = DIRECTION('',(0.,0.,1.));
#573 = DIRECTION('',(1.,0.,0.));
#574 = ORIENTED_EDGE('',*,*,#575,.T.);
#575 = EDGE_CURVE('',#567,#576,#578,.T.);
#576 = VERTEX_POINT('',#577);
#577 = CARTESIAN_POINT('',(-20.90812072069,11.80383784744,0.));
#578 = LINE('',#579,#580);
#579 = CARTESIAN_POINT('',(-20.90812072069,11.80383784744,2.));
#580 = VECTOR('',#581,1.);
#581 = DIRECTION('',(0.,0.,1.));
#582 = ORIENTED_EDGE('',*,*,#583,.T.);
#583 = EDGE_CURVE('',#576,#584,#586,.T.);
#584 = VERTEX_POINT('',#585);
#585 = CARTESIAN_POINT('',(-21.31743547871,11.047490421403,0.));
#586 = CIRCLE('',#587,24.01);
#587 = AXIS2_PLACEMENT_3D('',#588,#589,#590);
#588 = CARTESIAN_POINT('',(0.,0.,0.));
#589 = DIRECTION('',(0.,0.,1.));
#590 = DIRECTION('',(1.,0.,0.));
#591 = ORIENTED_EDGE('',*,*,#592,.F.);
#592 = EDGE_CURVE('',#593,#584,#595,.T.);
#593 = VERTEX_POINT('',#594);
#594 = CARTESIAN_POINT('',(-21.31743547871,11.047490421403,-7.));
#595 = LINE('',#596,#597);
#596 = CARTESIAN_POINT('',(-21.31743547871,11.047490421403,2.));
#597 = VECTOR('',#598,1.);
#598 = DIRECTION('',(0.,0.,1.));
#599 = ORIENTED_EDGE('',*,*,#600,.T.);
#600 = EDGE_CURVE('',#593,#601,#603,.T.);
#601 = VERTEX_POINT('',#602);
#602 = CARTESIAN_POINT('',(-22.56580906001,8.201485320793,-7.));
#603 = CIRCLE('',#604,24.01);
#604 = AXIS2_PLACEMENT_3D('',#605,#606,#607);
#605 = CARTESIAN_POINT('',(0.,0.,-7.));
#606 = DIRECTION('',(0.,0.,1.));
#607 = DIRECTION('',(1.,0.,0.));
#608 = ORIENTED_EDGE('',*,*,#609,.T.);
#609 = EDGE_CURVE('',#601,#610,#612,.T.);
#610 = VERTEX_POINT('',#611);
#611 = CARTESIAN_POINT('',(-22.56580906001,8.201485320792,0.));
#612 = LINE('',#613,#614);
#613 = CARTESIAN_POINT('',(-22.56580906001,8.201485320792,2.));
#614 = VECTOR('',#615,1.);
#615 = DIRECTION('',(0.,0.,1.));
#616 = ORIENTED_EDGE('',*,*,#617,.T.);
#617 = EDGE_CURVE('',#610,#618,#620,.T.);
#618 = VERTEX_POINT('',#619);
#619 = CARTESIAN_POINT('',(-22.84505060352,7.388082492929,0.));
#620 = CIRCLE('',#621,24.01);
#621 = AXIS2_PLACEMENT_3D('',#622,#623,#624);
#622 = CARTESIAN_POINT('',(0.,0.,0.));
#623 = DIRECTION('',(0.,0.,1.));
#624 = DIRECTION('',(1.,0.,0.));
#625 = ORIENTED_EDGE('',*,*,#626,.F.);
#626 = EDGE_CURVE('',#627,#618,#629,.T.);
#627 = VERTEX_POINT('',#628);
#628 = CARTESIAN_POINT('',(-22.84505060352,7.388082492929,-7.));
#629 = LINE('',#630,#631);
#630 = CARTESIAN_POINT('',(-22.84505060352,7.388082492929,2.));
#631 = VECTOR('',#632,1.);
#632 = DIRECTION('',(0.,0.,1.));
#633 = ORIENTED_EDGE('',*,*,#634,.T.);
#634 = EDGE_CURVE('',#627,#635,#637,.T.);
#635 = VERTEX_POINT('',#636);
#636 = CARTESIAN_POINT('',(-23.60796095283,4.375417654269,-7.));
#637 = CIRCLE('',#638,24.01);
#638 = AXIS2_PLACEMENT_3D('',#639,#640,#641);
#639 = CARTESIAN_POINT('',(0.,0.,-7.));
#640 = DIRECTION('',(0.,0.,1.));
#641 = DIRECTION('',(1.,0.,0.));
#642 = ORIENTED_EDGE('',*,*,#643,.T.);
#643 = EDGE_CURVE('',#635,#644,#646,.T.);
#644 = VERTEX_POINT('',#645);
#645 = CARTESIAN_POINT('',(-23.60796095283,4.375417654269,0.));
#646 = LINE('',#647,#648);
#647 = CARTESIAN_POINT('',(-23.60796095283,4.375417654269,2.));
#648 = VECTOR('',#649,1.);
#649 = DIRECTION('',(0.,0.,1.));
#650 = ORIENTED_EDGE('',*,*,#651,.T.);
#651 = EDGE_CURVE('',#644,#652,#654,.T.);
#652 = VERTEX_POINT('',#653);
#653 = CARTESIAN_POINT('',(-23.74951230047,3.527146933342,0.));
#654 = CIRCLE('',#655,24.01);
#655 = AXIS2_PLACEMENT_3D('',#656,#657,#658);
#656 = CARTESIAN_POINT('',(0.,0.,0.));
#657 = DIRECTION('',(0.,0.,1.));
#658 = DIRECTION('',(1.,0.,0.));
#659 = ORIENTED_EDGE('',*,*,#660,.F.);
#660 = EDGE_CURVE('',#661,#652,#663,.T.);
#661 = VERTEX_POINT('',#662);
#662 = CARTESIAN_POINT('',(-23.74951230047,3.527146933343,-7.));
#663 = LINE('',#664,#665);
#664 = CARTESIAN_POINT('',(-23.74951230047,3.527146933342,2.));
#665 = VECTOR('',#666,1.);
#666 = DIRECTION('',(0.,0.,1.));
#667 = ORIENTED_EDGE('',*,*,#668,.T.);
#668 = EDGE_CURVE('',#661,#669,#671,.T.);
#669 = VERTEX_POINT('',#670);
#670 = CARTESIAN_POINT('',(-24.00614921223,0.430000000001,-7.));
#671 = CIRCLE('',#672,24.01);
#672 = AXIS2_PLACEMENT_3D('',#673,#674,#675);
#673 = CARTESIAN_POINT('',(0.,0.,-7.));
#674 = DIRECTION('',(0.,0.,1.));
#675 = DIRECTION('',(1.,0.,0.));
#676 = ORIENTED_EDGE('',*,*,#677,.T.);
#677 = EDGE_CURVE('',#669,#678,#680,.T.);
#678 = VERTEX_POINT('',#679);
#679 = CARTESIAN_POINT('',(-24.00614921223,0.43,0.));
#680 = LINE('',#681,#682);
#681 = CARTESIAN_POINT('',(-24.00614921223,0.43,2.));
#682 = VECTOR('',#683,1.);
#683 = DIRECTION('',(0.,0.,1.));
#684 = ORIENTED_EDGE('',*,*,#685,.T.);
#685 = EDGE_CURVE('',#678,#686,#688,.T.);
#686 = VERTEX_POINT('',#687);
#687 = CARTESIAN_POINT('',(-24.00614921223,-0.43,0.));
#688 = CIRCLE('',#689,24.01);
#689 = AXIS2_PLACEMENT_3D('',#690,#691,#692);
#690 = CARTESIAN_POINT('',(0.,0.,0.));
#691 = DIRECTION('',(0.,0.,1.));
#692 = DIRECTION('',(1.,0.,0.));
#693 = ORIENTED_EDGE('',*,*,#694,.F.);
#694 = EDGE_CURVE('',#695,#686,#697,.T.);
#695 = VERTEX_POINT('',#696);
#696 = CARTESIAN_POINT('',(-24.00614921223,-0.430000000001,-7.));
#697 = LINE('',#698,#699);
#698 = CARTESIAN_POINT('',(-24.00614921223,-0.43,2.));
#699 = VECTOR('',#700,1.);
#700 = DIRECTION('',(0.,0.,1.));
#701 = ORIENTED_EDGE('',*,*,#702,.T.);
#702 = EDGE_CURVE('',#695,#703,#705,.T.);
#703 = VERTEX_POINT('',#704);
#704 = CARTESIAN_POINT('',(-23.74951230047,-3.527146933343,-7.));
#705 = CIRCLE('',#706,24.01);
#706 = AXIS2_PLACEMENT_3D('',#707,#708,#709);
#707 = CARTESIAN_POINT('',(0.,0.,-7.));
#708 = DIRECTION('',(0.,0.,1.));
#709 = DIRECTION('',(1.,0.,0.));
#710 = ORIENTED_EDGE('',*,*,#711,.T.);
#711 = EDGE_CURVE('',#703,#712,#714,.T.);
#712 = VERTEX_POINT('',#713);
#713 = CARTESIAN_POINT('',(-23.74951230047,-3.527146933343,0.));
#714 = LINE('',#715,#716);
#715 = CARTESIAN_POINT('',(-23.74951230047,-3.527146933343,2.));
#716 = VECTOR('',#717,1.);
#717 = DIRECTION('',(0.,0.,1.));
#718 = ORIENTED_EDGE('',*,*,#719,.T.);
#719 = EDGE_CURVE('',#712,#720,#722,.T.);
#720 = VERTEX_POINT('',#721);
#721 = CARTESIAN_POINT('',(-23.60796095283,-4.375417654269,0.));
#722 = CIRCLE('',#723,24.01);
#723 = AXIS2_PLACEMENT_3D('',#724,#725,#726);
#724 = CARTESIAN_POINT('',(0.,0.,0.));
#725 = DIRECTION('',(0.,0.,1.));
#726 = DIRECTION('',(1.,0.,0.));
#727 = ORIENTED_EDGE('',*,*,#728,.F.);
#728 = EDGE_CURVE('',#729,#720,#731,.T.);
#729 = VERTEX_POINT('',#730);
#730 = CARTESIAN_POINT('',(-23.60796095283,-4.375417654269,-7.));
#731 = LINE('',#732,#733);
#732 = CARTESIAN_POINT('',(-23.60796095283,-4.375417654269,2.));
#733 = VECTOR('',#734,1.);
#734 = DIRECTION('',(0.,0.,1.));
#735 = ORIENTED_EDGE('',*,*,#736,.T.);
#736 = EDGE_CURVE('',#729,#737,#739,.T.);
#737 = VERTEX_POINT('',#738);
#738 = CARTESIAN_POINT('',(-22.84505060352,-7.388082492929,-7.));
#739 = CIRCLE('',#740,24.01);
#740 = AXIS2_PLACEMENT_3D('',#741,#742,#743);
#741 = CARTESIAN_POINT('',(0.,0.,-7.));
#742 = DIRECTION('',(0.,0.,1.));
#743 = DIRECTION('',(1.,0.,0.));
#744 = ORIENTED_EDGE('',*,*,#745,.T.);
#745 = EDGE_CURVE('',#737,#746,#748,.T.);
#746 = VERTEX_POINT('',#747);
#747 = CARTESIAN_POINT('',(-22.84505060352,-7.388082492929,0.));
#748 = LINE('',#749,#750);
#749 = CARTESIAN_POINT('',(-22.84505060352,-7.388082492929,2.));
#750 = VECTOR('',#751,1.);
#751 = DIRECTION('',(0.,0.,1.));
#752 = ORIENTED_EDGE('',*,*,#753,.T.);
#753 = EDGE_CURVE('',#746,#754,#756,.T.);
#754 = VERTEX_POINT('',#755);
#755 = CARTESIAN_POINT('',(-22.56580906001,-8.201485320792,0.));
#756 = CIRCLE('',#757,24.01);
#757 = AXIS2_PLACEMENT_3D('',#758,#759,#760);
#758 = CARTESIAN_POINT('',(0.,0.,0.));
#759 = DIRECTION('',(0.,0.,1.));
#760 = DIRECTION('',(1.,0.,0.));
#761 = ORIENTED_EDGE('',*,*,#762,.F.);
#762 = EDGE_CURVE('',#763,#754,#765,.T.);
#763 = VERTEX_POINT('',#764);
#764 = CARTESIAN_POINT('',(-22.56580906001,-8.201485320793,-7.));
#765 = LINE('',#766,#767);
#766 = CARTESIAN_POINT('',(-22.56580906001,-8.201485320792,2.));
#767 = VECTOR('',#768,1.);
#768 = DIRECTION('',(0.,0.,1.));
#769 = ORIENTED_EDGE('',*,*,#770,.T.);
#770 = EDGE_CURVE('',#763,#771,#773,.T.);
#771 = VERTEX_POINT('',#772);
#772 = CARTESIAN_POINT('',(-21.31743547871,-11.0474904214,-7.));
#773 = CIRCLE('',#774,24.01);
#774 = AXIS2_PLACEMENT_3D('',#775,#776,#777);
#775 = CARTESIAN_POINT('',(0.,0.,-7.));
#776 = DIRECTION('',(0.,0.,1.));
#777 = DIRECTION('',(1.,0.,0.));
#778 = ORIENTED_EDGE('',*,*,#779,.T.);
#779 = EDGE_CURVE('',#771,#780,#782,.T.);
#780 = VERTEX_POINT('',#781);
#781 = CARTESIAN_POINT('',(-21.31743547871,-11.0474904214,0.));
#782 = LINE('',#783,#784);
#783 = CARTESIAN_POINT('',(-21.31743547871,-11.0474904214,2.));
#784 = VECTOR('',#785,1.);
#785 = DIRECTION('',(0.,0.,1.));
#786 = ORIENTED_EDGE('',*,*,#787,.T.);
#787 = EDGE_CURVE('',#780,#788,#790,.T.);
#788 = VERTEX_POINT('',#789);
#789 = CARTESIAN_POINT('',(-20.90812072069,-11.80383784744,0.));
#790 = CIRCLE('',#791,24.01);
#791 = AXIS2_PLACEMENT_3D('',#792,#793,#794);
#792 = CARTESIAN_POINT('',(0.,0.,0.));
#793 = DIRECTION('',(0.,0.,1.));
#794 = DIRECTION('',(1.,0.,0.));
#795 = ORIENTED_EDGE('',*,*,#796,.F.);
#796 = EDGE_CURVE('',#797,#788,#799,.T.);
#797 = VERTEX_POINT('',#798);
#798 = CARTESIAN_POINT('',(-20.9081207207,-11.80383784744,-7.));
#799 = LINE('',#800,#801);
#800 = CARTESIAN_POINT('',(-20.90812072069,-11.80383784744,2.));
#801 = VECTOR('',#802,1.);
#802 = DIRECTION('',(0.,0.,1.));
#803 = ORIENTED_EDGE('',*,*,#804,.T.);
#804 = EDGE_CURVE('',#797,#805,#807,.T.);
#805 = VERTEX_POINT('',#806);
#806 = CARTESIAN_POINT('',(-19.20833628444,-14.40555160983,-7.));
#807 = CIRCLE('',#808,24.01);
#808 = AXIS2_PLACEMENT_3D('',#809,#810,#811);
#809 = CARTESIAN_POINT('',(0.,0.,-7.));
#810 = DIRECTION('',(0.,0.,1.));
#811 = DIRECTION('',(1.,0.,0.));
#812 = ORIENTED_EDGE('',*,*,#813,.T.);
#813 = EDGE_CURVE('',#805,#814,#816,.T.);
#814 = VERTEX_POINT('',#815);
#815 = CARTESIAN_POINT('',(-19.20833628444,-14.40555160983,0.));
#816 = LINE('',#817,#818);
#817 = CARTESIAN_POINT('',(-19.20833628444,-14.40555160983,2.));
#818 = VECTOR('',#819,1.);
#819 = DIRECTION('',(0.,0.,1.));
#820 = ORIENTED_EDGE('',*,*,#821,.T.);
#821 = EDGE_CURVE('',#814,#822,#824,.T.);
#822 = VERTEX_POINT('',#823);
#823 = CARTESIAN_POINT('',(-18.68011335153,-15.08421244791,0.));
#824 = CIRCLE('',#825,24.01);
#825 = AXIS2_PLACEMENT_3D('',#826,#827,#828);
#826 = CARTESIAN_POINT('',(0.,0.,0.));
#827 = DIRECTION('',(0.,0.,1.));
#828 = DIRECTION('',(1.,0.,0.));
#829 = ORIENTED_EDGE('',*,*,#830,.F.);
#830 = EDGE_CURVE('',#831,#822,#833,.T.);
#831 = VERTEX_POINT('',#832);
#832 = CARTESIAN_POINT('',(-18.68011335153,-15.08421244791,-7.));
#833 = LINE('',#834,#835);
#834 = CARTESIAN_POINT('',(-18.68011335153,-15.08421244791,2.));
#835 = VECTOR('',#836,1.);
#836 = DIRECTION('',(0.,0.,1.));
#837 = ORIENTED_EDGE('',*,*,#838,.T.);
#838 = EDGE_CURVE('',#831,#839,#841,.T.);
#839 = VERTEX_POINT('',#840);
#840 = CARTESIAN_POINT('',(-16.57528374873,-17.37066690282,-7.));
#841 = CIRCLE('',#842,24.01);
#842 = AXIS2_PLACEMENT_3D('',#843,#844,#845);
#843 = CARTESIAN_POINT('',(0.,0.,-7.));
#844 = DIRECTION('',(0.,0.,1.));
#845 = DIRECTION('',(1.,0.,0.));
#846 = ORIENTED_EDGE('',*,*,#847,.T.);
#847 = EDGE_CURVE('',#839,#848,#850,.T.);
#848 = VERTEX_POINT('',#849);
#849 = CARTESIAN_POINT('',(-16.57528374873,-17.37066690282,0.));
#850 = LINE('',#851,#852);
#851 = CARTESIAN_POINT('',(-16.57528374873,-17.37066690282,2.));
#852 = VECTOR('',#853,1.);
#853 = DIRECTION('',(0.,0.,1.));
#854 = ORIENTED_EDGE('',*,*,#855,.T.);
#855 = EDGE_CURVE('',#848,#856,#858,.T.);
#856 = VERTEX_POINT('',#857);
#857 = CARTESIAN_POINT('',(-15.94256118555,-17.95312905442,0.));
#858 = CIRCLE('',#859,24.01);
#859 = AXIS2_PLACEMENT_3D('',#860,#861,#862);
#860 = CARTESIAN_POINT('',(0.,0.,0.));
#861 = DIRECTION('',(0.,0.,1.));
#862 = DIRECTION('',(1.,0.,0.));
#863 = ORIENTED_EDGE('',*,*,#864,.F.);
#864 = EDGE_CURVE('',#865,#856,#867,.T.);
#865 = VERTEX_POINT('',#866);
#866 = CARTESIAN_POINT('',(-15.94256118555,-17.95312905442,-7.));
#867 = LINE('',#868,#869);
#868 = CARTESIAN_POINT('',(-15.94256118555,-17.95312905442,2.));
#869 = VECTOR('',#870,1.);
#870 = DIRECTION('',(0.,0.,1.));
#871 = ORIENTED_EDGE('',*,*,#872,.T.);
#872 = EDGE_CURVE('',#865,#873,#875,.T.);
#873 = VERTEX_POINT('',#874);
#874 = CARTESIAN_POINT('',(-13.49010068089,-19.86195568465,-7.));
#875 = CIRCLE('',#876,24.01);
#876 = AXIS2_PLACEMENT_3D('',#877,#878,#879);
#877 = CARTESIAN_POINT('',(0.,0.,-7.));
#878 = DIRECTION('',(0.,0.,1.));
#879 = DIRECTION('',(1.,0.,0.));
#880 = ORIENTED_EDGE('',*,*,#881,.T.);
#881 = EDGE_CURVE('',#873,#882,#884,.T.);
#882 = VERTEX_POINT('',#883);
#883 = CARTESIAN_POINT('',(-13.49010068089,-19.86195568465,0.));
#884 = LINE('',#885,#886);
#885 = CARTESIAN_POINT('',(-13.49010068089,-19.86195568465,2.));
#886 = VECTOR('',#887,1.);
#887 = DIRECTION('',(0.,0.,1.));
#888 = ORIENTED_EDGE('',*,*,#889,.T.);
#889 = EDGE_CURVE('',#882,#890,#892,.T.);
#890 = VERTEX_POINT('',#891);
#891 = CARTESIAN_POINT('',(-12.77013750959,-20.33233110064,0.));
#892 = CIRCLE('',#893,24.01);
#893 = AXIS2_PLACEMENT_3D('',#894,#895,#896);
#894 = CARTESIAN_POINT('',(0.,0.,0.));
#895 = DIRECTION('',(0.,0.,1.));
#896 = DIRECTION('',(1.,0.,0.));
#897 = ORIENTED_EDGE('',*,*,#898,.F.);
#898 = EDGE_CURVE('',#899,#890,#901,.T.);
#899 = VERTEX_POINT('',#900);
#900 = CARTESIAN_POINT('',(-12.77013750959,-20.33233110064,-7.));
#901 = LINE('',#902,#903);
#902 = CARTESIAN_POINT('',(-12.77013750959,-20.33233110064,2.));
#903 = VECTOR('',#904,1.);
#904 = DIRECTION('',(0.,0.,1.));
#905 = ORIENTED_EDGE('',*,*,#906,.T.);
#906 = EDGE_CURVE('',#899,#907,#909,.T.);
#907 = VERTEX_POINT('',#908);
#908 = CARTESIAN_POINT('',(-10.03694283255,-21.81146209166,-7.));
#909 = CIRCLE('',#910,24.01);
#910 = AXIS2_PLACEMENT_3D('',#911,#912,#913);
#911 = CARTESIAN_POINT('',(0.,0.,-7.));
#912 = DIRECTION('',(0.,0.,1.));
#913 = DIRECTION('',(1.,0.,0.));
#914 = ORIENTED_EDGE('',*,*,#915,.T.);
#915 = EDGE_CURVE('',#907,#916,#918,.T.);
#916 = VERTEX_POINT('',#917);
#917 = CARTESIAN_POINT('',(-10.03694283255,-21.81146209166,0.));
#918 = LINE('',#919,#920);
#919 = CARTESIAN_POINT('',(-10.03694283255,-21.81146209166,2.));
#920 = VECTOR('',#921,1.);
#921 = DIRECTION('',(0.,0.,1.));
#922 = ORIENTED_EDGE('',*,*,#923,.T.);
#923 = EDGE_CURVE('',#916,#924,#926,.T.);
#924 = VERTEX_POINT('',#925);
#925 = CARTESIAN_POINT('',(-9.249377771629,-22.15692015686,0.));
#926 = CIRCLE('',#927,24.01);
#927 = AXIS2_PLACEMENT_3D('',#928,#929,#930);
#928 = CARTESIAN_POINT('',(0.,0.,0.));
#929 = DIRECTION('',(0.,0.,1.));
#930 = DIRECTION('',(1.,0.,0.));
#931 = ORIENTED_EDGE('',*,*,#932,.F.);
#932 = EDGE_CURVE('',#933,#924,#935,.T.);
#933 = VERTEX_POINT('',#934);
#934 = CARTESIAN_POINT('',(-9.249377771629,-22.15692015686,-7.));
#935 = LINE('',#936,#937);
#936 = CARTESIAN_POINT('',(-9.249377771629,-22.15692015686,2.));
#937 = VECTOR('',#938,1.);
#938 = DIRECTION('',(0.,0.,1.));
#939 = ORIENTED_EDGE('',*,*,#940,.T.);
#940 = EDGE_CURVE('',#933,#941,#943,.T.);
#941 = VERTEX_POINT('',#942);
#942 = CARTESIAN_POINT('',(-6.310003348094,-23.16600867104,-7.));
#943 = CIRCLE('',#944,24.01);
#944 = AXIS2_PLACEMENT_3D('',#945,#946,#947);
#945 = CARTESIAN_POINT('',(0.,0.,-7.));
#946 = DIRECTION('',(0.,0.,1.));
#947 = DIRECTION('',(1.,0.,0.));
#948 = ORIENTED_EDGE('',*,*,#949,.T.);
#949 = EDGE_CURVE('',#941,#950,#952,.T.);
#950 = VERTEX_POINT('',#951);
#951 = CARTESIAN_POINT('',(-6.310003348094,-23.16600867104,0.));
#952 = LINE('',#953,#954);
#953 = CARTESIAN_POINT('',(-6.310003348094,-23.16600867104,2.));
#954 = VECTOR('',#955,1.);
#955 = DIRECTION('',(0.,0.,1.));
#956 = ORIENTED_EDGE('',*,*,#957,.T.);
#957 = EDGE_CURVE('',#950,#958,#960,.T.);
#958 = VERTEX_POINT('',#959);
#959 = CARTESIAN_POINT('',(-5.476319119386,-23.37712618998,0.));
#960 = CIRCLE('',#961,24.01);
#961 = AXIS2_PLACEMENT_3D('',#962,#963,#964);
#962 = CARTESIAN_POINT('',(0.,0.,0.));
#963 = DIRECTION('',(0.,0.,1.));
#964 = DIRECTION('',(1.,0.,0.));
#965 = ORIENTED_EDGE('',*,*,#966,.F.);
#966 = EDGE_CURVE('',#967,#958,#969,.T.);
#967 = VERTEX_POINT('',#968);
#968 = CARTESIAN_POINT('',(-5.476319119386,-23.37712618998,-7.));
#969 = LINE('',#970,#971);
#970 = CARTESIAN_POINT('',(-5.476319119386,-23.37712618998,2.));
#971 = VECTOR('',#972,1.);
#972 = DIRECTION('',(0.,0.,1.));
#973 = ORIENTED_EDGE('',*,*,#974,.T.);
#974 = EDGE_CURVE('',#967,#975,#977,.T.);
#975 = VERTEX_POINT('',#976);
#976 = CARTESIAN_POINT('',(-2.41094342125,-23.88864692316,-7.));
#977 = CIRCLE('',#978,24.01);
#978 = AXIS2_PLACEMENT_3D('',#979,#980,#981);
#979 = CARTESIAN_POINT('',(0.,0.,-7.));
#980 = DIRECTION('',(0.,0.,1.));
#981 = DIRECTION('',(1.,0.,0.));
#982 = ORIENTED_EDGE('',*,*,#983,.T.);
#983 = EDGE_CURVE('',#975,#984,#986,.T.);
#984 = VERTEX_POINT('',#985);
#985 = CARTESIAN_POINT('',(-2.41094342125,-23.88864692316,0.));
#986 = LINE('',#987,#988);
#987 = CARTESIAN_POINT('',(-2.41094342125,-23.88864692316,2.));
#988 = VECTOR('',#989,1.);
#989 = DIRECTION('',(0.,0.,1.));
#990 = ORIENTED_EDGE('',*,*,#991,.T.);
#991 = EDGE_CURVE('',#984,#992,#994,.T.);
#992 = VERTEX_POINT('',#993);
#993 = CARTESIAN_POINT('',(-1.553880757264,-23.95966516026,0.));
#994 = CIRCLE('',#995,24.01);
#995 = AXIS2_PLACEMENT_3D('',#996,#997,#998);
#996 = CARTESIAN_POINT('',(0.,0.,0.));
#997 = DIRECTION('',(0.,0.,1.));
#998 = DIRECTION('',(1.,0.,0.));
#999 = ORIENTED_EDGE('',*,*,#1000,.F.);
#1000 = EDGE_CURVE('',#1001,#992,#1003,.T.);
#1001 = VERTEX_POINT('',#1002);
#1002 = CARTESIAN_POINT('',(-1.553880757264,-23.95966516026,-7.));
#1003 = LINE('',#1004,#1005);
#1004 = CARTESIAN_POINT('',(-1.553880757264,-23.95966516026,2.));
#1005 = VECTOR('',#1006,1.);
#1006 = DIRECTION('',(0.,0.,1.));
#1007 = ORIENTED_EDGE('',*,*,#1008,.T.);
#1008 = EDGE_CURVE('',#1001,#1009,#1011,.T.);
#1009 = VERTEX_POINT('',#1010);
#1010 = CARTESIAN_POINT('',(1.553880757264,-23.95966516026,-7.));
#1011 = CIRCLE('',#1012,24.01);
#1012 = AXIS2_PLACEMENT_3D('',#1013,#1014,#1015);
#1013 = CARTESIAN_POINT('',(0.,0.,-7.));
#1014 = DIRECTION('',(0.,0.,1.));
#1015 = DIRECTION('',(1.,0.,0.));
#1016 = ORIENTED_EDGE('',*,*,#1017,.T.);
#1017 = EDGE_CURVE('',#1009,#1018,#1020,.T.);
#1018 = VERTEX_POINT('',#1019);
#1019 = CARTESIAN_POINT('',(1.553880757264,-23.95966516026,0.));
#1020 = LINE('',#1021,#1022);
#1021 = CARTESIAN_POINT('',(1.553880757264,-23.95966516026,2.));
#1022 = VECTOR('',#1023,1.);
#1023 = DIRECTION('',(0.,0.,1.));
#1024 = ORIENTED_EDGE('',*,*,#1025,.T.);
#1025 = EDGE_CURVE('',#1018,#1026,#1028,.T.);
#1026 = VERTEX_POINT('',#1027);
#1027 = CARTESIAN_POINT('',(2.41094342125,-23.88864692316,0.));
#1028 = CIRCLE('',#1029,24.01);
#1029 = AXIS2_PLACEMENT_3D('',#1030,#1031,#1032);
#1030 = CARTESIAN_POINT('',(0.,0.,0.));
#1031 = DIRECTION('',(0.,0.,1.));
#1032 = DIRECTION('',(1.,0.,0.));
#1033 = ORIENTED_EDGE('',*,*,#1034,.F.);
#1034 = EDGE_CURVE('',#1035,#1026,#1037,.T.);
#1035 = VERTEX_POINT('',#1036);
#1036 = CARTESIAN_POINT('',(2.41094342125,-23.88864692316,-7.));
#1037 = LINE('',#1038,#1039);
#1038 = CARTESIAN_POINT('',(2.41094342125,-23.88864692316,2.));
#1039 = VECTOR('',#1040,1.);
#1040 = DIRECTION('',(0.,0.,1.));
#1041 = ORIENTED_EDGE('',*,*,#1042,.T.);
#1042 = EDGE_CURVE('',#1035,#1043,#1045,.T.);
#1043 = VERTEX_POINT('',#1044);
#1044 = CARTESIAN_POINT('',(5.476319119386,-23.37712618998,-7.));
#1045 = CIRCLE('',#1046,24.01);
#1046 = AXIS2_PLACEMENT_3D('',#1047,#1048,#1049);
#1047 = CARTESIAN_POINT('',(0.,0.,-7.));
#1048 = DIRECTION('',(0.,0.,1.));
#1049 = DIRECTION('',(1.,0.,0.));
#1050 = ORIENTED_EDGE('',*,*,#1051,.T.);
#1051 = EDGE_CURVE('',#1043,#1052,#1054,.T.);
#1052 = VERTEX_POINT('',#1053);
#1053 = CARTESIAN_POINT('',(5.476319119386,-23.37712618998,0.));
#1054 = LINE('',#1055,#1056);
#1055 = CARTESIAN_POINT('',(5.476319119386,-23.37712618998,2.));
#1056 = VECTOR('',#1057,1.);
#1057 = DIRECTION('',(0.,0.,1.));
#1058 = ORIENTED_EDGE('',*,*,#1059,.T.);
#1059 = EDGE_CURVE('',#1052,#1060,#1062,.T.);
#1060 = VERTEX_POINT('',#1061);
#1061 = CARTESIAN_POINT('',(6.310003348094,-23.16600867104,0.));
#1062 = CIRCLE('',#1063,24.01);
#1063 = AXIS2_PLACEMENT_3D('',#1064,#1065,#1066);
#1064 = CARTESIAN_POINT('',(0.,0.,0.));
#1065 = DIRECTION('',(0.,0.,1.));
#1066 = DIRECTION('',(1.,0.,0.));
#1067 = ORIENTED_EDGE('',*,*,#1068,.F.);
#1068 = EDGE_CURVE('',#1069,#1060,#1071,.T.);
#1069 = VERTEX_POINT('',#1070);
#1070 = CARTESIAN_POINT('',(6.310003348094,-23.16600867104,-7.));
#1071 = LINE('',#1072,#1073);
#1072 = CARTESIAN_POINT('',(6.310003348094,-23.16600867104,2.));
#1073 = VECTOR('',#1074,1.);
#1074 = DIRECTION('',(0.,0.,1.));
#1075 = ORIENTED_EDGE('',*,*,#1076,.T.);
#1076 = EDGE_CURVE('',#1069,#1077,#1079,.T.);
#1077 = VERTEX_POINT('',#1078);
#1078 = CARTESIAN_POINT('',(9.249377771629,-22.15692015686,-7.));
#1079 = CIRCLE('',#1080,24.01);
#1080 = AXIS2_PLACEMENT_3D('',#1081,#1082,#1083);
#1081 = CARTESIAN_POINT('',(0.,0.,-7.));
#1082 = DIRECTION('',(0.,0.,1.));
#1083 = DIRECTION('',(1.,0.,0.));
#1084 = ORIENTED_EDGE('',*,*,#1085,.T.);
#1085 = EDGE_CURVE('',#1077,#1086,#1088,.T.);
#1086 = VERTEX_POINT('',#1087);
#1087 = CARTESIAN_POINT('',(9.249377771629,-22.15692015686,0.));
#1088 = LINE('',#1089,#1090);
#1089 = CARTESIAN_POINT('',(9.249377771629,-22.15692015686,2.));
#1090 = VECTOR('',#1091,1.);
#1091 = DIRECTION('',(0.,0.,1.));
#1092 = ORIENTED_EDGE('',*,*,#1093,.T.);
#1093 = EDGE_CURVE('',#1086,#1094,#1096,.T.);
#1094 = VERTEX_POINT('',#1095);
#1095 = CARTESIAN_POINT('',(10.036942832552,-21.81146209166,0.));
#1096 = CIRCLE('',#1097,24.01);
#1097 = AXIS2_PLACEMENT_3D('',#1098,#1099,#1100);
#1098 = CARTESIAN_POINT('',(0.,0.,0.));
#1099 = DIRECTION('',(0.,0.,1.));
#1100 = DIRECTION('',(1.,0.,0.));
#1101 = ORIENTED_EDGE('',*,*,#1102,.F.);
#1102 = EDGE_CURVE('',#1103,#1094,#1105,.T.);
#1103 = VERTEX_POINT('',#1104);
#1104 = CARTESIAN_POINT('',(10.036942832553,-21.81146209166,-7.));
#1105 = LINE('',#1106,#1107);
#1106 = CARTESIAN_POINT('',(10.036942832552,-21.81146209166,2.));
#1107 = VECTOR('',#1108,1.);
#1108 = DIRECTION('',(0.,0.,1.));
#1109 = ORIENTED_EDGE('',*,*,#1110,.T.);
#1110 = EDGE_CURVE('',#1103,#1111,#1113,.T.);
#1111 = VERTEX_POINT('',#1112);
#1112 = CARTESIAN_POINT('',(12.77013750959,-20.33233110064,-7.));
#1113 = CIRCLE('',#1114,24.01);
#1114 = AXIS2_PLACEMENT_3D('',#1115,#1116,#1117);
#1115 = CARTESIAN_POINT('',(0.,0.,-7.));
#1116 = DIRECTION('',(0.,0.,1.));
#1117 = DIRECTION('',(1.,0.,0.));
#1118 = ORIENTED_EDGE('',*,*,#1119,.T.);
#1119 = EDGE_CURVE('',#1111,#1120,#1122,.T.);
#1120 = VERTEX_POINT('',#1121);
#1121 = CARTESIAN_POINT('',(12.77013750959,-20.33233110064,0.));
#1122 = LINE('',#1123,#1124);
#1123 = CARTESIAN_POINT('',(12.77013750959,-20.33233110064,2.));
#1124 = VECTOR('',#1125,1.);
#1125 = DIRECTION('',(0.,0.,1.));
#1126 = ORIENTED_EDGE('',*,*,#1127,.T.);
#1127 = EDGE_CURVE('',#1120,#1128,#1130,.T.);
#1128 = VERTEX_POINT('',#1129);
#1129 = CARTESIAN_POINT('',(13.490100680896,-19.86195568465,0.));
#1130 = CIRCLE('',#1131,24.01);
#1131 = AXIS2_PLACEMENT_3D('',#1132,#1133,#1134);
#1132 = CARTESIAN_POINT('',(0.,0.,0.));
#1133 = DIRECTION('',(0.,0.,1.));
#1134 = DIRECTION('',(1.,0.,0.));
#1135 = ORIENTED_EDGE('',*,*,#1136,.F.);
#1136 = EDGE_CURVE('',#1137,#1128,#1139,.T.);
#1137 = VERTEX_POINT('',#1138);
#1138 = CARTESIAN_POINT('',(13.490100680896,-19.86195568465,-7.));
#1139 = LINE('',#1140,#1141);
#1140 = CARTESIAN_POINT('',(13.490100680896,-19.86195568465,2.));
#1141 = VECTOR('',#1142,1.);
#1142 = DIRECTION('',(0.,0.,1.));
#1143 = ORIENTED_EDGE('',*,*,#1144,.T.);
#1144 = EDGE_CURVE('',#1137,#1145,#1147,.T.);
#1145 = VERTEX_POINT('',#1146);
#1146 = CARTESIAN_POINT('',(15.942561185554,-17.95312905442,-7.));
#1147 = CIRCLE('',#1148,24.01);
#1148 = AXIS2_PLACEMENT_3D('',#1149,#1150,#1151);
#1149 = CARTESIAN_POINT('',(0.,0.,-7.));
#1150 = DIRECTION('',(0.,0.,1.));
#1151 = DIRECTION('',(1.,0.,0.));
#1152 = ORIENTED_EDGE('',*,*,#1153,.T.);
#1153 = EDGE_CURVE('',#1145,#1154,#1156,.T.);
#1154 = VERTEX_POINT('',#1155);
#1155 = CARTESIAN_POINT('',(15.942561185554,-17.95312905442,0.));
#1156 = LINE('',#1157,#1158);
#1157 = CARTESIAN_POINT('',(15.942561185554,-17.95312905442,2.));
#1158 = VECTOR('',#1159,1.);
#1159 = DIRECTION('',(0.,0.,1.));
#1160 = ORIENTED_EDGE('',*,*,#1161,.T.);
#1161 = EDGE_CURVE('',#1154,#1162,#1164,.T.);
#1162 = VERTEX_POINT('',#1163);
#1163 = CARTESIAN_POINT('',(16.575283748733,-17.37066690282,0.));
#1164 = CIRCLE('',#1165,24.01);
#1165 = AXIS2_PLACEMENT_3D('',#1166,#1167,#1168);
#1166 = CARTESIAN_POINT('',(0.,0.,0.));
#1167 = DIRECTION('',(0.,0.,1.));
#1168 = DIRECTION('',(1.,0.,0.));
#1169 = ORIENTED_EDGE('',*,*,#1170,.F.);
#1170 = EDGE_CURVE('',#1171,#1162,#1173,.T.);
#1171 = VERTEX_POINT('',#1172);
#1172 = CARTESIAN_POINT('',(16.575283748733,-17.37066690282,-7.));
#1173 = LINE('',#1174,#1175);
#1174 = CARTESIAN_POINT('',(16.575283748733,-17.37066690282,2.));
#1175 = VECTOR('',#1176,1.);
#1176 = DIRECTION('',(0.,0.,1.));
#1177 = ORIENTED_EDGE('',*,*,#1178,.T.);
#1178 = EDGE_CURVE('',#1171,#1179,#1181,.T.);
#1179 = VERTEX_POINT('',#1180);
#1180 = CARTESIAN_POINT('',(18.680113351531,-15.08421244791,-7.));
#1181 = CIRCLE('',#1182,24.01);
#1182 = AXIS2_PLACEMENT_3D('',#1183,#1184,#1185);
#1183 = CARTESIAN_POINT('',(0.,0.,-7.));
#1184 = DIRECTION('',(0.,0.,1.));
#1185 = DIRECTION('',(1.,0.,0.));
#1186 = ORIENTED_EDGE('',*,*,#1187,.T.);
#1187 = EDGE_CURVE('',#1179,#1188,#1190,.T.);
#1188 = VERTEX_POINT('',#1189);
#1189 = CARTESIAN_POINT('',(18.680113351531,-15.08421244791,0.));
#1190 = LINE('',#1191,#1192);
#1191 = CARTESIAN_POINT('',(18.680113351531,-15.08421244791,2.));
#1192 = VECTOR('',#1193,1.);
#1193 = DIRECTION('',(0.,0.,1.));
#1194 = ORIENTED_EDGE('',*,*,#1195,.T.);
#1195 = EDGE_CURVE('',#1188,#1196,#1198,.T.);
#1196 = VERTEX_POINT('',#1197);
#1197 = CARTESIAN_POINT('',(19.208336284444,-14.40555160983,0.));
#1198 = CIRCLE('',#1199,24.01);
#1199 = AXIS2_PLACEMENT_3D('',#1200,#1201,#1202);
#1200 = CARTESIAN_POINT('',(0.,0.,0.));
#1201 = DIRECTION('',(0.,0.,1.));
#1202 = DIRECTION('',(1.,0.,0.));
#1203 = ORIENTED_EDGE('',*,*,#1204,.F.);
#1204 = EDGE_CURVE('',#1205,#1196,#1207,.T.);
#1205 = VERTEX_POINT('',#1206);
#1206 = CARTESIAN_POINT('',(19.208336284445,-14.40555160983,-7.));
#1207 = LINE('',#1208,#1209);
#1208 = CARTESIAN_POINT('',(19.208336284444,-14.40555160983,2.));
#1209 = VECTOR('',#1210,1.);
#1210 = DIRECTION('',(0.,0.,1.));
#1211 = ORIENTED_EDGE('',*,*,#1212,.T.);
#1212 = EDGE_CURVE('',#1205,#1213,#1215,.T.);
#1213 = VERTEX_POINT('',#1214);
#1214 = CARTESIAN_POINT('',(20.908120720699,-11.80383784744,-7.));
#1215 = CIRCLE('',#1216,24.01);
#1216 = AXIS2_PLACEMENT_3D('',#1217,#1218,#1219);
#1217 = CARTESIAN_POINT('',(0.,0.,-7.));
#1218 = DIRECTION('',(0.,0.,1.));
#1219 = DIRECTION('',(1.,0.,0.));
#1220 = ORIENTED_EDGE('',*,*,#1221,.T.);
#1221 = EDGE_CURVE('',#1213,#1222,#1224,.T.);
#1222 = VERTEX_POINT('',#1223);
#1223 = CARTESIAN_POINT('',(20.908120720699,-11.80383784744,0.));
#1224 = LINE('',#1225,#1226);
#1225 = CARTESIAN_POINT('',(20.908120720699,-11.80383784744,2.));
#1226 = VECTOR('',#1227,1.);
#1227 = DIRECTION('',(0.,0.,1.));
#1228 = ORIENTED_EDGE('',*,*,#1229,.T.);
#1229 = EDGE_CURVE('',#1222,#1230,#1232,.T.);
#1230 = VERTEX_POINT('',#1231);
#1231 = CARTESIAN_POINT('',(21.317435478711,-11.0474904214,0.));
#1232 = CIRCLE('',#1233,24.01);
#1233 = AXIS2_PLACEMENT_3D('',#1234,#1235,#1236);
#1234 = CARTESIAN_POINT('',(0.,0.,0.));
#1235 = DIRECTION('',(0.,0.,1.));
#1236 = DIRECTION('',(1.,0.,0.));
#1237 = ORIENTED_EDGE('',*,*,#1238,.F.);
#1238 = EDGE_CURVE('',#1239,#1230,#1241,.T.);
#1239 = VERTEX_POINT('',#1240);
#1240 = CARTESIAN_POINT('',(21.317435478711,-11.0474904214,-7.));
#1241 = LINE('',#1242,#1243);
#1242 = CARTESIAN_POINT('',(21.317435478711,-11.0474904214,2.));
#1243 = VECTOR('',#1244,1.);
#1244 = DIRECTION('',(0.,0.,1.));
#1245 = ORIENTED_EDGE('',*,*,#1246,.T.);
#1246 = EDGE_CURVE('',#1239,#1247,#1249,.T.);
#1247 = VERTEX_POINT('',#1248);
#1248 = CARTESIAN_POINT('',(22.56580906001,-8.201485320791,-7.));
#1249 = CIRCLE('',#1250,24.01);
#1250 = AXIS2_PLACEMENT_3D('',#1251,#1252,#1253);
#1251 = CARTESIAN_POINT('',(0.,0.,-7.));
#1252 = DIRECTION('',(0.,0.,1.));
#1253 = DIRECTION('',(1.,0.,0.));
#1254 = ORIENTED_EDGE('',*,*,#1255,.T.);
#1255 = EDGE_CURVE('',#1247,#1256,#1258,.T.);
#1256 = VERTEX_POINT('',#1257);
#1257 = CARTESIAN_POINT('',(22.56580906001,-8.201485320792,0.));
#1258 = LINE('',#1259,#1260);
#1259 = CARTESIAN_POINT('',(22.56580906001,-8.201485320792,2.));
#1260 = VECTOR('',#1261,1.);
#1261 = DIRECTION('',(0.,0.,1.));
#1262 = ORIENTED_EDGE('',*,*,#1263,.T.);
#1263 = EDGE_CURVE('',#1256,#1264,#1266,.T.);
#1264 = VERTEX_POINT('',#1265);
#1265 = CARTESIAN_POINT('',(22.845050603526,-7.388082492929,0.));
#1266 = CIRCLE('',#1267,24.01);
#1267 = AXIS2_PLACEMENT_3D('',#1268,#1269,#1270);
#1268 = CARTESIAN_POINT('',(0.,0.,0.));
#1269 = DIRECTION('',(0.,0.,1.));
#1270 = DIRECTION('',(1.,0.,0.));
#1271 = ORIENTED_EDGE('',*,*,#1272,.F.);
#1272 = EDGE_CURVE('',#1273,#1264,#1275,.T.);
#1273 = VERTEX_POINT('',#1274);
#1274 = CARTESIAN_POINT('',(22.845050603526,-7.388082492929,-7.));
#1275 = LINE('',#1276,#1277);
#1276 = CARTESIAN_POINT('',(22.845050603526,-7.388082492929,2.));
#1277 = VECTOR('',#1278,1.);
#1278 = DIRECTION('',(0.,0.,1.));
#1279 = ORIENTED_EDGE('',*,*,#1280,.T.);
#1280 = EDGE_CURVE('',#1273,#1281,#1283,.T.);
#1281 = VERTEX_POINT('',#1282);
#1282 = CARTESIAN_POINT('',(23.607960952838,-4.375417654268,-7.));
#1283 = CIRCLE('',#1284,24.01);
#1284 = AXIS2_PLACEMENT_3D('',#1285,#1286,#1287);
#1285 = CARTESIAN_POINT('',(0.,0.,-7.));
#1286 = DIRECTION('',(0.,0.,1.));
#1287 = DIRECTION('',(1.,0.,0.));
#1288 = ORIENTED_EDGE('',*,*,#1289,.T.);
#1289 = EDGE_CURVE('',#1281,#1290,#1292,.T.);
#1290 = VERTEX_POINT('',#1291);
#1291 = CARTESIAN_POINT('',(23.607960952838,-4.375417654269,0.));
#1292 = LINE('',#1293,#1294);
#1293 = CARTESIAN_POINT('',(23.607960952838,-4.375417654269,2.));
#1294 = VECTOR('',#1295,1.);
#1295 = DIRECTION('',(0.,0.,1.));
#1296 = ORIENTED_EDGE('',*,*,#1297,.T.);
#1297 = EDGE_CURVE('',#1290,#1298,#1300,.T.);
#1298 = VERTEX_POINT('',#1299);
#1299 = CARTESIAN_POINT('',(23.749512300479,-3.527146933343,0.));
#1300 = CIRCLE('',#1301,24.01);
#1301 = AXIS2_PLACEMENT_3D('',#1302,#1303,#1304);
#1302 = CARTESIAN_POINT('',(0.,0.,0.));
#1303 = DIRECTION('',(0.,0.,1.));
#1304 = DIRECTION('',(1.,0.,0.));
#1305 = ORIENTED_EDGE('',*,*,#1306,.F.);
#1306 = EDGE_CURVE('',#1307,#1298,#1309,.T.);
#1307 = VERTEX_POINT('',#1308);
#1308 = CARTESIAN_POINT('',(23.749512300479,-3.527146933343,-7.));
#1309 = LINE('',#1310,#1311);
#1310 = CARTESIAN_POINT('',(23.749512300479,-3.527146933343,2.));
#1311 = VECTOR('',#1312,1.);
#1312 = DIRECTION('',(0.,0.,1.));
#1313 = ORIENTED_EDGE('',*,*,#1314,.T.);
#1314 = EDGE_CURVE('',#1307,#1315,#1317,.T.);
#1315 = VERTEX_POINT('',#1316);
#1316 = CARTESIAN_POINT('',(24.006149212233,-0.429999999999,-7.));
#1317 = CIRCLE('',#1318,24.01);
#1318 = AXIS2_PLACEMENT_3D('',#1319,#1320,#1321);
#1319 = CARTESIAN_POINT('',(0.,0.,-7.));
#1320 = DIRECTION('',(0.,0.,1.));
#1321 = DIRECTION('',(1.,0.,0.));
#1322 = ORIENTED_EDGE('',*,*,#1323,.T.);
#1323 = EDGE_CURVE('',#1315,#1324,#1326,.T.);
#1324 = VERTEX_POINT('',#1325);
#1325 = CARTESIAN_POINT('',(24.006149212233,-0.43,0.));
#1326 = LINE('',#1327,#1328);
#1327 = CARTESIAN_POINT('',(24.006149212233,-0.43,2.));
#1328 = VECTOR('',#1329,1.);
#1329 = DIRECTION('',(0.,0.,1.));
#1330 = ORIENTED_EDGE('',*,*,#1331,.T.);
#1331 = EDGE_CURVE('',#1324,#24,#1332,.T.);
#1332 = CIRCLE('',#1333,24.01);
#1333 = AXIS2_PLACEMENT_3D('',#1334,#1335,#1336);
#1334 = CARTESIAN_POINT('',(0.,0.,0.));
#1335 = DIRECTION('',(0.,0.,1.));
#1336 = DIRECTION('',(1.,0.,0.));
#1337 = CYLINDRICAL_SURFACE('',#1338,24.01);
#1338 = AXIS2_PLACEMENT_3D('',#1339,#1340,#1341);
#1339 = CARTESIAN_POINT('',(0.,0.,2.));
#1340 = DIRECTION('',(0.,0.,1.));
#1341 = DIRECTION('',(1.,0.,0.));
#1342 = ADVANCED_FACE('',(#1343),#1379,.F.);
#1343 = FACE_BOUND('',#1344,.F.);
#1344 = EDGE_LOOP('',(#1345,#1353,#1362,#1371,#1377,#1378));
#1345 = ORIENTED_EDGE('',*,*,#1346,.F.);
#1346 = EDGE_CURVE('',#1347,#40,#1349,.T.);
#1347 = VERTEX_POINT('',#1348);
#1348 = CARTESIAN_POINT('',(20.005379276585,0.43,0.));
#1349 = LINE('',#1350,#1351);
#1350 = CARTESIAN_POINT('',(5.,0.43,0.));
#1351 = VECTOR('',#1352,1.);
#1352 = DIRECTION('',(1.,0.,0.));
#1353 = ORIENTED_EDGE('',*,*,#1354,.F.);
#1354 = EDGE_CURVE('',#1355,#1347,#1357,.T.);
#1355 = VERTEX_POINT('',#1356);
#1356 = CARTESIAN_POINT('',(20.01,0.,0.));
#1357 = CIRCLE('',#1358,20.01);
#1358 = AXIS2_PLACEMENT_3D('',#1359,#1360,#1361);
#1359 = CARTESIAN_POINT('',(0.,0.,0.));
#1360 = DIRECTION('',(0.,0.,1.));
#1361 = DIRECTION('',(1.,0.,0.));
#1362 = ORIENTED_EDGE('',*,*,#1363,.F.);
#1363 = EDGE_CURVE('',#1364,#1355,#1366,.T.);
#1364 = VERTEX_POINT('',#1365);
#1365 = CARTESIAN_POINT('',(20.005379276585,-0.43,0.));
#1366 = CIRCLE('',#1367,20.01);
#1367 = AXIS2_PLACEMENT_3D('',#1368,#1369,#1370);
#1368 = CARTESIAN_POINT('',(0.,0.,0.));
#1369 = DIRECTION('',(0.,0.,1.));
#1370 = DIRECTION('',(1.,0.,0.));
#1371 = ORIENTED_EDGE('',*,*,#1372,.F.);
#1372 = EDGE_CURVE('',#1324,#1364,#1373,.T.);
#1373 = LINE('',#1374,#1375);
#1374 = CARTESIAN_POINT('',(15.,-0.43,0.));
#1375 = VECTOR('',#1376,1.);
#1376 = DIRECTION('',(-1.,0.,0.));
#1377 = ORIENTED_EDGE('',*,*,#1331,.T.);
#1378 = ORIENTED_EDGE('',*,*,#39,.T.);
#1379 = PLANE('',#1380);
#1380 = AXIS2_PLACEMENT_3D('',#1381,#1382,#1383);
#1381 = CARTESIAN_POINT('',(-9.597474245049E-16,1.623166583418E-16,0.));
#1382 = DIRECTION('',(0.,0.,1.));
#1383 = DIRECTION('',(1.,0.,0.));
#1384 = ADVANCED_FACE('',(#1385),#1403,.F.);
#1385 = FACE_BOUND('',#1386,.F.);
#1386 = EDGE_LOOP('',(#1387,#1395,#1396,#1397));
#1387 = ORIENTED_EDGE('',*,*,#1388,.F.);
#1388 = EDGE_CURVE('',#1315,#1389,#1391,.T.);
#1389 = VERTEX_POINT('',#1390);
#1390 = CARTESIAN_POINT('',(20.005379276585,-0.43,-7.));
#1391 = LINE('',#1392,#1393);
#1392 = CARTESIAN_POINT('',(30.,-0.43,-7.));
#1393 = VECTOR('',#1394,1.);
#1394 = DIRECTION('',(-1.,0.,0.));
#1395 = ORIENTED_EDGE('',*,*,#1323,.T.);
#1396 = ORIENTED_EDGE('',*,*,#1372,.T.);
#1397 = ORIENTED_EDGE('',*,*,#1398,.F.);
#1398 = EDGE_CURVE('',#1389,#1364,#1399,.T.);
#1399 = LINE('',#1400,#1401);
#1400 = CARTESIAN_POINT('',(20.005379276585,-0.43,2.));
#1401 = VECTOR('',#1402,1.);
#1402 = DIRECTION('',(0.,0.,1.));
#1403 = PLANE('',#1404);
#1404 = AXIS2_PLACEMENT_3D('',#1405,#1406,#1407);
#1405 = CARTESIAN_POINT('',(30.,-0.43,-7.));
#1406 = DIRECTION('',(0.,-1.,0.));
#1407 = DIRECTION('',(-1.,0.,0.));
#1408 = ADVANCED_FACE('',(#1409),#1428,.F.);
#1409 = FACE_BOUND('',#1410,.F.);
#1410 = EDGE_LOOP('',(#1411,#1420,#1426,#1427));
#1411 = ORIENTED_EDGE('',*,*,#1412,.F.);
#1412 = EDGE_CURVE('',#1413,#1389,#1415,.T.);
#1413 = VERTEX_POINT('',#1414);
#1414 = CARTESIAN_POINT('',(19.803307652139,-2.868641844977,-7.));
#1415 = CIRCLE('',#1416,20.01);
#1416 = AXIS2_PLACEMENT_3D('',#1417,#1418,#1419);
#1417 = CARTESIAN_POINT('',(0.,0.,-7.));
#1418 = DIRECTION('',(0.,0.,1.));
#1419 = DIRECTION('',(1.,0.,0.));
#1420 = ORIENTED_EDGE('',*,*,#1421,.T.);
#1421 = EDGE_CURVE('',#1413,#1307,#1422,.T.);
#1422 = LINE('',#1423,#1424);
#1423 = CARTESIAN_POINT('',(9.934388707848,-1.221810542344,-7.));
#1424 = VECTOR('',#1425,1.);
#1425 = DIRECTION('',(0.986361303403,-0.164594590281,0.));
#1426 = ORIENTED_EDGE('',*,*,#1314,.T.);
#1427 = ORIENTED_EDGE('',*,*,#1388,.T.);
#1428 = PLANE('',#1429);
#1429 = AXIS2_PLACEMENT_3D('',#1430,#1431,#1432);
#1430 = CARTESIAN_POINT('',(-1.242562592039E-15,-3.713075123756E-16,-7.)
  );
#1431 = DIRECTION('',(0.,0.,1.));
#1432 = DIRECTION('',(1.,0.,0.));
#1433 = ADVANCED_FACE('',(#1434),#1452,.F.);
#1434 = FACE_BOUND('',#1435,.F.);
#1435 = EDGE_LOOP('',(#1436,#1437,#1445,#1451));
#1436 = ORIENTED_EDGE('',*,*,#1421,.F.);
#1437 = ORIENTED_EDGE('',*,*,#1438,.T.);
#1438 = EDGE_CURVE('',#1413,#1439,#1441,.T.);
#1439 = VERTEX_POINT('',#1440);
#1440 = CARTESIAN_POINT('',(19.803307652138,-2.868641844977,0.));
#1441 = LINE('',#1442,#1443);
#1442 = CARTESIAN_POINT('',(19.803307652139,-2.868641844977,2.));
#1443 = VECTOR('',#1444,1.);
#1444 = DIRECTION('',(0.,0.,1.));
#1445 = ORIENTED_EDGE('',*,*,#1446,.T.);
#1446 = EDGE_CURVE('',#1439,#1298,#1447,.T.);
#1447 = LINE('',#1448,#1449);
#1448 = CARTESIAN_POINT('',(5.002582190834,-0.39883759094,0.));
#1449 = VECTOR('',#1450,1.);
#1450 = DIRECTION('',(0.986361303403,-0.164594590281,0.));
#1451 = ORIENTED_EDGE('',*,*,#1306,.F.);
#1452 = PLANE('',#1453);
#1453 = AXIS2_PLACEMENT_3D('',#1454,#1455,#1456);
#1454 = CARTESIAN_POINT('',(9.934388707848,-1.221810542344,-7.));
#1455 = DIRECTION('',(0.164594590281,0.986361303403,0.));
#1456 = DIRECTION('',(0.986361303403,-0.164594590281,0.));
#1457 = ADVANCED_FACE('',(#1458),#1477,.F.);
#1458 = FACE_BOUND('',#1459,.F.);
#1459 = EDGE_LOOP('',(#1460,#1461,#1470,#1476));
#1460 = ORIENTED_EDGE('',*,*,#1446,.F.);
#1461 = ORIENTED_EDGE('',*,*,#1462,.F.);
#1462 = EDGE_CURVE('',#1463,#1439,#1465,.T.);
#1463 = VERTEX_POINT('',#1464);
#1464 = CARTESIAN_POINT('',(19.661756304497,-3.716912565903,0.));
#1465 = CIRCLE('',#1466,20.01);
#1466 = AXIS2_PLACEMENT_3D('',#1467,#1468,#1469);
#1467 = CARTESIAN_POINT('',(0.,0.,0.));
#1468 = DIRECTION('',(0.,0.,1.));
#1469 = DIRECTION('',(1.,0.,0.));
#1470 = ORIENTED_EDGE('',*,*,#1471,.F.);
#1471 = EDGE_CURVE('',#1290,#1463,#1472,.T.);
#1472 = LINE('',#1473,#1474);
#1473 = CARTESIAN_POINT('',(14.72464387722,-2.893054214674,0.));
#1474 = VECTOR('',#1475,1.);
#1475 = DIRECTION('',(-0.986361303403,0.164594590281,0.));
#1476 = ORIENTED_EDGE('',*,*,#1297,.T.);
#1477 = PLANE('',#1478);
#1478 = AXIS2_PLACEMENT_3D('',#1479,#1480,#1481);
#1479 = CARTESIAN_POINT('',(-9.199412766966E-16,3.180721047954E-16,0.));
#1480 = DIRECTION('',(0.,0.,1.));
#1481 = DIRECTION('',(0.986361303403,-0.164594590281,0.));
#1482 = ADVANCED_FACE('',(#1483),#1501,.F.);
#1483 = FACE_BOUND('',#1484,.F.);
#1484 = EDGE_LOOP('',(#1485,#1493,#1494,#1495));
#1485 = ORIENTED_EDGE('',*,*,#1486,.F.);
#1486 = EDGE_CURVE('',#1281,#1487,#1489,.T.);
#1487 = VERTEX_POINT('',#1488);
#1488 = CARTESIAN_POINT('',(19.661756304497,-3.716912565903,-7.));
#1489 = LINE('',#1490,#1491);
#1490 = CARTESIAN_POINT('',(29.520063428261,-5.361973068885,-7.));
#1491 = VECTOR('',#1492,1.);
#1492 = DIRECTION('',(-0.986361303403,0.164594590281,0.));
#1493 = ORIENTED_EDGE('',*,*,#1289,.T.);
#1494 = ORIENTED_EDGE('',*,*,#1471,.T.);
#1495 = ORIENTED_EDGE('',*,*,#1496,.F.);
#1496 = EDGE_CURVE('',#1487,#1463,#1497,.T.);
#1497 = LINE('',#1498,#1499);
#1498 = CARTESIAN_POINT('',(19.661756304497,-3.716912565903,2.));
#1499 = VECTOR('',#1500,1.);
#1500 = DIRECTION('',(0.,0.,1.));
#1501 = PLANE('',#1502);
#1502 = AXIS2_PLACEMENT_3D('',#1503,#1504,#1505);
#1503 = CARTESIAN_POINT('',(29.520063428261,-5.361973068885,-7.));
#1504 = DIRECTION('',(-0.164594590281,-0.986361303403,0.));
#1505 = DIRECTION('',(-0.986361303403,0.164594590281,0.));
#1506 = ADVANCED_FACE('',(#1507),#1526,.F.);
#1507 = FACE_BOUND('',#1508,.F.);
#1508 = EDGE_LOOP('',(#1509,#1518,#1524,#1525));
#1509 = ORIENTED_EDGE('',*,*,#1510,.F.);
#1510 = EDGE_CURVE('',#1511,#1487,#1513,.T.);
#1511 = VERTEX_POINT('',#1512);
#1512 = CARTESIAN_POINT('',(19.061053418312,-6.089034618414,-7.));
#1513 = CIRCLE('',#1514,20.01);
#1514 = AXIS2_PLACEMENT_3D('',#1515,#1516,#1517);
#1515 = CARTESIAN_POINT('',(0.,0.,-7.));
#1516 = DIRECTION('',(0.,0.,1.));
#1517 = DIRECTION('',(1.,0.,0.));
#1518 = ORIENTED_EDGE('',*,*,#1519,.T.);
#1519 = EDGE_CURVE('',#1511,#1273,#1520,.T.);
#1520 = LINE('',#1521,#1522);
#1521 = CARTESIAN_POINT('',(9.597793188764,-2.840293278116,-7.));
#1522 = VECTOR('',#1523,1.);
#1523 = DIRECTION('',(0.945817241701,-0.324699469205,0.));
#1524 = ORIENTED_EDGE('',*,*,#1280,.T.);
#1525 = ORIENTED_EDGE('',*,*,#1486,.T.);
#1526 = PLANE('',#1527);
#1527 = AXIS2_PLACEMENT_3D('',#1528,#1529,#1530);
#1528 = CARTESIAN_POINT('',(-1.242562592039E-15,-3.713075123756E-16,-7.)
  );
#1529 = DIRECTION('',(0.,0.,1.));
#1530 = DIRECTION('',(1.,0.,0.));
#1531 = ADVANCED_FACE('',(#1532),#1550,.F.);
#1532 = FACE_BOUND('',#1533,.F.);
#1533 = EDGE_LOOP('',(#1534,#1535,#1543,#1549));
#1534 = ORIENTED_EDGE('',*,*,#1519,.F.);
#1535 = ORIENTED_EDGE('',*,*,#1536,.T.);
#1536 = EDGE_CURVE('',#1511,#1537,#1539,.T.);
#1537 = VERTEX_POINT('',#1538);
#1538 = CARTESIAN_POINT('',(19.061053418312,-6.089034618414,0.));
#1539 = LINE('',#1540,#1541);
#1540 = CARTESIAN_POINT('',(19.061053418312,-6.089034618414,2.));
#1541 = VECTOR('',#1542,1.);
#1542 = DIRECTION('',(0.,0.,1.));
#1543 = ORIENTED_EDGE('',*,*,#1544,.T.);
#1544 = EDGE_CURVE('',#1537,#1264,#1545,.T.);
#1545 = LINE('',#1546,#1547);
#1546 = CARTESIAN_POINT('',(4.868706980261,-1.216795932092,0.));
#1547 = VECTOR('',#1548,1.);
#1548 = DIRECTION('',(0.945817241701,-0.324699469205,0.));
#1549 = ORIENTED_EDGE('',*,*,#1272,.F.);
#1550 = PLANE('',#1551);
#1551 = AXIS2_PLACEMENT_3D('',#1552,#1553,#1554);
#1552 = CARTESIAN_POINT('',(9.597793188764,-2.840293278116,-7.));
#1553 = DIRECTION('',(0.324699469205,0.945817241701,0.));
#1554 = DIRECTION('',(0.945817241701,-0.324699469205,0.));
#1555 = ADVANCED_FACE('',(#1556),#1575,.F.);
#1556 = FACE_BOUND('',#1557,.F.);
#1557 = EDGE_LOOP('',(#1558,#1559,#1568,#1574));
#1558 = ORIENTED_EDGE('',*,*,#1544,.F.);
#1559 = ORIENTED_EDGE('',*,*,#1560,.F.);
#1560 = EDGE_CURVE('',#1561,#1537,#1563,.T.);
#1561 = VERTEX_POINT('',#1562);
#1562 = CARTESIAN_POINT('',(18.781811874796,-6.902437446277,0.));
#1563 = CIRCLE('',#1564,20.01);
#1564 = AXIS2_PLACEMENT_3D('',#1565,#1566,#1567);
#1565 = CARTESIAN_POINT('',(0.,0.,0.));
#1566 = DIRECTION('',(0.,0.,1.));
#1567 = DIRECTION('',(1.,0.,0.));
#1568 = ORIENTED_EDGE('',*,*,#1569,.F.);
#1569 = EDGE_CURVE('',#1256,#1561,#1570,.T.);
#1570 = LINE('',#1571,#1572);
#1571 = CARTESIAN_POINT('',(14.047637853752,-5.277193452002,0.));
#1572 = VECTOR('',#1573,1.);
#1573 = DIRECTION('',(-0.945817241701,0.324699469205,0.));
#1574 = ORIENTED_EDGE('',*,*,#1263,.T.);
#1575 = PLANE('',#1576);
#1576 = AXIS2_PLACEMENT_3D('',#1577,#1578,#1579);
#1577 = CARTESIAN_POINT('',(-8.550415289679E-16,4.651513733823E-16,0.));
#1578 = DIRECTION('',(0.,0.,1.));
#1579 = DIRECTION('',(0.945817241701,-0.324699469205,0.));
#1580 = ADVANCED_FACE('',(#1581),#1599,.F.);
#1581 = FACE_BOUND('',#1582,.F.);
#1582 = EDGE_LOOP('',(#1583,#1591,#1592,#1593));
#1583 = ORIENTED_EDGE('',*,*,#1584,.F.);
#1584 = EDGE_CURVE('',#1247,#1585,#1587,.T.);
#1585 = VERTEX_POINT('',#1586);
#1586 = CARTESIAN_POINT('',(18.781811874796,-6.902437446276,-7.));
#1587 = LINE('',#1588,#1589);
#1588 = CARTESIAN_POINT('',(28.234896479261,-10.14768549007,-7.));
#1589 = VECTOR('',#1590,1.);
#1590 = DIRECTION('',(-0.945817241701,0.324699469205,0.));
#1591 = ORIENTED_EDGE('',*,*,#1255,.T.);
#1592 = ORIENTED_EDGE('',*,*,#1569,.T.);
#1593 = ORIENTED_EDGE('',*,*,#1594,.F.);
#1594 = EDGE_CURVE('',#1585,#1561,#1595,.T.);
#1595 = LINE('',#1596,#1597);
#1596 = CARTESIAN_POINT('',(18.781811874796,-6.902437446277,2.));
#1597 = VECTOR('',#1598,1.);
#1598 = DIRECTION('',(0.,0.,1.));
#1599 = PLANE('',#1600);
#1600 = AXIS2_PLACEMENT_3D('',#1601,#1602,#1603);
#1601 = CARTESIAN_POINT('',(28.234896479261,-10.14768549007,-7.));
#1602 = DIRECTION('',(-0.324699469205,-0.945817241701,0.));
#1603 = DIRECTION('',(-0.945817241701,0.324699469205,0.));
#1604 = ADVANCED_FACE('',(#1605),#1624,.F.);
#1605 = FACE_BOUND('',#1606,.F.);
#1606 = EDGE_LOOP('',(#1607,#1616,#1622,#1623));
#1607 = ORIENTED_EDGE('',*,*,#1608,.F.);
#1608 = EDGE_CURVE('',#1609,#1585,#1611,.T.);
#1609 = VERTEX_POINT('',#1610);
#1610 = CARTESIAN_POINT('',(17.798863335692,-9.14333440039,-7.));
#1611 = CIRCLE('',#1612,20.01);
#1612 = AXIS2_PLACEMENT_3D('',#1613,#1614,#1615);
#1613 = CARTESIAN_POINT('',(0.,0.,-7.));
#1614 = DIRECTION('',(0.,0.,1.));
#1615 = DIRECTION('',(1.,0.,0.));
#1616 = ORIENTED_EDGE('',*,*,#1617,.T.);
#1617 = EDGE_CURVE('',#1609,#1239,#1618,.T.);
#1618 = LINE('',#1619,#1620);
#1619 = CARTESIAN_POINT('',(8.999394891071,-4.381300217352,-7.));
#1620 = VECTOR('',#1621,1.);
#1621 = DIRECTION('',(0.879473751206,-0.475947393037,0.));
#1622 = ORIENTED_EDGE('',*,*,#1246,.T.);
#1623 = ORIENTED_EDGE('',*,*,#1584,.T.);
#1624 = PLANE('',#1625);
#1625 = AXIS2_PLACEMENT_3D('',#1626,#1627,#1628);
#1626 = CARTESIAN_POINT('',(-1.242562592039E-15,-3.713075123756E-16,-7.)
  );
#1627 = DIRECTION('',(0.,0.,1.));
#1628 = DIRECTION('',(1.,0.,0.));
#1629 = ADVANCED_FACE('',(#1630),#1648,.F.);
#1630 = FACE_BOUND('',#1631,.F.);
#1631 = EDGE_LOOP('',(#1632,#1633,#1641,#1647));
#1632 = ORIENTED_EDGE('',*,*,#1617,.F.);
#1633 = ORIENTED_EDGE('',*,*,#1634,.T.);
#1634 = EDGE_CURVE('',#1609,#1635,#1637,.T.);
#1635 = VERTEX_POINT('',#1636);
#1636 = CARTESIAN_POINT('',(17.798863335692,-9.14333440039,0.));
#1637 = LINE('',#1638,#1639);
#1638 = CARTESIAN_POINT('',(17.798863335692,-9.14333440039,2.));
#1639 = VECTOR('',#1640,1.);
#1640 = DIRECTION('',(0.,0.,1.));
#1641 = ORIENTED_EDGE('',*,*,#1642,.T.);
#1642 = EDGE_CURVE('',#1635,#1230,#1643,.T.);
#1643 = LINE('',#1644,#1645);
#1644 = CARTESIAN_POINT('',(4.602026135038,-2.001563252167,0.));
#1645 = VECTOR('',#1646,1.);
#1646 = DIRECTION('',(0.879473751206,-0.475947393037,0.));
#1647 = ORIENTED_EDGE('',*,*,#1238,.F.);
#1648 = PLANE('',#1649);
#1649 = AXIS2_PLACEMENT_3D('',#1650,#1651,#1652);
#1650 = CARTESIAN_POINT('',(8.999394891071,-4.381300217352,-7.));
#1651 = DIRECTION('',(0.475947393037,0.879473751206,0.));
#1652 = DIRECTION('',(0.879473751206,-0.475947393037,0.));
#1653 = ADVANCED_FACE('',(#1654),#1673,.F.);
#1654 = FACE_BOUND('',#1655,.F.);
#1655 = EDGE_LOOP('',(#1656,#1657,#1666,#1672));
#1656 = ORIENTED_EDGE('',*,*,#1642,.F.);
#1657 = ORIENTED_EDGE('',*,*,#1658,.F.);
#1658 = EDGE_CURVE('',#1659,#1635,#1661,.T.);
#1659 = VERTEX_POINT('',#1660);
#1660 = CARTESIAN_POINT('',(17.38954857768,-9.899681826427,0.));
#1661 = CIRCLE('',#1662,20.01);
#1662 = AXIS2_PLACEMENT_3D('',#1663,#1664,#1665);
#1663 = CARTESIAN_POINT('',(0.,0.,0.));
#1664 = DIRECTION('',(0.,0.,1.));
#1665 = DIRECTION('',(1.,0.,0.));
#1666 = ORIENTED_EDGE('',*,*,#1667,.F.);
#1667 = EDGE_CURVE('',#1222,#1659,#1668,.T.);
#1668 = LINE('',#1669,#1670);
#1669 = CARTESIAN_POINT('',(12.987448889091,-7.517384608575,0.));
#1670 = VECTOR('',#1671,1.);
#1671 = DIRECTION('',(-0.879473751206,0.475947393037,0.));
#1672 = ORIENTED_EDGE('',*,*,#1229,.T.);
#1673 = PLANE('',#1674);
#1674 = AXIS2_PLACEMENT_3D('',#1675,#1676,#1677);
#1675 = CARTESIAN_POINT('',(-7.668184772558E-16,5.995425250624E-16,0.));
#1676 = DIRECTION('',(0.,0.,1.));
#1677 = DIRECTION('',(0.879473751206,-0.475947393037,0.));
#1678 = ADVANCED_FACE('',(#1679),#1697,.F.);
#1679 = FACE_BOUND('',#1680,.F.);
#1680 = EDGE_LOOP('',(#1681,#1689,#1690,#1691));
#1681 = ORIENTED_EDGE('',*,*,#1682,.F.);
#1682 = EDGE_CURVE('',#1213,#1683,#1685,.T.);
#1683 = VERTEX_POINT('',#1684);
#1684 = CARTESIAN_POINT('',(17.389548577681,-9.899681826427,-7.));
#1685 = LINE('',#1686,#1687);
#1686 = CARTESIAN_POINT('',(26.179555157189,-14.65659550413,-7.));
#1687 = VECTOR('',#1688,1.);
#1688 = DIRECTION('',(-0.879473751206,0.475947393037,0.));
#1689 = ORIENTED_EDGE('',*,*,#1221,.T.);
#1690 = ORIENTED_EDGE('',*,*,#1667,.T.);
#1691 = ORIENTED_EDGE('',*,*,#1692,.F.);
#1692 = EDGE_CURVE('',#1683,#1659,#1693,.T.);
#1693 = LINE('',#1694,#1695);
#1694 = CARTESIAN_POINT('',(17.38954857768,-9.899681826427,2.));
#1695 = VECTOR('',#1696,1.);
#1696 = DIRECTION('',(0.,0.,1.));
#1697 = PLANE('',#1698);
#1698 = AXIS2_PLACEMENT_3D('',#1699,#1700,#1701);
#1699 = CARTESIAN_POINT('',(26.179555157189,-14.65659550413,-7.));
#1700 = DIRECTION('',(-0.475947393037,-0.879473751206,0.));
#1701 = DIRECTION('',(-0.879473751206,0.475947393037,0.));
#1702 = ADVANCED_FACE('',(#1703),#1722,.F.);
#1703 = FACE_BOUND('',#1704,.F.);
#1704 = EDGE_LOOP('',(#1705,#1714,#1720,#1721));
#1705 = ORIENTED_EDGE('',*,*,#1706,.F.);
#1706 = EDGE_CURVE('',#1707,#1683,#1709,.T.);
#1707 = VERTEX_POINT('',#1708);
#1708 = CARTESIAN_POINT('',(16.051166659449,-11.94822785481,-7.));
#1709 = CIRCLE('',#1710,20.01);
#1710 = AXIS2_PLACEMENT_3D('',#1711,#1712,#1713);
#1711 = CARTESIAN_POINT('',(0.,0.,-7.));
#1712 = DIRECTION('',(0.,0.,1.));
#1713 = DIRECTION('',(1.,0.,0.));
#1714 = ORIENTED_EDGE('',*,*,#1715,.T.);
#1715 = EDGE_CURVE('',#1707,#1205,#1716,.T.);
#1716 = LINE('',#1717,#1718);
#1717 = CARTESIAN_POINT('',(8.15551656042,-5.802796707856,-7.));
#1718 = VECTOR('',#1719,1.);
#1719 = DIRECTION('',(0.789140509396,-0.61421271269,0.));
#1720 = ORIENTED_EDGE('',*,*,#1212,.T.);
#1721 = ORIENTED_EDGE('',*,*,#1682,.T.);
#1722 = PLANE('',#1723);
#1723 = AXIS2_PLACEMENT_3D('',#1724,#1725,#1726);
#1724 = CARTESIAN_POINT('',(-1.242562592039E-15,-3.713075123756E-16,-7.)
  );
#1725 = DIRECTION('',(0.,0.,1.));
#1726 = DIRECTION('',(1.,0.,0.));
#1727 = ADVANCED_FACE('',(#1728),#1746,.F.);
#1728 = FACE_BOUND('',#1729,.F.);
#1729 = EDGE_LOOP('',(#1730,#1731,#1739,#1745));
#1730 = ORIENTED_EDGE('',*,*,#1715,.F.);
#1731 = ORIENTED_EDGE('',*,*,#1732,.T.);
#1732 = EDGE_CURVE('',#1707,#1733,#1735,.T.);
#1733 = VERTEX_POINT('',#1734);
#1734 = CARTESIAN_POINT('',(16.051166659449,-11.94822785481,0.));
#1735 = LINE('',#1736,#1737);
#1736 = CARTESIAN_POINT('',(16.051166659449,-11.94822785481,2.));
#1737 = VECTOR('',#1738,1.);
#1738 = DIRECTION('',(0.,0.,1.));
#1739 = ORIENTED_EDGE('',*,*,#1740,.T.);
#1740 = EDGE_CURVE('',#1733,#1196,#1741,.T.);
#1741 = LINE('',#1742,#1743);
#1742 = CARTESIAN_POINT('',(4.209814013439,-2.731733144408,0.));
#1743 = VECTOR('',#1744,1.);
#1744 = DIRECTION('',(0.789140509396,-0.61421271269,0.));
#1745 = ORIENTED_EDGE('',*,*,#1204,.F.);
#1746 = PLANE('',#1747);
#1747 = AXIS2_PLACEMENT_3D('',#1748,#1749,#1750);
#1748 = CARTESIAN_POINT('',(8.15551656042,-5.802796707856,-7.));
#1749 = DIRECTION('',(0.61421271269,0.789140509396,0.));
#1750 = DIRECTION('',(0.789140509396,-0.61421271269,0.));
#1751 = ADVANCED_FACE('',(#1752),#1771,.F.);
#1752 = FACE_BOUND('',#1753,.F.);
#1753 = EDGE_LOOP('',(#1754,#1755,#1764,#1770));
#1754 = ORIENTED_EDGE('',*,*,#1740,.F.);
#1755 = ORIENTED_EDGE('',*,*,#1756,.F.);
#1756 = EDGE_CURVE('',#1757,#1733,#1759,.T.);
#1757 = VERTEX_POINT('',#1758);
#1758 = CARTESIAN_POINT('',(15.522943726535,-12.62688869289,0.));
#1759 = CIRCLE('',#1760,20.01);
#1760 = AXIS2_PLACEMENT_3D('',#1761,#1762,#1763);
#1761 = CARTESIAN_POINT('',(0.,0.,0.));
#1762 = DIRECTION('',(0.,0.,1.));
#1763 = DIRECTION('',(1.,0.,0.));
#1764 = ORIENTED_EDGE('',*,*,#1765,.F.);
#1765 = EDGE_CURVE('',#1188,#1757,#1766,.T.);
#1766 = LINE('',#1767,#1768);
#1767 = CARTESIAN_POINT('',(11.572996174489,-9.552521109385,0.));
#1768 = VECTOR('',#1769,1.);
#1769 = DIRECTION('',(-0.789140509396,0.61421271269,0.));
#1770 = ORIENTED_EDGE('',*,*,#1195,.T.);
#1771 = PLANE('',#1772);
#1772 = AXIS2_PLACEMENT_3D('',#1773,#1774,#1775);
#1773 = CARTESIAN_POINT('',(-6.576786164308E-16,7.175797195495E-16,0.));
#1774 = DIRECTION('',(0.,0.,1.));
#1775 = DIRECTION('',(0.789140509396,-0.61421271269,0.));
#1776 = ADVANCED_FACE('',(#1777),#1795,.F.);
#1777 = FACE_BOUND('',#1778,.F.);
#1778 = EDGE_LOOP('',(#1779,#1787,#1788,#1789));
#1779 = ORIENTED_EDGE('',*,*,#1780,.F.);
#1780 = EDGE_CURVE('',#1179,#1781,#1783,.T.);
#1781 = VERTEX_POINT('',#1782);
#1782 = CARTESIAN_POINT('',(15.522943726536,-12.62688869289,-7.));
#1783 = LINE('',#1784,#1785);
#1784 = CARTESIAN_POINT('',(23.410103815435,-18.76571179973,-7.));
#1785 = VECTOR('',#1786,1.);
#1786 = DIRECTION('',(-0.789140509396,0.61421271269,0.));
#1787 = ORIENTED_EDGE('',*,*,#1187,.T.);
#1788 = ORIENTED_EDGE('',*,*,#1765,.T.);
#1789 = ORIENTED_EDGE('',*,*,#1790,.F.);
#1790 = EDGE_CURVE('',#1781,#1757,#1791,.T.);
#1791 = LINE('',#1792,#1793);
#1792 = CARTESIAN_POINT('',(15.522943726535,-12.62688869289,2.));
#1793 = VECTOR('',#1794,1.);
#1794 = DIRECTION('',(0.,0.,1.));
#1795 = PLANE('',#1796);
#1796 = AXIS2_PLACEMENT_3D('',#1797,#1798,#1799);
#1797 = CARTESIAN_POINT('',(23.410103815435,-18.76571179973,-7.));
#1798 = DIRECTION('',(-0.61421271269,-0.789140509396,0.));
#1799 = DIRECTION('',(-0.789140509396,0.61421271269,0.));
#1800 = ADVANCED_FACE('',(#1801),#1820,.F.);
#1801 = FACE_BOUND('',#1802,.F.);
#1802 = EDGE_LOOP('',(#1803,#1812,#1818,#1819));
#1803 = ORIENTED_EDGE('',*,*,#1804,.F.);
#1804 = EDGE_CURVE('',#1805,#1781,#1807,.T.);
#1805 = VERTEX_POINT('',#1806);
#1806 = CARTESIAN_POINT('',(13.865635999004,-14.42720480006,-7.));
#1807 = CIRCLE('',#1808,20.01);
#1808 = AXIS2_PLACEMENT_3D('',#1809,#1810,#1811);
#1809 = CARTESIAN_POINT('',(0.,0.,-7.));
#1810 = DIRECTION('',(0.,0.,1.));
#1811 = DIRECTION('',(1.,0.,0.));
#1812 = ORIENTED_EDGE('',*,*,#1813,.T.);
#1813 = EDGE_CURVE('',#1805,#1171,#1814,.T.);
#1814 = LINE('',#1815,#1816);
#1815 = CARTESIAN_POINT('',(7.089176997847,-7.066008030932,-7.));
#1816 = VECTOR('',#1817,1.);
#1817 = DIRECTION('',(0.677281571626,-0.735723910673,0.));
#1818 = ORIENTED_EDGE('',*,*,#1178,.T.);
#1819 = ORIENTED_EDGE('',*,*,#1780,.T.);
#1820 = PLANE('',#1821);
#1821 = AXIS2_PLACEMENT_3D('',#1822,#1823,#1824);
#1822 = CARTESIAN_POINT('',(-1.242562592039E-15,-3.713075123756E-16,-7.)
  );
#1823 = DIRECTION('',(0.,0.,1.));
#1824 = DIRECTION('',(1.,0.,0.));
#1825 = ADVANCED_FACE('',(#1826),#1844,.F.);
#1826 = FACE_BOUND('',#1827,.F.);
#1827 = EDGE_LOOP('',(#1828,#1829,#1837,#1843));
#1828 = ORIENTED_EDGE('',*,*,#1813,.F.);
#1829 = ORIENTED_EDGE('',*,*,#1830,.T.);
#1830 = EDGE_CURVE('',#1805,#1831,#1833,.T.);
#1831 = VERTEX_POINT('',#1832);
#1832 = CARTESIAN_POINT('',(13.865635999004,-14.42720480006,0.));
#1833 = LINE('',#1834,#1835);
#1834 = CARTESIAN_POINT('',(13.865635999004,-14.42720480006,2.));
#1835 = VECTOR('',#1836,1.);
#1836 = DIRECTION('',(0.,0.,1.));
#1837 = ORIENTED_EDGE('',*,*,#1838,.T.);
#1838 = EDGE_CURVE('',#1831,#1162,#1839,.T.);
#1839 = LINE('',#1840,#1841);
#1840 = CARTESIAN_POINT('',(3.702769139718,-3.387388477567,0.));
#1841 = VECTOR('',#1842,1.);
#1842 = DIRECTION('',(0.677281571626,-0.735723910673,0.));
#1843 = ORIENTED_EDGE('',*,*,#1170,.F.);
#1844 = PLANE('',#1845);
#1845 = AXIS2_PLACEMENT_3D('',#1846,#1847,#1848);
#1846 = CARTESIAN_POINT('',(7.089176997847,-7.066008030932,-7.));
#1847 = DIRECTION('',(0.735723910673,0.677281571626,0.));
#1848 = DIRECTION('',(0.677281571626,-0.735723910673,0.));
#1849 = ADVANCED_FACE('',(#1850),#1869,.F.);
#1850 = FACE_BOUND('',#1851,.F.);
#1851 = EDGE_LOOP('',(#1852,#1853,#1862,#1868));
#1852 = ORIENTED_EDGE('',*,*,#1838,.F.);
#1853 = ORIENTED_EDGE('',*,*,#1854,.F.);
#1854 = EDGE_CURVE('',#1855,#1831,#1857,.T.);
#1855 = VERTEX_POINT('',#1856);
#1856 = CARTESIAN_POINT('',(13.232913435825,-15.00966695166,0.));
#1857 = CIRCLE('',#1858,20.01);
#1858 = AXIS2_PLACEMENT_3D('',#1859,#1860,#1861);
#1859 = CARTESIAN_POINT('',(0.,0.,0.));
#1860 = DIRECTION('',(0.,0.,1.));
#1861 = DIRECTION('',(1.,0.,0.));
#1862 = ORIENTED_EDGE('',*,*,#1863,.F.);
#1863 = EDGE_CURVE('',#1154,#1855,#1864,.T.);
#1864 = LINE('',#1865,#1866);
#1865 = CARTESIAN_POINT('',(9.842862292797,-11.32708973589,0.));
#1866 = VECTOR('',#1867,1.);
#1867 = DIRECTION('',(-0.677281571626,0.735723910673,0.));
#1868 = ORIENTED_EDGE('',*,*,#1161,.T.);
#1869 = PLANE('',#1870);
#1870 = AXIS2_PLACEMENT_3D('',#1871,#1872,#1873);
#1871 = CARTESIAN_POINT('',(-5.305989973898E-16,8.16043209878E-16,0.));
#1872 = DIRECTION('',(0.,0.,1.));
#1873 = DIRECTION('',(0.677281571626,-0.735723910673,0.));
#1874 = ADVANCED_FACE('',(#1875),#1893,.F.);
#1875 = FACE_BOUND('',#1876,.F.);
#1876 = EDGE_LOOP('',(#1877,#1885,#1886,#1887));
#1877 = ORIENTED_EDGE('',*,*,#1878,.F.);
#1878 = EDGE_CURVE('',#1145,#1879,#1881,.T.);
#1879 = VERTEX_POINT('',#1880);
#1880 = CARTESIAN_POINT('',(13.232913435825,-15.00966695166,-7.));
#1881 = LINE('',#1882,#1883);
#1882 = CARTESIAN_POINT('',(20.002085867183,-22.36294839599,-7.));
#1883 = VECTOR('',#1884,1.);
#1884 = DIRECTION('',(-0.677281571626,0.735723910673,0.));
#1885 = ORIENTED_EDGE('',*,*,#1153,.T.);
#1886 = ORIENTED_EDGE('',*,*,#1863,.T.);
#1887 = ORIENTED_EDGE('',*,*,#1888,.F.);
#1888 = EDGE_CURVE('',#1879,#1855,#1889,.T.);
#1889 = LINE('',#1890,#1891);
#1890 = CARTESIAN_POINT('',(13.232913435825,-15.00966695166,2.));
#1891 = VECTOR('',#1892,1.);
#1892 = DIRECTION('',(0.,0.,1.));
#1893 = PLANE('',#1894);
#1894 = AXIS2_PLACEMENT_3D('',#1895,#1896,#1897);
#1895 = CARTESIAN_POINT('',(20.002085867183,-22.36294839599,-7.));
#1896 = DIRECTION('',(-0.735723910673,-0.677281571626,0.));
#1897 = DIRECTION('',(-0.677281571626,0.735723910673,0.));
#1898 = ADVANCED_FACE('',(#1899),#1918,.F.);
#1899 = FACE_BOUND('',#1900,.F.);
#1900 = EDGE_LOOP('',(#1901,#1910,#1916,#1917));
#1901 = ORIENTED_EDGE('',*,*,#1902,.F.);
#1902 = EDGE_CURVE('',#1903,#1879,#1905,.T.);
#1903 = VERTEX_POINT('',#1904);
#1904 = CARTESIAN_POINT('',(11.301886933522,-16.51264520729,-7.));
#1905 = CIRCLE('',#1906,20.01);
#1906 = AXIS2_PLACEMENT_3D('',#1907,#1908,#1909);
#1907 = CARTESIAN_POINT('',(0.,0.,-7.));
#1908 = DIRECTION('',(0.,0.,1.));
#1909 = DIRECTION('',(1.,0.,0.));
#1910 = ORIENTED_EDGE('',*,*,#1911,.T.);
#1911 = EDGE_CURVE('',#1903,#1137,#1912,.T.);
#1912 = LINE('',#1913,#1914);
#1913 = CARTESIAN_POINT('',(5.829463166877,-8.136477074633,-7.));
#1914 = VECTOR('',#1915,1.);
#1915 = DIRECTION('',(0.546948158122,-0.837166478263,0.));
#1916 = ORIENTED_EDGE('',*,*,#1144,.T.);
#1917 = ORIENTED_EDGE('',*,*,#1878,.T.);
#1918 = PLANE('',#1919);
#1919 = AXIS2_PLACEMENT_3D('',#1920,#1921,#1922);
#1920 = CARTESIAN_POINT('',(-1.242562592039E-15,-3.713075123756E-16,-7.)
  );
#1921 = DIRECTION('',(0.,0.,1.));
#1922 = DIRECTION('',(1.,0.,0.));
#1923 = ADVANCED_FACE('',(#1924),#1942,.F.);
#1924 = FACE_BOUND('',#1925,.F.);
#1925 = EDGE_LOOP('',(#1926,#1927,#1935,#1941));
#1926 = ORIENTED_EDGE('',*,*,#1911,.F.);
#1927 = ORIENTED_EDGE('',*,*,#1928,.T.);
#1928 = EDGE_CURVE('',#1903,#1929,#1931,.T.);
#1929 = VERTEX_POINT('',#1930);
#1930 = CARTESIAN_POINT('',(11.301886933521,-16.51264520729,0.));
#1931 = LINE('',#1932,#1933);
#1932 = CARTESIAN_POINT('',(11.301886933521,-16.51264520729,2.));
#1933 = VECTOR('',#1934,1.);
#1934 = DIRECTION('',(0.,0.,1.));
#1935 = ORIENTED_EDGE('',*,*,#1936,.T.);
#1936 = EDGE_CURVE('',#1929,#1128,#1937,.T.);
#1937 = LINE('',#1938,#1939);
#1938 = CARTESIAN_POINT('',(3.094722376265,-3.95064468332,0.));
#1939 = VECTOR('',#1940,1.);
#1940 = DIRECTION('',(0.546948158122,-0.837166478263,0.));
#1941 = ORIENTED_EDGE('',*,*,#1136,.F.);
#1942 = PLANE('',#1943);
#1943 = AXIS2_PLACEMENT_3D('',#1944,#1945,#1946);
#1944 = CARTESIAN_POINT('',(5.829463166877,-8.136477074633,-7.));
#1945 = DIRECTION('',(0.837166478263,0.546948158122,0.));
#1946 = DIRECTION('',(0.546948158122,-0.837166478263,0.));
#1947 = ADVANCED_FACE('',(#1948),#1967,.F.);
#1948 = FACE_BOUND('',#1949,.F.);
#1949 = EDGE_LOOP('',(#1950,#1951,#1960,#1966));
#1950 = ORIENTED_EDGE('',*,*,#1936,.F.);
#1951 = ORIENTED_EDGE('',*,*,#1952,.F.);
#1952 = EDGE_CURVE('',#1953,#1929,#1955,.T.);
#1953 = VERTEX_POINT('',#1954);
#1954 = CARTESIAN_POINT('',(10.581923762216,-16.98302062327,0.));
#1955 = CIRCLE('',#1956,20.01);
#1956 = AXIS2_PLACEMENT_3D('',#1957,#1958,#1959);
#1957 = CARTESIAN_POINT('',(0.,0.,0.));
#1958 = DIRECTION('',(0.,0.,1.));
#1959 = DIRECTION('',(1.,0.,0.));
#1960 = ORIENTED_EDGE('',*,*,#1961,.F.);
#1961 = EDGE_CURVE('',#1120,#1953,#1962,.T.);
#1962 = LINE('',#1963,#1964);
#1963 = CARTESIAN_POINT('',(7.844240786184,-12.79268488193,0.));
#1964 = VECTOR('',#1965,1.);
#1965 = DIRECTION('',(-0.546948158122,0.837166478263,0.));
#1966 = ORIENTED_EDGE('',*,*,#1127,.T.);
#1967 = PLANE('',#1968);
#1968 = AXIS2_PLACEMENT_3D('',#1969,#1970,#1971);
#1969 = CARTESIAN_POINT('',(-3.890460208683E-16,8.92247168707E-16,0.));
#1970 = DIRECTION('',(0.,0.,1.));
#1971 = DIRECTION('',(0.546948158122,-0.837166478263,0.));
#1972 = ADVANCED_FACE('',(#1973),#1991,.F.);
#1973 = FACE_BOUND('',#1974,.F.);
#1974 = EDGE_LOOP('',(#1975,#1983,#1984,#1985));
#1975 = ORIENTED_EDGE('',*,*,#1976,.F.);
#1976 = EDGE_CURVE('',#1111,#1977,#1979,.T.);
#1977 = VERTEX_POINT('',#1978);
#1978 = CARTESIAN_POINT('',(10.581923762216,-16.98302062327,-7.));
#1979 = LINE('',#1980,#1981);
#1980 = CARTESIAN_POINT('',(16.04846315802,-25.35018205586,-7.));
#1981 = VECTOR('',#1982,1.);
#1982 = DIRECTION('',(-0.546948158122,0.837166478263,0.));
#1983 = ORIENTED_EDGE('',*,*,#1119,.T.);
#1984 = ORIENTED_EDGE('',*,*,#1961,.T.);
#1985 = ORIENTED_EDGE('',*,*,#1986,.F.);
#1986 = EDGE_CURVE('',#1977,#1953,#1987,.T.);
#1987 = LINE('',#1988,#1989);
#1988 = CARTESIAN_POINT('',(10.581923762216,-16.98302062327,2.));
#1989 = VECTOR('',#1990,1.);
#1990 = DIRECTION('',(0.,0.,1.));
#1991 = PLANE('',#1992);
#1992 = AXIS2_PLACEMENT_3D('',#1993,#1994,#1995);
#1993 = CARTESIAN_POINT('',(16.04846315802,-25.35018205586,-7.));
#1994 = DIRECTION('',(-0.837166478263,-0.546948158122,0.));
#1995 = DIRECTION('',(-0.546948158122,0.837166478263,0.));
#1996 = ADVANCED_FACE('',(#1997),#2016,.F.);
#1997 = FACE_BOUND('',#1998,.F.);
#1998 = EDGE_LOOP('',(#1999,#2008,#2014,#2015));
#1999 = ORIENTED_EDGE('',*,*,#2000,.F.);
#2000 = EDGE_CURVE('',#2001,#1977,#2003,.T.);
#2001 = VERTEX_POINT('',#2002);
#2002 = CARTESIAN_POINT('',(8.429851854313,-18.14766369851,-7.));
#2003 = CIRCLE('',#2004,20.01);
#2004 = AXIS2_PLACEMENT_3D('',#2005,#2006,#2007);
#2005 = CARTESIAN_POINT('',(0.,0.,-7.));
#2006 = DIRECTION('',(0.,0.,1.));
#2007 = DIRECTION('',(1.,0.,0.));
#2008 = ORIENTED_EDGE('',*,*,#2009,.T.);
#2009 = EDGE_CURVE('',#2001,#1103,#2010,.T.);
#2010 = LINE('',#2011,#2012);
#2011 = CARTESIAN_POINT('',(4.410736776991,-8.98500423395,-7.));
#2012 = VECTOR('',#2013,1.);
#2013 = DIRECTION('',(0.401695424653,-0.915773326655,0.));
#2014 = ORIENTED_EDGE('',*,*,#1110,.T.);
#2015 = ORIENTED_EDGE('',*,*,#1976,.T.);
#2016 = PLANE('',#2017);
#2017 = AXIS2_PLACEMENT_3D('',#2018,#2019,#2020);
#2018 = CARTESIAN_POINT('',(-1.242562592039E-15,-3.713075123756E-16,-7.)
  );
#2019 = DIRECTION('',(0.,0.,1.));
#2020 = DIRECTION('',(1.,0.,0.));
#2021 = ADVANCED_FACE('',(#2022),#2040,.F.);
#2022 = FACE_BOUND('',#2023,.F.);
#2023 = EDGE_LOOP('',(#2024,#2025,#2033,#2039));
#2024 = ORIENTED_EDGE('',*,*,#2009,.F.);
#2025 = ORIENTED_EDGE('',*,*,#2026,.T.);
#2026 = EDGE_CURVE('',#2001,#2027,#2029,.T.);
#2027 = VERTEX_POINT('',#2028);
#2028 = CARTESIAN_POINT('',(8.429851854313,-18.14766369851,0.));
#2029 = LINE('',#2030,#2031);
#2030 = CARTESIAN_POINT('',(8.429851854313,-18.14766369851,2.));
#2031 = VECTOR('',#2032,1.);
#2032 = DIRECTION('',(0.,0.,1.));
#2033 = ORIENTED_EDGE('',*,*,#2034,.T.);
#2034 = EDGE_CURVE('',#2027,#1094,#2035,.T.);
#2035 = LINE('',#2036,#2037);
#2036 = CARTESIAN_POINT('',(2.402259653727,-4.406137600675,0.));
#2037 = VECTOR('',#2038,1.);
#2038 = DIRECTION('',(0.401695424653,-0.915773326655,0.));
#2039 = ORIENTED_EDGE('',*,*,#1102,.F.);
#2040 = PLANE('',#2041);
#2041 = AXIS2_PLACEMENT_3D('',#2042,#2043,#2044);
#2042 = CARTESIAN_POINT('',(4.410736776991,-8.98500423395,-7.));
#2043 = DIRECTION('',(0.915773326655,0.401695424653,0.));
#2044 = DIRECTION('',(0.401695424653,-0.915773326655,0.));
#2045 = ADVANCED_FACE('',(#2046),#2065,.F.);
#2046 = FACE_BOUND('',#2047,.F.);
#2047 = EDGE_LOOP('',(#2048,#2049,#2058,#2064));
#2048 = ORIENTED_EDGE('',*,*,#2034,.F.);
#2049 = ORIENTED_EDGE('',*,*,#2050,.F.);
#2050 = EDGE_CURVE('',#2051,#2027,#2053,.T.);
#2051 = VERTEX_POINT('',#2052);
#2052 = CARTESIAN_POINT('',(7.64228679339,-18.49312176371,0.));
#2053 = CIRCLE('',#2054,20.01);
#2054 = AXIS2_PLACEMENT_3D('',#2055,#2056,#2057);
#2055 = CARTESIAN_POINT('',(0.,0.,0.));
#2056 = DIRECTION('',(0.,0.,1.));
#2057 = DIRECTION('',(1.,0.,0.));
#2058 = ORIENTED_EDGE('',*,*,#2059,.F.);
#2059 = EDGE_CURVE('',#1086,#2051,#2060,.T.);
#2060 = LINE('',#2061,#2062);
#2061 = CARTESIAN_POINT('',(5.631648839333,-13.90932893242,0.));
#2062 = VECTOR('',#2063,1.);
#2063 = DIRECTION('',(-0.401695424653,0.915773326655,0.));
#2064 = ORIENTED_EDGE('',*,*,#1093,.T.);
#2065 = PLANE('',#2066);
#2066 = AXIS2_PLACEMENT_3D('',#2067,#2068,#2069);
#2067 = CARTESIAN_POINT('',(-2.368808830649E-16,9.441129506884E-16,0.));
#2068 = DIRECTION('',(0.,0.,1.));
#2069 = DIRECTION('',(0.401695424653,-0.915773326655,0.));
#2070 = ADVANCED_FACE('',(#2071),#2089,.F.);
#2071 = FACE_BOUND('',#2072,.F.);
#2072 = EDGE_LOOP('',(#2073,#2081,#2082,#2083));
#2073 = ORIENTED_EDGE('',*,*,#2074,.F.);
#2074 = EDGE_CURVE('',#1077,#2075,#2077,.T.);
#2075 = VERTEX_POINT('',#2076);
#2076 = CARTESIAN_POINT('',(7.64228679339,-18.49312176371,-7.));
#2077 = LINE('',#2078,#2079);
#2078 = CARTESIAN_POINT('',(11.657080209127,-27.64592883225,-7.));
#2079 = VECTOR('',#2080,1.);
#2080 = DIRECTION('',(-0.401695424653,0.915773326655,0.));
#2081 = ORIENTED_EDGE('',*,*,#1085,.T.);
#2082 = ORIENTED_EDGE('',*,*,#2059,.T.);
#2083 = ORIENTED_EDGE('',*,*,#2084,.F.);
#2084 = EDGE_CURVE('',#2075,#2051,#2085,.T.);
#2085 = LINE('',#2086,#2087);
#2086 = CARTESIAN_POINT('',(7.64228679339,-18.49312176371,2.));
#2087 = VECTOR('',#2088,1.);
#2088 = DIRECTION('',(0.,0.,1.));
#2089 = PLANE('',#2090);
#2090 = AXIS2_PLACEMENT_3D('',#2091,#2092,#2093);
#2091 = CARTESIAN_POINT('',(11.657080209127,-27.64592883225,-7.));
#2092 = DIRECTION('',(-0.915773326655,-0.401695424653,0.));
#2093 = DIRECTION('',(-0.401695424653,0.915773326655,0.));
#2094 = ADVANCED_FACE('',(#2095),#2114,.F.);
#2095 = FACE_BOUND('',#2096,.F.);
#2096 = EDGE_LOOP('',(#2097,#2106,#2112,#2113));
#2097 = ORIENTED_EDGE('',*,*,#2098,.F.);
#2098 = EDGE_CURVE('',#2099,#2075,#2101,.T.);
#2099 = VERTEX_POINT('',#2100);
#2100 = CARTESIAN_POINT('',(5.327872391503,-19.28766123146,-7.));
#2101 = CIRCLE('',#2102,20.01);
#2102 = AXIS2_PLACEMENT_3D('',#2103,#2104,#2105);
#2103 = CARTESIAN_POINT('',(0.,0.,-7.));
#2104 = DIRECTION('',(0.,0.,1.));
#2105 = DIRECTION('',(1.,0.,0.));
#2106 = ORIENTED_EDGE('',*,*,#2107,.T.);
#2107 = EDGE_CURVE('',#2099,#1069,#2108,.T.);
#2108 = LINE('',#2109,#2110);
#2109 = CARTESIAN_POINT('',(2.871696985762,-9.588443899923,-7.));
#2110 = VECTOR('',#2111,1.);
#2111 = DIRECTION('',(0.245485487141,-0.969400265939,0.));
#2112 = ORIENTED_EDGE('',*,*,#1076,.T.);
#2113 = ORIENTED_EDGE('',*,*,#2074,.T.);
#2114 = PLANE('',#2115);
#2115 = AXIS2_PLACEMENT_3D('',#2116,#2117,#2118);
#2116 = CARTESIAN_POINT('',(-1.242562592039E-15,-3.713075123756E-16,-7.)
  );
#2117 = DIRECTION('',(0.,0.,1.));
#2118 = DIRECTION('',(1.,0.,0.));
#2119 = ADVANCED_FACE('',(#2120),#2138,.F.);
#2120 = FACE_BOUND('',#2121,.F.);
#2121 = EDGE_LOOP('',(#2122,#2123,#2131,#2137));
#2122 = ORIENTED_EDGE('',*,*,#2107,.F.);
#2123 = ORIENTED_EDGE('',*,*,#2124,.T.);
#2124 = EDGE_CURVE('',#2099,#2125,#2127,.T.);
#2125 = VERTEX_POINT('',#2126);
#2126 = CARTESIAN_POINT('',(5.327872391503,-19.28766123146,0.));
#2127 = LINE('',#2128,#2129);
#2128 = CARTESIAN_POINT('',(5.327872391503,-19.28766123146,2.));
#2129 = VECTOR('',#2130,1.);
#2130 = DIRECTION('',(0.,0.,1.));
#2131 = ORIENTED_EDGE('',*,*,#2132,.T.);
#2132 = EDGE_CURVE('',#2125,#1060,#2133,.T.);
#2133 = LINE('',#2134,#2135);
#2134 = CARTESIAN_POINT('',(1.644269550058,-4.741442570226,0.));
#2135 = VECTOR('',#2136,1.);
#2136 = DIRECTION('',(0.245485487141,-0.969400265939,0.));
#2137 = ORIENTED_EDGE('',*,*,#1068,.F.);
#2138 = PLANE('',#2139);
#2139 = AXIS2_PLACEMENT_3D('',#2140,#2141,#2142);
#2140 = CARTESIAN_POINT('',(2.871696985762,-9.588443899923,-7.));
#2141 = DIRECTION('',(0.969400265939,0.245485487141,0.));
#2142 = DIRECTION('',(0.245485487141,-0.969400265939,0.));
#2143 = ADVANCED_FACE('',(#2144),#2163,.F.);
#2144 = FACE_BOUND('',#2145,.F.);
#2145 = EDGE_LOOP('',(#2146,#2147,#2156,#2162));
#2146 = ORIENTED_EDGE('',*,*,#2132,.F.);
#2147 = ORIENTED_EDGE('',*,*,#2148,.F.);
#2148 = EDGE_CURVE('',#2149,#2125,#2151,.T.);
#2149 = VERTEX_POINT('',#2150);
#2150 = CARTESIAN_POINT('',(4.494188162795,-19.4987787504,0.));
#2151 = CIRCLE('',#2152,20.01);
#2152 = AXIS2_PLACEMENT_3D('',#2153,#2154,#2155);
#2153 = CARTESIAN_POINT('',(0.,0.,0.));
#2154 = DIRECTION('',(0.,0.,1.));
#2155 = DIRECTION('',(1.,0.,0.));
#2156 = ORIENTED_EDGE('',*,*,#2157,.F.);
#2157 = EDGE_CURVE('',#1052,#2149,#2158,.T.);
#2158 = LINE('',#2159,#2160);
#2159 = CARTESIAN_POINT('',(3.265440192758,-14.64656274856,0.));
#2160 = VECTOR('',#2161,1.);
#2161 = DIRECTION('',(-0.245485487141,0.969400265939,0.));
#2162 = ORIENTED_EDGE('',*,*,#1059,.T.);
#2163 = PLANE('',#2164);
#2164 = AXIS2_PLACEMENT_3D('',#2165,#2166,#2167);
#2165 = CARTESIAN_POINT('',(-7.825425227375E-17,9.702257924938E-16,0.));
#2166 = DIRECTION('',(0.,0.,1.));
#2167 = DIRECTION('',(0.245485487141,-0.969400265939,0.));
#2168 = ADVANCED_FACE('',(#2169),#2187,.F.);
#2169 = FACE_BOUND('',#2170,.F.);
#2170 = EDGE_LOOP('',(#2171,#2179,#2180,#2181));
#2171 = ORIENTED_EDGE('',*,*,#2172,.F.);
#2172 = EDGE_CURVE('',#1043,#2173,#2175,.T.);
#2173 = VERTEX_POINT('',#2174);
#2174 = CARTESIAN_POINT('',(4.494188162795,-19.4987787504,-7.));
#2175 = LINE('',#2176,#2177);
#2176 = CARTESIAN_POINT('',(6.94772249987,-29.18756673765,-7.));
#2177 = VECTOR('',#2178,1.);
#2178 = DIRECTION('',(-0.245485487141,0.969400265939,0.));
#2179 = ORIENTED_EDGE('',*,*,#1051,.T.);
#2180 = ORIENTED_EDGE('',*,*,#2157,.T.);
#2181 = ORIENTED_EDGE('',*,*,#2182,.F.);
#2182 = EDGE_CURVE('',#2173,#2149,#2183,.T.);
#2183 = LINE('',#2184,#2185);
#2184 = CARTESIAN_POINT('',(4.494188162795,-19.4987787504,2.));
#2185 = VECTOR('',#2186,1.);
#2186 = DIRECTION('',(0.,0.,1.));
#2187 = PLANE('',#2188);
#2188 = AXIS2_PLACEMENT_3D('',#2189,#2190,#2191);
#2189 = CARTESIAN_POINT('',(6.94772249987,-29.18756673765,-7.));
#2190 = DIRECTION('',(-0.969400265939,-0.245485487141,0.));
#2191 = DIRECTION('',(-0.245485487141,0.969400265939,0.));
#2192 = ADVANCED_FACE('',(#2193),#2212,.F.);
#2193 = FACE_BOUND('',#2194,.F.);
#2194 = EDGE_LOOP('',(#2195,#2204,#2210,#2211));
#2195 = ORIENTED_EDGE('',*,*,#2196,.F.);
#2196 = EDGE_CURVE('',#2197,#2173,#2199,.T.);
#2197 = VERTEX_POINT('',#2198);
#2198 = CARTESIAN_POINT('',(2.080562458579,-19.9015416452,-7.));
#2199 = CIRCLE('',#2200,20.01);
#2200 = AXIS2_PLACEMENT_3D('',#2201,#2202,#2203);
#2201 = CARTESIAN_POINT('',(0.,0.,-7.));
#2202 = DIRECTION('',(0.,0.,1.));
#2203 = DIRECTION('',(1.,0.,0.));
#2204 = ORIENTED_EDGE('',*,*,#2205,.T.);
#2205 = EDGE_CURVE('',#2197,#1035,#2206,.T.);
#2206 = LINE('',#2207,#2208);
#2207 = CARTESIAN_POINT('',(1.254324786716,-9.930335811514,-7.));
#2208 = VECTOR('',#2209,1.);
#2209 = DIRECTION('',(8.257934547233E-02,-0.996584493007,0.));
#2210 = ORIENTED_EDGE('',*,*,#1042,.T.);
#2211 = ORIENTED_EDGE('',*,*,#2172,.T.);
#2212 = PLANE('',#2213);
#2213 = AXIS2_PLACEMENT_3D('',#2214,#2215,#2216);
#2214 = CARTESIAN_POINT('',(-1.242562592039E-15,-3.713075123756E-16,-7.)
  );
#2215 = DIRECTION('',(0.,0.,1.));
#2216 = DIRECTION('',(1.,0.,0.));
#2217 = ADVANCED_FACE('',(#2218),#2236,.F.);
#2218 = FACE_BOUND('',#2219,.F.);
#2219 = EDGE_LOOP('',(#2220,#2221,#2229,#2235));
#2220 = ORIENTED_EDGE('',*,*,#2205,.F.);
#2221 = ORIENTED_EDGE('',*,*,#2222,.T.);
#2222 = EDGE_CURVE('',#2197,#2223,#2225,.T.);
#2223 = VERTEX_POINT('',#2224);
#2224 = CARTESIAN_POINT('',(2.080562458579,-19.9015416452,0.));
#2225 = LINE('',#2226,#2227);
#2226 = CARTESIAN_POINT('',(2.080562458579,-19.9015416452,2.));
#2227 = VECTOR('',#2228,1.);
#2228 = DIRECTION('',(0.,0.,1.));
#2229 = ORIENTED_EDGE('',*,*,#2230,.T.);
#2230 = EDGE_CURVE('',#2223,#1026,#2231,.T.);
#2231 = LINE('',#2232,#2233);
#2232 = CARTESIAN_POINT('',(0.841428059355,-4.94741334648,0.));
#2233 = VECTOR('',#2234,1.);
#2234 = DIRECTION('',(8.257934547233E-02,-0.996584493007,0.));
#2235 = ORIENTED_EDGE('',*,*,#1034,.F.);
#2236 = PLANE('',#2237);
#2237 = AXIS2_PLACEMENT_3D('',#2238,#2239,#2240);
#2238 = CARTESIAN_POINT('',(1.254324786716,-9.930335811514,-7.));
#2239 = DIRECTION('',(0.996584493007,8.257934547233E-02,0.));
#2240 = DIRECTION('',(8.257934547233E-02,-0.996584493007,0.));
#2241 = ADVANCED_FACE('',(#2242),#2261,.F.);
#2242 = FACE_BOUND('',#2243,.F.);
#2243 = EDGE_LOOP('',(#2244,#2245,#2254,#2260));
#2244 = ORIENTED_EDGE('',*,*,#2230,.F.);
#2245 = ORIENTED_EDGE('',*,*,#2246,.F.);
#2246 = EDGE_CURVE('',#2247,#2223,#2249,.T.);
#2247 = VERTEX_POINT('',#2248);
#2248 = CARTESIAN_POINT('',(1.223499794593,-19.97255988231,0.));
#2249 = CIRCLE('',#2250,20.01);
#2250 = AXIS2_PLACEMENT_3D('',#2251,#2252,#2253);
#2251 = CARTESIAN_POINT('',(0.,0.,0.));
#2252 = DIRECTION('',(0.,0.,1.));
#2253 = DIRECTION('',(1.,0.,0.));
#2254 = ORIENTED_EDGE('',*,*,#2255,.F.);
#2255 = EDGE_CURVE('',#1018,#2247,#2256,.T.);
#2256 = LINE('',#2257,#2258);
#2257 = CARTESIAN_POINT('',(0.810158850092,-14.98427651365,0.));
#2258 = VECTOR('',#2259,1.);
#2259 = DIRECTION('',(-8.257934547233E-02,0.996584493007,0.));
#2260 = ORIENTED_EDGE('',*,*,#1025,.T.);
#2261 = PLANE('',#2262);
#2262 = AXIS2_PLACEMENT_3D('',#2263,#2264,#2265);
#2263 = CARTESIAN_POINT('',(8.250695052577E-17,9.698734038698E-16,0.));
#2264 = DIRECTION('',(0.,0.,1.));
#2265 = DIRECTION('',(8.257934547233E-02,-0.996584493007,0.));
#2266 = ADVANCED_FACE('',(#2267),#2285,.F.);
#2267 = FACE_BOUND('',#2268,.F.);
#2268 = EDGE_LOOP('',(#2269,#2277,#2278,#2279));
#2269 = ORIENTED_EDGE('',*,*,#2270,.F.);
#2270 = EDGE_CURVE('',#1009,#2271,#2273,.T.);
#2271 = VERTEX_POINT('',#2272);
#2272 = CARTESIAN_POINT('',(1.223499794593,-19.97255988231,-7.));
#2273 = LINE('',#2274,#2275);
#2274 = CARTESIAN_POINT('',(2.048849032177,-29.93304390875,-7.));
#2275 = VECTOR('',#2276,1.);
#2276 = DIRECTION('',(-8.257934547233E-02,0.996584493007,0.));
#2277 = ORIENTED_EDGE('',*,*,#1017,.T.);
#2278 = ORIENTED_EDGE('',*,*,#2255,.T.);
#2279 = ORIENTED_EDGE('',*,*,#2280,.F.);
#2280 = EDGE_CURVE('',#2271,#2247,#2281,.T.);
#2281 = LINE('',#2282,#2283);
#2282 = CARTESIAN_POINT('',(1.223499794593,-19.97255988231,2.));
#2283 = VECTOR('',#2284,1.);
#2284 = DIRECTION('',(0.,0.,1.));
#2285 = PLANE('',#2286);
#2286 = AXIS2_PLACEMENT_3D('',#2287,#2288,#2289);
#2287 = CARTESIAN_POINT('',(2.048849032177,-29.93304390875,-7.));
#2288 = DIRECTION('',(-0.996584493007,-8.257934547233E-02,0.));
#2289 = DIRECTION('',(-8.257934547233E-02,0.996584493007,0.));
#2290 = ADVANCED_FACE('',(#2291),#2310,.F.);
#2291 = FACE_BOUND('',#2292,.F.);
#2292 = EDGE_LOOP('',(#2293,#2302,#2308,#2309));
#2293 = ORIENTED_EDGE('',*,*,#2294,.F.);
#2294 = EDGE_CURVE('',#2295,#2271,#2297,.T.);
#2295 = VERTEX_POINT('',#2296);
#2296 = CARTESIAN_POINT('',(-1.223499794593,-19.97255988231,-7.));
#2297 = CIRCLE('',#2298,20.01);
#2298 = AXIS2_PLACEMENT_3D('',#2299,#2300,#2301);
#2299 = CARTESIAN_POINT('',(0.,0.,-7.));
#2300 = DIRECTION('',(0.,0.,1.));
#2301 = DIRECTION('',(1.,0.,0.));
#2302 = ORIENTED_EDGE('',*,*,#2303,.T.);
#2303 = EDGE_CURVE('',#2295,#1001,#2304,.T.);
#2304 = LINE('',#2305,#2306);
#2305 = CARTESIAN_POINT('',(-0.39726212273,-10.00135404862,-7.));
#2306 = VECTOR('',#2307,1.);
#2307 = DIRECTION('',(-8.257934547233E-02,-0.996584493007,0.));
#2308 = ORIENTED_EDGE('',*,*,#1008,.T.);
#2309 = ORIENTED_EDGE('',*,*,#2270,.T.);
#2310 = PLANE('',#2311);
#2311 = AXIS2_PLACEMENT_3D('',#2312,#2313,#2314);
#2312 = CARTESIAN_POINT('',(-1.242562592039E-15,-3.713075123756E-16,-7.)
  );
#2313 = DIRECTION('',(0.,0.,1.));
#2314 = DIRECTION('',(1.,0.,0.));
#2315 = ADVANCED_FACE('',(#2316),#2334,.F.);
#2316 = FACE_BOUND('',#2317,.F.);
#2317 = EDGE_LOOP('',(#2318,#2319,#2327,#2333));
#2318 = ORIENTED_EDGE('',*,*,#2303,.F.);
#2319 = ORIENTED_EDGE('',*,*,#2320,.T.);
#2320 = EDGE_CURVE('',#2295,#2321,#2323,.T.);
#2321 = VERTEX_POINT('',#2322);
#2322 = CARTESIAN_POINT('',(-1.223499794593,-19.97255988231,0.));
#2323 = LINE('',#2324,#2325);
#2324 = CARTESIAN_POINT('',(-1.223499794593,-19.97255988231,2.));
#2325 = VECTOR('',#2326,1.);
#2326 = DIRECTION('',(0.,0.,1.));
#2327 = ORIENTED_EDGE('',*,*,#2328,.T.);
#2328 = EDGE_CURVE('',#2321,#992,#2329,.T.);
#2329 = LINE('',#2330,#2331);
#2330 = CARTESIAN_POINT('',(1.563460463121E-02,-5.018431583586,0.));
#2331 = VECTOR('',#2332,1.);
#2332 = DIRECTION('',(-8.257934547233E-02,-0.996584493007,0.));
#2333 = ORIENTED_EDGE('',*,*,#1000,.F.);
#2334 = PLANE('',#2335);
#2335 = AXIS2_PLACEMENT_3D('',#2336,#2337,#2338);
#2336 = CARTESIAN_POINT('',(-0.39726212273,-10.00135404862,-7.));
#2337 = DIRECTION('',(0.996584493007,-8.257934547233E-02,0.));
#2338 = DIRECTION('',(-8.257934547233E-02,-0.996584493007,0.));
#2339 = ADVANCED_FACE('',(#2340),#2359,.F.);
#2340 = FACE_BOUND('',#2341,.F.);
#2341 = EDGE_LOOP('',(#2342,#2343,#2352,#2358));
#2342 = ORIENTED_EDGE('',*,*,#2328,.F.);
#2343 = ORIENTED_EDGE('',*,*,#2344,.F.);
#2344 = EDGE_CURVE('',#2345,#2321,#2347,.T.);
#2345 = VERTEX_POINT('',#2346);
#2346 = CARTESIAN_POINT('',(-2.080562458579,-19.9015416452,0.));
#2347 = CIRCLE('',#2348,20.01);
#2348 = AXIS2_PLACEMENT_3D('',#2349,#2350,#2351);
#2349 = CARTESIAN_POINT('',(0.,0.,0.));
#2350 = DIRECTION('',(0.,0.,1.));
#2351 = DIRECTION('',(1.,0.,0.));
#2352 = ORIENTED_EDGE('',*,*,#2353,.F.);
#2353 = EDGE_CURVE('',#984,#2345,#2354,.T.);
#2354 = LINE('',#2355,#2356);
#2355 = CARTESIAN_POINT('',(-1.667221514078,-14.91325827654,0.));
#2356 = VECTOR('',#2357,1.);
#2357 = DIRECTION('',(8.257934547233E-02,0.996584493007,0.));
#2358 = ORIENTED_EDGE('',*,*,#991,.T.);
#2359 = PLANE('',#2360);
#2360 = AXIS2_PLACEMENT_3D('',#2361,#2362,#2363);
#2361 = CARTESIAN_POINT('',(2.410175787945E-16,9.430653970596E-16,0.));
#2362 = DIRECTION('',(0.,0.,1.));
#2363 = DIRECTION('',(-8.257934547233E-02,-0.996584493007,0.));
#2364 = ADVANCED_FACE('',(#2365),#2383,.F.);
#2365 = FACE_BOUND('',#2366,.F.);
#2366 = EDGE_LOOP('',(#2367,#2375,#2376,#2377));
#2367 = ORIENTED_EDGE('',*,*,#2368,.F.);
#2368 = EDGE_CURVE('',#975,#2369,#2371,.T.);
#2369 = VERTEX_POINT('',#2370);
#2370 = CARTESIAN_POINT('',(-2.080562458579,-19.9015416452,-7.));
#2371 = LINE('',#2372,#2373);
#2372 = CARTESIAN_POINT('',(-2.905911696163,-29.86202567164,-7.));
#2373 = VECTOR('',#2374,1.);
#2374 = DIRECTION('',(8.257934547233E-02,0.996584493007,0.));
#2375 = ORIENTED_EDGE('',*,*,#983,.T.);
#2376 = ORIENTED_EDGE('',*,*,#2353,.T.);
#2377 = ORIENTED_EDGE('',*,*,#2378,.F.);
#2378 = EDGE_CURVE('',#2369,#2345,#2379,.T.);
#2379 = LINE('',#2380,#2381);
#2380 = CARTESIAN_POINT('',(-2.080562458579,-19.9015416452,2.));
#2381 = VECTOR('',#2382,1.);
#2382 = DIRECTION('',(0.,0.,1.));
#2383 = PLANE('',#2384);
#2384 = AXIS2_PLACEMENT_3D('',#2385,#2386,#2387);
#2385 = CARTESIAN_POINT('',(-2.905911696163,-29.86202567164,-7.));
#2386 = DIRECTION('',(-0.996584493007,8.257934547233E-02,0.));
#2387 = DIRECTION('',(8.257934547233E-02,0.996584493007,0.));
#2388 = ADVANCED_FACE('',(#2389),#2408,.F.);
#2389 = FACE_BOUND('',#2390,.F.);
#2390 = EDGE_LOOP('',(#2391,#2400,#2406,#2407));
#2391 = ORIENTED_EDGE('',*,*,#2392,.F.);
#2392 = EDGE_CURVE('',#2393,#2369,#2395,.T.);
#2393 = VERTEX_POINT('',#2394);
#2394 = CARTESIAN_POINT('',(-4.494188162795,-19.4987787504,-7.));
#2395 = CIRCLE('',#2396,20.01);
#2396 = AXIS2_PLACEMENT_3D('',#2397,#2398,#2399);
#2397 = CARTESIAN_POINT('',(0.,0.,-7.));
#2398 = DIRECTION('',(0.,0.,1.));
#2399 = DIRECTION('',(1.,0.,0.));
#2400 = ORIENTED_EDGE('',*,*,#2401,.T.);
#2401 = EDGE_CURVE('',#2393,#967,#2402,.T.);
#2402 = LINE('',#2403,#2404);
#2403 = CARTESIAN_POINT('',(-2.038012757054,-9.799561418864,-7.));
#2404 = VECTOR('',#2405,1.);
#2405 = DIRECTION('',(-0.245485487141,-0.969400265939,0.));
#2406 = ORIENTED_EDGE('',*,*,#974,.T.);
#2407 = ORIENTED_EDGE('',*,*,#2368,.T.);
#2408 = PLANE('',#2409);
#2409 = AXIS2_PLACEMENT_3D('',#2410,#2411,#2412);
#2410 = CARTESIAN_POINT('',(-1.242562592039E-15,-3.713075123756E-16,-7.)
  );
#2411 = DIRECTION('',(0.,0.,1.));
#2412 = DIRECTION('',(1.,0.,0.));
#2413 = ADVANCED_FACE('',(#2414),#2432,.F.);
#2414 = FACE_BOUND('',#2415,.F.);
#2415 = EDGE_LOOP('',(#2416,#2417,#2425,#2431));
#2416 = ORIENTED_EDGE('',*,*,#2401,.F.);
#2417 = ORIENTED_EDGE('',*,*,#2418,.T.);
#2418 = EDGE_CURVE('',#2393,#2419,#2421,.T.);
#2419 = VERTEX_POINT('',#2420);
#2420 = CARTESIAN_POINT('',(-4.494188162795,-19.4987787504,0.));
#2421 = LINE('',#2422,#2423);
#2422 = CARTESIAN_POINT('',(-4.494188162795,-19.4987787504,2.));
#2423 = VECTOR('',#2424,1.);
#2424 = DIRECTION('',(0.,0.,1.));
#2425 = ORIENTED_EDGE('',*,*,#2426,.T.);
#2426 = EDGE_CURVE('',#2419,#958,#2427,.T.);
#2427 = LINE('',#2428,#2429);
#2428 = CARTESIAN_POINT('',(-0.81058532135,-4.952560089167,0.));
#2429 = VECTOR('',#2430,1.);
#2430 = DIRECTION('',(-0.245485487141,-0.969400265939,0.));
#2431 = ORIENTED_EDGE('',*,*,#966,.F.);
#2432 = PLANE('',#2433);
#2433 = AXIS2_PLACEMENT_3D('',#2434,#2435,#2436);
#2434 = CARTESIAN_POINT('',(-2.038012757054,-9.799561418864,-7.));
#2435 = DIRECTION('',(0.969400265939,-0.245485487141,0.));
#2436 = DIRECTION('',(-0.245485487141,-0.969400265939,0.));
#2437 = ADVANCED_FACE('',(#2438),#2457,.F.);
#2438 = FACE_BOUND('',#2439,.F.);
#2439 = EDGE_LOOP('',(#2440,#2441,#2450,#2456));
#2440 = ORIENTED_EDGE('',*,*,#2426,.F.);
#2441 = ORIENTED_EDGE('',*,*,#2442,.F.);
#2442 = EDGE_CURVE('',#2443,#2419,#2445,.T.);
#2443 = VERTEX_POINT('',#2444);
#2444 = CARTESIAN_POINT('',(-5.327872391503,-19.28766123146,0.));
#2445 = CIRCLE('',#2446,20.01);
#2446 = AXIS2_PLACEMENT_3D('',#2447,#2448,#2449);
#2447 = CARTESIAN_POINT('',(0.,0.,0.));
#2448 = DIRECTION('',(0.,0.,1.));
#2449 = DIRECTION('',(1.,0.,0.));
#2450 = ORIENTED_EDGE('',*,*,#2451,.F.);
#2451 = EDGE_CURVE('',#950,#2443,#2452,.T.);
#2452 = LINE('',#2453,#2454);
#2453 = CARTESIAN_POINT('',(-4.099124421466,-14.43544522961,0.));
#2454 = VECTOR('',#2455,1.);
#2455 = DIRECTION('',(0.245485487141,0.969400265939,0.));
#2456 = ORIENTED_EDGE('',*,*,#957,.T.);
#2457 = PLANE('',#2458);
#2458 = AXIS2_PLACEMENT_3D('',#2459,#2460,#2461);
#2459 = CARTESIAN_POINT('',(3.929538757997E-16,8.905330246056E-16,0.));
#2460 = DIRECTION('',(0.,0.,1.));
#2461 = DIRECTION('',(-0.245485487141,-0.969400265939,0.));
#2462 = ADVANCED_FACE('',(#2463),#2481,.F.);
#2463 = FACE_BOUND('',#2464,.F.);
#2464 = EDGE_LOOP('',(#2465,#2473,#2474,#2475));
#2465 = ORIENTED_EDGE('',*,*,#2466,.F.);
#2466 = EDGE_CURVE('',#941,#2467,#2469,.T.);
#2467 = VERTEX_POINT('',#2468);
#2468 = CARTESIAN_POINT('',(-5.327872391503,-19.28766123146,-7.));
#2469 = LINE('',#2470,#2471);
#2470 = CARTESIAN_POINT('',(-7.781406728578,-28.9764492187,-7.));
#2471 = VECTOR('',#2472,1.);
#2472 = DIRECTION('',(0.245485487141,0.969400265939,0.));
#2473 = ORIENTED_EDGE('',*,*,#949,.T.);
#2474 = ORIENTED_EDGE('',*,*,#2451,.T.);
#2475 = ORIENTED_EDGE('',*,*,#2476,.F.);
#2476 = EDGE_CURVE('',#2467,#2443,#2477,.T.);
#2477 = LINE('',#2478,#2479);
#2478 = CARTESIAN_POINT('',(-5.327872391503,-19.28766123146,2.));
#2479 = VECTOR('',#2480,1.);
#2480 = DIRECTION('',(0.,0.,1.));
#2481 = PLANE('',#2482);
#2482 = AXIS2_PLACEMENT_3D('',#2483,#2484,#2485);
#2483 = CARTESIAN_POINT('',(-7.781406728578,-28.9764492187,-7.));
#2484 = DIRECTION('',(-0.969400265939,0.245485487141,0.));
#2485 = DIRECTION('',(0.245485487141,0.969400265939,0.));
#2486 = ADVANCED_FACE('',(#2487),#2506,.F.);
#2487 = FACE_BOUND('',#2488,.F.);
#2488 = EDGE_LOOP('',(#2489,#2498,#2504,#2505));
#2489 = ORIENTED_EDGE('',*,*,#2490,.F.);
#2490 = EDGE_CURVE('',#2491,#2467,#2493,.T.);
#2491 = VERTEX_POINT('',#2492);
#2492 = CARTESIAN_POINT('',(-7.64228679339,-18.49312176371,-7.));
#2493 = CIRCLE('',#2494,20.01);
#2494 = AXIS2_PLACEMENT_3D('',#2495,#2496,#2497);
#2495 = CARTESIAN_POINT('',(0.,0.,-7.));
#2496 = DIRECTION('',(0.,0.,1.));
#2497 = DIRECTION('',(1.,0.,0.));
#2498 = ORIENTED_EDGE('',*,*,#2499,.T.);
#2499 = EDGE_CURVE('',#2491,#933,#2500,.T.);
#2500 = LINE('',#2501,#2502);
#2501 = CARTESIAN_POINT('',(-3.623171716068,-9.330462299151,-7.));
#2502 = VECTOR('',#2503,1.);
#2503 = DIRECTION('',(-0.401695424653,-0.915773326655,0.));
#2504 = ORIENTED_EDGE('',*,*,#940,.T.);
#2505 = ORIENTED_EDGE('',*,*,#2466,.T.);
#2506 = PLANE('',#2507);
#2507 = AXIS2_PLACEMENT_3D('',#2508,#2509,#2510);
#2508 = CARTESIAN_POINT('',(-1.242562592039E-15,-3.713075123756E-16,-7.)
  );
#2509 = DIRECTION('',(0.,0.,1.));
#2510 = DIRECTION('',(1.,0.,0.));
#2511 = ADVANCED_FACE('',(#2512),#2530,.F.);
#2512 = FACE_BOUND('',#2513,.F.);
#2513 = EDGE_LOOP('',(#2514,#2515,#2523,#2529));
#2514 = ORIENTED_EDGE('',*,*,#2499,.F.);
#2515 = ORIENTED_EDGE('',*,*,#2516,.T.);
#2516 = EDGE_CURVE('',#2491,#2517,#2519,.T.);
#2517 = VERTEX_POINT('',#2518);
#2518 = CARTESIAN_POINT('',(-7.64228679339,-18.49312176371,0.));
#2519 = LINE('',#2520,#2521);
#2520 = CARTESIAN_POINT('',(-7.64228679339,-18.49312176371,2.));
#2521 = VECTOR('',#2522,1.);
#2522 = DIRECTION('',(0.,0.,1.));
#2523 = ORIENTED_EDGE('',*,*,#2524,.T.);
#2524 = EDGE_CURVE('',#2517,#924,#2525,.T.);
#2525 = LINE('',#2526,#2527);
#2526 = CARTESIAN_POINT('',(-1.614694592803,-4.751595665876,0.));
#2527 = VECTOR('',#2528,1.);
#2528 = DIRECTION('',(-0.401695424653,-0.915773326655,0.));
#2529 = ORIENTED_EDGE('',*,*,#932,.F.);
#2530 = PLANE('',#2531);
#2531 = AXIS2_PLACEMENT_3D('',#2532,#2533,#2534);
#2532 = CARTESIAN_POINT('',(-3.623171716068,-9.330462299151,-7.));
#2533 = DIRECTION('',(0.915773326655,-0.401695424653,0.));
#2534 = DIRECTION('',(-0.401695424653,-0.915773326655,0.));
#2535 = ADVANCED_FACE('',(#2536),#2555,.F.);
#2536 = FACE_BOUND('',#2537,.F.);
#2537 = EDGE_LOOP('',(#2538,#2539,#2548,#2554));
#2538 = ORIENTED_EDGE('',*,*,#2524,.F.);
#2539 = ORIENTED_EDGE('',*,*,#2540,.F.);
#2540 = EDGE_CURVE('',#2541,#2517,#2543,.T.);
#2541 = VERTEX_POINT('',#2542);
#2542 = CARTESIAN_POINT('',(-8.429851854313,-18.14766369851,0.));
#2543 = CIRCLE('',#2544,20.01);
#2544 = AXIS2_PLACEMENT_3D('',#2545,#2546,#2547);
#2545 = CARTESIAN_POINT('',(0.,0.,0.));
#2546 = DIRECTION('',(0.,0.,1.));
#2547 = DIRECTION('',(1.,0.,0.));
#2548 = ORIENTED_EDGE('',*,*,#2549,.F.);
#2549 = EDGE_CURVE('',#916,#2541,#2550,.T.);
#2550 = LINE('',#2551,#2552);
#2551 = CARTESIAN_POINT('',(-6.419213900256,-13.56387086722,0.));
#2552 = VECTOR('',#2553,1.);
#2553 = DIRECTION('',(0.401695424653,0.915773326655,0.));
#2554 = ORIENTED_EDGE('',*,*,#923,.T.);
#2555 = PLANE('',#2556);
#2556 = AXIS2_PLACEMENT_3D('',#2557,#2558,#2559);
#2557 = CARTESIAN_POINT('',(5.341714154273E-16,8.137092326866E-16,0.));
#2558 = DIRECTION('',(0.,0.,1.));
#2559 = DIRECTION('',(-0.401695424653,-0.915773326655,0.));
#2560 = ADVANCED_FACE('',(#2561),#2579,.F.);
#2561 = FACE_BOUND('',#2562,.F.);
#2562 = EDGE_LOOP('',(#2563,#2571,#2572,#2573));
#2563 = ORIENTED_EDGE('',*,*,#2564,.F.);
#2564 = EDGE_CURVE('',#907,#2565,#2567,.T.);
#2565 = VERTEX_POINT('',#2566);
#2566 = CARTESIAN_POINT('',(-8.429851854313,-18.14766369851,-7.));
#2567 = LINE('',#2568,#2569);
#2568 = CARTESIAN_POINT('',(-12.44464527005,-27.30047076705,-7.));
#2569 = VECTOR('',#2570,1.);
#2570 = DIRECTION('',(0.401695424653,0.915773326655,0.));
#2571 = ORIENTED_EDGE('',*,*,#915,.T.);
#2572 = ORIENTED_EDGE('',*,*,#2549,.T.);
#2573 = ORIENTED_EDGE('',*,*,#2574,.F.);
#2574 = EDGE_CURVE('',#2565,#2541,#2575,.T.);
#2575 = LINE('',#2576,#2577);
#2576 = CARTESIAN_POINT('',(-8.429851854313,-18.14766369851,2.));
#2577 = VECTOR('',#2578,1.);
#2578 = DIRECTION('',(0.,0.,1.));
#2579 = PLANE('',#2580);
#2580 = AXIS2_PLACEMENT_3D('',#2581,#2582,#2583);
#2581 = CARTESIAN_POINT('',(-12.44464527005,-27.30047076705,-7.));
#2582 = DIRECTION('',(-0.915773326655,0.401695424653,0.));
#2583 = DIRECTION('',(0.401695424653,0.915773326655,0.));
#2584 = ADVANCED_FACE('',(#2585),#2604,.F.);
#2585 = FACE_BOUND('',#2586,.F.);
#2586 = EDGE_LOOP('',(#2587,#2596,#2602,#2603));
#2587 = ORIENTED_EDGE('',*,*,#2588,.F.);
#2588 = EDGE_CURVE('',#2589,#2565,#2591,.T.);
#2589 = VERTEX_POINT('',#2590);
#2590 = CARTESIAN_POINT('',(-10.58192376221,-16.98302062327,-7.));
#2591 = CIRCLE('',#2592,20.01);
#2592 = AXIS2_PLACEMENT_3D('',#2593,#2594,#2595);
#2593 = CARTESIAN_POINT('',(0.,0.,-7.));
#2594 = DIRECTION('',(0.,0.,1.));
#2595 = DIRECTION('',(1.,0.,0.));
#2596 = ORIENTED_EDGE('',*,*,#2597,.T.);
#2597 = EDGE_CURVE('',#2589,#899,#2598,.T.);
#2598 = LINE('',#2599,#2600);
#2599 = CARTESIAN_POINT('',(-5.109499995571,-8.606852490618,-7.));
#2600 = VECTOR('',#2601,1.);
#2601 = DIRECTION('',(-0.546948158122,-0.837166478263,0.));
#2602 = ORIENTED_EDGE('',*,*,#906,.T.);
#2603 = ORIENTED_EDGE('',*,*,#2564,.T.);
#2604 = PLANE('',#2605);
#2605 = AXIS2_PLACEMENT_3D('',#2606,#2607,#2608);
#2606 = CARTESIAN_POINT('',(-1.242562592039E-15,-3.713075123756E-16,-7.)
  );
#2607 = DIRECTION('',(0.,0.,1.));
#2608 = DIRECTION('',(1.,0.,0.));
#2609 = ADVANCED_FACE('',(#2610),#2628,.F.);
#2610 = FACE_BOUND('',#2611,.F.);
#2611 = EDGE_LOOP('',(#2612,#2613,#2621,#2627));
#2612 = ORIENTED_EDGE('',*,*,#2597,.F.);
#2613 = ORIENTED_EDGE('',*,*,#2614,.T.);
#2614 = EDGE_CURVE('',#2589,#2615,#2617,.T.);
#2615 = VERTEX_POINT('',#2616);
#2616 = CARTESIAN_POINT('',(-10.58192376221,-16.98302062327,0.));
#2617 = LINE('',#2618,#2619);
#2618 = CARTESIAN_POINT('',(-10.58192376221,-16.98302062327,2.));
#2619 = VECTOR('',#2620,1.);
#2620 = DIRECTION('',(0.,0.,1.));
#2621 = ORIENTED_EDGE('',*,*,#2622,.T.);
#2622 = EDGE_CURVE('',#2615,#890,#2623,.T.);
#2623 = LINE('',#2624,#2625);
#2624 = CARTESIAN_POINT('',(-2.374759204959,-4.421020099305,0.));
#2625 = VECTOR('',#2626,1.);
#2626 = DIRECTION('',(-0.546948158122,-0.837166478263,0.));
#2627 = ORIENTED_EDGE('',*,*,#898,.F.);
#2628 = PLANE('',#2629);
#2629 = AXIS2_PLACEMENT_3D('',#2630,#2631,#2632);
#2630 = CARTESIAN_POINT('',(-5.109499995571,-8.606852490618,-7.));
#2631 = DIRECTION('',(0.837166478263,-0.546948158122,0.));
#2632 = DIRECTION('',(-0.546948158122,-0.837166478263,0.));
#2633 = ADVANCED_FACE('',(#2634),#2653,.F.);
#2634 = FACE_BOUND('',#2635,.F.);
#2635 = EDGE_LOOP('',(#2636,#2637,#2646,#2652));
#2636 = ORIENTED_EDGE('',*,*,#2622,.F.);
#2637 = ORIENTED_EDGE('',*,*,#2638,.F.);
#2638 = EDGE_CURVE('',#2639,#2615,#2641,.T.);
#2639 = VERTEX_POINT('',#2640);
#2640 = CARTESIAN_POINT('',(-11.30188693352,-16.51264520729,0.));
#2641 = CIRCLE('',#2642,20.01);
#2642 = AXIS2_PLACEMENT_3D('',#2643,#2644,#2645);
#2643 = CARTESIAN_POINT('',(0.,0.,0.));
#2644 = DIRECTION('',(0.,0.,1.));
#2645 = DIRECTION('',(1.,0.,0.));
#2646 = ORIENTED_EDGE('',*,*,#2647,.F.);
#2647 = EDGE_CURVE('',#882,#2639,#2648,.T.);
#2648 = LINE('',#2649,#2650);
#2649 = CARTESIAN_POINT('',(-8.564203957489,-12.32230946594,0.));
#2650 = VECTOR('',#2651,1.);
#2651 = DIRECTION('',(0.546948158122,0.837166478263,0.));
#2652 = ORIENTED_EDGE('',*,*,#889,.T.);
#2653 = PLANE('',#2654);
#2654 = AXIS2_PLACEMENT_3D('',#2655,#2656,#2657);
#2655 = CARTESIAN_POINT('',(6.608181513231E-16,7.146895740817E-16,0.));
#2656 = DIRECTION('',(0.,0.,1.));
#2657 = DIRECTION('',(-0.546948158122,-0.837166478263,0.));
#2658 = ADVANCED_FACE('',(#2659),#2677,.F.);
#2659 = FACE_BOUND('',#2660,.F.);
#2660 = EDGE_LOOP('',(#2661,#2669,#2670,#2671));
#2661 = ORIENTED_EDGE('',*,*,#2662,.F.);
#2662 = EDGE_CURVE('',#873,#2663,#2665,.T.);
#2663 = VERTEX_POINT('',#2664);
#2664 = CARTESIAN_POINT('',(-11.30188693352,-16.51264520729,-7.));
#2665 = LINE('',#2666,#2667);
#2666 = CARTESIAN_POINT('',(-16.76842632932,-24.87980663988,-7.));
#2667 = VECTOR('',#2668,1.);
#2668 = DIRECTION('',(0.546948158122,0.837166478263,0.));
#2669 = ORIENTED_EDGE('',*,*,#881,.T.);
#2670 = ORIENTED_EDGE('',*,*,#2647,.T.);
#2671 = ORIENTED_EDGE('',*,*,#2672,.F.);
#2672 = EDGE_CURVE('',#2663,#2639,#2673,.T.);
#2673 = LINE('',#2674,#2675);
#2674 = CARTESIAN_POINT('',(-11.30188693352,-16.51264520729,2.));
#2675 = VECTOR('',#2676,1.);
#2676 = DIRECTION('',(0.,0.,1.));
#2677 = PLANE('',#2678);
#2678 = AXIS2_PLACEMENT_3D('',#2679,#2680,#2681);
#2679 = CARTESIAN_POINT('',(-16.76842632932,-24.87980663988,-7.));
#2680 = DIRECTION('',(-0.837166478263,0.546948158122,0.));
#2681 = DIRECTION('',(0.546948158122,0.837166478263,0.));
#2682 = ADVANCED_FACE('',(#2683),#2702,.F.);
#2683 = FACE_BOUND('',#2684,.F.);
#2684 = EDGE_LOOP('',(#2685,#2694,#2700,#2701));
#2685 = ORIENTED_EDGE('',*,*,#2686,.F.);
#2686 = EDGE_CURVE('',#2687,#2663,#2689,.T.);
#2687 = VERTEX_POINT('',#2688);
#2688 = CARTESIAN_POINT('',(-13.23291343582,-15.00966695166,-7.));
#2689 = CIRCLE('',#2690,20.01);
#2690 = AXIS2_PLACEMENT_3D('',#2691,#2692,#2693);
#2691 = CARTESIAN_POINT('',(0.,0.,-7.));
#2692 = DIRECTION('',(0.,0.,1.));
#2693 = DIRECTION('',(1.,0.,0.));
#2694 = ORIENTED_EDGE('',*,*,#2695,.T.);
#2695 = EDGE_CURVE('',#2687,#865,#2696,.T.);
#2696 = LINE('',#2697,#2698);
#2697 = CARTESIAN_POINT('',(-6.456454434668,-7.64847018253,-7.));
#2698 = VECTOR('',#2699,1.);
#2699 = DIRECTION('',(-0.677281571626,-0.735723910673,0.));
#2700 = ORIENTED_EDGE('',*,*,#872,.T.);
#2701 = ORIENTED_EDGE('',*,*,#2662,.T.);
#2702 = PLANE('',#2703);
#2703 = AXIS2_PLACEMENT_3D('',#2704,#2705,#2706);
#2704 = CARTESIAN_POINT('',(-1.242562592039E-15,-3.713075123756E-16,-7.)
  );
#2705 = DIRECTION('',(0.,0.,1.));
#2706 = DIRECTION('',(1.,0.,0.));
#2707 = ADVANCED_FACE('',(#2708),#2726,.F.);
#2708 = FACE_BOUND('',#2709,.F.);
#2709 = EDGE_LOOP('',(#2710,#2711,#2719,#2725));
#2710 = ORIENTED_EDGE('',*,*,#2695,.F.);
#2711 = ORIENTED_EDGE('',*,*,#2712,.T.);
#2712 = EDGE_CURVE('',#2687,#2713,#2715,.T.);
#2713 = VERTEX_POINT('',#2714);
#2714 = CARTESIAN_POINT('',(-13.23291343582,-15.00966695166,0.));
#2715 = LINE('',#2716,#2717);
#2716 = CARTESIAN_POINT('',(-13.23291343582,-15.00966695166,2.));
#2717 = VECTOR('',#2718,1.);
#2718 = DIRECTION('',(0.,0.,1.));
#2719 = ORIENTED_EDGE('',*,*,#2720,.T.);
#2720 = EDGE_CURVE('',#2713,#856,#2721,.T.);
#2721 = LINE('',#2722,#2723);
#2722 = CARTESIAN_POINT('',(-3.070046576539,-3.969850629165,0.));
#2723 = VECTOR('',#2724,1.);
#2724 = DIRECTION('',(-0.677281571626,-0.735723910673,0.));
#2725 = ORIENTED_EDGE('',*,*,#864,.F.);
#2726 = PLANE('',#2727);
#2727 = AXIS2_PLACEMENT_3D('',#2728,#2729,#2730);
#2728 = CARTESIAN_POINT('',(-6.456454434668,-7.64847018253,-7.));
#2729 = DIRECTION('',(0.735723910673,-0.677281571626,0.));
#2730 = DIRECTION('',(-0.677281571626,-0.735723910673,0.));
#2731 = ADVANCED_FACE('',(#2732),#2751,.F.);
#2732 = FACE_BOUND('',#2733,.F.);
#2733 = EDGE_LOOP('',(#2734,#2735,#2744,#2750));
#2734 = ORIENTED_EDGE('',*,*,#2720,.F.);
#2735 = ORIENTED_EDGE('',*,*,#2736,.F.);
#2736 = EDGE_CURVE('',#2737,#2713,#2739,.T.);
#2737 = VERTEX_POINT('',#2738);
#2738 = CARTESIAN_POINT('',(-13.865635999,-14.42720480006,0.));
#2739 = CIRCLE('',#2740,20.01);
#2740 = AXIS2_PLACEMENT_3D('',#2741,#2742,#2743);
#2741 = CARTESIAN_POINT('',(0.,0.,0.));
#2742 = DIRECTION('',(0.,0.,1.));
#2743 = DIRECTION('',(1.,0.,0.));
#2744 = ORIENTED_EDGE('',*,*,#2745,.F.);
#2745 = EDGE_CURVE('',#848,#2737,#2746,.T.);
#2746 = LINE('',#2747,#2748);
#2747 = CARTESIAN_POINT('',(-10.47558485597,-10.74462758429,0.));
#2748 = VECTOR('',#2749,1.);
#2749 = DIRECTION('',(0.677281571626,0.735723910673,0.));
#2750 = ORIENTED_EDGE('',*,*,#855,.T.);
#2751 = PLANE('',#2752);
#2752 = AXIS2_PLACEMENT_3D('',#2753,#2754,#2755);
#2753 = CARTESIAN_POINT('',(7.694394906751E-16,5.961750469524E-16,0.));
#2754 = DIRECTION('',(0.,0.,1.));
#2755 = DIRECTION('',(-0.677281571626,-0.735723910673,0.));
#2756 = ADVANCED_FACE('',(#2757),#2775,.F.);
#2757 = FACE_BOUND('',#2758,.F.);
#2758 = EDGE_LOOP('',(#2759,#2767,#2768,#2769));
#2759 = ORIENTED_EDGE('',*,*,#2760,.F.);
#2760 = EDGE_CURVE('',#839,#2761,#2763,.T.);
#2761 = VERTEX_POINT('',#2762);
#2762 = CARTESIAN_POINT('',(-13.865635999,-14.42720480006,-7.));
#2763 = LINE('',#2764,#2765);
#2764 = CARTESIAN_POINT('',(-20.63480843036,-21.78048624439,-7.));
#2765 = VECTOR('',#2766,1.);
#2766 = DIRECTION('',(0.677281571626,0.735723910673,0.));
#2767 = ORIENTED_EDGE('',*,*,#847,.T.);
#2768 = ORIENTED_EDGE('',*,*,#2745,.T.);
#2769 = ORIENTED_EDGE('',*,*,#2770,.F.);
#2770 = EDGE_CURVE('',#2761,#2737,#2771,.T.);
#2771 = LINE('',#2772,#2773);
#2772 = CARTESIAN_POINT('',(-13.865635999,-14.42720480006,2.));
#2773 = VECTOR('',#2774,1.);
#2774 = DIRECTION('',(0.,0.,1.));
#2775 = PLANE('',#2776);
#2776 = AXIS2_PLACEMENT_3D('',#2777,#2778,#2779);
#2777 = CARTESIAN_POINT('',(-20.63480843036,-21.78048624439,-7.));
#2778 = DIRECTION('',(-0.735723910673,0.677281571626,0.));
#2779 = DIRECTION('',(0.677281571626,0.735723910673,0.));
#2780 = ADVANCED_FACE('',(#2781),#2800,.F.);
#2781 = FACE_BOUND('',#2782,.F.);
#2782 = EDGE_LOOP('',(#2783,#2792,#2798,#2799));
#2783 = ORIENTED_EDGE('',*,*,#2784,.F.);
#2784 = EDGE_CURVE('',#2785,#2761,#2787,.T.);
#2785 = VERTEX_POINT('',#2786);
#2786 = CARTESIAN_POINT('',(-15.52294372653,-12.62688869289,-7.));
#2787 = CIRCLE('',#2788,20.01);
#2788 = AXIS2_PLACEMENT_3D('',#2789,#2790,#2791);
#2789 = CARTESIAN_POINT('',(0.,0.,-7.));
#2790 = DIRECTION('',(0.,0.,1.));
#2791 = DIRECTION('',(1.,0.,0.));
#2792 = ORIENTED_EDGE('',*,*,#2793,.T.);
#2793 = EDGE_CURVE('',#2785,#831,#2794,.T.);
#2794 = LINE('',#2795,#2796);
#2795 = CARTESIAN_POINT('',(-7.627293627507,-6.481457545937,-7.));
#2796 = VECTOR('',#2797,1.);
#2797 = DIRECTION('',(-0.789140509396,-0.61421271269,0.));
#2798 = ORIENTED_EDGE('',*,*,#838,.T.);
#2799 = ORIENTED_EDGE('',*,*,#2760,.T.);
#2800 = PLANE('',#2801);
#2801 = AXIS2_PLACEMENT_3D('',#2802,#2803,#2804);
#2802 = CARTESIAN_POINT('',(-1.242562592039E-15,-3.713075123756E-16,-7.)
  );
#2803 = DIRECTION('',(0.,0.,1.));
#2804 = DIRECTION('',(1.,0.,0.));
#2805 = ADVANCED_FACE('',(#2806),#2824,.F.);
#2806 = FACE_BOUND('',#2807,.F.);
#2807 = EDGE_LOOP('',(#2808,#2809,#2817,#2823));
#2808 = ORIENTED_EDGE('',*,*,#2793,.F.);
#2809 = ORIENTED_EDGE('',*,*,#2810,.T.);
#2810 = EDGE_CURVE('',#2785,#2811,#2813,.T.);
#2811 = VERTEX_POINT('',#2812);
#2812 = CARTESIAN_POINT('',(-15.52294372653,-12.62688869289,0.));
#2813 = LINE('',#2814,#2815);
#2814 = CARTESIAN_POINT('',(-15.52294372653,-12.62688869289,2.));
#2815 = VECTOR('',#2816,1.);
#2816 = DIRECTION('',(0.,0.,1.));
#2817 = ORIENTED_EDGE('',*,*,#2818,.T.);
#2818 = EDGE_CURVE('',#2811,#822,#2819,.T.);
#2819 = LINE('',#2820,#2821);
#2820 = CARTESIAN_POINT('',(-3.681591080525,-3.410393982489,0.));
#2821 = VECTOR('',#2822,1.);
#2822 = DIRECTION('',(-0.789140509396,-0.61421271269,0.));
#2823 = ORIENTED_EDGE('',*,*,#830,.F.);
#2824 = PLANE('',#2825);
#2825 = AXIS2_PLACEMENT_3D('',#2826,#2827,#2828);
#2826 = CARTESIAN_POINT('',(-7.627293627507,-6.481457545937,-7.));
#2827 = DIRECTION('',(0.61421271269,-0.789140509396,0.));
#2828 = DIRECTION('',(-0.789140509396,-0.61421271269,0.));
#2829 = ADVANCED_FACE('',(#2830),#2849,.F.);
#2830 = FACE_BOUND('',#2831,.F.);
#2831 = EDGE_LOOP('',(#2832,#2833,#2842,#2848));
#2832 = ORIENTED_EDGE('',*,*,#2818,.F.);
#2833 = ORIENTED_EDGE('',*,*,#2834,.F.);
#2834 = EDGE_CURVE('',#2835,#2811,#2837,.T.);
#2835 = VERTEX_POINT('',#2836);
#2836 = CARTESIAN_POINT('',(-16.05116665944,-11.94822785481,0.));
#2837 = CIRCLE('',#2838,20.01);
#2838 = AXIS2_PLACEMENT_3D('',#2839,#2840,#2841);
#2839 = CARTESIAN_POINT('',(0.,0.,0.));
#2840 = DIRECTION('',(0.,0.,1.));
#2841 = DIRECTION('',(1.,0.,0.));
#2842 = ORIENTED_EDGE('',*,*,#2843,.F.);
#2843 = EDGE_CURVE('',#814,#2835,#2844,.T.);
#2844 = LINE('',#2845,#2846);
#2845 = CARTESIAN_POINT('',(-12.1012191074,-8.873860271305,0.));
#2846 = VECTOR('',#2847,1.);
#2847 = DIRECTION('',(0.789140509396,0.61421271269,0.));
#2848 = ORIENTED_EDGE('',*,*,#821,.T.);
#2849 = PLANE('',#2850);
#2850 = AXIS2_PLACEMENT_3D('',#2851,#2852,#2853);
#2851 = CARTESIAN_POINT('',(8.570725265006E-16,4.613984186547E-16,0.));
#2852 = DIRECTION('',(0.,0.,1.));
#2853 = DIRECTION('',(-0.789140509396,-0.61421271269,0.));
#2854 = ADVANCED_FACE('',(#2855),#2873,.F.);
#2855 = FACE_BOUND('',#2856,.F.);
#2856 = EDGE_LOOP('',(#2857,#2865,#2866,#2867));
#2857 = ORIENTED_EDGE('',*,*,#2858,.F.);
#2858 = EDGE_CURVE('',#805,#2859,#2861,.T.);
#2859 = VERTEX_POINT('',#2860);
#2860 = CARTESIAN_POINT('',(-16.05116665944,-11.94822785481,-7.));
#2861 = LINE('',#2862,#2863);
#2862 = CARTESIAN_POINT('',(-23.93832674834,-18.08705096165,-7.));
#2863 = VECTOR('',#2864,1.);
#2864 = DIRECTION('',(0.789140509396,0.61421271269,0.));
#2865 = ORIENTED_EDGE('',*,*,#813,.T.);
#2866 = ORIENTED_EDGE('',*,*,#2843,.T.);
#2867 = ORIENTED_EDGE('',*,*,#2868,.F.);
#2868 = EDGE_CURVE('',#2859,#2835,#2869,.T.);
#2869 = LINE('',#2870,#2871);
#2870 = CARTESIAN_POINT('',(-16.05116665944,-11.94822785481,2.));
#2871 = VECTOR('',#2872,1.);
#2872 = DIRECTION('',(0.,0.,1.));
#2873 = PLANE('',#2874);
#2874 = AXIS2_PLACEMENT_3D('',#2875,#2876,#2877);
#2875 = CARTESIAN_POINT('',(-23.93832674834,-18.08705096165,-7.));
#2876 = DIRECTION('',(-0.61421271269,0.789140509396,0.));
#2877 = DIRECTION('',(0.789140509396,0.61421271269,0.));
#2878 = ADVANCED_FACE('',(#2879),#2898,.F.);
#2879 = FACE_BOUND('',#2880,.F.);
#2880 = EDGE_LOOP('',(#2881,#2890,#2896,#2897));
#2881 = ORIENTED_EDGE('',*,*,#2882,.F.);
#2882 = EDGE_CURVE('',#2883,#2859,#2885,.T.);
#2883 = VERTEX_POINT('',#2884);
#2884 = CARTESIAN_POINT('',(-17.38954857768,-9.899681826427,-7.));
#2885 = CIRCLE('',#2886,20.01);
#2886 = AXIS2_PLACEMENT_3D('',#2887,#2888,#2889);
#2887 = CARTESIAN_POINT('',(0.,0.,-7.));
#2888 = DIRECTION('',(0.,0.,1.));
#2889 = DIRECTION('',(1.,0.,0.));
#2890 = ORIENTED_EDGE('',*,*,#2891,.T.);
#2891 = EDGE_CURVE('',#2883,#797,#2892,.T.);
#2892 = LINE('',#2893,#2894);
#2893 = CARTESIAN_POINT('',(-8.590080133059,-5.13764764339,-7.));
#2894 = VECTOR('',#2895,1.);
#2895 = DIRECTION('',(-0.879473751206,-0.475947393037,0.));
#2896 = ORIENTED_EDGE('',*,*,#804,.T.);
#2897 = ORIENTED_EDGE('',*,*,#2858,.T.);
#2898 = PLANE('',#2899);
#2899 = AXIS2_PLACEMENT_3D('',#2900,#2901,#2902);
#2900 = CARTESIAN_POINT('',(-1.242562592039E-15,-3.713075123756E-16,-7.)
  );
#2901 = DIRECTION('',(0.,0.,1.));
#2902 = DIRECTION('',(1.,0.,0.));
#2903 = ADVANCED_FACE('',(#2904),#2922,.F.);
#2904 = FACE_BOUND('',#2905,.F.);
#2905 = EDGE_LOOP('',(#2906,#2907,#2915,#2921));
#2906 = ORIENTED_EDGE('',*,*,#2891,.F.);
#2907 = ORIENTED_EDGE('',*,*,#2908,.T.);
#2908 = EDGE_CURVE('',#2883,#2909,#2911,.T.);
#2909 = VERTEX_POINT('',#2910);
#2910 = CARTESIAN_POINT('',(-17.38954857768,-9.899681826427,0.));
#2911 = LINE('',#2912,#2913);
#2912 = CARTESIAN_POINT('',(-17.38954857768,-9.899681826427,2.));
#2913 = VECTOR('',#2914,1.);
#2914 = DIRECTION('',(0.,0.,1.));
#2915 = ORIENTED_EDGE('',*,*,#2916,.T.);
#2916 = EDGE_CURVE('',#2909,#788,#2917,.T.);
#2917 = LINE('',#2918,#2919);
#2918 = CARTESIAN_POINT('',(-4.192711377027,-2.757910678204,0.));
#2919 = VECTOR('',#2920,1.);
#2920 = DIRECTION('',(-0.879473751206,-0.475947393037,0.));
#2921 = ORIENTED_EDGE('',*,*,#796,.F.);
#2922 = PLANE('',#2923);
#2923 = AXIS2_PLACEMENT_3D('',#2924,#2925,#2926);
#2924 = CARTESIAN_POINT('',(-8.590080133059,-5.13764764339,-7.));
#2925 = DIRECTION('',(0.475947393037,-0.879473751206,0.));
#2926 = DIRECTION('',(-0.879473751206,-0.475947393037,0.));
#2927 = ADVANCED_FACE('',(#2928),#2947,.F.);
#2928 = FACE_BOUND('',#2929,.F.);
#2929 = EDGE_LOOP('',(#2930,#2931,#2940,#2946));
#2930 = ORIENTED_EDGE('',*,*,#2916,.F.);
#2931 = ORIENTED_EDGE('',*,*,#2932,.F.);
#2932 = EDGE_CURVE('',#2933,#2909,#2935,.T.);
#2933 = VERTEX_POINT('',#2934);
#2934 = CARTESIAN_POINT('',(-17.79886333569,-9.14333440039,0.));
#2935 = CIRCLE('',#2936,20.01);
#2936 = AXIS2_PLACEMENT_3D('',#2937,#2938,#2939);
#2937 = CARTESIAN_POINT('',(0.,0.,0.));
#2938 = DIRECTION('',(0.,0.,1.));
#2939 = DIRECTION('',(1.,0.,0.));
#2940 = ORIENTED_EDGE('',*,*,#2941,.F.);
#2941 = EDGE_CURVE('',#780,#2933,#2942,.T.);
#2942 = LINE('',#2943,#2944);
#2943 = CARTESIAN_POINT('',(-13.3967636471,-6.761037182537,0.));
#2944 = VECTOR('',#2945,1.);
#2945 = DIRECTION('',(0.879473751206,0.475947393037,0.));
#2946 = ORIENTED_EDGE('',*,*,#787,.T.);
#2947 = PLANE('',#2948);
#2948 = AXIS2_PLACEMENT_3D('',#2949,#2950,#2951);
#2949 = CARTESIAN_POINT('',(9.213268580244E-16,3.14036044272E-16,0.));
#2950 = DIRECTION('',(0.,0.,1.));
#2951 = DIRECTION('',(-0.879473751206,-0.475947393037,0.));
#2952 = ADVANCED_FACE('',(#2953),#2971,.F.);
#2953 = FACE_BOUND('',#2954,.F.);
#2954 = EDGE_LOOP('',(#2955,#2963,#2964,#2965));
#2955 = ORIENTED_EDGE('',*,*,#2956,.F.);
#2956 = EDGE_CURVE('',#771,#2957,#2959,.T.);
#2957 = VERTEX_POINT('',#2958);
#2958 = CARTESIAN_POINT('',(-17.79886333569,-9.14333440039,-7.));
#2959 = LINE('',#2960,#2961);
#2960 = CARTESIAN_POINT('',(-26.5888699152,-13.90024807809,-7.));
#2961 = VECTOR('',#2962,1.);
#2962 = DIRECTION('',(0.879473751206,0.475947393037,0.));
#2963 = ORIENTED_EDGE('',*,*,#779,.T.);
#2964 = ORIENTED_EDGE('',*,*,#2941,.T.);
#2965 = ORIENTED_EDGE('',*,*,#2966,.F.);
#2966 = EDGE_CURVE('',#2957,#2933,#2967,.T.);
#2967 = LINE('',#2968,#2969);
#2968 = CARTESIAN_POINT('',(-17.79886333569,-9.14333440039,2.));
#2969 = VECTOR('',#2970,1.);
#2970 = DIRECTION('',(0.,0.,1.));
#2971 = PLANE('',#2972);
#2972 = AXIS2_PLACEMENT_3D('',#2973,#2974,#2975);
#2973 = CARTESIAN_POINT('',(-26.5888699152,-13.90024807809,-7.));
#2974 = DIRECTION('',(-0.475947393037,0.879473751206,0.));
#2975 = DIRECTION('',(0.879473751206,0.475947393037,0.));
#2976 = ADVANCED_FACE('',(#2977),#2996,.F.);
#2977 = FACE_BOUND('',#2978,.F.);
#2978 = EDGE_LOOP('',(#2979,#2988,#2994,#2995));
#2979 = ORIENTED_EDGE('',*,*,#2980,.F.);
#2980 = EDGE_CURVE('',#2981,#2957,#2983,.T.);
#2981 = VERTEX_POINT('',#2982);
#2982 = CARTESIAN_POINT('',(-18.78181187479,-6.902437446277,-7.));
#2983 = CIRCLE('',#2984,20.01);
#2984 = AXIS2_PLACEMENT_3D('',#2985,#2986,#2987);
#2985 = CARTESIAN_POINT('',(0.,0.,-7.));
#2986 = DIRECTION('',(0.,0.,1.));
#2987 = DIRECTION('',(1.,0.,0.));
#2988 = ORIENTED_EDGE('',*,*,#2989,.T.);
#2989 = EDGE_CURVE('',#2981,#763,#2990,.T.);
#2990 = LINE('',#2991,#2992);
#2991 = CARTESIAN_POINT('',(-9.318551645248,-3.653696105978,-7.));
#2992 = VECTOR('',#2993,1.);
#2993 = DIRECTION('',(-0.945817241701,-0.324699469205,0.));
#2994 = ORIENTED_EDGE('',*,*,#770,.T.);
#2995 = ORIENTED_EDGE('',*,*,#2956,.T.);
#2996 = PLANE('',#2997);
#2997 = AXIS2_PLACEMENT_3D('',#2998,#2999,#3000);
#2998 = CARTESIAN_POINT('',(-1.242562592039E-15,-3.713075123756E-16,-7.)
  );
#2999 = DIRECTION('',(0.,0.,1.));
#3000 = DIRECTION('',(1.,0.,0.));
#3001 = ADVANCED_FACE('',(#3002),#3020,.F.);
#3002 = FACE_BOUND('',#3003,.F.);
#3003 = EDGE_LOOP('',(#3004,#3005,#3013,#3019));
#3004 = ORIENTED_EDGE('',*,*,#2989,.F.);
#3005 = ORIENTED_EDGE('',*,*,#3006,.T.);
#3006 = EDGE_CURVE('',#2981,#3007,#3009,.T.);
#3007 = VERTEX_POINT('',#3008);
#3008 = CARTESIAN_POINT('',(-18.78181187479,-6.902437446277,0.));
#3009 = LINE('',#3010,#3011);
#3010 = CARTESIAN_POINT('',(-18.78181187479,-6.902437446277,2.));
#3011 = VECTOR('',#3012,1.);
#3012 = DIRECTION('',(0.,0.,1.));
#3013 = ORIENTED_EDGE('',*,*,#3014,.T.);
#3014 = EDGE_CURVE('',#3007,#754,#3015,.T.);
#3015 = LINE('',#3016,#3017);
#3016 = CARTESIAN_POINT('',(-4.589465436745,-2.030198759955,0.));
#3017 = VECTOR('',#3018,1.);
#3018 = DIRECTION('',(-0.945817241701,-0.324699469205,0.));
#3019 = ORIENTED_EDGE('',*,*,#762,.F.);
#3020 = PLANE('',#3021);
#3021 = AXIS2_PLACEMENT_3D('',#3022,#3023,#3024);
#3022 = CARTESIAN_POINT('',(-9.318551645248,-3.653696105978,-7.));
#3023 = DIRECTION('',(0.324699469205,-0.945817241701,0.));
#3024 = DIRECTION('',(-0.945817241701,-0.324699469205,0.));
#3025 = ADVANCED_FACE('',(#3026),#3045,.F.);
#3026 = FACE_BOUND('',#3027,.F.);
#3027 = EDGE_LOOP('',(#3028,#3029,#3038,#3044));
#3028 = ORIENTED_EDGE('',*,*,#3014,.F.);
#3029 = ORIENTED_EDGE('',*,*,#3030,.F.);
#3030 = EDGE_CURVE('',#3031,#3007,#3033,.T.);
#3031 = VERTEX_POINT('',#3032);
#3032 = CARTESIAN_POINT('',(-19.06105341831,-6.089034618414,0.));
#3033 = CIRCLE('',#3034,20.01);
#3034 = AXIS2_PLACEMENT_3D('',#3035,#3036,#3037);
#3035 = CARTESIAN_POINT('',(0.,0.,0.));
#3036 = DIRECTION('',(0.,0.,1.));
#3037 = DIRECTION('',(1.,0.,0.));
#3038 = ORIENTED_EDGE('',*,*,#3039,.F.);
#3039 = EDGE_CURVE('',#746,#3031,#3040,.T.);
#3040 = LINE('',#3041,#3042);
#3041 = CARTESIAN_POINT('',(-14.32687939726,-4.463790624139,0.));
#3042 = VECTOR('',#3043,1.);
#3043 = DIRECTION('',(0.945817241701,0.324699469205,0.));
#3044 = ORIENTED_EDGE('',*,*,#753,.T.);
#3045 = PLANE('',#3046);
#3046 = AXIS2_PLACEMENT_3D('',#3047,#3048,#3049);
#3047 = CARTESIAN_POINT('',(9.604497945812E-16,1.581075852324E-16,0.));
#3048 = DIRECTION('',(0.,0.,1.));
#3049 = DIRECTION('',(-0.945817241701,-0.324699469205,0.));
#3050 = ADVANCED_FACE('',(#3051),#3069,.F.);
#3051 = FACE_BOUND('',#3052,.F.);
#3052 = EDGE_LOOP('',(#3053,#3061,#3062,#3063));
#3053 = ORIENTED_EDGE('',*,*,#3054,.F.);
#3054 = EDGE_CURVE('',#737,#3055,#3057,.T.);
#3055 = VERTEX_POINT('',#3056);
#3056 = CARTESIAN_POINT('',(-19.06105341831,-6.089034618414,-7.));
#3057 = LINE('',#3058,#3059);
#3058 = CARTESIAN_POINT('',(-28.51413802277,-9.334282662209,-7.));
#3059 = VECTOR('',#3060,1.);
#3060 = DIRECTION('',(0.945817241701,0.324699469205,0.));
#3061 = ORIENTED_EDGE('',*,*,#745,.T.);
#3062 = ORIENTED_EDGE('',*,*,#3039,.T.);
#3063 = ORIENTED_EDGE('',*,*,#3064,.F.);
#3064 = EDGE_CURVE('',#3055,#3031,#3065,.T.);
#3065 = LINE('',#3066,#3067);
#3066 = CARTESIAN_POINT('',(-19.06105341831,-6.089034618414,2.));
#3067 = VECTOR('',#3068,1.);
#3068 = DIRECTION('',(0.,0.,1.));
#3069 = PLANE('',#3070);
#3070 = AXIS2_PLACEMENT_3D('',#3071,#3072,#3073);
#3071 = CARTESIAN_POINT('',(-28.51413802277,-9.334282662209,-7.));
#3072 = DIRECTION('',(-0.324699469205,0.945817241701,0.));
#3073 = DIRECTION('',(0.945817241701,0.324699469205,0.));
#3074 = ADVANCED_FACE('',(#3075),#3094,.F.);
#3075 = FACE_BOUND('',#3076,.F.);
#3076 = EDGE_LOOP('',(#3077,#3086,#3092,#3093));
#3077 = ORIENTED_EDGE('',*,*,#3078,.F.);
#3078 = EDGE_CURVE('',#3079,#3055,#3081,.T.);
#3079 = VERTEX_POINT('',#3080);
#3080 = CARTESIAN_POINT('',(-19.66175630449,-3.716912565903,-7.));
#3081 = CIRCLE('',#3082,20.01);
#3082 = AXIS2_PLACEMENT_3D('',#3083,#3084,#3085);
#3083 = CARTESIAN_POINT('',(0.,0.,-7.));
#3084 = DIRECTION('',(0.,0.,1.));
#3085 = DIRECTION('',(1.,0.,0.));
#3086 = ORIENTED_EDGE('',*,*,#3087,.T.);
#3087 = EDGE_CURVE('',#3079,#729,#3088,.T.);
#3088 = LINE('',#3089,#3090);
#3089 = CARTESIAN_POINT('',(-9.792837360207,-2.070081263271,-7.));
#3090 = VECTOR('',#3091,1.);
#3091 = DIRECTION('',(-0.986361303403,-0.164594590281,0.));
#3092 = ORIENTED_EDGE('',*,*,#736,.T.);
#3093 = ORIENTED_EDGE('',*,*,#3054,.T.);
#3094 = PLANE('',#3095);
#3095 = AXIS2_PLACEMENT_3D('',#3096,#3097,#3098);
#3096 = CARTESIAN_POINT('',(-1.242562592039E-15,-3.713075123756E-16,-7.)
  );
#3097 = DIRECTION('',(0.,0.,1.));
#3098 = DIRECTION('',(1.,0.,0.));
#3099 = ADVANCED_FACE('',(#3100),#3118,.F.);
#3100 = FACE_BOUND('',#3101,.F.);
#3101 = EDGE_LOOP('',(#3102,#3103,#3111,#3117));
#3102 = ORIENTED_EDGE('',*,*,#3087,.F.);
#3103 = ORIENTED_EDGE('',*,*,#3104,.T.);
#3104 = EDGE_CURVE('',#3079,#3105,#3107,.T.);
#3105 = VERTEX_POINT('',#3106);
#3106 = CARTESIAN_POINT('',(-19.66175630449,-3.716912565903,0.));
#3107 = LINE('',#3108,#3109);
#3108 = CARTESIAN_POINT('',(-19.66175630449,-3.716912565903,2.));
#3109 = VECTOR('',#3110,1.);
#3110 = DIRECTION('',(0.,0.,1.));
#3111 = ORIENTED_EDGE('',*,*,#3112,.T.);
#3112 = EDGE_CURVE('',#3105,#720,#3113,.T.);
#3113 = LINE('',#3114,#3115);
#3114 = CARTESIAN_POINT('',(-4.861030843193,-1.247108311867,0.));
#3115 = VECTOR('',#3116,1.);
#3116 = DIRECTION('',(-0.986361303403,-0.164594590281,0.));
#3117 = ORIENTED_EDGE('',*,*,#728,.F.);
#3118 = PLANE('',#3119);
#3119 = AXIS2_PLACEMENT_3D('',#3120,#3121,#3122);
#3120 = CARTESIAN_POINT('',(-9.792837360207,-2.070081263271,-7.));
#3121 = DIRECTION('',(0.164594590281,-0.986361303403,0.));
#3122 = DIRECTION('',(-0.986361303403,-0.164594590281,0.));
#3123 = ADVANCED_FACE('',(#3124),#3143,.F.);
#3124 = FACE_BOUND('',#3125,.F.);
#3125 = EDGE_LOOP('',(#3126,#3127,#3136,#3142));
#3126 = ORIENTED_EDGE('',*,*,#3112,.F.);
#3127 = ORIENTED_EDGE('',*,*,#3128,.F.);
#3128 = EDGE_CURVE('',#3129,#3105,#3131,.T.);
#3129 = VERTEX_POINT('',#3130);
#3130 = CARTESIAN_POINT('',(-19.80330765213,-2.868641844977,0.));
#3131 = CIRCLE('',#3132,20.01);
#3132 = AXIS2_PLACEMENT_3D('',#3133,#3134,#3135);
#3133 = CARTESIAN_POINT('',(0.,0.,0.));
#3134 = DIRECTION('',(0.,0.,1.));
#3135 = DIRECTION('',(1.,0.,0.));
#3136 = ORIENTED_EDGE('',*,*,#3137,.F.);
#3137 = EDGE_CURVE('',#712,#3129,#3138,.T.);
#3138 = LINE('',#3139,#3140);
#3139 = CARTESIAN_POINT('',(-14.86619522486,-2.044783493748,0.));
#3140 = VECTOR('',#3141,1.);
#3141 = DIRECTION('',(0.986361303403,0.164594590281,0.));
#3142 = ORIENTED_EDGE('',*,*,#719,.T.);
#3143 = PLANE('',#3144);
#3144 = AXIS2_PLACEMENT_3D('',#3145,#3146,#3147);
#3145 = CARTESIAN_POINT('',(9.733741644476E-16,-2.133636576658E-18,0.));
#3146 = DIRECTION('',(0.,0.,1.));
#3147 = DIRECTION('',(-0.986361303403,-0.164594590281,0.));
#3148 = ADVANCED_FACE('',(#3149),#3167,.F.);
#3149 = FACE_BOUND('',#3150,.F.);
#3150 = EDGE_LOOP('',(#3151,#3159,#3160,#3161));
#3151 = ORIENTED_EDGE('',*,*,#3152,.F.);
#3152 = EDGE_CURVE('',#703,#3153,#3155,.T.);
#3153 = VERTEX_POINT('',#3154);
#3154 = CARTESIAN_POINT('',(-19.80330765213,-2.868641844977,-7.));
#3155 = LINE('',#3156,#3157);
#3156 = CARTESIAN_POINT('',(-29.6616147759,-4.513702347959,-7.));
#3157 = VECTOR('',#3158,1.);
#3158 = DIRECTION('',(0.986361303403,0.164594590281,0.));
#3159 = ORIENTED_EDGE('',*,*,#711,.T.);
#3160 = ORIENTED_EDGE('',*,*,#3137,.T.);
#3161 = ORIENTED_EDGE('',*,*,#3162,.F.);
#3162 = EDGE_CURVE('',#3153,#3129,#3163,.T.);
#3163 = LINE('',#3164,#3165);
#3164 = CARTESIAN_POINT('',(-19.80330765213,-2.868641844977,2.));
#3165 = VECTOR('',#3166,1.);
#3166 = DIRECTION('',(0.,0.,1.));
#3167 = PLANE('',#3168);
#3168 = AXIS2_PLACEMENT_3D('',#3169,#3170,#3171);
#3169 = CARTESIAN_POINT('',(-29.6616147759,-4.513702347959,-7.));
#3170 = DIRECTION('',(-0.164594590281,0.986361303403,0.));
#3171 = DIRECTION('',(0.986361303403,0.164594590281,0.));
#3172 = ADVANCED_FACE('',(#3173),#3192,.F.);
#3173 = FACE_BOUND('',#3174,.F.);
#3174 = EDGE_LOOP('',(#3175,#3184,#3190,#3191));
#3175 = ORIENTED_EDGE('',*,*,#3176,.F.);
#3176 = EDGE_CURVE('',#3177,#3153,#3179,.T.);
#3177 = VERTEX_POINT('',#3178);
#3178 = CARTESIAN_POINT('',(-20.00537927658,-0.43,-7.));
#3179 = CIRCLE('',#3180,20.01);
#3180 = AXIS2_PLACEMENT_3D('',#3181,#3182,#3183);
#3181 = CARTESIAN_POINT('',(0.,0.,-7.));
#3182 = DIRECTION('',(0.,0.,1.));
#3183 = DIRECTION('',(1.,0.,0.));
#3184 = ORIENTED_EDGE('',*,*,#3185,.T.);
#3185 = EDGE_CURVE('',#3177,#695,#3186,.T.);
#3186 = LINE('',#3187,#3188);
#3187 = CARTESIAN_POINT('',(-10.,-0.43,-7.));
#3188 = VECTOR('',#3189,1.);
#3189 = DIRECTION('',(-1.,-1.224646799147E-16,0.));
#3190 = ORIENTED_EDGE('',*,*,#702,.T.);
#3191 = ORIENTED_EDGE('',*,*,#3152,.T.);
#3192 = PLANE('',#3193);
#3193 = AXIS2_PLACEMENT_3D('',#3194,#3195,#3196);
#3194 = CARTESIAN_POINT('',(-1.242562592039E-15,-3.713075123756E-16,-7.)
  );
#3195 = DIRECTION('',(0.,0.,1.));
#3196 = DIRECTION('',(1.,0.,0.));
#3197 = ADVANCED_FACE('',(#3198),#3216,.F.);
#3198 = FACE_BOUND('',#3199,.F.);
#3199 = EDGE_LOOP('',(#3200,#3201,#3209,#3215));
#3200 = ORIENTED_EDGE('',*,*,#3185,.F.);
#3201 = ORIENTED_EDGE('',*,*,#3202,.T.);
#3202 = EDGE_CURVE('',#3177,#3203,#3205,.T.);
#3203 = VERTEX_POINT('',#3204);
#3204 = CARTESIAN_POINT('',(-20.00537927658,-0.43,0.));
#3205 = LINE('',#3206,#3207);
#3206 = CARTESIAN_POINT('',(-20.00537927658,-0.43,2.));
#3207 = VECTOR('',#3208,1.);
#3208 = DIRECTION('',(0.,0.,1.));
#3209 = ORIENTED_EDGE('',*,*,#3210,.T.);
#3210 = EDGE_CURVE('',#3203,#686,#3211,.T.);
#3211 = LINE('',#3212,#3213);
#3212 = CARTESIAN_POINT('',(-5.,-0.43,0.));
#3213 = VECTOR('',#3214,1.);
#3214 = DIRECTION('',(-1.,-1.224646799147E-16,0.));
#3215 = ORIENTED_EDGE('',*,*,#694,.F.);
#3216 = PLANE('',#3217);
#3217 = AXIS2_PLACEMENT_3D('',#3218,#3219,#3220);
#3218 = CARTESIAN_POINT('',(-10.,-0.43,-7.));
#3219 = DIRECTION('',(1.224646799147E-16,-1.,0.));
#3220 = DIRECTION('',(-1.,-1.224646799147E-16,0.));
#3221 = ADVANCED_FACE('',(#3222),#3241,.F.);
#3222 = FACE_BOUND('',#3223,.F.);
#3223 = EDGE_LOOP('',(#3224,#3225,#3234,#3240));
#3224 = ORIENTED_EDGE('',*,*,#3210,.F.);
#3225 = ORIENTED_EDGE('',*,*,#3226,.F.);
#3226 = EDGE_CURVE('',#3227,#3203,#3229,.T.);
#3227 = VERTEX_POINT('',#3228);
#3228 = CARTESIAN_POINT('',(-20.00537927658,0.43,0.));
#3229 = CIRCLE('',#3230,20.01);
#3230 = AXIS2_PLACEMENT_3D('',#3231,#3232,#3233);
#3231 = CARTESIAN_POINT('',(0.,0.,0.));
#3232 = DIRECTION('',(0.,0.,1.));
#3233 = DIRECTION('',(1.,0.,0.));
#3234 = ORIENTED_EDGE('',*,*,#3235,.F.);
#3235 = EDGE_CURVE('',#678,#3227,#3236,.T.);
#3236 = LINE('',#3237,#3238);
#3237 = CARTESIAN_POINT('',(-15.,0.43,0.));
#3238 = VECTOR('',#3239,1.);
#3239 = DIRECTION('',(1.,1.224646799147E-16,0.));
#3240 = ORIENTED_EDGE('',*,*,#685,.T.);
#3241 = PLANE('',#3242);
#3242 = AXIS2_PLACEMENT_3D('',#3243,#3244,#3245);
#3243 = CARTESIAN_POINT('',(9.597474245049E-16,-1.623166583418E-16,0.));
#3244 = DIRECTION('',(0.,0.,1.));
#3245 = DIRECTION('',(-1.,-1.224646799147E-16,0.));
#3246 = ADVANCED_FACE('',(#3247),#3265,.F.);
#3247 = FACE_BOUND('',#3248,.F.);
#3248 = EDGE_LOOP('',(#3249,#3257,#3258,#3259));
#3249 = ORIENTED_EDGE('',*,*,#3250,.F.);
#3250 = EDGE_CURVE('',#669,#3251,#3253,.T.);
#3251 = VERTEX_POINT('',#3252);
#3252 = CARTESIAN_POINT('',(-20.00537927658,0.43,-7.));
#3253 = LINE('',#3254,#3255);
#3254 = CARTESIAN_POINT('',(-30.,0.43,-7.));
#3255 = VECTOR('',#3256,1.);
#3256 = DIRECTION('',(1.,1.224646799147E-16,0.));
#3257 = ORIENTED_EDGE('',*,*,#677,.T.);
#3258 = ORIENTED_EDGE('',*,*,#3235,.T.);
#3259 = ORIENTED_EDGE('',*,*,#3260,.F.);
#3260 = EDGE_CURVE('',#3251,#3227,#3261,.T.);
#3261 = LINE('',#3262,#3263);
#3262 = CARTESIAN_POINT('',(-20.00537927658,0.43,2.));
#3263 = VECTOR('',#3264,1.);
#3264 = DIRECTION('',(0.,0.,1.));
#3265 = PLANE('',#3266);
#3266 = AXIS2_PLACEMENT_3D('',#3267,#3268,#3269);
#3267 = CARTESIAN_POINT('',(-30.,0.43,-7.));
#3268 = DIRECTION('',(-1.224646799147E-16,1.,0.));
#3269 = DIRECTION('',(1.,1.224646799147E-16,0.));
#3270 = ADVANCED_FACE('',(#3271),#3290,.F.);
#3271 = FACE_BOUND('',#3272,.F.);
#3272 = EDGE_LOOP('',(#3273,#3282,#3288,#3289));
#3273 = ORIENTED_EDGE('',*,*,#3274,.F.);
#3274 = EDGE_CURVE('',#3275,#3251,#3277,.T.);
#3275 = VERTEX_POINT('',#3276);
#3276 = CARTESIAN_POINT('',(-19.80330765213,2.868641844977,-7.));
#3277 = CIRCLE('',#3278,20.01);
#3278 = AXIS2_PLACEMENT_3D('',#3279,#3280,#3281);
#3279 = CARTESIAN_POINT('',(0.,0.,-7.));
#3280 = DIRECTION('',(0.,0.,1.));
#3281 = DIRECTION('',(1.,0.,0.));
#3282 = ORIENTED_EDGE('',*,*,#3283,.T.);
#3283 = EDGE_CURVE('',#3275,#661,#3284,.T.);
#3284 = LINE('',#3285,#3286);
#3285 = CARTESIAN_POINT('',(-9.934388707848,1.221810542344,-7.));
#3286 = VECTOR('',#3287,1.);
#3287 = DIRECTION('',(-0.986361303403,0.164594590281,0.));
#3288 = ORIENTED_EDGE('',*,*,#668,.T.);
#3289 = ORIENTED_EDGE('',*,*,#3250,.T.);
#3290 = PLANE('',#3291);
#3291 = AXIS2_PLACEMENT_3D('',#3292,#3293,#3294);
#3292 = CARTESIAN_POINT('',(-1.242562592039E-15,-3.713075123756E-16,-7.)
  );
#3293 = DIRECTION('',(0.,0.,1.));
#3294 = DIRECTION('',(1.,0.,0.));
#3295 = ADVANCED_FACE('',(#3296),#3314,.F.);
#3296 = FACE_BOUND('',#3297,.F.);
#3297 = EDGE_LOOP('',(#3298,#3299,#3307,#3313));
#3298 = ORIENTED_EDGE('',*,*,#3283,.F.);
#3299 = ORIENTED_EDGE('',*,*,#3300,.T.);
#3300 = EDGE_CURVE('',#3275,#3301,#3303,.T.);
#3301 = VERTEX_POINT('',#3302);
#3302 = CARTESIAN_POINT('',(-19.80330765213,2.868641844977,0.));
#3303 = LINE('',#3304,#3305);
#3304 = CARTESIAN_POINT('',(-19.80330765213,2.868641844977,2.));
#3305 = VECTOR('',#3306,1.);
#3306 = DIRECTION('',(0.,0.,1.));
#3307 = ORIENTED_EDGE('',*,*,#3308,.T.);
#3308 = EDGE_CURVE('',#3301,#652,#3309,.T.);
#3309 = LINE('',#3310,#3311);
#3310 = CARTESIAN_POINT('',(-5.002582190834,0.39883759094,0.));
#3311 = VECTOR('',#3312,1.);
#3312 = DIRECTION('',(-0.986361303403,0.164594590281,0.));
#3313 = ORIENTED_EDGE('',*,*,#660,.F.);
#3314 = PLANE('',#3315);
#3315 = AXIS2_PLACEMENT_3D('',#3316,#3317,#3318);
#3316 = CARTESIAN_POINT('',(-9.934388707848,1.221810542344,-7.));
#3317 = DIRECTION('',(-0.164594590281,-0.986361303403,0.));
#3318 = DIRECTION('',(-0.986361303403,0.164594590281,0.));
#3319 = ADVANCED_FACE('',(#3320),#3339,.F.);
#3320 = FACE_BOUND('',#3321,.F.);
#3321 = EDGE_LOOP('',(#3322,#3323,#3332,#3338));
#3322 = ORIENTED_EDGE('',*,*,#3308,.F.);
#3323 = ORIENTED_EDGE('',*,*,#3324,.F.);
#3324 = EDGE_CURVE('',#3325,#3301,#3327,.T.);
#3325 = VERTEX_POINT('',#3326);
#3326 = CARTESIAN_POINT('',(-19.66175630449,3.716912565903,0.));
#3327 = CIRCLE('',#3328,20.01);
#3328 = AXIS2_PLACEMENT_3D('',#3329,#3330,#3331);
#3329 = CARTESIAN_POINT('',(0.,0.,0.));
#3330 = DIRECTION('',(0.,0.,1.));
#3331 = DIRECTION('',(1.,0.,0.));
#3332 = ORIENTED_EDGE('',*,*,#3333,.F.);
#3333 = EDGE_CURVE('',#644,#3325,#3334,.T.);
#3334 = LINE('',#3335,#3336);
#3335 = CARTESIAN_POINT('',(-14.72464387722,2.893054214674,0.));
#3336 = VECTOR('',#3337,1.);
#3337 = DIRECTION('',(0.986361303403,-0.164594590281,0.));
#3338 = ORIENTED_EDGE('',*,*,#651,.T.);
#3339 = PLANE('',#3340);
#3340 = AXIS2_PLACEMENT_3D('',#3341,#3342,#3343);
#3341 = CARTESIAN_POINT('',(9.199412766966E-16,-3.180721047954E-16,0.));
#3342 = DIRECTION('',(0.,0.,1.));
#3343 = DIRECTION('',(-0.986361303403,0.164594590281,0.));
#3344 = ADVANCED_FACE('',(#3345),#3363,.F.);
#3345 = FACE_BOUND('',#3346,.F.);
#3346 = EDGE_LOOP('',(#3347,#3355,#3356,#3357));
#3347 = ORIENTED_EDGE('',*,*,#3348,.F.);
#3348 = EDGE_CURVE('',#635,#3349,#3351,.T.);
#3349 = VERTEX_POINT('',#3350);
#3350 = CARTESIAN_POINT('',(-19.66175630449,3.716912565903,-7.));
#3351 = LINE('',#3352,#3353);
#3352 = CARTESIAN_POINT('',(-29.52006342826,5.361973068885,-7.));
#3353 = VECTOR('',#3354,1.);
#3354 = DIRECTION('',(0.986361303403,-0.164594590281,0.));
#3355 = ORIENTED_EDGE('',*,*,#643,.T.);
#3356 = ORIENTED_EDGE('',*,*,#3333,.T.);
#3357 = ORIENTED_EDGE('',*,*,#3358,.F.);
#3358 = EDGE_CURVE('',#3349,#3325,#3359,.T.);
#3359 = LINE('',#3360,#3361);
#3360 = CARTESIAN_POINT('',(-19.66175630449,3.716912565903,2.));
#3361 = VECTOR('',#3362,1.);
#3362 = DIRECTION('',(0.,0.,1.));
#3363 = PLANE('',#3364);
#3364 = AXIS2_PLACEMENT_3D('',#3365,#3366,#3367);
#3365 = CARTESIAN_POINT('',(-29.52006342826,5.361973068885,-7.));
#3366 = DIRECTION('',(0.164594590281,0.986361303403,0.));
#3367 = DIRECTION('',(0.986361303403,-0.164594590281,0.));
#3368 = ADVANCED_FACE('',(#3369),#3388,.F.);
#3369 = FACE_BOUND('',#3370,.F.);
#3370 = EDGE_LOOP('',(#3371,#3380,#3386,#3387));
#3371 = ORIENTED_EDGE('',*,*,#3372,.F.);
#3372 = EDGE_CURVE('',#3373,#3349,#3375,.T.);
#3373 = VERTEX_POINT('',#3374);
#3374 = CARTESIAN_POINT('',(-19.06105341831,6.089034618414,-7.));
#3375 = CIRCLE('',#3376,20.01);
#3376 = AXIS2_PLACEMENT_3D('',#3377,#3378,#3379);
#3377 = CARTESIAN_POINT('',(0.,0.,-7.));
#3378 = DIRECTION('',(0.,0.,1.));
#3379 = DIRECTION('',(1.,0.,0.));
#3380 = ORIENTED_EDGE('',*,*,#3381,.T.);
#3381 = EDGE_CURVE('',#3373,#627,#3382,.T.);
#3382 = LINE('',#3383,#3384);
#3383 = CARTESIAN_POINT('',(-9.597793188764,2.840293278116,-7.));
#3384 = VECTOR('',#3385,1.);
#3385 = DIRECTION('',(-0.945817241701,0.324699469205,0.));
#3386 = ORIENTED_EDGE('',*,*,#634,.T.);
#3387 = ORIENTED_EDGE('',*,*,#3348,.T.);
#3388 = PLANE('',#3389);
#3389 = AXIS2_PLACEMENT_3D('',#3390,#3391,#3392);
#3390 = CARTESIAN_POINT('',(-1.242562592039E-15,-3.713075123756E-16,-7.)
  );
#3391 = DIRECTION('',(0.,0.,1.));
#3392 = DIRECTION('',(1.,0.,0.));
#3393 = ADVANCED_FACE('',(#3394),#3412,.F.);
#3394 = FACE_BOUND('',#3395,.F.);
#3395 = EDGE_LOOP('',(#3396,#3397,#3405,#3411));
#3396 = ORIENTED_EDGE('',*,*,#3381,.F.);
#3397 = ORIENTED_EDGE('',*,*,#3398,.T.);
#3398 = EDGE_CURVE('',#3373,#3399,#3401,.T.);
#3399 = VERTEX_POINT('',#3400);
#3400 = CARTESIAN_POINT('',(-19.06105341831,6.089034618414,0.));
#3401 = LINE('',#3402,#3403);
#3402 = CARTESIAN_POINT('',(-19.06105341831,6.089034618414,2.));
#3403 = VECTOR('',#3404,1.);
#3404 = DIRECTION('',(0.,0.,1.));
#3405 = ORIENTED_EDGE('',*,*,#3406,.T.);
#3406 = EDGE_CURVE('',#3399,#618,#3407,.T.);
#3407 = LINE('',#3408,#3409);
#3408 = CARTESIAN_POINT('',(-4.868706980261,1.216795932092,0.));
#3409 = VECTOR('',#3410,1.);
#3410 = DIRECTION('',(-0.945817241701,0.324699469205,0.));
#3411 = ORIENTED_EDGE('',*,*,#626,.F.);
#3412 = PLANE('',#3413);
#3413 = AXIS2_PLACEMENT_3D('',#3414,#3415,#3416);
#3414 = CARTESIAN_POINT('',(-9.597793188764,2.840293278116,-7.));
#3415 = DIRECTION('',(-0.324699469205,-0.945817241701,0.));
#3416 = DIRECTION('',(-0.945817241701,0.324699469205,0.));
#3417 = ADVANCED_FACE('',(#3418),#3437,.F.);
#3418 = FACE_BOUND('',#3419,.F.);
#3419 = EDGE_LOOP('',(#3420,#3421,#3430,#3436));
#3420 = ORIENTED_EDGE('',*,*,#3406,.F.);
#3421 = ORIENTED_EDGE('',*,*,#3422,.F.);
#3422 = EDGE_CURVE('',#3423,#3399,#3425,.T.);
#3423 = VERTEX_POINT('',#3424);
#3424 = CARTESIAN_POINT('',(-18.78181187479,6.902437446277,0.));
#3425 = CIRCLE('',#3426,20.01);
#3426 = AXIS2_PLACEMENT_3D('',#3427,#3428,#3429);
#3427 = CARTESIAN_POINT('',(0.,0.,0.));
#3428 = DIRECTION('',(0.,0.,1.));
#3429 = DIRECTION('',(1.,0.,0.));
#3430 = ORIENTED_EDGE('',*,*,#3431,.F.);
#3431 = EDGE_CURVE('',#610,#3423,#3432,.T.);
#3432 = LINE('',#3433,#3434);
#3433 = CARTESIAN_POINT('',(-14.04763785375,5.277193452002,0.));
#3434 = VECTOR('',#3435,1.);
#3435 = DIRECTION('',(0.945817241701,-0.324699469205,0.));
#3436 = ORIENTED_EDGE('',*,*,#617,.T.);
#3437 = PLANE('',#3438);
#3438 = AXIS2_PLACEMENT_3D('',#3439,#3440,#3441);
#3439 = CARTESIAN_POINT('',(8.550415289679E-16,-4.651513733823E-16,0.));
#3440 = DIRECTION('',(0.,0.,1.));
#3441 = DIRECTION('',(-0.945817241701,0.324699469205,0.));
#3442 = ADVANCED_FACE('',(#3443),#3461,.F.);
#3443 = FACE_BOUND('',#3444,.F.);
#3444 = EDGE_LOOP('',(#3445,#3453,#3454,#3455));
#3445 = ORIENTED_EDGE('',*,*,#3446,.F.);
#3446 = EDGE_CURVE('',#601,#3447,#3449,.T.);
#3447 = VERTEX_POINT('',#3448);
#3448 = CARTESIAN_POINT('',(-18.78181187479,6.902437446277,-7.));
#3449 = LINE('',#3450,#3451);
#3450 = CARTESIAN_POINT('',(-28.23489647926,10.147685490072,-7.));
#3451 = VECTOR('',#3452,1.);
#3452 = DIRECTION('',(0.945817241701,-0.324699469205,0.));
#3453 = ORIENTED_EDGE('',*,*,#609,.T.);
#3454 = ORIENTED_EDGE('',*,*,#3431,.T.);
#3455 = ORIENTED_EDGE('',*,*,#3456,.F.);
#3456 = EDGE_CURVE('',#3447,#3423,#3457,.T.);
#3457 = LINE('',#3458,#3459);
#3458 = CARTESIAN_POINT('',(-18.78181187479,6.902437446277,2.));
#3459 = VECTOR('',#3460,1.);
#3460 = DIRECTION('',(0.,0.,1.));
#3461 = PLANE('',#3462);
#3462 = AXIS2_PLACEMENT_3D('',#3463,#3464,#3465);
#3463 = CARTESIAN_POINT('',(-28.23489647926,10.147685490072,-7.));
#3464 = DIRECTION('',(0.324699469205,0.945817241701,0.));
#3465 = DIRECTION('',(0.945817241701,-0.324699469205,0.));
#3466 = ADVANCED_FACE('',(#3467),#3486,.F.);
#3467 = FACE_BOUND('',#3468,.F.);
#3468 = EDGE_LOOP('',(#3469,#3478,#3484,#3485));
#3469 = ORIENTED_EDGE('',*,*,#3470,.F.);
#3470 = EDGE_CURVE('',#3471,#3447,#3473,.T.);
#3471 = VERTEX_POINT('',#3472);
#3472 = CARTESIAN_POINT('',(-17.79886333569,9.14333440039,-7.));
#3473 = CIRCLE('',#3474,20.01);
#3474 = AXIS2_PLACEMENT_3D('',#3475,#3476,#3477);
#3475 = CARTESIAN_POINT('',(0.,0.,-7.));
#3476 = DIRECTION('',(0.,0.,1.));
#3477 = DIRECTION('',(1.,0.,0.));
#3478 = ORIENTED_EDGE('',*,*,#3479,.T.);
#3479 = EDGE_CURVE('',#3471,#593,#3480,.T.);
#3480 = LINE('',#3481,#3482);
#3481 = CARTESIAN_POINT('',(-8.999394891071,4.381300217352,-7.));
#3482 = VECTOR('',#3483,1.);
#3483 = DIRECTION('',(-0.879473751206,0.475947393037,0.));
#3484 = ORIENTED_EDGE('',*,*,#600,.T.);
#3485 = ORIENTED_EDGE('',*,*,#3446,.T.);
#3486 = PLANE('',#3487);
#3487 = AXIS2_PLACEMENT_3D('',#3488,#3489,#3490);
#3488 = CARTESIAN_POINT('',(-1.242562592039E-15,-3.713075123756E-16,-7.)
  );
#3489 = DIRECTION('',(0.,0.,1.));
#3490 = DIRECTION('',(1.,0.,0.));
#3491 = ADVANCED_FACE('',(#3492),#3510,.F.);
#3492 = FACE_BOUND('',#3493,.F.);
#3493 = EDGE_LOOP('',(#3494,#3495,#3503,#3509));
#3494 = ORIENTED_EDGE('',*,*,#3479,.F.);
#3495 = ORIENTED_EDGE('',*,*,#3496,.T.);
#3496 = EDGE_CURVE('',#3471,#3497,#3499,.T.);
#3497 = VERTEX_POINT('',#3498);
#3498 = CARTESIAN_POINT('',(-17.79886333569,9.14333440039,0.));
#3499 = LINE('',#3500,#3501);
#3500 = CARTESIAN_POINT('',(-17.79886333569,9.14333440039,2.));
#3501 = VECTOR('',#3502,1.);
#3502 = DIRECTION('',(0.,0.,1.));
#3503 = ORIENTED_EDGE('',*,*,#3504,.T.);
#3504 = EDGE_CURVE('',#3497,#584,#3505,.T.);
#3505 = LINE('',#3506,#3507);
#3506 = CARTESIAN_POINT('',(-4.602026135038,2.001563252167,0.));
#3507 = VECTOR('',#3508,1.);
#3508 = DIRECTION('',(-0.879473751206,0.475947393037,0.));
#3509 = ORIENTED_EDGE('',*,*,#592,.F.);
#3510 = PLANE('',#3511);
#3511 = AXIS2_PLACEMENT_3D('',#3512,#3513,#3514);
#3512 = CARTESIAN_POINT('',(-8.999394891071,4.381300217352,-7.));
#3513 = DIRECTION('',(-0.475947393037,-0.879473751206,0.));
#3514 = DIRECTION('',(-0.879473751206,0.475947393037,0.));
#3515 = ADVANCED_FACE('',(#3516),#3535,.F.);
#3516 = FACE_BOUND('',#3517,.F.);
#3517 = EDGE_LOOP('',(#3518,#3519,#3528,#3534));
#3518 = ORIENTED_EDGE('',*,*,#3504,.F.);
#3519 = ORIENTED_EDGE('',*,*,#3520,.F.);
#3520 = EDGE_CURVE('',#3521,#3497,#3523,.T.);
#3521 = VERTEX_POINT('',#3522);
#3522 = CARTESIAN_POINT('',(-17.38954857768,9.899681826427,0.));
#3523 = CIRCLE('',#3524,20.01);
#3524 = AXIS2_PLACEMENT_3D('',#3525,#3526,#3527);
#3525 = CARTESIAN_POINT('',(0.,0.,0.));
#3526 = DIRECTION('',(0.,0.,1.));
#3527 = DIRECTION('',(1.,0.,0.));
#3528 = ORIENTED_EDGE('',*,*,#3529,.F.);
#3529 = EDGE_CURVE('',#576,#3521,#3530,.T.);
#3530 = LINE('',#3531,#3532);
#3531 = CARTESIAN_POINT('',(-12.98744888909,7.517384608575,0.));
#3532 = VECTOR('',#3533,1.);
#3533 = DIRECTION('',(0.879473751206,-0.475947393037,0.));
#3534 = ORIENTED_EDGE('',*,*,#583,.T.);
#3535 = PLANE('',#3536);
#3536 = AXIS2_PLACEMENT_3D('',#3537,#3538,#3539);
#3537 = CARTESIAN_POINT('',(7.668184772558E-16,-5.995425250624E-16,0.));
#3538 = DIRECTION('',(0.,0.,1.));
#3539 = DIRECTION('',(-0.879473751206,0.475947393037,0.));
#3540 = ADVANCED_FACE('',(#3541),#3559,.F.);
#3541 = FACE_BOUND('',#3542,.F.);
#3542 = EDGE_LOOP('',(#3543,#3551,#3552,#3553));
#3543 = ORIENTED_EDGE('',*,*,#3544,.F.);
#3544 = EDGE_CURVE('',#567,#3545,#3547,.T.);
#3545 = VERTEX_POINT('',#3546);
#3546 = CARTESIAN_POINT('',(-17.38954857768,9.899681826427,-7.));
#3547 = LINE('',#3548,#3549);
#3548 = CARTESIAN_POINT('',(-26.17955515718,14.656595504131,-7.));
#3549 = VECTOR('',#3550,1.);
#3550 = DIRECTION('',(0.879473751206,-0.475947393037,0.));
#3551 = ORIENTED_EDGE('',*,*,#575,.T.);
#3552 = ORIENTED_EDGE('',*,*,#3529,.T.);
#3553 = ORIENTED_EDGE('',*,*,#3554,.F.);
#3554 = EDGE_CURVE('',#3545,#3521,#3555,.T.);
#3555 = LINE('',#3556,#3557);
#3556 = CARTESIAN_POINT('',(-17.38954857768,9.899681826427,2.));
#3557 = VECTOR('',#3558,1.);
#3558 = DIRECTION('',(0.,0.,1.));
#3559 = PLANE('',#3560);
#3560 = AXIS2_PLACEMENT_3D('',#3561,#3562,#3563);
#3561 = CARTESIAN_POINT('',(-26.17955515718,14.656595504131,-7.));
#3562 = DIRECTION('',(0.475947393037,0.879473751206,0.));
#3563 = DIRECTION('',(0.879473751206,-0.475947393037,0.));
#3564 = ADVANCED_FACE('',(#3565),#3584,.F.);
#3565 = FACE_BOUND('',#3566,.F.);
#3566 = EDGE_LOOP('',(#3567,#3576,#3582,#3583));
#3567 = ORIENTED_EDGE('',*,*,#3568,.F.);
#3568 = EDGE_CURVE('',#3569,#3545,#3571,.T.);
#3569 = VERTEX_POINT('',#3570);
#3570 = CARTESIAN_POINT('',(-16.05116665944,11.948227854817,-7.));
#3571 = CIRCLE('',#3572,20.01);
#3572 = AXIS2_PLACEMENT_3D('',#3573,#3574,#3575);
#3573 = CARTESIAN_POINT('',(0.,0.,-7.));
#3574 = DIRECTION('',(0.,0.,1.));
#3575 = DIRECTION('',(1.,0.,0.));
#3576 = ORIENTED_EDGE('',*,*,#3577,.T.);
#3577 = EDGE_CURVE('',#3569,#559,#3578,.T.);
#3578 = LINE('',#3579,#3580);
#3579 = CARTESIAN_POINT('',(-8.15551656042,5.802796707856,-7.));
#3580 = VECTOR('',#3581,1.);
#3581 = DIRECTION('',(-0.789140509396,0.61421271269,0.));
#3582 = ORIENTED_EDGE('',*,*,#566,.T.);
#3583 = ORIENTED_EDGE('',*,*,#3544,.T.);
#3584 = PLANE('',#3585);
#3585 = AXIS2_PLACEMENT_3D('',#3586,#3587,#3588);
#3586 = CARTESIAN_POINT('',(-1.242562592039E-15,-3.713075123756E-16,-7.)
  );
#3587 = DIRECTION('',(0.,0.,1.));
#3588 = DIRECTION('',(1.,0.,0.));
#3589 = ADVANCED_FACE('',(#3590),#3608,.F.);
#3590 = FACE_BOUND('',#3591,.F.);
#3591 = EDGE_LOOP('',(#3592,#3593,#3601,#3607));
#3592 = ORIENTED_EDGE('',*,*,#3577,.F.);
#3593 = ORIENTED_EDGE('',*,*,#3594,.T.);
#3594 = EDGE_CURVE('',#3569,#3595,#3597,.T.);
#3595 = VERTEX_POINT('',#3596);
#3596 = CARTESIAN_POINT('',(-16.05116665944,11.948227854816,0.));
#3597 = LINE('',#3598,#3599);
#3598 = CARTESIAN_POINT('',(-16.05116665944,11.948227854816,2.));
#3599 = VECTOR('',#3600,1.);
#3600 = DIRECTION('',(0.,0.,1.));
#3601 = ORIENTED_EDGE('',*,*,#3602,.T.);
#3602 = EDGE_CURVE('',#3595,#550,#3603,.T.);
#3603 = LINE('',#3604,#3605);
#3604 = CARTESIAN_POINT('',(-4.209814013439,2.731733144408,0.));
#3605 = VECTOR('',#3606,1.);
#3606 = DIRECTION('',(-0.789140509396,0.61421271269,0.));
#3607 = ORIENTED_EDGE('',*,*,#558,.F.);
#3608 = PLANE('',#3609);
#3609 = AXIS2_PLACEMENT_3D('',#3610,#3611,#3612);
#3610 = CARTESIAN_POINT('',(-8.15551656042,5.802796707856,-7.));
#3611 = DIRECTION('',(-0.61421271269,-0.789140509396,0.));
#3612 = DIRECTION('',(-0.789140509396,0.61421271269,0.));
#3613 = ADVANCED_FACE('',(#3614),#3633,.F.);
#3614 = FACE_BOUND('',#3615,.F.);
#3615 = EDGE_LOOP('',(#3616,#3617,#3626,#3632));
#3616 = ORIENTED_EDGE('',*,*,#3602,.F.);
#3617 = ORIENTED_EDGE('',*,*,#3618,.F.);
#3618 = EDGE_CURVE('',#3619,#3595,#3621,.T.);
#3619 = VERTEX_POINT('',#3620);
#3620 = CARTESIAN_POINT('',(-15.52294372653,12.626888692897,0.));
#3621 = CIRCLE('',#3622,20.01);
#3622 = AXIS2_PLACEMENT_3D('',#3623,#3624,#3625);
#3623 = CARTESIAN_POINT('',(0.,0.,0.));
#3624 = DIRECTION('',(0.,0.,1.));
#3625 = DIRECTION('',(1.,0.,0.));
#3626 = ORIENTED_EDGE('',*,*,#3627,.F.);
#3627 = EDGE_CURVE('',#542,#3619,#3628,.T.);
#3628 = LINE('',#3629,#3630);
#3629 = CARTESIAN_POINT('',(-11.57299617448,9.552521109385,0.));
#3630 = VECTOR('',#3631,1.);
#3631 = DIRECTION('',(0.789140509396,-0.61421271269,0.));
#3632 = ORIENTED_EDGE('',*,*,#549,.T.);
#3633 = PLANE('',#3634);
#3634 = AXIS2_PLACEMENT_3D('',#3635,#3636,#3637);
#3635 = CARTESIAN_POINT('',(6.576786164308E-16,-7.175797195495E-16,0.));
#3636 = DIRECTION('',(0.,0.,1.));
#3637 = DIRECTION('',(-0.789140509396,0.61421271269,0.));
#3638 = ADVANCED_FACE('',(#3639),#3657,.F.);
#3639 = FACE_BOUND('',#3640,.F.);
#3640 = EDGE_LOOP('',(#3641,#3649,#3650,#3651));
#3641 = ORIENTED_EDGE('',*,*,#3642,.F.);
#3642 = EDGE_CURVE('',#533,#3643,#3645,.T.);
#3643 = VERTEX_POINT('',#3644);
#3644 = CARTESIAN_POINT('',(-15.52294372653,12.626888692897,-7.));
#3645 = LINE('',#3646,#3647);
#3646 = CARTESIAN_POINT('',(-23.41010381543,18.76571179973,-7.));
#3647 = VECTOR('',#3648,1.);
#3648 = DIRECTION('',(0.789140509396,-0.61421271269,0.));
#3649 = ORIENTED_EDGE('',*,*,#541,.T.);
#3650 = ORIENTED_EDGE('',*,*,#3627,.T.);
#3651 = ORIENTED_EDGE('',*,*,#3652,.F.);
#3652 = EDGE_CURVE('',#3643,#3619,#3653,.T.);
#3653 = LINE('',#3654,#3655);
#3654 = CARTESIAN_POINT('',(-15.52294372653,12.626888692897,2.));
#3655 = VECTOR('',#3656,1.);
#3656 = DIRECTION('',(0.,0.,1.));
#3657 = PLANE('',#3658);
#3658 = AXIS2_PLACEMENT_3D('',#3659,#3660,#3661);
#3659 = CARTESIAN_POINT('',(-23.41010381543,18.76571179973,-7.));
#3660 = DIRECTION('',(0.61421271269,0.789140509396,0.));
#3661 = DIRECTION('',(0.789140509396,-0.61421271269,0.));
#3662 = ADVANCED_FACE('',(#3663),#3682,.F.);
#3663 = FACE_BOUND('',#3664,.F.);
#3664 = EDGE_LOOP('',(#3665,#3674,#3680,#3681));
#3665 = ORIENTED_EDGE('',*,*,#3666,.F.);
#3666 = EDGE_CURVE('',#3667,#3643,#3669,.T.);
#3667 = VERTEX_POINT('',#3668);
#3668 = CARTESIAN_POINT('',(-13.865635999,14.427204800069,-7.));
#3669 = CIRCLE('',#3670,20.01);
#3670 = AXIS2_PLACEMENT_3D('',#3671,#3672,#3673);
#3671 = CARTESIAN_POINT('',(0.,0.,-7.));
#3672 = DIRECTION('',(0.,0.,1.));
#3673 = DIRECTION('',(1.,0.,0.));
#3674 = ORIENTED_EDGE('',*,*,#3675,.T.);
#3675 = EDGE_CURVE('',#3667,#525,#3676,.T.);
#3676 = LINE('',#3677,#3678);
#3677 = CARTESIAN_POINT('',(-7.089176997847,7.066008030932,-7.));
#3678 = VECTOR('',#3679,1.);
#3679 = DIRECTION('',(-0.677281571626,0.735723910673,0.));
#3680 = ORIENTED_EDGE('',*,*,#532,.T.);
#3681 = ORIENTED_EDGE('',*,*,#3642,.T.);
#3682 = PLANE('',#3683);
#3683 = AXIS2_PLACEMENT_3D('',#3684,#3685,#3686);
#3684 = CARTESIAN_POINT('',(-1.242562592039E-15,-3.713075123756E-16,-7.)
  );
#3685 = DIRECTION('',(0.,0.,1.));
#3686 = DIRECTION('',(1.,0.,0.));
#3687 = ADVANCED_FACE('',(#3688),#3706,.F.);
#3688 = FACE_BOUND('',#3689,.F.);
#3689 = EDGE_LOOP('',(#3690,#3691,#3699,#3705));
#3690 = ORIENTED_EDGE('',*,*,#3675,.F.);
#3691 = ORIENTED_EDGE('',*,*,#3692,.T.);
#3692 = EDGE_CURVE('',#3667,#3693,#3695,.T.);
#3693 = VERTEX_POINT('',#3694);
#3694 = CARTESIAN_POINT('',(-13.865635999,14.427204800069,0.));
#3695 = LINE('',#3696,#3697);
#3696 = CARTESIAN_POINT('',(-13.865635999,14.427204800069,2.));
#3697 = VECTOR('',#3698,1.);
#3698 = DIRECTION('',(0.,0.,1.));
#3699 = ORIENTED_EDGE('',*,*,#3700,.T.);
#3700 = EDGE_CURVE('',#3693,#516,#3701,.T.);
#3701 = LINE('',#3702,#3703);
#3702 = CARTESIAN_POINT('',(-3.702769139718,3.387388477567,0.));
#3703 = VECTOR('',#3704,1.);
#3704 = DIRECTION('',(-0.677281571626,0.735723910673,0.));
#3705 = ORIENTED_EDGE('',*,*,#524,.F.);
#3706 = PLANE('',#3707);
#3707 = AXIS2_PLACEMENT_3D('',#3708,#3709,#3710);
#3708 = CARTESIAN_POINT('',(-7.089176997847,7.066008030932,-7.));
#3709 = DIRECTION('',(-0.735723910673,-0.677281571626,0.));
#3710 = DIRECTION('',(-0.677281571626,0.735723910673,0.));
#3711 = ADVANCED_FACE('',(#3712),#3731,.F.);
#3712 = FACE_BOUND('',#3713,.F.);
#3713 = EDGE_LOOP('',(#3714,#3715,#3724,#3730));
#3714 = ORIENTED_EDGE('',*,*,#3700,.F.);
#3715 = ORIENTED_EDGE('',*,*,#3716,.F.);
#3716 = EDGE_CURVE('',#3717,#3693,#3719,.T.);
#3717 = VERTEX_POINT('',#3718);
#3718 = CARTESIAN_POINT('',(-13.23291343582,15.009666951667,0.));
#3719 = CIRCLE('',#3720,20.01);
#3720 = AXIS2_PLACEMENT_3D('',#3721,#3722,#3723);
#3721 = CARTESIAN_POINT('',(0.,0.,0.));
#3722 = DIRECTION('',(0.,0.,1.));
#3723 = DIRECTION('',(1.,0.,0.));
#3724 = ORIENTED_EDGE('',*,*,#3725,.F.);
#3725 = EDGE_CURVE('',#508,#3717,#3726,.T.);
#3726 = LINE('',#3727,#3728);
#3727 = CARTESIAN_POINT('',(-9.842862292797,11.327089735896,0.));
#3728 = VECTOR('',#3729,1.);
#3729 = DIRECTION('',(0.677281571626,-0.735723910673,0.));
#3730 = ORIENTED_EDGE('',*,*,#515,.T.);
#3731 = PLANE('',#3732);
#3732 = AXIS2_PLACEMENT_3D('',#3733,#3734,#3735);
#3733 = CARTESIAN_POINT('',(5.305989973898E-16,-8.16043209878E-16,0.));
#3734 = DIRECTION('',(0.,0.,1.));
#3735 = DIRECTION('',(-0.677281571626,0.735723910673,0.));
#3736 = ADVANCED_FACE('',(#3737),#3755,.F.);
#3737 = FACE_BOUND('',#3738,.F.);
#3738 = EDGE_LOOP('',(#3739,#3747,#3748,#3749));
#3739 = ORIENTED_EDGE('',*,*,#3740,.F.);
#3740 = EDGE_CURVE('',#499,#3741,#3743,.T.);
#3741 = VERTEX_POINT('',#3742);
#3742 = CARTESIAN_POINT('',(-13.23291343582,15.009666951667,-7.));
#3743 = LINE('',#3744,#3745);
#3744 = CARTESIAN_POINT('',(-20.00208586718,22.362948395993,-7.));
#3745 = VECTOR('',#3746,1.);
#3746 = DIRECTION('',(0.677281571626,-0.735723910673,0.));
#3747 = ORIENTED_EDGE('',*,*,#507,.T.);
#3748 = ORIENTED_EDGE('',*,*,#3725,.T.);
#3749 = ORIENTED_EDGE('',*,*,#3750,.F.);
#3750 = EDGE_CURVE('',#3741,#3717,#3751,.T.);
#3751 = LINE('',#3752,#3753);
#3752 = CARTESIAN_POINT('',(-13.23291343582,15.009666951667,2.));
#3753 = VECTOR('',#3754,1.);
#3754 = DIRECTION('',(0.,0.,1.));
#3755 = PLANE('',#3756);
#3756 = AXIS2_PLACEMENT_3D('',#3757,#3758,#3759);
#3757 = CARTESIAN_POINT('',(-20.00208586718,22.362948395993,-7.));
#3758 = DIRECTION('',(0.735723910673,0.677281571626,0.));
#3759 = DIRECTION('',(0.677281571626,-0.735723910673,0.));
#3760 = ADVANCED_FACE('',(#3761),#3780,.F.);
#3761 = FACE_BOUND('',#3762,.F.);
#3762 = EDGE_LOOP('',(#3763,#3772,#3778,#3779));
#3763 = ORIENTED_EDGE('',*,*,#3764,.F.);
#3764 = EDGE_CURVE('',#3765,#3741,#3767,.T.);
#3765 = VERTEX_POINT('',#3766);
#3766 = CARTESIAN_POINT('',(-11.30188693352,16.512645207292,-7.));
#3767 = CIRCLE('',#3768,20.01);
#3768 = AXIS2_PLACEMENT_3D('',#3769,#3770,#3771);
#3769 = CARTESIAN_POINT('',(0.,0.,-7.));
#3770 = DIRECTION('',(0.,0.,1.));
#3771 = DIRECTION('',(1.,0.,0.));
#3772 = ORIENTED_EDGE('',*,*,#3773,.T.);
#3773 = EDGE_CURVE('',#3765,#491,#3774,.T.);
#3774 = LINE('',#3775,#3776);
#3775 = CARTESIAN_POINT('',(-5.829463166877,8.136477074633,-7.));
#3776 = VECTOR('',#3777,1.);
#3777 = DIRECTION('',(-0.546948158122,0.837166478263,0.));
#3778 = ORIENTED_EDGE('',*,*,#498,.T.);
#3779 = ORIENTED_EDGE('',*,*,#3740,.T.);
#3780 = PLANE('',#3781);
#3781 = AXIS2_PLACEMENT_3D('',#3782,#3783,#3784);
#3782 = CARTESIAN_POINT('',(-1.242562592039E-15,-3.713075123756E-16,-7.)
  );
#3783 = DIRECTION('',(0.,0.,1.));
#3784 = DIRECTION('',(1.,0.,0.));
#3785 = ADVANCED_FACE('',(#3786),#3804,.F.);
#3786 = FACE_BOUND('',#3787,.F.);
#3787 = EDGE_LOOP('',(#3788,#3789,#3797,#3803));
#3788 = ORIENTED_EDGE('',*,*,#3773,.F.);
#3789 = ORIENTED_EDGE('',*,*,#3790,.T.);
#3790 = EDGE_CURVE('',#3765,#3791,#3793,.T.);
#3791 = VERTEX_POINT('',#3792);
#3792 = CARTESIAN_POINT('',(-11.30188693352,16.512645207292,0.));
#3793 = LINE('',#3794,#3795);
#3794 = CARTESIAN_POINT('',(-11.30188693352,16.512645207292,2.));
#3795 = VECTOR('',#3796,1.);
#3796 = DIRECTION('',(0.,0.,1.));
#3797 = ORIENTED_EDGE('',*,*,#3798,.T.);
#3798 = EDGE_CURVE('',#3791,#482,#3799,.T.);
#3799 = LINE('',#3800,#3801);
#3800 = CARTESIAN_POINT('',(-3.094722376265,3.95064468332,0.));
#3801 = VECTOR('',#3802,1.);
#3802 = DIRECTION('',(-0.546948158122,0.837166478263,0.));
#3803 = ORIENTED_EDGE('',*,*,#490,.F.);
#3804 = PLANE('',#3805);
#3805 = AXIS2_PLACEMENT_3D('',#3806,#3807,#3808);
#3806 = CARTESIAN_POINT('',(-5.829463166877,8.136477074633,-7.));
#3807 = DIRECTION('',(-0.837166478263,-0.546948158122,0.));
#3808 = DIRECTION('',(-0.546948158122,0.837166478263,0.));
#3809 = ADVANCED_FACE('',(#3810),#3829,.F.);
#3810 = FACE_BOUND('',#3811,.F.);
#3811 = EDGE_LOOP('',(#3812,#3813,#3822,#3828));
#3812 = ORIENTED_EDGE('',*,*,#3798,.F.);
#3813 = ORIENTED_EDGE('',*,*,#3814,.F.);
#3814 = EDGE_CURVE('',#3815,#3791,#3817,.T.);
#3815 = VERTEX_POINT('',#3816);
#3816 = CARTESIAN_POINT('',(-10.58192376221,16.983020623277,0.));
#3817 = CIRCLE('',#3818,20.01);
#3818 = AXIS2_PLACEMENT_3D('',#3819,#3820,#3821);
#3819 = CARTESIAN_POINT('',(0.,0.,0.));
#3820 = DIRECTION('',(0.,0.,1.));
#3821 = DIRECTION('',(1.,0.,0.));
#3822 = ORIENTED_EDGE('',*,*,#3823,.F.);
#3823 = EDGE_CURVE('',#474,#3815,#3824,.T.);
#3824 = LINE('',#3825,#3826);
#3825 = CARTESIAN_POINT('',(-7.844240786184,12.792684881931,0.));
#3826 = VECTOR('',#3827,1.);
#3827 = DIRECTION('',(0.546948158122,-0.837166478263,0.));
#3828 = ORIENTED_EDGE('',*,*,#481,.T.);
#3829 = PLANE('',#3830);
#3830 = AXIS2_PLACEMENT_3D('',#3831,#3832,#3833);
#3831 = CARTESIAN_POINT('',(3.890460208683E-16,-8.92247168707E-16,0.));
#3832 = DIRECTION('',(0.,0.,1.));
#3833 = DIRECTION('',(-0.546948158122,0.837166478263,0.));
#3834 = ADVANCED_FACE('',(#3835),#3853,.F.);
#3835 = FACE_BOUND('',#3836,.F.);
#3836 = EDGE_LOOP('',(#3837,#3845,#3846,#3847));
#3837 = ORIENTED_EDGE('',*,*,#3838,.F.);
#3838 = EDGE_CURVE('',#465,#3839,#3841,.T.);
#3839 = VERTEX_POINT('',#3840);
#3840 = CARTESIAN_POINT('',(-10.58192376221,16.983020623277,-7.));
#3841 = LINE('',#3842,#3843);
#3842 = CARTESIAN_POINT('',(-16.04846315802,25.350182055869,-7.));
#3843 = VECTOR('',#3844,1.);
#3844 = DIRECTION('',(0.546948158122,-0.837166478263,0.));
#3845 = ORIENTED_EDGE('',*,*,#473,.T.);
#3846 = ORIENTED_EDGE('',*,*,#3823,.T.);
#3847 = ORIENTED_EDGE('',*,*,#3848,.F.);
#3848 = EDGE_CURVE('',#3839,#3815,#3849,.T.);
#3849 = LINE('',#3850,#3851);
#3850 = CARTESIAN_POINT('',(-10.58192376221,16.983020623277,2.));
#3851 = VECTOR('',#3852,1.);
#3852 = DIRECTION('',(0.,0.,1.));
#3853 = PLANE('',#3854);
#3854 = AXIS2_PLACEMENT_3D('',#3855,#3856,#3857);
#3855 = CARTESIAN_POINT('',(-16.04846315802,25.350182055869,-7.));
#3856 = DIRECTION('',(0.837166478263,0.546948158122,0.));
#3857 = DIRECTION('',(0.546948158122,-0.837166478263,0.));
#3858 = ADVANCED_FACE('',(#3859),#3878,.F.);
#3859 = FACE_BOUND('',#3860,.F.);
#3860 = EDGE_LOOP('',(#3861,#3870,#3876,#3877));
#3861 = ORIENTED_EDGE('',*,*,#3862,.F.);
#3862 = EDGE_CURVE('',#3863,#3839,#3865,.T.);
#3863 = VERTEX_POINT('',#3864);
#3864 = CARTESIAN_POINT('',(-8.429851854313,18.147663698513,-7.));
#3865 = CIRCLE('',#3866,20.01);
#3866 = AXIS2_PLACEMENT_3D('',#3867,#3868,#3869);
#3867 = CARTESIAN_POINT('',(0.,0.,-7.));
#3868 = DIRECTION('',(0.,0.,1.));
#3869 = DIRECTION('',(1.,0.,0.));
#3870 = ORIENTED_EDGE('',*,*,#3871,.T.);
#3871 = EDGE_CURVE('',#3863,#457,#3872,.T.);
#3872 = LINE('',#3873,#3874);
#3873 = CARTESIAN_POINT('',(-4.410736776991,8.98500423395,-7.));
#3874 = VECTOR('',#3875,1.);
#3875 = DIRECTION('',(-0.401695424653,0.915773326655,0.));
#3876 = ORIENTED_EDGE('',*,*,#464,.T.);
#3877 = ORIENTED_EDGE('',*,*,#3838,.T.);
#3878 = PLANE('',#3879);
#3879 = AXIS2_PLACEMENT_3D('',#3880,#3881,#3882);
#3880 = CARTESIAN_POINT('',(-1.242562592039E-15,-3.713075123756E-16,-7.)
  );
#3881 = DIRECTION('',(0.,0.,1.));
#3882 = DIRECTION('',(1.,0.,0.));
#3883 = ADVANCED_FACE('',(#3884),#3902,.F.);
#3884 = FACE_BOUND('',#3885,.F.);
#3885 = EDGE_LOOP('',(#3886,#3887,#3895,#3901));
#3886 = ORIENTED_EDGE('',*,*,#3871,.F.);
#3887 = ORIENTED_EDGE('',*,*,#3888,.T.);
#3888 = EDGE_CURVE('',#3863,#3889,#3891,.T.);
#3889 = VERTEX_POINT('',#3890);
#3890 = CARTESIAN_POINT('',(-8.429851854313,18.147663698513,0.));
#3891 = LINE('',#3892,#3893);
#3892 = CARTESIAN_POINT('',(-8.429851854313,18.147663698513,2.));
#3893 = VECTOR('',#3894,1.);
#3894 = DIRECTION('',(0.,0.,1.));
#3895 = ORIENTED_EDGE('',*,*,#3896,.T.);
#3896 = EDGE_CURVE('',#3889,#448,#3897,.T.);
#3897 = LINE('',#3898,#3899);
#3898 = CARTESIAN_POINT('',(-2.402259653727,4.406137600675,0.));
#3899 = VECTOR('',#3900,1.);
#3900 = DIRECTION('',(-0.401695424653,0.915773326655,0.));
#3901 = ORIENTED_EDGE('',*,*,#456,.F.);
#3902 = PLANE('',#3903);
#3903 = AXIS2_PLACEMENT_3D('',#3904,#3905,#3906);
#3904 = CARTESIAN_POINT('',(-4.410736776991,8.98500423395,-7.));
#3905 = DIRECTION('',(-0.915773326655,-0.401695424653,0.));
#3906 = DIRECTION('',(-0.401695424653,0.915773326655,0.));
#3907 = ADVANCED_FACE('',(#3908),#3927,.F.);
#3908 = FACE_BOUND('',#3909,.F.);
#3909 = EDGE_LOOP('',(#3910,#3911,#3920,#3926));
#3910 = ORIENTED_EDGE('',*,*,#3896,.F.);
#3911 = ORIENTED_EDGE('',*,*,#3912,.F.);
#3912 = EDGE_CURVE('',#3913,#3889,#3915,.T.);
#3913 = VERTEX_POINT('',#3914);
#3914 = CARTESIAN_POINT('',(-7.64228679339,18.493121763715,0.));
#3915 = CIRCLE('',#3916,20.01);
#3916 = AXIS2_PLACEMENT_3D('',#3917,#3918,#3919);
#3917 = CARTESIAN_POINT('',(0.,0.,0.));
#3918 = DIRECTION('',(0.,0.,1.));
#3919 = DIRECTION('',(1.,0.,0.));
#3920 = ORIENTED_EDGE('',*,*,#3921,.F.);
#3921 = EDGE_CURVE('',#440,#3913,#3922,.T.);
#3922 = LINE('',#3923,#3924);
#3923 = CARTESIAN_POINT('',(-5.631648839333,13.909328932427,0.));
#3924 = VECTOR('',#3925,1.);
#3925 = DIRECTION('',(0.401695424653,-0.915773326655,0.));
#3926 = ORIENTED_EDGE('',*,*,#447,.T.);
#3927 = PLANE('',#3928);
#3928 = AXIS2_PLACEMENT_3D('',#3929,#3930,#3931);
#3929 = CARTESIAN_POINT('',(2.368808830649E-16,-9.441129506884E-16,0.));
#3930 = DIRECTION('',(0.,0.,1.));
#3931 = DIRECTION('',(-0.401695424653,0.915773326655,0.));
#3932 = ADVANCED_FACE('',(#3933),#3951,.F.);
#3933 = FACE_BOUND('',#3934,.F.);
#3934 = EDGE_LOOP('',(#3935,#3943,#3944,#3945));
#3935 = ORIENTED_EDGE('',*,*,#3936,.F.);
#3936 = EDGE_CURVE('',#431,#3937,#3939,.T.);
#3937 = VERTEX_POINT('',#3938);
#3938 = CARTESIAN_POINT('',(-7.64228679339,18.493121763715,-7.));
#3939 = LINE('',#3940,#3941);
#3940 = CARTESIAN_POINT('',(-11.65708020912,27.645928832252,-7.));
#3941 = VECTOR('',#3942,1.);
#3942 = DIRECTION('',(0.401695424653,-0.915773326655,0.));
#3943 = ORIENTED_EDGE('',*,*,#439,.T.);
#3944 = ORIENTED_EDGE('',*,*,#3921,.T.);
#3945 = ORIENTED_EDGE('',*,*,#3946,.F.);
#3946 = EDGE_CURVE('',#3937,#3913,#3947,.T.);
#3947 = LINE('',#3948,#3949);
#3948 = CARTESIAN_POINT('',(-7.64228679339,18.493121763715,2.));
#3949 = VECTOR('',#3950,1.);
#3950 = DIRECTION('',(0.,0.,1.));
#3951 = PLANE('',#3952);
#3952 = AXIS2_PLACEMENT_3D('',#3953,#3954,#3955);
#3953 = CARTESIAN_POINT('',(-11.65708020912,27.645928832252,-7.));
#3954 = DIRECTION('',(0.915773326655,0.401695424653,0.));
#3955 = DIRECTION('',(0.401695424653,-0.915773326655,0.));
#3956 = ADVANCED_FACE('',(#3957),#3976,.F.);
#3957 = FACE_BOUND('',#3958,.F.);
#3958 = EDGE_LOOP('',(#3959,#3968,#3974,#3975));
#3959 = ORIENTED_EDGE('',*,*,#3960,.F.);
#3960 = EDGE_CURVE('',#3961,#3937,#3963,.T.);
#3961 = VERTEX_POINT('',#3962);
#3962 = CARTESIAN_POINT('',(-5.327872391503,19.287661231468,-7.));
#3963 = CIRCLE('',#3964,20.01);
#3964 = AXIS2_PLACEMENT_3D('',#3965,#3966,#3967);
#3965 = CARTESIAN_POINT('',(0.,0.,-7.));
#3966 = DIRECTION('',(0.,0.,1.));
#3967 = DIRECTION('',(1.,0.,0.));
#3968 = ORIENTED_EDGE('',*,*,#3969,.T.);
#3969 = EDGE_CURVE('',#3961,#423,#3970,.T.);
#3970 = LINE('',#3971,#3972);
#3971 = CARTESIAN_POINT('',(-2.871696985762,9.588443899923,-7.));
#3972 = VECTOR('',#3973,1.);
#3973 = DIRECTION('',(-0.245485487141,0.969400265939,0.));
#3974 = ORIENTED_EDGE('',*,*,#430,.T.);
#3975 = ORIENTED_EDGE('',*,*,#3936,.T.);
#3976 = PLANE('',#3977);
#3977 = AXIS2_PLACEMENT_3D('',#3978,#3979,#3980);
#3978 = CARTESIAN_POINT('',(-1.242562592039E-15,-3.713075123756E-16,-7.)
  );
#3979 = DIRECTION('',(0.,0.,1.));
#3980 = DIRECTION('',(1.,0.,0.));
#3981 = ADVANCED_FACE('',(#3982),#4000,.F.);
#3982 = FACE_BOUND('',#3983,.F.);
#3983 = EDGE_LOOP('',(#3984,#3985,#3993,#3999));
#3984 = ORIENTED_EDGE('',*,*,#3969,.F.);
#3985 = ORIENTED_EDGE('',*,*,#3986,.T.);
#3986 = EDGE_CURVE('',#3961,#3987,#3989,.T.);
#3987 = VERTEX_POINT('',#3988);
#3988 = CARTESIAN_POINT('',(-5.327872391503,19.287661231468,0.));
#3989 = LINE('',#3990,#3991);
#3990 = CARTESIAN_POINT('',(-5.327872391503,19.287661231468,2.));
#3991 = VECTOR('',#3992,1.);
#3992 = DIRECTION('',(0.,0.,1.));
#3993 = ORIENTED_EDGE('',*,*,#3994,.T.);
#3994 = EDGE_CURVE('',#3987,#414,#3995,.T.);
#3995 = LINE('',#3996,#3997);
#3996 = CARTESIAN_POINT('',(-1.644269550058,4.741442570226,0.));
#3997 = VECTOR('',#3998,1.);
#3998 = DIRECTION('',(-0.245485487141,0.969400265939,0.));
#3999 = ORIENTED_EDGE('',*,*,#422,.F.);
#4000 = PLANE('',#4001);
#4001 = AXIS2_PLACEMENT_3D('',#4002,#4003,#4004);
#4002 = CARTESIAN_POINT('',(-2.871696985762,9.588443899923,-7.));
#4003 = DIRECTION('',(-0.969400265939,-0.245485487141,0.));
#4004 = DIRECTION('',(-0.245485487141,0.969400265939,0.));
#4005 = ADVANCED_FACE('',(#4006),#4025,.F.);
#4006 = FACE_BOUND('',#4007,.F.);
#4007 = EDGE_LOOP('',(#4008,#4009,#4018,#4024));
#4008 = ORIENTED_EDGE('',*,*,#3994,.F.);
#4009 = ORIENTED_EDGE('',*,*,#4010,.F.);
#4010 = EDGE_CURVE('',#4011,#3987,#4013,.T.);
#4011 = VERTEX_POINT('',#4012);
#4012 = CARTESIAN_POINT('',(-4.494188162795,19.498778750409,0.));
#4013 = CIRCLE('',#4014,20.01);
#4014 = AXIS2_PLACEMENT_3D('',#4015,#4016,#4017);
#4015 = CARTESIAN_POINT('',(0.,0.,0.));
#4016 = DIRECTION('',(0.,0.,1.));
#4017 = DIRECTION('',(1.,0.,0.));
#4018 = ORIENTED_EDGE('',*,*,#4019,.F.);
#4019 = EDGE_CURVE('',#406,#4011,#4020,.T.);
#4020 = LINE('',#4021,#4022);
#4021 = CARTESIAN_POINT('',(-3.265440192758,14.64656274856,0.));
#4022 = VECTOR('',#4023,1.);
#4023 = DIRECTION('',(0.245485487141,-0.969400265939,0.));
#4024 = ORIENTED_EDGE('',*,*,#413,.T.);
#4025 = PLANE('',#4026);
#4026 = AXIS2_PLACEMENT_3D('',#4027,#4028,#4029);
#4027 = CARTESIAN_POINT('',(7.825425227375E-17,-9.702257924938E-16,0.));
#4028 = DIRECTION('',(0.,0.,1.));
#4029 = DIRECTION('',(-0.245485487141,0.969400265939,0.));
#4030 = ADVANCED_FACE('',(#4031),#4049,.F.);
#4031 = FACE_BOUND('',#4032,.F.);
#4032 = EDGE_LOOP('',(#4033,#4041,#4042,#4043));
#4033 = ORIENTED_EDGE('',*,*,#4034,.F.);
#4034 = EDGE_CURVE('',#397,#4035,#4037,.T.);
#4035 = VERTEX_POINT('',#4036);
#4036 = CARTESIAN_POINT('',(-4.494188162795,19.498778750409,-7.));
#4037 = LINE('',#4038,#4039);
#4038 = CARTESIAN_POINT('',(-6.94772249987,29.18756673765,-7.));
#4039 = VECTOR('',#4040,1.);
#4040 = DIRECTION('',(0.245485487141,-0.969400265939,0.));
#4041 = ORIENTED_EDGE('',*,*,#405,.T.);
#4042 = ORIENTED_EDGE('',*,*,#4019,.T.);
#4043 = ORIENTED_EDGE('',*,*,#4044,.F.);
#4044 = EDGE_CURVE('',#4035,#4011,#4045,.T.);
#4045 = LINE('',#4046,#4047);
#4046 = CARTESIAN_POINT('',(-4.494188162795,19.498778750409,2.));
#4047 = VECTOR('',#4048,1.);
#4048 = DIRECTION('',(0.,0.,1.));
#4049 = PLANE('',#4050);
#4050 = AXIS2_PLACEMENT_3D('',#4051,#4052,#4053);
#4051 = CARTESIAN_POINT('',(-6.94772249987,29.18756673765,-7.));
#4052 = DIRECTION('',(0.969400265939,0.245485487141,0.));
#4053 = DIRECTION('',(0.245485487141,-0.969400265939,0.));
#4054 = ADVANCED_FACE('',(#4055),#4074,.F.);
#4055 = FACE_BOUND('',#4056,.F.);
#4056 = EDGE_LOOP('',(#4057,#4066,#4072,#4073));
#4057 = ORIENTED_EDGE('',*,*,#4058,.F.);
#4058 = EDGE_CURVE('',#4059,#4035,#4061,.T.);
#4059 = VERTEX_POINT('',#4060);
#4060 = CARTESIAN_POINT('',(-2.080562458579,19.901541645208,-7.));
#4061 = CIRCLE('',#4062,20.01);
#4062 = AXIS2_PLACEMENT_3D('',#4063,#4064,#4065);
#4063 = CARTESIAN_POINT('',(0.,0.,-7.));
#4064 = DIRECTION('',(0.,0.,1.));
#4065 = DIRECTION('',(1.,0.,0.));
#4066 = ORIENTED_EDGE('',*,*,#4067,.T.);
#4067 = EDGE_CURVE('',#4059,#389,#4068,.T.);
#4068 = LINE('',#4069,#4070);
#4069 = CARTESIAN_POINT('',(-1.254324786716,9.930335811514,-7.));
#4070 = VECTOR('',#4071,1.);
#4071 = DIRECTION('',(-8.257934547233E-02,0.996584493007,0.));
#4072 = ORIENTED_EDGE('',*,*,#396,.T.);
#4073 = ORIENTED_EDGE('',*,*,#4034,.T.);
#4074 = PLANE('',#4075);
#4075 = AXIS2_PLACEMENT_3D('',#4076,#4077,#4078);
#4076 = CARTESIAN_POINT('',(-1.242562592039E-15,-3.713075123756E-16,-7.)
  );
#4077 = DIRECTION('',(0.,0.,1.));
#4078 = DIRECTION('',(1.,0.,0.));
#4079 = ADVANCED_FACE('',(#4080),#4098,.F.);
#4080 = FACE_BOUND('',#4081,.F.);
#4081 = EDGE_LOOP('',(#4082,#4083,#4091,#4097));
#4082 = ORIENTED_EDGE('',*,*,#4067,.F.);
#4083 = ORIENTED_EDGE('',*,*,#4084,.T.);
#4084 = EDGE_CURVE('',#4059,#4085,#4087,.T.);
#4085 = VERTEX_POINT('',#4086);
#4086 = CARTESIAN_POINT('',(-2.080562458579,19.901541645208,0.));
#4087 = LINE('',#4088,#4089);
#4088 = CARTESIAN_POINT('',(-2.080562458579,19.901541645208,2.));
#4089 = VECTOR('',#4090,1.);
#4090 = DIRECTION('',(0.,0.,1.));
#4091 = ORIENTED_EDGE('',*,*,#4092,.T.);
#4092 = EDGE_CURVE('',#4085,#380,#4093,.T.);
#4093 = LINE('',#4094,#4095);
#4094 = CARTESIAN_POINT('',(-0.841428059355,4.94741334648,0.));
#4095 = VECTOR('',#4096,1.);
#4096 = DIRECTION('',(-8.257934547233E-02,0.996584493007,0.));
#4097 = ORIENTED_EDGE('',*,*,#388,.F.);
#4098 = PLANE('',#4099);
#4099 = AXIS2_PLACEMENT_3D('',#4100,#4101,#4102);
#4100 = CARTESIAN_POINT('',(-1.254324786716,9.930335811514,-7.));
#4101 = DIRECTION('',(-0.996584493007,-8.257934547233E-02,0.));
#4102 = DIRECTION('',(-8.257934547233E-02,0.996584493007,0.));
#4103 = ADVANCED_FACE('',(#4104),#4123,.F.);
#4104 = FACE_BOUND('',#4105,.F.);
#4105 = EDGE_LOOP('',(#4106,#4107,#4116,#4122));
#4106 = ORIENTED_EDGE('',*,*,#4092,.F.);
#4107 = ORIENTED_EDGE('',*,*,#4108,.F.);
#4108 = EDGE_CURVE('',#4109,#4085,#4111,.T.);
#4109 = VERTEX_POINT('',#4110);
#4110 = CARTESIAN_POINT('',(-1.223499794593,19.972559882314,0.));
#4111 = CIRCLE('',#4112,20.01);
#4112 = AXIS2_PLACEMENT_3D('',#4113,#4114,#4115);
#4113 = CARTESIAN_POINT('',(0.,0.,0.));
#4114 = DIRECTION('',(0.,0.,1.));
#4115 = DIRECTION('',(1.,0.,0.));
#4116 = ORIENTED_EDGE('',*,*,#4117,.F.);
#4117 = EDGE_CURVE('',#372,#4109,#4118,.T.);
#4118 = LINE('',#4119,#4120);
#4119 = CARTESIAN_POINT('',(-0.810158850092,14.984276513653,0.));
#4120 = VECTOR('',#4121,1.);
#4121 = DIRECTION('',(8.257934547233E-02,-0.996584493007,0.));
#4122 = ORIENTED_EDGE('',*,*,#379,.T.);
#4123 = PLANE('',#4124);
#4124 = AXIS2_PLACEMENT_3D('',#4125,#4126,#4127);
#4125 = CARTESIAN_POINT('',(-8.250695052577E-17,-9.698734038698E-16,0.)
  );
#4126 = DIRECTION('',(0.,0.,1.));
#4127 = DIRECTION('',(-8.257934547233E-02,0.996584493007,0.));
#4128 = ADVANCED_FACE('',(#4129),#4147,.F.);
#4129 = FACE_BOUND('',#4130,.F.);
#4130 = EDGE_LOOP('',(#4131,#4139,#4140,#4141));
#4131 = ORIENTED_EDGE('',*,*,#4132,.F.);
#4132 = EDGE_CURVE('',#363,#4133,#4135,.T.);
#4133 = VERTEX_POINT('',#4134);
#4134 = CARTESIAN_POINT('',(-1.223499794593,19.972559882314,-7.));
#4135 = LINE('',#4136,#4137);
#4136 = CARTESIAN_POINT('',(-2.048849032177,29.933043908753,-7.));
#4137 = VECTOR('',#4138,1.);
#4138 = DIRECTION('',(8.257934547233E-02,-0.996584493007,0.));
#4139 = ORIENTED_EDGE('',*,*,#371,.T.);
#4140 = ORIENTED_EDGE('',*,*,#4117,.T.);
#4141 = ORIENTED_EDGE('',*,*,#4142,.F.);
#4142 = EDGE_CURVE('',#4133,#4109,#4143,.T.);
#4143 = LINE('',#4144,#4145);
#4144 = CARTESIAN_POINT('',(-1.223499794593,19.972559882314,2.));
#4145 = VECTOR('',#4146,1.);
#4146 = DIRECTION('',(0.,0.,1.));
#4147 = PLANE('',#4148);
#4148 = AXIS2_PLACEMENT_3D('',#4149,#4150,#4151);
#4149 = CARTESIAN_POINT('',(-2.048849032177,29.933043908753,-7.));
#4150 = DIRECTION('',(0.996584493007,8.257934547233E-02,0.));
#4151 = DIRECTION('',(8.257934547233E-02,-0.996584493007,0.));
#4152 = ADVANCED_FACE('',(#4153),#4172,.F.);
#4153 = FACE_BOUND('',#4154,.F.);
#4154 = EDGE_LOOP('',(#4155,#4164,#4170,#4171));
#4155 = ORIENTED_EDGE('',*,*,#4156,.F.);
#4156 = EDGE_CURVE('',#4157,#4133,#4159,.T.);
#4157 = VERTEX_POINT('',#4158);
#4158 = CARTESIAN_POINT('',(1.223499794593,19.972559882314,-7.));
#4159 = CIRCLE('',#4160,20.01);
#4160 = AXIS2_PLACEMENT_3D('',#4161,#4162,#4163);
#4161 = CARTESIAN_POINT('',(0.,0.,-7.));
#4162 = DIRECTION('',(0.,0.,1.));
#4163 = DIRECTION('',(1.,0.,0.));
#4164 = ORIENTED_EDGE('',*,*,#4165,.T.);
#4165 = EDGE_CURVE('',#4157,#355,#4166,.T.);
#4166 = LINE('',#4167,#4168);
#4167 = CARTESIAN_POINT('',(0.39726212273,10.00135404862,-7.));
#4168 = VECTOR('',#4169,1.);
#4169 = DIRECTION('',(8.257934547233E-02,0.996584493007,0.));
#4170 = ORIENTED_EDGE('',*,*,#362,.T.);
#4171 = ORIENTED_EDGE('',*,*,#4132,.T.);
#4172 = PLANE('',#4173);
#4173 = AXIS2_PLACEMENT_3D('',#4174,#4175,#4176);
#4174 = CARTESIAN_POINT('',(-1.242562592039E-15,-3.713075123756E-16,-7.)
  );
#4175 = DIRECTION('',(0.,0.,1.));
#4176 = DIRECTION('',(1.,0.,0.));
#4177 = ADVANCED_FACE('',(#4178),#4196,.F.);
#4178 = FACE_BOUND('',#4179,.F.);
#4179 = EDGE_LOOP('',(#4180,#4181,#4189,#4195));
#4180 = ORIENTED_EDGE('',*,*,#4165,.F.);
#4181 = ORIENTED_EDGE('',*,*,#4182,.T.);
#4182 = EDGE_CURVE('',#4157,#4183,#4185,.T.);
#4183 = VERTEX_POINT('',#4184);
#4184 = CARTESIAN_POINT('',(1.223499794593,19.972559882314,0.));
#4185 = LINE('',#4186,#4187);
#4186 = CARTESIAN_POINT('',(1.223499794593,19.972559882314,2.));
#4187 = VECTOR('',#4188,1.);
#4188 = DIRECTION('',(0.,0.,1.));
#4189 = ORIENTED_EDGE('',*,*,#4190,.T.);
#4190 = EDGE_CURVE('',#4183,#346,#4191,.T.);
#4191 = LINE('',#4192,#4193);
#4192 = CARTESIAN_POINT('',(-1.563460463121E-02,5.018431583586,0.));
#4193 = VECTOR('',#4194,1.);
#4194 = DIRECTION('',(8.257934547233E-02,0.996584493007,0.));
#4195 = ORIENTED_EDGE('',*,*,#354,.F.);
#4196 = PLANE('',#4197);
#4197 = AXIS2_PLACEMENT_3D('',#4198,#4199,#4200);
#4198 = CARTESIAN_POINT('',(0.39726212273,10.00135404862,-7.));
#4199 = DIRECTION('',(-0.996584493007,8.257934547233E-02,0.));
#4200 = DIRECTION('',(8.257934547233E-02,0.996584493007,0.));
#4201 = ADVANCED_FACE('',(#4202),#4221,.F.);
#4202 = FACE_BOUND('',#4203,.F.);
#4203 = EDGE_LOOP('',(#4204,#4205,#4214,#4220));
#4204 = ORIENTED_EDGE('',*,*,#4190,.F.);
#4205 = ORIENTED_EDGE('',*,*,#4206,.F.);
#4206 = EDGE_CURVE('',#4207,#4183,#4209,.T.);
#4207 = VERTEX_POINT('',#4208);
#4208 = CARTESIAN_POINT('',(2.080562458579,19.901541645208,0.));
#4209 = CIRCLE('',#4210,20.01);
#4210 = AXIS2_PLACEMENT_3D('',#4211,#4212,#4213);
#4211 = CARTESIAN_POINT('',(0.,0.,0.));
#4212 = DIRECTION('',(0.,0.,1.));
#4213 = DIRECTION('',(1.,0.,0.));
#4214 = ORIENTED_EDGE('',*,*,#4215,.F.);
#4215 = EDGE_CURVE('',#338,#4207,#4216,.T.);
#4216 = LINE('',#4217,#4218);
#4217 = CARTESIAN_POINT('',(1.667221514078,14.913258276547,0.));
#4218 = VECTOR('',#4219,1.);
#4219 = DIRECTION('',(-8.257934547233E-02,-0.996584493007,0.));
#4220 = ORIENTED_EDGE('',*,*,#345,.T.);
#4221 = PLANE('',#4222);
#4222 = AXIS2_PLACEMENT_3D('',#4223,#4224,#4225);
#4223 = CARTESIAN_POINT('',(-2.410175787945E-16,-9.430653970596E-16,0.)
  );
#4224 = DIRECTION('',(0.,0.,1.));
#4225 = DIRECTION('',(8.257934547233E-02,0.996584493007,0.));
#4226 = ADVANCED_FACE('',(#4227),#4245,.F.);
#4227 = FACE_BOUND('',#4228,.F.);
#4228 = EDGE_LOOP('',(#4229,#4237,#4238,#4239));
#4229 = ORIENTED_EDGE('',*,*,#4230,.F.);
#4230 = EDGE_CURVE('',#329,#4231,#4233,.T.);
#4231 = VERTEX_POINT('',#4232);
#4232 = CARTESIAN_POINT('',(2.080562458579,19.901541645208,-7.));
#4233 = LINE('',#4234,#4235);
#4234 = CARTESIAN_POINT('',(2.905911696163,29.862025671647,-7.));
#4235 = VECTOR('',#4236,1.);
#4236 = DIRECTION('',(-8.257934547233E-02,-0.996584493007,0.));
#4237 = ORIENTED_EDGE('',*,*,#337,.T.);
#4238 = ORIENTED_EDGE('',*,*,#4215,.T.);
#4239 = ORIENTED_EDGE('',*,*,#4240,.F.);
#4240 = EDGE_CURVE('',#4231,#4207,#4241,.T.);
#4241 = LINE('',#4242,#4243);
#4242 = CARTESIAN_POINT('',(2.080562458579,19.901541645208,2.));
#4243 = VECTOR('',#4244,1.);
#4244 = DIRECTION('',(0.,0.,1.));
#4245 = PLANE('',#4246);
#4246 = AXIS2_PLACEMENT_3D('',#4247,#4248,#4249);
#4247 = CARTESIAN_POINT('',(2.905911696163,29.862025671647,-7.));
#4248 = DIRECTION('',(0.996584493007,-8.257934547233E-02,0.));
#4249 = DIRECTION('',(-8.257934547233E-02,-0.996584493007,0.));
#4250 = ADVANCED_FACE('',(#4251),#4270,.F.);
#4251 = FACE_BOUND('',#4252,.F.);
#4252 = EDGE_LOOP('',(#4253,#4262,#4268,#4269));
#4253 = ORIENTED_EDGE('',*,*,#4254,.F.);
#4254 = EDGE_CURVE('',#4255,#4231,#4257,.T.);
#4255 = VERTEX_POINT('',#4256);
#4256 = CARTESIAN_POINT('',(4.494188162795,19.498778750409,-7.));
#4257 = CIRCLE('',#4258,20.01);
#4258 = AXIS2_PLACEMENT_3D('',#4259,#4260,#4261);
#4259 = CARTESIAN_POINT('',(0.,0.,-7.));
#4260 = DIRECTION('',(0.,0.,1.));
#4261 = DIRECTION('',(1.,0.,0.));
#4262 = ORIENTED_EDGE('',*,*,#4263,.T.);
#4263 = EDGE_CURVE('',#4255,#321,#4264,.T.);
#4264 = LINE('',#4265,#4266);
#4265 = CARTESIAN_POINT('',(2.038012757054,9.799561418864,-7.));
#4266 = VECTOR('',#4267,1.);
#4267 = DIRECTION('',(0.245485487141,0.969400265939,0.));
#4268 = ORIENTED_EDGE('',*,*,#328,.T.);
#4269 = ORIENTED_EDGE('',*,*,#4230,.T.);
#4270 = PLANE('',#4271);
#4271 = AXIS2_PLACEMENT_3D('',#4272,#4273,#4274);
#4272 = CARTESIAN_POINT('',(-1.242562592039E-15,-3.713075123756E-16,-7.)
  );
#4273 = DIRECTION('',(0.,0.,1.));
#4274 = DIRECTION('',(1.,0.,0.));
#4275 = ADVANCED_FACE('',(#4276),#4294,.F.);
#4276 = FACE_BOUND('',#4277,.F.);
#4277 = EDGE_LOOP('',(#4278,#4279,#4287,#4293));
#4278 = ORIENTED_EDGE('',*,*,#4263,.F.);
#4279 = ORIENTED_EDGE('',*,*,#4280,.T.);
#4280 = EDGE_CURVE('',#4255,#4281,#4283,.T.);
#4281 = VERTEX_POINT('',#4282);
#4282 = CARTESIAN_POINT('',(4.494188162795,19.498778750409,0.));
#4283 = LINE('',#4284,#4285);
#4284 = CARTESIAN_POINT('',(4.494188162795,19.498778750409,2.));
#4285 = VECTOR('',#4286,1.);
#4286 = DIRECTION('',(0.,0.,1.));
#4287 = ORIENTED_EDGE('',*,*,#4288,.T.);
#4288 = EDGE_CURVE('',#4281,#312,#4289,.T.);
#4289 = LINE('',#4290,#4291);
#4290 = CARTESIAN_POINT('',(0.81058532135,4.952560089167,0.));
#4291 = VECTOR('',#4292,1.);
#4292 = DIRECTION('',(0.245485487141,0.969400265939,0.));
#4293 = ORIENTED_EDGE('',*,*,#320,.F.);
#4294 = PLANE('',#4295);
#4295 = AXIS2_PLACEMENT_3D('',#4296,#4297,#4298);
#4296 = CARTESIAN_POINT('',(2.038012757054,9.799561418864,-7.));
#4297 = DIRECTION('',(-0.969400265939,0.245485487141,0.));
#4298 = DIRECTION('',(0.245485487141,0.969400265939,0.));
#4299 = ADVANCED_FACE('',(#4300),#4319,.F.);
#4300 = FACE_BOUND('',#4301,.F.);
#4301 = EDGE_LOOP('',(#4302,#4303,#4312,#4318));
#4302 = ORIENTED_EDGE('',*,*,#4288,.F.);
#4303 = ORIENTED_EDGE('',*,*,#4304,.F.);
#4304 = EDGE_CURVE('',#4305,#4281,#4307,.T.);
#4305 = VERTEX_POINT('',#4306);
#4306 = CARTESIAN_POINT('',(5.327872391503,19.287661231468,0.));
#4307 = CIRCLE('',#4308,20.01);
#4308 = AXIS2_PLACEMENT_3D('',#4309,#4310,#4311);
#4309 = CARTESIAN_POINT('',(0.,0.,0.));
#4310 = DIRECTION('',(0.,0.,1.));
#4311 = DIRECTION('',(1.,0.,0.));
#4312 = ORIENTED_EDGE('',*,*,#4313,.F.);
#4313 = EDGE_CURVE('',#304,#4305,#4314,.T.);
#4314 = LINE('',#4315,#4316);
#4315 = CARTESIAN_POINT('',(4.099124421466,14.435445229619,0.));
#4316 = VECTOR('',#4317,1.);
#4317 = DIRECTION('',(-0.245485487141,-0.969400265939,0.));
#4318 = ORIENTED_EDGE('',*,*,#311,.T.);
#4319 = PLANE('',#4320);
#4320 = AXIS2_PLACEMENT_3D('',#4321,#4322,#4323);
#4321 = CARTESIAN_POINT('',(-3.929538757997E-16,-8.905330246056E-16,0.)
  );
#4322 = DIRECTION('',(0.,0.,1.));
#4323 = DIRECTION('',(0.245485487141,0.969400265939,0.));
#4324 = ADVANCED_FACE('',(#4325),#4343,.F.);
#4325 = FACE_BOUND('',#4326,.F.);
#4326 = EDGE_LOOP('',(#4327,#4335,#4336,#4337));
#4327 = ORIENTED_EDGE('',*,*,#4328,.F.);
#4328 = EDGE_CURVE('',#295,#4329,#4331,.T.);
#4329 = VERTEX_POINT('',#4330);
#4330 = CARTESIAN_POINT('',(5.327872391503,19.287661231468,-7.));
#4331 = LINE('',#4332,#4333);
#4332 = CARTESIAN_POINT('',(7.781406728578,28.976449218709,-7.));
#4333 = VECTOR('',#4334,1.);
#4334 = DIRECTION('',(-0.245485487141,-0.969400265939,0.));
#4335 = ORIENTED_EDGE('',*,*,#303,.T.);
#4336 = ORIENTED_EDGE('',*,*,#4313,.T.);
#4337 = ORIENTED_EDGE('',*,*,#4338,.F.);
#4338 = EDGE_CURVE('',#4329,#4305,#4339,.T.);
#4339 = LINE('',#4340,#4341);
#4340 = CARTESIAN_POINT('',(5.327872391503,19.287661231468,2.));
#4341 = VECTOR('',#4342,1.);
#4342 = DIRECTION('',(0.,0.,1.));
#4343 = PLANE('',#4344);
#4344 = AXIS2_PLACEMENT_3D('',#4345,#4346,#4347);
#4345 = CARTESIAN_POINT('',(7.781406728578,28.976449218709,-7.));
#4346 = DIRECTION('',(0.969400265939,-0.245485487141,0.));
#4347 = DIRECTION('',(-0.245485487141,-0.969400265939,0.));
#4348 = ADVANCED_FACE('',(#4349),#4368,.F.);
#4349 = FACE_BOUND('',#4350,.F.);
#4350 = EDGE_LOOP('',(#4351,#4360,#4366,#4367));
#4351 = ORIENTED_EDGE('',*,*,#4352,.F.);
#4352 = EDGE_CURVE('',#4353,#4329,#4355,.T.);
#4353 = VERTEX_POINT('',#4354);
#4354 = CARTESIAN_POINT('',(7.64228679339,18.493121763715,-7.));
#4355 = CIRCLE('',#4356,20.01);
#4356 = AXIS2_PLACEMENT_3D('',#4357,#4358,#4359);
#4357 = CARTESIAN_POINT('',(0.,0.,-7.));
#4358 = DIRECTION('',(0.,0.,1.));
#4359 = DIRECTION('',(1.,0.,0.));
#4360 = ORIENTED_EDGE('',*,*,#4361,.T.);
#4361 = EDGE_CURVE('',#4353,#287,#4362,.T.);
#4362 = LINE('',#4363,#4364);
#4363 = CARTESIAN_POINT('',(3.623171716068,9.330462299151,-7.));
#4364 = VECTOR('',#4365,1.);
#4365 = DIRECTION('',(0.401695424653,0.915773326655,0.));
#4366 = ORIENTED_EDGE('',*,*,#294,.T.);
#4367 = ORIENTED_EDGE('',*,*,#4328,.T.);
#4368 = PLANE('',#4369);
#4369 = AXIS2_PLACEMENT_3D('',#4370,#4371,#4372);
#4370 = CARTESIAN_POINT('',(-1.242562592039E-15,-3.713075123756E-16,-7.)
  );
#4371 = DIRECTION('',(0.,0.,1.));
#4372 = DIRECTION('',(1.,0.,0.));
#4373 = ADVANCED_FACE('',(#4374),#4392,.F.);
#4374 = FACE_BOUND('',#4375,.F.);
#4375 = EDGE_LOOP('',(#4376,#4377,#4385,#4391));
#4376 = ORIENTED_EDGE('',*,*,#4361,.F.);
#4377 = ORIENTED_EDGE('',*,*,#4378,.T.);
#4378 = EDGE_CURVE('',#4353,#4379,#4381,.T.);
#4379 = VERTEX_POINT('',#4380);
#4380 = CARTESIAN_POINT('',(7.64228679339,18.493121763715,0.));
#4381 = LINE('',#4382,#4383);
#4382 = CARTESIAN_POINT('',(7.64228679339,18.493121763715,2.));
#4383 = VECTOR('',#4384,1.);
#4384 = DIRECTION('',(0.,0.,1.));
#4385 = ORIENTED_EDGE('',*,*,#4386,.T.);
#4386 = EDGE_CURVE('',#4379,#278,#4387,.T.);
#4387 = LINE('',#4388,#4389);
#4388 = CARTESIAN_POINT('',(1.614694592803,4.751595665876,0.));
#4389 = VECTOR('',#4390,1.);
#4390 = DIRECTION('',(0.401695424653,0.915773326655,0.));
#4391 = ORIENTED_EDGE('',*,*,#286,.F.);
#4392 = PLANE('',#4393);
#4393 = AXIS2_PLACEMENT_3D('',#4394,#4395,#4396);
#4394 = CARTESIAN_POINT('',(3.623171716068,9.330462299151,-7.));
#4395 = DIRECTION('',(-0.915773326655,0.401695424653,0.));
#4396 = DIRECTION('',(0.401695424653,0.915773326655,0.));
#4397 = ADVANCED_FACE('',(#4398),#4417,.F.);
#4398 = FACE_BOUND('',#4399,.F.);
#4399 = EDGE_LOOP('',(#4400,#4401,#4410,#4416));
#4400 = ORIENTED_EDGE('',*,*,#4386,.F.);
#4401 = ORIENTED_EDGE('',*,*,#4402,.F.);
#4402 = EDGE_CURVE('',#4403,#4379,#4405,.T.);
#4403 = VERTEX_POINT('',#4404);
#4404 = CARTESIAN_POINT('',(8.429851854313,18.147663698513,0.));
#4405 = CIRCLE('',#4406,20.01);
#4406 = AXIS2_PLACEMENT_3D('',#4407,#4408,#4409);
#4407 = CARTESIAN_POINT('',(0.,0.,0.));
#4408 = DIRECTION('',(0.,0.,1.));
#4409 = DIRECTION('',(1.,0.,0.));
#4410 = ORIENTED_EDGE('',*,*,#4411,.F.);
#4411 = EDGE_CURVE('',#270,#4403,#4412,.T.);
#4412 = LINE('',#4413,#4414);
#4413 = CARTESIAN_POINT('',(6.419213900256,13.563870867225,0.));
#4414 = VECTOR('',#4415,1.);
#4415 = DIRECTION('',(-0.401695424653,-0.915773326655,0.));
#4416 = ORIENTED_EDGE('',*,*,#277,.T.);
#4417 = PLANE('',#4418);
#4418 = AXIS2_PLACEMENT_3D('',#4419,#4420,#4421);
#4419 = CARTESIAN_POINT('',(-5.341714154273E-16,-8.137092326866E-16,0.)
  );
#4420 = DIRECTION('',(0.,0.,1.));
#4421 = DIRECTION('',(0.401695424653,0.915773326655,0.));
#4422 = ADVANCED_FACE('',(#4423),#4441,.F.);
#4423 = FACE_BOUND('',#4424,.F.);
#4424 = EDGE_LOOP('',(#4425,#4433,#4434,#4435));
#4425 = ORIENTED_EDGE('',*,*,#4426,.F.);
#4426 = EDGE_CURVE('',#261,#4427,#4429,.T.);
#4427 = VERTEX_POINT('',#4428);
#4428 = CARTESIAN_POINT('',(8.429851854313,18.147663698513,-7.));
#4429 = LINE('',#4430,#4431);
#4430 = CARTESIAN_POINT('',(12.444645270051,27.300470767051,-7.));
#4431 = VECTOR('',#4432,1.);
#4432 = DIRECTION('',(-0.401695424653,-0.915773326655,0.));
#4433 = ORIENTED_EDGE('',*,*,#269,.T.);
#4434 = ORIENTED_EDGE('',*,*,#4411,.T.);
#4435 = ORIENTED_EDGE('',*,*,#4436,.F.);
#4436 = EDGE_CURVE('',#4427,#4403,#4437,.T.);
#4437 = LINE('',#4438,#4439);
#4438 = CARTESIAN_POINT('',(8.429851854313,18.147663698513,2.));
#4439 = VECTOR('',#4440,1.);
#4440 = DIRECTION('',(0.,0.,1.));
#4441 = PLANE('',#4442);
#4442 = AXIS2_PLACEMENT_3D('',#4443,#4444,#4445);
#4443 = CARTESIAN_POINT('',(12.444645270051,27.300470767051,-7.));
#4444 = DIRECTION('',(0.915773326655,-0.401695424653,0.));
#4445 = DIRECTION('',(-0.401695424653,-0.915773326655,0.));
#4446 = ADVANCED_FACE('',(#4447),#4466,.F.);
#4447 = FACE_BOUND('',#4448,.F.);
#4448 = EDGE_LOOP('',(#4449,#4458,#4464,#4465));
#4449 = ORIENTED_EDGE('',*,*,#4450,.F.);
#4450 = EDGE_CURVE('',#4451,#4427,#4453,.T.);
#4451 = VERTEX_POINT('',#4452);
#4452 = CARTESIAN_POINT('',(10.581923762216,16.983020623277,-7.));
#4453 = CIRCLE('',#4454,20.01);
#4454 = AXIS2_PLACEMENT_3D('',#4455,#4456,#4457);
#4455 = CARTESIAN_POINT('',(0.,0.,-7.));
#4456 = DIRECTION('',(0.,0.,1.));
#4457 = DIRECTION('',(1.,0.,0.));
#4458 = ORIENTED_EDGE('',*,*,#4459,.T.);
#4459 = EDGE_CURVE('',#4451,#253,#4460,.T.);
#4460 = LINE('',#4461,#4462);
#4461 = CARTESIAN_POINT('',(5.109499995571,8.606852490618,-7.));
#4462 = VECTOR('',#4463,1.);
#4463 = DIRECTION('',(0.546948158122,0.837166478263,0.));
#4464 = ORIENTED_EDGE('',*,*,#260,.T.);
#4465 = ORIENTED_EDGE('',*,*,#4426,.T.);
#4466 = PLANE('',#4467);
#4467 = AXIS2_PLACEMENT_3D('',#4468,#4469,#4470);
#4468 = CARTESIAN_POINT('',(-1.242562592039E-15,-3.713075123756E-16,-7.)
  );
#4469 = DIRECTION('',(0.,0.,1.));
#4470 = DIRECTION('',(1.,0.,0.));
#4471 = ADVANCED_FACE('',(#4472),#4490,.F.);
#4472 = FACE_BOUND('',#4473,.F.);
#4473 = EDGE_LOOP('',(#4474,#4475,#4483,#4489));
#4474 = ORIENTED_EDGE('',*,*,#4459,.F.);
#4475 = ORIENTED_EDGE('',*,*,#4476,.T.);
#4476 = EDGE_CURVE('',#4451,#4477,#4479,.T.);
#4477 = VERTEX_POINT('',#4478);
#4478 = CARTESIAN_POINT('',(10.581923762216,16.983020623277,0.));
#4479 = LINE('',#4480,#4481);
#4480 = CARTESIAN_POINT('',(10.581923762216,16.983020623277,2.));
#4481 = VECTOR('',#4482,1.);
#4482 = DIRECTION('',(0.,0.,1.));
#4483 = ORIENTED_EDGE('',*,*,#4484,.T.);
#4484 = EDGE_CURVE('',#4477,#244,#4485,.T.);
#4485 = LINE('',#4486,#4487);
#4486 = CARTESIAN_POINT('',(2.374759204959,4.421020099305,0.));
#4487 = VECTOR('',#4488,1.);
#4488 = DIRECTION('',(0.546948158122,0.837166478263,0.));
#4489 = ORIENTED_EDGE('',*,*,#252,.F.);
#4490 = PLANE('',#4491);
#4491 = AXIS2_PLACEMENT_3D('',#4492,#4493,#4494);
#4492 = CARTESIAN_POINT('',(5.109499995571,8.606852490618,-7.));
#4493 = DIRECTION('',(-0.837166478263,0.546948158122,0.));
#4494 = DIRECTION('',(0.546948158122,0.837166478263,0.));
#4495 = ADVANCED_FACE('',(#4496),#4515,.F.);
#4496 = FACE_BOUND('',#4497,.F.);
#4497 = EDGE_LOOP('',(#4498,#4499,#4508,#4514));
#4498 = ORIENTED_EDGE('',*,*,#4484,.F.);
#4499 = ORIENTED_EDGE('',*,*,#4500,.F.);
#4500 = EDGE_CURVE('',#4501,#4477,#4503,.T.);
#4501 = VERTEX_POINT('',#4502);
#4502 = CARTESIAN_POINT('',(11.301886933521,16.512645207292,0.));
#4503 = CIRCLE('',#4504,20.01);
#4504 = AXIS2_PLACEMENT_3D('',#4505,#4506,#4507);
#4505 = CARTESIAN_POINT('',(0.,0.,0.));
#4506 = DIRECTION('',(0.,0.,1.));
#4507 = DIRECTION('',(1.,0.,0.));
#4508 = ORIENTED_EDGE('',*,*,#4509,.F.);
#4509 = EDGE_CURVE('',#236,#4501,#4510,.T.);
#4510 = LINE('',#4511,#4512);
#4511 = CARTESIAN_POINT('',(8.564203957489,12.322309465945,0.));
#4512 = VECTOR('',#4513,1.);
#4513 = DIRECTION('',(-0.546948158122,-0.837166478263,0.));
#4514 = ORIENTED_EDGE('',*,*,#243,.T.);
#4515 = PLANE('',#4516);
#4516 = AXIS2_PLACEMENT_3D('',#4517,#4518,#4519);
#4517 = CARTESIAN_POINT('',(-6.608181513231E-16,-7.146895740817E-16,0.)
  );
#4518 = DIRECTION('',(0.,0.,1.));
#4519 = DIRECTION('',(0.546948158122,0.837166478263,0.));
#4520 = ADVANCED_FACE('',(#4521),#4539,.F.);
#4521 = FACE_BOUND('',#4522,.F.);
#4522 = EDGE_LOOP('',(#4523,#4531,#4532,#4533));
#4523 = ORIENTED_EDGE('',*,*,#4524,.F.);
#4524 = EDGE_CURVE('',#227,#4525,#4527,.T.);
#4525 = VERTEX_POINT('',#4526);
#4526 = CARTESIAN_POINT('',(11.301886933522,16.512645207292,-7.));
#4527 = LINE('',#4528,#4529);
#4528 = CARTESIAN_POINT('',(16.768426329326,24.879806639883,-7.));
#4529 = VECTOR('',#4530,1.);
#4530 = DIRECTION('',(-0.546948158122,-0.837166478263,0.));
#4531 = ORIENTED_EDGE('',*,*,#235,.T.);
#4532 = ORIENTED_EDGE('',*,*,#4509,.T.);
#4533 = ORIENTED_EDGE('',*,*,#4534,.F.);
#4534 = EDGE_CURVE('',#4525,#4501,#4535,.T.);
#4535 = LINE('',#4536,#4537);
#4536 = CARTESIAN_POINT('',(11.301886933521,16.512645207292,2.));
#4537 = VECTOR('',#4538,1.);
#4538 = DIRECTION('',(0.,0.,1.));
#4539 = PLANE('',#4540);
#4540 = AXIS2_PLACEMENT_3D('',#4541,#4542,#4543);
#4541 = CARTESIAN_POINT('',(16.768426329326,24.879806639883,-7.));
#4542 = DIRECTION('',(0.837166478263,-0.546948158122,0.));
#4543 = DIRECTION('',(-0.546948158122,-0.837166478263,0.));
#4544 = ADVANCED_FACE('',(#4545),#4564,.F.);
#4545 = FACE_BOUND('',#4546,.F.);
#4546 = EDGE_LOOP('',(#4547,#4556,#4562,#4563));
#4547 = ORIENTED_EDGE('',*,*,#4548,.F.);
#4548 = EDGE_CURVE('',#4549,#4525,#4551,.T.);
#4549 = VERTEX_POINT('',#4550);
#4550 = CARTESIAN_POINT('',(13.232913435825,15.009666951667,-7.));
#4551 = CIRCLE('',#4552,20.01);
#4552 = AXIS2_PLACEMENT_3D('',#4553,#4554,#4555);
#4553 = CARTESIAN_POINT('',(0.,0.,-7.));
#4554 = DIRECTION('',(0.,0.,1.));
#4555 = DIRECTION('',(1.,0.,0.));
#4556 = ORIENTED_EDGE('',*,*,#4557,.T.);
#4557 = EDGE_CURVE('',#4549,#219,#4558,.T.);
#4558 = LINE('',#4559,#4560);
#4559 = CARTESIAN_POINT('',(6.456454434668,7.64847018253,-7.));
#4560 = VECTOR('',#4561,1.);
#4561 = DIRECTION('',(0.677281571626,0.735723910673,0.));
#4562 = ORIENTED_EDGE('',*,*,#226,.T.);
#4563 = ORIENTED_EDGE('',*,*,#4524,.T.);
#4564 = PLANE('',#4565);
#4565 = AXIS2_PLACEMENT_3D('',#4566,#4567,#4568);
#4566 = CARTESIAN_POINT('',(-1.242562592039E-15,-3.713075123756E-16,-7.)
  );
#4567 = DIRECTION('',(0.,0.,1.));
#4568 = DIRECTION('',(1.,0.,0.));
#4569 = ADVANCED_FACE('',(#4570),#4588,.F.);
#4570 = FACE_BOUND('',#4571,.F.);
#4571 = EDGE_LOOP('',(#4572,#4573,#4581,#4587));
#4572 = ORIENTED_EDGE('',*,*,#4557,.F.);
#4573 = ORIENTED_EDGE('',*,*,#4574,.T.);
#4574 = EDGE_CURVE('',#4549,#4575,#4577,.T.);
#4575 = VERTEX_POINT('',#4576);
#4576 = CARTESIAN_POINT('',(13.232913435825,15.009666951667,0.));
#4577 = LINE('',#4578,#4579);
#4578 = CARTESIAN_POINT('',(13.232913435825,15.009666951667,2.));
#4579 = VECTOR('',#4580,1.);
#4580 = DIRECTION('',(0.,0.,1.));
#4581 = ORIENTED_EDGE('',*,*,#4582,.T.);
#4582 = EDGE_CURVE('',#4575,#210,#4583,.T.);
#4583 = LINE('',#4584,#4585);
#4584 = CARTESIAN_POINT('',(3.070046576539,3.969850629165,0.));
#4585 = VECTOR('',#4586,1.);
#4586 = DIRECTION('',(0.677281571626,0.735723910673,0.));
#4587 = ORIENTED_EDGE('',*,*,#218,.F.);
#4588 = PLANE('',#4589);
#4589 = AXIS2_PLACEMENT_3D('',#4590,#4591,#4592);
#4590 = CARTESIAN_POINT('',(6.456454434668,7.64847018253,-7.));
#4591 = DIRECTION('',(-0.735723910673,0.677281571626,0.));
#4592 = DIRECTION('',(0.677281571626,0.735723910673,0.));
#4593 = ADVANCED_FACE('',(#4594),#4613,.F.);
#4594 = FACE_BOUND('',#4595,.F.);
#4595 = EDGE_LOOP('',(#4596,#4597,#4606,#4612));
#4596 = ORIENTED_EDGE('',*,*,#4582,.F.);
#4597 = ORIENTED_EDGE('',*,*,#4598,.F.);
#4598 = EDGE_CURVE('',#4599,#4575,#4601,.T.);
#4599 = VERTEX_POINT('',#4600);
#4600 = CARTESIAN_POINT('',(13.865635999004,14.427204800069,0.));
#4601 = CIRCLE('',#4602,20.01);
#4602 = AXIS2_PLACEMENT_3D('',#4603,#4604,#4605);
#4603 = CARTESIAN_POINT('',(0.,0.,0.));
#4604 = DIRECTION('',(0.,0.,1.));
#4605 = DIRECTION('',(1.,0.,0.));
#4606 = ORIENTED_EDGE('',*,*,#4607,.F.);
#4607 = EDGE_CURVE('',#202,#4599,#4608,.T.);
#4608 = LINE('',#4609,#4610);
#4609 = CARTESIAN_POINT('',(10.475584855976,10.744627584298,0.));
#4610 = VECTOR('',#4611,1.);
#4611 = DIRECTION('',(-0.677281571626,-0.735723910673,0.));
#4612 = ORIENTED_EDGE('',*,*,#209,.T.);
#4613 = PLANE('',#4614);
#4614 = AXIS2_PLACEMENT_3D('',#4615,#4616,#4617);
#4615 = CARTESIAN_POINT('',(-7.694394906751E-16,-5.961750469524E-16,0.)
  );
#4616 = DIRECTION('',(0.,0.,1.));
#4617 = DIRECTION('',(0.677281571626,0.735723910673,0.));
#4618 = ADVANCED_FACE('',(#4619),#4637,.F.);
#4619 = FACE_BOUND('',#4620,.F.);
#4620 = EDGE_LOOP('',(#4621,#4629,#4630,#4631));
#4621 = ORIENTED_EDGE('',*,*,#4622,.F.);
#4622 = EDGE_CURVE('',#193,#4623,#4625,.T.);
#4623 = VERTEX_POINT('',#4624);
#4624 = CARTESIAN_POINT('',(13.865635999003,14.427204800069,-7.));
#4625 = LINE('',#4626,#4627);
#4626 = CARTESIAN_POINT('',(20.634808430362,21.780486244395,-7.));
#4627 = VECTOR('',#4628,1.);
#4628 = DIRECTION('',(-0.677281571626,-0.735723910673,0.));
#4629 = ORIENTED_EDGE('',*,*,#201,.T.);
#4630 = ORIENTED_EDGE('',*,*,#4607,.T.);
#4631 = ORIENTED_EDGE('',*,*,#4632,.F.);
#4632 = EDGE_CURVE('',#4623,#4599,#4633,.T.);
#4633 = LINE('',#4634,#4635);
#4634 = CARTESIAN_POINT('',(13.865635999004,14.427204800069,2.));
#4635 = VECTOR('',#4636,1.);
#4636 = DIRECTION('',(0.,0.,1.));
#4637 = PLANE('',#4638);
#4638 = AXIS2_PLACEMENT_3D('',#4639,#4640,#4641);
#4639 = CARTESIAN_POINT('',(20.634808430362,21.780486244395,-7.));
#4640 = DIRECTION('',(0.735723910673,-0.677281571626,0.));
#4641 = DIRECTION('',(-0.677281571626,-0.735723910673,0.));
#4642 = ADVANCED_FACE('',(#4643),#4662,.F.);
#4643 = FACE_BOUND('',#4644,.F.);
#4644 = EDGE_LOOP('',(#4645,#4654,#4660,#4661));
#4645 = ORIENTED_EDGE('',*,*,#4646,.F.);
#4646 = EDGE_CURVE('',#4647,#4623,#4649,.T.);
#4647 = VERTEX_POINT('',#4648);
#4648 = CARTESIAN_POINT('',(15.522943726536,12.626888692896,-7.));
#4649 = CIRCLE('',#4650,20.01);
#4650 = AXIS2_PLACEMENT_3D('',#4651,#4652,#4653);
#4651 = CARTESIAN_POINT('',(0.,0.,-7.));
#4652 = DIRECTION('',(0.,0.,1.));
#4653 = DIRECTION('',(1.,0.,0.));
#4654 = ORIENTED_EDGE('',*,*,#4655,.T.);
#4655 = EDGE_CURVE('',#4647,#185,#4656,.T.);
#4656 = LINE('',#4657,#4658);
#4657 = CARTESIAN_POINT('',(7.627293627507,6.481457545937,-7.));
#4658 = VECTOR('',#4659,1.);
#4659 = DIRECTION('',(0.789140509396,0.61421271269,0.));
#4660 = ORIENTED_EDGE('',*,*,#192,.T.);
#4661 = ORIENTED_EDGE('',*,*,#4622,.T.);
#4662 = PLANE('',#4663);
#4663 = AXIS2_PLACEMENT_3D('',#4664,#4665,#4666);
#4664 = CARTESIAN_POINT('',(-1.242562592039E-15,-3.713075123756E-16,-7.)
  );
#4665 = DIRECTION('',(0.,0.,1.));
#4666 = DIRECTION('',(1.,0.,0.));
#4667 = ADVANCED_FACE('',(#4668),#4686,.F.);
#4668 = FACE_BOUND('',#4669,.F.);
#4669 = EDGE_LOOP('',(#4670,#4671,#4679,#4685));
#4670 = ORIENTED_EDGE('',*,*,#4655,.F.);
#4671 = ORIENTED_EDGE('',*,*,#4672,.T.);
#4672 = EDGE_CURVE('',#4647,#4673,#4675,.T.);
#4673 = VERTEX_POINT('',#4674);
#4674 = CARTESIAN_POINT('',(15.522943726535,12.626888692897,0.));
#4675 = LINE('',#4676,#4677);
#4676 = CARTESIAN_POINT('',(15.522943726535,12.626888692897,2.));
#4677 = VECTOR('',#4678,1.);
#4678 = DIRECTION('',(0.,0.,1.));
#4679 = ORIENTED_EDGE('',*,*,#4680,.T.);
#4680 = EDGE_CURVE('',#4673,#176,#4681,.T.);
#4681 = LINE('',#4682,#4683);
#4682 = CARTESIAN_POINT('',(3.681591080525,3.410393982489,0.));
#4683 = VECTOR('',#4684,1.);
#4684 = DIRECTION('',(0.789140509396,0.61421271269,0.));
#4685 = ORIENTED_EDGE('',*,*,#184,.F.);
#4686 = PLANE('',#4687);
#4687 = AXIS2_PLACEMENT_3D('',#4688,#4689,#4690);
#4688 = CARTESIAN_POINT('',(7.627293627507,6.481457545937,-7.));
#4689 = DIRECTION('',(-0.61421271269,0.789140509396,0.));
#4690 = DIRECTION('',(0.789140509396,0.61421271269,0.));
#4691 = ADVANCED_FACE('',(#4692),#4711,.F.);
#4692 = FACE_BOUND('',#4693,.F.);
#4693 = EDGE_LOOP('',(#4694,#4695,#4704,#4710));
#4694 = ORIENTED_EDGE('',*,*,#4680,.F.);
#4695 = ORIENTED_EDGE('',*,*,#4696,.F.);
#4696 = EDGE_CURVE('',#4697,#4673,#4699,.T.);
#4697 = VERTEX_POINT('',#4698);
#4698 = CARTESIAN_POINT('',(16.051166659449,11.948227854816,0.));
#4699 = CIRCLE('',#4700,20.01);
#4700 = AXIS2_PLACEMENT_3D('',#4701,#4702,#4703);
#4701 = CARTESIAN_POINT('',(0.,0.,0.));
#4702 = DIRECTION('',(0.,0.,1.));
#4703 = DIRECTION('',(1.,0.,0.));
#4704 = ORIENTED_EDGE('',*,*,#4705,.F.);
#4705 = EDGE_CURVE('',#168,#4697,#4706,.T.);
#4706 = LINE('',#4707,#4708);
#4707 = CARTESIAN_POINT('',(12.101219107402,8.873860271305,0.));
#4708 = VECTOR('',#4709,1.);
#4709 = DIRECTION('',(-0.789140509396,-0.61421271269,0.));
#4710 = ORIENTED_EDGE('',*,*,#175,.T.);
#4711 = PLANE('',#4712);
#4712 = AXIS2_PLACEMENT_3D('',#4713,#4714,#4715);
#4713 = CARTESIAN_POINT('',(-8.570725265006E-16,-4.613984186547E-16,0.)
  );
#4714 = DIRECTION('',(0.,0.,1.));
#4715 = DIRECTION('',(0.789140509396,0.61421271269,0.));
#4716 = ADVANCED_FACE('',(#4717),#4735,.F.);
#4717 = FACE_BOUND('',#4718,.F.);
#4718 = EDGE_LOOP('',(#4719,#4727,#4728,#4729));
#4719 = ORIENTED_EDGE('',*,*,#4720,.F.);
#4720 = EDGE_CURVE('',#159,#4721,#4723,.T.);
#4721 = VERTEX_POINT('',#4722);
#4722 = CARTESIAN_POINT('',(16.051166659449,11.948227854816,-7.));
#4723 = LINE('',#4724,#4725);
#4724 = CARTESIAN_POINT('',(23.938326748348,18.08705096165,-7.));
#4725 = VECTOR('',#4726,1.);
#4726 = DIRECTION('',(-0.789140509396,-0.61421271269,0.));
#4727 = ORIENTED_EDGE('',*,*,#167,.T.);
#4728 = ORIENTED_EDGE('',*,*,#4705,.T.);
#4729 = ORIENTED_EDGE('',*,*,#4730,.F.);
#4730 = EDGE_CURVE('',#4721,#4697,#4731,.T.);
#4731 = LINE('',#4732,#4733);
#4732 = CARTESIAN_POINT('',(16.051166659449,11.948227854816,2.));
#4733 = VECTOR('',#4734,1.);
#4734 = DIRECTION('',(0.,0.,1.));
#4735 = PLANE('',#4736);
#4736 = AXIS2_PLACEMENT_3D('',#4737,#4738,#4739);
#4737 = CARTESIAN_POINT('',(23.938326748348,18.08705096165,-7.));
#4738 = DIRECTION('',(0.61421271269,-0.789140509396,0.));
#4739 = DIRECTION('',(-0.789140509396,-0.61421271269,0.));
#4740 = ADVANCED_FACE('',(#4741),#4760,.F.);
#4741 = FACE_BOUND('',#4742,.F.);
#4742 = EDGE_LOOP('',(#4743,#4752,#4758,#4759));
#4743 = ORIENTED_EDGE('',*,*,#4744,.F.);
#4744 = EDGE_CURVE('',#4745,#4721,#4747,.T.);
#4745 = VERTEX_POINT('',#4746);
#4746 = CARTESIAN_POINT('',(17.389548577681,9.899681826427,-7.));
#4747 = CIRCLE('',#4748,20.01);
#4748 = AXIS2_PLACEMENT_3D('',#4749,#4750,#4751);
#4749 = CARTESIAN_POINT('',(0.,0.,-7.));
#4750 = DIRECTION('',(0.,0.,1.));
#4751 = DIRECTION('',(1.,0.,0.));
#4752 = ORIENTED_EDGE('',*,*,#4753,.T.);
#4753 = EDGE_CURVE('',#4745,#151,#4754,.T.);
#4754 = LINE('',#4755,#4756);
#4755 = CARTESIAN_POINT('',(8.590080133059,5.13764764339,-7.));
#4756 = VECTOR('',#4757,1.);
#4757 = DIRECTION('',(0.879473751206,0.475947393037,0.));
#4758 = ORIENTED_EDGE('',*,*,#158,.T.);
#4759 = ORIENTED_EDGE('',*,*,#4720,.T.);
#4760 = PLANE('',#4761);
#4761 = AXIS2_PLACEMENT_3D('',#4762,#4763,#4764);
#4762 = CARTESIAN_POINT('',(-1.242562592039E-15,-3.713075123756E-16,-7.)
  );
#4763 = DIRECTION('',(0.,0.,1.));
#4764 = DIRECTION('',(1.,0.,0.));
#4765 = ADVANCED_FACE('',(#4766),#4784,.F.);
#4766 = FACE_BOUND('',#4767,.F.);
#4767 = EDGE_LOOP('',(#4768,#4769,#4777,#4783));
#4768 = ORIENTED_EDGE('',*,*,#4753,.F.);
#4769 = ORIENTED_EDGE('',*,*,#4770,.T.);
#4770 = EDGE_CURVE('',#4745,#4771,#4773,.T.);
#4771 = VERTEX_POINT('',#4772);
#4772 = CARTESIAN_POINT('',(17.38954857768,9.899681826427,0.));
#4773 = LINE('',#4774,#4775);
#4774 = CARTESIAN_POINT('',(17.38954857768,9.899681826427,2.));
#4775 = VECTOR('',#4776,1.);
#4776 = DIRECTION('',(0.,0.,1.));
#4777 = ORIENTED_EDGE('',*,*,#4778,.T.);
#4778 = EDGE_CURVE('',#4771,#142,#4779,.T.);
#4779 = LINE('',#4780,#4781);
#4780 = CARTESIAN_POINT('',(4.192711377027,2.757910678204,0.));
#4781 = VECTOR('',#4782,1.);
#4782 = DIRECTION('',(0.879473751206,0.475947393037,0.));
#4783 = ORIENTED_EDGE('',*,*,#150,.F.);
#4784 = PLANE('',#4785);
#4785 = AXIS2_PLACEMENT_3D('',#4786,#4787,#4788);
#4786 = CARTESIAN_POINT('',(8.590080133059,5.13764764339,-7.));
#4787 = DIRECTION('',(-0.475947393037,0.879473751206,0.));
#4788 = DIRECTION('',(0.879473751206,0.475947393037,0.));
#4789 = ADVANCED_FACE('',(#4790),#4809,.F.);
#4790 = FACE_BOUND('',#4791,.F.);
#4791 = EDGE_LOOP('',(#4792,#4793,#4802,#4808));
#4792 = ORIENTED_EDGE('',*,*,#4778,.F.);
#4793 = ORIENTED_EDGE('',*,*,#4794,.F.);
#4794 = EDGE_CURVE('',#4795,#4771,#4797,.T.);
#4795 = VERTEX_POINT('',#4796);
#4796 = CARTESIAN_POINT('',(17.798863335692,9.14333440039,0.));
#4797 = CIRCLE('',#4798,20.01);
#4798 = AXIS2_PLACEMENT_3D('',#4799,#4800,#4801);
#4799 = CARTESIAN_POINT('',(0.,0.,0.));
#4800 = DIRECTION('',(0.,0.,1.));
#4801 = DIRECTION('',(1.,0.,0.));
#4802 = ORIENTED_EDGE('',*,*,#4803,.F.);
#4803 = EDGE_CURVE('',#134,#4795,#4804,.T.);
#4804 = LINE('',#4805,#4806);
#4805 = CARTESIAN_POINT('',(13.396763647103,6.761037182537,0.));
#4806 = VECTOR('',#4807,1.);
#4807 = DIRECTION('',(-0.879473751206,-0.475947393037,0.));
#4808 = ORIENTED_EDGE('',*,*,#141,.T.);
#4809 = PLANE('',#4810);
#4810 = AXIS2_PLACEMENT_3D('',#4811,#4812,#4813);
#4811 = CARTESIAN_POINT('',(-9.213268580244E-16,-3.14036044272E-16,0.));
#4812 = DIRECTION('',(0.,0.,1.));
#4813 = DIRECTION('',(0.879473751206,0.475947393037,0.));
#4814 = ADVANCED_FACE('',(#4815),#4833,.F.);
#4815 = FACE_BOUND('',#4816,.F.);
#4816 = EDGE_LOOP('',(#4817,#4825,#4826,#4827));
#4817 = ORIENTED_EDGE('',*,*,#4818,.F.);
#4818 = EDGE_CURVE('',#125,#4819,#4821,.T.);
#4819 = VERTEX_POINT('',#4820);
#4820 = CARTESIAN_POINT('',(17.798863335692,9.14333440039,-7.));
#4821 = LINE('',#4822,#4823);
#4822 = CARTESIAN_POINT('',(26.588869915201,13.900248078093,-7.));
#4823 = VECTOR('',#4824,1.);
#4824 = DIRECTION('',(-0.879473751206,-0.475947393037,0.));
#4825 = ORIENTED_EDGE('',*,*,#133,.T.);
#4826 = ORIENTED_EDGE('',*,*,#4803,.T.);
#4827 = ORIENTED_EDGE('',*,*,#4828,.F.);
#4828 = EDGE_CURVE('',#4819,#4795,#4829,.T.);
#4829 = LINE('',#4830,#4831);
#4830 = CARTESIAN_POINT('',(17.798863335692,9.14333440039,2.));
#4831 = VECTOR('',#4832,1.);
#4832 = DIRECTION('',(0.,0.,1.));
#4833 = PLANE('',#4834);
#4834 = AXIS2_PLACEMENT_3D('',#4835,#4836,#4837);
#4835 = CARTESIAN_POINT('',(26.588869915201,13.900248078093,-7.));
#4836 = DIRECTION('',(0.475947393037,-0.879473751206,0.));
#4837 = DIRECTION('',(-0.879473751206,-0.475947393037,0.));
#4838 = ADVANCED_FACE('',(#4839),#4858,.F.);
#4839 = FACE_BOUND('',#4840,.F.);
#4840 = EDGE_LOOP('',(#4841,#4850,#4856,#4857));
#4841 = ORIENTED_EDGE('',*,*,#4842,.F.);
#4842 = EDGE_CURVE('',#4843,#4819,#4845,.T.);
#4843 = VERTEX_POINT('',#4844);
#4844 = CARTESIAN_POINT('',(18.781811874796,6.902437446276,-7.));
#4845 = CIRCLE('',#4846,20.01);
#4846 = AXIS2_PLACEMENT_3D('',#4847,#4848,#4849);
#4847 = CARTESIAN_POINT('',(0.,0.,-7.));
#4848 = DIRECTION('',(0.,0.,1.));
#4849 = DIRECTION('',(1.,0.,0.));
#4850 = ORIENTED_EDGE('',*,*,#4851,.T.);
#4851 = EDGE_CURVE('',#4843,#117,#4852,.T.);
#4852 = LINE('',#4853,#4854);
#4853 = CARTESIAN_POINT('',(9.318551645248,3.653696105978,-7.));
#4854 = VECTOR('',#4855,1.);
#4855 = DIRECTION('',(0.945817241701,0.324699469205,0.));
#4856 = ORIENTED_EDGE('',*,*,#124,.T.);
#4857 = ORIENTED_EDGE('',*,*,#4818,.T.);
#4858 = PLANE('',#4859);
#4859 = AXIS2_PLACEMENT_3D('',#4860,#4861,#4862);
#4860 = CARTESIAN_POINT('',(-1.242562592039E-15,-3.713075123756E-16,-7.)
  );
#4861 = DIRECTION('',(0.,0.,1.));
#4862 = DIRECTION('',(1.,0.,0.));
#4863 = ADVANCED_FACE('',(#4864),#4882,.F.);
#4864 = FACE_BOUND('',#4865,.F.);
#4865 = EDGE_LOOP('',(#4866,#4867,#4875,#4881));
#4866 = ORIENTED_EDGE('',*,*,#4851,.F.);
#4867 = ORIENTED_EDGE('',*,*,#4868,.T.);
#4868 = EDGE_CURVE('',#4843,#4869,#4871,.T.);
#4869 = VERTEX_POINT('',#4870);
#4870 = CARTESIAN_POINT('',(18.781811874796,6.902437446277,0.));
#4871 = LINE('',#4872,#4873);
#4872 = CARTESIAN_POINT('',(18.781811874796,6.902437446277,2.));
#4873 = VECTOR('',#4874,1.);
#4874 = DIRECTION('',(0.,0.,1.));
#4875 = ORIENTED_EDGE('',*,*,#4876,.T.);
#4876 = EDGE_CURVE('',#4869,#108,#4877,.T.);
#4877 = LINE('',#4878,#4879);
#4878 = CARTESIAN_POINT('',(4.589465436745,2.030198759955,0.));
#4879 = VECTOR('',#4880,1.);
#4880 = DIRECTION('',(0.945817241701,0.324699469205,0.));
#4881 = ORIENTED_EDGE('',*,*,#116,.F.);
#4882 = PLANE('',#4883);
#4883 = AXIS2_PLACEMENT_3D('',#4884,#4885,#4886);
#4884 = CARTESIAN_POINT('',(9.318551645248,3.653696105978,-7.));
#4885 = DIRECTION('',(-0.324699469205,0.945817241701,0.));
#4886 = DIRECTION('',(0.945817241701,0.324699469205,0.));
#4887 = ADVANCED_FACE('',(#4888),#4907,.F.);
#4888 = FACE_BOUND('',#4889,.F.);
#4889 = EDGE_LOOP('',(#4890,#4891,#4900,#4906));
#4890 = ORIENTED_EDGE('',*,*,#4876,.F.);
#4891 = ORIENTED_EDGE('',*,*,#4892,.F.);
#4892 = EDGE_CURVE('',#4893,#4869,#4895,.T.);
#4893 = VERTEX_POINT('',#4894);
#4894 = CARTESIAN_POINT('',(19.061053418312,6.089034618414,0.));
#4895 = CIRCLE('',#4896,20.01);
#4896 = AXIS2_PLACEMENT_3D('',#4897,#4898,#4899);
#4897 = CARTESIAN_POINT('',(0.,0.,0.));
#4898 = DIRECTION('',(0.,0.,1.));
#4899 = DIRECTION('',(1.,0.,0.));
#4900 = ORIENTED_EDGE('',*,*,#4901,.F.);
#4901 = EDGE_CURVE('',#100,#4893,#4902,.T.);
#4902 = LINE('',#4903,#4904);
#4903 = CARTESIAN_POINT('',(14.326879397268,4.463790624139,0.));
#4904 = VECTOR('',#4905,1.);
#4905 = DIRECTION('',(-0.945817241701,-0.324699469205,0.));
#4906 = ORIENTED_EDGE('',*,*,#107,.T.);
#4907 = PLANE('',#4908);
#4908 = AXIS2_PLACEMENT_3D('',#4909,#4910,#4911);
#4909 = CARTESIAN_POINT('',(-9.604497945812E-16,-1.581075852324E-16,0.)
  );
#4910 = DIRECTION('',(0.,0.,1.));
#4911 = DIRECTION('',(0.945817241701,0.324699469205,0.));
#4912 = ADVANCED_FACE('',(#4913),#4931,.F.);
#4913 = FACE_BOUND('',#4914,.F.);
#4914 = EDGE_LOOP('',(#4915,#4923,#4924,#4925));
#4915 = ORIENTED_EDGE('',*,*,#4916,.F.);
#4916 = EDGE_CURVE('',#91,#4917,#4919,.T.);
#4917 = VERTEX_POINT('',#4918);
#4918 = CARTESIAN_POINT('',(19.061053418312,6.089034618414,-7.));
#4919 = LINE('',#4920,#4921);
#4920 = CARTESIAN_POINT('',(28.514138022777,9.334282662209,-7.));
#4921 = VECTOR('',#4922,1.);
#4922 = DIRECTION('',(-0.945817241701,-0.324699469205,0.));
#4923 = ORIENTED_EDGE('',*,*,#99,.T.);
#4924 = ORIENTED_EDGE('',*,*,#4901,.T.);
#4925 = ORIENTED_EDGE('',*,*,#4926,.F.);
#4926 = EDGE_CURVE('',#4917,#4893,#4927,.T.);
#4927 = LINE('',#4928,#4929);
#4928 = CARTESIAN_POINT('',(19.061053418312,6.089034618414,2.));
#4929 = VECTOR('',#4930,1.);
#4930 = DIRECTION('',(0.,0.,1.));
#4931 = PLANE('',#4932);
#4932 = AXIS2_PLACEMENT_3D('',#4933,#4934,#4935);
#4933 = CARTESIAN_POINT('',(28.514138022777,9.334282662209,-7.));
#4934 = DIRECTION('',(0.324699469205,-0.945817241701,0.));
#4935 = DIRECTION('',(-0.945817241701,-0.324699469205,0.));
#4936 = ADVANCED_FACE('',(#4937),#4956,.F.);
#4937 = FACE_BOUND('',#4938,.F.);
#4938 = EDGE_LOOP('',(#4939,#4948,#4954,#4955));
#4939 = ORIENTED_EDGE('',*,*,#4940,.F.);
#4940 = EDGE_CURVE('',#4941,#4917,#4943,.T.);
#4941 = VERTEX_POINT('',#4942);
#4942 = CARTESIAN_POINT('',(19.661756304497,3.716912565903,-7.));
#4943 = CIRCLE('',#4944,20.01);
#4944 = AXIS2_PLACEMENT_3D('',#4945,#4946,#4947);
#4945 = CARTESIAN_POINT('',(0.,0.,-7.));
#4946 = DIRECTION('',(0.,0.,1.));
#4947 = DIRECTION('',(1.,0.,0.));
#4948 = ORIENTED_EDGE('',*,*,#4949,.T.);
#4949 = EDGE_CURVE('',#4941,#83,#4950,.T.);
#4950 = LINE('',#4951,#4952);
#4951 = CARTESIAN_POINT('',(9.792837360207,2.070081263271,-7.));
#4952 = VECTOR('',#4953,1.);
#4953 = DIRECTION('',(0.986361303403,0.164594590281,0.));
#4954 = ORIENTED_EDGE('',*,*,#90,.T.);
#4955 = ORIENTED_EDGE('',*,*,#4916,.T.);
#4956 = PLANE('',#4957);
#4957 = AXIS2_PLACEMENT_3D('',#4958,#4959,#4960);
#4958 = CARTESIAN_POINT('',(-1.242562592039E-15,-3.713075123756E-16,-7.)
  );
#4959 = DIRECTION('',(0.,0.,1.));
#4960 = DIRECTION('',(1.,0.,0.));
#4961 = ADVANCED_FACE('',(#4962),#4980,.F.);
#4962 = FACE_BOUND('',#4963,.F.);
#4963 = EDGE_LOOP('',(#4964,#4965,#4973,#4979));
#4964 = ORIENTED_EDGE('',*,*,#4949,.F.);
#4965 = ORIENTED_EDGE('',*,*,#4966,.T.);
#4966 = EDGE_CURVE('',#4941,#4967,#4969,.T.);
#4967 = VERTEX_POINT('',#4968);
#4968 = CARTESIAN_POINT('',(19.661756304497,3.716912565903,0.));
#4969 = LINE('',#4970,#4971);
#4970 = CARTESIAN_POINT('',(19.661756304497,3.716912565903,2.));
#4971 = VECTOR('',#4972,1.);
#4972 = DIRECTION('',(0.,0.,1.));
#4973 = ORIENTED_EDGE('',*,*,#4974,.T.);
#4974 = EDGE_CURVE('',#4967,#74,#4975,.T.);
#4975 = LINE('',#4976,#4977);
#4976 = CARTESIAN_POINT('',(4.861030843193,1.247108311867,0.));
#4977 = VECTOR('',#4978,1.);
#4978 = DIRECTION('',(0.986361303403,0.164594590281,0.));
#4979 = ORIENTED_EDGE('',*,*,#82,.F.);
#4980 = PLANE('',#4981);
#4981 = AXIS2_PLACEMENT_3D('',#4982,#4983,#4984);
#4982 = CARTESIAN_POINT('',(9.792837360207,2.070081263271,-7.));
#4983 = DIRECTION('',(-0.164594590281,0.986361303403,0.));
#4984 = DIRECTION('',(0.986361303403,0.164594590281,0.));
#4985 = ADVANCED_FACE('',(#4986),#5005,.F.);
#4986 = FACE_BOUND('',#4987,.F.);
#4987 = EDGE_LOOP('',(#4988,#4989,#4998,#5004));
#4988 = ORIENTED_EDGE('',*,*,#4974,.F.);
#4989 = ORIENTED_EDGE('',*,*,#4990,.F.);
#4990 = EDGE_CURVE('',#4991,#4967,#4993,.T.);
#4991 = VERTEX_POINT('',#4992);
#4992 = CARTESIAN_POINT('',(19.803307652138,2.868641844977,0.));
#4993 = CIRCLE('',#4994,20.01);
#4994 = AXIS2_PLACEMENT_3D('',#4995,#4996,#4997);
#4995 = CARTESIAN_POINT('',(0.,0.,0.));
#4996 = DIRECTION('',(0.,0.,1.));
#4997 = DIRECTION('',(1.,0.,0.));
#4998 = ORIENTED_EDGE('',*,*,#4999,.F.);
#4999 = EDGE_CURVE('',#66,#4991,#5000,.T.);
#5000 = LINE('',#5001,#5002);
#5001 = CARTESIAN_POINT('',(14.866195224862,2.044783493748,0.));
#5002 = VECTOR('',#5003,1.);
#5003 = DIRECTION('',(-0.986361303403,-0.164594590281,0.));
#5004 = ORIENTED_EDGE('',*,*,#73,.T.);
#5005 = PLANE('',#5006);
#5006 = AXIS2_PLACEMENT_3D('',#5007,#5008,#5009);
#5007 = CARTESIAN_POINT('',(-9.733741644476E-16,2.133636576657E-18,0.));
#5008 = DIRECTION('',(0.,0.,1.));
#5009 = DIRECTION('',(0.986361303403,0.164594590281,0.));
#5010 = ADVANCED_FACE('',(#5011),#5029,.F.);
#5011 = FACE_BOUND('',#5012,.F.);
#5012 = EDGE_LOOP('',(#5013,#5021,#5022,#5023));
#5013 = ORIENTED_EDGE('',*,*,#5014,.F.);
#5014 = EDGE_CURVE('',#57,#5015,#5017,.T.);
#5015 = VERTEX_POINT('',#5016);
#5016 = CARTESIAN_POINT('',(19.803307652139,2.868641844977,-7.));
#5017 = LINE('',#5018,#5019);
#5018 = CARTESIAN_POINT('',(29.661614775902,4.513702347959,-7.));
#5019 = VECTOR('',#5020,1.);
#5020 = DIRECTION('',(-0.986361303403,-0.164594590281,0.));
#5021 = ORIENTED_EDGE('',*,*,#65,.T.);
#5022 = ORIENTED_EDGE('',*,*,#4999,.T.);
#5023 = ORIENTED_EDGE('',*,*,#5024,.F.);
#5024 = EDGE_CURVE('',#5015,#4991,#5025,.T.);
#5025 = LINE('',#5026,#5027);
#5026 = CARTESIAN_POINT('',(19.803307652138,2.868641844977,2.));
#5027 = VECTOR('',#5028,1.);
#5028 = DIRECTION('',(0.,0.,1.));
#5029 = PLANE('',#5030);
#5030 = AXIS2_PLACEMENT_3D('',#5031,#5032,#5033);
#5031 = CARTESIAN_POINT('',(29.661614775902,4.513702347959,-7.));
#5032 = DIRECTION('',(0.164594590281,-0.986361303403,0.));
#5033 = DIRECTION('',(-0.986361303403,-0.164594590281,0.));
#5034 = ADVANCED_FACE('',(#5035),#5054,.F.);
#5035 = FACE_BOUND('',#5036,.F.);
#5036 = EDGE_LOOP('',(#5037,#5046,#5052,#5053));
#5037 = ORIENTED_EDGE('',*,*,#5038,.F.);
#5038 = EDGE_CURVE('',#5039,#5015,#5041,.T.);
#5039 = VERTEX_POINT('',#5040);
#5040 = CARTESIAN_POINT('',(20.005379276585,0.43,-7.));
#5041 = CIRCLE('',#5042,20.01);
#5042 = AXIS2_PLACEMENT_3D('',#5043,#5044,#5045);
#5043 = CARTESIAN_POINT('',(0.,0.,-7.));
#5044 = DIRECTION('',(0.,0.,1.));
#5045 = DIRECTION('',(1.,0.,0.));
#5046 = ORIENTED_EDGE('',*,*,#5047,.T.);
#5047 = EDGE_CURVE('',#5039,#49,#5048,.T.);
#5048 = LINE('',#5049,#5050);
#5049 = CARTESIAN_POINT('',(10.,0.43,-7.));
#5050 = VECTOR('',#5051,1.);
#5051 = DIRECTION('',(1.,0.,0.));
#5052 = ORIENTED_EDGE('',*,*,#56,.T.);
#5053 = ORIENTED_EDGE('',*,*,#5014,.T.);
#5054 = PLANE('',#5055);
#5055 = AXIS2_PLACEMENT_3D('',#5056,#5057,#5058);
#5056 = CARTESIAN_POINT('',(-1.242562592039E-15,-3.713075123756E-16,-7.)
  );
#5057 = DIRECTION('',(0.,0.,1.));
#5058 = DIRECTION('',(1.,0.,0.));
#5059 = ADVANCED_FACE('',(#5060),#5071,.F.);
#5060 = FACE_BOUND('',#5061,.F.);
#5061 = EDGE_LOOP('',(#5062,#5063,#5069,#5070));
#5062 = ORIENTED_EDGE('',*,*,#5047,.F.);
#5063 = ORIENTED_EDGE('',*,*,#5064,.T.);
#5064 = EDGE_CURVE('',#5039,#1347,#5065,.T.);
#5065 = LINE('',#5066,#5067);
#5066 = CARTESIAN_POINT('',(20.005379276585,0.43,2.));
#5067 = VECTOR('',#5068,1.);
#5068 = DIRECTION('',(0.,0.,1.));
#5069 = ORIENTED_EDGE('',*,*,#1346,.T.);
#5070 = ORIENTED_EDGE('',*,*,#48,.F.);
#5071 = PLANE('',#5072);
#5072 = AXIS2_PLACEMENT_3D('',#5073,#5074,#5075);
#5073 = CARTESIAN_POINT('',(10.,0.43,-7.));
#5074 = DIRECTION('',(0.,1.,0.));
#5075 = DIRECTION('',(1.,0.,0.));
#5076 = ADVANCED_FACE('',(#5077,#5080,#5091,#5102),#5128,.T.);
#5077 = FACE_BOUND('',#5078,.T.);
#5078 = EDGE_LOOP('',(#5079));
#5079 = ORIENTED_EDGE('',*,*,#31,.T.);
#5080 = FACE_BOUND('',#5081,.T.);
#5081 = EDGE_LOOP('',(#5082));
#5082 = ORIENTED_EDGE('',*,*,#5083,.F.);
#5083 = EDGE_CURVE('',#5084,#5084,#5086,.T.);
#5084 = VERTEX_POINT('',#5085);
#5085 = CARTESIAN_POINT('',(20.01,0.,2.));
#5086 = CIRCLE('',#5087,20.01);
#5087 = AXIS2_PLACEMENT_3D('',#5088,#5089,#5090);
#5088 = CARTESIAN_POINT('',(0.,0.,2.));
#5089 = DIRECTION('',(0.,0.,1.));
#5090 = DIRECTION('',(1.,0.,0.));
#5091 = FACE_BOUND('',#5092,.T.);
#5092 = EDGE_LOOP('',(#5093));
#5093 = ORIENTED_EDGE('',*,*,#5094,.F.);
#5094 = EDGE_CURVE('',#5095,#5095,#5097,.T.);
#5095 = VERTEX_POINT('',#5096);
#5096 = CARTESIAN_POINT('',(-13.90019457576,16.185926034809,2.));
#5097 = CIRCLE('',#5098,1.);
#5098 = AXIS2_PLACEMENT_3D('',#5099,#5100,#5101);
#5099 = CARTESIAN_POINT('',(-14.90019457576,16.185926034809,2.));
#5100 = DIRECTION('',(0.,0.,1.));
#5101 = DIRECTION('',(1.,0.,0.));
#5102 = FACE_BOUND('',#5103,.T.);
#5103 = EDGE_LOOP('',(#5104,#5114,#5122));
#5104 = ORIENTED_EDGE('',*,*,#5105,.T.);
#5105 = EDGE_CURVE('',#5106,#5108,#5110,.T.);
#5106 = VERTEX_POINT('',#5107);
#5107 = CARTESIAN_POINT('',(23.256598324542,-0.301251259317,2.));
#5108 = VERTEX_POINT('',#5109);
#5109 = CARTESIAN_POINT('',(20.602466261042,1.06549704956,2.));
#5110 = LINE('',#5111,#5112);
#5111 = CARTESIAN_POINT('',(23.256598324542,-0.301251259317,2.));
#5112 = VECTOR('',#5113,1.);
#5113 = DIRECTION('',(-0.889047072491,0.457815795811,0.));
#5114 = ORIENTED_EDGE('',*,*,#5115,.T.);
#5115 = EDGE_CURVE('',#5108,#5116,#5118,.T.);
#5116 = VERTEX_POINT('',#5117);
#5117 = CARTESIAN_POINT('',(23.101447426189,2.698748740683,2.));
#5118 = LINE('',#5119,#5120);
#5119 = CARTESIAN_POINT('',(20.602466261042,1.06549704956,2.));
#5120 = VECTOR('',#5121,1.);
#5121 = DIRECTION('',(0.837076617113,0.547085676181,0.));
#5122 = ORIENTED_EDGE('',*,*,#5123,.T.);
#5123 = EDGE_CURVE('',#5116,#5106,#5124,.T.);
#5124 = LINE('',#5125,#5126);
#5125 = CARTESIAN_POINT('',(23.101447426189,2.698748740683,2.));
#5126 = VECTOR('',#5127,1.);
#5127 = DIRECTION('',(5.164794229569E-02,-0.998665354389,0.));
#5128 = PLANE('',#5129);
#5129 = AXIS2_PLACEMENT_3D('',#5130,#5131,#5132);
#5130 = CARTESIAN_POINT('',(-1.242562592039E-15,-3.713075123756E-16,2.)
  );
#5131 = DIRECTION('',(0.,0.,1.));
#5132 = DIRECTION('',(1.,0.,0.));
#5133 = ADVANCED_FACE('',(#5134),#5297,.F.);
#5134 = FACE_BOUND('',#5135,.F.);
#5135 = EDGE_LOOP('',(#5136,#5142,#5143,#5144,#5145,#5146,#5147,#5148,
    #5149,#5150,#5151,#5152,#5153,#5154,#5155,#5156,#5157,#5158,#5159,
    #5160,#5161,#5162,#5163,#5164,#5165,#5166,#5167,#5168,#5169,#5170,
    #5171,#5172,#5173,#5174,#5175,#5176,#5177,#5178,#5179,#5180,#5181,
    #5182,#5183,#5184,#5185,#5186,#5187,#5188,#5189,#5190,#5191,#5192,
    #5193,#5194,#5195,#5196,#5197,#5198,#5199,#5200,#5201,#5202,#5203,
    #5204,#5205,#5206,#5207,#5208,#5209,#5210,#5211,#5212,#5213,#5214,
    #5215,#5216,#5217,#5218,#5219,#5220,#5221,#5222,#5223,#5224,#5225,
    #5226,#5227,#5228,#5229,#5230,#5231,#5232,#5233,#5234,#5235,#5236,
    #5237,#5238,#5239,#5240,#5241,#5242,#5243,#5244,#5245,#5246,#5247,
    #5248,#5249,#5250,#5251,#5252,#5253,#5254,#5255,#5256,#5257,#5258,
    #5259,#5260,#5261,#5262,#5263,#5264,#5265,#5266,#5267,#5268,#5269,
    #5270,#5271,#5272,#5273,#5274,#5275,#5276,#5277,#5278,#5279,#5280,
    #5281,#5282,#5283,#5284,#5285,#5286,#5287,#5288,#5289,#5290,#5291,
    #5292,#5293,#5294,#5295,#5296));
#5136 = ORIENTED_EDGE('',*,*,#5137,.F.);
#5137 = EDGE_CURVE('',#5084,#1355,#5138,.T.);
#5138 = LINE('',#5139,#5140);
#5139 = CARTESIAN_POINT('',(20.01,0.,2.));
#5140 = VECTOR('',#5141,1.);
#5141 = DIRECTION('',(-0.,-0.,-1.));
#5142 = ORIENTED_EDGE('',*,*,#5083,.F.);
#5143 = ORIENTED_EDGE('',*,*,#5137,.T.);
#5144 = ORIENTED_EDGE('',*,*,#1354,.T.);
#5145 = ORIENTED_EDGE('',*,*,#5064,.F.);
#5146 = ORIENTED_EDGE('',*,*,#5038,.T.);
#5147 = ORIENTED_EDGE('',*,*,#5024,.T.);
#5148 = ORIENTED_EDGE('',*,*,#4990,.T.);
#5149 = ORIENTED_EDGE('',*,*,#4966,.F.);
#5150 = ORIENTED_EDGE('',*,*,#4940,.T.);
#5151 = ORIENTED_EDGE('',*,*,#4926,.T.);
#5152 = ORIENTED_EDGE('',*,*,#4892,.T.);
#5153 = ORIENTED_EDGE('',*,*,#4868,.F.);
#5154 = ORIENTED_EDGE('',*,*,#4842,.T.);
#5155 = ORIENTED_EDGE('',*,*,#4828,.T.);
#5156 = ORIENTED_EDGE('',*,*,#4794,.T.);
#5157 = ORIENTED_EDGE('',*,*,#4770,.F.);
#5158 = ORIENTED_EDGE('',*,*,#4744,.T.);
#5159 = ORIENTED_EDGE('',*,*,#4730,.T.);
#5160 = ORIENTED_EDGE('',*,*,#4696,.T.);
#5161 = ORIENTED_EDGE('',*,*,#4672,.F.);
#5162 = ORIENTED_EDGE('',*,*,#4646,.T.);
#5163 = ORIENTED_EDGE('',*,*,#4632,.T.);
#5164 = ORIENTED_EDGE('',*,*,#4598,.T.);
#5165 = ORIENTED_EDGE('',*,*,#4574,.F.);
#5166 = ORIENTED_EDGE('',*,*,#4548,.T.);
#5167 = ORIENTED_EDGE('',*,*,#4534,.T.);
#5168 = ORIENTED_EDGE('',*,*,#4500,.T.);
#5169 = ORIENTED_EDGE('',*,*,#4476,.F.);
#5170 = ORIENTED_EDGE('',*,*,#4450,.T.);
#5171 = ORIENTED_EDGE('',*,*,#4436,.T.);
#5172 = ORIENTED_EDGE('',*,*,#4402,.T.);
#5173 = ORIENTED_EDGE('',*,*,#4378,.F.);
#5174 = ORIENTED_EDGE('',*,*,#4352,.T.);
#5175 = ORIENTED_EDGE('',*,*,#4338,.T.);
#5176 = ORIENTED_EDGE('',*,*,#4304,.T.);
#5177 = ORIENTED_EDGE('',*,*,#4280,.F.);
#5178 = ORIENTED_EDGE('',*,*,#4254,.T.);
#5179 = ORIENTED_EDGE('',*,*,#4240,.T.);
#5180 = ORIENTED_EDGE('',*,*,#4206,.T.);
#5181 = ORIENTED_EDGE('',*,*,#4182,.F.);
#5182 = ORIENTED_EDGE('',*,*,#4156,.T.);
#5183 = ORIENTED_EDGE('',*,*,#4142,.T.);
#5184 = ORIENTED_EDGE('',*,*,#4108,.T.);
#5185 = ORIENTED_EDGE('',*,*,#4084,.F.);
#5186 = ORIENTED_EDGE('',*,*,#4058,.T.);
#5187 = ORIENTED_EDGE('',*,*,#4044,.T.);
#5188 = ORIENTED_EDGE('',*,*,#4010,.T.);
#5189 = ORIENTED_EDGE('',*,*,#3986,.F.);
#5190 = ORIENTED_EDGE('',*,*,#3960,.T.);
#5191 = ORIENTED_EDGE('',*,*,#3946,.T.);
#5192 = ORIENTED_EDGE('',*,*,#3912,.T.);
#5193 = ORIENTED_EDGE('',*,*,#3888,.F.);
#5194 = ORIENTED_EDGE('',*,*,#3862,.T.);
#5195 = ORIENTED_EDGE('',*,*,#3848,.T.);
#5196 = ORIENTED_EDGE('',*,*,#3814,.T.);
#5197 = ORIENTED_EDGE('',*,*,#3790,.F.);
#5198 = ORIENTED_EDGE('',*,*,#3764,.T.);
#5199 = ORIENTED_EDGE('',*,*,#3750,.T.);
#5200 = ORIENTED_EDGE('',*,*,#3716,.T.);
#5201 = ORIENTED_EDGE('',*,*,#3692,.F.);
#5202 = ORIENTED_EDGE('',*,*,#3666,.T.);
#5203 = ORIENTED_EDGE('',*,*,#3652,.T.);
#5204 = ORIENTED_EDGE('',*,*,#3618,.T.);
#5205 = ORIENTED_EDGE('',*,*,#3594,.F.);
#5206 = ORIENTED_EDGE('',*,*,#3568,.T.);
#5207 = ORIENTED_EDGE('',*,*,#3554,.T.);
#5208 = ORIENTED_EDGE('',*,*,#3520,.T.);
#5209 = ORIENTED_EDGE('',*,*,#3496,.F.);
#5210 = ORIENTED_EDGE('',*,*,#3470,.T.);
#5211 = ORIENTED_EDGE('',*,*,#3456,.T.);
#5212 = ORIENTED_EDGE('',*,*,#3422,.T.);
#5213 = ORIENTED_EDGE('',*,*,#3398,.F.);
#5214 = ORIENTED_EDGE('',*,*,#3372,.T.);
#5215 = ORIENTED_EDGE('',*,*,#3358,.T.);
#5216 = ORIENTED_EDGE('',*,*,#3324,.T.);
#5217 = ORIENTED_EDGE('',*,*,#3300,.F.);
#5218 = ORIENTED_EDGE('',*,*,#3274,.T.);
#5219 = ORIENTED_EDGE('',*,*,#3260,.T.);
#5220 = ORIENTED_EDGE('',*,*,#3226,.T.);
#5221 = ORIENTED_EDGE('',*,*,#3202,.F.);
#5222 = ORIENTED_EDGE('',*,*,#3176,.T.);
#5223 = ORIENTED_EDGE('',*,*,#3162,.T.);
#5224 = ORIENTED_EDGE('',*,*,#3128,.T.);
#5225 = ORIENTED_EDGE('',*,*,#3104,.F.);
#5226 = ORIENTED_EDGE('',*,*,#3078,.T.);
#5227 = ORIENTED_EDGE('',*,*,#3064,.T.);
#5228 = ORIENTED_EDGE('',*,*,#3030,.T.);
#5229 = ORIENTED_EDGE('',*,*,#3006,.F.);
#5230 = ORIENTED_EDGE('',*,*,#2980,.T.);
#5231 = ORIENTED_EDGE('',*,*,#2966,.T.);
#5232 = ORIENTED_EDGE('',*,*,#2932,.T.);
#5233 = ORIENTED_EDGE('',*,*,#2908,.F.);
#5234 = ORIENTED_EDGE('',*,*,#2882,.T.);
#5235 = ORIENTED_EDGE('',*,*,#2868,.T.);
#5236 = ORIENTED_EDGE('',*,*,#2834,.T.);
#5237 = ORIENTED_EDGE('',*,*,#2810,.F.);
#5238 = ORIENTED_EDGE('',*,*,#2784,.T.);
#5239 = ORIENTED_EDGE('',*,*,#2770,.T.);
#5240 = ORIENTED_EDGE('',*,*,#2736,.T.);
#5241 = ORIENTED_EDGE('',*,*,#2712,.F.);
#5242 = ORIENTED_EDGE('',*,*,#2686,.T.);
#5243 = ORIENTED_EDGE('',*,*,#2672,.T.);
#5244 = ORIENTED_EDGE('',*,*,#2638,.T.);
#5245 = ORIENTED_EDGE('',*,*,#2614,.F.);
#5246 = ORIENTED_EDGE('',*,*,#2588,.T.);
#5247 = ORIENTED_EDGE('',*,*,#2574,.T.);
#5248 = ORIENTED_EDGE('',*,*,#2540,.T.);
#5249 = ORIENTED_EDGE('',*,*,#2516,.F.);
#5250 = ORIENTED_EDGE('',*,*,#2490,.T.);
#5251 = ORIENTED_EDGE('',*,*,#2476,.T.);
#5252 = ORIENTED_EDGE('',*,*,#2442,.T.);
#5253 = ORIENTED_EDGE('',*,*,#2418,.F.);
#5254 = ORIENTED_EDGE('',*,*,#2392,.T.);
#5255 = ORIENTED_EDGE('',*,*,#2378,.T.);
#5256 = ORIENTED_EDGE('',*,*,#2344,.T.);
#5257 = ORIENTED_EDGE('',*,*,#2320,.F.);
#5258 = ORIENTED_EDGE('',*,*,#2294,.T.);
#5259 = ORIENTED_EDGE('',*,*,#2280,.T.);
#5260 = ORIENTED_EDGE('',*,*,#2246,.T.);
#5261 = ORIENTED_EDGE('',*,*,#2222,.F.);
#5262 = ORIENTED_EDGE('',*,*,#2196,.T.);
#5263 = ORIENTED_EDGE('',*,*,#2182,.T.);
#5264 = ORIENTED_EDGE('',*,*,#2148,.T.);
#5265 = ORIENTED_EDGE('',*,*,#2124,.F.);
#5266 = ORIENTED_EDGE('',*,*,#2098,.T.);
#5267 = ORIENTED_EDGE('',*,*,#2084,.T.);
#5268 = ORIENTED_EDGE('',*,*,#2050,.T.);
#5269 = ORIENTED_EDGE('',*,*,#2026,.F.);
#5270 = ORIENTED_EDGE('',*,*,#2000,.T.);
#5271 = ORIENTED_EDGE('',*,*,#1986,.T.);
#5272 = ORIENTED_EDGE('',*,*,#1952,.T.);
#5273 = ORIENTED_EDGE('',*,*,#1928,.F.);
#5274 = ORIENTED_EDGE('',*,*,#1902,.T.);
#5275 = ORIENTED_EDGE('',*,*,#1888,.T.);
#5276 = ORIENTED_EDGE('',*,*,#1854,.T.);
#5277 = ORIENTED_EDGE('',*,*,#1830,.F.);
#5278 = ORIENTED_EDGE('',*,*,#1804,.T.);
#5279 = ORIENTED_EDGE('',*,*,#1790,.T.);
#5280 = ORIENTED_EDGE('',*,*,#1756,.T.);
#5281 = ORIENTED_EDGE('',*,*,#1732,.F.);
#5282 = ORIENTED_EDGE('',*,*,#1706,.T.);
#5283 = ORIENTED_EDGE('',*,*,#1692,.T.);
#5284 = ORIENTED_EDGE('',*,*,#1658,.T.);
#5285 = ORIENTED_EDGE('',*,*,#1634,.F.);
#5286 = ORIENTED_EDGE('',*,*,#1608,.T.);
#5287 = ORIENTED_EDGE('',*,*,#1594,.T.);
#5288 = ORIENTED_EDGE('',*,*,#1560,.T.);
#5289 = ORIENTED_EDGE('',*,*,#1536,.F.);
#5290 = ORIENTED_EDGE('',*,*,#1510,.T.);
#5291 = ORIENTED_EDGE('',*,*,#1496,.T.);
#5292 = ORIENTED_EDGE('',*,*,#1462,.T.);
#5293 = ORIENTED_EDGE('',*,*,#1438,.F.);
#5294 = ORIENTED_EDGE('',*,*,#1412,.T.);
#5295 = ORIENTED_EDGE('',*,*,#1398,.T.);
#5296 = ORIENTED_EDGE('',*,*,#1363,.T.);
#5297 = CYLINDRICAL_SURFACE('',#5298,20.01);
#5298 = AXIS2_PLACEMENT_3D('',#5299,#5300,#5301);
#5299 = CARTESIAN_POINT('',(0.,0.,2.));
#5300 = DIRECTION('',(0.,0.,1.));
#5301 = DIRECTION('',(1.,0.,0.));
#5302 = ADVANCED_FACE('',(#5303),#5322,.F.);
#5303 = FACE_BOUND('',#5304,.F.);
#5304 = EDGE_LOOP('',(#5305,#5313,#5320,#5321));
#5305 = ORIENTED_EDGE('',*,*,#5306,.T.);
#5306 = EDGE_CURVE('',#5095,#5307,#5309,.T.);
#5307 = VERTEX_POINT('',#5308);
#5308 = CARTESIAN_POINT('',(-13.90019457576,16.185926034809,1.6));
#5309 = LINE('',#5310,#5311);
#5310 = CARTESIAN_POINT('',(-13.90019457576,16.185926034809,2.));
#5311 = VECTOR('',#5312,1.);
#5312 = DIRECTION('',(-0.,-0.,-1.));
#5313 = ORIENTED_EDGE('',*,*,#5314,.T.);
#5314 = EDGE_CURVE('',#5307,#5307,#5315,.T.);
#5315 = CIRCLE('',#5316,1.);
#5316 = AXIS2_PLACEMENT_3D('',#5317,#5318,#5319);
#5317 = CARTESIAN_POINT('',(-14.90019457576,16.185926034809,1.6));
#5318 = DIRECTION('',(0.,0.,1.));
#5319 = DIRECTION('',(1.,0.,0.));
#5320 = ORIENTED_EDGE('',*,*,#5306,.F.);
#5321 = ORIENTED_EDGE('',*,*,#5094,.F.);
#5322 = CYLINDRICAL_SURFACE('',#5323,1.);
#5323 = AXIS2_PLACEMENT_3D('',#5324,#5325,#5326);
#5324 = CARTESIAN_POINT('',(-14.90019457576,16.185926034809,2.));
#5325 = DIRECTION('',(0.,0.,1.));
#5326 = DIRECTION('',(1.,0.,0.));
#5327 = ADVANCED_FACE('',(#5328),#5353,.T.);
#5328 = FACE_BOUND('',#5329,.T.);
#5329 = EDGE_LOOP('',(#5330,#5338,#5346,#5352));
#5330 = ORIENTED_EDGE('',*,*,#5331,.T.);
#5331 = EDGE_CURVE('',#5106,#5332,#5334,.T.);
#5332 = VERTEX_POINT('',#5333);
#5333 = CARTESIAN_POINT('',(23.256598324542,-0.301251259317,1.6));
#5334 = LINE('',#5335,#5336);
#5335 = CARTESIAN_POINT('',(23.256598324542,-0.301251259317,2.));
#5336 = VECTOR('',#5337,1.);
#5337 = DIRECTION('',(-0.,-0.,-1.));
#5338 = ORIENTED_EDGE('',*,*,#5339,.T.);
#5339 = EDGE_CURVE('',#5332,#5340,#5342,.T.);
#5340 = VERTEX_POINT('',#5341);
#5341 = CARTESIAN_POINT('',(20.602466261042,1.06549704956,1.6));
#5342 = LINE('',#5343,#5344);
#5343 = CARTESIAN_POINT('',(23.256598324542,-0.301251259317,1.6));
#5344 = VECTOR('',#5345,1.);
#5345 = DIRECTION('',(-0.889047072491,0.457815795811,0.));
#5346 = ORIENTED_EDGE('',*,*,#5347,.F.);
#5347 = EDGE_CURVE('',#5108,#5340,#5348,.T.);
#5348 = LINE('',#5349,#5350);
#5349 = CARTESIAN_POINT('',(20.602466261042,1.06549704956,2.));
#5350 = VECTOR('',#5351,1.);
#5351 = DIRECTION('',(-0.,-0.,-1.));
#5352 = ORIENTED_EDGE('',*,*,#5105,.F.);
#5353 = PLANE('',#5354);
#5354 = AXIS2_PLACEMENT_3D('',#5355,#5356,#5357);
#5355 = CARTESIAN_POINT('',(23.256598324542,-0.301251259317,2.));
#5356 = DIRECTION('',(0.457815795811,0.889047072491,0.));
#5357 = DIRECTION('',(-0.889047072491,0.457815795811,0.));
#5358 = ADVANCED_FACE('',(#5359),#5377,.T.);
#5359 = FACE_BOUND('',#5360,.T.);
#5360 = EDGE_LOOP('',(#5361,#5369,#5375,#5376));
#5361 = ORIENTED_EDGE('',*,*,#5362,.T.);
#5362 = EDGE_CURVE('',#5116,#5363,#5365,.T.);
#5363 = VERTEX_POINT('',#5364);
#5364 = CARTESIAN_POINT('',(23.101447426189,2.698748740683,1.6));
#5365 = LINE('',#5366,#5367);
#5366 = CARTESIAN_POINT('',(23.101447426189,2.698748740683,2.));
#5367 = VECTOR('',#5368,1.);
#5368 = DIRECTION('',(-0.,-0.,-1.));
#5369 = ORIENTED_EDGE('',*,*,#5370,.T.);
#5370 = EDGE_CURVE('',#5363,#5332,#5371,.T.);
#5371 = LINE('',#5372,#5373);
#5372 = CARTESIAN_POINT('',(23.101447426189,2.698748740683,1.6));
#5373 = VECTOR('',#5374,1.);
#5374 = DIRECTION('',(5.164794229569E-02,-0.998665354389,0.));
#5375 = ORIENTED_EDGE('',*,*,#5331,.F.);
#5376 = ORIENTED_EDGE('',*,*,#5123,.F.);
#5377 = PLANE('',#5378);
#5378 = AXIS2_PLACEMENT_3D('',#5379,#5380,#5381);
#5379 = CARTESIAN_POINT('',(23.101447426189,2.698748740683,2.));
#5380 = DIRECTION('',(-0.998665354389,-5.164794229569E-02,0.));
#5381 = DIRECTION('',(5.164794229569E-02,-0.998665354389,0.));
#5382 = ADVANCED_FACE('',(#5383),#5394,.T.);
#5383 = FACE_BOUND('',#5384,.T.);
#5384 = EDGE_LOOP('',(#5385,#5386,#5392,#5393));
#5385 = ORIENTED_EDGE('',*,*,#5347,.T.);
#5386 = ORIENTED_EDGE('',*,*,#5387,.T.);
#5387 = EDGE_CURVE('',#5340,#5363,#5388,.T.);
#5388 = LINE('',#5389,#5390);
#5389 = CARTESIAN_POINT('',(20.602466261042,1.06549704956,1.6));
#5390 = VECTOR('',#5391,1.);
#5391 = DIRECTION('',(0.837076617113,0.547085676181,0.));
#5392 = ORIENTED_EDGE('',*,*,#5362,.F.);
#5393 = ORIENTED_EDGE('',*,*,#5115,.F.);
#5394 = PLANE('',#5395);
#5395 = AXIS2_PLACEMENT_3D('',#5396,#5397,#5398);
#5396 = CARTESIAN_POINT('',(20.602466261042,1.06549704956,2.));
#5397 = DIRECTION('',(0.547085676181,-0.837076617113,0.));
#5398 = DIRECTION('',(0.837076617113,0.547085676181,0.));
#5399 = ADVANCED_FACE('',(#5400),#5403,.T.);
#5400 = FACE_BOUND('',#5401,.T.);
#5401 = EDGE_LOOP('',(#5402));
#5402 = ORIENTED_EDGE('',*,*,#5314,.T.);
#5403 = PLANE('',#5404);
#5404 = AXIS2_PLACEMENT_3D('',#5405,#5406,#5407);
#5405 = CARTESIAN_POINT('',(8.673420602941,6.666141247378,1.6));
#5406 = DIRECTION('',(0.,0.,1.));
#5407 = DIRECTION('',(1.,0.,0.));
#5408 = ADVANCED_FACE('',(#5409),#5414,.T.);
#5409 = FACE_BOUND('',#5410,.F.);
#5410 = EDGE_LOOP('',(#5411,#5412,#5413));
#5411 = ORIENTED_EDGE('',*,*,#5387,.T.);
#5412 = ORIENTED_EDGE('',*,*,#5370,.T.);
#5413 = ORIENTED_EDGE('',*,*,#5339,.T.);
#5414 = PLANE('',#5415);
#5415 = AXIS2_PLACEMENT_3D('',#5416,#5417,#5418);
#5416 = CARTESIAN_POINT('',(8.673420602941,6.666141247378,1.6));
#5417 = DIRECTION('',(0.,0.,1.));
#5418 = DIRECTION('',(1.,0.,0.));
#5419 = ( GEOMETRIC_REPRESENTATION_CONTEXT(3) 
GLOBAL_UNCERTAINTY_ASSIGNED_CONTEXT((#5423)) 
GLOBAL_UNIT_ASSIGNED_CONTEXT((#5420,#5421,#5422)) REPRESENTATION_CONTEXT
('Context #1','3D Context with UNIT and UNCERTAINTY') );
#5420 = ( LENGTH_UNIT() NAMED_UNIT(*) SI_UNIT(.MILLI.,.METRE.) );
#5421 = ( NAMED_UNIT(*) PLANE_ANGLE_UNIT() SI_UNIT($,.RADIAN.) );
#5422 = ( NAMED_UNIT(*) SI_UNIT($,.STERADIAN.) SOLID_ANGLE_UNIT() );
#5423 = UNCERTAINTY_MEASURE_WITH_UNIT(LENGTH_MEASURE(1.E-07),#5420,
  'distance_accuracy_value','confusion accuracy');
#5424 = PRODUCT_RELATED_PRODUCT_CATEGORY('part',$,(#7));
#5425 = MECHANICAL_DESIGN_GEOMETRIC_PRESENTATION_REPRESENTATION('',(
    #5426),#5419);
#5426 = STYLED_ITEM('color',(#5427),#15);
#5427 = PRESENTATION_STYLE_ASSIGNMENT((#5428,#5434));
#5428 = SURFACE_STYLE_USAGE(.BOTH.,#5429);
#5429 = SURFACE_SIDE_STYLE('',(#5430));
#5430 = SURFACE_STYLE_FILL_AREA(#5431);
#5431 = FILL_AREA_STYLE('',(#5432));
#5432 = FILL_AREA_STYLE_COLOUR('',#5433);
#5433 = COLOUR_RGB('',0.447058818107,0.474509808674,0.501960817233);
#5434 = CURVE_STYLE('',#5435,POSITIVE_LENGTH_MEASURE(0.1),#5436);
#5435 = DRAUGHTING_PRE_DEFINED_CURVE_FONT('continuous');
#5436 = COLOUR_RGB('',9.803921802644E-02,9.803921802644E-02,
  9.803921802644E-02);
ENDSEC;
END-ISO-10303-21;
