ISO-10303-21;
HEADER;
FILE_DESCRIPTION(('FreeCAD Model'),'2;1');
FILE_NAME('Open CASCADE Shape Model','2026-08-25T19:28:00',(''),(''),
  'Open CASCADE STEP processor 7.8','FreeCAD','Unknown');
FILE_SCHEMA(('AUTOMOTIVE_DESIGN { 1 0 10303 214 1 1 1 1 }'));
ENDSEC;
DATA;
#1 = APPLICATION_PROTOCOL_DEFINITION('international standard',
  'automotive_design',2000,#2);
#2 = APPLICATION_CONTEXT(
  'core data for automotive mechanical design processes');
#3 = SHAPE_DEFINITION_REPRESENTATION(#4,#10);
#4 = PRODUCT_DEFINITION_SHAPE('','',#5);
#5 = PRODUCT_DEFINITION('design','',#6,#9);
#6 = PRODUCT_DEFINITION_FORMATION('','',#7);
#7 = PRODUCT('Pinion','Pinion','',(#8));
#8 = PRODUCT_CONTEXT('',#2,'mechanical');
#9 = PRODUCT_DEFINITION_CONTEXT('part definition',#2,'design');
#10 = ADVANCED_BREP_SHAPE_REPRESENTATION('',(#11,#15),#4756);
#11 = AXIS2_PLACEMENT_3D('',#12,#13,#14);
#12 = CARTESIAN_POINT('',(0.,0.,0.));
#13 = DIRECTION('',(0.,0.,1.));
#14 = DIRECTION('',(1.,0.,-0.));
#15 = MANIFOLD_SOLID_BREP('',#16);
#16 = CLOSED_SHELL('',(#17,#57,#147,#237,#1429,#2621,#2639,#2656,#2674,
    #2691,#2709,#2726,#2764,#2802,#2820,#2838,#2876,#2914,#2932,#2950,
    #2968,#2986,#3004,#3022,#3060,#3098,#3116,#3134,#3172,#3210,#3228,
    #3246,#3264,#3282,#3300,#3318,#3356,#3394,#3412,#3430,#3468,#3506,
    #3524,#3542,#3560,#3578,#3596,#3614,#3652,#3690,#3708,#3726,#3764,
    #3802,#3820,#3838,#3856,#3874,#3892,#3910,#3948,#3986,#4004,#4022,
    #4060,#4098,#4116,#4134,#4152,#4170,#4188,#4206,#4244,#4282,#4300,
    #4318,#4356,#4394,#4412,#4430,#4448,#4466,#4484,#4502,#4540,#4578,
    #4596,#4614,#4652,#4690,#4708,#4726,#4739));
#17 = ADVANCED_FACE('',(#18),#52,.F.);
#18 = FACE_BOUND('',#19,.F.);
#19 = EDGE_LOOP('',(#20,#30,#38,#46));
#20 = ORIENTED_EDGE('',*,*,#21,.T.);
#21 = EDGE_CURVE('',#22,#24,#26,.T.);
#22 = VERTEX_POINT('',#23);
#23 = CARTESIAN_POINT('',(8.49366474018,-0.328114738211,0.));
#24 = VERTEX_POINT('',#25);
#25 = CARTESIAN_POINT('',(8.49366474018,-0.328114738211,4.));
#26 = LINE('',#27,#28);
#27 = CARTESIAN_POINT('',(8.49366474018,-0.328114738211,0.));
#28 = VECTOR('',#29,1.);
#29 = DIRECTION('',(0.,0.,1.));
#30 = ORIENTED_EDGE('',*,*,#31,.T.);
#31 = EDGE_CURVE('',#24,#32,#34,.T.);
#32 = VERTEX_POINT('',#33);
#33 = CARTESIAN_POINT('',(8.49366474018,0.328114738211,4.));
#34 = LINE('',#35,#36);
#35 = CARTESIAN_POINT('',(8.49366474018,-0.328114738211,4.));
#36 = VECTOR('',#37,1.);
#37 = DIRECTION('',(0.,1.,0.));
#38 = ORIENTED_EDGE('',*,*,#39,.F.);
#39 = EDGE_CURVE('',#40,#32,#42,.T.);
#40 = VERTEX_POINT('',#41);
#41 = CARTESIAN_POINT('',(8.49366474018,0.328114738211,0.));
#42 = LINE('',#43,#44);
#43 = CARTESIAN_POINT('',(8.49366474018,0.328114738211,0.));
#44 = VECTOR('',#45,1.);
#45 = DIRECTION('',(0.,0.,1.));
#46 = ORIENTED_EDGE('',*,*,#47,.F.);
#47 = EDGE_CURVE('',#22,#40,#48,.T.);
#48 = LINE('',#49,#50);
#49 = CARTESIAN_POINT('',(8.49366474018,-0.328114738211,0.));
#50 = VECTOR('',#51,1.);
#51 = DIRECTION('',(0.,1.,0.));
#52 = PLANE('',#53);
#53 = AXIS2_PLACEMENT_3D('',#54,#55,#56);
#54 = CARTESIAN_POINT('',(8.49366474018,-0.328114738211,0.));
#55 = DIRECTION('',(-1.,0.,0.));
#56 = DIRECTION('',(0.,1.,0.));
#57 = ADVANCED_FACE('',(#58),#121,.F.);
#58 = FACE_BOUND('',#59,.F.);
#59 = EDGE_LOOP('',(#60,#70,#95,#96));
#60 = ORIENTED_EDGE('',*,*,#61,.T.);
#61 = EDGE_CURVE('',#62,#64,#66,.T.);
#62 = VERTEX_POINT('',#63);
#63 = CARTESIAN_POINT('',(6.997328735075,-0.84106511996,0.));
#64 = VERTEX_POINT('',#65);
#65 = CARTESIAN_POINT('',(6.997328735075,-0.84106511996,4.));
#66 = LINE('',#67,#68);
#67 = CARTESIAN_POINT('',(6.997328735075,-0.84106511996,0.));
#68 = VECTOR('',#69,1.);
#69 = DIRECTION('',(0.,0.,1.));
#70 = ORIENTED_EDGE('',*,*,#71,.T.);
#71 = EDGE_CURVE('',#64,#24,#72,.T.);
#72 = B_SPLINE_CURVE_WITH_KNOTS('',3,(#73,#74,#75,#76,#77,#78,#79,#80,
    #81,#82,#83,#84,#85,#86,#87,#88,#89,#90,#91,#92,#93,#94),
  .UNSPECIFIED.,.F.,.F.,(4,1,1,1,1,1,1,1,1,1,1,1,1,1,1,1,1,1,1,4),(0.,
    4.43735800818E-03,1.774922507116E-02,3.993564258102E-02,
    7.099661645099E-02,0.110932148652,0.15974224008,0.217426891218,
    0.283986102355,0.359419873678,0.443728205316,0.53691109736,
    0.638968549877,0.74990056292,0.869707136527,0.998388270731,
    1.135943965558,1.282374221028,1.437679037159,1.601858413965),
  .UNSPECIFIED.);
#73 = CARTESIAN_POINT('',(6.997328735075,-0.84106511996,4.));
#74 = CARTESIAN_POINT('',(6.998799833125,-0.841220793668,4.));
#75 = CARTESIAN_POINT('',(7.004689118712,-0.841786867837,4.));
#76 = CARTESIAN_POINT('',(7.017981927543,-0.842573477556,4.));
#77 = CARTESIAN_POINT('',(7.040162502258,-0.843199521357,4.));
#78 = CARTESIAN_POINT('',(7.07122989105,-0.842973802519,4.));
#79 = CARTESIAN_POINT('',(7.111138116802,-0.841299104899,4.));
#80 = CARTESIAN_POINT('',(7.159813254673,-0.83753557863,4.));
#81 = CARTESIAN_POINT('',(7.217145856342,-0.831064940528,4.));
#82 = CARTESIAN_POINT('',(7.282994139302,-0.821267734296,4.));
#83 = CARTESIAN_POINT('',(7.357183155319,-0.807533823483,4.));
#84 = CARTESIAN_POINT('',(7.439505501986,-0.789260893317,4.));
#85 = CARTESIAN_POINT('',(7.529721600668,-0.76585701954,4.));
#86 = CARTESIAN_POINT('',(7.627560209397,-0.73674186242,4.));
#87 = CARTESIAN_POINT('',(7.732718950333,-0.7013482674,4.));
#88 = CARTESIAN_POINT('',(7.844864917292,-0.659123730931,4.));
#89 = CARTESIAN_POINT('',(7.963635357304,-0.60953176355,4.));
#90 = CARTESIAN_POINT('',(8.088638359913,-0.552053700812,4.));
#91 = CARTESIAN_POINT('',(8.219453848178,-0.486188460086,4.));
#92 = CARTESIAN_POINT('',(8.355633650093,-0.411460564748,4.));
#93 = CARTESIAN_POINT('',(8.447139799386,-0.356931080536,4.));
#94 = CARTESIAN_POINT('',(8.49366474018,-0.328114738211,4.));
#95 = ORIENTED_EDGE('',*,*,#21,.F.);
#96 = ORIENTED_EDGE('',*,*,#97,.F.);
#97 = EDGE_CURVE('',#62,#22,#98,.T.);
#98 = B_SPLINE_CURVE_WITH_KNOTS('',3,(#99,#100,#101,#102,#103,#104,#105,
    #106,#107,#108,#109,#110,#111,#112,#113,#114,#115,#116,#117,#118,
    #119,#120),.UNSPECIFIED.,.F.,.F.,(4,1,1,1,1,1,1,1,1,1,1,1,1,1,1,1,1,
    1,1,4),(0.,4.43735800818E-03,1.774922507116E-02,3.993564258102E-02,
    7.099661645099E-02,0.110932148652,0.15974224008,0.217426891218,
    0.283986102355,0.359419873678,0.443728205316,0.53691109736,
    0.638968549877,0.74990056292,0.869707136527,0.998388270731,
    1.135943965558,1.282374221028,1.437679037159,1.601858413965),
  .UNSPECIFIED.);
#99 = CARTESIAN_POINT('',(6.997328735075,-0.84106511996,0.));
#100 = CARTESIAN_POINT('',(6.998799833125,-0.841220793668,0.));
#101 = CARTESIAN_POINT('',(7.004689118712,-0.841786867837,0.));
#102 = CARTESIAN_POINT('',(7.017981927543,-0.842573477556,0.));
#103 = CARTESIAN_POINT('',(7.040162502258,-0.843199521357,0.));
#104 = CARTESIAN_POINT('',(7.07122989105,-0.842973802519,0.));
#105 = CARTESIAN_POINT('',(7.111138116802,-0.841299104899,0.));
#106 = CARTESIAN_POINT('',(7.159813254673,-0.83753557863,0.));
#107 = CARTESIAN_POINT('',(7.217145856342,-0.831064940528,0.));
#108 = CARTESIAN_POINT('',(7.282994139302,-0.821267734296,0.));
#109 = CARTESIAN_POINT('',(7.357183155319,-0.807533823483,0.));
#110 = CARTESIAN_POINT('',(7.439505501986,-0.789260893317,0.));
#111 = CARTESIAN_POINT('',(7.529721600668,-0.76585701954,0.));
#112 = CARTESIAN_POINT('',(7.627560209397,-0.73674186242,0.));
#113 = CARTESIAN_POINT('',(7.732718950333,-0.7013482674,0.));
#114 = CARTESIAN_POINT('',(7.844864917292,-0.659123730931,0.));
#115 = CARTESIAN_POINT('',(7.963635357304,-0.60953176355,0.));
#116 = CARTESIAN_POINT('',(8.088638359913,-0.552053700812,0.));
#117 = CARTESIAN_POINT('',(8.219453848178,-0.486188460086,0.));
#118 = CARTESIAN_POINT('',(8.355633650093,-0.411460564748,0.));
#119 = CARTESIAN_POINT('',(8.447139799386,-0.356931080536,0.));
#120 = CARTESIAN_POINT('',(8.49366474018,-0.328114738211,0.));
#121 = SURFACE_OF_LINEAR_EXTRUSION('',#122,#145);
#122 = B_SPLINE_CURVE_WITH_KNOTS('',3,(#123,#124,#125,#126,#127,#128,
    #129,#130,#131,#132,#133,#134,#135,#136,#137,#138,#139,#140,#141,
    #142,#143,#144),.UNSPECIFIED.,.F.,.F.,(4,1,1,1,1,1,1,1,1,1,1,1,1,1,1
    ,1,1,1,1,4),(0.,4.43735800818E-03,1.774922507116E-02,
    3.993564258102E-02,7.099661645099E-02,0.110932148652,0.15974224008,
    0.217426891218,0.283986102355,0.359419873678,0.443728205316,
    0.53691109736,0.638968549877,0.74990056292,0.869707136527,
    0.998388270731,1.135943965558,1.282374221028,1.437679037159,
    1.601858413965),.UNSPECIFIED.);
#123 = CARTESIAN_POINT('',(6.997328735075,-0.84106511996,0.));
#124 = CARTESIAN_POINT('',(6.998799833125,-0.841220793668,0.));
#125 = CARTESIAN_POINT('',(7.004689118712,-0.841786867837,0.));
#126 = CARTESIAN_POINT('',(7.017981927543,-0.842573477556,0.));
#127 = CARTESIAN_POINT('',(7.040162502258,-0.843199521357,0.));
#128 = CARTESIAN_POINT('',(7.07122989105,-0.842973802519,0.));
#129 = CARTESIAN_POINT('',(7.111138116802,-0.841299104899,0.));
#130 = CARTESIAN_POINT('',(7.159813254673,-0.83753557863,0.));
#131 = CARTESIAN_POINT('',(7.217145856342,-0.831064940528,0.));
#132 = CARTESIAN_POINT('',(7.282994139302,-0.821267734296,0.));
#133 = CARTESIAN_POINT('',(7.357183155319,-0.807533823483,0.));
#134 = CARTESIAN_POINT('',(7.439505501986,-0.789260893317,0.));
#135 = CARTESIAN_POINT('',(7.529721600668,-0.76585701954,0.));
#136 = CARTESIAN_POINT('',(7.627560209397,-0.73674186242,0.));
#137 = CARTESIAN_POINT('',(7.732718950333,-0.7013482674,0.));
#138 = CARTESIAN_POINT('',(7.844864917292,-0.659123730931,0.));
#139 = CARTESIAN_POINT('',(7.963635357304,-0.60953176355,0.));
#140 = CARTESIAN_POINT('',(8.088638359913,-0.552053700812,0.));
#141 = CARTESIAN_POINT('',(8.219453848178,-0.486188460086,0.));
#142 = CARTESIAN_POINT('',(8.355633650093,-0.411460564748,0.));
#143 = CARTESIAN_POINT('',(8.447139799386,-0.356931080536,0.));
#144 = CARTESIAN_POINT('',(8.49366474018,-0.328114738211,0.));
#145 = VECTOR('',#146,1.);
#146 = DIRECTION('',(-0.,-0.,-1.));
#147 = ADVANCED_FACE('',(#148),#211,.F.);
#148 = FACE_BOUND('',#149,.F.);
#149 = EDGE_LOOP('',(#150,#151,#178,#186));
#150 = ORIENTED_EDGE('',*,*,#39,.T.);
#151 = ORIENTED_EDGE('',*,*,#152,.T.);
#152 = EDGE_CURVE('',#32,#153,#155,.T.);
#153 = VERTEX_POINT('',#154);
#154 = CARTESIAN_POINT('',(6.997328735075,0.84106511996,4.));
#155 = B_SPLINE_CURVE_WITH_KNOTS('',3,(#156,#157,#158,#159,#160,#161,
    #162,#163,#164,#165,#166,#167,#168,#169,#170,#171,#172,#173,#174,
    #175,#176,#177),.UNSPECIFIED.,.F.,.F.,(4,1,1,1,1,1,1,1,1,1,1,1,1,1,1
    ,1,1,1,1,4),(0.,0.164179376806,0.319484192936,0.465914448406,
    0.603470143233,0.732151277438,0.851957851045,0.962889864087,
    1.064947316605,1.158130208649,1.242438540286,1.317872311609,
    1.384431522746,1.442116173884,1.490926265312,1.530861797514,
    1.561922771384,1.584109188893,1.597421055956,1.601858413965),
  .UNSPECIFIED.);
#156 = CARTESIAN_POINT('',(8.49366474018,0.328114738211,4.));
#157 = CARTESIAN_POINT('',(8.447139799386,0.356931080536,4.));
#158 = CARTESIAN_POINT('',(8.355633650093,0.411460564748,4.));
#159 = CARTESIAN_POINT('',(8.219453848178,0.486188460086,4.));
#160 = CARTESIAN_POINT('',(8.088638359913,0.552053700812,4.));
#161 = CARTESIAN_POINT('',(7.963635357304,0.60953176355,4.));
#162 = CARTESIAN_POINT('',(7.844864917292,0.659123730931,4.));
#163 = CARTESIAN_POINT('',(7.732718950333,0.7013482674,4.));
#164 = CARTESIAN_POINT('',(7.627560209397,0.73674186242,4.));
#165 = CARTESIAN_POINT('',(7.529721600668,0.76585701954,4.));
#166 = CARTESIAN_POINT('',(7.439505501986,0.789260893317,4.));
#167 = CARTESIAN_POINT('',(7.357183155319,0.807533823483,4.));
#168 = CARTESIAN_POINT('',(7.282994139302,0.821267734296,4.));
#169 = CARTESIAN_POINT('',(7.217145856342,0.831064940528,4.));
#170 = CARTESIAN_POINT('',(7.159813254673,0.83753557863,4.));
#171 = CARTESIAN_POINT('',(7.111138116803,0.841299104899,4.));
#172 = CARTESIAN_POINT('',(7.07122989105,0.842973802519,4.));
#173 = CARTESIAN_POINT('',(7.040162502258,0.843199521357,4.));
#174 = CARTESIAN_POINT('',(7.017981927543,0.842573477556,4.));
#175 = CARTESIAN_POINT('',(7.004689118712,0.841786867837,4.));
#176 = CARTESIAN_POINT('',(6.998799833125,0.841220793668,4.));
#177 = CARTESIAN_POINT('',(6.997328735075,0.84106511996,4.));
#178 = ORIENTED_EDGE('',*,*,#179,.F.);
#179 = EDGE_CURVE('',#180,#153,#182,.T.);
#180 = VERTEX_POINT('',#181);
#181 = CARTESIAN_POINT('',(6.997328735075,0.84106511996,0.));
#182 = LINE('',#183,#184);
#183 = CARTESIAN_POINT('',(6.997328735075,0.84106511996,0.));
#184 = VECTOR('',#185,1.);
#185 = DIRECTION('',(0.,0.,1.));
#186 = ORIENTED_EDGE('',*,*,#187,.F.);
#187 = EDGE_CURVE('',#40,#180,#188,.T.);
#188 = B_SPLINE_CURVE_WITH_KNOTS('',3,(#189,#190,#191,#192,#193,#194,
    #195,#196,#197,#198,#199,#200,#201,#202,#203,#204,#205,#206,#207,
    #208,#209,#210),.UNSPECIFIED.,.F.,.F.,(4,1,1,1,1,1,1,1,1,1,1,1,1,1,1
    ,1,1,1,1,4),(0.,0.164179376806,0.319484192936,0.465914448406,
    0.603470143233,0.732151277438,0.851957851045,0.962889864087,
    1.064947316605,1.158130208649,1.242438540286,1.317872311609,
    1.384431522746,1.442116173884,1.490926265312,1.530861797514,
    1.561922771384,1.584109188893,1.597421055956,1.601858413965),
  .UNSPECIFIED.);
#189 = CARTESIAN_POINT('',(8.49366474018,0.328114738211,0.));
#190 = CARTESIAN_POINT('',(8.447139799386,0.356931080536,0.));
#191 = CARTESIAN_POINT('',(8.355633650093,0.411460564748,0.));
#192 = CARTESIAN_POINT('',(8.219453848178,0.486188460086,0.));
#193 = CARTESIAN_POINT('',(8.088638359913,0.552053700812,0.));
#194 = CARTESIAN_POINT('',(7.963635357304,0.60953176355,0.));
#195 = CARTESIAN_POINT('',(7.844864917292,0.659123730931,0.));
#196 = CARTESIAN_POINT('',(7.732718950333,0.7013482674,0.));
#197 = CARTESIAN_POINT('',(7.627560209397,0.73674186242,0.));
#198 = CARTESIAN_POINT('',(7.529721600668,0.76585701954,0.));
#199 = CARTESIAN_POINT('',(7.439505501986,0.789260893317,0.));
#200 = CARTESIAN_POINT('',(7.357183155319,0.807533823483,0.));
#201 = CARTESIAN_POINT('',(7.282994139302,0.821267734296,0.));
#202 = CARTESIAN_POINT('',(7.217145856342,0.831064940528,0.));
#203 = CARTESIAN_POINT('',(7.159813254673,0.83753557863,0.));
#204 = CARTESIAN_POINT('',(7.111138116803,0.841299104899,0.));
#205 = CARTESIAN_POINT('',(7.07122989105,0.842973802519,0.));
#206 = CARTESIAN_POINT('',(7.040162502258,0.843199521357,0.));
#207 = CARTESIAN_POINT('',(7.017981927543,0.842573477556,0.));
#208 = CARTESIAN_POINT('',(7.004689118712,0.841786867837,0.));
#209 = CARTESIAN_POINT('',(6.998799833125,0.841220793668,0.));
#210 = CARTESIAN_POINT('',(6.997328735075,0.84106511996,0.));
#211 = SURFACE_OF_LINEAR_EXTRUSION('',#212,#235);
#212 = B_SPLINE_CURVE_WITH_KNOTS('',3,(#213,#214,#215,#216,#217,#218,
    #219,#220,#221,#222,#223,#224,#225,#226,#227,#228,#229,#230,#231,
    #232,#233,#234),.UNSPECIFIED.,.F.,.F.,(4,1,1,1,1,1,1,1,1,1,1,1,1,1,1
    ,1,1,1,1,4),(0.,0.164179376806,0.319484192936,0.465914448406,
    0.603470143233,0.732151277438,0.851957851045,0.962889864087,
    1.064947316605,1.158130208649,1.242438540286,1.317872311609,
    1.384431522746,1.442116173884,1.490926265312,1.530861797514,
    1.561922771384,1.584109188893,1.597421055956,1.601858413965),
  .UNSPECIFIED.);
#213 = CARTESIAN_POINT('',(8.49366474018,0.328114738211,0.));
#214 = CARTESIAN_POINT('',(8.447139799386,0.356931080536,0.));
#215 = CARTESIAN_POINT('',(8.355633650093,0.411460564748,0.));
#216 = CARTESIAN_POINT('',(8.219453848178,0.486188460086,0.));
#217 = CARTESIAN_POINT('',(8.088638359913,0.552053700812,0.));
#218 = CARTESIAN_POINT('',(7.963635357304,0.60953176355,0.));
#219 = CARTESIAN_POINT('',(7.844864917292,0.659123730931,0.));
#220 = CARTESIAN_POINT('',(7.732718950333,0.7013482674,0.));
#221 = CARTESIAN_POINT('',(7.627560209397,0.73674186242,0.));
#222 = CARTESIAN_POINT('',(7.529721600668,0.76585701954,0.));
#223 = CARTESIAN_POINT('',(7.439505501986,0.789260893317,0.));
#224 = CARTESIAN_POINT('',(7.357183155319,0.807533823483,0.));
#225 = CARTESIAN_POINT('',(7.282994139302,0.821267734296,0.));
#226 = CARTESIAN_POINT('',(7.217145856342,0.831064940528,0.));
#227 = CARTESIAN_POINT('',(7.159813254673,0.83753557863,0.));
#228 = CARTESIAN_POINT('',(7.111138116803,0.841299104899,0.));
#229 = CARTESIAN_POINT('',(7.07122989105,0.842973802519,0.));
#230 = CARTESIAN_POINT('',(7.040162502258,0.843199521357,0.));
#231 = CARTESIAN_POINT('',(7.017981927543,0.842573477556,0.));
#232 = CARTESIAN_POINT('',(7.004689118712,0.841786867837,0.));
#233 = CARTESIAN_POINT('',(6.998799833125,0.841220793668,0.));
#234 = CARTESIAN_POINT('',(6.997328735075,0.84106511996,0.));
#235 = VECTOR('',#236,1.);
#236 = DIRECTION('',(-0.,-0.,-1.));
#237 = ADVANCED_FACE('',(#238,#1413),#1424,.F.);
#238 = FACE_BOUND('',#239,.F.);
#239 = EDGE_LOOP('',(#240,#241,#242,#250,#258,#266,#293,#300,#327,#334,
    #341,#348,#375,#382,#409,#416,#423,#430,#457,#464,#491,#498,#505,
    #512,#539,#546,#573,#580,#587,#594,#621,#628,#655,#662,#669,#676,
    #703,#710,#737,#744,#751,#758,#785,#792,#819,#826,#833,#840,#867,
    #874,#901,#908,#915,#922,#949,#956,#983,#990,#997,#1004,#1031,#1038,
    #1065,#1072,#1079,#1086,#1113,#1120,#1147,#1154,#1161,#1168,#1195,
    #1202,#1229,#1236,#1243,#1250,#1277,#1284,#1311,#1318,#1325,#1332,
    #1359,#1366,#1393,#1400,#1407,#1412));
#240 = ORIENTED_EDGE('',*,*,#47,.T.);
#241 = ORIENTED_EDGE('',*,*,#187,.T.);
#242 = ORIENTED_EDGE('',*,*,#243,.T.);
#243 = EDGE_CURVE('',#180,#244,#246,.T.);
#244 = VERTEX_POINT('',#245);
#245 = CARTESIAN_POINT('',(6.205334755478,0.745869004888,0.));
#246 = LINE('',#247,#248);
#247 = CARTESIAN_POINT('',(6.997328735075,0.84106511996,0.));
#248 = VECTOR('',#249,1.);
#249 = DIRECTION('',(-0.992853560877,-0.119339040782,0.));
#250 = ORIENTED_EDGE('',*,*,#251,.T.);
#251 = EDGE_CURVE('',#244,#252,#254,.T.);
#252 = VERTEX_POINT('',#253);
#253 = CARTESIAN_POINT('',(5.972227634242,1.842551786193,0.));
#254 = LINE('',#255,#256);
#255 = CARTESIAN_POINT('',(6.205334755478,0.745869004888,0.));
#256 = VECTOR('',#257,1.);
#257 = DIRECTION('',(-0.207911690818,0.978147600734,0.));
#258 = ORIENTED_EDGE('',*,*,#259,.T.);
#259 = EDGE_CURVE('',#252,#260,#262,.T.);
#260 = VERTEX_POINT('',#261);
#261 = CARTESIAN_POINT('',(6.734469885061,2.077718780281,0.));
#262 = LINE('',#263,#264);
#263 = CARTESIAN_POINT('',(5.972227634242,1.842551786193,0.));
#264 = VECTOR('',#265,1.);
#265 = DIRECTION('',(0.955556421479,0.294808285791,0.));
#266 = ORIENTED_EDGE('',*,*,#267,.T.);
#267 = EDGE_CURVE('',#260,#268,#270,.T.);
#268 = VERTEX_POINT('',#269);
#269 = CARTESIAN_POINT('',(7.892805129294,3.154936955154,0.));
#270 = B_SPLINE_CURVE_WITH_KNOTS('',3,(#271,#272,#273,#274,#275,#276,
    #277,#278,#279,#280,#281,#282,#283,#284,#285,#286,#287,#288,#289,
    #290,#291,#292),.UNSPECIFIED.,.F.,.F.,(4,1,1,1,1,1,1,1,1,1,1,1,1,1,1
    ,1,1,1,1,4),(0.,4.43735800818E-03,1.774922507116E-02,
    3.993564258102E-02,7.099661645099E-02,0.110932148652,0.15974224008,
    0.217426891218,0.283986102355,0.359419873678,0.443728205316,
    0.53691109736,0.638968549877,0.74990056292,0.869707136527,
    0.998388270731,1.135943965558,1.282374221028,1.437679037159,
    1.601858413965),.UNSPECIFIED.);
#271 = CARTESIAN_POINT('',(6.734469885061,2.077718780281,0.));
#272 = CARTESIAN_POINT('',(6.735877118203,2.078174914755,0.));
#273 = CARTESIAN_POINT('',(6.741487491407,2.080053168519,0.));
#274 = CARTESIAN_POINT('',(6.75395101953,2.084741237224,0.));
#275 = CARTESIAN_POINT('',(6.774468617763,2.093190970254,0.));
#276 = CARTESIAN_POINT('',(6.802758281553,2.1060334201,0.));
#277 = CARTESIAN_POINT('',(6.838535099023,2.123795470277,0.));
#278 = CARTESIAN_POINT('',(6.881471286085,2.147031584784,0.));
#279 = CARTESIAN_POINT('',(6.931215378294,2.176262076771,0.));
#280 = CARTESIAN_POINT('',(6.987385895311,2.211995179585,0.));
#281 = CARTESIAN_POINT('',(7.04957484912,2.254717122752,0.));
#282 = CARTESIAN_POINT('',(7.117347784705,2.304893790037,0.));
#283 = CARTESIAN_POINT('',(7.190245078807,2.362968485747,0.));
#284 = CARTESIAN_POINT('',(7.267782894124,2.429361052559,0.));
#285 = CARTESIAN_POINT('',(7.349454312213,2.504466623798,0.));
#286 = CARTESIAN_POINT('',(7.434730484702,2.588654531426,0.));
#287 = CARTESIAN_POINT('',(7.523061810341,2.682267338029,0.));
#288 = CARTESIAN_POINT('',(7.613879301278,2.785619462813,0.));
#289 = CARTESIAN_POINT('',(7.706595389463,2.898997806855,0.));
#290 = CARTESIAN_POINT('',(7.800607255632,3.022654451685,0.));
#291 = CARTESIAN_POINT('',(7.862023143308,3.10968851828,0.));
#292 = CARTESIAN_POINT('',(7.892805129294,3.154936955154,0.));
#293 = ORIENTED_EDGE('',*,*,#294,.T.);
#294 = EDGE_CURVE('',#268,#295,#297,.T.);
#295 = VERTEX_POINT('',#296);
#296 = CARTESIAN_POINT('',(7.625892554966,3.75443241251,0.));
#297 = B_SPLINE_CURVE_WITH_KNOTS('',1,(#298,#299),.UNSPECIFIED.,.F.,.F.,
  (2,2),(0.,0.656229476422),.PIECEWISE_BEZIER_KNOTS.);
#298 = CARTESIAN_POINT('',(7.892805129294,3.154936955154,0.));
#299 = CARTESIAN_POINT('',(7.625892554966,3.75443241251,0.));
#300 = ORIENTED_EDGE('',*,*,#301,.T.);
#301 = EDGE_CURVE('',#295,#302,#304,.T.);
#302 = VERTEX_POINT('',#303);
#303 = CARTESIAN_POINT('',(6.050285878059,3.614421220123,0.));
#304 = B_SPLINE_CURVE_WITH_KNOTS('',3,(#305,#306,#307,#308,#309,#310,
    #311,#312,#313,#314,#315,#316,#317,#318,#319,#320,#321,#322,#323,
    #324,#325,#326),.UNSPECIFIED.,.F.,.F.,(4,1,1,1,1,1,1,1,1,1,1,1,1,1,1
    ,1,1,1,1,4),(0.,0.164179376806,0.319484192936,0.465914448406,
    0.603470143233,0.732151277438,0.851957851045,0.962889864087,
    1.064947316605,1.158130208649,1.242438540286,1.317872311609,
    1.384431522746,1.442116173884,1.490926265312,1.530861797514,
    1.561922771384,1.584109188893,1.597421055956,1.601858413965),
  .UNSPECIFIED.);
#305 = CARTESIAN_POINT('',(7.625892554966,3.75443241251,0.));
#306 = CARTESIAN_POINT('',(7.571669244295,3.761834052909,0.));
#307 = CARTESIAN_POINT('',(7.465895077904,3.774430311535,0.));
#308 = CARTESIAN_POINT('',(7.311094065148,3.787308325394,0.));
#309 = CARTESIAN_POINT('',(7.164798363147,3.794271764317,0.));
#310 = CARTESIAN_POINT('',(7.027224003632,3.79593728579,0.));
#311 = CARTESIAN_POINT('',(6.898550937321,3.792933512258,0.));
#312 = CARTESIAN_POINT('',(6.778926232394,3.785893671616,0.));
#313 = CARTESIAN_POINT('',(6.668463070256,3.775455416298,0.));
#314 = CARTESIAN_POINT('',(6.5672408524,3.762258888555,0.));
#315 = CARTESIAN_POINT('',(6.475305132188,3.746945198006,0.));
#316 = CARTESIAN_POINT('',(6.392667656052,3.730154835424,0.));
#317 = CARTESIAN_POINT('',(6.319306532683,3.712525995935,0.));
#318 = CARTESIAN_POINT('',(6.255166250117,3.694693279623,0.));
#319 = CARTESIAN_POINT('',(6.200158466668,3.677285231727,0.));
#320 = CARTESIAN_POINT('',(6.154160751525,3.660925421876,0.));
#321 = CARTESIAN_POINT('',(6.117021612278,3.646223196506,0.));
#322 = CARTESIAN_POINT('',(6.088548332244,3.633793155499,0.));
#323 = CARTESIAN_POINT('',(6.068540003919,3.624199583527,0.));
#324 = CARTESIAN_POINT('',(6.056716361788,3.61807430735,0.));
#325 = CARTESIAN_POINT('',(6.051566474799,3.615161784615,0.));
#326 = CARTESIAN_POINT('',(6.050285878059,3.614421220123,0.));
#327 = ORIENTED_EDGE('',*,*,#328,.T.);
#328 = EDGE_CURVE('',#302,#329,#331,.T.);
#329 = VERTEX_POINT('',#330);
#330 = CARTESIAN_POINT('',(5.365483123796,3.205322269017,0.));
#331 = B_SPLINE_CURVE_WITH_KNOTS('',1,(#332,#333),.UNSPECIFIED.,.F.,.F.,
  (2,2),(0.,0.797694655894),.PIECEWISE_BEZIER_KNOTS.);
#332 = CARTESIAN_POINT('',(6.050285878059,3.614421220123,0.));
#333 = CARTESIAN_POINT('',(5.365483123796,3.205322269017,0.));
#334 = ORIENTED_EDGE('',*,*,#335,.T.);
#335 = EDGE_CURVE('',#329,#336,#338,.T.);
#336 = VERTEX_POINT('',#337);
#337 = CARTESIAN_POINT('',(4.70646809906,4.112378634383,0.));
#338 = B_SPLINE_CURVE_WITH_KNOTS('',1,(#339,#340),.UNSPECIFIED.,.F.,.F.,
  (2,2),(0.,1.121183327017),.PIECEWISE_BEZIER_KNOTS.);
#339 = CARTESIAN_POINT('',(5.365483123796,3.205322269017,0.));
#340 = CARTESIAN_POINT('',(4.70646809906,4.112378634383,0.));
#341 = ORIENTED_EDGE('',*,*,#342,.T.);
#342 = EDGE_CURVE('',#336,#343,#345,.T.);
#343 = VERTEX_POINT('',#344);
#344 = CARTESIAN_POINT('',(5.307160011181,4.637246227929,0.));
#345 = B_SPLINE_CURVE_WITH_KNOTS('',1,(#346,#347),.UNSPECIFIED.,.F.,.F.,
  (2,2),(0.,0.797694655894),.PIECEWISE_BEZIER_KNOTS.);
#346 = CARTESIAN_POINT('',(4.70646809906,4.112378634383,0.));
#347 = CARTESIAN_POINT('',(5.307160011181,4.637246227929,0.));
#348 = ORIENTED_EDGE('',*,*,#349,.T.);
#349 = EDGE_CURVE('',#343,#350,#352,.T.);
#350 = VERTEX_POINT('',#351);
#351 = CARTESIAN_POINT('',(5.92720780767,6.09247138727,0.));
#352 = B_SPLINE_CURVE_WITH_KNOTS('',3,(#353,#354,#355,#356,#357,#358,
    #359,#360,#361,#362,#363,#364,#365,#366,#367,#368,#369,#370,#371,
    #372,#373,#374),.UNSPECIFIED.,.F.,.F.,(4,1,1,1,1,1,1,1,1,1,1,1,1,1,1
    ,1,1,1,1,4),(0.,4.43735800818E-03,1.774922507116E-02,
    3.993564258102E-02,7.099661645099E-02,0.110932148652,0.15974224008,
    0.217426891218,0.283986102355,0.359419873678,0.443728205316,
    0.53691109736,0.638968549877,0.74990056292,0.869707136527,
    0.998388270731,1.135943965558,1.282374221028,1.437679037159,
    1.601858413965),.UNSPECIFIED.);
#353 = CARTESIAN_POINT('',(5.307160011181,4.637246227929,0.));
#354 = CARTESIAN_POINT('',(5.308260056022,4.63823530079,0.));
#355 = CARTESIAN_POINT('',(5.312621432347,4.642233115348,0.));
#356 = CARTESIAN_POINT('',(5.322100622522,4.651585252808,0.));
#357 = CARTESIAN_POINT('',(5.337407565142,4.667649727066,0.));
#358 = CARTESIAN_POINT('',(5.358027964057,4.690888331671,0.));
#359 = CARTESIAN_POINT('',(5.383487236482,4.721666514566,0.));
#360 = CARTESIAN_POINT('',(5.413260415928,4.760357482019,0.));
#361 = CARTESIAN_POINT('',(5.446814793224,4.807293610277,0.));
#362 = CARTESIAN_POINT('',(5.483595151613,4.862784031572,0.));
#363 = CARTESIAN_POINT('',(5.523031008131,4.927106995002,0.));
#364 = CARTESIAN_POINT('',(5.564535976374,5.000511397791,0.));
#365 = CARTESIAN_POINT('',(5.607509861495,5.083215272953,0.));
#366 = CARTESIAN_POINT('',(5.651339890723,5.175405371499,0.));
#367 = CARTESIAN_POINT('',(5.695402255815,5.277236483377,0.));
#368 = CARTESIAN_POINT('',(5.739063608901,5.388830908111,0.));
#369 = CARTESIAN_POINT('',(5.7816825315,5.51027804923,0.));
#370 = CARTESIAN_POINT('',(5.822611341531,5.64163371476,0.));
#371 = CARTESIAN_POINT('',(5.86119657569,5.782921016422,0.));
#372 = CARTESIAN_POINT('',(5.89678500038,5.934125053468,0.));
#373 = CARTESIAN_POINT('',(5.917491261513,6.038614721651,0.));
#374 = CARTESIAN_POINT('',(5.92720780767,6.09247138727,0.));
#375 = ORIENTED_EDGE('',*,*,#376,.T.);
#376 = EDGE_CURVE('',#350,#377,#379,.T.);
#377 = VERTEX_POINT('',#378);
#378 = CARTESIAN_POINT('',(5.439534267941,6.531574614739,0.));
#379 = B_SPLINE_CURVE_WITH_KNOTS('',1,(#380,#381),.UNSPECIFIED.,.F.,.F.,
  (2,2),(0.,0.656229476422),.PIECEWISE_BEZIER_KNOTS.);
#380 = CARTESIAN_POINT('',(5.92720780767,6.09247138727,0.));
#381 = CARTESIAN_POINT('',(5.439534267941,6.531574614739,0.));
#382 = ORIENTED_EDGE('',*,*,#383,.T.);
#383 = EDGE_CURVE('',#377,#384,#386,.T.);
#384 = VERTEX_POINT('',#385);
#385 = CARTESIAN_POINT('',(4.057093627605,5.762811055341,0.));
#386 = B_SPLINE_CURVE_WITH_KNOTS('',3,(#387,#388,#389,#390,#391,#392,
    #393,#394,#395,#396,#397,#398,#399,#400,#401,#402,#403,#404,#405,
    #406,#407,#408),.UNSPECIFIED.,.F.,.F.,(4,1,1,1,1,1,1,1,1,1,1,1,1,1,1
    ,1,1,1,1,4),(0.,0.164179376806,0.319484192936,0.465914448406,
    0.603470143233,0.732151277438,0.851957851045,0.962889864087,
    1.064947316605,1.158130208649,1.242438540286,1.317872311609,
    1.384431522746,1.442116173884,1.490926265312,1.530861797514,
    1.561922771384,1.584109188893,1.597421055956,1.601858413965),
  .UNSPECIFIED.);
#387 = CARTESIAN_POINT('',(5.439534267941,6.531574614739,0.));
#388 = CARTESIAN_POINT('',(5.386988290409,6.516281742345,0.));
#389 = CARTESIAN_POINT('',(5.285235421218,6.484766767834,0.));
#390 = CARTESIAN_POINT('',(5.13857969905,6.433568174626,0.));
#391 = CARTESIAN_POINT('',(5.002099639242,6.380425769895,0.));
#392 = CARTESIAN_POINT('',(4.875741779407,6.325990766308,0.));
#393 = CARTESIAN_POINT('',(4.75941482892,6.270910631598,0.));
#394 = CARTESIAN_POINT('',(4.652995584263,6.215823666245,0.));
#395 = CARTESIAN_POINT('',(4.556328085182,6.161358429762,0.));
#396 = CARTESIAN_POINT('',(4.469224499242,6.10813201669,0.));
#397 = CARTESIAN_POINT('',(4.391465678734,6.056748638032,0.));
#398 = CARTESIAN_POINT('',(4.322801843492,6.007798188927,0.));
#399 = CARTESIAN_POINT('',(4.262953417465,5.961854785637,0.));
#400 = CARTESIAN_POINT('',(4.211611572845,5.919475585436,0.));
#401 = CARTESIAN_POINT('',(4.168439953103,5.881198861171,0.));
#402 = CARTESIAN_POINT('',(4.133073083513,5.847544474947,0.));
#403 = CARTESIAN_POINT('',(4.105124725346,5.819007474919,0.));
#404 = CARTESIAN_POINT('',(4.084168842859,5.79607094108,0.));
#405 = CARTESIAN_POINT('',(4.069792382662,5.779168656686,0.));
#406 = CARTESIAN_POINT('',(4.061482322371,5.768763829949,0.));
#407 = CARTESIAN_POINT('',(4.057962296225,5.764008460288,0.));
#408 = CARTESIAN_POINT('',(4.057093627605,5.762811055341,0.));
#409 = ORIENTED_EDGE('',*,*,#410,.T.);
#410 = EDGE_CURVE('',#384,#411,#413,.T.);
#411 = VERTEX_POINT('',#412);
#412 = CARTESIAN_POINT('',(3.597890716126,5.110546193394,0.));
#413 = B_SPLINE_CURVE_WITH_KNOTS('',1,(#414,#415),.UNSPECIFIED.,.F.,.F.,
  (2,2),(0.,0.797694655894),.PIECEWISE_BEZIER_KNOTS.);
#414 = CARTESIAN_POINT('',(4.057093627605,5.762811055341,0.));
#415 = CARTESIAN_POINT('',(3.597890716126,5.110546193394,0.));
#416 = ORIENTED_EDGE('',*,*,#417,.T.);
#417 = EDGE_CURVE('',#411,#418,#420,.T.);
#418 = VERTEX_POINT('',#419);
#419 = CARTESIAN_POINT('',(2.62691747263,5.671137856902,0.));
#420 = B_SPLINE_CURVE_WITH_KNOTS('',1,(#421,#422),.UNSPECIFIED.,.F.,.F.,
  (2,2),(0.,1.121183327017),.PIECEWISE_BEZIER_KNOTS.);
#421 = CARTESIAN_POINT('',(3.597890716126,5.110546193394,0.));
#422 = CARTESIAN_POINT('',(2.62691747263,5.671137856902,0.));
#423 = ORIENTED_EDGE('',*,*,#424,.T.);
#424 = EDGE_CURVE('',#418,#425,#427,.T.);
#425 = VERTEX_POINT('',#426);
#426 = CARTESIAN_POINT('',(2.962193957333,6.394951674709,0.));
#427 = B_SPLINE_CURVE_WITH_KNOTS('',1,(#428,#429),.UNSPECIFIED.,.F.,.F.,
  (2,2),(0.,0.797694655894),.PIECEWISE_BEZIER_KNOTS.);
#428 = CARTESIAN_POINT('',(2.62691747263,5.671137856902,0.));
#429 = CARTESIAN_POINT('',(2.962193957333,6.394951674709,0.));
#430 = ORIENTED_EDGE('',*,*,#431,.T.);
#431 = EDGE_CURVE('',#425,#432,#434,.T.);
#432 = VERTEX_POINT('',#433);
#433 = CARTESIAN_POINT('',(2.936742409107,7.976562168162,0.));
#434 = B_SPLINE_CURVE_WITH_KNOTS('',3,(#435,#436,#437,#438,#439,#440,
    #441,#442,#443,#444,#445,#446,#447,#448,#449,#450,#451,#452,#453,
    #454,#455,#456),.UNSPECIFIED.,.F.,.F.,(4,1,1,1,1,1,1,1,1,1,1,1,1,1,1
    ,1,1,1,1,4),(0.,4.43735800818E-03,1.774922507116E-02,
    3.993564258102E-02,7.099661645099E-02,0.110932148652,0.15974224008,
    0.217426891218,0.283986102355,0.359419873678,0.443728205316,
    0.53691109736,0.638968549877,0.74990056292,0.869707136527,
    0.998388270731,1.135943965558,1.282374221028,1.437679037159,
    1.601858413965),.UNSPECIFIED.);
#435 = CARTESIAN_POINT('',(2.962193957333,6.394951674709,0.));
#436 = CARTESIAN_POINT('',(2.962796606125,6.396302666274,0.));
#437 = CARTESIAN_POINT('',(2.965154863984,6.401728783169,0.));
#438 = CARTESIAN_POINT('',(2.970010678114,6.414127919857,0.));
#439 = CARTESIAN_POINT('',(2.977460255682,6.435029441801,0.));
#440 = CARTESIAN_POINT('',(2.986845935419,6.464646035313,0.));
#441 = CARTESIAN_POINT('',(2.997585523307,6.503118523494,0.));
#442 = CARTESIAN_POINT('',(3.009047641931,6.550574324123,0.));
#443 = CARTESIAN_POINT('',(3.020610447647,6.607100405674,0.));
#444 = CARTESIAN_POINT('',(3.031640989303,6.672753347493,0.));
#445 = CARTESIAN_POINT('',(3.041504930675,6.747555306454,0.));
#446 = CARTESIAN_POINT('',(3.049565345505,6.831495156647,0.));
#447 = CARTESIAN_POINT('',(3.055185246502,6.924527959904,0.));
#448 = CARTESIAN_POINT('',(3.057728879404,7.026575084625,0.));
#449 = CARTESIAN_POINT('',(3.056563408281,7.137524212791,0.));
#450 = CARTESIAN_POINT('',(3.051060497365,7.257229464792,0.));
#451 = CARTESIAN_POINT('',(3.040597818025,7.385511626414,0.));
#452 = CARTESIAN_POINT('',(3.024560984069,7.522158244792,0.));
#453 = CARTESIAN_POINT('',(3.00234362668,7.666924646061,0.));
#454 = CARTESIAN_POINT('',(2.973355047952,7.819531523673,0.));
#455 = CARTESIAN_POINT('',(2.949771381883,7.923409580556,0.));
#456 = CARTESIAN_POINT('',(2.936742409107,7.976562168162,0.));
#457 = ORIENTED_EDGE('',*,*,#458,.T.);
#458 = EDGE_CURVE('',#432,#459,#461,.T.);
#459 = VERTEX_POINT('',#460);
#460 = CARTESIAN_POINT('',(2.312631089371,8.179348228586,0.));
#461 = B_SPLINE_CURVE_WITH_KNOTS('',1,(#462,#463),.UNSPECIFIED.,.F.,.F.,
  (2,2),(0.,0.656229476422),.PIECEWISE_BEZIER_KNOTS.);
#462 = CARTESIAN_POINT('',(2.936742409107,7.976562168162,0.));
#463 = CARTESIAN_POINT('',(2.312631089371,8.179348228586,0.));
#464 = ORIENTED_EDGE('',*,*,#465,.T.);
#465 = EDGE_CURVE('',#459,#466,#468,.T.);
#466 = VERTEX_POINT('',#467);
#467 = CARTESIAN_POINT('',(1.3623930314,6.914758505596,0.));
#468 = B_SPLINE_CURVE_WITH_KNOTS('',3,(#469,#470,#471,#472,#473,#474,
    #475,#476,#477,#478,#479,#480,#481,#482,#483,#484,#485,#486,#487,
    #488,#489,#490),.UNSPECIFIED.,.F.,.F.,(4,1,1,1,1,1,1,1,1,1,1,1,1,1,1
    ,1,1,1,1,4),(0.,0.164179376806,0.319484192936,0.465914448406,
    0.603470143233,0.732151277438,0.851957851045,0.962889864087,
    1.064947316605,1.158130208649,1.242438540286,1.317872311609,
    1.384431522746,1.442116173884,1.490926265312,1.530861797514,
    1.561922771384,1.584109188893,1.597421055956,1.601858413965),
  .UNSPECIFIED.);
#469 = CARTESIAN_POINT('',(2.312631089371,8.179348228586,0.));
#470 = CARTESIAN_POINT('',(2.27084812186,8.144005119969,0.));
#471 = CARTESIAN_POINT('',(2.190710545347,8.073828137718,0.));
#472 = CARTESIAN_POINT('',(2.077558220455,7.967405639332,0.));
#473 = CARTESIAN_POINT('',(1.974492445064,7.863346195509,0.));
#474 = CARTESIAN_POINT('',(1.881199506799,7.762222973511,0.));
#475 = CARTESIAN_POINT('',(1.797332658673,7.664590333299,0.));
#476 = CARTESIAN_POINT('',(1.722519728475,7.570981279995,0.));
#477 = CARTESIAN_POINT('',(1.65636258124,7.481906596536,0.));
#478 = CARTESIAN_POINT('',(1.598438628535,7.397853628503,0.));
#479 = CARTESIAN_POINT('',(1.548301914214,7.319285214708,0.));
#480 = CARTESIAN_POINT('',(1.50548432077,7.246638656432,0.));
#481 = CARTESIAN_POINT('',(1.469496928652,7.180324721152,0.));
#482 = CARTESIAN_POINT('',(1.439830993338,7.120726785779,0.));
#483 = CARTESIAN_POINT('',(1.41596030256,7.068199778504,0.));
#484 = CARTESIAN_POINT('',(1.397339531572,7.023069965026,0.));
#485 = CARTESIAN_POINT('',(1.383414479514,6.985632496896,0.));
#486 = CARTESIAN_POINT('',(1.373599457035,6.956155405297,0.));
#487 = CARTESIAN_POINT('',(1.36734068554,6.934866967005,0.));
#488 = CARTESIAN_POINT('',(1.363981092007,6.921981678776,0.));
#489 = CARTESIAN_POINT('',(1.362699571203,6.916205708804,0.));
#490 = CARTESIAN_POINT('',(1.3623930314,6.914758505596,0.));
#491 = ORIENTED_EDGE('',*,*,#492,.T.);
#492 = EDGE_CURVE('',#466,#493,#495,.T.);
#493 = VERTEX_POINT('',#494);
#494 = CARTESIAN_POINT('',(1.208190317827,6.132110253078,0.));
#495 = B_SPLINE_CURVE_WITH_KNOTS('',1,(#496,#497),.UNSPECIFIED.,.F.,.F.,
  (2,2),(0.,0.797694655894),.PIECEWISE_BEZIER_KNOTS.);
#496 = CARTESIAN_POINT('',(1.3623930314,6.914758505596,0.));
#497 = CARTESIAN_POINT('',(1.208190317827,6.132110253078,0.));
#498 = ORIENTED_EDGE('',*,*,#499,.T.);
#499 = EDGE_CURVE('',#493,#500,#502,.T.);
#500 = VERTEX_POINT('',#501);
#501 = CARTESIAN_POINT('',(9.314895038661E-02,6.249305823293,0.));
#502 = B_SPLINE_CURVE_WITH_KNOTS('',1,(#503,#504),.UNSPECIFIED.,.F.,.F.,
  (2,2),(0.,1.121183327017),.PIECEWISE_BEZIER_KNOTS.);
#503 = CARTESIAN_POINT('',(1.208190317827,6.132110253078,0.));
#504 = CARTESIAN_POINT('',(9.314895038661E-02,6.249305823293,0.));
#505 = ORIENTED_EDGE('',*,*,#506,.T.);
#506 = EDGE_CURVE('',#500,#507,#509,.T.);
#507 = VERTEX_POINT('',#508);
#508 = CARTESIAN_POINT('',(0.105037657575,7.046911880619,0.));
#509 = B_SPLINE_CURVE_WITH_KNOTS('',1,(#510,#511),.UNSPECIFIED.,.F.,.F.,
  (2,2),(0.,0.797694655894),.PIECEWISE_BEZIER_KNOTS.);
#510 = CARTESIAN_POINT('',(9.314895038661E-02,6.249305823293,0.));
#511 = CARTESIAN_POINT('',(0.105037657575,7.046911880619,0.));
#512 = ORIENTED_EDGE('',*,*,#513,.T.);
#513 = EDGE_CURVE('',#507,#514,#516,.T.);
#514 = VERTEX_POINT('',#515);
#515 = CARTESIAN_POINT('',(-0.561512431458,8.481432885387,0.));
#516 = B_SPLINE_CURVE_WITH_KNOTS('',3,(#517,#518,#519,#520,#521,#522,
    #523,#524,#525,#526,#527,#528,#529,#530,#531,#532,#533,#534,#535,
    #536,#537,#538),.UNSPECIFIED.,.F.,.F.,(4,1,1,1,1,1,1,1,1,1,1,1,1,1,1
    ,1,1,1,1,4),(0.,4.43735800818E-03,1.774922507116E-02,
    3.993564258102E-02,7.099661645099E-02,0.110932148652,0.15974224008,
    0.217426891218,0.283986102355,0.359419873678,0.443728205316,
    0.53691109736,0.638968549877,0.74990056292,0.869707136527,
    0.998388270731,1.135943965558,1.282374221028,1.437679037159,
    1.601858413965),.UNSPECIFIED.);
#517 = CARTESIAN_POINT('',(0.105037657575,7.046911880619,0.));
#518 = CARTESIAN_POINT('',(0.105038706867,7.048391192174,0.));
#519 = CARTESIAN_POINT('',(0.104986082051,7.054307386501,0.));
#520 = CARTESIAN_POINT('',(0.10437890576,7.067609599039,0.));
#521 = CARTESIAN_POINT('',(0.102683018638,7.089734105642,0.));
#522 = CARTESIAN_POINT('',(9.92111099036E-02,7.120607709984,0.));
#523 = CARTESIAN_POINT('',(9.337404094262E-02,7.160122260732,0.));
#524 = CARTESIAN_POINT('',(8.454319430344E-02,7.208137355487,0.));
#525 = CARTESIAN_POINT('',(7.211511428651E-02,7.264479517308,0.));
#526 = CARTESIAN_POINT('',(5.548855834878E-02,7.328942989572,0.));
#527 = CARTESIAN_POINT('',(3.407501950043E-02,7.401290005805,0.));
#528 = CARTESIAN_POINT('',(7.297161967388E-03,7.481251340733,0.));
#529 = CARTESIAN_POINT('',(-2.540865309731E-02,7.568526855227,0.));
#530 = CARTESIAN_POINT('',(-6.45912337584E-02,7.662786131189,0.));
#531 = CARTESIAN_POINT('',(-0.110783020551,7.763669163442,0.));
#532 = CARTESIAN_POINT('',(-0.16449869218,7.87078711715,0.));
#533 = CARTESIAN_POINT('',(-0.22623388115,7.983723148124,0.));
#534 = CARTESIAN_POINT('',(-0.296463444813,8.102033277637,0.));
#535 = CARTESIAN_POINT('',(-0.375641810819,8.225247352573,0.));
#536 = CARTESIAN_POINT('',(-0.464195004349,8.352869955221,0.));
#537 = CARTESIAN_POINT('',(-0.527990767507,8.438174941067,0.));
#538 = CARTESIAN_POINT('',(-0.561512431458,8.481432885387,0.));
#539 = ORIENTED_EDGE('',*,*,#540,.T.);
#540 = EDGE_CURVE('',#514,#541,#543,.T.);
#541 = VERTEX_POINT('',#542);
#542 = CARTESIAN_POINT('',(-1.214147014146,8.412838226665,0.));
#543 = B_SPLINE_CURVE_WITH_KNOTS('',1,(#544,#545),.UNSPECIFIED.,.F.,.F.,
  (2,2),(0.,0.656229476422),.PIECEWISE_BEZIER_KNOTS.);
#544 = CARTESIAN_POINT('',(-0.561512431458,8.481432885387,0.));
#545 = CARTESIAN_POINT('',(-1.214147014146,8.412838226665,0.));
#546 = ORIENTED_EDGE('',*,*,#547,.T.);
#547 = EDGE_CURVE('',#541,#548,#550,.T.);
#548 = VERTEX_POINT('',#549);
#549 = CARTESIAN_POINT('',(-1.567877696887,6.871081391624,0.));
#550 = B_SPLINE_CURVE_WITH_KNOTS('',3,(#551,#552,#553,#554,#555,#556,
    #557,#558,#559,#560,#561,#562,#563,#564,#565,#566,#567,#568,#569,
    #570,#571,#572),.UNSPECIFIED.,.F.,.F.,(4,1,1,1,1,1,1,1,1,1,1,1,1,1,1
    ,1,1,1,1,4),(0.,0.164179376806,0.319484192936,0.465914448406,
    0.603470143233,0.732151277438,0.851957851045,0.962889864087,
    1.064947316605,1.158130208649,1.242438540286,1.317872311609,
    1.384431522746,1.442116173884,1.490926265312,1.530861797514,
    1.561922771384,1.584109188893,1.597421055956,1.601858413965),
  .UNSPECIFIED.);
#551 = CARTESIAN_POINT('',(-1.214147014146,8.412838226665,0.));
#552 = CARTESIAN_POINT('',(-1.237942316967,8.363556026386,0.));
#553 = CARTESIAN_POINT('',(-1.282608085795,8.266851274165,0.));
#554 = CARTESIAN_POINT('',(-1.34269194848,8.123606287391,0.));
#555 = CARTESIAN_POINT('',(-1.394522430566,7.986622627662,0.));
#556 = CARTESIAN_POINT('',(-1.438619250696,7.856296311011,0.));
#557 = CARTESIAN_POINT('',(-1.475524656514,7.732992735756,0.));
#558 = CARTESIAN_POINT('',(-1.505795436967,7.617047450228,0.));
#559 = CARTESIAN_POINT('',(-1.530003060581,7.508765141781,0.));
#560 = CARTESIAN_POINT('',(-1.548731802405,7.408419140556,0.));
#561 = CARTESIAN_POINT('',(-1.562577317155,7.316250884142,0.));
#562 = CARTESIAN_POINT('',(-1.572145117909,7.232469466594,0.));
#563 = CARTESIAN_POINT('',(-1.578048929086,7.157251281177,0.));
#564 = CARTESIAN_POINT('',(-1.58090944537,7.09073963509,0.));
#565 = CARTESIAN_POINT('',(-1.581351747892,7.033044741554,0.));
#566 = CARTESIAN_POINT('',(-1.580006719809,6.984242855564,0.));
#567 = CARTESIAN_POINT('',(-1.577500697751,6.94437819768,0.));
#568 = CARTESIAN_POINT('',(-1.574477753669,6.913457405251,0.));
#569 = CARTESIAN_POINT('',(-1.571536638012,6.891463777441,0.));
#570 = CARTESIAN_POINT('',(-1.569364860544,6.878326011113,0.));
#571 = CARTESIAN_POINT('',(-1.568186289416,6.872528158512,0.));
#572 = CARTESIAN_POINT('',(-1.567877696887,6.871081391624,0.));
#573 = ORIENTED_EDGE('',*,*,#574,.T.);
#574 = EDGE_CURVE('',#548,#575,#577,.T.);
#575 = VERTEX_POINT('',#576);
#576 = CARTESIAN_POINT('',(-1.39041716249,6.093376741533,0.));
#577 = B_SPLINE_CURVE_WITH_KNOTS('',1,(#578,#579),.UNSPECIFIED.,.F.,.F.,
  (2,2),(0.,0.797694655894),.PIECEWISE_BEZIER_KNOTS.);
#578 = CARTESIAN_POINT('',(-1.567877696887,6.871081391624,0.));
#579 = CARTESIAN_POINT('',(-1.39041716249,6.093376741533,0.));
#580 = ORIENTED_EDGE('',*,*,#581,.T.);
#581 = EDGE_CURVE('',#575,#582,#584,.T.);
#582 = VERTEX_POINT('',#583);
#583 = CARTESIAN_POINT('',(-2.45672587161,5.746912039675,0.));
#584 = B_SPLINE_CURVE_WITH_KNOTS('',1,(#585,#586),.UNSPECIFIED.,.F.,.F.,
  (2,2),(0.,1.121183327017),.PIECEWISE_BEZIER_KNOTS.);
#585 = CARTESIAN_POINT('',(-1.39041716249,6.093376741533,0.));
#586 = CARTESIAN_POINT('',(-2.45672587161,5.746912039675,0.));
#587 = ORIENTED_EDGE('',*,*,#588,.T.);
#588 = EDGE_CURVE('',#582,#589,#591,.T.);
#589 = VERTEX_POINT('',#590);
#590 = CARTESIAN_POINT('',(-2.770280607415,6.480397003186,0.));
#591 = B_SPLINE_CURVE_WITH_KNOTS('',1,(#592,#593),.UNSPECIFIED.,.F.,.F.,
  (2,2),(0.,0.797694655894),.PIECEWISE_BEZIER_KNOTS.);
#592 = CARTESIAN_POINT('',(-2.45672587161,5.746912039675,0.));
#593 = CARTESIAN_POINT('',(-2.770280607415,6.480397003186,0.));
#594 = ORIENTED_EDGE('',*,*,#595,.T.);
#595 = EDGE_CURVE('',#589,#596,#598,.T.);
#596 = VERTEX_POINT('',#597);
#597 = CARTESIAN_POINT('',(-3.962676671443,7.519786805329,0.));
#598 = B_SPLINE_CURVE_WITH_KNOTS('',3,(#599,#600,#601,#602,#603,#604,
    #605,#606,#607,#608,#609,#610,#611,#612,#613,#614,#615,#616,#617,
    #618,#619,#620),.UNSPECIFIED.,.F.,.F.,(4,1,1,1,1,1,1,1,1,1,1,1,1,1,1
    ,1,1,1,1,4),(0.,4.43735800818E-03,1.774922507116E-02,
    3.993564258102E-02,7.099661645099E-02,0.110932148652,0.15974224008,
    0.217426891218,0.283986102355,0.359419873678,0.443728205316,
    0.53691109736,0.638968549877,0.74990056292,0.869707136527,
    0.998388270731,1.135943965558,1.282374221028,1.437679037159,
    1.601858413965),.UNSPECIFIED.);
#599 = CARTESIAN_POINT('',(-2.770280607415,6.480397003186,0.));
#600 = CARTESIAN_POINT('',(-2.770881339054,6.481748848323,0.));
#601 = CARTESIAN_POINT('',(-2.773335747237,6.487132156336,0.));
#602 = CARTESIAN_POINT('',(-2.779300927653,6.49903737133,0.));
#603 = CARTESIAN_POINT('',(-2.789849045175,6.518559334404,0.));
#604 = CARTESIAN_POINT('',(-2.805578217819,6.545351622909,0.));
#605 = CARTESIAN_POINT('',(-2.826982661377,6.57907581142,0.));
#606 = CARTESIAN_POINT('',(-2.85457953967,6.619347954215,0.));
#607 = CARTESIAN_POINT('',(-2.888849577479,6.665764124674,0.));
#608 = CARTESIAN_POINT('',(-2.930258348442,6.717891807397,0.));
#609 = CARTESIAN_POINT('',(-2.979246772108,6.775274424543,0.));
#610 = CARTESIAN_POINT('',(-3.036232767167,6.837431202972,0.));
#611 = CARTESIAN_POINT('',(-3.101609165746,6.903858699373,0.));
#612 = CARTESIAN_POINT('',(-3.175742935811,6.974031841443,0.));
#613 = CARTESIAN_POINT('',(-3.258974058698,7.047405185014,0.));
#614 = CARTESIAN_POINT('',(-3.351614563423,7.123414173097,0.));
#615 = CARTESIAN_POINT('',(-3.453947687004,7.201476407676,0.));
#616 = CARTESIAN_POINT('',(-3.5662266508,7.280993152116,0.));
#617 = CARTESIAN_POINT('',(-3.688675366628,7.361350067799,0.));
#618 = CARTESIAN_POINT('',(-3.821481523319,7.44192128807,0.));
#619 = CARTESIAN_POINT('',(-3.914458516549,7.493903195855,0.));
#620 = CARTESIAN_POINT('',(-3.962676671443,7.519786805329,0.));
#621 = ORIENTED_EDGE('',*,*,#622,.T.);
#622 = EDGE_CURVE('',#596,#623,#625,.T.);
#623 = VERTEX_POINT('',#624);
#624 = CARTESIAN_POINT('',(-4.530988068737,7.191672067118,0.));
#625 = B_SPLINE_CURVE_WITH_KNOTS('',1,(#626,#627),.UNSPECIFIED.,.F.,.F.,
  (2,2),(0.,0.656229476422),.PIECEWISE_BEZIER_KNOTS.);
#626 = CARTESIAN_POINT('',(-3.962676671443,7.519786805329,0.));
#627 = CARTESIAN_POINT('',(-4.530988068737,7.191672067118,0.));
#628 = ORIENTED_EDGE('',*,*,#629,.T.);
#629 = EDGE_CURVE('',#623,#630,#632,.T.);
#630 = VERTEX_POINT('',#631);
#631 = CARTESIAN_POINT('',(-4.22704812766,5.639331883226,0.));
#632 = B_SPLINE_CURVE_WITH_KNOTS('',3,(#633,#634,#635,#636,#637,#638,
    #639,#640,#641,#642,#643,#644,#645,#646,#647,#648,#649,#650,#651,
    #652,#653,#654),.UNSPECIFIED.,.F.,.F.,(4,1,1,1,1,1,1,1,1,1,1,1,1,1,1
    ,1,1,1,1,4),(0.,0.164179376806,0.319484192936,0.465914448406,
    0.603470143233,0.732151277438,0.851957851045,0.962889864087,
    1.064947316605,1.158130208649,1.242438540286,1.317872311609,
    1.384431522746,1.442116173884,1.490926265312,1.530861797514,
    1.561922771384,1.584109188893,1.597421055956,1.601858413965),
  .UNSPECIFIED.);
#633 = CARTESIAN_POINT('',(-4.530988068737,7.191672067118,0.));
#634 = CARTESIAN_POINT('',(-4.532681282837,7.136972115319,0.));
#635 = CARTESIAN_POINT('',(-4.534152126774,7.030460723322,0.));
#636 = CARTESIAN_POINT('',(-4.53077848155,6.875161607713,0.));
#637 = CARTESIAN_POINT('',(-4.522411709113,6.728939451304,0.));
#638 = CARTESIAN_POINT('',(-4.5096876703,6.591944644126,0.));
#639 = CARTESIAN_POINT('',(-4.493250353869,6.464290442167,0.));
#640 = CARTESIAN_POINT('',(-4.473744891635,6.346056917613,0.));
#641 = CARTESIAN_POINT('',(-4.451817273586,6.237289979023,0.));
#642 = CARTESIAN_POINT('',(-4.428112434922,6.138001679833,0.));
#643 = CARTESIAN_POINT('',(-4.403272734819,6.048170309656,0.));
#644 = CARTESIAN_POINT('',(-4.377936383211,5.967740601059,0.));
#645 = CARTESIAN_POINT('',(-4.35273579086,5.8966240731,0.));
#646 = CARTESIAN_POINT('',(-4.328296278863,5.834699184146,0.));
#647 = CARTESIAN_POINT('',(-4.305233715004,5.781812375585,0.));
#648 = CARTESIAN_POINT('',(-4.284155455425,5.737776706521,0.));
#649 = CARTESIAN_POINT('',(-4.265651673232,5.70237782039,0.));
#650 = CARTESIAN_POINT('',(-4.250313457083,5.675359813047,0.));
#651 = CARTESIAN_POINT('',(-4.23868099989,5.656463893774,0.));
#652 = CARTESIAN_POINT('',(-4.231353371475,5.645345288498,0.));
#653 = CARTESIAN_POINT('',(-4.227918494071,5.640528054655,0.));
#654 = CARTESIAN_POINT('',(-4.22704812766,5.639331883226,0.));
#655 = ORIENTED_EDGE('',*,*,#656,.T.);
#656 = EDGE_CURVE('',#630,#657,#659,.T.);
#657 = VERTEX_POINT('',#658);
#658 = CARTESIAN_POINT('',(-3.748608883868,5.001043034786,0.));
#659 = B_SPLINE_CURVE_WITH_KNOTS('',1,(#660,#661),.UNSPECIFIED.,.F.,.F.,
  (2,2),(0.,0.797694655894),.PIECEWISE_BEZIER_KNOTS.);
#660 = CARTESIAN_POINT('',(-4.22704812766,5.639331883226,0.));
#661 = CARTESIAN_POINT('',(-3.748608883868,5.001043034786,0.));
#662 = ORIENTED_EDGE('',*,*,#663,.T.);
#663 = EDGE_CURVE('',#657,#664,#666,.T.);
#664 = VERTEX_POINT('',#665);
#665 = CARTESIAN_POINT('',(-4.581810471752,4.25082495534,0.));
#666 = B_SPLINE_CURVE_WITH_KNOTS('',1,(#667,#668),.UNSPECIFIED.,.F.,.F.,
  (2,2),(0.,1.121183327017),.PIECEWISE_BEZIER_KNOTS.);
#667 = CARTESIAN_POINT('',(-3.748608883868,5.001043034786,0.));
#668 = CARTESIAN_POINT('',(-4.581810471752,4.25082495534,0.));
#669 = ORIENTED_EDGE('',*,*,#670,.T.);
#670 = EDGE_CURVE('',#664,#671,#673,.T.);
#671 = VERTEX_POINT('',#672);
#672 = CARTESIAN_POINT('',(-5.166592188174,4.793362611343,0.));
#673 = B_SPLINE_CURVE_WITH_KNOTS('',1,(#674,#675),.UNSPECIFIED.,.F.,.F.,
  (2,2),(0.,0.797694655894),.PIECEWISE_BEZIER_KNOTS.);
#674 = CARTESIAN_POINT('',(-4.581810471752,4.25082495534,0.));
#675 = CARTESIAN_POINT('',(-5.166592188174,4.793362611343,0.));
#676 = ORIENTED_EDGE('',*,*,#677,.T.);
#677 = EDGE_CURVE('',#671,#678,#680,.T.);
#678 = VERTEX_POINT('',#679);
#679 = CARTESIAN_POINT('',(-6.678658115148,5.257901271512,0.));
#680 = B_SPLINE_CURVE_WITH_KNOTS('',3,(#681,#682,#683,#684,#685,#686,
    #687,#688,#689,#690,#691,#692,#693,#694,#695,#696,#697,#698,#699,
    #700,#701,#702),.UNSPECIFIED.,.F.,.F.,(4,1,1,1,1,1,1,1,1,1,1,1,1,1,1
    ,1,1,1,1,4),(0.,4.43735800818E-03,1.774922507116E-02,
    3.993564258102E-02,7.099661645099E-02,0.110932148652,0.15974224008,
    0.217426891218,0.283986102355,0.359419873678,0.443728205316,
    0.53691109736,0.638968549877,0.74990056292,0.869707136527,
    0.998388270731,1.135943965558,1.282374221028,1.437679037159,
    1.601858413965),.UNSPECIFIED.);
#681 = CARTESIAN_POINT('',(-5.166592188174,4.793362611343,0.));
#682 = CARTESIAN_POINT('',(-5.167690828787,4.794353243757,0.));
#683 = CARTESIAN_POINT('',(-5.172122630863,4.798272842594,0.));
#684 = CARTESIAN_POINT('',(-5.182414381518,4.806722540217,0.));
#685 = CARTESIAN_POINT('',(-5.199990864094,4.820266434996,0.));
#686 = CARTESIAN_POINT('',(-5.225257583802,4.83834477758,0.));
#687 = CARTESIAN_POINT('',(-5.258528379214,4.860447385287,0.));
#688 = CARTESIAN_POINT('',(-5.300119538193,4.886013156771,0.));
#689 = CARTESIAN_POINT('',(-5.350305932924,4.914477558318,0.));
#690 = CARTESIAN_POINT('',(-5.409336966225,4.945256101592,0.));
#691 = CARTESIAN_POINT('',(-5.477429731211,4.977752343842,0.));
#692 = CARTESIAN_POINT('',(-5.55477046755,5.011357094105,0.));
#693 = CARTESIAN_POINT('',(-5.641513276402,5.04545065481,0.));
#694 = CARTESIAN_POINT('',(-5.737779833543,5.079404089222,0.));
#695 = CARTESIAN_POINT('',(-5.843658875246,5.11258082643,0.));
#696 = CARTESIAN_POINT('',(-5.959205828188,5.144338204329,0.));
#697 = CARTESIAN_POINT('',(-6.084442559645,5.174028972981,0.));
#698 = CARTESIAN_POINT('',(-6.219356870712,5.201003164849,0.));
#699 = CARTESIAN_POINT('',(-6.363903440983,5.224608480536,0.));
#700 = CARTESIAN_POINT('',(-6.517999169837,5.24419682248,0.));
#701 = CARTESIAN_POINT('',(-6.624080826341,5.253867508106,0.));
#702 = CARTESIAN_POINT('',(-6.678658115148,5.257901271512,0.));
#703 = ORIENTED_EDGE('',*,*,#704,.T.);
#704 = EDGE_CURVE('',#678,#705,#707,.T.);
#705 = VERTEX_POINT('',#706);
#706 = CARTESIAN_POINT('',(-7.064380123509,4.727000472876,0.));
#707 = B_SPLINE_CURVE_WITH_KNOTS('',1,(#708,#709),.UNSPECIFIED.,.F.,.F.,
  (2,2),(0.,0.656229476422),.PIECEWISE_BEZIER_KNOTS.);
#708 = CARTESIAN_POINT('',(-6.678658115148,5.257901271512,0.));
#709 = CARTESIAN_POINT('',(-7.064380123509,4.727000472876,0.));
#710 = ORIENTED_EDGE('',*,*,#711,.T.);
#711 = EDGE_CURVE('',#705,#712,#714,.T.);
#712 = VERTEX_POINT('',#713);
#713 = CARTESIAN_POINT('',(-6.155323535634,3.432490660496,0.));
#714 = B_SPLINE_CURVE_WITH_KNOTS('',3,(#715,#716,#717,#718,#719,#720,
    #721,#722,#723,#724,#725,#726,#727,#728,#729,#730,#731,#732,#733,
    #734,#735,#736),.UNSPECIFIED.,.F.,.F.,(4,1,1,1,1,1,1,1,1,1,1,1,1,1,1
    ,1,1,1,1,4),(0.,0.164179376806,0.319484192936,0.465914448406,
    0.603470143233,0.732151277438,0.851957851045,0.962889864087,
    1.064947316605,1.158130208649,1.242438540286,1.317872311609,
    1.384431522746,1.442116173884,1.490926265312,1.530861797514,
    1.561922771384,1.584109188893,1.597421055956,1.601858413965),
  .UNSPECIFIED.);
#715 = CARTESIAN_POINT('',(-7.064380123509,4.727000472876,0.));
#716 = CARTESIAN_POINT('',(-7.043678476788,4.676340888158,0.));
#717 = CARTESIAN_POINT('',(-7.001700073555,4.578439643687,0.));
#718 = CARTESIAN_POINT('',(-6.93545225433,4.437939027179,0.));
#719 = CARTESIAN_POINT('',(-6.868334918334,4.307761513319,0.));
#720 = CARTESIAN_POINT('',(-6.800990122483,4.187785862335,0.));
#721 = CARTESIAN_POINT('',(-6.734052245142,4.077853604892,0.));
#722 = CARTESIAN_POINT('',(-6.668143211843,3.977775491826,0.));
#723 = CARTESIAN_POINT('',(-6.603871836497,3.887330714891,0.));
#724 = CARTESIAN_POINT('',(-6.541832199302,3.806267966672,0.));
#725 = CARTESIAN_POINT('',(-6.482602294155,3.734306142727,0.));
#726 = CARTESIAN_POINT('',(-6.426742675553,3.67113517038,0.));
#727 = CARTESIAN_POINT('',(-6.374795091032,3.616416993637,0.));
#728 = CARTESIAN_POINT('',(-6.327281364404,3.569786237685,0.));
#729 = CARTESIAN_POINT('',(-6.284701660971,3.53085212376,0.));
#730 = CARTESIAN_POINT('',(-6.247534792467,3.499196838855,0.));
#731 = CARTESIAN_POINT('',(-6.216232722182,3.474384513478,0.));
#732 = CARTESIAN_POINT('',(-6.191231350882,3.455940950143,0.));
#733 = CARTESIAN_POINT('',(-6.172918909678,3.443410015512,0.));
#734 = CARTESIAN_POINT('',(-6.161702443839,3.43623307915,0.));
#735 = CARTESIAN_POINT('',(-6.156605181667,3.433229407559,0.));
#736 = CARTESIAN_POINT('',(-6.155323535634,3.432490660496,0.));
#737 = ORIENTED_EDGE('',*,*,#738,.T.);
#738 = EDGE_CURVE('',#712,#739,#741,.T.);
#739 = VERTEX_POINT('',#740);
#740 = CARTESIAN_POINT('',(-5.458632074183,3.043983554276,0.));
#741 = B_SPLINE_CURVE_WITH_KNOTS('',1,(#742,#743),.UNSPECIFIED.,.F.,.F.,
  (2,2),(0.,0.797694655894),.PIECEWISE_BEZIER_KNOTS.);
#742 = CARTESIAN_POINT('',(-6.155323535634,3.432490660496,0.));
#743 = CARTESIAN_POINT('',(-5.458632074183,3.043983554276,0.));
#744 = ORIENTED_EDGE('',*,*,#745,.T.);
#745 = EDGE_CURVE('',#739,#746,#748,.T.);
#746 = VERTEX_POINT('',#747);
#747 = CARTESIAN_POINT('',(-5.914658416886,2.019731618695,0.));
#748 = B_SPLINE_CURVE_WITH_KNOTS('',1,(#749,#750),.UNSPECIFIED.,.F.,.F.,
  (2,2),(0.,1.121183327017),.PIECEWISE_BEZIER_KNOTS.);
#749 = CARTESIAN_POINT('',(-5.458632074183,3.043983554276,0.));
#750 = CARTESIAN_POINT('',(-5.914658416886,2.019731618695,0.));
#751 = ORIENTED_EDGE('',*,*,#752,.T.);
#752 = EDGE_CURVE('',#746,#753,#755,.T.);
#753 = VERTEX_POINT('',#754);
#754 = CARTESIAN_POINT('',(-6.669553042581,2.277512277667,0.));
#755 = B_SPLINE_CURVE_WITH_KNOTS('',1,(#756,#757),.UNSPECIFIED.,.F.,.F.,
  (2,2),(0.,0.797694655894),.PIECEWISE_BEZIER_KNOTS.);
#756 = CARTESIAN_POINT('',(-5.914658416886,2.019731618695,0.));
#757 = CARTESIAN_POINT('',(-6.669553042581,2.277512277667,0.));
#758 = ORIENTED_EDGE('',*,*,#759,.T.);
#759 = EDGE_CURVE('',#753,#760,#762,.T.);
#760 = VERTEX_POINT('',#761);
#761 = CARTESIAN_POINT('',(-8.23983889704,2.086876841316,0.));
#762 = B_SPLINE_CURVE_WITH_KNOTS('',3,(#763,#764,#765,#766,#767,#768,
    #769,#770,#771,#772,#773,#774,#775,#776,#777,#778,#779,#780,#781,
    #782,#783,#784),.UNSPECIFIED.,.F.,.F.,(4,1,1,1,1,1,1,1,1,1,1,1,1,1,1
    ,1,1,1,1,4),(0.,4.43735800818E-03,1.774922507116E-02,
    3.993564258102E-02,7.099661645099E-02,0.110932148652,0.15974224008,
    0.217426891218,0.283986102355,0.359419873678,0.443728205316,
    0.53691109736,0.638968549877,0.74990056292,0.869707136527,
    0.998388270731,1.135943965558,1.282374221028,1.437679037159,
    1.601858413965),.UNSPECIFIED.);
#763 = CARTESIAN_POINT('',(-6.669553042581,2.277512277667,0.));
#764 = CARTESIAN_POINT('',(-6.670959627225,2.277970408014,0.));
#765 = CARTESIAN_POINT('',(-6.676602524354,2.279748563428,0.));
#766 = CARTESIAN_POINT('',(-6.689441308062,2.283281714197,0.));
#767 = CARTESIAN_POINT('',(-6.711007022178,2.288505678231,0.));
#768 = CARTESIAN_POINT('',(-6.741442443571,2.294744165225,0.));
#769 = CARTESIAN_POINT('',(-6.780826768054,2.30140345046,0.));
#770 = CARTESIAN_POINT('',(-6.829220718488,2.307842296485,0.));
#771 = CARTESIAN_POINT('',(-6.886645786562,2.313433175502,0.));
#772 = CARTESIAN_POINT('',(-6.953092080265,2.31754068958,0.));
#773 = CARTESIAN_POINT('',(-7.028515328901,2.31953166143,0.));
#774 = CARTESIAN_POINT('',(-7.112837890588,2.318773816917,0.));
#775 = CARTESIAN_POINT('',(-7.20594849003,2.31463835555,0.));
#776 = CARTESIAN_POINT('',(-7.307702471962,2.306501225037,0.));
#777 = CARTESIAN_POINT('',(-7.41792198429,2.293744796618,0.));
#778 = CARTESIAN_POINT('',(-7.536396267574,2.275759425187,0.));
#779 = CARTESIAN_POINT('',(-7.662882038299,2.251944924281,0.));
#780 = CARTESIAN_POINT('',(-7.797103786594,2.221712480749,0.));
#781 = CARTESIAN_POINT('',(-7.938754796145,2.184484622911,0.));
#782 = CARTESIAN_POINT('',(-8.087495545727,2.13970308425,0.));
#783 = CARTESIAN_POINT('',(-8.188339383373,2.105390398318,0.));
#784 = CARTESIAN_POINT('',(-8.23983889704,2.086876841316,0.));
#785 = ORIENTED_EDGE('',*,*,#786,.T.);
#786 = EDGE_CURVE('',#760,#787,#789,.T.);
#787 = VERTEX_POINT('',#788);
#788 = CARTESIAN_POINT('',(-8.376276677048,1.444987553423,0.));
#789 = B_SPLINE_CURVE_WITH_KNOTS('',1,(#790,#791),.UNSPECIFIED.,.F.,.F.,
  (2,2),(0.,0.656229476422),.PIECEWISE_BEZIER_KNOTS.);
#790 = CARTESIAN_POINT('',(-8.23983889704,2.086876841316,0.));
#791 = CARTESIAN_POINT('',(-8.376276677048,1.444987553423,0.));
#792 = ORIENTED_EDGE('',*,*,#793,.T.);
#793 = EDGE_CURVE('',#787,#794,#796,.T.);
#794 = VERTEX_POINT('',#795);
#795 = CARTESIAN_POINT('',(-7.019287584938,0.632140619367,0.));
#796 = B_SPLINE_CURVE_WITH_KNOTS('',3,(#797,#798,#799,#800,#801,#802,
    #803,#804,#805,#806,#807,#808,#809,#810,#811,#812,#813,#814,#815,
    #816,#817,#818),.UNSPECIFIED.,.F.,.F.,(4,1,1,1,1,1,1,1,1,1,1,1,1,1,1
    ,1,1,1,1,4),(0.,0.164179376806,0.319484192936,0.465914448406,
    0.603470143233,0.732151277438,0.851957851045,0.962889864087,
    1.064947316605,1.158130208649,1.242438540286,1.317872311609,
    1.384431522746,1.442116173884,1.490926265312,1.530861797514,
    1.561922771384,1.584109188893,1.597421055956,1.601858413965),
  .UNSPECIFIED.);
#797 = CARTESIAN_POINT('',(-8.376276677048,1.444987553423,0.));
#798 = CARTESIAN_POINT('',(-8.336759672292,1.407127838211,0.));
#799 = CARTESIAN_POINT('',(-8.25859046917,1.334764755839,0.));
#800 = CARTESIAN_POINT('',(-8.14092332573,1.233356471436,0.));
#801 = CARTESIAN_POINT('',(-8.026660623311,1.141732474897,0.));
#802 = CARTESIAN_POINT('',(-7.916339597432,1.059520860105,0.));
#803 = CARTESIAN_POINT('',(-7.810475326286,0.986318833195,0.));
#804 = CARTESIAN_POINT('',(-7.709558992544,0.921700546546,0.));
#805 = CARTESIAN_POINT('',(-7.614056964586,0.865216654863,0.));
#806 = CARTESIAN_POINT('',(-7.524409745744,0.816395943214,0.));
#807 = CARTESIAN_POINT('',(-7.441031024239,0.774746518615,0.));
#808 = CARTESIAN_POINT('',(-7.364306774167,0.739757117527,0.));
#809 = CARTESIAN_POINT('',(-7.294594406768,0.710898561856,0.));
#810 = CARTESIAN_POINT('',(-7.232222020492,0.687624820239,0.));
#811 = CARTESIAN_POINT('',(-7.177487595034,0.669375462952,0.));
#812 = CARTESIAN_POINT('',(-7.13065860682,0.655574048546,0.));
#813 = CARTESIAN_POINT('',(-7.091970660765,0.645638560394,0.));
#814 = CARTESIAN_POINT('',(-7.061629098542,0.638958500721,0.));
#815 = CARTESIAN_POINT('',(-7.039803060776,0.634959263171,0.));
#816 = CARTESIAN_POINT('',(-7.026637186355,0.63296495322,0.));
#817 = CARTESIAN_POINT('',(-7.02075890235,0.632294205986,0.));
#818 = CARTESIAN_POINT('',(-7.019287584938,0.632140619367,0.));
#819 = ORIENTED_EDGE('',*,*,#820,.T.);
#820 = EDGE_CURVE('',#794,#821,#823,.T.);
#821 = VERTEX_POINT('',#822);
#822 = CARTESIAN_POINT('',(-6.224808188756,0.560591663508,0.));
#823 = B_SPLINE_CURVE_WITH_KNOTS('',1,(#824,#825),.UNSPECIFIED.,.F.,.F.,
  (2,2),(0.,0.797694655894),.PIECEWISE_BEZIER_KNOTS.);
#824 = CARTESIAN_POINT('',(-7.019287584938,0.632140619367,0.));
#825 = CARTESIAN_POINT('',(-6.224808188756,0.560591663508,0.));
#826 = ORIENTED_EDGE('',*,*,#827,.T.);
#827 = EDGE_CURVE('',#821,#828,#830,.T.);
#828 = VERTEX_POINT('',#829);
#829 = CARTESIAN_POINT('',(-6.224808188756,-0.560591663508,0.));
#830 = B_SPLINE_CURVE_WITH_KNOTS('',1,(#831,#832),.UNSPECIFIED.,.F.,.F.,
  (2,2),(0.,1.121183327017),.PIECEWISE_BEZIER_KNOTS.);
#831 = CARTESIAN_POINT('',(-6.224808188756,0.560591663508,0.));
#832 = CARTESIAN_POINT('',(-6.224808188756,-0.560591663508,0.));
#833 = ORIENTED_EDGE('',*,*,#834,.T.);
#834 = EDGE_CURVE('',#828,#835,#837,.T.);
#835 = VERTEX_POINT('',#836);
#836 = CARTESIAN_POINT('',(-7.019287584938,-0.632140619367,0.));
#837 = B_SPLINE_CURVE_WITH_KNOTS('',1,(#838,#839),.UNSPECIFIED.,.F.,.F.,
  (2,2),(0.,0.797694655894),.PIECEWISE_BEZIER_KNOTS.);
#838 = CARTESIAN_POINT('',(-6.224808188756,-0.560591663508,0.));
#839 = CARTESIAN_POINT('',(-7.019287584938,-0.632140619367,0.));
#840 = ORIENTED_EDGE('',*,*,#841,.T.);
#841 = EDGE_CURVE('',#835,#842,#844,.T.);
#842 = VERTEX_POINT('',#843);
#843 = CARTESIAN_POINT('',(-8.376276677048,-1.444987553423,0.));
#844 = B_SPLINE_CURVE_WITH_KNOTS('',3,(#845,#846,#847,#848,#849,#850,
    #851,#852,#853,#854,#855,#856,#857,#858,#859,#860,#861,#862,#863,
    #864,#865,#866),.UNSPECIFIED.,.F.,.F.,(4,1,1,1,1,1,1,1,1,1,1,1,1,1,1
    ,1,1,1,1,4),(0.,4.43735800818E-03,1.774922507116E-02,
    3.993564258102E-02,7.099661645099E-02,0.110932148652,0.15974224008,
    0.217426891218,0.283986102355,0.359419873678,0.443728205316,
    0.53691109736,0.638968549877,0.74990056292,0.869707136527,
    0.998388270731,1.135943965558,1.282374221028,1.437679037159,
    1.601858413965),.UNSPECIFIED.);
#845 = CARTESIAN_POINT('',(-7.019287584938,-0.632140619367,0.));
#846 = CARTESIAN_POINT('',(-7.02075890235,-0.632294205986,0.));
#847 = CARTESIAN_POINT('',(-7.026637186355,-0.63296495322,0.));
#848 = CARTESIAN_POINT('',(-7.039803060776,-0.634959263171,0.));
#849 = CARTESIAN_POINT('',(-7.061629098542,-0.638958500721,0.));
#850 = CARTESIAN_POINT('',(-7.091970660765,-0.645638560394,0.));
#851 = CARTESIAN_POINT('',(-7.13065860682,-0.655574048546,0.));
#852 = CARTESIAN_POINT('',(-7.177487595034,-0.669375462952,0.));
#853 = CARTESIAN_POINT('',(-7.232222020492,-0.687624820239,0.));
#854 = CARTESIAN_POINT('',(-7.294594406768,-0.710898561856,0.));
#855 = CARTESIAN_POINT('',(-7.364306774167,-0.739757117527,0.));
#856 = CARTESIAN_POINT('',(-7.441031024239,-0.774746518615,0.));
#857 = CARTESIAN_POINT('',(-7.524409745744,-0.816395943214,0.));
#858 = CARTESIAN_POINT('',(-7.614056964586,-0.865216654863,0.));
#859 = CARTESIAN_POINT('',(-7.709558992544,-0.921700546546,0.));
#860 = CARTESIAN_POINT('',(-7.810475326286,-0.986318833195,0.));
#861 = CARTESIAN_POINT('',(-7.916339597432,-1.059520860105,0.));
#862 = CARTESIAN_POINT('',(-8.026660623311,-1.141732474897,0.));
#863 = CARTESIAN_POINT('',(-8.14092332573,-1.233356471436,0.));
#864 = CARTESIAN_POINT('',(-8.25859046917,-1.334764755839,0.));
#865 = CARTESIAN_POINT('',(-8.336759672292,-1.407127838211,0.));
#866 = CARTESIAN_POINT('',(-8.376276677048,-1.444987553423,0.));
#867 = ORIENTED_EDGE('',*,*,#868,.T.);
#868 = EDGE_CURVE('',#842,#869,#871,.T.);
#869 = VERTEX_POINT('',#870);
#870 = CARTESIAN_POINT('',(-8.23983889704,-2.086876841316,0.));
#871 = B_SPLINE_CURVE_WITH_KNOTS('',1,(#872,#873),.UNSPECIFIED.,.F.,.F.,
  (2,2),(0.,0.656229476422),.PIECEWISE_BEZIER_KNOTS.);
#872 = CARTESIAN_POINT('',(-8.376276677048,-1.444987553423,0.));
#873 = CARTESIAN_POINT('',(-8.23983889704,-2.086876841316,0.));
#874 = ORIENTED_EDGE('',*,*,#875,.T.);
#875 = EDGE_CURVE('',#869,#876,#878,.T.);
#876 = VERTEX_POINT('',#877);
#877 = CARTESIAN_POINT('',(-6.669553042581,-2.277512277667,0.));
#878 = B_SPLINE_CURVE_WITH_KNOTS('',3,(#879,#880,#881,#882,#883,#884,
    #885,#886,#887,#888,#889,#890,#891,#892,#893,#894,#895,#896,#897,
    #898,#899,#900),.UNSPECIFIED.,.F.,.F.,(4,1,1,1,1,1,1,1,1,1,1,1,1,1,1
    ,1,1,1,1,4),(0.,0.164179376806,0.319484192936,0.465914448406,
    0.603470143233,0.732151277438,0.851957851045,0.962889864087,
    1.064947316605,1.158130208649,1.242438540286,1.317872311609,
    1.384431522746,1.442116173884,1.490926265312,1.530861797514,
    1.561922771384,1.584109188893,1.597421055956,1.601858413965),
  .UNSPECIFIED.);
#879 = CARTESIAN_POINT('',(-8.23983889704,-2.086876841316,0.));
#880 = CARTESIAN_POINT('',(-8.188339383373,-2.105390398318,0.));
#881 = CARTESIAN_POINT('',(-8.087495545727,-2.13970308425,0.));
#882 = CARTESIAN_POINT('',(-7.938754796145,-2.184484622911,0.));
#883 = CARTESIAN_POINT('',(-7.797103786594,-2.221712480749,0.));
#884 = CARTESIAN_POINT('',(-7.662882038299,-2.251944924281,0.));
#885 = CARTESIAN_POINT('',(-7.536396267574,-2.275759425187,0.));
#886 = CARTESIAN_POINT('',(-7.41792198429,-2.293744796618,0.));
#887 = CARTESIAN_POINT('',(-7.307702471962,-2.306501225037,0.));
#888 = CARTESIAN_POINT('',(-7.20594849003,-2.31463835555,0.));
#889 = CARTESIAN_POINT('',(-7.112837890588,-2.318773816917,0.));
#890 = CARTESIAN_POINT('',(-7.028515328901,-2.31953166143,0.));
#891 = CARTESIAN_POINT('',(-6.953092080265,-2.31754068958,0.));
#892 = CARTESIAN_POINT('',(-6.886645786562,-2.313433175502,0.));
#893 = CARTESIAN_POINT('',(-6.829220718488,-2.307842296485,0.));
#894 = CARTESIAN_POINT('',(-6.780826768054,-2.30140345046,0.));
#895 = CARTESIAN_POINT('',(-6.741442443571,-2.294744165225,0.));
#896 = CARTESIAN_POINT('',(-6.711007022178,-2.288505678231,0.));
#897 = CARTESIAN_POINT('',(-6.689441308062,-2.283281714197,0.));
#898 = CARTESIAN_POINT('',(-6.676602524354,-2.279748563428,0.));
#899 = CARTESIAN_POINT('',(-6.670959627225,-2.277970408014,0.));
#900 = CARTESIAN_POINT('',(-6.669553042581,-2.277512277667,0.));
#901 = ORIENTED_EDGE('',*,*,#902,.T.);
#902 = EDGE_CURVE('',#876,#903,#905,.T.);
#903 = VERTEX_POINT('',#904);
#904 = CARTESIAN_POINT('',(-5.914658416886,-2.019731618695,0.));
#905 = B_SPLINE_CURVE_WITH_KNOTS('',1,(#906,#907),.UNSPECIFIED.,.F.,.F.,
  (2,2),(0.,0.797694655894),.PIECEWISE_BEZIER_KNOTS.);
#906 = CARTESIAN_POINT('',(-6.669553042581,-2.277512277667,0.));
#907 = CARTESIAN_POINT('',(-5.914658416886,-2.019731618695,0.));
#908 = ORIENTED_EDGE('',*,*,#909,.T.);
#909 = EDGE_CURVE('',#903,#910,#912,.T.);
#910 = VERTEX_POINT('',#911);
#911 = CARTESIAN_POINT('',(-5.458632074183,-3.043983554276,0.));
#912 = B_SPLINE_CURVE_WITH_KNOTS('',1,(#913,#914),.UNSPECIFIED.,.F.,.F.,
  (2,2),(0.,1.121183327017),.PIECEWISE_BEZIER_KNOTS.);
#913 = CARTESIAN_POINT('',(-5.914658416886,-2.019731618695,0.));
#914 = CARTESIAN_POINT('',(-5.458632074183,-3.043983554276,0.));
#915 = ORIENTED_EDGE('',*,*,#916,.T.);
#916 = EDGE_CURVE('',#910,#917,#919,.T.);
#917 = VERTEX_POINT('',#918);
#918 = CARTESIAN_POINT('',(-6.155323535634,-3.432490660496,0.));
#919 = B_SPLINE_CURVE_WITH_KNOTS('',1,(#920,#921),.UNSPECIFIED.,.F.,.F.,
  (2,2),(0.,0.797694655894),.PIECEWISE_BEZIER_KNOTS.);
#920 = CARTESIAN_POINT('',(-5.458632074183,-3.043983554276,0.));
#921 = CARTESIAN_POINT('',(-6.155323535634,-3.432490660496,0.));
#922 = ORIENTED_EDGE('',*,*,#923,.T.);
#923 = EDGE_CURVE('',#917,#924,#926,.T.);
#924 = VERTEX_POINT('',#925);
#925 = CARTESIAN_POINT('',(-7.064380123509,-4.727000472876,0.));
#926 = B_SPLINE_CURVE_WITH_KNOTS('',3,(#927,#928,#929,#930,#931,#932,
    #933,#934,#935,#936,#937,#938,#939,#940,#941,#942,#943,#944,#945,
    #946,#947,#948),.UNSPECIFIED.,.F.,.F.,(4,1,1,1,1,1,1,1,1,1,1,1,1,1,1
    ,1,1,1,1,4),(0.,4.43735800818E-03,1.774922507116E-02,
    3.993564258102E-02,7.099661645099E-02,0.110932148652,0.15974224008,
    0.217426891218,0.283986102355,0.359419873678,0.443728205316,
    0.53691109736,0.638968549877,0.74990056292,0.869707136527,
    0.998388270731,1.135943965558,1.282374221028,1.437679037159,
    1.601858413965),.UNSPECIFIED.);
#927 = CARTESIAN_POINT('',(-6.155323535634,-3.432490660496,0.));
#928 = CARTESIAN_POINT('',(-6.156605181667,-3.433229407559,0.));
#929 = CARTESIAN_POINT('',(-6.161702443839,-3.43623307915,0.));
#930 = CARTESIAN_POINT('',(-6.172918909678,-3.443410015512,0.));
#931 = CARTESIAN_POINT('',(-6.191231350882,-3.455940950143,0.));
#932 = CARTESIAN_POINT('',(-6.216232722182,-3.474384513478,0.));
#933 = CARTESIAN_POINT('',(-6.247534792467,-3.499196838855,0.));
#934 = CARTESIAN_POINT('',(-6.284701660971,-3.53085212376,0.));
#935 = CARTESIAN_POINT('',(-6.327281364404,-3.569786237685,0.));
#936 = CARTESIAN_POINT('',(-6.374795091032,-3.616416993637,0.));
#937 = CARTESIAN_POINT('',(-6.426742675553,-3.67113517038,0.));
#938 = CARTESIAN_POINT('',(-6.482602294155,-3.734306142727,0.));
#939 = CARTESIAN_POINT('',(-6.541832199302,-3.806267966672,0.));
#940 = CARTESIAN_POINT('',(-6.603871836497,-3.887330714891,0.));
#941 = CARTESIAN_POINT('',(-6.668143211843,-3.977775491826,0.));
#942 = CARTESIAN_POINT('',(-6.734052245142,-4.077853604892,0.));
#943 = CARTESIAN_POINT('',(-6.800990122483,-4.187785862335,0.));
#944 = CARTESIAN_POINT('',(-6.868334918334,-4.307761513319,0.));
#945 = CARTESIAN_POINT('',(-6.93545225433,-4.437939027179,0.));
#946 = CARTESIAN_POINT('',(-7.001700073555,-4.578439643687,0.));
#947 = CARTESIAN_POINT('',(-7.043678476788,-4.676340888158,0.));
#948 = CARTESIAN_POINT('',(-7.064380123509,-4.727000472876,0.));
#949 = ORIENTED_EDGE('',*,*,#950,.T.);
#950 = EDGE_CURVE('',#924,#951,#953,.T.);
#951 = VERTEX_POINT('',#952);
#952 = CARTESIAN_POINT('',(-6.678658115148,-5.257901271512,0.));
#953 = B_SPLINE_CURVE_WITH_KNOTS('',1,(#954,#955),.UNSPECIFIED.,.F.,.F.,
  (2,2),(0.,0.656229476422),.PIECEWISE_BEZIER_KNOTS.);
#954 = CARTESIAN_POINT('',(-7.064380123509,-4.727000472876,0.));
#955 = CARTESIAN_POINT('',(-6.678658115148,-5.257901271512,0.));
#956 = ORIENTED_EDGE('',*,*,#957,.T.);
#957 = EDGE_CURVE('',#951,#958,#960,.T.);
#958 = VERTEX_POINT('',#959);
#959 = CARTESIAN_POINT('',(-5.166592188174,-4.793362611343,0.));
#960 = B_SPLINE_CURVE_WITH_KNOTS('',3,(#961,#962,#963,#964,#965,#966,
    #967,#968,#969,#970,#971,#972,#973,#974,#975,#976,#977,#978,#979,
    #980,#981,#982),.UNSPECIFIED.,.F.,.F.,(4,1,1,1,1,1,1,1,1,1,1,1,1,1,1
    ,1,1,1,1,4),(0.,0.164179376806,0.319484192936,0.465914448406,
    0.603470143233,0.732151277438,0.851957851045,0.962889864087,
    1.064947316605,1.158130208649,1.242438540286,1.317872311609,
    1.384431522746,1.442116173884,1.490926265312,1.530861797514,
    1.561922771384,1.584109188893,1.597421055956,1.601858413965),
  .UNSPECIFIED.);
#961 = CARTESIAN_POINT('',(-6.678658115148,-5.257901271512,0.));
#962 = CARTESIAN_POINT('',(-6.624080826341,-5.253867508106,0.));
#963 = CARTESIAN_POINT('',(-6.517999169837,-5.24419682248,0.));
#964 = CARTESIAN_POINT('',(-6.363903440983,-5.224608480536,0.));
#965 = CARTESIAN_POINT('',(-6.219356870712,-5.201003164849,0.));
#966 = CARTESIAN_POINT('',(-6.084442559645,-5.174028972981,0.));
#967 = CARTESIAN_POINT('',(-5.959205828188,-5.144338204329,0.));
#968 = CARTESIAN_POINT('',(-5.843658875246,-5.11258082643,0.));
#969 = CARTESIAN_POINT('',(-5.737779833543,-5.079404089222,0.));
#970 = CARTESIAN_POINT('',(-5.641513276402,-5.04545065481,0.));
#971 = CARTESIAN_POINT('',(-5.55477046755,-5.011357094105,0.));
#972 = CARTESIAN_POINT('',(-5.477429731211,-4.977752343842,0.));
#973 = CARTESIAN_POINT('',(-5.409336966225,-4.945256101592,0.));
#974 = CARTESIAN_POINT('',(-5.350305932924,-4.914477558318,0.));
#975 = CARTESIAN_POINT('',(-5.300119538193,-4.886013156771,0.));
#976 = CARTESIAN_POINT('',(-5.258528379214,-4.860447385287,0.));
#977 = CARTESIAN_POINT('',(-5.225257583802,-4.83834477758,0.));
#978 = CARTESIAN_POINT('',(-5.199990864094,-4.820266434996,0.));
#979 = CARTESIAN_POINT('',(-5.182414381518,-4.806722540217,0.));
#980 = CARTESIAN_POINT('',(-5.172122630863,-4.798272842594,0.));
#981 = CARTESIAN_POINT('',(-5.167690828787,-4.794353243757,0.));
#982 = CARTESIAN_POINT('',(-5.166592188174,-4.793362611343,0.));
#983 = ORIENTED_EDGE('',*,*,#984,.T.);
#984 = EDGE_CURVE('',#958,#985,#987,.T.);
#985 = VERTEX_POINT('',#986);
#986 = CARTESIAN_POINT('',(-4.581810471752,-4.25082495534,0.));
#987 = B_SPLINE_CURVE_WITH_KNOTS('',1,(#988,#989),.UNSPECIFIED.,.F.,.F.,
  (2,2),(0.,0.797694655894),.PIECEWISE_BEZIER_KNOTS.);
#988 = CARTESIAN_POINT('',(-5.166592188174,-4.793362611343,0.));
#989 = CARTESIAN_POINT('',(-4.581810471752,-4.25082495534,0.));
#990 = ORIENTED_EDGE('',*,*,#991,.T.);
#991 = EDGE_CURVE('',#985,#992,#994,.T.);
#992 = VERTEX_POINT('',#993);
#993 = CARTESIAN_POINT('',(-3.748608883868,-5.001043034786,0.));
#994 = B_SPLINE_CURVE_WITH_KNOTS('',1,(#995,#996),.UNSPECIFIED.,.F.,.F.,
  (2,2),(0.,1.121183327017),.PIECEWISE_BEZIER_KNOTS.);
#995 = CARTESIAN_POINT('',(-4.581810471752,-4.25082495534,0.));
#996 = CARTESIAN_POINT('',(-3.748608883868,-5.001043034786,0.));
#997 = ORIENTED_EDGE('',*,*,#998,.T.);
#998 = EDGE_CURVE('',#992,#999,#1001,.T.);
#999 = VERTEX_POINT('',#1000);
#1000 = CARTESIAN_POINT('',(-4.22704812766,-5.639331883226,0.));
#1001 = B_SPLINE_CURVE_WITH_KNOTS('',1,(#1002,#1003),.UNSPECIFIED.,.F.,
  .F.,(2,2),(0.,0.797694655894),.PIECEWISE_BEZIER_KNOTS.);
#1002 = CARTESIAN_POINT('',(-3.748608883868,-5.001043034786,0.));
#1003 = CARTESIAN_POINT('',(-4.22704812766,-5.639331883226,0.));
#1004 = ORIENTED_EDGE('',*,*,#1005,.T.);
#1005 = EDGE_CURVE('',#999,#1006,#1008,.T.);
#1006 = VERTEX_POINT('',#1007);
#1007 = CARTESIAN_POINT('',(-4.530988068737,-7.191672067118,0.));
#1008 = B_SPLINE_CURVE_WITH_KNOTS('',3,(#1009,#1010,#1011,#1012,#1013,
    #1014,#1015,#1016,#1017,#1018,#1019,#1020,#1021,#1022,#1023,#1024,
    #1025,#1026,#1027,#1028,#1029,#1030),.UNSPECIFIED.,.F.,.F.,(4,1,1,1,
    1,1,1,1,1,1,1,1,1,1,1,1,1,1,1,4),(0.,4.43735800818E-03,
    1.774922507116E-02,3.993564258102E-02,7.099661645099E-02,
    0.110932148652,0.15974224008,0.217426891218,0.283986102355,
    0.359419873678,0.443728205316,0.53691109736,0.638968549877,
    0.74990056292,0.869707136527,0.998388270731,1.135943965558,
    1.282374221028,1.437679037159,1.601858413965),.UNSPECIFIED.);
#1009 = CARTESIAN_POINT('',(-4.22704812766,-5.639331883226,0.));
#1010 = CARTESIAN_POINT('',(-4.227918494071,-5.640528054655,0.));
#1011 = CARTESIAN_POINT('',(-4.231353371475,-5.645345288498,0.));
#1012 = CARTESIAN_POINT('',(-4.23868099989,-5.656463893774,0.));
#1013 = CARTESIAN_POINT('',(-4.250313457083,-5.675359813047,0.));
#1014 = CARTESIAN_POINT('',(-4.265651673232,-5.70237782039,0.));
#1015 = CARTESIAN_POINT('',(-4.284155455425,-5.737776706521,0.));
#1016 = CARTESIAN_POINT('',(-4.305233715004,-5.781812375585,0.));
#1017 = CARTESIAN_POINT('',(-4.328296278863,-5.834699184146,0.));
#1018 = CARTESIAN_POINT('',(-4.35273579086,-5.8966240731,0.));
#1019 = CARTESIAN_POINT('',(-4.377936383211,-5.967740601059,0.));
#1020 = CARTESIAN_POINT('',(-4.403272734819,-6.048170309656,0.));
#1021 = CARTESIAN_POINT('',(-4.428112434922,-6.138001679833,0.));
#1022 = CARTESIAN_POINT('',(-4.451817273586,-6.237289979023,0.));
#1023 = CARTESIAN_POINT('',(-4.473744891635,-6.346056917613,0.));
#1024 = CARTESIAN_POINT('',(-4.493250353869,-6.464290442167,0.));
#1025 = CARTESIAN_POINT('',(-4.5096876703,-6.591944644126,0.));
#1026 = CARTESIAN_POINT('',(-4.522411709113,-6.728939451304,0.));
#1027 = CARTESIAN_POINT('',(-4.53077848155,-6.875161607713,0.));
#1028 = CARTESIAN_POINT('',(-4.534152126774,-7.030460723322,0.));
#1029 = CARTESIAN_POINT('',(-4.532681282837,-7.136972115319,0.));
#1030 = CARTESIAN_POINT('',(-4.530988068737,-7.191672067118,0.));
#1031 = ORIENTED_EDGE('',*,*,#1032,.T.);
#1032 = EDGE_CURVE('',#1006,#1033,#1035,.T.);
#1033 = VERTEX_POINT('',#1034);
#1034 = CARTESIAN_POINT('',(-3.962676671443,-7.519786805329,0.));
#1035 = B_SPLINE_CURVE_WITH_KNOTS('',1,(#1036,#1037),.UNSPECIFIED.,.F.,
  .F.,(2,2),(0.,0.656229476422),.PIECEWISE_BEZIER_KNOTS.);
#1036 = CARTESIAN_POINT('',(-4.530988068737,-7.191672067118,0.));
#1037 = CARTESIAN_POINT('',(-3.962676671443,-7.519786805329,0.));
#1038 = ORIENTED_EDGE('',*,*,#1039,.T.);
#1039 = EDGE_CURVE('',#1033,#1040,#1042,.T.);
#1040 = VERTEX_POINT('',#1041);
#1041 = CARTESIAN_POINT('',(-2.770280607415,-6.480397003186,0.));
#1042 = B_SPLINE_CURVE_WITH_KNOTS('',3,(#1043,#1044,#1045,#1046,#1047,
    #1048,#1049,#1050,#1051,#1052,#1053,#1054,#1055,#1056,#1057,#1058,
    #1059,#1060,#1061,#1062,#1063,#1064),.UNSPECIFIED.,.F.,.F.,(4,1,1,1,
    1,1,1,1,1,1,1,1,1,1,1,1,1,1,1,4),(0.,0.164179376806,0.319484192936,
    0.465914448406,0.603470143233,0.732151277438,0.851957851045,
    0.962889864087,1.064947316605,1.158130208649,1.242438540286,
    1.317872311609,1.384431522746,1.442116173884,1.490926265312,
    1.530861797514,1.561922771384,1.584109188893,1.597421055956,
    1.601858413965),.UNSPECIFIED.);
#1043 = CARTESIAN_POINT('',(-3.962676671443,-7.519786805329,0.));
#1044 = CARTESIAN_POINT('',(-3.914458516549,-7.493903195855,0.));
#1045 = CARTESIAN_POINT('',(-3.821481523319,-7.44192128807,0.));
#1046 = CARTESIAN_POINT('',(-3.688675366628,-7.361350067799,0.));
#1047 = CARTESIAN_POINT('',(-3.5662266508,-7.280993152116,0.));
#1048 = CARTESIAN_POINT('',(-3.453947687004,-7.201476407676,0.));
#1049 = CARTESIAN_POINT('',(-3.351614563423,-7.123414173097,0.));
#1050 = CARTESIAN_POINT('',(-3.258974058698,-7.047405185014,0.));
#1051 = CARTESIAN_POINT('',(-3.175742935811,-6.974031841443,0.));
#1052 = CARTESIAN_POINT('',(-3.101609165746,-6.903858699373,0.));
#1053 = CARTESIAN_POINT('',(-3.036232767167,-6.837431202972,0.));
#1054 = CARTESIAN_POINT('',(-2.979246772108,-6.775274424543,0.));
#1055 = CARTESIAN_POINT('',(-2.930258348442,-6.717891807397,0.));
#1056 = CARTESIAN_POINT('',(-2.888849577479,-6.665764124674,0.));
#1057 = CARTESIAN_POINT('',(-2.85457953967,-6.619347954215,0.));
#1058 = CARTESIAN_POINT('',(-2.826982661377,-6.57907581142,0.));
#1059 = CARTESIAN_POINT('',(-2.805578217819,-6.545351622909,0.));
#1060 = CARTESIAN_POINT('',(-2.789849045175,-6.518559334404,0.));
#1061 = CARTESIAN_POINT('',(-2.779300927653,-6.49903737133,0.));
#1062 = CARTESIAN_POINT('',(-2.773335747237,-6.487132156336,0.));
#1063 = CARTESIAN_POINT('',(-2.770881339054,-6.481748848323,0.));
#1064 = CARTESIAN_POINT('',(-2.770280607415,-6.480397003186,0.));
#1065 = ORIENTED_EDGE('',*,*,#1066,.T.);
#1066 = EDGE_CURVE('',#1040,#1067,#1069,.T.);
#1067 = VERTEX_POINT('',#1068);
#1068 = CARTESIAN_POINT('',(-2.45672587161,-5.746912039675,0.));
#1069 = B_SPLINE_CURVE_WITH_KNOTS('',1,(#1070,#1071),.UNSPECIFIED.,.F.,
  .F.,(2,2),(0.,0.797694655894),.PIECEWISE_BEZIER_KNOTS.);
#1070 = CARTESIAN_POINT('',(-2.770280607415,-6.480397003186,0.));
#1071 = CARTESIAN_POINT('',(-2.45672587161,-5.746912039675,0.));
#1072 = ORIENTED_EDGE('',*,*,#1073,.T.);
#1073 = EDGE_CURVE('',#1067,#1074,#1076,.T.);
#1074 = VERTEX_POINT('',#1075);
#1075 = CARTESIAN_POINT('',(-1.39041716249,-6.093376741533,0.));
#1076 = B_SPLINE_CURVE_WITH_KNOTS('',1,(#1077,#1078),.UNSPECIFIED.,.F.,
  .F.,(2,2),(0.,1.121183327017),.PIECEWISE_BEZIER_KNOTS.);
#1077 = CARTESIAN_POINT('',(-2.45672587161,-5.746912039675,0.));
#1078 = CARTESIAN_POINT('',(-1.39041716249,-6.093376741533,0.));
#1079 = ORIENTED_EDGE('',*,*,#1080,.T.);
#1080 = EDGE_CURVE('',#1074,#1081,#1083,.T.);
#1081 = VERTEX_POINT('',#1082);
#1082 = CARTESIAN_POINT('',(-1.567877696887,-6.871081391624,0.));
#1083 = B_SPLINE_CURVE_WITH_KNOTS('',1,(#1084,#1085),.UNSPECIFIED.,.F.,
  .F.,(2,2),(0.,0.797694655894),.PIECEWISE_BEZIER_KNOTS.);
#1084 = CARTESIAN_POINT('',(-1.39041716249,-6.093376741533,0.));
#1085 = CARTESIAN_POINT('',(-1.567877696887,-6.871081391624,0.));
#1086 = ORIENTED_EDGE('',*,*,#1087,.T.);
#1087 = EDGE_CURVE('',#1081,#1088,#1090,.T.);
#1088 = VERTEX_POINT('',#1089);
#1089 = CARTESIAN_POINT('',(-1.214147014146,-8.412838226665,0.));
#1090 = B_SPLINE_CURVE_WITH_KNOTS('',3,(#1091,#1092,#1093,#1094,#1095,
    #1096,#1097,#1098,#1099,#1100,#1101,#1102,#1103,#1104,#1105,#1106,
    #1107,#1108,#1109,#1110,#1111,#1112),.UNSPECIFIED.,.F.,.F.,(4,1,1,1,
    1,1,1,1,1,1,1,1,1,1,1,1,1,1,1,4),(0.,4.43735800818E-03,
    1.774922507116E-02,3.993564258102E-02,7.099661645099E-02,
    0.110932148652,0.15974224008,0.217426891218,0.283986102355,
    0.359419873678,0.443728205316,0.53691109736,0.638968549877,
    0.74990056292,0.869707136527,0.998388270731,1.135943965558,
    1.282374221028,1.437679037159,1.601858413965),.UNSPECIFIED.);
#1091 = CARTESIAN_POINT('',(-1.567877696887,-6.871081391624,0.));
#1092 = CARTESIAN_POINT('',(-1.568186289416,-6.872528158512,0.));
#1093 = CARTESIAN_POINT('',(-1.569364860544,-6.878326011113,0.));
#1094 = CARTESIAN_POINT('',(-1.571536638012,-6.891463777441,0.));
#1095 = CARTESIAN_POINT('',(-1.574477753669,-6.913457405251,0.));
#1096 = CARTESIAN_POINT('',(-1.577500697751,-6.94437819768,0.));
#1097 = CARTESIAN_POINT('',(-1.580006719809,-6.984242855564,0.));
#1098 = CARTESIAN_POINT('',(-1.581351747892,-7.033044741554,0.));
#1099 = CARTESIAN_POINT('',(-1.58090944537,-7.09073963509,0.));
#1100 = CARTESIAN_POINT('',(-1.578048929086,-7.157251281177,0.));
#1101 = CARTESIAN_POINT('',(-1.572145117909,-7.232469466594,0.));
#1102 = CARTESIAN_POINT('',(-1.562577317155,-7.316250884142,0.));
#1103 = CARTESIAN_POINT('',(-1.548731802405,-7.408419140556,0.));
#1104 = CARTESIAN_POINT('',(-1.530003060581,-7.508765141781,0.));
#1105 = CARTESIAN_POINT('',(-1.505795436967,-7.617047450228,0.));
#1106 = CARTESIAN_POINT('',(-1.475524656514,-7.732992735756,0.));
#1107 = CARTESIAN_POINT('',(-1.438619250696,-7.856296311011,0.));
#1108 = CARTESIAN_POINT('',(-1.394522430566,-7.986622627662,0.));
#1109 = CARTESIAN_POINT('',(-1.34269194848,-8.123606287391,0.));
#1110 = CARTESIAN_POINT('',(-1.282608085795,-8.266851274165,0.));
#1111 = CARTESIAN_POINT('',(-1.237942316967,-8.363556026386,0.));
#1112 = CARTESIAN_POINT('',(-1.214147014146,-8.412838226665,0.));
#1113 = ORIENTED_EDGE('',*,*,#1114,.T.);
#1114 = EDGE_CURVE('',#1088,#1115,#1117,.T.);
#1115 = VERTEX_POINT('',#1116);
#1116 = CARTESIAN_POINT('',(-0.561512431458,-8.481432885387,0.));
#1117 = B_SPLINE_CURVE_WITH_KNOTS('',1,(#1118,#1119),.UNSPECIFIED.,.F.,
  .F.,(2,2),(0.,0.656229476422),.PIECEWISE_BEZIER_KNOTS.);
#1118 = CARTESIAN_POINT('',(-1.214147014146,-8.412838226665,0.));
#1119 = CARTESIAN_POINT('',(-0.561512431458,-8.481432885387,0.));
#1120 = ORIENTED_EDGE('',*,*,#1121,.T.);
#1121 = EDGE_CURVE('',#1115,#1122,#1124,.T.);
#1122 = VERTEX_POINT('',#1123);
#1123 = CARTESIAN_POINT('',(0.105037657575,-7.046911880619,0.));
#1124 = B_SPLINE_CURVE_WITH_KNOTS('',3,(#1125,#1126,#1127,#1128,#1129,
    #1130,#1131,#1132,#1133,#1134,#1135,#1136,#1137,#1138,#1139,#1140,
    #1141,#1142,#1143,#1144,#1145,#1146),.UNSPECIFIED.,.F.,.F.,(4,1,1,1,
    1,1,1,1,1,1,1,1,1,1,1,1,1,1,1,4),(0.,0.164179376806,0.319484192936,
    0.465914448406,0.603470143233,0.732151277438,0.851957851045,
    0.962889864087,1.064947316605,1.158130208649,1.242438540286,
    1.317872311609,1.384431522746,1.442116173884,1.490926265312,
    1.530861797514,1.561922771384,1.584109188893,1.597421055956,
    1.601858413965),.UNSPECIFIED.);
#1125 = CARTESIAN_POINT('',(-0.561512431458,-8.481432885387,0.));
#1126 = CARTESIAN_POINT('',(-0.527990767507,-8.438174941067,0.));
#1127 = CARTESIAN_POINT('',(-0.464195004349,-8.352869955221,0.));
#1128 = CARTESIAN_POINT('',(-0.375641810819,-8.225247352573,0.));
#1129 = CARTESIAN_POINT('',(-0.296463444813,-8.102033277637,0.));
#1130 = CARTESIAN_POINT('',(-0.22623388115,-7.983723148124,0.));
#1131 = CARTESIAN_POINT('',(-0.16449869218,-7.87078711715,0.));
#1132 = CARTESIAN_POINT('',(-0.110783020551,-7.763669163442,0.));
#1133 = CARTESIAN_POINT('',(-6.45912337584E-02,-7.662786131189,0.));
#1134 = CARTESIAN_POINT('',(-2.540865309732E-02,-7.568526855227,0.));
#1135 = CARTESIAN_POINT('',(7.297161967383E-03,-7.481251340733,0.));
#1136 = CARTESIAN_POINT('',(3.407501950042E-02,-7.401290005805,0.));
#1137 = CARTESIAN_POINT('',(5.548855834877E-02,-7.328942989572,0.));
#1138 = CARTESIAN_POINT('',(7.211511428651E-02,-7.264479517308,0.));
#1139 = CARTESIAN_POINT('',(8.454319430343E-02,-7.208137355487,0.));
#1140 = CARTESIAN_POINT('',(9.337404094262E-02,-7.160122260732,0.));
#1141 = CARTESIAN_POINT('',(9.921110990359E-02,-7.120607709984,0.));
#1142 = CARTESIAN_POINT('',(0.102683018638,-7.089734105642,0.));
#1143 = CARTESIAN_POINT('',(0.10437890576,-7.067609599039,0.));
#1144 = CARTESIAN_POINT('',(0.104986082051,-7.054307386501,0.));
#1145 = CARTESIAN_POINT('',(0.105038706867,-7.048391192174,0.));
#1146 = CARTESIAN_POINT('',(0.105037657575,-7.046911880619,0.));
#1147 = ORIENTED_EDGE('',*,*,#1148,.T.);
#1148 = EDGE_CURVE('',#1122,#1149,#1151,.T.);
#1149 = VERTEX_POINT('',#1150);
#1150 = CARTESIAN_POINT('',(9.314895038661E-02,-6.249305823293,0.));
#1151 = B_SPLINE_CURVE_WITH_KNOTS('',1,(#1152,#1153),.UNSPECIFIED.,.F.,
  .F.,(2,2),(0.,0.797694655894),.PIECEWISE_BEZIER_KNOTS.);
#1152 = CARTESIAN_POINT('',(0.105037657575,-7.046911880619,0.));
#1153 = CARTESIAN_POINT('',(9.314895038661E-02,-6.249305823293,0.));
#1154 = ORIENTED_EDGE('',*,*,#1155,.T.);
#1155 = EDGE_CURVE('',#1149,#1156,#1158,.T.);
#1156 = VERTEX_POINT('',#1157);
#1157 = CARTESIAN_POINT('',(1.208190317827,-6.132110253078,0.));
#1158 = B_SPLINE_CURVE_WITH_KNOTS('',1,(#1159,#1160),.UNSPECIFIED.,.F.,
  .F.,(2,2),(0.,1.121183327017),.PIECEWISE_BEZIER_KNOTS.);
#1159 = CARTESIAN_POINT('',(9.314895038661E-02,-6.249305823293,0.));
#1160 = CARTESIAN_POINT('',(1.208190317827,-6.132110253078,0.));
#1161 = ORIENTED_EDGE('',*,*,#1162,.T.);
#1162 = EDGE_CURVE('',#1156,#1163,#1165,.T.);
#1163 = VERTEX_POINT('',#1164);
#1164 = CARTESIAN_POINT('',(1.3623930314,-6.914758505596,0.));
#1165 = B_SPLINE_CURVE_WITH_KNOTS('',1,(#1166,#1167),.UNSPECIFIED.,.F.,
  .F.,(2,2),(0.,0.797694655894),.PIECEWISE_BEZIER_KNOTS.);
#1166 = CARTESIAN_POINT('',(1.208190317827,-6.132110253078,0.));
#1167 = CARTESIAN_POINT('',(1.3623930314,-6.914758505596,0.));
#1168 = ORIENTED_EDGE('',*,*,#1169,.T.);
#1169 = EDGE_CURVE('',#1163,#1170,#1172,.T.);
#1170 = VERTEX_POINT('',#1171);
#1171 = CARTESIAN_POINT('',(2.312631089371,-8.179348228586,0.));
#1172 = B_SPLINE_CURVE_WITH_KNOTS('',3,(#1173,#1174,#1175,#1176,#1177,
    #1178,#1179,#1180,#1181,#1182,#1183,#1184,#1185,#1186,#1187,#1188,
    #1189,#1190,#1191,#1192,#1193,#1194),.UNSPECIFIED.,.F.,.F.,(4,1,1,1,
    1,1,1,1,1,1,1,1,1,1,1,1,1,1,1,4),(0.,4.43735800818E-03,
    1.774922507116E-02,3.993564258102E-02,7.099661645099E-02,
    0.110932148652,0.15974224008,0.217426891218,0.283986102355,
    0.359419873678,0.443728205316,0.53691109736,0.638968549877,
    0.74990056292,0.869707136527,0.998388270731,1.135943965558,
    1.282374221028,1.437679037159,1.601858413965),.UNSPECIFIED.);
#1173 = CARTESIAN_POINT('',(1.3623930314,-6.914758505596,0.));
#1174 = CARTESIAN_POINT('',(1.362699571203,-6.916205708804,0.));
#1175 = CARTESIAN_POINT('',(1.363981092007,-6.921981678776,0.));
#1176 = CARTESIAN_POINT('',(1.36734068554,-6.934866967005,0.));
#1177 = CARTESIAN_POINT('',(1.373599457035,-6.956155405297,0.));
#1178 = CARTESIAN_POINT('',(1.383414479514,-6.985632496896,0.));
#1179 = CARTESIAN_POINT('',(1.397339531572,-7.023069965026,0.));
#1180 = CARTESIAN_POINT('',(1.41596030256,-7.068199778504,0.));
#1181 = CARTESIAN_POINT('',(1.439830993338,-7.120726785779,0.));
#1182 = CARTESIAN_POINT('',(1.469496928652,-7.180324721152,0.));
#1183 = CARTESIAN_POINT('',(1.50548432077,-7.246638656432,0.));
#1184 = CARTESIAN_POINT('',(1.548301914214,-7.319285214708,0.));
#1185 = CARTESIAN_POINT('',(1.598438628535,-7.397853628503,0.));
#1186 = CARTESIAN_POINT('',(1.65636258124,-7.481906596536,0.));
#1187 = CARTESIAN_POINT('',(1.722519728475,-7.570981279995,0.));
#1188 = CARTESIAN_POINT('',(1.797332658673,-7.664590333299,0.));
#1189 = CARTESIAN_POINT('',(1.881199506799,-7.762222973511,0.));
#1190 = CARTESIAN_POINT('',(1.974492445064,-7.863346195509,0.));
#1191 = CARTESIAN_POINT('',(2.077558220455,-7.967405639332,0.));
#1192 = CARTESIAN_POINT('',(2.190710545347,-8.073828137718,0.));
#1193 = CARTESIAN_POINT('',(2.27084812186,-8.144005119969,0.));
#1194 = CARTESIAN_POINT('',(2.312631089371,-8.179348228586,0.));
#1195 = ORIENTED_EDGE('',*,*,#1196,.T.);
#1196 = EDGE_CURVE('',#1170,#1197,#1199,.T.);
#1197 = VERTEX_POINT('',#1198);
#1198 = CARTESIAN_POINT('',(2.936742409107,-7.976562168162,0.));
#1199 = B_SPLINE_CURVE_WITH_KNOTS('',1,(#1200,#1201),.UNSPECIFIED.,.F.,
  .F.,(2,2),(0.,0.656229476422),.PIECEWISE_BEZIER_KNOTS.);
#1200 = CARTESIAN_POINT('',(2.312631089371,-8.179348228586,0.));
#1201 = CARTESIAN_POINT('',(2.936742409107,-7.976562168162,0.));
#1202 = ORIENTED_EDGE('',*,*,#1203,.T.);
#1203 = EDGE_CURVE('',#1197,#1204,#1206,.T.);
#1204 = VERTEX_POINT('',#1205);
#1205 = CARTESIAN_POINT('',(2.962193957333,-6.394951674709,0.));
#1206 = B_SPLINE_CURVE_WITH_KNOTS('',3,(#1207,#1208,#1209,#1210,#1211,
    #1212,#1213,#1214,#1215,#1216,#1217,#1218,#1219,#1220,#1221,#1222,
    #1223,#1224,#1225,#1226,#1227,#1228),.UNSPECIFIED.,.F.,.F.,(4,1,1,1,
    1,1,1,1,1,1,1,1,1,1,1,1,1,1,1,4),(0.,0.164179376806,0.319484192936,
    0.465914448406,0.603470143233,0.732151277438,0.851957851045,
    0.962889864087,1.064947316605,1.158130208649,1.242438540286,
    1.317872311609,1.384431522746,1.442116173884,1.490926265312,
    1.530861797514,1.561922771384,1.584109188893,1.597421055956,
    1.601858413965),.UNSPECIFIED.);
#1207 = CARTESIAN_POINT('',(2.936742409107,-7.976562168162,0.));
#1208 = CARTESIAN_POINT('',(2.949771381883,-7.923409580556,0.));
#1209 = CARTESIAN_POINT('',(2.973355047952,-7.819531523673,0.));
#1210 = CARTESIAN_POINT('',(3.00234362668,-7.666924646061,0.));
#1211 = CARTESIAN_POINT('',(3.024560984069,-7.522158244792,0.));
#1212 = CARTESIAN_POINT('',(3.040597818025,-7.385511626414,0.));
#1213 = CARTESIAN_POINT('',(3.051060497365,-7.257229464792,0.));
#1214 = CARTESIAN_POINT('',(3.056563408281,-7.137524212791,0.));
#1215 = CARTESIAN_POINT('',(3.057728879404,-7.026575084625,0.));
#1216 = CARTESIAN_POINT('',(3.055185246502,-6.924527959904,0.));
#1217 = CARTESIAN_POINT('',(3.049565345505,-6.831495156647,0.));
#1218 = CARTESIAN_POINT('',(3.041504930675,-6.747555306454,0.));
#1219 = CARTESIAN_POINT('',(3.031640989303,-6.672753347493,0.));
#1220 = CARTESIAN_POINT('',(3.020610447647,-6.607100405674,0.));
#1221 = CARTESIAN_POINT('',(3.009047641931,-6.550574324123,0.));
#1222 = CARTESIAN_POINT('',(2.997585523307,-6.503118523494,0.));
#1223 = CARTESIAN_POINT('',(2.986845935419,-6.464646035313,0.));
#1224 = CARTESIAN_POINT('',(2.977460255682,-6.435029441801,0.));
#1225 = CARTESIAN_POINT('',(2.970010678114,-6.414127919857,0.));
#1226 = CARTESIAN_POINT('',(2.965154863984,-6.401728783169,0.));
#1227 = CARTESIAN_POINT('',(2.962796606125,-6.396302666274,0.));
#1228 = CARTESIAN_POINT('',(2.962193957333,-6.394951674709,0.));
#1229 = ORIENTED_EDGE('',*,*,#1230,.T.);
#1230 = EDGE_CURVE('',#1204,#1231,#1233,.T.);
#1231 = VERTEX_POINT('',#1232);
#1232 = CARTESIAN_POINT('',(2.62691747263,-5.671137856902,0.));
#1233 = B_SPLINE_CURVE_WITH_KNOTS('',1,(#1234,#1235),.UNSPECIFIED.,.F.,
  .F.,(2,2),(0.,0.797694655894),.PIECEWISE_BEZIER_KNOTS.);
#1234 = CARTESIAN_POINT('',(2.962193957333,-6.394951674709,0.));
#1235 = CARTESIAN_POINT('',(2.62691747263,-5.671137856902,0.));
#1236 = ORIENTED_EDGE('',*,*,#1237,.T.);
#1237 = EDGE_CURVE('',#1231,#1238,#1240,.T.);
#1238 = VERTEX_POINT('',#1239);
#1239 = CARTESIAN_POINT('',(3.597890716126,-5.110546193394,0.));
#1240 = B_SPLINE_CURVE_WITH_KNOTS('',1,(#1241,#1242),.UNSPECIFIED.,.F.,
  .F.,(2,2),(0.,1.121183327017),.PIECEWISE_BEZIER_KNOTS.);
#1241 = CARTESIAN_POINT('',(2.62691747263,-5.671137856902,0.));
#1242 = CARTESIAN_POINT('',(3.597890716126,-5.110546193394,0.));
#1243 = ORIENTED_EDGE('',*,*,#1244,.T.);
#1244 = EDGE_CURVE('',#1238,#1245,#1247,.T.);
#1245 = VERTEX_POINT('',#1246);
#1246 = CARTESIAN_POINT('',(4.057093627605,-5.762811055341,0.));
#1247 = B_SPLINE_CURVE_WITH_KNOTS('',1,(#1248,#1249),.UNSPECIFIED.,.F.,
  .F.,(2,2),(0.,0.797694655894),.PIECEWISE_BEZIER_KNOTS.);
#1248 = CARTESIAN_POINT('',(3.597890716126,-5.110546193394,0.));
#1249 = CARTESIAN_POINT('',(4.057093627605,-5.762811055341,0.));
#1250 = ORIENTED_EDGE('',*,*,#1251,.T.);
#1251 = EDGE_CURVE('',#1245,#1252,#1254,.T.);
#1252 = VERTEX_POINT('',#1253);
#1253 = CARTESIAN_POINT('',(5.439534267941,-6.531574614739,0.));
#1254 = B_SPLINE_CURVE_WITH_KNOTS('',3,(#1255,#1256,#1257,#1258,#1259,
    #1260,#1261,#1262,#1263,#1264,#1265,#1266,#1267,#1268,#1269,#1270,
    #1271,#1272,#1273,#1274,#1275,#1276),.UNSPECIFIED.,.F.,.F.,(4,1,1,1,
    1,1,1,1,1,1,1,1,1,1,1,1,1,1,1,4),(0.,4.43735800818E-03,
    1.774922507116E-02,3.993564258102E-02,7.099661645099E-02,
    0.110932148652,0.15974224008,0.217426891218,0.283986102355,
    0.359419873678,0.443728205316,0.53691109736,0.638968549877,
    0.74990056292,0.869707136527,0.998388270731,1.135943965558,
    1.282374221028,1.437679037159,1.601858413965),.UNSPECIFIED.);
#1255 = CARTESIAN_POINT('',(4.057093627605,-5.762811055341,0.));
#1256 = CARTESIAN_POINT('',(4.057962296225,-5.764008460288,0.));
#1257 = CARTESIAN_POINT('',(4.061482322371,-5.768763829949,0.));
#1258 = CARTESIAN_POINT('',(4.069792382662,-5.779168656686,0.));
#1259 = CARTESIAN_POINT('',(4.084168842859,-5.79607094108,0.));
#1260 = CARTESIAN_POINT('',(4.105124725346,-5.819007474919,0.));
#1261 = CARTESIAN_POINT('',(4.133073083513,-5.847544474947,0.));
#1262 = CARTESIAN_POINT('',(4.168439953103,-5.881198861171,0.));
#1263 = CARTESIAN_POINT('',(4.211611572845,-5.919475585436,0.));
#1264 = CARTESIAN_POINT('',(4.262953417465,-5.961854785637,0.));
#1265 = CARTESIAN_POINT('',(4.322801843492,-6.007798188927,0.));
#1266 = CARTESIAN_POINT('',(4.391465678734,-6.056748638032,0.));
#1267 = CARTESIAN_POINT('',(4.469224499242,-6.10813201669,0.));
#1268 = CARTESIAN_POINT('',(4.556328085182,-6.161358429762,0.));
#1269 = CARTESIAN_POINT('',(4.652995584263,-6.215823666245,0.));
#1270 = CARTESIAN_POINT('',(4.75941482892,-6.270910631598,0.));
#1271 = CARTESIAN_POINT('',(4.875741779407,-6.325990766308,0.));
#1272 = CARTESIAN_POINT('',(5.002099639242,-6.380425769895,0.));
#1273 = CARTESIAN_POINT('',(5.13857969905,-6.433568174626,0.));
#1274 = CARTESIAN_POINT('',(5.285235421218,-6.484766767834,0.));
#1275 = CARTESIAN_POINT('',(5.386988290409,-6.516281742345,0.));
#1276 = CARTESIAN_POINT('',(5.439534267941,-6.531574614739,0.));
#1277 = ORIENTED_EDGE('',*,*,#1278,.T.);
#1278 = EDGE_CURVE('',#1252,#1279,#1281,.T.);
#1279 = VERTEX_POINT('',#1280);
#1280 = CARTESIAN_POINT('',(5.92720780767,-6.09247138727,0.));
#1281 = B_SPLINE_CURVE_WITH_KNOTS('',1,(#1282,#1283),.UNSPECIFIED.,.F.,
  .F.,(2,2),(0.,0.656229476422),.PIECEWISE_BEZIER_KNOTS.);
#1282 = CARTESIAN_POINT('',(5.439534267941,-6.531574614739,0.));
#1283 = CARTESIAN_POINT('',(5.92720780767,-6.09247138727,0.));
#1284 = ORIENTED_EDGE('',*,*,#1285,.T.);
#1285 = EDGE_CURVE('',#1279,#1286,#1288,.T.);
#1286 = VERTEX_POINT('',#1287);
#1287 = CARTESIAN_POINT('',(5.307160011181,-4.637246227929,0.));
#1288 = B_SPLINE_CURVE_WITH_KNOTS('',3,(#1289,#1290,#1291,#1292,#1293,
    #1294,#1295,#1296,#1297,#1298,#1299,#1300,#1301,#1302,#1303,#1304,
    #1305,#1306,#1307,#1308,#1309,#1310),.UNSPECIFIED.,.F.,.F.,(4,1,1,1,
    1,1,1,1,1,1,1,1,1,1,1,1,1,1,1,4),(0.,0.164179376806,0.319484192936,
    0.465914448406,0.603470143233,0.732151277438,0.851957851045,
    0.962889864087,1.064947316605,1.158130208649,1.242438540286,
    1.317872311609,1.384431522746,1.442116173884,1.490926265312,
    1.530861797514,1.561922771384,1.584109188893,1.597421055956,
    1.601858413965),.UNSPECIFIED.);
#1289 = CARTESIAN_POINT('',(5.92720780767,-6.09247138727,0.));
#1290 = CARTESIAN_POINT('',(5.917491261513,-6.038614721651,0.));
#1291 = CARTESIAN_POINT('',(5.89678500038,-5.934125053468,0.));
#1292 = CARTESIAN_POINT('',(5.86119657569,-5.782921016422,0.));
#1293 = CARTESIAN_POINT('',(5.822611341531,-5.64163371476,0.));
#1294 = CARTESIAN_POINT('',(5.7816825315,-5.51027804923,0.));
#1295 = CARTESIAN_POINT('',(5.739063608901,-5.388830908111,0.));
#1296 = CARTESIAN_POINT('',(5.695402255815,-5.277236483377,0.));
#1297 = CARTESIAN_POINT('',(5.651339890723,-5.175405371499,0.));
#1298 = CARTESIAN_POINT('',(5.607509861495,-5.083215272953,0.));
#1299 = CARTESIAN_POINT('',(5.564535976374,-5.000511397791,0.));
#1300 = CARTESIAN_POINT('',(5.523031008131,-4.927106995002,0.));
#1301 = CARTESIAN_POINT('',(5.483595151613,-4.862784031572,0.));
#1302 = CARTESIAN_POINT('',(5.446814793224,-4.807293610277,0.));
#1303 = CARTESIAN_POINT('',(5.413260415928,-4.760357482019,0.));
#1304 = CARTESIAN_POINT('',(5.383487236482,-4.721666514566,0.));
#1305 = CARTESIAN_POINT('',(5.358027964057,-4.690888331671,0.));
#1306 = CARTESIAN_POINT('',(5.337407565142,-4.667649727066,0.));
#1307 = CARTESIAN_POINT('',(5.322100622522,-4.651585252808,0.));
#1308 = CARTESIAN_POINT('',(5.312621432347,-4.642233115348,0.));
#1309 = CARTESIAN_POINT('',(5.308260056022,-4.63823530079,0.));
#1310 = CARTESIAN_POINT('',(5.307160011181,-4.637246227929,0.));
#1311 = ORIENTED_EDGE('',*,*,#1312,.T.);
#1312 = EDGE_CURVE('',#1286,#1313,#1315,.T.);
#1313 = VERTEX_POINT('',#1314);
#1314 = CARTESIAN_POINT('',(4.70646809906,-4.112378634383,0.));
#1315 = B_SPLINE_CURVE_WITH_KNOTS('',1,(#1316,#1317),.UNSPECIFIED.,.F.,
  .F.,(2,2),(0.,0.797694655894),.PIECEWISE_BEZIER_KNOTS.);
#1316 = CARTESIAN_POINT('',(5.307160011181,-4.637246227929,0.));
#1317 = CARTESIAN_POINT('',(4.70646809906,-4.112378634383,0.));
#1318 = ORIENTED_EDGE('',*,*,#1319,.T.);
#1319 = EDGE_CURVE('',#1313,#1320,#1322,.T.);
#1320 = VERTEX_POINT('',#1321);
#1321 = CARTESIAN_POINT('',(5.365483123796,-3.205322269017,0.));
#1322 = B_SPLINE_CURVE_WITH_KNOTS('',1,(#1323,#1324),.UNSPECIFIED.,.F.,
  .F.,(2,2),(0.,1.121183327017),.PIECEWISE_BEZIER_KNOTS.);
#1323 = CARTESIAN_POINT('',(4.70646809906,-4.112378634383,0.));
#1324 = CARTESIAN_POINT('',(5.365483123796,-3.205322269017,0.));
#1325 = ORIENTED_EDGE('',*,*,#1326,.T.);
#1326 = EDGE_CURVE('',#1320,#1327,#1329,.T.);
#1327 = VERTEX_POINT('',#1328);
#1328 = CARTESIAN_POINT('',(6.050285878059,-3.614421220123,0.));
#1329 = B_SPLINE_CURVE_WITH_KNOTS('',1,(#1330,#1331),.UNSPECIFIED.,.F.,
  .F.,(2,2),(0.,0.797694655894),.PIECEWISE_BEZIER_KNOTS.);
#1330 = CARTESIAN_POINT('',(5.365483123796,-3.205322269017,0.));
#1331 = CARTESIAN_POINT('',(6.050285878059,-3.614421220123,0.));
#1332 = ORIENTED_EDGE('',*,*,#1333,.T.);
#1333 = EDGE_CURVE('',#1327,#1334,#1336,.T.);
#1334 = VERTEX_POINT('',#1335);
#1335 = CARTESIAN_POINT('',(7.625892554966,-3.75443241251,0.));
#1336 = B_SPLINE_CURVE_WITH_KNOTS('',3,(#1337,#1338,#1339,#1340,#1341,
    #1342,#1343,#1344,#1345,#1346,#1347,#1348,#1349,#1350,#1351,#1352,
    #1353,#1354,#1355,#1356,#1357,#1358),.UNSPECIFIED.,.F.,.F.,(4,1,1,1,
    1,1,1,1,1,1,1,1,1,1,1,1,1,1,1,4),(0.,4.43735800818E-03,
    1.774922507116E-02,3.993564258102E-02,7.099661645099E-02,
    0.110932148652,0.15974224008,0.217426891218,0.283986102355,
    0.359419873678,0.443728205316,0.53691109736,0.638968549877,
    0.74990056292,0.869707136527,0.998388270731,1.135943965558,
    1.282374221028,1.437679037159,1.601858413965),.UNSPECIFIED.);
#1337 = CARTESIAN_POINT('',(6.050285878059,-3.614421220123,0.));
#1338 = CARTESIAN_POINT('',(6.051566474799,-3.615161784615,0.));
#1339 = CARTESIAN_POINT('',(6.056716361788,-3.61807430735,0.));
#1340 = CARTESIAN_POINT('',(6.068540003919,-3.624199583527,0.));
#1341 = CARTESIAN_POINT('',(6.088548332244,-3.633793155499,0.));
#1342 = CARTESIAN_POINT('',(6.117021612278,-3.646223196506,0.));
#1343 = CARTESIAN_POINT('',(6.154160751525,-3.660925421876,0.));
#1344 = CARTESIAN_POINT('',(6.200158466667,-3.677285231727,0.));
#1345 = CARTESIAN_POINT('',(6.255166250117,-3.694693279623,0.));
#1346 = CARTESIAN_POINT('',(6.319306532683,-3.712525995935,0.));
#1347 = CARTESIAN_POINT('',(6.392667656052,-3.730154835424,0.));
#1348 = CARTESIAN_POINT('',(6.475305132188,-3.746945198006,0.));
#1349 = CARTESIAN_POINT('',(6.5672408524,-3.762258888555,0.));
#1350 = CARTESIAN_POINT('',(6.668463070256,-3.775455416298,0.));
#1351 = CARTESIAN_POINT('',(6.778926232394,-3.785893671616,0.));
#1352 = CARTESIAN_POINT('',(6.898550937321,-3.792933512258,0.));
#1353 = CARTESIAN_POINT('',(7.027224003632,-3.79593728579,0.));
#1354 = CARTESIAN_POINT('',(7.164798363146,-3.794271764317,0.));
#1355 = CARTESIAN_POINT('',(7.311094065148,-3.787308325394,0.));
#1356 = CARTESIAN_POINT('',(7.465895077904,-3.774430311535,0.));
#1357 = CARTESIAN_POINT('',(7.571669244295,-3.761834052909,0.));
#1358 = CARTESIAN_POINT('',(7.625892554966,-3.75443241251,0.));
#1359 = ORIENTED_EDGE('',*,*,#1360,.T.);
#1360 = EDGE_CURVE('',#1334,#1361,#1363,.T.);
#1361 = VERTEX_POINT('',#1362);
#1362 = CARTESIAN_POINT('',(7.892805129294,-3.154936955154,0.));
#1363 = B_SPLINE_CURVE_WITH_KNOTS('',1,(#1364,#1365),.UNSPECIFIED.,.F.,
  .F.,(2,2),(0.,0.656229476422),.PIECEWISE_BEZIER_KNOTS.);
#1364 = CARTESIAN_POINT('',(7.625892554966,-3.75443241251,0.));
#1365 = CARTESIAN_POINT('',(7.892805129294,-3.154936955154,0.));
#1366 = ORIENTED_EDGE('',*,*,#1367,.T.);
#1367 = EDGE_CURVE('',#1361,#1368,#1370,.T.);
#1368 = VERTEX_POINT('',#1369);
#1369 = CARTESIAN_POINT('',(6.734469885061,-2.077718780281,0.));
#1370 = B_SPLINE_CURVE_WITH_KNOTS('',3,(#1371,#1372,#1373,#1374,#1375,
    #1376,#1377,#1378,#1379,#1380,#1381,#1382,#1383,#1384,#1385,#1386,
    #1387,#1388,#1389,#1390,#1391,#1392),.UNSPECIFIED.,.F.,.F.,(4,1,1,1,
    1,1,1,1,1,1,1,1,1,1,1,1,1,1,1,4),(0.,0.164179376806,0.319484192936,
    0.465914448406,0.603470143233,0.732151277438,0.851957851045,
    0.962889864087,1.064947316605,1.158130208649,1.242438540286,
    1.317872311609,1.384431522746,1.442116173884,1.490926265312,
    1.530861797514,1.561922771384,1.584109188893,1.597421055956,
    1.601858413965),.UNSPECIFIED.);
#1371 = CARTESIAN_POINT('',(7.892805129294,-3.154936955154,0.));
#1372 = CARTESIAN_POINT('',(7.862023143308,-3.10968851828,0.));
#1373 = CARTESIAN_POINT('',(7.800607255632,-3.022654451685,0.));
#1374 = CARTESIAN_POINT('',(7.706595389463,-2.898997806855,0.));
#1375 = CARTESIAN_POINT('',(7.613879301278,-2.785619462813,0.));
#1376 = CARTESIAN_POINT('',(7.523061810341,-2.682267338029,0.));
#1377 = CARTESIAN_POINT('',(7.434730484702,-2.588654531426,0.));
#1378 = CARTESIAN_POINT('',(7.349454312213,-2.504466623798,0.));
#1379 = CARTESIAN_POINT('',(7.267782894124,-2.429361052559,0.));
#1380 = CARTESIAN_POINT('',(7.190245078807,-2.362968485747,0.));
#1381 = CARTESIAN_POINT('',(7.117347784705,-2.304893790037,0.));
#1382 = CARTESIAN_POINT('',(7.04957484912,-2.254717122752,0.));
#1383 = CARTESIAN_POINT('',(6.987385895311,-2.211995179585,0.));
#1384 = CARTESIAN_POINT('',(6.931215378294,-2.176262076771,0.));
#1385 = CARTESIAN_POINT('',(6.881471286085,-2.147031584784,0.));
#1386 = CARTESIAN_POINT('',(6.838535099023,-2.123795470277,0.));
#1387 = CARTESIAN_POINT('',(6.802758281553,-2.1060334201,0.));
#1388 = CARTESIAN_POINT('',(6.774468617763,-2.093190970254,0.));
#1389 = CARTESIAN_POINT('',(6.75395101953,-2.084741237224,0.));
#1390 = CARTESIAN_POINT('',(6.741487491407,-2.080053168519,0.));
#1391 = CARTESIAN_POINT('',(6.735877118203,-2.078174914755,0.));
#1392 = CARTESIAN_POINT('',(6.734469885061,-2.077718780281,0.));
#1393 = ORIENTED_EDGE('',*,*,#1394,.T.);
#1394 = EDGE_CURVE('',#1368,#1395,#1397,.T.);
#1395 = VERTEX_POINT('',#1396);
#1396 = CARTESIAN_POINT('',(5.972227634242,-1.842551786193,0.));
#1397 = B_SPLINE_CURVE_WITH_KNOTS('',1,(#1398,#1399),.UNSPECIFIED.,.F.,
  .F.,(2,2),(0.,0.797694655894),.PIECEWISE_BEZIER_KNOTS.);
#1398 = CARTESIAN_POINT('',(6.734469885061,-2.077718780281,0.));
#1399 = CARTESIAN_POINT('',(5.972227634242,-1.842551786193,0.));
#1400 = ORIENTED_EDGE('',*,*,#1401,.T.);
#1401 = EDGE_CURVE('',#1395,#1402,#1404,.T.);
#1402 = VERTEX_POINT('',#1403);
#1403 = CARTESIAN_POINT('',(6.205334755478,-0.745869004888,0.));
#1404 = B_SPLINE_CURVE_WITH_KNOTS('',1,(#1405,#1406),.UNSPECIFIED.,.F.,
  .F.,(2,2),(0.,1.121183327017),.PIECEWISE_BEZIER_KNOTS.);
#1405 = CARTESIAN_POINT('',(5.972227634242,-1.842551786193,0.));
#1406 = CARTESIAN_POINT('',(6.205334755478,-0.745869004888,0.));
#1407 = ORIENTED_EDGE('',*,*,#1408,.T.);
#1408 = EDGE_CURVE('',#1402,#62,#1409,.T.);
#1409 = B_SPLINE_CURVE_WITH_KNOTS('',1,(#1410,#1411),.UNSPECIFIED.,.F.,
  .F.,(2,2),(0.,0.797694655894),.PIECEWISE_BEZIER_KNOTS.);
#1410 = CARTESIAN_POINT('',(6.205334755478,-0.745869004888,0.));
#1411 = CARTESIAN_POINT('',(6.997328735075,-0.84106511996,0.));
#1412 = ORIENTED_EDGE('',*,*,#97,.T.);
#1413 = FACE_BOUND('',#1414,.F.);
#1414 = EDGE_LOOP('',(#1415));
#1415 = ORIENTED_EDGE('',*,*,#1416,.F.);
#1416 = EDGE_CURVE('',#1417,#1417,#1419,.T.);
#1417 = VERTEX_POINT('',#1418);
#1418 = CARTESIAN_POINT('',(2.45,-6.000769315822E-16,0.));
#1419 = CIRCLE('',#1420,2.45);
#1420 = AXIS2_PLACEMENT_3D('',#1421,#1422,#1423);
#1421 = CARTESIAN_POINT('',(0.,0.,0.));
#1422 = DIRECTION('',(0.,0.,1.));
#1423 = DIRECTION('',(1.,0.,0.));
#1424 = PLANE('',#1425);
#1425 = AXIS2_PLACEMENT_3D('',#1426,#1427,#1428);
#1426 = CARTESIAN_POINT('',(1.110785478451E-15,3.080702892704E-15,0.));
#1427 = DIRECTION('',(0.,0.,1.));
#1428 = DIRECTION('',(1.,0.,0.));
#1429 = ADVANCED_FACE('',(#1430,#2605),#2616,.T.);
#1430 = FACE_BOUND('',#1431,.T.);
#1431 = EDGE_LOOP('',(#1432,#1433,#1434,#1442,#1450,#1458,#1485,#1492,
    #1519,#1526,#1533,#1540,#1567,#1574,#1601,#1608,#1615,#1622,#1649,
    #1656,#1683,#1690,#1697,#1704,#1731,#1738,#1765,#1772,#1779,#1786,
    #1813,#1820,#1847,#1854,#1861,#1868,#1895,#1902,#1929,#1936,#1943,
    #1950,#1977,#1984,#2011,#2018,#2025,#2032,#2059,#2066,#2093,#2100,
    #2107,#2114,#2141,#2148,#2175,#2182,#2189,#2196,#2223,#2230,#2257,
    #2264,#2271,#2278,#2305,#2312,#2339,#2346,#2353,#2360,#2387,#2394,
    #2421,#2428,#2435,#2442,#2469,#2476,#2503,#2510,#2517,#2524,#2551,
    #2558,#2585,#2592,#2599,#2604));
#1432 = ORIENTED_EDGE('',*,*,#31,.T.);
#1433 = ORIENTED_EDGE('',*,*,#152,.T.);
#1434 = ORIENTED_EDGE('',*,*,#1435,.T.);
#1435 = EDGE_CURVE('',#153,#1436,#1438,.T.);
#1436 = VERTEX_POINT('',#1437);
#1437 = CARTESIAN_POINT('',(6.205334755478,0.745869004888,4.));
#1438 = LINE('',#1439,#1440);
#1439 = CARTESIAN_POINT('',(6.997328735075,0.84106511996,4.));
#1440 = VECTOR('',#1441,1.);
#1441 = DIRECTION('',(-0.992853560877,-0.119339040782,0.));
#1442 = ORIENTED_EDGE('',*,*,#1443,.T.);
#1443 = EDGE_CURVE('',#1436,#1444,#1446,.T.);
#1444 = VERTEX_POINT('',#1445);
#1445 = CARTESIAN_POINT('',(5.972227634242,1.842551786193,4.));
#1446 = LINE('',#1447,#1448);
#1447 = CARTESIAN_POINT('',(6.205334755478,0.745869004888,4.));
#1448 = VECTOR('',#1449,1.);
#1449 = DIRECTION('',(-0.207911690818,0.978147600734,0.));
#1450 = ORIENTED_EDGE('',*,*,#1451,.T.);
#1451 = EDGE_CURVE('',#1444,#1452,#1454,.T.);
#1452 = VERTEX_POINT('',#1453);
#1453 = CARTESIAN_POINT('',(6.734469885061,2.077718780281,4.));
#1454 = LINE('',#1455,#1456);
#1455 = CARTESIAN_POINT('',(5.972227634242,1.842551786193,4.));
#1456 = VECTOR('',#1457,1.);
#1457 = DIRECTION('',(0.955556421479,0.294808285791,0.));
#1458 = ORIENTED_EDGE('',*,*,#1459,.T.);
#1459 = EDGE_CURVE('',#1452,#1460,#1462,.T.);
#1460 = VERTEX_POINT('',#1461);
#1461 = CARTESIAN_POINT('',(7.892805129294,3.154936955154,4.));
#1462 = B_SPLINE_CURVE_WITH_KNOTS('',3,(#1463,#1464,#1465,#1466,#1467,
    #1468,#1469,#1470,#1471,#1472,#1473,#1474,#1475,#1476,#1477,#1478,
    #1479,#1480,#1481,#1482,#1483,#1484),.UNSPECIFIED.,.F.,.F.,(4,1,1,1,
    1,1,1,1,1,1,1,1,1,1,1,1,1,1,1,4),(0.,4.43735800818E-03,
    1.774922507116E-02,3.993564258102E-02,7.099661645099E-02,
    0.110932148652,0.15974224008,0.217426891218,0.283986102355,
    0.359419873678,0.443728205316,0.53691109736,0.638968549877,
    0.74990056292,0.869707136527,0.998388270731,1.135943965558,
    1.282374221028,1.437679037159,1.601858413965),.UNSPECIFIED.);
#1463 = CARTESIAN_POINT('',(6.734469885061,2.077718780281,4.));
#1464 = CARTESIAN_POINT('',(6.735877118203,2.078174914755,4.));
#1465 = CARTESIAN_POINT('',(6.741487491407,2.080053168519,4.));
#1466 = CARTESIAN_POINT('',(6.75395101953,2.084741237224,4.));
#1467 = CARTESIAN_POINT('',(6.774468617763,2.093190970254,4.));
#1468 = CARTESIAN_POINT('',(6.802758281553,2.1060334201,4.));
#1469 = CARTESIAN_POINT('',(6.838535099023,2.123795470277,4.));
#1470 = CARTESIAN_POINT('',(6.881471286085,2.147031584784,4.));
#1471 = CARTESIAN_POINT('',(6.931215378294,2.176262076771,4.));
#1472 = CARTESIAN_POINT('',(6.987385895311,2.211995179585,4.));
#1473 = CARTESIAN_POINT('',(7.04957484912,2.254717122752,4.));
#1474 = CARTESIAN_POINT('',(7.117347784705,2.304893790037,4.));
#1475 = CARTESIAN_POINT('',(7.190245078807,2.362968485747,4.));
#1476 = CARTESIAN_POINT('',(7.267782894124,2.429361052559,4.));
#1477 = CARTESIAN_POINT('',(7.349454312213,2.504466623798,4.));
#1478 = CARTESIAN_POINT('',(7.434730484702,2.588654531426,4.));
#1479 = CARTESIAN_POINT('',(7.523061810341,2.682267338029,4.));
#1480 = CARTESIAN_POINT('',(7.613879301278,2.785619462813,4.));
#1481 = CARTESIAN_POINT('',(7.706595389463,2.898997806855,4.));
#1482 = CARTESIAN_POINT('',(7.800607255632,3.022654451685,4.));
#1483 = CARTESIAN_POINT('',(7.862023143308,3.10968851828,4.));
#1484 = CARTESIAN_POINT('',(7.892805129294,3.154936955154,4.));
#1485 = ORIENTED_EDGE('',*,*,#1486,.T.);
#1486 = EDGE_CURVE('',#1460,#1487,#1489,.T.);
#1487 = VERTEX_POINT('',#1488);
#1488 = CARTESIAN_POINT('',(7.625892554966,3.75443241251,4.));
#1489 = B_SPLINE_CURVE_WITH_KNOTS('',1,(#1490,#1491),.UNSPECIFIED.,.F.,
  .F.,(2,2),(0.,0.656229476422),.PIECEWISE_BEZIER_KNOTS.);
#1490 = CARTESIAN_POINT('',(7.892805129294,3.154936955154,4.));
#1491 = CARTESIAN_POINT('',(7.625892554966,3.75443241251,4.));
#1492 = ORIENTED_EDGE('',*,*,#1493,.T.);
#1493 = EDGE_CURVE('',#1487,#1494,#1496,.T.);
#1494 = VERTEX_POINT('',#1495);
#1495 = CARTESIAN_POINT('',(6.050285878059,3.614421220123,4.));
#1496 = B_SPLINE_CURVE_WITH_KNOTS('',3,(#1497,#1498,#1499,#1500,#1501,
    #1502,#1503,#1504,#1505,#1506,#1507,#1508,#1509,#1510,#1511,#1512,
    #1513,#1514,#1515,#1516,#1517,#1518),.UNSPECIFIED.,.F.,.F.,(4,1,1,1,
    1,1,1,1,1,1,1,1,1,1,1,1,1,1,1,4),(0.,0.164179376806,0.319484192936,
    0.465914448406,0.603470143233,0.732151277438,0.851957851045,
    0.962889864087,1.064947316605,1.158130208649,1.242438540286,
    1.317872311609,1.384431522746,1.442116173884,1.490926265312,
    1.530861797514,1.561922771384,1.584109188893,1.597421055956,
    1.601858413965),.UNSPECIFIED.);
#1497 = CARTESIAN_POINT('',(7.625892554966,3.75443241251,4.));
#1498 = CARTESIAN_POINT('',(7.571669244295,3.761834052909,4.));
#1499 = CARTESIAN_POINT('',(7.465895077904,3.774430311535,4.));
#1500 = CARTESIAN_POINT('',(7.311094065148,3.787308325394,4.));
#1501 = CARTESIAN_POINT('',(7.164798363147,3.794271764317,4.));
#1502 = CARTESIAN_POINT('',(7.027224003632,3.79593728579,4.));
#1503 = CARTESIAN_POINT('',(6.898550937321,3.792933512258,4.));
#1504 = CARTESIAN_POINT('',(6.778926232394,3.785893671616,4.));
#1505 = CARTESIAN_POINT('',(6.668463070256,3.775455416298,4.));
#1506 = CARTESIAN_POINT('',(6.5672408524,3.762258888555,4.));
#1507 = CARTESIAN_POINT('',(6.475305132188,3.746945198006,4.));
#1508 = CARTESIAN_POINT('',(6.392667656052,3.730154835424,4.));
#1509 = CARTESIAN_POINT('',(6.319306532683,3.712525995935,4.));
#1510 = CARTESIAN_POINT('',(6.255166250117,3.694693279623,4.));
#1511 = CARTESIAN_POINT('',(6.200158466668,3.677285231727,4.));
#1512 = CARTESIAN_POINT('',(6.154160751525,3.660925421876,4.));
#1513 = CARTESIAN_POINT('',(6.117021612278,3.646223196506,4.));
#1514 = CARTESIAN_POINT('',(6.088548332244,3.633793155499,4.));
#1515 = CARTESIAN_POINT('',(6.068540003919,3.624199583527,4.));
#1516 = CARTESIAN_POINT('',(6.056716361788,3.61807430735,4.));
#1517 = CARTESIAN_POINT('',(6.051566474799,3.615161784615,4.));
#1518 = CARTESIAN_POINT('',(6.050285878059,3.614421220123,4.));
#1519 = ORIENTED_EDGE('',*,*,#1520,.T.);
#1520 = EDGE_CURVE('',#1494,#1521,#1523,.T.);
#1521 = VERTEX_POINT('',#1522);
#1522 = CARTESIAN_POINT('',(5.365483123796,3.205322269017,4.));
#1523 = B_SPLINE_CURVE_WITH_KNOTS('',1,(#1524,#1525),.UNSPECIFIED.,.F.,
  .F.,(2,2),(0.,0.797694655894),.PIECEWISE_BEZIER_KNOTS.);
#1524 = CARTESIAN_POINT('',(6.050285878059,3.614421220123,4.));
#1525 = CARTESIAN_POINT('',(5.365483123796,3.205322269017,4.));
#1526 = ORIENTED_EDGE('',*,*,#1527,.T.);
#1527 = EDGE_CURVE('',#1521,#1528,#1530,.T.);
#1528 = VERTEX_POINT('',#1529);
#1529 = CARTESIAN_POINT('',(4.70646809906,4.112378634383,4.));
#1530 = B_SPLINE_CURVE_WITH_KNOTS('',1,(#1531,#1532),.UNSPECIFIED.,.F.,
  .F.,(2,2),(0.,1.121183327017),.PIECEWISE_BEZIER_KNOTS.);
#1531 = CARTESIAN_POINT('',(5.365483123796,3.205322269017,4.));
#1532 = CARTESIAN_POINT('',(4.70646809906,4.112378634383,4.));
#1533 = ORIENTED_EDGE('',*,*,#1534,.T.);
#1534 = EDGE_CURVE('',#1528,#1535,#1537,.T.);
#1535 = VERTEX_POINT('',#1536);
#1536 = CARTESIAN_POINT('',(5.307160011181,4.637246227929,4.));
#1537 = B_SPLINE_CURVE_WITH_KNOTS('',1,(#1538,#1539),.UNSPECIFIED.,.F.,
  .F.,(2,2),(0.,0.797694655894),.PIECEWISE_BEZIER_KNOTS.);
#1538 = CARTESIAN_POINT('',(4.70646809906,4.112378634383,4.));
#1539 = CARTESIAN_POINT('',(5.307160011181,4.637246227929,4.));
#1540 = ORIENTED_EDGE('',*,*,#1541,.T.);
#1541 = EDGE_CURVE('',#1535,#1542,#1544,.T.);
#1542 = VERTEX_POINT('',#1543);
#1543 = CARTESIAN_POINT('',(5.92720780767,6.09247138727,4.));
#1544 = B_SPLINE_CURVE_WITH_KNOTS('',3,(#1545,#1546,#1547,#1548,#1549,
    #1550,#1551,#1552,#1553,#1554,#1555,#1556,#1557,#1558,#1559,#1560,
    #1561,#1562,#1563,#1564,#1565,#1566),.UNSPECIFIED.,.F.,.F.,(4,1,1,1,
    1,1,1,1,1,1,1,1,1,1,1,1,1,1,1,4),(0.,4.43735800818E-03,
    1.774922507116E-02,3.993564258102E-02,7.099661645099E-02,
    0.110932148652,0.15974224008,0.217426891218,0.283986102355,
    0.359419873678,0.443728205316,0.53691109736,0.638968549877,
    0.74990056292,0.869707136527,0.998388270731,1.135943965558,
    1.282374221028,1.437679037159,1.601858413965),.UNSPECIFIED.);
#1545 = CARTESIAN_POINT('',(5.307160011181,4.637246227929,4.));
#1546 = CARTESIAN_POINT('',(5.308260056022,4.63823530079,4.));
#1547 = CARTESIAN_POINT('',(5.312621432347,4.642233115348,4.));
#1548 = CARTESIAN_POINT('',(5.322100622522,4.651585252808,4.));
#1549 = CARTESIAN_POINT('',(5.337407565142,4.667649727066,4.));
#1550 = CARTESIAN_POINT('',(5.358027964057,4.690888331671,4.));
#1551 = CARTESIAN_POINT('',(5.383487236482,4.721666514566,4.));
#1552 = CARTESIAN_POINT('',(5.413260415928,4.760357482019,4.));
#1553 = CARTESIAN_POINT('',(5.446814793224,4.807293610277,4.));
#1554 = CARTESIAN_POINT('',(5.483595151613,4.862784031572,4.));
#1555 = CARTESIAN_POINT('',(5.523031008131,4.927106995002,4.));
#1556 = CARTESIAN_POINT('',(5.564535976374,5.000511397791,4.));
#1557 = CARTESIAN_POINT('',(5.607509861495,5.083215272953,4.));
#1558 = CARTESIAN_POINT('',(5.651339890723,5.175405371499,4.));
#1559 = CARTESIAN_POINT('',(5.695402255815,5.277236483377,4.));
#1560 = CARTESIAN_POINT('',(5.739063608901,5.388830908111,4.));
#1561 = CARTESIAN_POINT('',(5.7816825315,5.51027804923,4.));
#1562 = CARTESIAN_POINT('',(5.822611341531,5.64163371476,4.));
#1563 = CARTESIAN_POINT('',(5.86119657569,5.782921016422,4.));
#1564 = CARTESIAN_POINT('',(5.89678500038,5.934125053468,4.));
#1565 = CARTESIAN_POINT('',(5.917491261513,6.038614721651,4.));
#1566 = CARTESIAN_POINT('',(5.92720780767,6.09247138727,4.));
#1567 = ORIENTED_EDGE('',*,*,#1568,.T.);
#1568 = EDGE_CURVE('',#1542,#1569,#1571,.T.);
#1569 = VERTEX_POINT('',#1570);
#1570 = CARTESIAN_POINT('',(5.439534267941,6.531574614739,4.));
#1571 = B_SPLINE_CURVE_WITH_KNOTS('',1,(#1572,#1573),.UNSPECIFIED.,.F.,
  .F.,(2,2),(0.,0.656229476422),.PIECEWISE_BEZIER_KNOTS.);
#1572 = CARTESIAN_POINT('',(5.92720780767,6.09247138727,4.));
#1573 = CARTESIAN_POINT('',(5.439534267941,6.531574614739,4.));
#1574 = ORIENTED_EDGE('',*,*,#1575,.T.);
#1575 = EDGE_CURVE('',#1569,#1576,#1578,.T.);
#1576 = VERTEX_POINT('',#1577);
#1577 = CARTESIAN_POINT('',(4.057093627605,5.762811055341,4.));
#1578 = B_SPLINE_CURVE_WITH_KNOTS('',3,(#1579,#1580,#1581,#1582,#1583,
    #1584,#1585,#1586,#1587,#1588,#1589,#1590,#1591,#1592,#1593,#1594,
    #1595,#1596,#1597,#1598,#1599,#1600),.UNSPECIFIED.,.F.,.F.,(4,1,1,1,
    1,1,1,1,1,1,1,1,1,1,1,1,1,1,1,4),(0.,0.164179376806,0.319484192936,
    0.465914448406,0.603470143233,0.732151277438,0.851957851045,
    0.962889864087,1.064947316605,1.158130208649,1.242438540286,
    1.317872311609,1.384431522746,1.442116173884,1.490926265312,
    1.530861797514,1.561922771384,1.584109188893,1.597421055956,
    1.601858413965),.UNSPECIFIED.);
#1579 = CARTESIAN_POINT('',(5.439534267941,6.531574614739,4.));
#1580 = CARTESIAN_POINT('',(5.386988290409,6.516281742345,4.));
#1581 = CARTESIAN_POINT('',(5.285235421218,6.484766767834,4.));
#1582 = CARTESIAN_POINT('',(5.13857969905,6.433568174626,4.));
#1583 = CARTESIAN_POINT('',(5.002099639242,6.380425769895,4.));
#1584 = CARTESIAN_POINT('',(4.875741779407,6.325990766308,4.));
#1585 = CARTESIAN_POINT('',(4.75941482892,6.270910631598,4.));
#1586 = CARTESIAN_POINT('',(4.652995584263,6.215823666245,4.));
#1587 = CARTESIAN_POINT('',(4.556328085182,6.161358429762,4.));
#1588 = CARTESIAN_POINT('',(4.469224499242,6.10813201669,4.));
#1589 = CARTESIAN_POINT('',(4.391465678734,6.056748638032,4.));
#1590 = CARTESIAN_POINT('',(4.322801843492,6.007798188927,4.));
#1591 = CARTESIAN_POINT('',(4.262953417465,5.961854785637,4.));
#1592 = CARTESIAN_POINT('',(4.211611572845,5.919475585436,4.));
#1593 = CARTESIAN_POINT('',(4.168439953103,5.881198861171,4.));
#1594 = CARTESIAN_POINT('',(4.133073083513,5.847544474947,4.));
#1595 = CARTESIAN_POINT('',(4.105124725346,5.819007474919,4.));
#1596 = CARTESIAN_POINT('',(4.084168842859,5.79607094108,4.));
#1597 = CARTESIAN_POINT('',(4.069792382662,5.779168656686,4.));
#1598 = CARTESIAN_POINT('',(4.061482322371,5.768763829949,4.));
#1599 = CARTESIAN_POINT('',(4.057962296225,5.764008460288,4.));
#1600 = CARTESIAN_POINT('',(4.057093627605,5.762811055341,4.));
#1601 = ORIENTED_EDGE('',*,*,#1602,.T.);
#1602 = EDGE_CURVE('',#1576,#1603,#1605,.T.);
#1603 = VERTEX_POINT('',#1604);
#1604 = CARTESIAN_POINT('',(3.597890716126,5.110546193394,4.));
#1605 = B_SPLINE_CURVE_WITH_KNOTS('',1,(#1606,#1607),.UNSPECIFIED.,.F.,
  .F.,(2,2),(0.,0.797694655894),.PIECEWISE_BEZIER_KNOTS.);
#1606 = CARTESIAN_POINT('',(4.057093627605,5.762811055341,4.));
#1607 = CARTESIAN_POINT('',(3.597890716126,5.110546193394,4.));
#1608 = ORIENTED_EDGE('',*,*,#1609,.T.);
#1609 = EDGE_CURVE('',#1603,#1610,#1612,.T.);
#1610 = VERTEX_POINT('',#1611);
#1611 = CARTESIAN_POINT('',(2.62691747263,5.671137856902,4.));
#1612 = B_SPLINE_CURVE_WITH_KNOTS('',1,(#1613,#1614),.UNSPECIFIED.,.F.,
  .F.,(2,2),(0.,1.121183327017),.PIECEWISE_BEZIER_KNOTS.);
#1613 = CARTESIAN_POINT('',(3.597890716126,5.110546193394,4.));
#1614 = CARTESIAN_POINT('',(2.62691747263,5.671137856902,4.));
#1615 = ORIENTED_EDGE('',*,*,#1616,.T.);
#1616 = EDGE_CURVE('',#1610,#1617,#1619,.T.);
#1617 = VERTEX_POINT('',#1618);
#1618 = CARTESIAN_POINT('',(2.962193957333,6.394951674709,4.));
#1619 = B_SPLINE_CURVE_WITH_KNOTS('',1,(#1620,#1621),.UNSPECIFIED.,.F.,
  .F.,(2,2),(0.,0.797694655894),.PIECEWISE_BEZIER_KNOTS.);
#1620 = CARTESIAN_POINT('',(2.62691747263,5.671137856902,4.));
#1621 = CARTESIAN_POINT('',(2.962193957333,6.394951674709,4.));
#1622 = ORIENTED_EDGE('',*,*,#1623,.T.);
#1623 = EDGE_CURVE('',#1617,#1624,#1626,.T.);
#1624 = VERTEX_POINT('',#1625);
#1625 = CARTESIAN_POINT('',(2.936742409107,7.976562168162,4.));
#1626 = B_SPLINE_CURVE_WITH_KNOTS('',3,(#1627,#1628,#1629,#1630,#1631,
    #1632,#1633,#1634,#1635,#1636,#1637,#1638,#1639,#1640,#1641,#1642,
    #1643,#1644,#1645,#1646,#1647,#1648),.UNSPECIFIED.,.F.,.F.,(4,1,1,1,
    1,1,1,1,1,1,1,1,1,1,1,1,1,1,1,4),(0.,4.43735800818E-03,
    1.774922507116E-02,3.993564258102E-02,7.099661645099E-02,
    0.110932148652,0.15974224008,0.217426891218,0.283986102355,
    0.359419873678,0.443728205316,0.53691109736,0.638968549877,
    0.74990056292,0.869707136527,0.998388270731,1.135943965558,
    1.282374221028,1.437679037159,1.601858413965),.UNSPECIFIED.);
#1627 = CARTESIAN_POINT('',(2.962193957333,6.394951674709,4.));
#1628 = CARTESIAN_POINT('',(2.962796606125,6.396302666274,4.));
#1629 = CARTESIAN_POINT('',(2.965154863984,6.401728783169,4.));
#1630 = CARTESIAN_POINT('',(2.970010678114,6.414127919857,4.));
#1631 = CARTESIAN_POINT('',(2.977460255682,6.435029441801,4.));
#1632 = CARTESIAN_POINT('',(2.986845935419,6.464646035313,4.));
#1633 = CARTESIAN_POINT('',(2.997585523307,6.503118523494,4.));
#1634 = CARTESIAN_POINT('',(3.009047641931,6.550574324123,4.));
#1635 = CARTESIAN_POINT('',(3.020610447647,6.607100405674,4.));
#1636 = CARTESIAN_POINT('',(3.031640989303,6.672753347493,4.));
#1637 = CARTESIAN_POINT('',(3.041504930675,6.747555306454,4.));
#1638 = CARTESIAN_POINT('',(3.049565345505,6.831495156647,4.));
#1639 = CARTESIAN_POINT('',(3.055185246502,6.924527959904,4.));
#1640 = CARTESIAN_POINT('',(3.057728879404,7.026575084625,4.));
#1641 = CARTESIAN_POINT('',(3.056563408281,7.137524212791,4.));
#1642 = CARTESIAN_POINT('',(3.051060497365,7.257229464792,4.));
#1643 = CARTESIAN_POINT('',(3.040597818025,7.385511626414,4.));
#1644 = CARTESIAN_POINT('',(3.024560984069,7.522158244792,4.));
#1645 = CARTESIAN_POINT('',(3.00234362668,7.666924646061,4.));
#1646 = CARTESIAN_POINT('',(2.973355047952,7.819531523673,4.));
#1647 = CARTESIAN_POINT('',(2.949771381883,7.923409580556,4.));
#1648 = CARTESIAN_POINT('',(2.936742409107,7.976562168162,4.));
#1649 = ORIENTED_EDGE('',*,*,#1650,.T.);
#1650 = EDGE_CURVE('',#1624,#1651,#1653,.T.);
#1651 = VERTEX_POINT('',#1652);
#1652 = CARTESIAN_POINT('',(2.312631089371,8.179348228586,4.));
#1653 = B_SPLINE_CURVE_WITH_KNOTS('',1,(#1654,#1655),.UNSPECIFIED.,.F.,
  .F.,(2,2),(0.,0.656229476422),.PIECEWISE_BEZIER_KNOTS.);
#1654 = CARTESIAN_POINT('',(2.936742409107,7.976562168162,4.));
#1655 = CARTESIAN_POINT('',(2.312631089371,8.179348228586,4.));
#1656 = ORIENTED_EDGE('',*,*,#1657,.T.);
#1657 = EDGE_CURVE('',#1651,#1658,#1660,.T.);
#1658 = VERTEX_POINT('',#1659);
#1659 = CARTESIAN_POINT('',(1.3623930314,6.914758505596,4.));
#1660 = B_SPLINE_CURVE_WITH_KNOTS('',3,(#1661,#1662,#1663,#1664,#1665,
    #1666,#1667,#1668,#1669,#1670,#1671,#1672,#1673,#1674,#1675,#1676,
    #1677,#1678,#1679,#1680,#1681,#1682),.UNSPECIFIED.,.F.,.F.,(4,1,1,1,
    1,1,1,1,1,1,1,1,1,1,1,1,1,1,1,4),(0.,0.164179376806,0.319484192936,
    0.465914448406,0.603470143233,0.732151277438,0.851957851045,
    0.962889864087,1.064947316605,1.158130208649,1.242438540286,
    1.317872311609,1.384431522746,1.442116173884,1.490926265312,
    1.530861797514,1.561922771384,1.584109188893,1.597421055956,
    1.601858413965),.UNSPECIFIED.);
#1661 = CARTESIAN_POINT('',(2.312631089371,8.179348228586,4.));
#1662 = CARTESIAN_POINT('',(2.27084812186,8.144005119969,4.));
#1663 = CARTESIAN_POINT('',(2.190710545347,8.073828137718,4.));
#1664 = CARTESIAN_POINT('',(2.077558220455,7.967405639332,4.));
#1665 = CARTESIAN_POINT('',(1.974492445064,7.863346195509,4.));
#1666 = CARTESIAN_POINT('',(1.881199506799,7.762222973511,4.));
#1667 = CARTESIAN_POINT('',(1.797332658673,7.664590333299,4.));
#1668 = CARTESIAN_POINT('',(1.722519728475,7.570981279995,4.));
#1669 = CARTESIAN_POINT('',(1.65636258124,7.481906596536,4.));
#1670 = CARTESIAN_POINT('',(1.598438628535,7.397853628503,4.));
#1671 = CARTESIAN_POINT('',(1.548301914214,7.319285214708,4.));
#1672 = CARTESIAN_POINT('',(1.50548432077,7.246638656432,4.));
#1673 = CARTESIAN_POINT('',(1.469496928652,7.180324721152,4.));
#1674 = CARTESIAN_POINT('',(1.439830993338,7.120726785779,4.));
#1675 = CARTESIAN_POINT('',(1.41596030256,7.068199778504,4.));
#1676 = CARTESIAN_POINT('',(1.397339531572,7.023069965026,4.));
#1677 = CARTESIAN_POINT('',(1.383414479514,6.985632496896,4.));
#1678 = CARTESIAN_POINT('',(1.373599457035,6.956155405297,4.));
#1679 = CARTESIAN_POINT('',(1.36734068554,6.934866967005,4.));
#1680 = CARTESIAN_POINT('',(1.363981092007,6.921981678776,4.));
#1681 = CARTESIAN_POINT('',(1.362699571203,6.916205708804,4.));
#1682 = CARTESIAN_POINT('',(1.3623930314,6.914758505596,4.));
#1683 = ORIENTED_EDGE('',*,*,#1684,.T.);
#1684 = EDGE_CURVE('',#1658,#1685,#1687,.T.);
#1685 = VERTEX_POINT('',#1686);
#1686 = CARTESIAN_POINT('',(1.208190317827,6.132110253078,4.));
#1687 = B_SPLINE_CURVE_WITH_KNOTS('',1,(#1688,#1689),.UNSPECIFIED.,.F.,
  .F.,(2,2),(0.,0.797694655894),.PIECEWISE_BEZIER_KNOTS.);
#1688 = CARTESIAN_POINT('',(1.3623930314,6.914758505596,4.));
#1689 = CARTESIAN_POINT('',(1.208190317827,6.132110253078,4.));
#1690 = ORIENTED_EDGE('',*,*,#1691,.T.);
#1691 = EDGE_CURVE('',#1685,#1692,#1694,.T.);
#1692 = VERTEX_POINT('',#1693);
#1693 = CARTESIAN_POINT('',(9.314895038661E-02,6.249305823293,4.));
#1694 = B_SPLINE_CURVE_WITH_KNOTS('',1,(#1695,#1696),.UNSPECIFIED.,.F.,
  .F.,(2,2),(0.,1.121183327017),.PIECEWISE_BEZIER_KNOTS.);
#1695 = CARTESIAN_POINT('',(1.208190317827,6.132110253078,4.));
#1696 = CARTESIAN_POINT('',(9.314895038661E-02,6.249305823293,4.));
#1697 = ORIENTED_EDGE('',*,*,#1698,.T.);
#1698 = EDGE_CURVE('',#1692,#1699,#1701,.T.);
#1699 = VERTEX_POINT('',#1700);
#1700 = CARTESIAN_POINT('',(0.105037657575,7.046911880619,4.));
#1701 = B_SPLINE_CURVE_WITH_KNOTS('',1,(#1702,#1703),.UNSPECIFIED.,.F.,
  .F.,(2,2),(0.,0.797694655894),.PIECEWISE_BEZIER_KNOTS.);
#1702 = CARTESIAN_POINT('',(9.314895038661E-02,6.249305823293,4.));
#1703 = CARTESIAN_POINT('',(0.105037657575,7.046911880619,4.));
#1704 = ORIENTED_EDGE('',*,*,#1705,.T.);
#1705 = EDGE_CURVE('',#1699,#1706,#1708,.T.);
#1706 = VERTEX_POINT('',#1707);
#1707 = CARTESIAN_POINT('',(-0.561512431458,8.481432885387,4.));
#1708 = B_SPLINE_CURVE_WITH_KNOTS('',3,(#1709,#1710,#1711,#1712,#1713,
    #1714,#1715,#1716,#1717,#1718,#1719,#1720,#1721,#1722,#1723,#1724,
    #1725,#1726,#1727,#1728,#1729,#1730),.UNSPECIFIED.,.F.,.F.,(4,1,1,1,
    1,1,1,1,1,1,1,1,1,1,1,1,1,1,1,4),(0.,4.43735800818E-03,
    1.774922507116E-02,3.993564258102E-02,7.099661645099E-02,
    0.110932148652,0.15974224008,0.217426891218,0.283986102355,
    0.359419873678,0.443728205316,0.53691109736,0.638968549877,
    0.74990056292,0.869707136527,0.998388270731,1.135943965558,
    1.282374221028,1.437679037159,1.601858413965),.UNSPECIFIED.);
#1709 = CARTESIAN_POINT('',(0.105037657575,7.046911880619,4.));
#1710 = CARTESIAN_POINT('',(0.105038706867,7.048391192174,4.));
#1711 = CARTESIAN_POINT('',(0.104986082051,7.054307386501,4.));
#1712 = CARTESIAN_POINT('',(0.10437890576,7.067609599039,4.));
#1713 = CARTESIAN_POINT('',(0.102683018638,7.089734105642,4.));
#1714 = CARTESIAN_POINT('',(9.92111099036E-02,7.120607709984,4.));
#1715 = CARTESIAN_POINT('',(9.337404094262E-02,7.160122260732,4.));
#1716 = CARTESIAN_POINT('',(8.454319430344E-02,7.208137355487,4.));
#1717 = CARTESIAN_POINT('',(7.211511428651E-02,7.264479517308,4.));
#1718 = CARTESIAN_POINT('',(5.548855834878E-02,7.328942989572,4.));
#1719 = CARTESIAN_POINT('',(3.407501950043E-02,7.401290005805,4.));
#1720 = CARTESIAN_POINT('',(7.297161967388E-03,7.481251340733,4.));
#1721 = CARTESIAN_POINT('',(-2.540865309731E-02,7.568526855227,4.));
#1722 = CARTESIAN_POINT('',(-6.45912337584E-02,7.662786131189,4.));
#1723 = CARTESIAN_POINT('',(-0.110783020551,7.763669163442,4.));
#1724 = CARTESIAN_POINT('',(-0.16449869218,7.87078711715,4.));
#1725 = CARTESIAN_POINT('',(-0.22623388115,7.983723148124,4.));
#1726 = CARTESIAN_POINT('',(-0.296463444813,8.102033277637,4.));
#1727 = CARTESIAN_POINT('',(-0.375641810819,8.225247352573,4.));
#1728 = CARTESIAN_POINT('',(-0.464195004349,8.352869955221,4.));
#1729 = CARTESIAN_POINT('',(-0.527990767507,8.438174941067,4.));
#1730 = CARTESIAN_POINT('',(-0.561512431458,8.481432885387,4.));
#1731 = ORIENTED_EDGE('',*,*,#1732,.T.);
#1732 = EDGE_CURVE('',#1706,#1733,#1735,.T.);
#1733 = VERTEX_POINT('',#1734);
#1734 = CARTESIAN_POINT('',(-1.214147014146,8.412838226665,4.));
#1735 = B_SPLINE_CURVE_WITH_KNOTS('',1,(#1736,#1737),.UNSPECIFIED.,.F.,
  .F.,(2,2),(0.,0.656229476422),.PIECEWISE_BEZIER_KNOTS.);
#1736 = CARTESIAN_POINT('',(-0.561512431458,8.481432885387,4.));
#1737 = CARTESIAN_POINT('',(-1.214147014146,8.412838226665,4.));
#1738 = ORIENTED_EDGE('',*,*,#1739,.T.);
#1739 = EDGE_CURVE('',#1733,#1740,#1742,.T.);
#1740 = VERTEX_POINT('',#1741);
#1741 = CARTESIAN_POINT('',(-1.567877696887,6.871081391624,4.));
#1742 = B_SPLINE_CURVE_WITH_KNOTS('',3,(#1743,#1744,#1745,#1746,#1747,
    #1748,#1749,#1750,#1751,#1752,#1753,#1754,#1755,#1756,#1757,#1758,
    #1759,#1760,#1761,#1762,#1763,#1764),.UNSPECIFIED.,.F.,.F.,(4,1,1,1,
    1,1,1,1,1,1,1,1,1,1,1,1,1,1,1,4),(0.,0.164179376806,0.319484192936,
    0.465914448406,0.603470143233,0.732151277438,0.851957851045,
    0.962889864087,1.064947316605,1.158130208649,1.242438540286,
    1.317872311609,1.384431522746,1.442116173884,1.490926265312,
    1.530861797514,1.561922771384,1.584109188893,1.597421055956,
    1.601858413965),.UNSPECIFIED.);
#1743 = CARTESIAN_POINT('',(-1.214147014146,8.412838226665,4.));
#1744 = CARTESIAN_POINT('',(-1.237942316967,8.363556026386,4.));
#1745 = CARTESIAN_POINT('',(-1.282608085795,8.266851274165,4.));
#1746 = CARTESIAN_POINT('',(-1.34269194848,8.123606287391,4.));
#1747 = CARTESIAN_POINT('',(-1.394522430566,7.986622627662,4.));
#1748 = CARTESIAN_POINT('',(-1.438619250696,7.856296311011,4.));
#1749 = CARTESIAN_POINT('',(-1.475524656514,7.732992735756,4.));
#1750 = CARTESIAN_POINT('',(-1.505795436967,7.617047450228,4.));
#1751 = CARTESIAN_POINT('',(-1.530003060581,7.508765141781,4.));
#1752 = CARTESIAN_POINT('',(-1.548731802405,7.408419140556,4.));
#1753 = CARTESIAN_POINT('',(-1.562577317155,7.316250884142,4.));
#1754 = CARTESIAN_POINT('',(-1.572145117909,7.232469466594,4.));
#1755 = CARTESIAN_POINT('',(-1.578048929086,7.157251281177,4.));
#1756 = CARTESIAN_POINT('',(-1.58090944537,7.09073963509,4.));
#1757 = CARTESIAN_POINT('',(-1.581351747892,7.033044741554,4.));
#1758 = CARTESIAN_POINT('',(-1.580006719809,6.984242855564,4.));
#1759 = CARTESIAN_POINT('',(-1.577500697751,6.94437819768,4.));
#1760 = CARTESIAN_POINT('',(-1.574477753669,6.913457405251,4.));
#1761 = CARTESIAN_POINT('',(-1.571536638012,6.891463777441,4.));
#1762 = CARTESIAN_POINT('',(-1.569364860544,6.878326011113,4.));
#1763 = CARTESIAN_POINT('',(-1.568186289416,6.872528158512,4.));
#1764 = CARTESIAN_POINT('',(-1.567877696887,6.871081391624,4.));
#1765 = ORIENTED_EDGE('',*,*,#1766,.T.);
#1766 = EDGE_CURVE('',#1740,#1767,#1769,.T.);
#1767 = VERTEX_POINT('',#1768);
#1768 = CARTESIAN_POINT('',(-1.39041716249,6.093376741533,4.));
#1769 = B_SPLINE_CURVE_WITH_KNOTS('',1,(#1770,#1771),.UNSPECIFIED.,.F.,
  .F.,(2,2),(0.,0.797694655894),.PIECEWISE_BEZIER_KNOTS.);
#1770 = CARTESIAN_POINT('',(-1.567877696887,6.871081391624,4.));
#1771 = CARTESIAN_POINT('',(-1.39041716249,6.093376741533,4.));
#1772 = ORIENTED_EDGE('',*,*,#1773,.T.);
#1773 = EDGE_CURVE('',#1767,#1774,#1776,.T.);
#1774 = VERTEX_POINT('',#1775);
#1775 = CARTESIAN_POINT('',(-2.45672587161,5.746912039675,4.));
#1776 = B_SPLINE_CURVE_WITH_KNOTS('',1,(#1777,#1778),.UNSPECIFIED.,.F.,
  .F.,(2,2),(0.,1.121183327017),.PIECEWISE_BEZIER_KNOTS.);
#1777 = CARTESIAN_POINT('',(-1.39041716249,6.093376741533,4.));
#1778 = CARTESIAN_POINT('',(-2.45672587161,5.746912039675,4.));
#1779 = ORIENTED_EDGE('',*,*,#1780,.T.);
#1780 = EDGE_CURVE('',#1774,#1781,#1783,.T.);
#1781 = VERTEX_POINT('',#1782);
#1782 = CARTESIAN_POINT('',(-2.770280607415,6.480397003186,4.));
#1783 = B_SPLINE_CURVE_WITH_KNOTS('',1,(#1784,#1785),.UNSPECIFIED.,.F.,
  .F.,(2,2),(0.,0.797694655894),.PIECEWISE_BEZIER_KNOTS.);
#1784 = CARTESIAN_POINT('',(-2.45672587161,5.746912039675,4.));
#1785 = CARTESIAN_POINT('',(-2.770280607415,6.480397003186,4.));
#1786 = ORIENTED_EDGE('',*,*,#1787,.T.);
#1787 = EDGE_CURVE('',#1781,#1788,#1790,.T.);
#1788 = VERTEX_POINT('',#1789);
#1789 = CARTESIAN_POINT('',(-3.962676671443,7.519786805329,4.));
#1790 = B_SPLINE_CURVE_WITH_KNOTS('',3,(#1791,#1792,#1793,#1794,#1795,
    #1796,#1797,#1798,#1799,#1800,#1801,#1802,#1803,#1804,#1805,#1806,
    #1807,#1808,#1809,#1810,#1811,#1812),.UNSPECIFIED.,.F.,.F.,(4,1,1,1,
    1,1,1,1,1,1,1,1,1,1,1,1,1,1,1,4),(0.,4.43735800818E-03,
    1.774922507116E-02,3.993564258102E-02,7.099661645099E-02,
    0.110932148652,0.15974224008,0.217426891218,0.283986102355,
    0.359419873678,0.443728205316,0.53691109736,0.638968549877,
    0.74990056292,0.869707136527,0.998388270731,1.135943965558,
    1.282374221028,1.437679037159,1.601858413965),.UNSPECIFIED.);
#1791 = CARTESIAN_POINT('',(-2.770280607415,6.480397003186,4.));
#1792 = CARTESIAN_POINT('',(-2.770881339054,6.481748848323,4.));
#1793 = CARTESIAN_POINT('',(-2.773335747237,6.487132156336,4.));
#1794 = CARTESIAN_POINT('',(-2.779300927653,6.49903737133,4.));
#1795 = CARTESIAN_POINT('',(-2.789849045175,6.518559334404,4.));
#1796 = CARTESIAN_POINT('',(-2.805578217819,6.545351622909,4.));
#1797 = CARTESIAN_POINT('',(-2.826982661377,6.57907581142,4.));
#1798 = CARTESIAN_POINT('',(-2.85457953967,6.619347954215,4.));
#1799 = CARTESIAN_POINT('',(-2.888849577479,6.665764124674,4.));
#1800 = CARTESIAN_POINT('',(-2.930258348442,6.717891807397,4.));
#1801 = CARTESIAN_POINT('',(-2.979246772108,6.775274424543,4.));
#1802 = CARTESIAN_POINT('',(-3.036232767167,6.837431202972,4.));
#1803 = CARTESIAN_POINT('',(-3.101609165746,6.903858699373,4.));
#1804 = CARTESIAN_POINT('',(-3.175742935811,6.974031841443,4.));
#1805 = CARTESIAN_POINT('',(-3.258974058698,7.047405185014,4.));
#1806 = CARTESIAN_POINT('',(-3.351614563423,7.123414173097,4.));
#1807 = CARTESIAN_POINT('',(-3.453947687004,7.201476407676,4.));
#1808 = CARTESIAN_POINT('',(-3.5662266508,7.280993152116,4.));
#1809 = CARTESIAN_POINT('',(-3.688675366628,7.361350067799,4.));
#1810 = CARTESIAN_POINT('',(-3.821481523319,7.44192128807,4.));
#1811 = CARTESIAN_POINT('',(-3.914458516549,7.493903195855,4.));
#1812 = CARTESIAN_POINT('',(-3.962676671443,7.519786805329,4.));
#1813 = ORIENTED_EDGE('',*,*,#1814,.T.);
#1814 = EDGE_CURVE('',#1788,#1815,#1817,.T.);
#1815 = VERTEX_POINT('',#1816);
#1816 = CARTESIAN_POINT('',(-4.530988068737,7.191672067118,4.));
#1817 = B_SPLINE_CURVE_WITH_KNOTS('',1,(#1818,#1819),.UNSPECIFIED.,.F.,
  .F.,(2,2),(0.,0.656229476422),.PIECEWISE_BEZIER_KNOTS.);
#1818 = CARTESIAN_POINT('',(-3.962676671443,7.519786805329,4.));
#1819 = CARTESIAN_POINT('',(-4.530988068737,7.191672067118,4.));
#1820 = ORIENTED_EDGE('',*,*,#1821,.T.);
#1821 = EDGE_CURVE('',#1815,#1822,#1824,.T.);
#1822 = VERTEX_POINT('',#1823);
#1823 = CARTESIAN_POINT('',(-4.22704812766,5.639331883226,4.));
#1824 = B_SPLINE_CURVE_WITH_KNOTS('',3,(#1825,#1826,#1827,#1828,#1829,
    #1830,#1831,#1832,#1833,#1834,#1835,#1836,#1837,#1838,#1839,#1840,
    #1841,#1842,#1843,#1844,#1845,#1846),.UNSPECIFIED.,.F.,.F.,(4,1,1,1,
    1,1,1,1,1,1,1,1,1,1,1,1,1,1,1,4),(0.,0.164179376806,0.319484192936,
    0.465914448406,0.603470143233,0.732151277438,0.851957851045,
    0.962889864087,1.064947316605,1.158130208649,1.242438540286,
    1.317872311609,1.384431522746,1.442116173884,1.490926265312,
    1.530861797514,1.561922771384,1.584109188893,1.597421055956,
    1.601858413965),.UNSPECIFIED.);
#1825 = CARTESIAN_POINT('',(-4.530988068737,7.191672067118,4.));
#1826 = CARTESIAN_POINT('',(-4.532681282837,7.136972115319,4.));
#1827 = CARTESIAN_POINT('',(-4.534152126774,7.030460723322,4.));
#1828 = CARTESIAN_POINT('',(-4.53077848155,6.875161607713,4.));
#1829 = CARTESIAN_POINT('',(-4.522411709113,6.728939451304,4.));
#1830 = CARTESIAN_POINT('',(-4.5096876703,6.591944644126,4.));
#1831 = CARTESIAN_POINT('',(-4.493250353869,6.464290442167,4.));
#1832 = CARTESIAN_POINT('',(-4.473744891635,6.346056917613,4.));
#1833 = CARTESIAN_POINT('',(-4.451817273586,6.237289979023,4.));
#1834 = CARTESIAN_POINT('',(-4.428112434922,6.138001679833,4.));
#1835 = CARTESIAN_POINT('',(-4.403272734819,6.048170309656,4.));
#1836 = CARTESIAN_POINT('',(-4.377936383211,5.967740601059,4.));
#1837 = CARTESIAN_POINT('',(-4.35273579086,5.8966240731,4.));
#1838 = CARTESIAN_POINT('',(-4.328296278863,5.834699184146,4.));
#1839 = CARTESIAN_POINT('',(-4.305233715004,5.781812375585,4.));
#1840 = CARTESIAN_POINT('',(-4.284155455425,5.737776706521,4.));
#1841 = CARTESIAN_POINT('',(-4.265651673232,5.70237782039,4.));
#1842 = CARTESIAN_POINT('',(-4.250313457083,5.675359813047,4.));
#1843 = CARTESIAN_POINT('',(-4.23868099989,5.656463893774,4.));
#1844 = CARTESIAN_POINT('',(-4.231353371475,5.645345288498,4.));
#1845 = CARTESIAN_POINT('',(-4.227918494071,5.640528054655,4.));
#1846 = CARTESIAN_POINT('',(-4.22704812766,5.639331883226,4.));
#1847 = ORIENTED_EDGE('',*,*,#1848,.T.);
#1848 = EDGE_CURVE('',#1822,#1849,#1851,.T.);
#1849 = VERTEX_POINT('',#1850);
#1850 = CARTESIAN_POINT('',(-3.748608883868,5.001043034786,4.));
#1851 = B_SPLINE_CURVE_WITH_KNOTS('',1,(#1852,#1853),.UNSPECIFIED.,.F.,
  .F.,(2,2),(0.,0.797694655894),.PIECEWISE_BEZIER_KNOTS.);
#1852 = CARTESIAN_POINT('',(-4.22704812766,5.639331883226,4.));
#1853 = CARTESIAN_POINT('',(-3.748608883868,5.001043034786,4.));
#1854 = ORIENTED_EDGE('',*,*,#1855,.T.);
#1855 = EDGE_CURVE('',#1849,#1856,#1858,.T.);
#1856 = VERTEX_POINT('',#1857);
#1857 = CARTESIAN_POINT('',(-4.581810471752,4.25082495534,4.));
#1858 = B_SPLINE_CURVE_WITH_KNOTS('',1,(#1859,#1860),.UNSPECIFIED.,.F.,
  .F.,(2,2),(0.,1.121183327017),.PIECEWISE_BEZIER_KNOTS.);
#1859 = CARTESIAN_POINT('',(-3.748608883868,5.001043034786,4.));
#1860 = CARTESIAN_POINT('',(-4.581810471752,4.25082495534,4.));
#1861 = ORIENTED_EDGE('',*,*,#1862,.T.);
#1862 = EDGE_CURVE('',#1856,#1863,#1865,.T.);
#1863 = VERTEX_POINT('',#1864);
#1864 = CARTESIAN_POINT('',(-5.166592188174,4.793362611343,4.));
#1865 = B_SPLINE_CURVE_WITH_KNOTS('',1,(#1866,#1867),.UNSPECIFIED.,.F.,
  .F.,(2,2),(0.,0.797694655894),.PIECEWISE_BEZIER_KNOTS.);
#1866 = CARTESIAN_POINT('',(-4.581810471752,4.25082495534,4.));
#1867 = CARTESIAN_POINT('',(-5.166592188174,4.793362611343,4.));
#1868 = ORIENTED_EDGE('',*,*,#1869,.T.);
#1869 = EDGE_CURVE('',#1863,#1870,#1872,.T.);
#1870 = VERTEX_POINT('',#1871);
#1871 = CARTESIAN_POINT('',(-6.678658115148,5.257901271512,4.));
#1872 = B_SPLINE_CURVE_WITH_KNOTS('',3,(#1873,#1874,#1875,#1876,#1877,
    #1878,#1879,#1880,#1881,#1882,#1883,#1884,#1885,#1886,#1887,#1888,
    #1889,#1890,#1891,#1892,#1893,#1894),.UNSPECIFIED.,.F.,.F.,(4,1,1,1,
    1,1,1,1,1,1,1,1,1,1,1,1,1,1,1,4),(0.,4.43735800818E-03,
    1.774922507116E-02,3.993564258102E-02,7.099661645099E-02,
    0.110932148652,0.15974224008,0.217426891218,0.283986102355,
    0.359419873678,0.443728205316,0.53691109736,0.638968549877,
    0.74990056292,0.869707136527,0.998388270731,1.135943965558,
    1.282374221028,1.437679037159,1.601858413965),.UNSPECIFIED.);
#1873 = CARTESIAN_POINT('',(-5.166592188174,4.793362611343,4.));
#1874 = CARTESIAN_POINT('',(-5.167690828787,4.794353243757,4.));
#1875 = CARTESIAN_POINT('',(-5.172122630863,4.798272842594,4.));
#1876 = CARTESIAN_POINT('',(-5.182414381518,4.806722540217,4.));
#1877 = CARTESIAN_POINT('',(-5.199990864094,4.820266434996,4.));
#1878 = CARTESIAN_POINT('',(-5.225257583802,4.83834477758,4.));
#1879 = CARTESIAN_POINT('',(-5.258528379214,4.860447385287,4.));
#1880 = CARTESIAN_POINT('',(-5.300119538193,4.886013156771,4.));
#1881 = CARTESIAN_POINT('',(-5.350305932924,4.914477558318,4.));
#1882 = CARTESIAN_POINT('',(-5.409336966225,4.945256101592,4.));
#1883 = CARTESIAN_POINT('',(-5.477429731211,4.977752343842,4.));
#1884 = CARTESIAN_POINT('',(-5.55477046755,5.011357094105,4.));
#1885 = CARTESIAN_POINT('',(-5.641513276402,5.04545065481,4.));
#1886 = CARTESIAN_POINT('',(-5.737779833543,5.079404089222,4.));
#1887 = CARTESIAN_POINT('',(-5.843658875246,5.11258082643,4.));
#1888 = CARTESIAN_POINT('',(-5.959205828188,5.144338204329,4.));
#1889 = CARTESIAN_POINT('',(-6.084442559645,5.174028972981,4.));
#1890 = CARTESIAN_POINT('',(-6.219356870712,5.201003164849,4.));
#1891 = CARTESIAN_POINT('',(-6.363903440983,5.224608480536,4.));
#1892 = CARTESIAN_POINT('',(-6.517999169837,5.24419682248,4.));
#1893 = CARTESIAN_POINT('',(-6.624080826341,5.253867508106,4.));
#1894 = CARTESIAN_POINT('',(-6.678658115148,5.257901271512,4.));
#1895 = ORIENTED_EDGE('',*,*,#1896,.T.);
#1896 = EDGE_CURVE('',#1870,#1897,#1899,.T.);
#1897 = VERTEX_POINT('',#1898);
#1898 = CARTESIAN_POINT('',(-7.064380123509,4.727000472876,4.));
#1899 = B_SPLINE_CURVE_WITH_KNOTS('',1,(#1900,#1901),.UNSPECIFIED.,.F.,
  .F.,(2,2),(0.,0.656229476422),.PIECEWISE_BEZIER_KNOTS.);
#1900 = CARTESIAN_POINT('',(-6.678658115148,5.257901271512,4.));
#1901 = CARTESIAN_POINT('',(-7.064380123509,4.727000472876,4.));
#1902 = ORIENTED_EDGE('',*,*,#1903,.T.);
#1903 = EDGE_CURVE('',#1897,#1904,#1906,.T.);
#1904 = VERTEX_POINT('',#1905);
#1905 = CARTESIAN_POINT('',(-6.155323535634,3.432490660496,4.));
#1906 = B_SPLINE_CURVE_WITH_KNOTS('',3,(#1907,#1908,#1909,#1910,#1911,
    #1912,#1913,#1914,#1915,#1916,#1917,#1918,#1919,#1920,#1921,#1922,
    #1923,#1924,#1925,#1926,#1927,#1928),.UNSPECIFIED.,.F.,.F.,(4,1,1,1,
    1,1,1,1,1,1,1,1,1,1,1,1,1,1,1,4),(0.,0.164179376806,0.319484192936,
    0.465914448406,0.603470143233,0.732151277438,0.851957851045,
    0.962889864087,1.064947316605,1.158130208649,1.242438540286,
    1.317872311609,1.384431522746,1.442116173884,1.490926265312,
    1.530861797514,1.561922771384,1.584109188893,1.597421055956,
    1.601858413965),.UNSPECIFIED.);
#1907 = CARTESIAN_POINT('',(-7.064380123509,4.727000472876,4.));
#1908 = CARTESIAN_POINT('',(-7.043678476788,4.676340888158,4.));
#1909 = CARTESIAN_POINT('',(-7.001700073555,4.578439643687,4.));
#1910 = CARTESIAN_POINT('',(-6.93545225433,4.437939027179,4.));
#1911 = CARTESIAN_POINT('',(-6.868334918334,4.307761513319,4.));
#1912 = CARTESIAN_POINT('',(-6.800990122483,4.187785862335,4.));
#1913 = CARTESIAN_POINT('',(-6.734052245142,4.077853604892,4.));
#1914 = CARTESIAN_POINT('',(-6.668143211843,3.977775491826,4.));
#1915 = CARTESIAN_POINT('',(-6.603871836497,3.887330714891,4.));
#1916 = CARTESIAN_POINT('',(-6.541832199302,3.806267966672,4.));
#1917 = CARTESIAN_POINT('',(-6.482602294155,3.734306142727,4.));
#1918 = CARTESIAN_POINT('',(-6.426742675553,3.67113517038,4.));
#1919 = CARTESIAN_POINT('',(-6.374795091032,3.616416993637,4.));
#1920 = CARTESIAN_POINT('',(-6.327281364404,3.569786237685,4.));
#1921 = CARTESIAN_POINT('',(-6.284701660971,3.53085212376,4.));
#1922 = CARTESIAN_POINT('',(-6.247534792467,3.499196838855,4.));
#1923 = CARTESIAN_POINT('',(-6.216232722182,3.474384513478,4.));
#1924 = CARTESIAN_POINT('',(-6.191231350882,3.455940950143,4.));
#1925 = CARTESIAN_POINT('',(-6.172918909678,3.443410015512,4.));
#1926 = CARTESIAN_POINT('',(-6.161702443839,3.43623307915,4.));
#1927 = CARTESIAN_POINT('',(-6.156605181667,3.433229407559,4.));
#1928 = CARTESIAN_POINT('',(-6.155323535634,3.432490660496,4.));
#1929 = ORIENTED_EDGE('',*,*,#1930,.T.);
#1930 = EDGE_CURVE('',#1904,#1931,#1933,.T.);
#1931 = VERTEX_POINT('',#1932);
#1932 = CARTESIAN_POINT('',(-5.458632074183,3.043983554276,4.));
#1933 = B_SPLINE_CURVE_WITH_KNOTS('',1,(#1934,#1935),.UNSPECIFIED.,.F.,
  .F.,(2,2),(0.,0.797694655894),.PIECEWISE_BEZIER_KNOTS.);
#1934 = CARTESIAN_POINT('',(-6.155323535634,3.432490660496,4.));
#1935 = CARTESIAN_POINT('',(-5.458632074183,3.043983554276,4.));
#1936 = ORIENTED_EDGE('',*,*,#1937,.T.);
#1937 = EDGE_CURVE('',#1931,#1938,#1940,.T.);
#1938 = VERTEX_POINT('',#1939);
#1939 = CARTESIAN_POINT('',(-5.914658416886,2.019731618695,4.));
#1940 = B_SPLINE_CURVE_WITH_KNOTS('',1,(#1941,#1942),.UNSPECIFIED.,.F.,
  .F.,(2,2),(0.,1.121183327017),.PIECEWISE_BEZIER_KNOTS.);
#1941 = CARTESIAN_POINT('',(-5.458632074183,3.043983554276,4.));
#1942 = CARTESIAN_POINT('',(-5.914658416886,2.019731618695,4.));
#1943 = ORIENTED_EDGE('',*,*,#1944,.T.);
#1944 = EDGE_CURVE('',#1938,#1945,#1947,.T.);
#1945 = VERTEX_POINT('',#1946);
#1946 = CARTESIAN_POINT('',(-6.669553042581,2.277512277667,4.));
#1947 = B_SPLINE_CURVE_WITH_KNOTS('',1,(#1948,#1949),.UNSPECIFIED.,.F.,
  .F.,(2,2),(0.,0.797694655894),.PIECEWISE_BEZIER_KNOTS.);
#1948 = CARTESIAN_POINT('',(-5.914658416886,2.019731618695,4.));
#1949 = CARTESIAN_POINT('',(-6.669553042581,2.277512277667,4.));
#1950 = ORIENTED_EDGE('',*,*,#1951,.T.);
#1951 = EDGE_CURVE('',#1945,#1952,#1954,.T.);
#1952 = VERTEX_POINT('',#1953);
#1953 = CARTESIAN_POINT('',(-8.23983889704,2.086876841316,4.));
#1954 = B_SPLINE_CURVE_WITH_KNOTS('',3,(#1955,#1956,#1957,#1958,#1959,
    #1960,#1961,#1962,#1963,#1964,#1965,#1966,#1967,#1968,#1969,#1970,
    #1971,#1972,#1973,#1974,#1975,#1976),.UNSPECIFIED.,.F.,.F.,(4,1,1,1,
    1,1,1,1,1,1,1,1,1,1,1,1,1,1,1,4),(0.,4.43735800818E-03,
    1.774922507116E-02,3.993564258102E-02,7.099661645099E-02,
    0.110932148652,0.15974224008,0.217426891218,0.283986102355,
    0.359419873678,0.443728205316,0.53691109736,0.638968549877,
    0.74990056292,0.869707136527,0.998388270731,1.135943965558,
    1.282374221028,1.437679037159,1.601858413965),.UNSPECIFIED.);
#1955 = CARTESIAN_POINT('',(-6.669553042581,2.277512277667,4.));
#1956 = CARTESIAN_POINT('',(-6.670959627225,2.277970408014,4.));
#1957 = CARTESIAN_POINT('',(-6.676602524354,2.279748563428,4.));
#1958 = CARTESIAN_POINT('',(-6.689441308062,2.283281714197,4.));
#1959 = CARTESIAN_POINT('',(-6.711007022178,2.288505678231,4.));
#1960 = CARTESIAN_POINT('',(-6.741442443571,2.294744165225,4.));
#1961 = CARTESIAN_POINT('',(-6.780826768054,2.30140345046,4.));
#1962 = CARTESIAN_POINT('',(-6.829220718488,2.307842296485,4.));
#1963 = CARTESIAN_POINT('',(-6.886645786562,2.313433175502,4.));
#1964 = CARTESIAN_POINT('',(-6.953092080265,2.31754068958,4.));
#1965 = CARTESIAN_POINT('',(-7.028515328901,2.31953166143,4.));
#1966 = CARTESIAN_POINT('',(-7.112837890588,2.318773816917,4.));
#1967 = CARTESIAN_POINT('',(-7.20594849003,2.31463835555,4.));
#1968 = CARTESIAN_POINT('',(-7.307702471962,2.306501225037,4.));
#1969 = CARTESIAN_POINT('',(-7.41792198429,2.293744796618,4.));
#1970 = CARTESIAN_POINT('',(-7.536396267574,2.275759425187,4.));
#1971 = CARTESIAN_POINT('',(-7.662882038299,2.251944924281,4.));
#1972 = CARTESIAN_POINT('',(-7.797103786594,2.221712480749,4.));
#1973 = CARTESIAN_POINT('',(-7.938754796145,2.184484622911,4.));
#1974 = CARTESIAN_POINT('',(-8.087495545727,2.13970308425,4.));
#1975 = CARTESIAN_POINT('',(-8.188339383373,2.105390398318,4.));
#1976 = CARTESIAN_POINT('',(-8.23983889704,2.086876841316,4.));
#1977 = ORIENTED_EDGE('',*,*,#1978,.T.);
#1978 = EDGE_CURVE('',#1952,#1979,#1981,.T.);
#1979 = VERTEX_POINT('',#1980);
#1980 = CARTESIAN_POINT('',(-8.376276677048,1.444987553423,4.));
#1981 = B_SPLINE_CURVE_WITH_KNOTS('',1,(#1982,#1983),.UNSPECIFIED.,.F.,
  .F.,(2,2),(0.,0.656229476422),.PIECEWISE_BEZIER_KNOTS.);
#1982 = CARTESIAN_POINT('',(-8.23983889704,2.086876841316,4.));
#1983 = CARTESIAN_POINT('',(-8.376276677048,1.444987553423,4.));
#1984 = ORIENTED_EDGE('',*,*,#1985,.T.);
#1985 = EDGE_CURVE('',#1979,#1986,#1988,.T.);
#1986 = VERTEX_POINT('',#1987);
#1987 = CARTESIAN_POINT('',(-7.019287584938,0.632140619367,4.));
#1988 = B_SPLINE_CURVE_WITH_KNOTS('',3,(#1989,#1990,#1991,#1992,#1993,
    #1994,#1995,#1996,#1997,#1998,#1999,#2000,#2001,#2002,#2003,#2004,
    #2005,#2006,#2007,#2008,#2009,#2010),.UNSPECIFIED.,.F.,.F.,(4,1,1,1,
    1,1,1,1,1,1,1,1,1,1,1,1,1,1,1,4),(0.,0.164179376806,0.319484192936,
    0.465914448406,0.603470143233,0.732151277438,0.851957851045,
    0.962889864087,1.064947316605,1.158130208649,1.242438540286,
    1.317872311609,1.384431522746,1.442116173884,1.490926265312,
    1.530861797514,1.561922771384,1.584109188893,1.597421055956,
    1.601858413965),.UNSPECIFIED.);
#1989 = CARTESIAN_POINT('',(-8.376276677048,1.444987553423,4.));
#1990 = CARTESIAN_POINT('',(-8.336759672292,1.407127838211,4.));
#1991 = CARTESIAN_POINT('',(-8.25859046917,1.334764755839,4.));
#1992 = CARTESIAN_POINT('',(-8.14092332573,1.233356471436,4.));
#1993 = CARTESIAN_POINT('',(-8.026660623311,1.141732474897,4.));
#1994 = CARTESIAN_POINT('',(-7.916339597432,1.059520860105,4.));
#1995 = CARTESIAN_POINT('',(-7.810475326286,0.986318833195,4.));
#1996 = CARTESIAN_POINT('',(-7.709558992544,0.921700546546,4.));
#1997 = CARTESIAN_POINT('',(-7.614056964586,0.865216654863,4.));
#1998 = CARTESIAN_POINT('',(-7.524409745744,0.816395943214,4.));
#1999 = CARTESIAN_POINT('',(-7.441031024239,0.774746518615,4.));
#2000 = CARTESIAN_POINT('',(-7.364306774167,0.739757117527,4.));
#2001 = CARTESIAN_POINT('',(-7.294594406768,0.710898561856,4.));
#2002 = CARTESIAN_POINT('',(-7.232222020492,0.687624820239,4.));
#2003 = CARTESIAN_POINT('',(-7.177487595034,0.669375462952,4.));
#2004 = CARTESIAN_POINT('',(-7.13065860682,0.655574048546,4.));
#2005 = CARTESIAN_POINT('',(-7.091970660765,0.645638560394,4.));
#2006 = CARTESIAN_POINT('',(-7.061629098542,0.638958500721,4.));
#2007 = CARTESIAN_POINT('',(-7.039803060776,0.634959263171,4.));
#2008 = CARTESIAN_POINT('',(-7.026637186355,0.63296495322,4.));
#2009 = CARTESIAN_POINT('',(-7.02075890235,0.632294205986,4.));
#2010 = CARTESIAN_POINT('',(-7.019287584938,0.632140619367,4.));
#2011 = ORIENTED_EDGE('',*,*,#2012,.T.);
#2012 = EDGE_CURVE('',#1986,#2013,#2015,.T.);
#2013 = VERTEX_POINT('',#2014);
#2014 = CARTESIAN_POINT('',(-6.224808188756,0.560591663508,4.));
#2015 = B_SPLINE_CURVE_WITH_KNOTS('',1,(#2016,#2017),.UNSPECIFIED.,.F.,
  .F.,(2,2),(0.,0.797694655894),.PIECEWISE_BEZIER_KNOTS.);
#2016 = CARTESIAN_POINT('',(-7.019287584938,0.632140619367,4.));
#2017 = CARTESIAN_POINT('',(-6.224808188756,0.560591663508,4.));
#2018 = ORIENTED_EDGE('',*,*,#2019,.T.);
#2019 = EDGE_CURVE('',#2013,#2020,#2022,.T.);
#2020 = VERTEX_POINT('',#2021);
#2021 = CARTESIAN_POINT('',(-6.224808188756,-0.560591663508,4.));
#2022 = B_SPLINE_CURVE_WITH_KNOTS('',1,(#2023,#2024),.UNSPECIFIED.,.F.,
  .F.,(2,2),(0.,1.121183327017),.PIECEWISE_BEZIER_KNOTS.);
#2023 = CARTESIAN_POINT('',(-6.224808188756,0.560591663508,4.));
#2024 = CARTESIAN_POINT('',(-6.224808188756,-0.560591663508,4.));
#2025 = ORIENTED_EDGE('',*,*,#2026,.T.);
#2026 = EDGE_CURVE('',#2020,#2027,#2029,.T.);
#2027 = VERTEX_POINT('',#2028);
#2028 = CARTESIAN_POINT('',(-7.019287584938,-0.632140619367,4.));
#2029 = B_SPLINE_CURVE_WITH_KNOTS('',1,(#2030,#2031),.UNSPECIFIED.,.F.,
  .F.,(2,2),(0.,0.797694655894),.PIECEWISE_BEZIER_KNOTS.);
#2030 = CARTESIAN_POINT('',(-6.224808188756,-0.560591663508,4.));
#2031 = CARTESIAN_POINT('',(-7.019287584938,-0.632140619367,4.));
#2032 = ORIENTED_EDGE('',*,*,#2033,.T.);
#2033 = EDGE_CURVE('',#2027,#2034,#2036,.T.);
#2034 = VERTEX_POINT('',#2035);
#2035 = CARTESIAN_POINT('',(-8.376276677048,-1.444987553423,4.));
#2036 = B_SPLINE_CURVE_WITH_KNOTS('',3,(#2037,#2038,#2039,#2040,#2041,
    #2042,#2043,#2044,#2045,#2046,#2047,#2048,#2049,#2050,#2051,#2052,
    #2053,#2054,#2055,#2056,#2057,#2058),.UNSPECIFIED.,.F.,.F.,(4,1,1,1,
    1,1,1,1,1,1,1,1,1,1,1,1,1,1,1,4),(0.,4.43735800818E-03,
    1.774922507116E-02,3.993564258102E-02,7.099661645099E-02,
    0.110932148652,0.15974224008,0.217426891218,0.283986102355,
    0.359419873678,0.443728205316,0.53691109736,0.638968549877,
    0.74990056292,0.869707136527,0.998388270731,1.135943965558,
    1.282374221028,1.437679037159,1.601858413965),.UNSPECIFIED.);
#2037 = CARTESIAN_POINT('',(-7.019287584938,-0.632140619367,4.));
#2038 = CARTESIAN_POINT('',(-7.02075890235,-0.632294205986,4.));
#2039 = CARTESIAN_POINT('',(-7.026637186355,-0.63296495322,4.));
#2040 = CARTESIAN_POINT('',(-7.039803060776,-0.634959263171,4.));
#2041 = CARTESIAN_POINT('',(-7.061629098542,-0.638958500721,4.));
#2042 = CARTESIAN_POINT('',(-7.091970660765,-0.645638560394,4.));
#2043 = CARTESIAN_POINT('',(-7.13065860682,-0.655574048546,4.));
#2044 = CARTESIAN_POINT('',(-7.177487595034,-0.669375462952,4.));
#2045 = CARTESIAN_POINT('',(-7.232222020492,-0.687624820239,4.));
#2046 = CARTESIAN_POINT('',(-7.294594406768,-0.710898561856,4.));
#2047 = CARTESIAN_POINT('',(-7.364306774167,-0.739757117527,4.));
#2048 = CARTESIAN_POINT('',(-7.441031024239,-0.774746518615,4.));
#2049 = CARTESIAN_POINT('',(-7.524409745744,-0.816395943214,4.));
#2050 = CARTESIAN_POINT('',(-7.614056964586,-0.865216654863,4.));
#2051 = CARTESIAN_POINT('',(-7.709558992544,-0.921700546546,4.));
#2052 = CARTESIAN_POINT('',(-7.810475326286,-0.986318833195,4.));
#2053 = CARTESIAN_POINT('',(-7.916339597432,-1.059520860105,4.));
#2054 = CARTESIAN_POINT('',(-8.026660623311,-1.141732474897,4.));
#2055 = CARTESIAN_POINT('',(-8.14092332573,-1.233356471436,4.));
#2056 = CARTESIAN_POINT('',(-8.25859046917,-1.334764755839,4.));
#2057 = CARTESIAN_POINT('',(-8.336759672292,-1.407127838211,4.));
#2058 = CARTESIAN_POINT('',(-8.376276677048,-1.444987553423,4.));
#2059 = ORIENTED_EDGE('',*,*,#2060,.T.);
#2060 = EDGE_CURVE('',#2034,#2061,#2063,.T.);
#2061 = VERTEX_POINT('',#2062);
#2062 = CARTESIAN_POINT('',(-8.23983889704,-2.086876841316,4.));
#2063 = B_SPLINE_CURVE_WITH_KNOTS('',1,(#2064,#2065),.UNSPECIFIED.,.F.,
  .F.,(2,2),(0.,0.656229476422),.PIECEWISE_BEZIER_KNOTS.);
#2064 = CARTESIAN_POINT('',(-8.376276677048,-1.444987553423,4.));
#2065 = CARTESIAN_POINT('',(-8.23983889704,-2.086876841316,4.));
#2066 = ORIENTED_EDGE('',*,*,#2067,.T.);
#2067 = EDGE_CURVE('',#2061,#2068,#2070,.T.);
#2068 = VERTEX_POINT('',#2069);
#2069 = CARTESIAN_POINT('',(-6.669553042581,-2.277512277667,4.));
#2070 = B_SPLINE_CURVE_WITH_KNOTS('',3,(#2071,#2072,#2073,#2074,#2075,
    #2076,#2077,#2078,#2079,#2080,#2081,#2082,#2083,#2084,#2085,#2086,
    #2087,#2088,#2089,#2090,#2091,#2092),.UNSPECIFIED.,.F.,.F.,(4,1,1,1,
    1,1,1,1,1,1,1,1,1,1,1,1,1,1,1,4),(0.,0.164179376806,0.319484192936,
    0.465914448406,0.603470143233,0.732151277438,0.851957851045,
    0.962889864087,1.064947316605,1.158130208649,1.242438540286,
    1.317872311609,1.384431522746,1.442116173884,1.490926265312,
    1.530861797514,1.561922771384,1.584109188893,1.597421055956,
    1.601858413965),.UNSPECIFIED.);
#2071 = CARTESIAN_POINT('',(-8.23983889704,-2.086876841316,4.));
#2072 = CARTESIAN_POINT('',(-8.188339383373,-2.105390398318,4.));
#2073 = CARTESIAN_POINT('',(-8.087495545727,-2.13970308425,4.));
#2074 = CARTESIAN_POINT('',(-7.938754796145,-2.184484622911,4.));
#2075 = CARTESIAN_POINT('',(-7.797103786594,-2.221712480749,4.));
#2076 = CARTESIAN_POINT('',(-7.662882038299,-2.251944924281,4.));
#2077 = CARTESIAN_POINT('',(-7.536396267574,-2.275759425187,4.));
#2078 = CARTESIAN_POINT('',(-7.41792198429,-2.293744796618,4.));
#2079 = CARTESIAN_POINT('',(-7.307702471962,-2.306501225037,4.));
#2080 = CARTESIAN_POINT('',(-7.20594849003,-2.31463835555,4.));
#2081 = CARTESIAN_POINT('',(-7.112837890588,-2.318773816917,4.));
#2082 = CARTESIAN_POINT('',(-7.028515328901,-2.31953166143,4.));
#2083 = CARTESIAN_POINT('',(-6.953092080265,-2.31754068958,4.));
#2084 = CARTESIAN_POINT('',(-6.886645786562,-2.313433175502,4.));
#2085 = CARTESIAN_POINT('',(-6.829220718488,-2.307842296485,4.));
#2086 = CARTESIAN_POINT('',(-6.780826768054,-2.30140345046,4.));
#2087 = CARTESIAN_POINT('',(-6.741442443571,-2.294744165225,4.));
#2088 = CARTESIAN_POINT('',(-6.711007022178,-2.288505678231,4.));
#2089 = CARTESIAN_POINT('',(-6.689441308062,-2.283281714197,4.));
#2090 = CARTESIAN_POINT('',(-6.676602524354,-2.279748563428,4.));
#2091 = CARTESIAN_POINT('',(-6.670959627225,-2.277970408014,4.));
#2092 = CARTESIAN_POINT('',(-6.669553042581,-2.277512277667,4.));
#2093 = ORIENTED_EDGE('',*,*,#2094,.T.);
#2094 = EDGE_CURVE('',#2068,#2095,#2097,.T.);
#2095 = VERTEX_POINT('',#2096);
#2096 = CARTESIAN_POINT('',(-5.914658416886,-2.019731618695,4.));
#2097 = B_SPLINE_CURVE_WITH_KNOTS('',1,(#2098,#2099),.UNSPECIFIED.,.F.,
  .F.,(2,2),(0.,0.797694655894),.PIECEWISE_BEZIER_KNOTS.);
#2098 = CARTESIAN_POINT('',(-6.669553042581,-2.277512277667,4.));
#2099 = CARTESIAN_POINT('',(-5.914658416886,-2.019731618695,4.));
#2100 = ORIENTED_EDGE('',*,*,#2101,.T.);
#2101 = EDGE_CURVE('',#2095,#2102,#2104,.T.);
#2102 = VERTEX_POINT('',#2103);
#2103 = CARTESIAN_POINT('',(-5.458632074183,-3.043983554276,4.));
#2104 = B_SPLINE_CURVE_WITH_KNOTS('',1,(#2105,#2106),.UNSPECIFIED.,.F.,
  .F.,(2,2),(0.,1.121183327017),.PIECEWISE_BEZIER_KNOTS.);
#2105 = CARTESIAN_POINT('',(-5.914658416886,-2.019731618695,4.));
#2106 = CARTESIAN_POINT('',(-5.458632074183,-3.043983554276,4.));
#2107 = ORIENTED_EDGE('',*,*,#2108,.T.);
#2108 = EDGE_CURVE('',#2102,#2109,#2111,.T.);
#2109 = VERTEX_POINT('',#2110);
#2110 = CARTESIAN_POINT('',(-6.155323535634,-3.432490660496,4.));
#2111 = B_SPLINE_CURVE_WITH_KNOTS('',1,(#2112,#2113),.UNSPECIFIED.,.F.,
  .F.,(2,2),(0.,0.797694655894),.PIECEWISE_BEZIER_KNOTS.);
#2112 = CARTESIAN_POINT('',(-5.458632074183,-3.043983554276,4.));
#2113 = CARTESIAN_POINT('',(-6.155323535634,-3.432490660496,4.));
#2114 = ORIENTED_EDGE('',*,*,#2115,.T.);
#2115 = EDGE_CURVE('',#2109,#2116,#2118,.T.);
#2116 = VERTEX_POINT('',#2117);
#2117 = CARTESIAN_POINT('',(-7.064380123509,-4.727000472876,4.));
#2118 = B_SPLINE_CURVE_WITH_KNOTS('',3,(#2119,#2120,#2121,#2122,#2123,
    #2124,#2125,#2126,#2127,#2128,#2129,#2130,#2131,#2132,#2133,#2134,
    #2135,#2136,#2137,#2138,#2139,#2140),.UNSPECIFIED.,.F.,.F.,(4,1,1,1,
    1,1,1,1,1,1,1,1,1,1,1,1,1,1,1,4),(0.,4.43735800818E-03,
    1.774922507116E-02,3.993564258102E-02,7.099661645099E-02,
    0.110932148652,0.15974224008,0.217426891218,0.283986102355,
    0.359419873678,0.443728205316,0.53691109736,0.638968549877,
    0.74990056292,0.869707136527,0.998388270731,1.135943965558,
    1.282374221028,1.437679037159,1.601858413965),.UNSPECIFIED.);
#2119 = CARTESIAN_POINT('',(-6.155323535634,-3.432490660496,4.));
#2120 = CARTESIAN_POINT('',(-6.156605181667,-3.433229407559,4.));
#2121 = CARTESIAN_POINT('',(-6.161702443839,-3.43623307915,4.));
#2122 = CARTESIAN_POINT('',(-6.172918909678,-3.443410015512,4.));
#2123 = CARTESIAN_POINT('',(-6.191231350882,-3.455940950143,4.));
#2124 = CARTESIAN_POINT('',(-6.216232722182,-3.474384513478,4.));
#2125 = CARTESIAN_POINT('',(-6.247534792467,-3.499196838855,4.));
#2126 = CARTESIAN_POINT('',(-6.284701660971,-3.53085212376,4.));
#2127 = CARTESIAN_POINT('',(-6.327281364404,-3.569786237685,4.));
#2128 = CARTESIAN_POINT('',(-6.374795091032,-3.616416993637,4.));
#2129 = CARTESIAN_POINT('',(-6.426742675553,-3.67113517038,4.));
#2130 = CARTESIAN_POINT('',(-6.482602294155,-3.734306142727,4.));
#2131 = CARTESIAN_POINT('',(-6.541832199302,-3.806267966672,4.));
#2132 = CARTESIAN_POINT('',(-6.603871836497,-3.887330714891,4.));
#2133 = CARTESIAN_POINT('',(-6.668143211843,-3.977775491826,4.));
#2134 = CARTESIAN_POINT('',(-6.734052245142,-4.077853604892,4.));
#2135 = CARTESIAN_POINT('',(-6.800990122483,-4.187785862335,4.));
#2136 = CARTESIAN_POINT('',(-6.868334918334,-4.307761513319,4.));
#2137 = CARTESIAN_POINT('',(-6.93545225433,-4.437939027179,4.));
#2138 = CARTESIAN_POINT('',(-7.001700073555,-4.578439643687,4.));
#2139 = CARTESIAN_POINT('',(-7.043678476788,-4.676340888158,4.));
#2140 = CARTESIAN_POINT('',(-7.064380123509,-4.727000472876,4.));
#2141 = ORIENTED_EDGE('',*,*,#2142,.T.);
#2142 = EDGE_CURVE('',#2116,#2143,#2145,.T.);
#2143 = VERTEX_POINT('',#2144);
#2144 = CARTESIAN_POINT('',(-6.678658115148,-5.257901271512,4.));
#2145 = B_SPLINE_CURVE_WITH_KNOTS('',1,(#2146,#2147),.UNSPECIFIED.,.F.,
  .F.,(2,2),(0.,0.656229476422),.PIECEWISE_BEZIER_KNOTS.);
#2146 = CARTESIAN_POINT('',(-7.064380123509,-4.727000472876,4.));
#2147 = CARTESIAN_POINT('',(-6.678658115148,-5.257901271512,4.));
#2148 = ORIENTED_EDGE('',*,*,#2149,.T.);
#2149 = EDGE_CURVE('',#2143,#2150,#2152,.T.);
#2150 = VERTEX_POINT('',#2151);
#2151 = CARTESIAN_POINT('',(-5.166592188174,-4.793362611343,4.));
#2152 = B_SPLINE_CURVE_WITH_KNOTS('',3,(#2153,#2154,#2155,#2156,#2157,
    #2158,#2159,#2160,#2161,#2162,#2163,#2164,#2165,#2166,#2167,#2168,
    #2169,#2170,#2171,#2172,#2173,#2174),.UNSPECIFIED.,.F.,.F.,(4,1,1,1,
    1,1,1,1,1,1,1,1,1,1,1,1,1,1,1,4),(0.,0.164179376806,0.319484192936,
    0.465914448406,0.603470143233,0.732151277438,0.851957851045,
    0.962889864087,1.064947316605,1.158130208649,1.242438540286,
    1.317872311609,1.384431522746,1.442116173884,1.490926265312,
    1.530861797514,1.561922771384,1.584109188893,1.597421055956,
    1.601858413965),.UNSPECIFIED.);
#2153 = CARTESIAN_POINT('',(-6.678658115148,-5.257901271512,4.));
#2154 = CARTESIAN_POINT('',(-6.624080826341,-5.253867508106,4.));
#2155 = CARTESIAN_POINT('',(-6.517999169837,-5.24419682248,4.));
#2156 = CARTESIAN_POINT('',(-6.363903440983,-5.224608480536,4.));
#2157 = CARTESIAN_POINT('',(-6.219356870712,-5.201003164849,4.));
#2158 = CARTESIAN_POINT('',(-6.084442559645,-5.174028972981,4.));
#2159 = CARTESIAN_POINT('',(-5.959205828188,-5.144338204329,4.));
#2160 = CARTESIAN_POINT('',(-5.843658875246,-5.11258082643,4.));
#2161 = CARTESIAN_POINT('',(-5.737779833543,-5.079404089222,4.));
#2162 = CARTESIAN_POINT('',(-5.641513276402,-5.04545065481,4.));
#2163 = CARTESIAN_POINT('',(-5.55477046755,-5.011357094105,4.));
#2164 = CARTESIAN_POINT('',(-5.477429731211,-4.977752343842,4.));
#2165 = CARTESIAN_POINT('',(-5.409336966225,-4.945256101592,4.));
#2166 = CARTESIAN_POINT('',(-5.350305932924,-4.914477558318,4.));
#2167 = CARTESIAN_POINT('',(-5.300119538193,-4.886013156771,4.));
#2168 = CARTESIAN_POINT('',(-5.258528379214,-4.860447385287,4.));
#2169 = CARTESIAN_POINT('',(-5.225257583802,-4.83834477758,4.));
#2170 = CARTESIAN_POINT('',(-5.199990864094,-4.820266434996,4.));
#2171 = CARTESIAN_POINT('',(-5.182414381518,-4.806722540217,4.));
#2172 = CARTESIAN_POINT('',(-5.172122630863,-4.798272842594,4.));
#2173 = CARTESIAN_POINT('',(-5.167690828787,-4.794353243757,4.));
#2174 = CARTESIAN_POINT('',(-5.166592188174,-4.793362611343,4.));
#2175 = ORIENTED_EDGE('',*,*,#2176,.T.);
#2176 = EDGE_CURVE('',#2150,#2177,#2179,.T.);
#2177 = VERTEX_POINT('',#2178);
#2178 = CARTESIAN_POINT('',(-4.581810471752,-4.25082495534,4.));
#2179 = B_SPLINE_CURVE_WITH_KNOTS('',1,(#2180,#2181),.UNSPECIFIED.,.F.,
  .F.,(2,2),(0.,0.797694655894),.PIECEWISE_BEZIER_KNOTS.);
#2180 = CARTESIAN_POINT('',(-5.166592188174,-4.793362611343,4.));
#2181 = CARTESIAN_POINT('',(-4.581810471752,-4.25082495534,4.));
#2182 = ORIENTED_EDGE('',*,*,#2183,.T.);
#2183 = EDGE_CURVE('',#2177,#2184,#2186,.T.);
#2184 = VERTEX_POINT('',#2185);
#2185 = CARTESIAN_POINT('',(-3.748608883868,-5.001043034786,4.));
#2186 = B_SPLINE_CURVE_WITH_KNOTS('',1,(#2187,#2188),.UNSPECIFIED.,.F.,
  .F.,(2,2),(0.,1.121183327017),.PIECEWISE_BEZIER_KNOTS.);
#2187 = CARTESIAN_POINT('',(-4.581810471752,-4.25082495534,4.));
#2188 = CARTESIAN_POINT('',(-3.748608883868,-5.001043034786,4.));
#2189 = ORIENTED_EDGE('',*,*,#2190,.T.);
#2190 = EDGE_CURVE('',#2184,#2191,#2193,.T.);
#2191 = VERTEX_POINT('',#2192);
#2192 = CARTESIAN_POINT('',(-4.22704812766,-5.639331883226,4.));
#2193 = B_SPLINE_CURVE_WITH_KNOTS('',1,(#2194,#2195),.UNSPECIFIED.,.F.,
  .F.,(2,2),(0.,0.797694655894),.PIECEWISE_BEZIER_KNOTS.);
#2194 = CARTESIAN_POINT('',(-3.748608883868,-5.001043034786,4.));
#2195 = CARTESIAN_POINT('',(-4.22704812766,-5.639331883226,4.));
#2196 = ORIENTED_EDGE('',*,*,#2197,.T.);
#2197 = EDGE_CURVE('',#2191,#2198,#2200,.T.);
#2198 = VERTEX_POINT('',#2199);
#2199 = CARTESIAN_POINT('',(-4.530988068737,-7.191672067118,4.));
#2200 = B_SPLINE_CURVE_WITH_KNOTS('',3,(#2201,#2202,#2203,#2204,#2205,
    #2206,#2207,#2208,#2209,#2210,#2211,#2212,#2213,#2214,#2215,#2216,
    #2217,#2218,#2219,#2220,#2221,#2222),.UNSPECIFIED.,.F.,.F.,(4,1,1,1,
    1,1,1,1,1,1,1,1,1,1,1,1,1,1,1,4),(0.,4.43735800818E-03,
    1.774922507116E-02,3.993564258102E-02,7.099661645099E-02,
    0.110932148652,0.15974224008,0.217426891218,0.283986102355,
    0.359419873678,0.443728205316,0.53691109736,0.638968549877,
    0.74990056292,0.869707136527,0.998388270731,1.135943965558,
    1.282374221028,1.437679037159,1.601858413965),.UNSPECIFIED.);
#2201 = CARTESIAN_POINT('',(-4.22704812766,-5.639331883226,4.));
#2202 = CARTESIAN_POINT('',(-4.227918494071,-5.640528054655,4.));
#2203 = CARTESIAN_POINT('',(-4.231353371475,-5.645345288498,4.));
#2204 = CARTESIAN_POINT('',(-4.23868099989,-5.656463893774,4.));
#2205 = CARTESIAN_POINT('',(-4.250313457083,-5.675359813047,4.));
#2206 = CARTESIAN_POINT('',(-4.265651673232,-5.70237782039,4.));
#2207 = CARTESIAN_POINT('',(-4.284155455425,-5.737776706521,4.));
#2208 = CARTESIAN_POINT('',(-4.305233715004,-5.781812375585,4.));
#2209 = CARTESIAN_POINT('',(-4.328296278863,-5.834699184146,4.));
#2210 = CARTESIAN_POINT('',(-4.35273579086,-5.8966240731,4.));
#2211 = CARTESIAN_POINT('',(-4.377936383211,-5.967740601059,4.));
#2212 = CARTESIAN_POINT('',(-4.403272734819,-6.048170309656,4.));
#2213 = CARTESIAN_POINT('',(-4.428112434922,-6.138001679833,4.));
#2214 = CARTESIAN_POINT('',(-4.451817273586,-6.237289979023,4.));
#2215 = CARTESIAN_POINT('',(-4.473744891635,-6.346056917613,4.));
#2216 = CARTESIAN_POINT('',(-4.493250353869,-6.464290442167,4.));
#2217 = CARTESIAN_POINT('',(-4.5096876703,-6.591944644126,4.));
#2218 = CARTESIAN_POINT('',(-4.522411709113,-6.728939451304,4.));
#2219 = CARTESIAN_POINT('',(-4.53077848155,-6.875161607713,4.));
#2220 = CARTESIAN_POINT('',(-4.534152126774,-7.030460723322,4.));
#2221 = CARTESIAN_POINT('',(-4.532681282837,-7.136972115319,4.));
#2222 = CARTESIAN_POINT('',(-4.530988068737,-7.191672067118,4.));
#2223 = ORIENTED_EDGE('',*,*,#2224,.T.);
#2224 = EDGE_CURVE('',#2198,#2225,#2227,.T.);
#2225 = VERTEX_POINT('',#2226);
#2226 = CARTESIAN_POINT('',(-3.962676671443,-7.519786805329,4.));
#2227 = B_SPLINE_CURVE_WITH_KNOTS('',1,(#2228,#2229),.UNSPECIFIED.,.F.,
  .F.,(2,2),(0.,0.656229476422),.PIECEWISE_BEZIER_KNOTS.);
#2228 = CARTESIAN_POINT('',(-4.530988068737,-7.191672067118,4.));
#2229 = CARTESIAN_POINT('',(-3.962676671443,-7.519786805329,4.));
#2230 = ORIENTED_EDGE('',*,*,#2231,.T.);
#2231 = EDGE_CURVE('',#2225,#2232,#2234,.T.);
#2232 = VERTEX_POINT('',#2233);
#2233 = CARTESIAN_POINT('',(-2.770280607415,-6.480397003186,4.));
#2234 = B_SPLINE_CURVE_WITH_KNOTS('',3,(#2235,#2236,#2237,#2238,#2239,
    #2240,#2241,#2242,#2243,#2244,#2245,#2246,#2247,#2248,#2249,#2250,
    #2251,#2252,#2253,#2254,#2255,#2256),.UNSPECIFIED.,.F.,.F.,(4,1,1,1,
    1,1,1,1,1,1,1,1,1,1,1,1,1,1,1,4),(0.,0.164179376806,0.319484192936,
    0.465914448406,0.603470143233,0.732151277438,0.851957851045,
    0.962889864087,1.064947316605,1.158130208649,1.242438540286,
    1.317872311609,1.384431522746,1.442116173884,1.490926265312,
    1.530861797514,1.561922771384,1.584109188893,1.597421055956,
    1.601858413965),.UNSPECIFIED.);
#2235 = CARTESIAN_POINT('',(-3.962676671443,-7.519786805329,4.));
#2236 = CARTESIAN_POINT('',(-3.914458516549,-7.493903195855,4.));
#2237 = CARTESIAN_POINT('',(-3.821481523319,-7.44192128807,4.));
#2238 = CARTESIAN_POINT('',(-3.688675366628,-7.361350067799,4.));
#2239 = CARTESIAN_POINT('',(-3.5662266508,-7.280993152116,4.));
#2240 = CARTESIAN_POINT('',(-3.453947687004,-7.201476407676,4.));
#2241 = CARTESIAN_POINT('',(-3.351614563423,-7.123414173097,4.));
#2242 = CARTESIAN_POINT('',(-3.258974058698,-7.047405185014,4.));
#2243 = CARTESIAN_POINT('',(-3.175742935811,-6.974031841443,4.));
#2244 = CARTESIAN_POINT('',(-3.101609165746,-6.903858699373,4.));
#2245 = CARTESIAN_POINT('',(-3.036232767167,-6.837431202972,4.));
#2246 = CARTESIAN_POINT('',(-2.979246772108,-6.775274424543,4.));
#2247 = CARTESIAN_POINT('',(-2.930258348442,-6.717891807397,4.));
#2248 = CARTESIAN_POINT('',(-2.888849577479,-6.665764124674,4.));
#2249 = CARTESIAN_POINT('',(-2.85457953967,-6.619347954215,4.));
#2250 = CARTESIAN_POINT('',(-2.826982661377,-6.57907581142,4.));
#2251 = CARTESIAN_POINT('',(-2.805578217819,-6.545351622909,4.));
#2252 = CARTESIAN_POINT('',(-2.789849045175,-6.518559334404,4.));
#2253 = CARTESIAN_POINT('',(-2.779300927653,-6.49903737133,4.));
#2254 = CARTESIAN_POINT('',(-2.773335747237,-6.487132156336,4.));
#2255 = CARTESIAN_POINT('',(-2.770881339054,-6.481748848323,4.));
#2256 = CARTESIAN_POINT('',(-2.770280607415,-6.480397003186,4.));
#2257 = ORIENTED_EDGE('',*,*,#2258,.T.);
#2258 = EDGE_CURVE('',#2232,#2259,#2261,.T.);
#2259 = VERTEX_POINT('',#2260);
#2260 = CARTESIAN_POINT('',(-2.45672587161,-5.746912039675,4.));
#2261 = B_SPLINE_CURVE_WITH_KNOTS('',1,(#2262,#2263),.UNSPECIFIED.,.F.,
  .F.,(2,2),(0.,0.797694655894),.PIECEWISE_BEZIER_KNOTS.);
#2262 = CARTESIAN_POINT('',(-2.770280607415,-6.480397003186,4.));
#2263 = CARTESIAN_POINT('',(-2.45672587161,-5.746912039675,4.));
#2264 = ORIENTED_EDGE('',*,*,#2265,.T.);
#2265 = EDGE_CURVE('',#2259,#2266,#2268,.T.);
#2266 = VERTEX_POINT('',#2267);
#2267 = CARTESIAN_POINT('',(-1.39041716249,-6.093376741533,4.));
#2268 = B_SPLINE_CURVE_WITH_KNOTS('',1,(#2269,#2270),.UNSPECIFIED.,.F.,
  .F.,(2,2),(0.,1.121183327017),.PIECEWISE_BEZIER_KNOTS.);
#2269 = CARTESIAN_POINT('',(-2.45672587161,-5.746912039675,4.));
#2270 = CARTESIAN_POINT('',(-1.39041716249,-6.093376741533,4.));
#2271 = ORIENTED_EDGE('',*,*,#2272,.T.);
#2272 = EDGE_CURVE('',#2266,#2273,#2275,.T.);
#2273 = VERTEX_POINT('',#2274);
#2274 = CARTESIAN_POINT('',(-1.567877696887,-6.871081391624,4.));
#2275 = B_SPLINE_CURVE_WITH_KNOTS('',1,(#2276,#2277),.UNSPECIFIED.,.F.,
  .F.,(2,2),(0.,0.797694655894),.PIECEWISE_BEZIER_KNOTS.);
#2276 = CARTESIAN_POINT('',(-1.39041716249,-6.093376741533,4.));
#2277 = CARTESIAN_POINT('',(-1.567877696887,-6.871081391624,4.));
#2278 = ORIENTED_EDGE('',*,*,#2279,.T.);
#2279 = EDGE_CURVE('',#2273,#2280,#2282,.T.);
#2280 = VERTEX_POINT('',#2281);
#2281 = CARTESIAN_POINT('',(-1.214147014146,-8.412838226665,4.));
#2282 = B_SPLINE_CURVE_WITH_KNOTS('',3,(#2283,#2284,#2285,#2286,#2287,
    #2288,#2289,#2290,#2291,#2292,#2293,#2294,#2295,#2296,#2297,#2298,
    #2299,#2300,#2301,#2302,#2303,#2304),.UNSPECIFIED.,.F.,.F.,(4,1,1,1,
    1,1,1,1,1,1,1,1,1,1,1,1,1,1,1,4),(0.,4.43735800818E-03,
    1.774922507116E-02,3.993564258102E-02,7.099661645099E-02,
    0.110932148652,0.15974224008,0.217426891218,0.283986102355,
    0.359419873678,0.443728205316,0.53691109736,0.638968549877,
    0.74990056292,0.869707136527,0.998388270731,1.135943965558,
    1.282374221028,1.437679037159,1.601858413965),.UNSPECIFIED.);
#2283 = CARTESIAN_POINT('',(-1.567877696887,-6.871081391624,4.));
#2284 = CARTESIAN_POINT('',(-1.568186289416,-6.872528158512,4.));
#2285 = CARTESIAN_POINT('',(-1.569364860544,-6.878326011113,4.));
#2286 = CARTESIAN_POINT('',(-1.571536638012,-6.891463777441,4.));
#2287 = CARTESIAN_POINT('',(-1.574477753669,-6.913457405251,4.));
#2288 = CARTESIAN_POINT('',(-1.577500697751,-6.94437819768,4.));
#2289 = CARTESIAN_POINT('',(-1.580006719809,-6.984242855564,4.));
#2290 = CARTESIAN_POINT('',(-1.581351747892,-7.033044741554,4.));
#2291 = CARTESIAN_POINT('',(-1.58090944537,-7.09073963509,4.));
#2292 = CARTESIAN_POINT('',(-1.578048929086,-7.157251281177,4.));
#2293 = CARTESIAN_POINT('',(-1.572145117909,-7.232469466594,4.));
#2294 = CARTESIAN_POINT('',(-1.562577317155,-7.316250884142,4.));
#2295 = CARTESIAN_POINT('',(-1.548731802405,-7.408419140556,4.));
#2296 = CARTESIAN_POINT('',(-1.530003060581,-7.508765141781,4.));
#2297 = CARTESIAN_POINT('',(-1.505795436967,-7.617047450228,4.));
#2298 = CARTESIAN_POINT('',(-1.475524656514,-7.732992735756,4.));
#2299 = CARTESIAN_POINT('',(-1.438619250696,-7.856296311011,4.));
#2300 = CARTESIAN_POINT('',(-1.394522430566,-7.986622627662,4.));
#2301 = CARTESIAN_POINT('',(-1.34269194848,-8.123606287391,4.));
#2302 = CARTESIAN_POINT('',(-1.282608085795,-8.266851274165,4.));
#2303 = CARTESIAN_POINT('',(-1.237942316967,-8.363556026386,4.));
#2304 = CARTESIAN_POINT('',(-1.214147014146,-8.412838226665,4.));
#2305 = ORIENTED_EDGE('',*,*,#2306,.T.);
#2306 = EDGE_CURVE('',#2280,#2307,#2309,.T.);
#2307 = VERTEX_POINT('',#2308);
#2308 = CARTESIAN_POINT('',(-0.561512431458,-8.481432885387,4.));
#2309 = B_SPLINE_CURVE_WITH_KNOTS('',1,(#2310,#2311),.UNSPECIFIED.,.F.,
  .F.,(2,2),(0.,0.656229476422),.PIECEWISE_BEZIER_KNOTS.);
#2310 = CARTESIAN_POINT('',(-1.214147014146,-8.412838226665,4.));
#2311 = CARTESIAN_POINT('',(-0.561512431458,-8.481432885387,4.));
#2312 = ORIENTED_EDGE('',*,*,#2313,.T.);
#2313 = EDGE_CURVE('',#2307,#2314,#2316,.T.);
#2314 = VERTEX_POINT('',#2315);
#2315 = CARTESIAN_POINT('',(0.105037657575,-7.046911880619,4.));
#2316 = B_SPLINE_CURVE_WITH_KNOTS('',3,(#2317,#2318,#2319,#2320,#2321,
    #2322,#2323,#2324,#2325,#2326,#2327,#2328,#2329,#2330,#2331,#2332,
    #2333,#2334,#2335,#2336,#2337,#2338),.UNSPECIFIED.,.F.,.F.,(4,1,1,1,
    1,1,1,1,1,1,1,1,1,1,1,1,1,1,1,4),(0.,0.164179376806,0.319484192936,
    0.465914448406,0.603470143233,0.732151277438,0.851957851045,
    0.962889864087,1.064947316605,1.158130208649,1.242438540286,
    1.317872311609,1.384431522746,1.442116173884,1.490926265312,
    1.530861797514,1.561922771384,1.584109188893,1.597421055956,
    1.601858413965),.UNSPECIFIED.);
#2317 = CARTESIAN_POINT('',(-0.561512431458,-8.481432885387,4.));
#2318 = CARTESIAN_POINT('',(-0.527990767507,-8.438174941067,4.));
#2319 = CARTESIAN_POINT('',(-0.464195004349,-8.352869955221,4.));
#2320 = CARTESIAN_POINT('',(-0.375641810819,-8.225247352573,4.));
#2321 = CARTESIAN_POINT('',(-0.296463444813,-8.102033277637,4.));
#2322 = CARTESIAN_POINT('',(-0.22623388115,-7.983723148124,4.));
#2323 = CARTESIAN_POINT('',(-0.16449869218,-7.87078711715,4.));
#2324 = CARTESIAN_POINT('',(-0.110783020551,-7.763669163442,4.));
#2325 = CARTESIAN_POINT('',(-6.45912337584E-02,-7.662786131189,4.));
#2326 = CARTESIAN_POINT('',(-2.540865309732E-02,-7.568526855227,4.));
#2327 = CARTESIAN_POINT('',(7.297161967383E-03,-7.481251340733,4.));
#2328 = CARTESIAN_POINT('',(3.407501950042E-02,-7.401290005805,4.));
#2329 = CARTESIAN_POINT('',(5.548855834877E-02,-7.328942989572,4.));
#2330 = CARTESIAN_POINT('',(7.211511428651E-02,-7.264479517308,4.));
#2331 = CARTESIAN_POINT('',(8.454319430343E-02,-7.208137355487,4.));
#2332 = CARTESIAN_POINT('',(9.337404094262E-02,-7.160122260732,4.));
#2333 = CARTESIAN_POINT('',(9.921110990359E-02,-7.120607709984,4.));
#2334 = CARTESIAN_POINT('',(0.102683018638,-7.089734105642,4.));
#2335 = CARTESIAN_POINT('',(0.10437890576,-7.067609599039,4.));
#2336 = CARTESIAN_POINT('',(0.104986082051,-7.054307386501,4.));
#2337 = CARTESIAN_POINT('',(0.105038706867,-7.048391192174,4.));
#2338 = CARTESIAN_POINT('',(0.105037657575,-7.046911880619,4.));
#2339 = ORIENTED_EDGE('',*,*,#2340,.T.);
#2340 = EDGE_CURVE('',#2314,#2341,#2343,.T.);
#2341 = VERTEX_POINT('',#2342);
#2342 = CARTESIAN_POINT('',(9.314895038661E-02,-6.249305823293,4.));
#2343 = B_SPLINE_CURVE_WITH_KNOTS('',1,(#2344,#2345),.UNSPECIFIED.,.F.,
  .F.,(2,2),(0.,0.797694655894),.PIECEWISE_BEZIER_KNOTS.);
#2344 = CARTESIAN_POINT('',(0.105037657575,-7.046911880619,4.));
#2345 = CARTESIAN_POINT('',(9.314895038661E-02,-6.249305823293,4.));
#2346 = ORIENTED_EDGE('',*,*,#2347,.T.);
#2347 = EDGE_CURVE('',#2341,#2348,#2350,.T.);
#2348 = VERTEX_POINT('',#2349);
#2349 = CARTESIAN_POINT('',(1.208190317827,-6.132110253078,4.));
#2350 = B_SPLINE_CURVE_WITH_KNOTS('',1,(#2351,#2352),.UNSPECIFIED.,.F.,
  .F.,(2,2),(0.,1.121183327017),.PIECEWISE_BEZIER_KNOTS.);
#2351 = CARTESIAN_POINT('',(9.314895038661E-02,-6.249305823293,4.));
#2352 = CARTESIAN_POINT('',(1.208190317827,-6.132110253078,4.));
#2353 = ORIENTED_EDGE('',*,*,#2354,.T.);
#2354 = EDGE_CURVE('',#2348,#2355,#2357,.T.);
#2355 = VERTEX_POINT('',#2356);
#2356 = CARTESIAN_POINT('',(1.3623930314,-6.914758505596,4.));
#2357 = B_SPLINE_CURVE_WITH_KNOTS('',1,(#2358,#2359),.UNSPECIFIED.,.F.,
  .F.,(2,2),(0.,0.797694655894),.PIECEWISE_BEZIER_KNOTS.);
#2358 = CARTESIAN_POINT('',(1.208190317827,-6.132110253078,4.));
#2359 = CARTESIAN_POINT('',(1.3623930314,-6.914758505596,4.));
#2360 = ORIENTED_EDGE('',*,*,#2361,.T.);
#2361 = EDGE_CURVE('',#2355,#2362,#2364,.T.);
#2362 = VERTEX_POINT('',#2363);
#2363 = CARTESIAN_POINT('',(2.312631089371,-8.179348228586,4.));
#2364 = B_SPLINE_CURVE_WITH_KNOTS('',3,(#2365,#2366,#2367,#2368,#2369,
    #2370,#2371,#2372,#2373,#2374,#2375,#2376,#2377,#2378,#2379,#2380,
    #2381,#2382,#2383,#2384,#2385,#2386),.UNSPECIFIED.,.F.,.F.,(4,1,1,1,
    1,1,1,1,1,1,1,1,1,1,1,1,1,1,1,4),(0.,4.43735800818E-03,
    1.774922507116E-02,3.993564258102E-02,7.099661645099E-02,
    0.110932148652,0.15974224008,0.217426891218,0.283986102355,
    0.359419873678,0.443728205316,0.53691109736,0.638968549877,
    0.74990056292,0.869707136527,0.998388270731,1.135943965558,
    1.282374221028,1.437679037159,1.601858413965),.UNSPECIFIED.);
#2365 = CARTESIAN_POINT('',(1.3623930314,-6.914758505596,4.));
#2366 = CARTESIAN_POINT('',(1.362699571203,-6.916205708804,4.));
#2367 = CARTESIAN_POINT('',(1.363981092007,-6.921981678776,4.));
#2368 = CARTESIAN_POINT('',(1.36734068554,-6.934866967005,4.));
#2369 = CARTESIAN_POINT('',(1.373599457035,-6.956155405297,4.));
#2370 = CARTESIAN_POINT('',(1.383414479514,-6.985632496896,4.));
#2371 = CARTESIAN_POINT('',(1.397339531572,-7.023069965026,4.));
#2372 = CARTESIAN_POINT('',(1.41596030256,-7.068199778504,4.));
#2373 = CARTESIAN_POINT('',(1.439830993338,-7.120726785779,4.));
#2374 = CARTESIAN_POINT('',(1.469496928652,-7.180324721152,4.));
#2375 = CARTESIAN_POINT('',(1.50548432077,-7.246638656432,4.));
#2376 = CARTESIAN_POINT('',(1.548301914214,-7.319285214708,4.));
#2377 = CARTESIAN_POINT('',(1.598438628535,-7.397853628503,4.));
#2378 = CARTESIAN_POINT('',(1.65636258124,-7.481906596536,4.));
#2379 = CARTESIAN_POINT('',(1.722519728475,-7.570981279995,4.));
#2380 = CARTESIAN_POINT('',(1.797332658673,-7.664590333299,4.));
#2381 = CARTESIAN_POINT('',(1.881199506799,-7.762222973511,4.));
#2382 = CARTESIAN_POINT('',(1.974492445064,-7.863346195509,4.));
#2383 = CARTESIAN_POINT('',(2.077558220455,-7.967405639332,4.));
#2384 = CARTESIAN_POINT('',(2.190710545347,-8.073828137718,4.));
#2385 = CARTESIAN_POINT('',(2.27084812186,-8.144005119969,4.));
#2386 = CARTESIAN_POINT('',(2.312631089371,-8.179348228586,4.));
#2387 = ORIENTED_EDGE('',*,*,#2388,.T.);
#2388 = EDGE_CURVE('',#2362,#2389,#2391,.T.);
#2389 = VERTEX_POINT('',#2390);
#2390 = CARTESIAN_POINT('',(2.936742409107,-7.976562168162,4.));
#2391 = B_SPLINE_CURVE_WITH_KNOTS('',1,(#2392,#2393),.UNSPECIFIED.,.F.,
  .F.,(2,2),(0.,0.656229476422),.PIECEWISE_BEZIER_KNOTS.);
#2392 = CARTESIAN_POINT('',(2.312631089371,-8.179348228586,4.));
#2393 = CARTESIAN_POINT('',(2.936742409107,-7.976562168162,4.));
#2394 = ORIENTED_EDGE('',*,*,#2395,.T.);
#2395 = EDGE_CURVE('',#2389,#2396,#2398,.T.);
#2396 = VERTEX_POINT('',#2397);
#2397 = CARTESIAN_POINT('',(2.962193957333,-6.394951674709,4.));
#2398 = B_SPLINE_CURVE_WITH_KNOTS('',3,(#2399,#2400,#2401,#2402,#2403,
    #2404,#2405,#2406,#2407,#2408,#2409,#2410,#2411,#2412,#2413,#2414,
    #2415,#2416,#2417,#2418,#2419,#2420),.UNSPECIFIED.,.F.,.F.,(4,1,1,1,
    1,1,1,1,1,1,1,1,1,1,1,1,1,1,1,4),(0.,0.164179376806,0.319484192936,
    0.465914448406,0.603470143233,0.732151277438,0.851957851045,
    0.962889864087,1.064947316605,1.158130208649,1.242438540286,
    1.317872311609,1.384431522746,1.442116173884,1.490926265312,
    1.530861797514,1.561922771384,1.584109188893,1.597421055956,
    1.601858413965),.UNSPECIFIED.);
#2399 = CARTESIAN_POINT('',(2.936742409107,-7.976562168162,4.));
#2400 = CARTESIAN_POINT('',(2.949771381883,-7.923409580556,4.));
#2401 = CARTESIAN_POINT('',(2.973355047952,-7.819531523673,4.));
#2402 = CARTESIAN_POINT('',(3.00234362668,-7.666924646061,4.));
#2403 = CARTESIAN_POINT('',(3.024560984069,-7.522158244792,4.));
#2404 = CARTESIAN_POINT('',(3.040597818025,-7.385511626414,4.));
#2405 = CARTESIAN_POINT('',(3.051060497365,-7.257229464792,4.));
#2406 = CARTESIAN_POINT('',(3.056563408281,-7.137524212791,4.));
#2407 = CARTESIAN_POINT('',(3.057728879404,-7.026575084625,4.));
#2408 = CARTESIAN_POINT('',(3.055185246502,-6.924527959904,4.));
#2409 = CARTESIAN_POINT('',(3.049565345505,-6.831495156647,4.));
#2410 = CARTESIAN_POINT('',(3.041504930675,-6.747555306454,4.));
#2411 = CARTESIAN_POINT('',(3.031640989303,-6.672753347493,4.));
#2412 = CARTESIAN_POINT('',(3.020610447647,-6.607100405674,4.));
#2413 = CARTESIAN_POINT('',(3.009047641931,-6.550574324123,4.));
#2414 = CARTESIAN_POINT('',(2.997585523307,-6.503118523494,4.));
#2415 = CARTESIAN_POINT('',(2.986845935419,-6.464646035313,4.));
#2416 = CARTESIAN_POINT('',(2.977460255682,-6.435029441801,4.));
#2417 = CARTESIAN_POINT('',(2.970010678114,-6.414127919857,4.));
#2418 = CARTESIAN_POINT('',(2.965154863984,-6.401728783169,4.));
#2419 = CARTESIAN_POINT('',(2.962796606125,-6.396302666274,4.));
#2420 = CARTESIAN_POINT('',(2.962193957333,-6.394951674709,4.));
#2421 = ORIENTED_EDGE('',*,*,#2422,.T.);
#2422 = EDGE_CURVE('',#2396,#2423,#2425,.T.);
#2423 = VERTEX_POINT('',#2424);
#2424 = CARTESIAN_POINT('',(2.62691747263,-5.671137856902,4.));
#2425 = B_SPLINE_CURVE_WITH_KNOTS('',1,(#2426,#2427),.UNSPECIFIED.,.F.,
  .F.,(2,2),(0.,0.797694655894),.PIECEWISE_BEZIER_KNOTS.);
#2426 = CARTESIAN_POINT('',(2.962193957333,-6.394951674709,4.));
#2427 = CARTESIAN_POINT('',(2.62691747263,-5.671137856902,4.));
#2428 = ORIENTED_EDGE('',*,*,#2429,.T.);
#2429 = EDGE_CURVE('',#2423,#2430,#2432,.T.);
#2430 = VERTEX_POINT('',#2431);
#2431 = CARTESIAN_POINT('',(3.597890716126,-5.110546193394,4.));
#2432 = B_SPLINE_CURVE_WITH_KNOTS('',1,(#2433,#2434),.UNSPECIFIED.,.F.,
  .F.,(2,2),(0.,1.121183327017),.PIECEWISE_BEZIER_KNOTS.);
#2433 = CARTESIAN_POINT('',(2.62691747263,-5.671137856902,4.));
#2434 = CARTESIAN_POINT('',(3.597890716126,-5.110546193394,4.));
#2435 = ORIENTED_EDGE('',*,*,#2436,.T.);
#2436 = EDGE_CURVE('',#2430,#2437,#2439,.T.);
#2437 = VERTEX_POINT('',#2438);
#2438 = CARTESIAN_POINT('',(4.057093627605,-5.762811055341,4.));
#2439 = B_SPLINE_CURVE_WITH_KNOTS('',1,(#2440,#2441),.UNSPECIFIED.,.F.,
  .F.,(2,2),(0.,0.797694655894),.PIECEWISE_BEZIER_KNOTS.);
#2440 = CARTESIAN_POINT('',(3.597890716126,-5.110546193394,4.));
#2441 = CARTESIAN_POINT('',(4.057093627605,-5.762811055341,4.));
#2442 = ORIENTED_EDGE('',*,*,#2443,.T.);
#2443 = EDGE_CURVE('',#2437,#2444,#2446,.T.);
#2444 = VERTEX_POINT('',#2445);
#2445 = CARTESIAN_POINT('',(5.439534267941,-6.531574614739,4.));
#2446 = B_SPLINE_CURVE_WITH_KNOTS('',3,(#2447,#2448,#2449,#2450,#2451,
    #2452,#2453,#2454,#2455,#2456,#2457,#2458,#2459,#2460,#2461,#2462,
    #2463,#2464,#2465,#2466,#2467,#2468),.UNSPECIFIED.,.F.,.F.,(4,1,1,1,
    1,1,1,1,1,1,1,1,1,1,1,1,1,1,1,4),(0.,4.43735800818E-03,
    1.774922507116E-02,3.993564258102E-02,7.099661645099E-02,
    0.110932148652,0.15974224008,0.217426891218,0.283986102355,
    0.359419873678,0.443728205316,0.53691109736,0.638968549877,
    0.74990056292,0.869707136527,0.998388270731,1.135943965558,
    1.282374221028,1.437679037159,1.601858413965),.UNSPECIFIED.);
#2447 = CARTESIAN_POINT('',(4.057093627605,-5.762811055341,4.));
#2448 = CARTESIAN_POINT('',(4.057962296225,-5.764008460288,4.));
#2449 = CARTESIAN_POINT('',(4.061482322371,-5.768763829949,4.));
#2450 = CARTESIAN_POINT('',(4.069792382662,-5.779168656686,4.));
#2451 = CARTESIAN_POINT('',(4.084168842859,-5.79607094108,4.));
#2452 = CARTESIAN_POINT('',(4.105124725346,-5.819007474919,4.));
#2453 = CARTESIAN_POINT('',(4.133073083513,-5.847544474947,4.));
#2454 = CARTESIAN_POINT('',(4.168439953103,-5.881198861171,4.));
#2455 = CARTESIAN_POINT('',(4.211611572845,-5.919475585436,4.));
#2456 = CARTESIAN_POINT('',(4.262953417465,-5.961854785637,4.));
#2457 = CARTESIAN_POINT('',(4.322801843492,-6.007798188927,4.));
#2458 = CARTESIAN_POINT('',(4.391465678734,-6.056748638032,4.));
#2459 = CARTESIAN_POINT('',(4.469224499242,-6.10813201669,4.));
#2460 = CARTESIAN_POINT('',(4.556328085182,-6.161358429762,4.));
#2461 = CARTESIAN_POINT('',(4.652995584263,-6.215823666245,4.));
#2462 = CARTESIAN_POINT('',(4.75941482892,-6.270910631598,4.));
#2463 = CARTESIAN_POINT('',(4.875741779407,-6.325990766308,4.));
#2464 = CARTESIAN_POINT('',(5.002099639242,-6.380425769895,4.));
#2465 = CARTESIAN_POINT('',(5.13857969905,-6.433568174626,4.));
#2466 = CARTESIAN_POINT('',(5.285235421218,-6.484766767834,4.));
#2467 = CARTESIAN_POINT('',(5.386988290409,-6.516281742345,4.));
#2468 = CARTESIAN_POINT('',(5.439534267941,-6.531574614739,4.));
#2469 = ORIENTED_EDGE('',*,*,#2470,.T.);
#2470 = EDGE_CURVE('',#2444,#2471,#2473,.T.);
#2471 = VERTEX_POINT('',#2472);
#2472 = CARTESIAN_POINT('',(5.92720780767,-6.09247138727,4.));
#2473 = B_SPLINE_CURVE_WITH_KNOTS('',1,(#2474,#2475),.UNSPECIFIED.,.F.,
  .F.,(2,2),(0.,0.656229476422),.PIECEWISE_BEZIER_KNOTS.);
#2474 = CARTESIAN_POINT('',(5.439534267941,-6.531574614739,4.));
#2475 = CARTESIAN_POINT('',(5.92720780767,-6.09247138727,4.));
#2476 = ORIENTED_EDGE('',*,*,#2477,.T.);
#2477 = EDGE_CURVE('',#2471,#2478,#2480,.T.);
#2478 = VERTEX_POINT('',#2479);
#2479 = CARTESIAN_POINT('',(5.307160011181,-4.637246227929,4.));
#2480 = B_SPLINE_CURVE_WITH_KNOTS('',3,(#2481,#2482,#2483,#2484,#2485,
    #2486,#2487,#2488,#2489,#2490,#2491,#2492,#2493,#2494,#2495,#2496,
    #2497,#2498,#2499,#2500,#2501,#2502),.UNSPECIFIED.,.F.,.F.,(4,1,1,1,
    1,1,1,1,1,1,1,1,1,1,1,1,1,1,1,4),(0.,0.164179376806,0.319484192936,
    0.465914448406,0.603470143233,0.732151277438,0.851957851045,
    0.962889864087,1.064947316605,1.158130208649,1.242438540286,
    1.317872311609,1.384431522746,1.442116173884,1.490926265312,
    1.530861797514,1.561922771384,1.584109188893,1.597421055956,
    1.601858413965),.UNSPECIFIED.);
#2481 = CARTESIAN_POINT('',(5.92720780767,-6.09247138727,4.));
#2482 = CARTESIAN_POINT('',(5.917491261513,-6.038614721651,4.));
#2483 = CARTESIAN_POINT('',(5.89678500038,-5.934125053468,4.));
#2484 = CARTESIAN_POINT('',(5.86119657569,-5.782921016422,4.));
#2485 = CARTESIAN_POINT('',(5.822611341531,-5.64163371476,4.));
#2486 = CARTESIAN_POINT('',(5.7816825315,-5.51027804923,4.));
#2487 = CARTESIAN_POINT('',(5.739063608901,-5.388830908111,4.));
#2488 = CARTESIAN_POINT('',(5.695402255815,-5.277236483377,4.));
#2489 = CARTESIAN_POINT('',(5.651339890723,-5.175405371499,4.));
#2490 = CARTESIAN_POINT('',(5.607509861495,-5.083215272953,4.));
#2491 = CARTESIAN_POINT('',(5.564535976374,-5.000511397791,4.));
#2492 = CARTESIAN_POINT('',(5.523031008131,-4.927106995002,4.));
#2493 = CARTESIAN_POINT('',(5.483595151613,-4.862784031572,4.));
#2494 = CARTESIAN_POINT('',(5.446814793224,-4.807293610277,4.));
#2495 = CARTESIAN_POINT('',(5.413260415928,-4.760357482019,4.));
#2496 = CARTESIAN_POINT('',(5.383487236482,-4.721666514566,4.));
#2497 = CARTESIAN_POINT('',(5.358027964057,-4.690888331671,4.));
#2498 = CARTESIAN_POINT('',(5.337407565142,-4.667649727066,4.));
#2499 = CARTESIAN_POINT('',(5.322100622522,-4.651585252808,4.));
#2500 = CARTESIAN_POINT('',(5.312621432347,-4.642233115348,4.));
#2501 = CARTESIAN_POINT('',(5.308260056022,-4.63823530079,4.));
#2502 = CARTESIAN_POINT('',(5.307160011181,-4.637246227929,4.));
#2503 = ORIENTED_EDGE('',*,*,#2504,.T.);
#2504 = EDGE_CURVE('',#2478,#2505,#2507,.T.);
#2505 = VERTEX_POINT('',#2506);
#2506 = CARTESIAN_POINT('',(4.70646809906,-4.112378634383,4.));
#2507 = B_SPLINE_CURVE_WITH_KNOTS('',1,(#2508,#2509),.UNSPECIFIED.,.F.,
  .F.,(2,2),(0.,0.797694655894),.PIECEWISE_BEZIER_KNOTS.);
#2508 = CARTESIAN_POINT('',(5.307160011181,-4.637246227929,4.));
#2509 = CARTESIAN_POINT('',(4.70646809906,-4.112378634383,4.));
#2510 = ORIENTED_EDGE('',*,*,#2511,.T.);
#2511 = EDGE_CURVE('',#2505,#2512,#2514,.T.);
#2512 = VERTEX_POINT('',#2513);
#2513 = CARTESIAN_POINT('',(5.365483123796,-3.205322269017,4.));
#2514 = B_SPLINE_CURVE_WITH_KNOTS('',1,(#2515,#2516),.UNSPECIFIED.,.F.,
  .F.,(2,2),(0.,1.121183327017),.PIECEWISE_BEZIER_KNOTS.);
#2515 = CARTESIAN_POINT('',(4.70646809906,-4.112378634383,4.));
#2516 = CARTESIAN_POINT('',(5.365483123796,-3.205322269017,4.));
#2517 = ORIENTED_EDGE('',*,*,#2518,.T.);
#2518 = EDGE_CURVE('',#2512,#2519,#2521,.T.);
#2519 = VERTEX_POINT('',#2520);
#2520 = CARTESIAN_POINT('',(6.050285878059,-3.614421220123,4.));
#2521 = B_SPLINE_CURVE_WITH_KNOTS('',1,(#2522,#2523),.UNSPECIFIED.,.F.,
  .F.,(2,2),(0.,0.797694655894),.PIECEWISE_BEZIER_KNOTS.);
#2522 = CARTESIAN_POINT('',(5.365483123796,-3.205322269017,4.));
#2523 = CARTESIAN_POINT('',(6.050285878059,-3.614421220123,4.));
#2524 = ORIENTED_EDGE('',*,*,#2525,.T.);
#2525 = EDGE_CURVE('',#2519,#2526,#2528,.T.);
#2526 = VERTEX_POINT('',#2527);
#2527 = CARTESIAN_POINT('',(7.625892554966,-3.75443241251,4.));
#2528 = B_SPLINE_CURVE_WITH_KNOTS('',3,(#2529,#2530,#2531,#2532,#2533,
    #2534,#2535,#2536,#2537,#2538,#2539,#2540,#2541,#2542,#2543,#2544,
    #2545,#2546,#2547,#2548,#2549,#2550),.UNSPECIFIED.,.F.,.F.,(4,1,1,1,
    1,1,1,1,1,1,1,1,1,1,1,1,1,1,1,4),(0.,4.43735800818E-03,
    1.774922507116E-02,3.993564258102E-02,7.099661645099E-02,
    0.110932148652,0.15974224008,0.217426891218,0.283986102355,
    0.359419873678,0.443728205316,0.53691109736,0.638968549877,
    0.74990056292,0.869707136527,0.998388270731,1.135943965558,
    1.282374221028,1.437679037159,1.601858413965),.UNSPECIFIED.);
#2529 = CARTESIAN_POINT('',(6.050285878059,-3.614421220123,4.));
#2530 = CARTESIAN_POINT('',(6.051566474799,-3.615161784615,4.));
#2531 = CARTESIAN_POINT('',(6.056716361788,-3.61807430735,4.));
#2532 = CARTESIAN_POINT('',(6.068540003919,-3.624199583527,4.));
#2533 = CARTESIAN_POINT('',(6.088548332244,-3.633793155499,4.));
#2534 = CARTESIAN_POINT('',(6.117021612278,-3.646223196506,4.));
#2535 = CARTESIAN_POINT('',(6.154160751525,-3.660925421876,4.));
#2536 = CARTESIAN_POINT('',(6.200158466667,-3.677285231727,4.));
#2537 = CARTESIAN_POINT('',(6.255166250117,-3.694693279623,4.));
#2538 = CARTESIAN_POINT('',(6.319306532683,-3.712525995935,4.));
#2539 = CARTESIAN_POINT('',(6.392667656052,-3.730154835424,4.));
#2540 = CARTESIAN_POINT('',(6.475305132188,-3.746945198006,4.));
#2541 = CARTESIAN_POINT('',(6.5672408524,-3.762258888555,4.));
#2542 = CARTESIAN_POINT('',(6.668463070256,-3.775455416298,4.));
#2543 = CARTESIAN_POINT('',(6.778926232394,-3.785893671616,4.));
#2544 = CARTESIAN_POINT('',(6.898550937321,-3.792933512258,4.));
#2545 = CARTESIAN_POINT('',(7.027224003632,-3.79593728579,4.));
#2546 = CARTESIAN_POINT('',(7.164798363146,-3.794271764317,4.));
#2547 = CARTESIAN_POINT('',(7.311094065148,-3.787308325394,4.));
#2548 = CARTESIAN_POINT('',(7.465895077904,-3.774430311535,4.));
#2549 = CARTESIAN_POINT('',(7.571669244295,-3.761834052909,4.));
#2550 = CARTESIAN_POINT('',(7.625892554966,-3.75443241251,4.));
#2551 = ORIENTED_EDGE('',*,*,#2552,.T.);
#2552 = EDGE_CURVE('',#2526,#2553,#2555,.T.);
#2553 = VERTEX_POINT('',#2554);
#2554 = CARTESIAN_POINT('',(7.892805129294,-3.154936955154,4.));
#2555 = B_SPLINE_CURVE_WITH_KNOTS('',1,(#2556,#2557),.UNSPECIFIED.,.F.,
  .F.,(2,2),(0.,0.656229476422),.PIECEWISE_BEZIER_KNOTS.);
#2556 = CARTESIAN_POINT('',(7.625892554966,-3.75443241251,4.));
#2557 = CARTESIAN_POINT('',(7.892805129294,-3.154936955154,4.));
#2558 = ORIENTED_EDGE('',*,*,#2559,.T.);
#2559 = EDGE_CURVE('',#2553,#2560,#2562,.T.);
#2560 = VERTEX_POINT('',#2561);
#2561 = CARTESIAN_POINT('',(6.734469885061,-2.077718780281,4.));
#2562 = B_SPLINE_CURVE_WITH_KNOTS('',3,(#2563,#2564,#2565,#2566,#2567,
    #2568,#2569,#2570,#2571,#2572,#2573,#2574,#2575,#2576,#2577,#2578,
    #2579,#2580,#2581,#2582,#2583,#2584),.UNSPECIFIED.,.F.,.F.,(4,1,1,1,
    1,1,1,1,1,1,1,1,1,1,1,1,1,1,1,4),(0.,0.164179376806,0.319484192936,
    0.465914448406,0.603470143233,0.732151277438,0.851957851045,
    0.962889864087,1.064947316605,1.158130208649,1.242438540286,
    1.317872311609,1.384431522746,1.442116173884,1.490926265312,
    1.530861797514,1.561922771384,1.584109188893,1.597421055956,
    1.601858413965),.UNSPECIFIED.);
#2563 = CARTESIAN_POINT('',(7.892805129294,-3.154936955154,4.));
#2564 = CARTESIAN_POINT('',(7.862023143308,-3.10968851828,4.));
#2565 = CARTESIAN_POINT('',(7.800607255632,-3.022654451685,4.));
#2566 = CARTESIAN_POINT('',(7.706595389463,-2.898997806855,4.));
#2567 = CARTESIAN_POINT('',(7.613879301278,-2.785619462813,4.));
#2568 = CARTESIAN_POINT('',(7.523061810341,-2.682267338029,4.));
#2569 = CARTESIAN_POINT('',(7.434730484702,-2.588654531426,4.));
#2570 = CARTESIAN_POINT('',(7.349454312213,-2.504466623798,4.));
#2571 = CARTESIAN_POINT('',(7.267782894124,-2.429361052559,4.));
#2572 = CARTESIAN_POINT('',(7.190245078807,-2.362968485747,4.));
#2573 = CARTESIAN_POINT('',(7.117347784705,-2.304893790037,4.));
#2574 = CARTESIAN_POINT('',(7.04957484912,-2.254717122752,4.));
#2575 = CARTESIAN_POINT('',(6.987385895311,-2.211995179585,4.));
#2576 = CARTESIAN_POINT('',(6.931215378294,-2.176262076771,4.));
#2577 = CARTESIAN_POINT('',(6.881471286085,-2.147031584784,4.));
#2578 = CARTESIAN_POINT('',(6.838535099023,-2.123795470277,4.));
#2579 = CARTESIAN_POINT('',(6.802758281553,-2.1060334201,4.));
#2580 = CARTESIAN_POINT('',(6.774468617763,-2.093190970254,4.));
#2581 = CARTESIAN_POINT('',(6.75395101953,-2.084741237224,4.));
#2582 = CARTESIAN_POINT('',(6.741487491407,-2.080053168519,4.));
#2583 = CARTESIAN_POINT('',(6.735877118203,-2.078174914755,4.));
#2584 = CARTESIAN_POINT('',(6.734469885061,-2.077718780281,4.));
#2585 = ORIENTED_EDGE('',*,*,#2586,.T.);
#2586 = EDGE_CURVE('',#2560,#2587,#2589,.T.);
#2587 = VERTEX_POINT('',#2588);
#2588 = CARTESIAN_POINT('',(5.972227634242,-1.842551786193,4.));
#2589 = B_SPLINE_CURVE_WITH_KNOTS('',1,(#2590,#2591),.UNSPECIFIED.,.F.,
  .F.,(2,2),(0.,0.797694655894),.PIECEWISE_BEZIER_KNOTS.);
#2590 = CARTESIAN_POINT('',(6.734469885061,-2.077718780281,4.));
#2591 = CARTESIAN_POINT('',(5.972227634242,-1.842551786193,4.));
#2592 = ORIENTED_EDGE('',*,*,#2593,.T.);
#2593 = EDGE_CURVE('',#2587,#2594,#2596,.T.);
#2594 = VERTEX_POINT('',#2595);
#2595 = CARTESIAN_POINT('',(6.205334755478,-0.745869004888,4.));
#2596 = B_SPLINE_CURVE_WITH_KNOTS('',1,(#2597,#2598),.UNSPECIFIED.,.F.,
  .F.,(2,2),(0.,1.121183327017),.PIECEWISE_BEZIER_KNOTS.);
#2597 = CARTESIAN_POINT('',(5.972227634242,-1.842551786193,4.));
#2598 = CARTESIAN_POINT('',(6.205334755478,-0.745869004888,4.));
#2599 = ORIENTED_EDGE('',*,*,#2600,.T.);
#2600 = EDGE_CURVE('',#2594,#64,#2601,.T.);
#2601 = B_SPLINE_CURVE_WITH_KNOTS('',1,(#2602,#2603),.UNSPECIFIED.,.F.,
  .F.,(2,2),(0.,0.797694655894),.PIECEWISE_BEZIER_KNOTS.);
#2602 = CARTESIAN_POINT('',(6.205334755478,-0.745869004888,4.));
#2603 = CARTESIAN_POINT('',(6.997328735075,-0.84106511996,4.));
#2604 = ORIENTED_EDGE('',*,*,#71,.T.);
#2605 = FACE_BOUND('',#2606,.T.);
#2606 = EDGE_LOOP('',(#2607));
#2607 = ORIENTED_EDGE('',*,*,#2608,.F.);
#2608 = EDGE_CURVE('',#2609,#2609,#2611,.T.);
#2609 = VERTEX_POINT('',#2610);
#2610 = CARTESIAN_POINT('',(2.45,-6.000769315822E-16,4.));
#2611 = CIRCLE('',#2612,2.45);
#2612 = AXIS2_PLACEMENT_3D('',#2613,#2614,#2615);
#2613 = CARTESIAN_POINT('',(0.,0.,4.));
#2614 = DIRECTION('',(0.,0.,1.));
#2615 = DIRECTION('',(1.,0.,0.));
#2616 = PLANE('',#2617);
#2617 = AXIS2_PLACEMENT_3D('',#2618,#2619,#2620);
#2618 = CARTESIAN_POINT('',(1.110785478451E-15,3.080702892704E-15,4.));
#2619 = DIRECTION('',(0.,0.,1.));
#2620 = DIRECTION('',(1.,0.,0.));
#2621 = ADVANCED_FACE('',(#2622),#2633,.F.);
#2622 = FACE_BOUND('',#2623,.F.);
#2623 = EDGE_LOOP('',(#2624,#2630,#2631,#2632));
#2624 = ORIENTED_EDGE('',*,*,#2625,.T.);
#2625 = EDGE_CURVE('',#1402,#2594,#2626,.T.);
#2626 = LINE('',#2627,#2628);
#2627 = CARTESIAN_POINT('',(6.205334755478,-0.745869004888,0.));
#2628 = VECTOR('',#2629,1.);
#2629 = DIRECTION('',(0.,0.,1.));
#2630 = ORIENTED_EDGE('',*,*,#2600,.T.);
#2631 = ORIENTED_EDGE('',*,*,#61,.F.);
#2632 = ORIENTED_EDGE('',*,*,#1408,.F.);
#2633 = SURFACE_OF_LINEAR_EXTRUSION('',#2634,#2637);
#2634 = B_SPLINE_CURVE_WITH_KNOTS('',1,(#2635,#2636),.UNSPECIFIED.,.F.,
  .F.,(2,2),(0.,0.797694655894),.PIECEWISE_BEZIER_KNOTS.);
#2635 = CARTESIAN_POINT('',(6.205334755478,-0.745869004888,0.));
#2636 = CARTESIAN_POINT('',(6.997328735075,-0.84106511996,0.));
#2637 = VECTOR('',#2638,1.);
#2638 = DIRECTION('',(-0.,-0.,-1.));
#2639 = ADVANCED_FACE('',(#2640),#2651,.F.);
#2640 = FACE_BOUND('',#2641,.F.);
#2641 = EDGE_LOOP('',(#2642,#2643,#2644,#2650));
#2642 = ORIENTED_EDGE('',*,*,#179,.T.);
#2643 = ORIENTED_EDGE('',*,*,#1435,.T.);
#2644 = ORIENTED_EDGE('',*,*,#2645,.F.);
#2645 = EDGE_CURVE('',#244,#1436,#2646,.T.);
#2646 = LINE('',#2647,#2648);
#2647 = CARTESIAN_POINT('',(6.205334755478,0.745869004888,0.));
#2648 = VECTOR('',#2649,1.);
#2649 = DIRECTION('',(0.,0.,1.));
#2650 = ORIENTED_EDGE('',*,*,#243,.F.);
#2651 = PLANE('',#2652);
#2652 = AXIS2_PLACEMENT_3D('',#2653,#2654,#2655);
#2653 = CARTESIAN_POINT('',(6.997328735075,0.84106511996,0.));
#2654 = DIRECTION('',(0.119339040782,-0.992853560877,0.));
#2655 = DIRECTION('',(-0.992853560877,-0.119339040782,0.));
#2656 = ADVANCED_FACE('',(#2657),#2668,.F.);
#2657 = FACE_BOUND('',#2658,.F.);
#2658 = EDGE_LOOP('',(#2659,#2665,#2666,#2667));
#2659 = ORIENTED_EDGE('',*,*,#2660,.T.);
#2660 = EDGE_CURVE('',#1395,#2587,#2661,.T.);
#2661 = LINE('',#2662,#2663);
#2662 = CARTESIAN_POINT('',(5.972227634242,-1.842551786193,0.));
#2663 = VECTOR('',#2664,1.);
#2664 = DIRECTION('',(0.,0.,1.));
#2665 = ORIENTED_EDGE('',*,*,#2593,.T.);
#2666 = ORIENTED_EDGE('',*,*,#2625,.F.);
#2667 = ORIENTED_EDGE('',*,*,#1401,.F.);
#2668 = SURFACE_OF_LINEAR_EXTRUSION('',#2669,#2672);
#2669 = B_SPLINE_CURVE_WITH_KNOTS('',1,(#2670,#2671),.UNSPECIFIED.,.F.,
  .F.,(2,2),(0.,1.121183327017),.PIECEWISE_BEZIER_KNOTS.);
#2670 = CARTESIAN_POINT('',(5.972227634242,-1.842551786193,0.));
#2671 = CARTESIAN_POINT('',(6.205334755478,-0.745869004888,0.));
#2672 = VECTOR('',#2673,1.);
#2673 = DIRECTION('',(-0.,-0.,-1.));
#2674 = ADVANCED_FACE('',(#2675),#2686,.F.);
#2675 = FACE_BOUND('',#2676,.F.);
#2676 = EDGE_LOOP('',(#2677,#2678,#2679,#2685));
#2677 = ORIENTED_EDGE('',*,*,#2645,.T.);
#2678 = ORIENTED_EDGE('',*,*,#1443,.T.);
#2679 = ORIENTED_EDGE('',*,*,#2680,.F.);
#2680 = EDGE_CURVE('',#252,#1444,#2681,.T.);
#2681 = LINE('',#2682,#2683);
#2682 = CARTESIAN_POINT('',(5.972227634242,1.842551786193,0.));
#2683 = VECTOR('',#2684,1.);
#2684 = DIRECTION('',(0.,0.,1.));
#2685 = ORIENTED_EDGE('',*,*,#251,.F.);
#2686 = PLANE('',#2687);
#2687 = AXIS2_PLACEMENT_3D('',#2688,#2689,#2690);
#2688 = CARTESIAN_POINT('',(6.205334755478,0.745869004888,0.));
#2689 = DIRECTION('',(-0.978147600734,-0.207911690818,0.));
#2690 = DIRECTION('',(-0.207911690818,0.978147600734,0.));
#2691 = ADVANCED_FACE('',(#2692),#2703,.F.);
#2692 = FACE_BOUND('',#2693,.F.);
#2693 = EDGE_LOOP('',(#2694,#2700,#2701,#2702));
#2694 = ORIENTED_EDGE('',*,*,#2695,.T.);
#2695 = EDGE_CURVE('',#1368,#2560,#2696,.T.);
#2696 = LINE('',#2697,#2698);
#2697 = CARTESIAN_POINT('',(6.734469885061,-2.077718780281,0.));
#2698 = VECTOR('',#2699,1.);
#2699 = DIRECTION('',(0.,0.,1.));
#2700 = ORIENTED_EDGE('',*,*,#2586,.T.);
#2701 = ORIENTED_EDGE('',*,*,#2660,.F.);
#2702 = ORIENTED_EDGE('',*,*,#1394,.F.);
#2703 = SURFACE_OF_LINEAR_EXTRUSION('',#2704,#2707);
#2704 = B_SPLINE_CURVE_WITH_KNOTS('',1,(#2705,#2706),.UNSPECIFIED.,.F.,
  .F.,(2,2),(0.,0.797694655894),.PIECEWISE_BEZIER_KNOTS.);
#2705 = CARTESIAN_POINT('',(6.734469885061,-2.077718780281,0.));
#2706 = CARTESIAN_POINT('',(5.972227634242,-1.842551786193,0.));
#2707 = VECTOR('',#2708,1.);
#2708 = DIRECTION('',(-0.,-0.,-1.));
#2709 = ADVANCED_FACE('',(#2710),#2721,.F.);
#2710 = FACE_BOUND('',#2711,.F.);
#2711 = EDGE_LOOP('',(#2712,#2713,#2714,#2720));
#2712 = ORIENTED_EDGE('',*,*,#2680,.T.);
#2713 = ORIENTED_EDGE('',*,*,#1451,.T.);
#2714 = ORIENTED_EDGE('',*,*,#2715,.F.);
#2715 = EDGE_CURVE('',#260,#1452,#2716,.T.);
#2716 = LINE('',#2717,#2718);
#2717 = CARTESIAN_POINT('',(6.734469885061,2.077718780281,0.));
#2718 = VECTOR('',#2719,1.);
#2719 = DIRECTION('',(0.,0.,1.));
#2720 = ORIENTED_EDGE('',*,*,#259,.F.);
#2721 = PLANE('',#2722);
#2722 = AXIS2_PLACEMENT_3D('',#2723,#2724,#2725);
#2723 = CARTESIAN_POINT('',(5.972227634242,1.842551786193,0.));
#2724 = DIRECTION('',(-0.294808285791,0.955556421479,0.));
#2725 = DIRECTION('',(0.955556421479,0.294808285791,0.));
#2726 = ADVANCED_FACE('',(#2727),#2738,.F.);
#2727 = FACE_BOUND('',#2728,.F.);
#2728 = EDGE_LOOP('',(#2729,#2735,#2736,#2737));
#2729 = ORIENTED_EDGE('',*,*,#2730,.T.);
#2730 = EDGE_CURVE('',#1361,#2553,#2731,.T.);
#2731 = LINE('',#2732,#2733);
#2732 = CARTESIAN_POINT('',(7.892805129294,-3.154936955154,0.));
#2733 = VECTOR('',#2734,1.);
#2734 = DIRECTION('',(0.,0.,1.));
#2735 = ORIENTED_EDGE('',*,*,#2559,.T.);
#2736 = ORIENTED_EDGE('',*,*,#2695,.F.);
#2737 = ORIENTED_EDGE('',*,*,#1367,.F.);
#2738 = SURFACE_OF_LINEAR_EXTRUSION('',#2739,#2762);
#2739 = B_SPLINE_CURVE_WITH_KNOTS('',3,(#2740,#2741,#2742,#2743,#2744,
    #2745,#2746,#2747,#2748,#2749,#2750,#2751,#2752,#2753,#2754,#2755,
    #2756,#2757,#2758,#2759,#2760,#2761),.UNSPECIFIED.,.F.,.F.,(4,1,1,1,
    1,1,1,1,1,1,1,1,1,1,1,1,1,1,1,4),(0.,0.164179376806,0.319484192936,
    0.465914448406,0.603470143233,0.732151277438,0.851957851045,
    0.962889864087,1.064947316605,1.158130208649,1.242438540286,
    1.317872311609,1.384431522746,1.442116173884,1.490926265312,
    1.530861797514,1.561922771384,1.584109188893,1.597421055956,
    1.601858413965),.UNSPECIFIED.);
#2740 = CARTESIAN_POINT('',(7.892805129294,-3.154936955154,0.));
#2741 = CARTESIAN_POINT('',(7.862023143308,-3.10968851828,0.));
#2742 = CARTESIAN_POINT('',(7.800607255632,-3.022654451685,0.));
#2743 = CARTESIAN_POINT('',(7.706595389463,-2.898997806855,0.));
#2744 = CARTESIAN_POINT('',(7.613879301278,-2.785619462813,0.));
#2745 = CARTESIAN_POINT('',(7.523061810341,-2.682267338029,0.));
#2746 = CARTESIAN_POINT('',(7.434730484702,-2.588654531426,0.));
#2747 = CARTESIAN_POINT('',(7.349454312213,-2.504466623798,0.));
#2748 = CARTESIAN_POINT('',(7.267782894124,-2.429361052559,0.));
#2749 = CARTESIAN_POINT('',(7.190245078807,-2.362968485747,0.));
#2750 = CARTESIAN_POINT('',(7.117347784705,-2.304893790037,0.));
#2751 = CARTESIAN_POINT('',(7.04957484912,-2.254717122752,0.));
#2752 = CARTESIAN_POINT('',(6.987385895311,-2.211995179585,0.));
#2753 = CARTESIAN_POINT('',(6.931215378294,-2.176262076771,0.));
#2754 = CARTESIAN_POINT('',(6.881471286085,-2.147031584784,0.));
#2755 = CARTESIAN_POINT('',(6.838535099023,-2.123795470277,0.));
#2756 = CARTESIAN_POINT('',(6.802758281553,-2.1060334201,0.));
#2757 = CARTESIAN_POINT('',(6.774468617763,-2.093190970254,0.));
#2758 = CARTESIAN_POINT('',(6.75395101953,-2.084741237224,0.));
#2759 = CARTESIAN_POINT('',(6.741487491407,-2.080053168519,0.));
#2760 = CARTESIAN_POINT('',(6.735877118203,-2.078174914755,0.));
#2761 = CARTESIAN_POINT('',(6.734469885061,-2.077718780281,0.));
#2762 = VECTOR('',#2763,1.);
#2763 = DIRECTION('',(-0.,-0.,-1.));
#2764 = ADVANCED_FACE('',(#2765),#2776,.F.);
#2765 = FACE_BOUND('',#2766,.F.);
#2766 = EDGE_LOOP('',(#2767,#2768,#2769,#2775));
#2767 = ORIENTED_EDGE('',*,*,#2715,.T.);
#2768 = ORIENTED_EDGE('',*,*,#1459,.T.);
#2769 = ORIENTED_EDGE('',*,*,#2770,.F.);
#2770 = EDGE_CURVE('',#268,#1460,#2771,.T.);
#2771 = LINE('',#2772,#2773);
#2772 = CARTESIAN_POINT('',(7.892805129294,3.154936955154,0.));
#2773 = VECTOR('',#2774,1.);
#2774 = DIRECTION('',(0.,0.,1.));
#2775 = ORIENTED_EDGE('',*,*,#267,.F.);
#2776 = SURFACE_OF_LINEAR_EXTRUSION('',#2777,#2800);
#2777 = B_SPLINE_CURVE_WITH_KNOTS('',3,(#2778,#2779,#2780,#2781,#2782,
    #2783,#2784,#2785,#2786,#2787,#2788,#2789,#2790,#2791,#2792,#2793,
    #2794,#2795,#2796,#2797,#2798,#2799),.UNSPECIFIED.,.F.,.F.,(4,1,1,1,
    1,1,1,1,1,1,1,1,1,1,1,1,1,1,1,4),(0.,4.43735800818E-03,
    1.774922507116E-02,3.993564258102E-02,7.099661645099E-02,
    0.110932148652,0.15974224008,0.217426891218,0.283986102355,
    0.359419873678,0.443728205316,0.53691109736,0.638968549877,
    0.74990056292,0.869707136527,0.998388270731,1.135943965558,
    1.282374221028,1.437679037159,1.601858413965),.UNSPECIFIED.);
#2778 = CARTESIAN_POINT('',(6.734469885061,2.077718780281,0.));
#2779 = CARTESIAN_POINT('',(6.735877118203,2.078174914755,0.));
#2780 = CARTESIAN_POINT('',(6.741487491407,2.080053168519,0.));
#2781 = CARTESIAN_POINT('',(6.75395101953,2.084741237224,0.));
#2782 = CARTESIAN_POINT('',(6.774468617763,2.093190970254,0.));
#2783 = CARTESIAN_POINT('',(6.802758281553,2.1060334201,0.));
#2784 = CARTESIAN_POINT('',(6.838535099023,2.123795470277,0.));
#2785 = CARTESIAN_POINT('',(6.881471286085,2.147031584784,0.));
#2786 = CARTESIAN_POINT('',(6.931215378294,2.176262076771,0.));
#2787 = CARTESIAN_POINT('',(6.987385895311,2.211995179585,0.));
#2788 = CARTESIAN_POINT('',(7.04957484912,2.254717122752,0.));
#2789 = CARTESIAN_POINT('',(7.117347784705,2.304893790037,0.));
#2790 = CARTESIAN_POINT('',(7.190245078807,2.362968485747,0.));
#2791 = CARTESIAN_POINT('',(7.267782894124,2.429361052559,0.));
#2792 = CARTESIAN_POINT('',(7.349454312213,2.504466623798,0.));
#2793 = CARTESIAN_POINT('',(7.434730484702,2.588654531426,0.));
#2794 = CARTESIAN_POINT('',(7.523061810341,2.682267338029,0.));
#2795 = CARTESIAN_POINT('',(7.613879301278,2.785619462813,0.));
#2796 = CARTESIAN_POINT('',(7.706595389463,2.898997806855,0.));
#2797 = CARTESIAN_POINT('',(7.800607255632,3.022654451685,0.));
#2798 = CARTESIAN_POINT('',(7.862023143308,3.10968851828,0.));
#2799 = CARTESIAN_POINT('',(7.892805129294,3.154936955154,0.));
#2800 = VECTOR('',#2801,1.);
#2801 = DIRECTION('',(-0.,-0.,-1.));
#2802 = ADVANCED_FACE('',(#2803),#2814,.F.);
#2803 = FACE_BOUND('',#2804,.F.);
#2804 = EDGE_LOOP('',(#2805,#2811,#2812,#2813));
#2805 = ORIENTED_EDGE('',*,*,#2806,.T.);
#2806 = EDGE_CURVE('',#1334,#2526,#2807,.T.);
#2807 = LINE('',#2808,#2809);
#2808 = CARTESIAN_POINT('',(7.625892554966,-3.75443241251,0.));
#2809 = VECTOR('',#2810,1.);
#2810 = DIRECTION('',(0.,0.,1.));
#2811 = ORIENTED_EDGE('',*,*,#2552,.T.);
#2812 = ORIENTED_EDGE('',*,*,#2730,.F.);
#2813 = ORIENTED_EDGE('',*,*,#1360,.F.);
#2814 = SURFACE_OF_LINEAR_EXTRUSION('',#2815,#2818);
#2815 = B_SPLINE_CURVE_WITH_KNOTS('',1,(#2816,#2817),.UNSPECIFIED.,.F.,
  .F.,(2,2),(0.,0.656229476422),.PIECEWISE_BEZIER_KNOTS.);
#2816 = CARTESIAN_POINT('',(7.625892554966,-3.75443241251,0.));
#2817 = CARTESIAN_POINT('',(7.892805129294,-3.154936955154,0.));
#2818 = VECTOR('',#2819,1.);
#2819 = DIRECTION('',(-0.,-0.,-1.));
#2820 = ADVANCED_FACE('',(#2821),#2832,.F.);
#2821 = FACE_BOUND('',#2822,.F.);
#2822 = EDGE_LOOP('',(#2823,#2824,#2825,#2831));
#2823 = ORIENTED_EDGE('',*,*,#2770,.T.);
#2824 = ORIENTED_EDGE('',*,*,#1486,.T.);
#2825 = ORIENTED_EDGE('',*,*,#2826,.F.);
#2826 = EDGE_CURVE('',#295,#1487,#2827,.T.);
#2827 = LINE('',#2828,#2829);
#2828 = CARTESIAN_POINT('',(7.625892554966,3.75443241251,0.));
#2829 = VECTOR('',#2830,1.);
#2830 = DIRECTION('',(0.,0.,1.));
#2831 = ORIENTED_EDGE('',*,*,#294,.F.);
#2832 = SURFACE_OF_LINEAR_EXTRUSION('',#2833,#2836);
#2833 = B_SPLINE_CURVE_WITH_KNOTS('',1,(#2834,#2835),.UNSPECIFIED.,.F.,
  .F.,(2,2),(0.,0.656229476422),.PIECEWISE_BEZIER_KNOTS.);
#2834 = CARTESIAN_POINT('',(7.892805129294,3.154936955154,0.));
#2835 = CARTESIAN_POINT('',(7.625892554966,3.75443241251,0.));
#2836 = VECTOR('',#2837,1.);
#2837 = DIRECTION('',(-0.,-0.,-1.));
#2838 = ADVANCED_FACE('',(#2839),#2850,.F.);
#2839 = FACE_BOUND('',#2840,.F.);
#2840 = EDGE_LOOP('',(#2841,#2847,#2848,#2849));
#2841 = ORIENTED_EDGE('',*,*,#2842,.T.);
#2842 = EDGE_CURVE('',#1327,#2519,#2843,.T.);
#2843 = LINE('',#2844,#2845);
#2844 = CARTESIAN_POINT('',(6.050285878059,-3.614421220123,0.));
#2845 = VECTOR('',#2846,1.);
#2846 = DIRECTION('',(0.,0.,1.));
#2847 = ORIENTED_EDGE('',*,*,#2525,.T.);
#2848 = ORIENTED_EDGE('',*,*,#2806,.F.);
#2849 = ORIENTED_EDGE('',*,*,#1333,.F.);
#2850 = SURFACE_OF_LINEAR_EXTRUSION('',#2851,#2874);
#2851 = B_SPLINE_CURVE_WITH_KNOTS('',3,(#2852,#2853,#2854,#2855,#2856,
    #2857,#2858,#2859,#2860,#2861,#2862,#2863,#2864,#2865,#2866,#2867,
    #2868,#2869,#2870,#2871,#2872,#2873),.UNSPECIFIED.,.F.,.F.,(4,1,1,1,
    1,1,1,1,1,1,1,1,1,1,1,1,1,1,1,4),(0.,4.43735800818E-03,
    1.774922507116E-02,3.993564258102E-02,7.099661645099E-02,
    0.110932148652,0.15974224008,0.217426891218,0.283986102355,
    0.359419873678,0.443728205316,0.53691109736,0.638968549877,
    0.74990056292,0.869707136527,0.998388270731,1.135943965558,
    1.282374221028,1.437679037159,1.601858413965),.UNSPECIFIED.);
#2852 = CARTESIAN_POINT('',(6.050285878059,-3.614421220123,0.));
#2853 = CARTESIAN_POINT('',(6.051566474799,-3.615161784615,0.));
#2854 = CARTESIAN_POINT('',(6.056716361788,-3.61807430735,0.));
#2855 = CARTESIAN_POINT('',(6.068540003919,-3.624199583527,0.));
#2856 = CARTESIAN_POINT('',(6.088548332244,-3.633793155499,0.));
#2857 = CARTESIAN_POINT('',(6.117021612278,-3.646223196506,0.));
#2858 = CARTESIAN_POINT('',(6.154160751525,-3.660925421876,0.));
#2859 = CARTESIAN_POINT('',(6.200158466667,-3.677285231727,0.));
#2860 = CARTESIAN_POINT('',(6.255166250117,-3.694693279623,0.));
#2861 = CARTESIAN_POINT('',(6.319306532683,-3.712525995935,0.));
#2862 = CARTESIAN_POINT('',(6.392667656052,-3.730154835424,0.));
#2863 = CARTESIAN_POINT('',(6.475305132188,-3.746945198006,0.));
#2864 = CARTESIAN_POINT('',(6.5672408524,-3.762258888555,0.));
#2865 = CARTESIAN_POINT('',(6.668463070256,-3.775455416298,0.));
#2866 = CARTESIAN_POINT('',(6.778926232394,-3.785893671616,0.));
#2867 = CARTESIAN_POINT('',(6.898550937321,-3.792933512258,0.));
#2868 = CARTESIAN_POINT('',(7.027224003632,-3.79593728579,0.));
#2869 = CARTESIAN_POINT('',(7.164798363146,-3.794271764317,0.));
#2870 = CARTESIAN_POINT('',(7.311094065148,-3.787308325394,0.));
#2871 = CARTESIAN_POINT('',(7.465895077904,-3.774430311535,0.));
#2872 = CARTESIAN_POINT('',(7.571669244295,-3.761834052909,0.));
#2873 = CARTESIAN_POINT('',(7.625892554966,-3.75443241251,0.));
#2874 = VECTOR('',#2875,1.);
#2875 = DIRECTION('',(-0.,-0.,-1.));
#2876 = ADVANCED_FACE('',(#2877),#2888,.F.);
#2877 = FACE_BOUND('',#2878,.F.);
#2878 = EDGE_LOOP('',(#2879,#2880,#2881,#2887));
#2879 = ORIENTED_EDGE('',*,*,#2826,.T.);
#2880 = ORIENTED_EDGE('',*,*,#1493,.T.);
#2881 = ORIENTED_EDGE('',*,*,#2882,.F.);
#2882 = EDGE_CURVE('',#302,#1494,#2883,.T.);
#2883 = LINE('',#2884,#2885);
#2884 = CARTESIAN_POINT('',(6.050285878059,3.614421220123,0.));
#2885 = VECTOR('',#2886,1.);
#2886 = DIRECTION('',(0.,0.,1.));
#2887 = ORIENTED_EDGE('',*,*,#301,.F.);
#2888 = SURFACE_OF_LINEAR_EXTRUSION('',#2889,#2912);
#2889 = B_SPLINE_CURVE_WITH_KNOTS('',3,(#2890,#2891,#2892,#2893,#2894,
    #2895,#2896,#2897,#2898,#2899,#2900,#2901,#2902,#2903,#2904,#2905,
    #2906,#2907,#2908,#2909,#2910,#2911),.UNSPECIFIED.,.F.,.F.,(4,1,1,1,
    1,1,1,1,1,1,1,1,1,1,1,1,1,1,1,4),(0.,0.164179376806,0.319484192936,
    0.465914448406,0.603470143233,0.732151277438,0.851957851045,
    0.962889864087,1.064947316605,1.158130208649,1.242438540286,
    1.317872311609,1.384431522746,1.442116173884,1.490926265312,
    1.530861797514,1.561922771384,1.584109188893,1.597421055956,
    1.601858413965),.UNSPECIFIED.);
#2890 = CARTESIAN_POINT('',(7.625892554966,3.75443241251,0.));
#2891 = CARTESIAN_POINT('',(7.571669244295,3.761834052909,0.));
#2892 = CARTESIAN_POINT('',(7.465895077904,3.774430311535,0.));
#2893 = CARTESIAN_POINT('',(7.311094065148,3.787308325394,0.));
#2894 = CARTESIAN_POINT('',(7.164798363147,3.794271764317,0.));
#2895 = CARTESIAN_POINT('',(7.027224003632,3.79593728579,0.));
#2896 = CARTESIAN_POINT('',(6.898550937321,3.792933512258,0.));
#2897 = CARTESIAN_POINT('',(6.778926232394,3.785893671616,0.));
#2898 = CARTESIAN_POINT('',(6.668463070256,3.775455416298,0.));
#2899 = CARTESIAN_POINT('',(6.5672408524,3.762258888555,0.));
#2900 = CARTESIAN_POINT('',(6.475305132188,3.746945198006,0.));
#2901 = CARTESIAN_POINT('',(6.392667656052,3.730154835424,0.));
#2902 = CARTESIAN_POINT('',(6.319306532683,3.712525995935,0.));
#2903 = CARTESIAN_POINT('',(6.255166250117,3.694693279623,0.));
#2904 = CARTESIAN_POINT('',(6.200158466668,3.677285231727,0.));
#2905 = CARTESIAN_POINT('',(6.154160751525,3.660925421876,0.));
#2906 = CARTESIAN_POINT('',(6.117021612278,3.646223196506,0.));
#2907 = CARTESIAN_POINT('',(6.088548332244,3.633793155499,0.));
#2908 = CARTESIAN_POINT('',(6.068540003919,3.624199583527,0.));
#2909 = CARTESIAN_POINT('',(6.056716361788,3.61807430735,0.));
#2910 = CARTESIAN_POINT('',(6.051566474799,3.615161784615,0.));
#2911 = CARTESIAN_POINT('',(6.050285878059,3.614421220123,0.));
#2912 = VECTOR('',#2913,1.);
#2913 = DIRECTION('',(-0.,-0.,-1.));
#2914 = ADVANCED_FACE('',(#2915),#2926,.F.);
#2915 = FACE_BOUND('',#2916,.F.);
#2916 = EDGE_LOOP('',(#2917,#2923,#2924,#2925));
#2917 = ORIENTED_EDGE('',*,*,#2918,.T.);
#2918 = EDGE_CURVE('',#1320,#2512,#2919,.T.);
#2919 = LINE('',#2920,#2921);
#2920 = CARTESIAN_POINT('',(5.365483123796,-3.205322269017,0.));
#2921 = VECTOR('',#2922,1.);
#2922 = DIRECTION('',(0.,0.,1.));
#2923 = ORIENTED_EDGE('',*,*,#2518,.T.);
#2924 = ORIENTED_EDGE('',*,*,#2842,.F.);
#2925 = ORIENTED_EDGE('',*,*,#1326,.F.);
#2926 = SURFACE_OF_LINEAR_EXTRUSION('',#2927,#2930);
#2927 = B_SPLINE_CURVE_WITH_KNOTS('',1,(#2928,#2929),.UNSPECIFIED.,.F.,
  .F.,(2,2),(0.,0.797694655894),.PIECEWISE_BEZIER_KNOTS.);
#2928 = CARTESIAN_POINT('',(5.365483123796,-3.205322269017,0.));
#2929 = CARTESIAN_POINT('',(6.050285878059,-3.614421220123,0.));
#2930 = VECTOR('',#2931,1.);
#2931 = DIRECTION('',(-0.,-0.,-1.));
#2932 = ADVANCED_FACE('',(#2933),#2944,.F.);
#2933 = FACE_BOUND('',#2934,.F.);
#2934 = EDGE_LOOP('',(#2935,#2936,#2937,#2943));
#2935 = ORIENTED_EDGE('',*,*,#2882,.T.);
#2936 = ORIENTED_EDGE('',*,*,#1520,.T.);
#2937 = ORIENTED_EDGE('',*,*,#2938,.F.);
#2938 = EDGE_CURVE('',#329,#1521,#2939,.T.);
#2939 = LINE('',#2940,#2941);
#2940 = CARTESIAN_POINT('',(5.365483123796,3.205322269017,0.));
#2941 = VECTOR('',#2942,1.);
#2942 = DIRECTION('',(0.,0.,1.));
#2943 = ORIENTED_EDGE('',*,*,#328,.F.);
#2944 = SURFACE_OF_LINEAR_EXTRUSION('',#2945,#2948);
#2945 = B_SPLINE_CURVE_WITH_KNOTS('',1,(#2946,#2947),.UNSPECIFIED.,.F.,
  .F.,(2,2),(0.,0.797694655894),.PIECEWISE_BEZIER_KNOTS.);
#2946 = CARTESIAN_POINT('',(6.050285878059,3.614421220123,0.));
#2947 = CARTESIAN_POINT('',(5.365483123796,3.205322269017,0.));
#2948 = VECTOR('',#2949,1.);
#2949 = DIRECTION('',(-0.,-0.,-1.));
#2950 = ADVANCED_FACE('',(#2951),#2962,.F.);
#2951 = FACE_BOUND('',#2952,.F.);
#2952 = EDGE_LOOP('',(#2953,#2959,#2960,#2961));
#2953 = ORIENTED_EDGE('',*,*,#2954,.T.);
#2954 = EDGE_CURVE('',#1313,#2505,#2955,.T.);
#2955 = LINE('',#2956,#2957);
#2956 = CARTESIAN_POINT('',(4.70646809906,-4.112378634383,0.));
#2957 = VECTOR('',#2958,1.);
#2958 = DIRECTION('',(0.,0.,1.));
#2959 = ORIENTED_EDGE('',*,*,#2511,.T.);
#2960 = ORIENTED_EDGE('',*,*,#2918,.F.);
#2961 = ORIENTED_EDGE('',*,*,#1319,.F.);
#2962 = SURFACE_OF_LINEAR_EXTRUSION('',#2963,#2966);
#2963 = B_SPLINE_CURVE_WITH_KNOTS('',1,(#2964,#2965),.UNSPECIFIED.,.F.,
  .F.,(2,2),(0.,1.121183327017),.PIECEWISE_BEZIER_KNOTS.);
#2964 = CARTESIAN_POINT('',(4.70646809906,-4.112378634383,0.));
#2965 = CARTESIAN_POINT('',(5.365483123796,-3.205322269017,0.));
#2966 = VECTOR('',#2967,1.);
#2967 = DIRECTION('',(-0.,-0.,-1.));
#2968 = ADVANCED_FACE('',(#2969),#2980,.F.);
#2969 = FACE_BOUND('',#2970,.F.);
#2970 = EDGE_LOOP('',(#2971,#2972,#2973,#2979));
#2971 = ORIENTED_EDGE('',*,*,#2938,.T.);
#2972 = ORIENTED_EDGE('',*,*,#1527,.T.);
#2973 = ORIENTED_EDGE('',*,*,#2974,.F.);
#2974 = EDGE_CURVE('',#336,#1528,#2975,.T.);
#2975 = LINE('',#2976,#2977);
#2976 = CARTESIAN_POINT('',(4.70646809906,4.112378634383,0.));
#2977 = VECTOR('',#2978,1.);
#2978 = DIRECTION('',(0.,0.,1.));
#2979 = ORIENTED_EDGE('',*,*,#335,.F.);
#2980 = SURFACE_OF_LINEAR_EXTRUSION('',#2981,#2984);
#2981 = B_SPLINE_CURVE_WITH_KNOTS('',1,(#2982,#2983),.UNSPECIFIED.,.F.,
  .F.,(2,2),(0.,1.121183327017),.PIECEWISE_BEZIER_KNOTS.);
#2982 = CARTESIAN_POINT('',(5.365483123796,3.205322269017,0.));
#2983 = CARTESIAN_POINT('',(4.70646809906,4.112378634383,0.));
#2984 = VECTOR('',#2985,1.);
#2985 = DIRECTION('',(-0.,-0.,-1.));
#2986 = ADVANCED_FACE('',(#2987),#2998,.F.);
#2987 = FACE_BOUND('',#2988,.F.);
#2988 = EDGE_LOOP('',(#2989,#2995,#2996,#2997));
#2989 = ORIENTED_EDGE('',*,*,#2990,.T.);
#2990 = EDGE_CURVE('',#1286,#2478,#2991,.T.);
#2991 = LINE('',#2992,#2993);
#2992 = CARTESIAN_POINT('',(5.307160011181,-4.637246227929,0.));
#2993 = VECTOR('',#2994,1.);
#2994 = DIRECTION('',(0.,0.,1.));
#2995 = ORIENTED_EDGE('',*,*,#2504,.T.);
#2996 = ORIENTED_EDGE('',*,*,#2954,.F.);
#2997 = ORIENTED_EDGE('',*,*,#1312,.F.);
#2998 = SURFACE_OF_LINEAR_EXTRUSION('',#2999,#3002);
#2999 = B_SPLINE_CURVE_WITH_KNOTS('',1,(#3000,#3001),.UNSPECIFIED.,.F.,
  .F.,(2,2),(0.,0.797694655894),.PIECEWISE_BEZIER_KNOTS.);
#3000 = CARTESIAN_POINT('',(5.307160011181,-4.637246227929,0.));
#3001 = CARTESIAN_POINT('',(4.70646809906,-4.112378634383,0.));
#3002 = VECTOR('',#3003,1.);
#3003 = DIRECTION('',(-0.,-0.,-1.));
#3004 = ADVANCED_FACE('',(#3005),#3016,.F.);
#3005 = FACE_BOUND('',#3006,.F.);
#3006 = EDGE_LOOP('',(#3007,#3008,#3009,#3015));
#3007 = ORIENTED_EDGE('',*,*,#2974,.T.);
#3008 = ORIENTED_EDGE('',*,*,#1534,.T.);
#3009 = ORIENTED_EDGE('',*,*,#3010,.F.);
#3010 = EDGE_CURVE('',#343,#1535,#3011,.T.);
#3011 = LINE('',#3012,#3013);
#3012 = CARTESIAN_POINT('',(5.307160011181,4.637246227929,0.));
#3013 = VECTOR('',#3014,1.);
#3014 = DIRECTION('',(0.,0.,1.));
#3015 = ORIENTED_EDGE('',*,*,#342,.F.);
#3016 = SURFACE_OF_LINEAR_EXTRUSION('',#3017,#3020);
#3017 = B_SPLINE_CURVE_WITH_KNOTS('',1,(#3018,#3019),.UNSPECIFIED.,.F.,
  .F.,(2,2),(0.,0.797694655894),.PIECEWISE_BEZIER_KNOTS.);
#3018 = CARTESIAN_POINT('',(4.70646809906,4.112378634383,0.));
#3019 = CARTESIAN_POINT('',(5.307160011181,4.637246227929,0.));
#3020 = VECTOR('',#3021,1.);
#3021 = DIRECTION('',(-0.,-0.,-1.));
#3022 = ADVANCED_FACE('',(#3023),#3034,.F.);
#3023 = FACE_BOUND('',#3024,.F.);
#3024 = EDGE_LOOP('',(#3025,#3031,#3032,#3033));
#3025 = ORIENTED_EDGE('',*,*,#3026,.T.);
#3026 = EDGE_CURVE('',#1279,#2471,#3027,.T.);
#3027 = LINE('',#3028,#3029);
#3028 = CARTESIAN_POINT('',(5.92720780767,-6.09247138727,0.));
#3029 = VECTOR('',#3030,1.);
#3030 = DIRECTION('',(0.,0.,1.));
#3031 = ORIENTED_EDGE('',*,*,#2477,.T.);
#3032 = ORIENTED_EDGE('',*,*,#2990,.F.);
#3033 = ORIENTED_EDGE('',*,*,#1285,.F.);
#3034 = SURFACE_OF_LINEAR_EXTRUSION('',#3035,#3058);
#3035 = B_SPLINE_CURVE_WITH_KNOTS('',3,(#3036,#3037,#3038,#3039,#3040,
    #3041,#3042,#3043,#3044,#3045,#3046,#3047,#3048,#3049,#3050,#3051,
    #3052,#3053,#3054,#3055,#3056,#3057),.UNSPECIFIED.,.F.,.F.,(4,1,1,1,
    1,1,1,1,1,1,1,1,1,1,1,1,1,1,1,4),(0.,0.164179376806,0.319484192936,
    0.465914448406,0.603470143233,0.732151277438,0.851957851045,
    0.962889864087,1.064947316605,1.158130208649,1.242438540286,
    1.317872311609,1.384431522746,1.442116173884,1.490926265312,
    1.530861797514,1.561922771384,1.584109188893,1.597421055956,
    1.601858413965),.UNSPECIFIED.);
#3036 = CARTESIAN_POINT('',(5.92720780767,-6.09247138727,0.));
#3037 = CARTESIAN_POINT('',(5.917491261513,-6.038614721651,0.));
#3038 = CARTESIAN_POINT('',(5.89678500038,-5.934125053468,0.));
#3039 = CARTESIAN_POINT('',(5.86119657569,-5.782921016422,0.));
#3040 = CARTESIAN_POINT('',(5.822611341531,-5.64163371476,0.));
#3041 = CARTESIAN_POINT('',(5.7816825315,-5.51027804923,0.));
#3042 = CARTESIAN_POINT('',(5.739063608901,-5.388830908111,0.));
#3043 = CARTESIAN_POINT('',(5.695402255815,-5.277236483377,0.));
#3044 = CARTESIAN_POINT('',(5.651339890723,-5.175405371499,0.));
#3045 = CARTESIAN_POINT('',(5.607509861495,-5.083215272953,0.));
#3046 = CARTESIAN_POINT('',(5.564535976374,-5.000511397791,0.));
#3047 = CARTESIAN_POINT('',(5.523031008131,-4.927106995002,0.));
#3048 = CARTESIAN_POINT('',(5.483595151613,-4.862784031572,0.));
#3049 = CARTESIAN_POINT('',(5.446814793224,-4.807293610277,0.));
#3050 = CARTESIAN_POINT('',(5.413260415928,-4.760357482019,0.));
#3051 = CARTESIAN_POINT('',(5.383487236482,-4.721666514566,0.));
#3052 = CARTESIAN_POINT('',(5.358027964057,-4.690888331671,0.));
#3053 = CARTESIAN_POINT('',(5.337407565142,-4.667649727066,0.));
#3054 = CARTESIAN_POINT('',(5.322100622522,-4.651585252808,0.));
#3055 = CARTESIAN_POINT('',(5.312621432347,-4.642233115348,0.));
#3056 = CARTESIAN_POINT('',(5.308260056022,-4.63823530079,0.));
#3057 = CARTESIAN_POINT('',(5.307160011181,-4.637246227929,0.));
#3058 = VECTOR('',#3059,1.);
#3059 = DIRECTION('',(-0.,-0.,-1.));
#3060 = ADVANCED_FACE('',(#3061),#3072,.F.);
#3061 = FACE_BOUND('',#3062,.F.);
#3062 = EDGE_LOOP('',(#3063,#3064,#3065,#3071));
#3063 = ORIENTED_EDGE('',*,*,#3010,.T.);
#3064 = ORIENTED_EDGE('',*,*,#1541,.T.);
#3065 = ORIENTED_EDGE('',*,*,#3066,.F.);
#3066 = EDGE_CURVE('',#350,#1542,#3067,.T.);
#3067 = LINE('',#3068,#3069);
#3068 = CARTESIAN_POINT('',(5.92720780767,6.09247138727,0.));
#3069 = VECTOR('',#3070,1.);
#3070 = DIRECTION('',(0.,0.,1.));
#3071 = ORIENTED_EDGE('',*,*,#349,.F.);
#3072 = SURFACE_OF_LINEAR_EXTRUSION('',#3073,#3096);
#3073 = B_SPLINE_CURVE_WITH_KNOTS('',3,(#3074,#3075,#3076,#3077,#3078,
    #3079,#3080,#3081,#3082,#3083,#3084,#3085,#3086,#3087,#3088,#3089,
    #3090,#3091,#3092,#3093,#3094,#3095),.UNSPECIFIED.,.F.,.F.,(4,1,1,1,
    1,1,1,1,1,1,1,1,1,1,1,1,1,1,1,4),(0.,4.43735800818E-03,
    1.774922507116E-02,3.993564258102E-02,7.099661645099E-02,
    0.110932148652,0.15974224008,0.217426891218,0.283986102355,
    0.359419873678,0.443728205316,0.53691109736,0.638968549877,
    0.74990056292,0.869707136527,0.998388270731,1.135943965558,
    1.282374221028,1.437679037159,1.601858413965),.UNSPECIFIED.);
#3074 = CARTESIAN_POINT('',(5.307160011181,4.637246227929,0.));
#3075 = CARTESIAN_POINT('',(5.308260056022,4.63823530079,0.));
#3076 = CARTESIAN_POINT('',(5.312621432347,4.642233115348,0.));
#3077 = CARTESIAN_POINT('',(5.322100622522,4.651585252808,0.));
#3078 = CARTESIAN_POINT('',(5.337407565142,4.667649727066,0.));
#3079 = CARTESIAN_POINT('',(5.358027964057,4.690888331671,0.));
#3080 = CARTESIAN_POINT('',(5.383487236482,4.721666514566,0.));
#3081 = CARTESIAN_POINT('',(5.413260415928,4.760357482019,0.));
#3082 = CARTESIAN_POINT('',(5.446814793224,4.807293610277,0.));
#3083 = CARTESIAN_POINT('',(5.483595151613,4.862784031572,0.));
#3084 = CARTESIAN_POINT('',(5.523031008131,4.927106995002,0.));
#3085 = CARTESIAN_POINT('',(5.564535976374,5.000511397791,0.));
#3086 = CARTESIAN_POINT('',(5.607509861495,5.083215272953,0.));
#3087 = CARTESIAN_POINT('',(5.651339890723,5.175405371499,0.));
#3088 = CARTESIAN_POINT('',(5.695402255815,5.277236483377,0.));
#3089 = CARTESIAN_POINT('',(5.739063608901,5.388830908111,0.));
#3090 = CARTESIAN_POINT('',(5.7816825315,5.51027804923,0.));
#3091 = CARTESIAN_POINT('',(5.822611341531,5.64163371476,0.));
#3092 = CARTESIAN_POINT('',(5.86119657569,5.782921016422,0.));
#3093 = CARTESIAN_POINT('',(5.89678500038,5.934125053468,0.));
#3094 = CARTESIAN_POINT('',(5.917491261513,6.038614721651,0.));
#3095 = CARTESIAN_POINT('',(5.92720780767,6.09247138727,0.));
#3096 = VECTOR('',#3097,1.);
#3097 = DIRECTION('',(-0.,-0.,-1.));
#3098 = ADVANCED_FACE('',(#3099),#3110,.F.);
#3099 = FACE_BOUND('',#3100,.F.);
#3100 = EDGE_LOOP('',(#3101,#3107,#3108,#3109));
#3101 = ORIENTED_EDGE('',*,*,#3102,.T.);
#3102 = EDGE_CURVE('',#1252,#2444,#3103,.T.);
#3103 = LINE('',#3104,#3105);
#3104 = CARTESIAN_POINT('',(5.439534267941,-6.531574614739,0.));
#3105 = VECTOR('',#3106,1.);
#3106 = DIRECTION('',(0.,0.,1.));
#3107 = ORIENTED_EDGE('',*,*,#2470,.T.);
#3108 = ORIENTED_EDGE('',*,*,#3026,.F.);
#3109 = ORIENTED_EDGE('',*,*,#1278,.F.);
#3110 = SURFACE_OF_LINEAR_EXTRUSION('',#3111,#3114);
#3111 = B_SPLINE_CURVE_WITH_KNOTS('',1,(#3112,#3113),.UNSPECIFIED.,.F.,
  .F.,(2,2),(0.,0.656229476422),.PIECEWISE_BEZIER_KNOTS.);
#3112 = CARTESIAN_POINT('',(5.439534267941,-6.531574614739,0.));
#3113 = CARTESIAN_POINT('',(5.92720780767,-6.09247138727,0.));
#3114 = VECTOR('',#3115,1.);
#3115 = DIRECTION('',(-0.,-0.,-1.));
#3116 = ADVANCED_FACE('',(#3117),#3128,.F.);
#3117 = FACE_BOUND('',#3118,.F.);
#3118 = EDGE_LOOP('',(#3119,#3120,#3121,#3127));
#3119 = ORIENTED_EDGE('',*,*,#3066,.T.);
#3120 = ORIENTED_EDGE('',*,*,#1568,.T.);
#3121 = ORIENTED_EDGE('',*,*,#3122,.F.);
#3122 = EDGE_CURVE('',#377,#1569,#3123,.T.);
#3123 = LINE('',#3124,#3125);
#3124 = CARTESIAN_POINT('',(5.439534267941,6.531574614739,0.));
#3125 = VECTOR('',#3126,1.);
#3126 = DIRECTION('',(0.,0.,1.));
#3127 = ORIENTED_EDGE('',*,*,#376,.F.);
#3128 = SURFACE_OF_LINEAR_EXTRUSION('',#3129,#3132);
#3129 = B_SPLINE_CURVE_WITH_KNOTS('',1,(#3130,#3131),.UNSPECIFIED.,.F.,
  .F.,(2,2),(0.,0.656229476422),.PIECEWISE_BEZIER_KNOTS.);
#3130 = CARTESIAN_POINT('',(5.92720780767,6.09247138727,0.));
#3131 = CARTESIAN_POINT('',(5.439534267941,6.531574614739,0.));
#3132 = VECTOR('',#3133,1.);
#3133 = DIRECTION('',(-0.,-0.,-1.));
#3134 = ADVANCED_FACE('',(#3135),#3146,.F.);
#3135 = FACE_BOUND('',#3136,.F.);
#3136 = EDGE_LOOP('',(#3137,#3143,#3144,#3145));
#3137 = ORIENTED_EDGE('',*,*,#3138,.T.);
#3138 = EDGE_CURVE('',#1245,#2437,#3139,.T.);
#3139 = LINE('',#3140,#3141);
#3140 = CARTESIAN_POINT('',(4.057093627605,-5.762811055341,0.));
#3141 = VECTOR('',#3142,1.);
#3142 = DIRECTION('',(0.,0.,1.));
#3143 = ORIENTED_EDGE('',*,*,#2443,.T.);
#3144 = ORIENTED_EDGE('',*,*,#3102,.F.);
#3145 = ORIENTED_EDGE('',*,*,#1251,.F.);
#3146 = SURFACE_OF_LINEAR_EXTRUSION('',#3147,#3170);
#3147 = B_SPLINE_CURVE_WITH_KNOTS('',3,(#3148,#3149,#3150,#3151,#3152,
    #3153,#3154,#3155,#3156,#3157,#3158,#3159,#3160,#3161,#3162,#3163,
    #3164,#3165,#3166,#3167,#3168,#3169),.UNSPECIFIED.,.F.,.F.,(4,1,1,1,
    1,1,1,1,1,1,1,1,1,1,1,1,1,1,1,4),(0.,4.43735800818E-03,
    1.774922507116E-02,3.993564258102E-02,7.099661645099E-02,
    0.110932148652,0.15974224008,0.217426891218,0.283986102355,
    0.359419873678,0.443728205316,0.53691109736,0.638968549877,
    0.74990056292,0.869707136527,0.998388270731,1.135943965558,
    1.282374221028,1.437679037159,1.601858413965),.UNSPECIFIED.);
#3148 = CARTESIAN_POINT('',(4.057093627605,-5.762811055341,0.));
#3149 = CARTESIAN_POINT('',(4.057962296225,-5.764008460288,0.));
#3150 = CARTESIAN_POINT('',(4.061482322371,-5.768763829949,0.));
#3151 = CARTESIAN_POINT('',(4.069792382662,-5.779168656686,0.));
#3152 = CARTESIAN_POINT('',(4.084168842859,-5.79607094108,0.));
#3153 = CARTESIAN_POINT('',(4.105124725346,-5.819007474919,0.));
#3154 = CARTESIAN_POINT('',(4.133073083513,-5.847544474947,0.));
#3155 = CARTESIAN_POINT('',(4.168439953103,-5.881198861171,0.));
#3156 = CARTESIAN_POINT('',(4.211611572845,-5.919475585436,0.));
#3157 = CARTESIAN_POINT('',(4.262953417465,-5.961854785637,0.));
#3158 = CARTESIAN_POINT('',(4.322801843492,-6.007798188927,0.));
#3159 = CARTESIAN_POINT('',(4.391465678734,-6.056748638032,0.));
#3160 = CARTESIAN_POINT('',(4.469224499242,-6.10813201669,0.));
#3161 = CARTESIAN_POINT('',(4.556328085182,-6.161358429762,0.));
#3162 = CARTESIAN_POINT('',(4.652995584263,-6.215823666245,0.));
#3163 = CARTESIAN_POINT('',(4.75941482892,-6.270910631598,0.));
#3164 = CARTESIAN_POINT('',(4.875741779407,-6.325990766308,0.));
#3165 = CARTESIAN_POINT('',(5.002099639242,-6.380425769895,0.));
#3166 = CARTESIAN_POINT('',(5.13857969905,-6.433568174626,0.));
#3167 = CARTESIAN_POINT('',(5.285235421218,-6.484766767834,0.));
#3168 = CARTESIAN_POINT('',(5.386988290409,-6.516281742345,0.));
#3169 = CARTESIAN_POINT('',(5.439534267941,-6.531574614739,0.));
#3170 = VECTOR('',#3171,1.);
#3171 = DIRECTION('',(-0.,-0.,-1.));
#3172 = ADVANCED_FACE('',(#3173),#3184,.F.);
#3173 = FACE_BOUND('',#3174,.F.);
#3174 = EDGE_LOOP('',(#3175,#3176,#3177,#3183));
#3175 = ORIENTED_EDGE('',*,*,#3122,.T.);
#3176 = ORIENTED_EDGE('',*,*,#1575,.T.);
#3177 = ORIENTED_EDGE('',*,*,#3178,.F.);
#3178 = EDGE_CURVE('',#384,#1576,#3179,.T.);
#3179 = LINE('',#3180,#3181);
#3180 = CARTESIAN_POINT('',(4.057093627605,5.762811055341,0.));
#3181 = VECTOR('',#3182,1.);
#3182 = DIRECTION('',(0.,0.,1.));
#3183 = ORIENTED_EDGE('',*,*,#383,.F.);
#3184 = SURFACE_OF_LINEAR_EXTRUSION('',#3185,#3208);
#3185 = B_SPLINE_CURVE_WITH_KNOTS('',3,(#3186,#3187,#3188,#3189,#3190,
    #3191,#3192,#3193,#3194,#3195,#3196,#3197,#3198,#3199,#3200,#3201,
    #3202,#3203,#3204,#3205,#3206,#3207),.UNSPECIFIED.,.F.,.F.,(4,1,1,1,
    1,1,1,1,1,1,1,1,1,1,1,1,1,1,1,4),(0.,0.164179376806,0.319484192936,
    0.465914448406,0.603470143233,0.732151277438,0.851957851045,
    0.962889864087,1.064947316605,1.158130208649,1.242438540286,
    1.317872311609,1.384431522746,1.442116173884,1.490926265312,
    1.530861797514,1.561922771384,1.584109188893,1.597421055956,
    1.601858413965),.UNSPECIFIED.);
#3186 = CARTESIAN_POINT('',(5.439534267941,6.531574614739,0.));
#3187 = CARTESIAN_POINT('',(5.386988290409,6.516281742345,0.));
#3188 = CARTESIAN_POINT('',(5.285235421218,6.484766767834,0.));
#3189 = CARTESIAN_POINT('',(5.13857969905,6.433568174626,0.));
#3190 = CARTESIAN_POINT('',(5.002099639242,6.380425769895,0.));
#3191 = CARTESIAN_POINT('',(4.875741779407,6.325990766308,0.));
#3192 = CARTESIAN_POINT('',(4.75941482892,6.270910631598,0.));
#3193 = CARTESIAN_POINT('',(4.652995584263,6.215823666245,0.));
#3194 = CARTESIAN_POINT('',(4.556328085182,6.161358429762,0.));
#3195 = CARTESIAN_POINT('',(4.469224499242,6.10813201669,0.));
#3196 = CARTESIAN_POINT('',(4.391465678734,6.056748638032,0.));
#3197 = CARTESIAN_POINT('',(4.322801843492,6.007798188927,0.));
#3198 = CARTESIAN_POINT('',(4.262953417465,5.961854785637,0.));
#3199 = CARTESIAN_POINT('',(4.211611572845,5.919475585436,0.));
#3200 = CARTESIAN_POINT('',(4.168439953103,5.881198861171,0.));
#3201 = CARTESIAN_POINT('',(4.133073083513,5.847544474947,0.));
#3202 = CARTESIAN_POINT('',(4.105124725346,5.819007474919,0.));
#3203 = CARTESIAN_POINT('',(4.084168842859,5.79607094108,0.));
#3204 = CARTESIAN_POINT('',(4.069792382662,5.779168656686,0.));
#3205 = CARTESIAN_POINT('',(4.061482322371,5.768763829949,0.));
#3206 = CARTESIAN_POINT('',(4.057962296225,5.764008460288,0.));
#3207 = CARTESIAN_POINT('',(4.057093627605,5.762811055341,0.));
#3208 = VECTOR('',#3209,1.);
#3209 = DIRECTION('',(-0.,-0.,-1.));
#3210 = ADVANCED_FACE('',(#3211),#3222,.F.);
#3211 = FACE_BOUND('',#3212,.F.);
#3212 = EDGE_LOOP('',(#3213,#3219,#3220,#3221));
#3213 = ORIENTED_EDGE('',*,*,#3214,.T.);
#3214 = EDGE_CURVE('',#1238,#2430,#3215,.T.);
#3215 = LINE('',#3216,#3217);
#3216 = CARTESIAN_POINT('',(3.597890716126,-5.110546193394,0.));
#3217 = VECTOR('',#3218,1.);
#3218 = DIRECTION('',(0.,0.,1.));
#3219 = ORIENTED_EDGE('',*,*,#2436,.T.);
#3220 = ORIENTED_EDGE('',*,*,#3138,.F.);
#3221 = ORIENTED_EDGE('',*,*,#1244,.F.);
#3222 = SURFACE_OF_LINEAR_EXTRUSION('',#3223,#3226);
#3223 = B_SPLINE_CURVE_WITH_KNOTS('',1,(#3224,#3225),.UNSPECIFIED.,.F.,
  .F.,(2,2),(0.,0.797694655894),.PIECEWISE_BEZIER_KNOTS.);
#3224 = CARTESIAN_POINT('',(3.597890716126,-5.110546193394,0.));
#3225 = CARTESIAN_POINT('',(4.057093627605,-5.762811055341,0.));
#3226 = VECTOR('',#3227,1.);
#3227 = DIRECTION('',(-0.,-0.,-1.));
#3228 = ADVANCED_FACE('',(#3229),#3240,.F.);
#3229 = FACE_BOUND('',#3230,.F.);
#3230 = EDGE_LOOP('',(#3231,#3232,#3233,#3239));
#3231 = ORIENTED_EDGE('',*,*,#3178,.T.);
#3232 = ORIENTED_EDGE('',*,*,#1602,.T.);
#3233 = ORIENTED_EDGE('',*,*,#3234,.F.);
#3234 = EDGE_CURVE('',#411,#1603,#3235,.T.);
#3235 = LINE('',#3236,#3237);
#3236 = CARTESIAN_POINT('',(3.597890716126,5.110546193394,0.));
#3237 = VECTOR('',#3238,1.);
#3238 = DIRECTION('',(0.,0.,1.));
#3239 = ORIENTED_EDGE('',*,*,#410,.F.);
#3240 = SURFACE_OF_LINEAR_EXTRUSION('',#3241,#3244);
#3241 = B_SPLINE_CURVE_WITH_KNOTS('',1,(#3242,#3243),.UNSPECIFIED.,.F.,
  .F.,(2,2),(0.,0.797694655894),.PIECEWISE_BEZIER_KNOTS.);
#3242 = CARTESIAN_POINT('',(4.057093627605,5.762811055341,0.));
#3243 = CARTESIAN_POINT('',(3.597890716126,5.110546193394,0.));
#3244 = VECTOR('',#3245,1.);
#3245 = DIRECTION('',(-0.,-0.,-1.));
#3246 = ADVANCED_FACE('',(#3247),#3258,.F.);
#3247 = FACE_BOUND('',#3248,.F.);
#3248 = EDGE_LOOP('',(#3249,#3255,#3256,#3257));
#3249 = ORIENTED_EDGE('',*,*,#3250,.T.);
#3250 = EDGE_CURVE('',#1231,#2423,#3251,.T.);
#3251 = LINE('',#3252,#3253);
#3252 = CARTESIAN_POINT('',(2.62691747263,-5.671137856902,0.));
#3253 = VECTOR('',#3254,1.);
#3254 = DIRECTION('',(0.,0.,1.));
#3255 = ORIENTED_EDGE('',*,*,#2429,.T.);
#3256 = ORIENTED_EDGE('',*,*,#3214,.F.);
#3257 = ORIENTED_EDGE('',*,*,#1237,.F.);
#3258 = SURFACE_OF_LINEAR_EXTRUSION('',#3259,#3262);
#3259 = B_SPLINE_CURVE_WITH_KNOTS('',1,(#3260,#3261),.UNSPECIFIED.,.F.,
  .F.,(2,2),(0.,1.121183327017),.PIECEWISE_BEZIER_KNOTS.);
#3260 = CARTESIAN_POINT('',(2.62691747263,-5.671137856902,0.));
#3261 = CARTESIAN_POINT('',(3.597890716126,-5.110546193394,0.));
#3262 = VECTOR('',#3263,1.);
#3263 = DIRECTION('',(-0.,-0.,-1.));
#3264 = ADVANCED_FACE('',(#3265),#3276,.F.);
#3265 = FACE_BOUND('',#3266,.F.);
#3266 = EDGE_LOOP('',(#3267,#3268,#3269,#3275));
#3267 = ORIENTED_EDGE('',*,*,#3234,.T.);
#3268 = ORIENTED_EDGE('',*,*,#1609,.T.);
#3269 = ORIENTED_EDGE('',*,*,#3270,.F.);
#3270 = EDGE_CURVE('',#418,#1610,#3271,.T.);
#3271 = LINE('',#3272,#3273);
#3272 = CARTESIAN_POINT('',(2.62691747263,5.671137856902,0.));
#3273 = VECTOR('',#3274,1.);
#3274 = DIRECTION('',(0.,0.,1.));
#3275 = ORIENTED_EDGE('',*,*,#417,.F.);
#3276 = SURFACE_OF_LINEAR_EXTRUSION('',#3277,#3280);
#3277 = B_SPLINE_CURVE_WITH_KNOTS('',1,(#3278,#3279),.UNSPECIFIED.,.F.,
  .F.,(2,2),(0.,1.121183327017),.PIECEWISE_BEZIER_KNOTS.);
#3278 = CARTESIAN_POINT('',(3.597890716126,5.110546193394,0.));
#3279 = CARTESIAN_POINT('',(2.62691747263,5.671137856902,0.));
#3280 = VECTOR('',#3281,1.);
#3281 = DIRECTION('',(-0.,-0.,-1.));
#3282 = ADVANCED_FACE('',(#3283),#3294,.F.);
#3283 = FACE_BOUND('',#3284,.F.);
#3284 = EDGE_LOOP('',(#3285,#3291,#3292,#3293));
#3285 = ORIENTED_EDGE('',*,*,#3286,.T.);
#3286 = EDGE_CURVE('',#1204,#2396,#3287,.T.);
#3287 = LINE('',#3288,#3289);
#3288 = CARTESIAN_POINT('',(2.962193957333,-6.394951674709,0.));
#3289 = VECTOR('',#3290,1.);
#3290 = DIRECTION('',(0.,0.,1.));
#3291 = ORIENTED_EDGE('',*,*,#2422,.T.);
#3292 = ORIENTED_EDGE('',*,*,#3250,.F.);
#3293 = ORIENTED_EDGE('',*,*,#1230,.F.);
#3294 = SURFACE_OF_LINEAR_EXTRUSION('',#3295,#3298);
#3295 = B_SPLINE_CURVE_WITH_KNOTS('',1,(#3296,#3297),.UNSPECIFIED.,.F.,
  .F.,(2,2),(0.,0.797694655894),.PIECEWISE_BEZIER_KNOTS.);
#3296 = CARTESIAN_POINT('',(2.962193957333,-6.394951674709,0.));
#3297 = CARTESIAN_POINT('',(2.62691747263,-5.671137856902,0.));
#3298 = VECTOR('',#3299,1.);
#3299 = DIRECTION('',(-0.,-0.,-1.));
#3300 = ADVANCED_FACE('',(#3301),#3312,.F.);
#3301 = FACE_BOUND('',#3302,.F.);
#3302 = EDGE_LOOP('',(#3303,#3304,#3305,#3311));
#3303 = ORIENTED_EDGE('',*,*,#3270,.T.);
#3304 = ORIENTED_EDGE('',*,*,#1616,.T.);
#3305 = ORIENTED_EDGE('',*,*,#3306,.F.);
#3306 = EDGE_CURVE('',#425,#1617,#3307,.T.);
#3307 = LINE('',#3308,#3309);
#3308 = CARTESIAN_POINT('',(2.962193957333,6.394951674709,0.));
#3309 = VECTOR('',#3310,1.);
#3310 = DIRECTION('',(0.,0.,1.));
#3311 = ORIENTED_EDGE('',*,*,#424,.F.);
#3312 = SURFACE_OF_LINEAR_EXTRUSION('',#3313,#3316);
#3313 = B_SPLINE_CURVE_WITH_KNOTS('',1,(#3314,#3315),.UNSPECIFIED.,.F.,
  .F.,(2,2),(0.,0.797694655894),.PIECEWISE_BEZIER_KNOTS.);
#3314 = CARTESIAN_POINT('',(2.62691747263,5.671137856902,0.));
#3315 = CARTESIAN_POINT('',(2.962193957333,6.394951674709,0.));
#3316 = VECTOR('',#3317,1.);
#3317 = DIRECTION('',(-0.,-0.,-1.));
#3318 = ADVANCED_FACE('',(#3319),#3330,.F.);
#3319 = FACE_BOUND('',#3320,.F.);
#3320 = EDGE_LOOP('',(#3321,#3327,#3328,#3329));
#3321 = ORIENTED_EDGE('',*,*,#3322,.T.);
#3322 = EDGE_CURVE('',#1197,#2389,#3323,.T.);
#3323 = LINE('',#3324,#3325);
#3324 = CARTESIAN_POINT('',(2.936742409107,-7.976562168162,0.));
#3325 = VECTOR('',#3326,1.);
#3326 = DIRECTION('',(0.,0.,1.));
#3327 = ORIENTED_EDGE('',*,*,#2395,.T.);
#3328 = ORIENTED_EDGE('',*,*,#3286,.F.);
#3329 = ORIENTED_EDGE('',*,*,#1203,.F.);
#3330 = SURFACE_OF_LINEAR_EXTRUSION('',#3331,#3354);
#3331 = B_SPLINE_CURVE_WITH_KNOTS('',3,(#3332,#3333,#3334,#3335,#3336,
    #3337,#3338,#3339,#3340,#3341,#3342,#3343,#3344,#3345,#3346,#3347,
    #3348,#3349,#3350,#3351,#3352,#3353),.UNSPECIFIED.,.F.,.F.,(4,1,1,1,
    1,1,1,1,1,1,1,1,1,1,1,1,1,1,1,4),(0.,0.164179376806,0.319484192936,
    0.465914448406,0.603470143233,0.732151277438,0.851957851045,
    0.962889864087,1.064947316605,1.158130208649,1.242438540286,
    1.317872311609,1.384431522746,1.442116173884,1.490926265312,
    1.530861797514,1.561922771384,1.584109188893,1.597421055956,
    1.601858413965),.UNSPECIFIED.);
#3332 = CARTESIAN_POINT('',(2.936742409107,-7.976562168162,0.));
#3333 = CARTESIAN_POINT('',(2.949771381883,-7.923409580556,0.));
#3334 = CARTESIAN_POINT('',(2.973355047952,-7.819531523673,0.));
#3335 = CARTESIAN_POINT('',(3.00234362668,-7.666924646061,0.));
#3336 = CARTESIAN_POINT('',(3.024560984069,-7.522158244792,0.));
#3337 = CARTESIAN_POINT('',(3.040597818025,-7.385511626414,0.));
#3338 = CARTESIAN_POINT('',(3.051060497365,-7.257229464792,0.));
#3339 = CARTESIAN_POINT('',(3.056563408281,-7.137524212791,0.));
#3340 = CARTESIAN_POINT('',(3.057728879404,-7.026575084625,0.));
#3341 = CARTESIAN_POINT('',(3.055185246502,-6.924527959904,0.));
#3342 = CARTESIAN_POINT('',(3.049565345505,-6.831495156647,0.));
#3343 = CARTESIAN_POINT('',(3.041504930675,-6.747555306454,0.));
#3344 = CARTESIAN_POINT('',(3.031640989303,-6.672753347493,0.));
#3345 = CARTESIAN_POINT('',(3.020610447647,-6.607100405674,0.));
#3346 = CARTESIAN_POINT('',(3.009047641931,-6.550574324123,0.));
#3347 = CARTESIAN_POINT('',(2.997585523307,-6.503118523494,0.));
#3348 = CARTESIAN_POINT('',(2.986845935419,-6.464646035313,0.));
#3349 = CARTESIAN_POINT('',(2.977460255682,-6.435029441801,0.));
#3350 = CARTESIAN_POINT('',(2.970010678114,-6.414127919857,0.));
#3351 = CARTESIAN_POINT('',(2.965154863984,-6.401728783169,0.));
#3352 = CARTESIAN_POINT('',(2.962796606125,-6.396302666274,0.));
#3353 = CARTESIAN_POINT('',(2.962193957333,-6.394951674709,0.));
#3354 = VECTOR('',#3355,1.);
#3355 = DIRECTION('',(-0.,-0.,-1.));
#3356 = ADVANCED_FACE('',(#3357),#3368,.F.);
#3357 = FACE_BOUND('',#3358,.F.);
#3358 = EDGE_LOOP('',(#3359,#3360,#3361,#3367));
#3359 = ORIENTED_EDGE('',*,*,#3306,.T.);
#3360 = ORIENTED_EDGE('',*,*,#1623,.T.);
#3361 = ORIENTED_EDGE('',*,*,#3362,.F.);
#3362 = EDGE_CURVE('',#432,#1624,#3363,.T.);
#3363 = LINE('',#3364,#3365);
#3364 = CARTESIAN_POINT('',(2.936742409107,7.976562168162,0.));
#3365 = VECTOR('',#3366,1.);
#3366 = DIRECTION('',(0.,0.,1.));
#3367 = ORIENTED_EDGE('',*,*,#431,.F.);
#3368 = SURFACE_OF_LINEAR_EXTRUSION('',#3369,#3392);
#3369 = B_SPLINE_CURVE_WITH_KNOTS('',3,(#3370,#3371,#3372,#3373,#3374,
    #3375,#3376,#3377,#3378,#3379,#3380,#3381,#3382,#3383,#3384,#3385,
    #3386,#3387,#3388,#3389,#3390,#3391),.UNSPECIFIED.,.F.,.F.,(4,1,1,1,
    1,1,1,1,1,1,1,1,1,1,1,1,1,1,1,4),(0.,4.43735800818E-03,
    1.774922507116E-02,3.993564258102E-02,7.099661645099E-02,
    0.110932148652,0.15974224008,0.217426891218,0.283986102355,
    0.359419873678,0.443728205316,0.53691109736,0.638968549877,
    0.74990056292,0.869707136527,0.998388270731,1.135943965558,
    1.282374221028,1.437679037159,1.601858413965),.UNSPECIFIED.);
#3370 = CARTESIAN_POINT('',(2.962193957333,6.394951674709,0.));
#3371 = CARTESIAN_POINT('',(2.962796606125,6.396302666274,0.));
#3372 = CARTESIAN_POINT('',(2.965154863984,6.401728783169,0.));
#3373 = CARTESIAN_POINT('',(2.970010678114,6.414127919857,0.));
#3374 = CARTESIAN_POINT('',(2.977460255682,6.435029441801,0.));
#3375 = CARTESIAN_POINT('',(2.986845935419,6.464646035313,0.));
#3376 = CARTESIAN_POINT('',(2.997585523307,6.503118523494,0.));
#3377 = CARTESIAN_POINT('',(3.009047641931,6.550574324123,0.));
#3378 = CARTESIAN_POINT('',(3.020610447647,6.607100405674,0.));
#3379 = CARTESIAN_POINT('',(3.031640989303,6.672753347493,0.));
#3380 = CARTESIAN_POINT('',(3.041504930675,6.747555306454,0.));
#3381 = CARTESIAN_POINT('',(3.049565345505,6.831495156647,0.));
#3382 = CARTESIAN_POINT('',(3.055185246502,6.924527959904,0.));
#3383 = CARTESIAN_POINT('',(3.057728879404,7.026575084625,0.));
#3384 = CARTESIAN_POINT('',(3.056563408281,7.137524212791,0.));
#3385 = CARTESIAN_POINT('',(3.051060497365,7.257229464792,0.));
#3386 = CARTESIAN_POINT('',(3.040597818025,7.385511626414,0.));
#3387 = CARTESIAN_POINT('',(3.024560984069,7.522158244792,0.));
#3388 = CARTESIAN_POINT('',(3.00234362668,7.666924646061,0.));
#3389 = CARTESIAN_POINT('',(2.973355047952,7.819531523673,0.));
#3390 = CARTESIAN_POINT('',(2.949771381883,7.923409580556,0.));
#3391 = CARTESIAN_POINT('',(2.936742409107,7.976562168162,0.));
#3392 = VECTOR('',#3393,1.);
#3393 = DIRECTION('',(-0.,-0.,-1.));
#3394 = ADVANCED_FACE('',(#3395),#3406,.F.);
#3395 = FACE_BOUND('',#3396,.F.);
#3396 = EDGE_LOOP('',(#3397,#3403,#3404,#3405));
#3397 = ORIENTED_EDGE('',*,*,#3398,.T.);
#3398 = EDGE_CURVE('',#1170,#2362,#3399,.T.);
#3399 = LINE('',#3400,#3401);
#3400 = CARTESIAN_POINT('',(2.312631089371,-8.179348228586,0.));
#3401 = VECTOR('',#3402,1.);
#3402 = DIRECTION('',(0.,0.,1.));
#3403 = ORIENTED_EDGE('',*,*,#2388,.T.);
#3404 = ORIENTED_EDGE('',*,*,#3322,.F.);
#3405 = ORIENTED_EDGE('',*,*,#1196,.F.);
#3406 = SURFACE_OF_LINEAR_EXTRUSION('',#3407,#3410);
#3407 = B_SPLINE_CURVE_WITH_KNOTS('',1,(#3408,#3409),.UNSPECIFIED.,.F.,
  .F.,(2,2),(0.,0.656229476422),.PIECEWISE_BEZIER_KNOTS.);
#3408 = CARTESIAN_POINT('',(2.312631089371,-8.179348228586,0.));
#3409 = CARTESIAN_POINT('',(2.936742409107,-7.976562168162,0.));
#3410 = VECTOR('',#3411,1.);
#3411 = DIRECTION('',(-0.,-0.,-1.));
#3412 = ADVANCED_FACE('',(#3413),#3424,.F.);
#3413 = FACE_BOUND('',#3414,.F.);
#3414 = EDGE_LOOP('',(#3415,#3416,#3417,#3423));
#3415 = ORIENTED_EDGE('',*,*,#3362,.T.);
#3416 = ORIENTED_EDGE('',*,*,#1650,.T.);
#3417 = ORIENTED_EDGE('',*,*,#3418,.F.);
#3418 = EDGE_CURVE('',#459,#1651,#3419,.T.);
#3419 = LINE('',#3420,#3421);
#3420 = CARTESIAN_POINT('',(2.312631089371,8.179348228586,0.));
#3421 = VECTOR('',#3422,1.);
#3422 = DIRECTION('',(0.,0.,1.));
#3423 = ORIENTED_EDGE('',*,*,#458,.F.);
#3424 = SURFACE_OF_LINEAR_EXTRUSION('',#3425,#3428);
#3425 = B_SPLINE_CURVE_WITH_KNOTS('',1,(#3426,#3427),.UNSPECIFIED.,.F.,
  .F.,(2,2),(0.,0.656229476422),.PIECEWISE_BEZIER_KNOTS.);
#3426 = CARTESIAN_POINT('',(2.936742409107,7.976562168162,0.));
#3427 = CARTESIAN_POINT('',(2.312631089371,8.179348228586,0.));
#3428 = VECTOR('',#3429,1.);
#3429 = DIRECTION('',(-0.,-0.,-1.));
#3430 = ADVANCED_FACE('',(#3431),#3442,.F.);
#3431 = FACE_BOUND('',#3432,.F.);
#3432 = EDGE_LOOP('',(#3433,#3439,#3440,#3441));
#3433 = ORIENTED_EDGE('',*,*,#3434,.T.);
#3434 = EDGE_CURVE('',#1163,#2355,#3435,.T.);
#3435 = LINE('',#3436,#3437);
#3436 = CARTESIAN_POINT('',(1.3623930314,-6.914758505596,0.));
#3437 = VECTOR('',#3438,1.);
#3438 = DIRECTION('',(0.,0.,1.));
#3439 = ORIENTED_EDGE('',*,*,#2361,.T.);
#3440 = ORIENTED_EDGE('',*,*,#3398,.F.);
#3441 = ORIENTED_EDGE('',*,*,#1169,.F.);
#3442 = SURFACE_OF_LINEAR_EXTRUSION('',#3443,#3466);
#3443 = B_SPLINE_CURVE_WITH_KNOTS('',3,(#3444,#3445,#3446,#3447,#3448,
    #3449,#3450,#3451,#3452,#3453,#3454,#3455,#3456,#3457,#3458,#3459,
    #3460,#3461,#3462,#3463,#3464,#3465),.UNSPECIFIED.,.F.,.F.,(4,1,1,1,
    1,1,1,1,1,1,1,1,1,1,1,1,1,1,1,4),(0.,4.43735800818E-03,
    1.774922507116E-02,3.993564258102E-02,7.099661645099E-02,
    0.110932148652,0.15974224008,0.217426891218,0.283986102355,
    0.359419873678,0.443728205316,0.53691109736,0.638968549877,
    0.74990056292,0.869707136527,0.998388270731,1.135943965558,
    1.282374221028,1.437679037159,1.601858413965),.UNSPECIFIED.);
#3444 = CARTESIAN_POINT('',(1.3623930314,-6.914758505596,0.));
#3445 = CARTESIAN_POINT('',(1.362699571203,-6.916205708804,0.));
#3446 = CARTESIAN_POINT('',(1.363981092007,-6.921981678776,0.));
#3447 = CARTESIAN_POINT('',(1.36734068554,-6.934866967005,0.));
#3448 = CARTESIAN_POINT('',(1.373599457035,-6.956155405297,0.));
#3449 = CARTESIAN_POINT('',(1.383414479514,-6.985632496896,0.));
#3450 = CARTESIAN_POINT('',(1.397339531572,-7.023069965026,0.));
#3451 = CARTESIAN_POINT('',(1.41596030256,-7.068199778504,0.));
#3452 = CARTESIAN_POINT('',(1.439830993338,-7.120726785779,0.));
#3453 = CARTESIAN_POINT('',(1.469496928652,-7.180324721152,0.));
#3454 = CARTESIAN_POINT('',(1.50548432077,-7.246638656432,0.));
#3455 = CARTESIAN_POINT('',(1.548301914214,-7.319285214708,0.));
#3456 = CARTESIAN_POINT('',(1.598438628535,-7.397853628503,0.));
#3457 = CARTESIAN_POINT('',(1.65636258124,-7.481906596536,0.));
#3458 = CARTESIAN_POINT('',(1.722519728475,-7.570981279995,0.));
#3459 = CARTESIAN_POINT('',(1.797332658673,-7.664590333299,0.));
#3460 = CARTESIAN_POINT('',(1.881199506799,-7.762222973511,0.));
#3461 = CARTESIAN_POINT('',(1.974492445064,-7.863346195509,0.));
#3462 = CARTESIAN_POINT('',(2.077558220455,-7.967405639332,0.));
#3463 = CARTESIAN_POINT('',(2.190710545347,-8.073828137718,0.));
#3464 = CARTESIAN_POINT('',(2.27084812186,-8.144005119969,0.));
#3465 = CARTESIAN_POINT('',(2.312631089371,-8.179348228586,0.));
#3466 = VECTOR('',#3467,1.);
#3467 = DIRECTION('',(-0.,-0.,-1.));
#3468 = ADVANCED_FACE('',(#3469),#3480,.F.);
#3469 = FACE_BOUND('',#3470,.F.);
#3470 = EDGE_LOOP('',(#3471,#3472,#3473,#3479));
#3471 = ORIENTED_EDGE('',*,*,#3418,.T.);
#3472 = ORIENTED_EDGE('',*,*,#1657,.T.);
#3473 = ORIENTED_EDGE('',*,*,#3474,.F.);
#3474 = EDGE_CURVE('',#466,#1658,#3475,.T.);
#3475 = LINE('',#3476,#3477);
#3476 = CARTESIAN_POINT('',(1.3623930314,6.914758505596,0.));
#3477 = VECTOR('',#3478,1.);
#3478 = DIRECTION('',(0.,0.,1.));
#3479 = ORIENTED_EDGE('',*,*,#465,.F.);
#3480 = SURFACE_OF_LINEAR_EXTRUSION('',#3481,#3504);
#3481 = B_SPLINE_CURVE_WITH_KNOTS('',3,(#3482,#3483,#3484,#3485,#3486,
    #3487,#3488,#3489,#3490,#3491,#3492,#3493,#3494,#3495,#3496,#3497,
    #3498,#3499,#3500,#3501,#3502,#3503),.UNSPECIFIED.,.F.,.F.,(4,1,1,1,
    1,1,1,1,1,1,1,1,1,1,1,1,1,1,1,4),(0.,0.164179376806,0.319484192936,
    0.465914448406,0.603470143233,0.732151277438,0.851957851045,
    0.962889864087,1.064947316605,1.158130208649,1.242438540286,
    1.317872311609,1.384431522746,1.442116173884,1.490926265312,
    1.530861797514,1.561922771384,1.584109188893,1.597421055956,
    1.601858413965),.UNSPECIFIED.);
#3482 = CARTESIAN_POINT('',(2.312631089371,8.179348228586,0.));
#3483 = CARTESIAN_POINT('',(2.27084812186,8.144005119969,0.));
#3484 = CARTESIAN_POINT('',(2.190710545347,8.073828137718,0.));
#3485 = CARTESIAN_POINT('',(2.077558220455,7.967405639332,0.));
#3486 = CARTESIAN_POINT('',(1.974492445064,7.863346195509,0.));
#3487 = CARTESIAN_POINT('',(1.881199506799,7.762222973511,0.));
#3488 = CARTESIAN_POINT('',(1.797332658673,7.664590333299,0.));
#3489 = CARTESIAN_POINT('',(1.722519728475,7.570981279995,0.));
#3490 = CARTESIAN_POINT('',(1.65636258124,7.481906596536,0.));
#3491 = CARTESIAN_POINT('',(1.598438628535,7.397853628503,0.));
#3492 = CARTESIAN_POINT('',(1.548301914214,7.319285214708,0.));
#3493 = CARTESIAN_POINT('',(1.50548432077,7.246638656432,0.));
#3494 = CARTESIAN_POINT('',(1.469496928652,7.180324721152,0.));
#3495 = CARTESIAN_POINT('',(1.439830993338,7.120726785779,0.));
#3496 = CARTESIAN_POINT('',(1.41596030256,7.068199778504,0.));
#3497 = CARTESIAN_POINT('',(1.397339531572,7.023069965026,0.));
#3498 = CARTESIAN_POINT('',(1.383414479514,6.985632496896,0.));
#3499 = CARTESIAN_POINT('',(1.373599457035,6.956155405297,0.));
#3500 = CARTESIAN_POINT('',(1.36734068554,6.934866967005,0.));
#3501 = CARTESIAN_POINT('',(1.363981092007,6.921981678776,0.));
#3502 = CARTESIAN_POINT('',(1.362699571203,6.916205708804,0.));
#3503 = CARTESIAN_POINT('',(1.3623930314,6.914758505596,0.));
#3504 = VECTOR('',#3505,1.);
#3505 = DIRECTION('',(-0.,-0.,-1.));
#3506 = ADVANCED_FACE('',(#3507),#3518,.F.);
#3507 = FACE_BOUND('',#3508,.F.);
#3508 = EDGE_LOOP('',(#3509,#3515,#3516,#3517));
#3509 = ORIENTED_EDGE('',*,*,#3510,.T.);
#3510 = EDGE_CURVE('',#1156,#2348,#3511,.T.);
#3511 = LINE('',#3512,#3513);
#3512 = CARTESIAN_POINT('',(1.208190317827,-6.132110253078,0.));
#3513 = VECTOR('',#3514,1.);
#3514 = DIRECTION('',(0.,0.,1.));
#3515 = ORIENTED_EDGE('',*,*,#2354,.T.);
#3516 = ORIENTED_EDGE('',*,*,#3434,.F.);
#3517 = ORIENTED_EDGE('',*,*,#1162,.F.);
#3518 = SURFACE_OF_LINEAR_EXTRUSION('',#3519,#3522);
#3519 = B_SPLINE_CURVE_WITH_KNOTS('',1,(#3520,#3521),.UNSPECIFIED.,.F.,
  .F.,(2,2),(0.,0.797694655894),.PIECEWISE_BEZIER_KNOTS.);
#3520 = CARTESIAN_POINT('',(1.208190317827,-6.132110253078,0.));
#3521 = CARTESIAN_POINT('',(1.3623930314,-6.914758505596,0.));
#3522 = VECTOR('',#3523,1.);
#3523 = DIRECTION('',(-0.,-0.,-1.));
#3524 = ADVANCED_FACE('',(#3525),#3536,.F.);
#3525 = FACE_BOUND('',#3526,.F.);
#3526 = EDGE_LOOP('',(#3527,#3528,#3529,#3535));
#3527 = ORIENTED_EDGE('',*,*,#3474,.T.);
#3528 = ORIENTED_EDGE('',*,*,#1684,.T.);
#3529 = ORIENTED_EDGE('',*,*,#3530,.F.);
#3530 = EDGE_CURVE('',#493,#1685,#3531,.T.);
#3531 = LINE('',#3532,#3533);
#3532 = CARTESIAN_POINT('',(1.208190317827,6.132110253078,0.));
#3533 = VECTOR('',#3534,1.);
#3534 = DIRECTION('',(0.,0.,1.));
#3535 = ORIENTED_EDGE('',*,*,#492,.F.);
#3536 = SURFACE_OF_LINEAR_EXTRUSION('',#3537,#3540);
#3537 = B_SPLINE_CURVE_WITH_KNOTS('',1,(#3538,#3539),.UNSPECIFIED.,.F.,
  .F.,(2,2),(0.,0.797694655894),.PIECEWISE_BEZIER_KNOTS.);
#3538 = CARTESIAN_POINT('',(1.3623930314,6.914758505596,0.));
#3539 = CARTESIAN_POINT('',(1.208190317827,6.132110253078,0.));
#3540 = VECTOR('',#3541,1.);
#3541 = DIRECTION('',(-0.,-0.,-1.));
#3542 = ADVANCED_FACE('',(#3543),#3554,.F.);
#3543 = FACE_BOUND('',#3544,.F.);
#3544 = EDGE_LOOP('',(#3545,#3551,#3552,#3553));
#3545 = ORIENTED_EDGE('',*,*,#3546,.T.);
#3546 = EDGE_CURVE('',#1149,#2341,#3547,.T.);
#3547 = LINE('',#3548,#3549);
#3548 = CARTESIAN_POINT('',(9.314895038661E-02,-6.249305823293,0.));
#3549 = VECTOR('',#3550,1.);
#3550 = DIRECTION('',(0.,0.,1.));
#3551 = ORIENTED_EDGE('',*,*,#2347,.T.);
#3552 = ORIENTED_EDGE('',*,*,#3510,.F.);
#3553 = ORIENTED_EDGE('',*,*,#1155,.F.);
#3554 = SURFACE_OF_LINEAR_EXTRUSION('',#3555,#3558);
#3555 = B_SPLINE_CURVE_WITH_KNOTS('',1,(#3556,#3557),.UNSPECIFIED.,.F.,
  .F.,(2,2),(0.,1.121183327017),.PIECEWISE_BEZIER_KNOTS.);
#3556 = CARTESIAN_POINT('',(9.314895038661E-02,-6.249305823293,0.));
#3557 = CARTESIAN_POINT('',(1.208190317827,-6.132110253078,0.));
#3558 = VECTOR('',#3559,1.);
#3559 = DIRECTION('',(-0.,-0.,-1.));
#3560 = ADVANCED_FACE('',(#3561),#3572,.F.);
#3561 = FACE_BOUND('',#3562,.F.);
#3562 = EDGE_LOOP('',(#3563,#3564,#3565,#3571));
#3563 = ORIENTED_EDGE('',*,*,#3530,.T.);
#3564 = ORIENTED_EDGE('',*,*,#1691,.T.);
#3565 = ORIENTED_EDGE('',*,*,#3566,.F.);
#3566 = EDGE_CURVE('',#500,#1692,#3567,.T.);
#3567 = LINE('',#3568,#3569);
#3568 = CARTESIAN_POINT('',(9.314895038661E-02,6.249305823293,0.));
#3569 = VECTOR('',#3570,1.);
#3570 = DIRECTION('',(0.,0.,1.));
#3571 = ORIENTED_EDGE('',*,*,#499,.F.);
#3572 = SURFACE_OF_LINEAR_EXTRUSION('',#3573,#3576);
#3573 = B_SPLINE_CURVE_WITH_KNOTS('',1,(#3574,#3575),.UNSPECIFIED.,.F.,
  .F.,(2,2),(0.,1.121183327017),.PIECEWISE_BEZIER_KNOTS.);
#3574 = CARTESIAN_POINT('',(1.208190317827,6.132110253078,0.));
#3575 = CARTESIAN_POINT('',(9.314895038661E-02,6.249305823293,0.));
#3576 = VECTOR('',#3577,1.);
#3577 = DIRECTION('',(-0.,-0.,-1.));
#3578 = ADVANCED_FACE('',(#3579),#3590,.F.);
#3579 = FACE_BOUND('',#3580,.F.);
#3580 = EDGE_LOOP('',(#3581,#3587,#3588,#3589));
#3581 = ORIENTED_EDGE('',*,*,#3582,.T.);
#3582 = EDGE_CURVE('',#1122,#2314,#3583,.T.);
#3583 = LINE('',#3584,#3585);
#3584 = CARTESIAN_POINT('',(0.105037657575,-7.046911880619,0.));
#3585 = VECTOR('',#3586,1.);
#3586 = DIRECTION('',(0.,0.,1.));
#3587 = ORIENTED_EDGE('',*,*,#2340,.T.);
#3588 = ORIENTED_EDGE('',*,*,#3546,.F.);
#3589 = ORIENTED_EDGE('',*,*,#1148,.F.);
#3590 = SURFACE_OF_LINEAR_EXTRUSION('',#3591,#3594);
#3591 = B_SPLINE_CURVE_WITH_KNOTS('',1,(#3592,#3593),.UNSPECIFIED.,.F.,
  .F.,(2,2),(0.,0.797694655894),.PIECEWISE_BEZIER_KNOTS.);
#3592 = CARTESIAN_POINT('',(0.105037657575,-7.046911880619,0.));
#3593 = CARTESIAN_POINT('',(9.314895038661E-02,-6.249305823293,0.));
#3594 = VECTOR('',#3595,1.);
#3595 = DIRECTION('',(-0.,-0.,-1.));
#3596 = ADVANCED_FACE('',(#3597),#3608,.F.);
#3597 = FACE_BOUND('',#3598,.F.);
#3598 = EDGE_LOOP('',(#3599,#3600,#3601,#3607));
#3599 = ORIENTED_EDGE('',*,*,#3566,.T.);
#3600 = ORIENTED_EDGE('',*,*,#1698,.T.);
#3601 = ORIENTED_EDGE('',*,*,#3602,.F.);
#3602 = EDGE_CURVE('',#507,#1699,#3603,.T.);
#3603 = LINE('',#3604,#3605);
#3604 = CARTESIAN_POINT('',(0.105037657575,7.046911880619,0.));
#3605 = VECTOR('',#3606,1.);
#3606 = DIRECTION('',(0.,0.,1.));
#3607 = ORIENTED_EDGE('',*,*,#506,.F.);
#3608 = SURFACE_OF_LINEAR_EXTRUSION('',#3609,#3612);
#3609 = B_SPLINE_CURVE_WITH_KNOTS('',1,(#3610,#3611),.UNSPECIFIED.,.F.,
  .F.,(2,2),(0.,0.797694655894),.PIECEWISE_BEZIER_KNOTS.);
#3610 = CARTESIAN_POINT('',(9.314895038661E-02,6.249305823293,0.));
#3611 = CARTESIAN_POINT('',(0.105037657575,7.046911880619,0.));
#3612 = VECTOR('',#3613,1.);
#3613 = DIRECTION('',(-0.,-0.,-1.));
#3614 = ADVANCED_FACE('',(#3615),#3626,.F.);
#3615 = FACE_BOUND('',#3616,.F.);
#3616 = EDGE_LOOP('',(#3617,#3623,#3624,#3625));
#3617 = ORIENTED_EDGE('',*,*,#3618,.T.);
#3618 = EDGE_CURVE('',#1115,#2307,#3619,.T.);
#3619 = LINE('',#3620,#3621);
#3620 = CARTESIAN_POINT('',(-0.561512431458,-8.481432885387,0.));
#3621 = VECTOR('',#3622,1.);
#3622 = DIRECTION('',(0.,0.,1.));
#3623 = ORIENTED_EDGE('',*,*,#2313,.T.);
#3624 = ORIENTED_EDGE('',*,*,#3582,.F.);
#3625 = ORIENTED_EDGE('',*,*,#1121,.F.);
#3626 = SURFACE_OF_LINEAR_EXTRUSION('',#3627,#3650);
#3627 = B_SPLINE_CURVE_WITH_KNOTS('',3,(#3628,#3629,#3630,#3631,#3632,
    #3633,#3634,#3635,#3636,#3637,#3638,#3639,#3640,#3641,#3642,#3643,
    #3644,#3645,#3646,#3647,#3648,#3649),.UNSPECIFIED.,.F.,.F.,(4,1,1,1,
    1,1,1,1,1,1,1,1,1,1,1,1,1,1,1,4),(0.,0.164179376806,0.319484192936,
    0.465914448406,0.603470143233,0.732151277438,0.851957851045,
    0.962889864087,1.064947316605,1.158130208649,1.242438540286,
    1.317872311609,1.384431522746,1.442116173884,1.490926265312,
    1.530861797514,1.561922771384,1.584109188893,1.597421055956,
    1.601858413965),.UNSPECIFIED.);
#3628 = CARTESIAN_POINT('',(-0.561512431458,-8.481432885387,0.));
#3629 = CARTESIAN_POINT('',(-0.527990767507,-8.438174941067,0.));
#3630 = CARTESIAN_POINT('',(-0.464195004349,-8.352869955221,0.));
#3631 = CARTESIAN_POINT('',(-0.375641810819,-8.225247352573,0.));
#3632 = CARTESIAN_POINT('',(-0.296463444813,-8.102033277637,0.));
#3633 = CARTESIAN_POINT('',(-0.22623388115,-7.983723148124,0.));
#3634 = CARTESIAN_POINT('',(-0.16449869218,-7.87078711715,0.));
#3635 = CARTESIAN_POINT('',(-0.110783020551,-7.763669163442,0.));
#3636 = CARTESIAN_POINT('',(-6.45912337584E-02,-7.662786131189,0.));
#3637 = CARTESIAN_POINT('',(-2.540865309732E-02,-7.568526855227,0.));
#3638 = CARTESIAN_POINT('',(7.297161967383E-03,-7.481251340733,0.));
#3639 = CARTESIAN_POINT('',(3.407501950042E-02,-7.401290005805,0.));
#3640 = CARTESIAN_POINT('',(5.548855834877E-02,-7.328942989572,0.));
#3641 = CARTESIAN_POINT('',(7.211511428651E-02,-7.264479517308,0.));
#3642 = CARTESIAN_POINT('',(8.454319430343E-02,-7.208137355487,0.));
#3643 = CARTESIAN_POINT('',(9.337404094262E-02,-7.160122260732,0.));
#3644 = CARTESIAN_POINT('',(9.921110990359E-02,-7.120607709984,0.));
#3645 = CARTESIAN_POINT('',(0.102683018638,-7.089734105642,0.));
#3646 = CARTESIAN_POINT('',(0.10437890576,-7.067609599039,0.));
#3647 = CARTESIAN_POINT('',(0.104986082051,-7.054307386501,0.));
#3648 = CARTESIAN_POINT('',(0.105038706867,-7.048391192174,0.));
#3649 = CARTESIAN_POINT('',(0.105037657575,-7.046911880619,0.));
#3650 = VECTOR('',#3651,1.);
#3651 = DIRECTION('',(-0.,-0.,-1.));
#3652 = ADVANCED_FACE('',(#3653),#3664,.F.);
#3653 = FACE_BOUND('',#3654,.F.);
#3654 = EDGE_LOOP('',(#3655,#3656,#3657,#3663));
#3655 = ORIENTED_EDGE('',*,*,#3602,.T.);
#3656 = ORIENTED_EDGE('',*,*,#1705,.T.);
#3657 = ORIENTED_EDGE('',*,*,#3658,.F.);
#3658 = EDGE_CURVE('',#514,#1706,#3659,.T.);
#3659 = LINE('',#3660,#3661);
#3660 = CARTESIAN_POINT('',(-0.561512431458,8.481432885387,0.));
#3661 = VECTOR('',#3662,1.);
#3662 = DIRECTION('',(0.,0.,1.));
#3663 = ORIENTED_EDGE('',*,*,#513,.F.);
#3664 = SURFACE_OF_LINEAR_EXTRUSION('',#3665,#3688);
#3665 = B_SPLINE_CURVE_WITH_KNOTS('',3,(#3666,#3667,#3668,#3669,#3670,
    #3671,#3672,#3673,#3674,#3675,#3676,#3677,#3678,#3679,#3680,#3681,
    #3682,#3683,#3684,#3685,#3686,#3687),.UNSPECIFIED.,.F.,.F.,(4,1,1,1,
    1,1,1,1,1,1,1,1,1,1,1,1,1,1,1,4),(0.,4.43735800818E-03,
    1.774922507116E-02,3.993564258102E-02,7.099661645099E-02,
    0.110932148652,0.15974224008,0.217426891218,0.283986102355,
    0.359419873678,0.443728205316,0.53691109736,0.638968549877,
    0.74990056292,0.869707136527,0.998388270731,1.135943965558,
    1.282374221028,1.437679037159,1.601858413965),.UNSPECIFIED.);
#3666 = CARTESIAN_POINT('',(0.105037657575,7.046911880619,0.));
#3667 = CARTESIAN_POINT('',(0.105038706867,7.048391192174,0.));
#3668 = CARTESIAN_POINT('',(0.104986082051,7.054307386501,0.));
#3669 = CARTESIAN_POINT('',(0.10437890576,7.067609599039,0.));
#3670 = CARTESIAN_POINT('',(0.102683018638,7.089734105642,0.));
#3671 = CARTESIAN_POINT('',(9.92111099036E-02,7.120607709984,0.));
#3672 = CARTESIAN_POINT('',(9.337404094262E-02,7.160122260732,0.));
#3673 = CARTESIAN_POINT('',(8.454319430344E-02,7.208137355487,0.));
#3674 = CARTESIAN_POINT('',(7.211511428651E-02,7.264479517308,0.));
#3675 = CARTESIAN_POINT('',(5.548855834878E-02,7.328942989572,0.));
#3676 = CARTESIAN_POINT('',(3.407501950043E-02,7.401290005805,0.));
#3677 = CARTESIAN_POINT('',(7.297161967388E-03,7.481251340733,0.));
#3678 = CARTESIAN_POINT('',(-2.540865309731E-02,7.568526855227,0.));
#3679 = CARTESIAN_POINT('',(-6.45912337584E-02,7.662786131189,0.));
#3680 = CARTESIAN_POINT('',(-0.110783020551,7.763669163442,0.));
#3681 = CARTESIAN_POINT('',(-0.16449869218,7.87078711715,0.));
#3682 = CARTESIAN_POINT('',(-0.22623388115,7.983723148124,0.));
#3683 = CARTESIAN_POINT('',(-0.296463444813,8.102033277637,0.));
#3684 = CARTESIAN_POINT('',(-0.375641810819,8.225247352573,0.));
#3685 = CARTESIAN_POINT('',(-0.464195004349,8.352869955221,0.));
#3686 = CARTESIAN_POINT('',(-0.527990767507,8.438174941067,0.));
#3687 = CARTESIAN_POINT('',(-0.561512431458,8.481432885387,0.));
#3688 = VECTOR('',#3689,1.);
#3689 = DIRECTION('',(-0.,-0.,-1.));
#3690 = ADVANCED_FACE('',(#3691),#3702,.F.);
#3691 = FACE_BOUND('',#3692,.F.);
#3692 = EDGE_LOOP('',(#3693,#3699,#3700,#3701));
#3693 = ORIENTED_EDGE('',*,*,#3694,.T.);
#3694 = EDGE_CURVE('',#1088,#2280,#3695,.T.);
#3695 = LINE('',#3696,#3697);
#3696 = CARTESIAN_POINT('',(-1.214147014146,-8.412838226665,0.));
#3697 = VECTOR('',#3698,1.);
#3698 = DIRECTION('',(0.,0.,1.));
#3699 = ORIENTED_EDGE('',*,*,#2306,.T.);
#3700 = ORIENTED_EDGE('',*,*,#3618,.F.);
#3701 = ORIENTED_EDGE('',*,*,#1114,.F.);
#3702 = SURFACE_OF_LINEAR_EXTRUSION('',#3703,#3706);
#3703 = B_SPLINE_CURVE_WITH_KNOTS('',1,(#3704,#3705),.UNSPECIFIED.,.F.,
  .F.,(2,2),(0.,0.656229476422),.PIECEWISE_BEZIER_KNOTS.);
#3704 = CARTESIAN_POINT('',(-1.214147014146,-8.412838226665,0.));
#3705 = CARTESIAN_POINT('',(-0.561512431458,-8.481432885387,0.));
#3706 = VECTOR('',#3707,1.);
#3707 = DIRECTION('',(-0.,-0.,-1.));
#3708 = ADVANCED_FACE('',(#3709),#3720,.F.);
#3709 = FACE_BOUND('',#3710,.F.);
#3710 = EDGE_LOOP('',(#3711,#3712,#3713,#3719));
#3711 = ORIENTED_EDGE('',*,*,#3658,.T.);
#3712 = ORIENTED_EDGE('',*,*,#1732,.T.);
#3713 = ORIENTED_EDGE('',*,*,#3714,.F.);
#3714 = EDGE_CURVE('',#541,#1733,#3715,.T.);
#3715 = LINE('',#3716,#3717);
#3716 = CARTESIAN_POINT('',(-1.214147014146,8.412838226665,0.));
#3717 = VECTOR('',#3718,1.);
#3718 = DIRECTION('',(0.,0.,1.));
#3719 = ORIENTED_EDGE('',*,*,#540,.F.);
#3720 = SURFACE_OF_LINEAR_EXTRUSION('',#3721,#3724);
#3721 = B_SPLINE_CURVE_WITH_KNOTS('',1,(#3722,#3723),.UNSPECIFIED.,.F.,
  .F.,(2,2),(0.,0.656229476422),.PIECEWISE_BEZIER_KNOTS.);
#3722 = CARTESIAN_POINT('',(-0.561512431458,8.481432885387,0.));
#3723 = CARTESIAN_POINT('',(-1.214147014146,8.412838226665,0.));
#3724 = VECTOR('',#3725,1.);
#3725 = DIRECTION('',(-0.,-0.,-1.));
#3726 = ADVANCED_FACE('',(#3727),#3738,.F.);
#3727 = FACE_BOUND('',#3728,.F.);
#3728 = EDGE_LOOP('',(#3729,#3735,#3736,#3737));
#3729 = ORIENTED_EDGE('',*,*,#3730,.T.);
#3730 = EDGE_CURVE('',#1081,#2273,#3731,.T.);
#3731 = LINE('',#3732,#3733);
#3732 = CARTESIAN_POINT('',(-1.567877696887,-6.871081391624,0.));
#3733 = VECTOR('',#3734,1.);
#3734 = DIRECTION('',(0.,0.,1.));
#3735 = ORIENTED_EDGE('',*,*,#2279,.T.);
#3736 = ORIENTED_EDGE('',*,*,#3694,.F.);
#3737 = ORIENTED_EDGE('',*,*,#1087,.F.);
#3738 = SURFACE_OF_LINEAR_EXTRUSION('',#3739,#3762);
#3739 = B_SPLINE_CURVE_WITH_KNOTS('',3,(#3740,#3741,#3742,#3743,#3744,
    #3745,#3746,#3747,#3748,#3749,#3750,#3751,#3752,#3753,#3754,#3755,
    #3756,#3757,#3758,#3759,#3760,#3761),.UNSPECIFIED.,.F.,.F.,(4,1,1,1,
    1,1,1,1,1,1,1,1,1,1,1,1,1,1,1,4),(0.,4.43735800818E-03,
    1.774922507116E-02,3.993564258102E-02,7.099661645099E-02,
    0.110932148652,0.15974224008,0.217426891218,0.283986102355,
    0.359419873678,0.443728205316,0.53691109736,0.638968549877,
    0.74990056292,0.869707136527,0.998388270731,1.135943965558,
    1.282374221028,1.437679037159,1.601858413965),.UNSPECIFIED.);
#3740 = CARTESIAN_POINT('',(-1.567877696887,-6.871081391624,0.));
#3741 = CARTESIAN_POINT('',(-1.568186289416,-6.872528158512,0.));
#3742 = CARTESIAN_POINT('',(-1.569364860544,-6.878326011113,0.));
#3743 = CARTESIAN_POINT('',(-1.571536638012,-6.891463777441,0.));
#3744 = CARTESIAN_POINT('',(-1.574477753669,-6.913457405251,0.));
#3745 = CARTESIAN_POINT('',(-1.577500697751,-6.94437819768,0.));
#3746 = CARTESIAN_POINT('',(-1.580006719809,-6.984242855564,0.));
#3747 = CARTESIAN_POINT('',(-1.581351747892,-7.033044741554,0.));
#3748 = CARTESIAN_POINT('',(-1.58090944537,-7.09073963509,0.));
#3749 = CARTESIAN_POINT('',(-1.578048929086,-7.157251281177,0.));
#3750 = CARTESIAN_POINT('',(-1.572145117909,-7.232469466594,0.));
#3751 = CARTESIAN_POINT('',(-1.562577317155,-7.316250884142,0.));
#3752 = CARTESIAN_POINT('',(-1.548731802405,-7.408419140556,0.));
#3753 = CARTESIAN_POINT('',(-1.530003060581,-7.508765141781,0.));
#3754 = CARTESIAN_POINT('',(-1.505795436967,-7.617047450228,0.));
#3755 = CARTESIAN_POINT('',(-1.475524656514,-7.732992735756,0.));
#3756 = CARTESIAN_POINT('',(-1.438619250696,-7.856296311011,0.));
#3757 = CARTESIAN_POINT('',(-1.394522430566,-7.986622627662,0.));
#3758 = CARTESIAN_POINT('',(-1.34269194848,-8.123606287391,0.));
#3759 = CARTESIAN_POINT('',(-1.282608085795,-8.266851274165,0.));
#3760 = CARTESIAN_POINT('',(-1.237942316967,-8.363556026386,0.));
#3761 = CARTESIAN_POINT('',(-1.214147014146,-8.412838226665,0.));
#3762 = VECTOR('',#3763,1.);
#3763 = DIRECTION('',(-0.,-0.,-1.));
#3764 = ADVANCED_FACE('',(#3765),#3776,.F.);
#3765 = FACE_BOUND('',#3766,.F.);
#3766 = EDGE_LOOP('',(#3767,#3768,#3769,#3775));
#3767 = ORIENTED_EDGE('',*,*,#3714,.T.);
#3768 = ORIENTED_EDGE('',*,*,#1739,.T.);
#3769 = ORIENTED_EDGE('',*,*,#3770,.F.);
#3770 = EDGE_CURVE('',#548,#1740,#3771,.T.);
#3771 = LINE('',#3772,#3773);
#3772 = CARTESIAN_POINT('',(-1.567877696887,6.871081391624,0.));
#3773 = VECTOR('',#3774,1.);
#3774 = DIRECTION('',(0.,0.,1.));
#3775 = ORIENTED_EDGE('',*,*,#547,.F.);
#3776 = SURFACE_OF_LINEAR_EXTRUSION('',#3777,#3800);
#3777 = B_SPLINE_CURVE_WITH_KNOTS('',3,(#3778,#3779,#3780,#3781,#3782,
    #3783,#3784,#3785,#3786,#3787,#3788,#3789,#3790,#3791,#3792,#3793,
    #3794,#3795,#3796,#3797,#3798,#3799),.UNSPECIFIED.,.F.,.F.,(4,1,1,1,
    1,1,1,1,1,1,1,1,1,1,1,1,1,1,1,4),(0.,0.164179376806,0.319484192936,
    0.465914448406,0.603470143233,0.732151277438,0.851957851045,
    0.962889864087,1.064947316605,1.158130208649,1.242438540286,
    1.317872311609,1.384431522746,1.442116173884,1.490926265312,
    1.530861797514,1.561922771384,1.584109188893,1.597421055956,
    1.601858413965),.UNSPECIFIED.);
#3778 = CARTESIAN_POINT('',(-1.214147014146,8.412838226665,0.));
#3779 = CARTESIAN_POINT('',(-1.237942316967,8.363556026386,0.));
#3780 = CARTESIAN_POINT('',(-1.282608085795,8.266851274165,0.));
#3781 = CARTESIAN_POINT('',(-1.34269194848,8.123606287391,0.));
#3782 = CARTESIAN_POINT('',(-1.394522430566,7.986622627662,0.));
#3783 = CARTESIAN_POINT('',(-1.438619250696,7.856296311011,0.));
#3784 = CARTESIAN_POINT('',(-1.475524656514,7.732992735756,0.));
#3785 = CARTESIAN_POINT('',(-1.505795436967,7.617047450228,0.));
#3786 = CARTESIAN_POINT('',(-1.530003060581,7.508765141781,0.));
#3787 = CARTESIAN_POINT('',(-1.548731802405,7.408419140556,0.));
#3788 = CARTESIAN_POINT('',(-1.562577317155,7.316250884142,0.));
#3789 = CARTESIAN_POINT('',(-1.572145117909,7.232469466594,0.));
#3790 = CARTESIAN_POINT('',(-1.578048929086,7.157251281177,0.));
#3791 = CARTESIAN_POINT('',(-1.58090944537,7.09073963509,0.));
#3792 = CARTESIAN_POINT('',(-1.581351747892,7.033044741554,0.));
#3793 = CARTESIAN_POINT('',(-1.580006719809,6.984242855564,0.));
#3794 = CARTESIAN_POINT('',(-1.577500697751,6.94437819768,0.));
#3795 = CARTESIAN_POINT('',(-1.574477753669,6.913457405251,0.));
#3796 = CARTESIAN_POINT('',(-1.571536638012,6.891463777441,0.));
#3797 = CARTESIAN_POINT('',(-1.569364860544,6.878326011113,0.));
#3798 = CARTESIAN_POINT('',(-1.568186289416,6.872528158512,0.));
#3799 = CARTESIAN_POINT('',(-1.567877696887,6.871081391624,0.));
#3800 = VECTOR('',#3801,1.);
#3801 = DIRECTION('',(-0.,-0.,-1.));
#3802 = ADVANCED_FACE('',(#3803),#3814,.F.);
#3803 = FACE_BOUND('',#3804,.F.);
#3804 = EDGE_LOOP('',(#3805,#3811,#3812,#3813));
#3805 = ORIENTED_EDGE('',*,*,#3806,.T.);
#3806 = EDGE_CURVE('',#1074,#2266,#3807,.T.);
#3807 = LINE('',#3808,#3809);
#3808 = CARTESIAN_POINT('',(-1.39041716249,-6.093376741533,0.));
#3809 = VECTOR('',#3810,1.);
#3810 = DIRECTION('',(0.,0.,1.));
#3811 = ORIENTED_EDGE('',*,*,#2272,.T.);
#3812 = ORIENTED_EDGE('',*,*,#3730,.F.);
#3813 = ORIENTED_EDGE('',*,*,#1080,.F.);
#3814 = SURFACE_OF_LINEAR_EXTRUSION('',#3815,#3818);
#3815 = B_SPLINE_CURVE_WITH_KNOTS('',1,(#3816,#3817),.UNSPECIFIED.,.F.,
  .F.,(2,2),(0.,0.797694655894),.PIECEWISE_BEZIER_KNOTS.);
#3816 = CARTESIAN_POINT('',(-1.39041716249,-6.093376741533,0.));
#3817 = CARTESIAN_POINT('',(-1.567877696887,-6.871081391624,0.));
#3818 = VECTOR('',#3819,1.);
#3819 = DIRECTION('',(-0.,-0.,-1.));
#3820 = ADVANCED_FACE('',(#3821),#3832,.F.);
#3821 = FACE_BOUND('',#3822,.F.);
#3822 = EDGE_LOOP('',(#3823,#3824,#3825,#3831));
#3823 = ORIENTED_EDGE('',*,*,#3770,.T.);
#3824 = ORIENTED_EDGE('',*,*,#1766,.T.);
#3825 = ORIENTED_EDGE('',*,*,#3826,.F.);
#3826 = EDGE_CURVE('',#575,#1767,#3827,.T.);
#3827 = LINE('',#3828,#3829);
#3828 = CARTESIAN_POINT('',(-1.39041716249,6.093376741533,0.));
#3829 = VECTOR('',#3830,1.);
#3830 = DIRECTION('',(0.,0.,1.));
#3831 = ORIENTED_EDGE('',*,*,#574,.F.);
#3832 = SURFACE_OF_LINEAR_EXTRUSION('',#3833,#3836);
#3833 = B_SPLINE_CURVE_WITH_KNOTS('',1,(#3834,#3835),.UNSPECIFIED.,.F.,
  .F.,(2,2),(0.,0.797694655894),.PIECEWISE_BEZIER_KNOTS.);
#3834 = CARTESIAN_POINT('',(-1.567877696887,6.871081391624,0.));
#3835 = CARTESIAN_POINT('',(-1.39041716249,6.093376741533,0.));
#3836 = VECTOR('',#3837,1.);
#3837 = DIRECTION('',(-0.,-0.,-1.));
#3838 = ADVANCED_FACE('',(#3839),#3850,.F.);
#3839 = FACE_BOUND('',#3840,.F.);
#3840 = EDGE_LOOP('',(#3841,#3847,#3848,#3849));
#3841 = ORIENTED_EDGE('',*,*,#3842,.T.);
#3842 = EDGE_CURVE('',#1067,#2259,#3843,.T.);
#3843 = LINE('',#3844,#3845);
#3844 = CARTESIAN_POINT('',(-2.45672587161,-5.746912039675,0.));
#3845 = VECTOR('',#3846,1.);
#3846 = DIRECTION('',(0.,0.,1.));
#3847 = ORIENTED_EDGE('',*,*,#2265,.T.);
#3848 = ORIENTED_EDGE('',*,*,#3806,.F.);
#3849 = ORIENTED_EDGE('',*,*,#1073,.F.);
#3850 = SURFACE_OF_LINEAR_EXTRUSION('',#3851,#3854);
#3851 = B_SPLINE_CURVE_WITH_KNOTS('',1,(#3852,#3853),.UNSPECIFIED.,.F.,
  .F.,(2,2),(0.,1.121183327017),.PIECEWISE_BEZIER_KNOTS.);
#3852 = CARTESIAN_POINT('',(-2.45672587161,-5.746912039675,0.));
#3853 = CARTESIAN_POINT('',(-1.39041716249,-6.093376741533,0.));
#3854 = VECTOR('',#3855,1.);
#3855 = DIRECTION('',(-0.,-0.,-1.));
#3856 = ADVANCED_FACE('',(#3857),#3868,.F.);
#3857 = FACE_BOUND('',#3858,.F.);
#3858 = EDGE_LOOP('',(#3859,#3860,#3861,#3867));
#3859 = ORIENTED_EDGE('',*,*,#3826,.T.);
#3860 = ORIENTED_EDGE('',*,*,#1773,.T.);
#3861 = ORIENTED_EDGE('',*,*,#3862,.F.);
#3862 = EDGE_CURVE('',#582,#1774,#3863,.T.);
#3863 = LINE('',#3864,#3865);
#3864 = CARTESIAN_POINT('',(-2.45672587161,5.746912039675,0.));
#3865 = VECTOR('',#3866,1.);
#3866 = DIRECTION('',(0.,0.,1.));
#3867 = ORIENTED_EDGE('',*,*,#581,.F.);
#3868 = SURFACE_OF_LINEAR_EXTRUSION('',#3869,#3872);
#3869 = B_SPLINE_CURVE_WITH_KNOTS('',1,(#3870,#3871),.UNSPECIFIED.,.F.,
  .F.,(2,2),(0.,1.121183327017),.PIECEWISE_BEZIER_KNOTS.);
#3870 = CARTESIAN_POINT('',(-1.39041716249,6.093376741533,0.));
#3871 = CARTESIAN_POINT('',(-2.45672587161,5.746912039675,0.));
#3872 = VECTOR('',#3873,1.);
#3873 = DIRECTION('',(-0.,-0.,-1.));
#3874 = ADVANCED_FACE('',(#3875),#3886,.F.);
#3875 = FACE_BOUND('',#3876,.F.);
#3876 = EDGE_LOOP('',(#3877,#3883,#3884,#3885));
#3877 = ORIENTED_EDGE('',*,*,#3878,.T.);
#3878 = EDGE_CURVE('',#1040,#2232,#3879,.T.);
#3879 = LINE('',#3880,#3881);
#3880 = CARTESIAN_POINT('',(-2.770280607415,-6.480397003186,0.));
#3881 = VECTOR('',#3882,1.);
#3882 = DIRECTION('',(0.,0.,1.));
#3883 = ORIENTED_EDGE('',*,*,#2258,.T.);
#3884 = ORIENTED_EDGE('',*,*,#3842,.F.);
#3885 = ORIENTED_EDGE('',*,*,#1066,.F.);
#3886 = SURFACE_OF_LINEAR_EXTRUSION('',#3887,#3890);
#3887 = B_SPLINE_CURVE_WITH_KNOTS('',1,(#3888,#3889),.UNSPECIFIED.,.F.,
  .F.,(2,2),(0.,0.797694655894),.PIECEWISE_BEZIER_KNOTS.);
#3888 = CARTESIAN_POINT('',(-2.770280607415,-6.480397003186,0.));
#3889 = CARTESIAN_POINT('',(-2.45672587161,-5.746912039675,0.));
#3890 = VECTOR('',#3891,1.);
#3891 = DIRECTION('',(-0.,-0.,-1.));
#3892 = ADVANCED_FACE('',(#3893),#3904,.F.);
#3893 = FACE_BOUND('',#3894,.F.);
#3894 = EDGE_LOOP('',(#3895,#3896,#3897,#3903));
#3895 = ORIENTED_EDGE('',*,*,#3862,.T.);
#3896 = ORIENTED_EDGE('',*,*,#1780,.T.);
#3897 = ORIENTED_EDGE('',*,*,#3898,.F.);
#3898 = EDGE_CURVE('',#589,#1781,#3899,.T.);
#3899 = LINE('',#3900,#3901);
#3900 = CARTESIAN_POINT('',(-2.770280607415,6.480397003186,0.));
#3901 = VECTOR('',#3902,1.);
#3902 = DIRECTION('',(0.,0.,1.));
#3903 = ORIENTED_EDGE('',*,*,#588,.F.);
#3904 = SURFACE_OF_LINEAR_EXTRUSION('',#3905,#3908);
#3905 = B_SPLINE_CURVE_WITH_KNOTS('',1,(#3906,#3907),.UNSPECIFIED.,.F.,
  .F.,(2,2),(0.,0.797694655894),.PIECEWISE_BEZIER_KNOTS.);
#3906 = CARTESIAN_POINT('',(-2.45672587161,5.746912039675,0.));
#3907 = CARTESIAN_POINT('',(-2.770280607415,6.480397003186,0.));
#3908 = VECTOR('',#3909,1.);
#3909 = DIRECTION('',(-0.,-0.,-1.));
#3910 = ADVANCED_FACE('',(#3911),#3922,.F.);
#3911 = FACE_BOUND('',#3912,.F.);
#3912 = EDGE_LOOP('',(#3913,#3919,#3920,#3921));
#3913 = ORIENTED_EDGE('',*,*,#3914,.T.);
#3914 = EDGE_CURVE('',#1033,#2225,#3915,.T.);
#3915 = LINE('',#3916,#3917);
#3916 = CARTESIAN_POINT('',(-3.962676671443,-7.519786805329,0.));
#3917 = VECTOR('',#3918,1.);
#3918 = DIRECTION('',(0.,0.,1.));
#3919 = ORIENTED_EDGE('',*,*,#2231,.T.);
#3920 = ORIENTED_EDGE('',*,*,#3878,.F.);
#3921 = ORIENTED_EDGE('',*,*,#1039,.F.);
#3922 = SURFACE_OF_LINEAR_EXTRUSION('',#3923,#3946);
#3923 = B_SPLINE_CURVE_WITH_KNOTS('',3,(#3924,#3925,#3926,#3927,#3928,
    #3929,#3930,#3931,#3932,#3933,#3934,#3935,#3936,#3937,#3938,#3939,
    #3940,#3941,#3942,#3943,#3944,#3945),.UNSPECIFIED.,.F.,.F.,(4,1,1,1,
    1,1,1,1,1,1,1,1,1,1,1,1,1,1,1,4),(0.,0.164179376806,0.319484192936,
    0.465914448406,0.603470143233,0.732151277438,0.851957851045,
    0.962889864087,1.064947316605,1.158130208649,1.242438540286,
    1.317872311609,1.384431522746,1.442116173884,1.490926265312,
    1.530861797514,1.561922771384,1.584109188893,1.597421055956,
    1.601858413965),.UNSPECIFIED.);
#3924 = CARTESIAN_POINT('',(-3.962676671443,-7.519786805329,0.));
#3925 = CARTESIAN_POINT('',(-3.914458516549,-7.493903195855,0.));
#3926 = CARTESIAN_POINT('',(-3.821481523319,-7.44192128807,0.));
#3927 = CARTESIAN_POINT('',(-3.688675366628,-7.361350067799,0.));
#3928 = CARTESIAN_POINT('',(-3.5662266508,-7.280993152116,0.));
#3929 = CARTESIAN_POINT('',(-3.453947687004,-7.201476407676,0.));
#3930 = CARTESIAN_POINT('',(-3.351614563423,-7.123414173097,0.));
#3931 = CARTESIAN_POINT('',(-3.258974058698,-7.047405185014,0.));
#3932 = CARTESIAN_POINT('',(-3.175742935811,-6.974031841443,0.));
#3933 = CARTESIAN_POINT('',(-3.101609165746,-6.903858699373,0.));
#3934 = CARTESIAN_POINT('',(-3.036232767167,-6.837431202972,0.));
#3935 = CARTESIAN_POINT('',(-2.979246772108,-6.775274424543,0.));
#3936 = CARTESIAN_POINT('',(-2.930258348442,-6.717891807397,0.));
#3937 = CARTESIAN_POINT('',(-2.888849577479,-6.665764124674,0.));
#3938 = CARTESIAN_POINT('',(-2.85457953967,-6.619347954215,0.));
#3939 = CARTESIAN_POINT('',(-2.826982661377,-6.57907581142,0.));
#3940 = CARTESIAN_POINT('',(-2.805578217819,-6.545351622909,0.));
#3941 = CARTESIAN_POINT('',(-2.789849045175,-6.518559334404,0.));
#3942 = CARTESIAN_POINT('',(-2.779300927653,-6.49903737133,0.));
#3943 = CARTESIAN_POINT('',(-2.773335747237,-6.487132156336,0.));
#3944 = CARTESIAN_POINT('',(-2.770881339054,-6.481748848323,0.));
#3945 = CARTESIAN_POINT('',(-2.770280607415,-6.480397003186,0.));
#3946 = VECTOR('',#3947,1.);
#3947 = DIRECTION('',(-0.,-0.,-1.));
#3948 = ADVANCED_FACE('',(#3949),#3960,.F.);
#3949 = FACE_BOUND('',#3950,.F.);
#3950 = EDGE_LOOP('',(#3951,#3952,#3953,#3959));
#3951 = ORIENTED_EDGE('',*,*,#3898,.T.);
#3952 = ORIENTED_EDGE('',*,*,#1787,.T.);
#3953 = ORIENTED_EDGE('',*,*,#3954,.F.);
#3954 = EDGE_CURVE('',#596,#1788,#3955,.T.);
#3955 = LINE('',#3956,#3957);
#3956 = CARTESIAN_POINT('',(-3.962676671443,7.519786805329,0.));
#3957 = VECTOR('',#3958,1.);
#3958 = DIRECTION('',(0.,0.,1.));
#3959 = ORIENTED_EDGE('',*,*,#595,.F.);
#3960 = SURFACE_OF_LINEAR_EXTRUSION('',#3961,#3984);
#3961 = B_SPLINE_CURVE_WITH_KNOTS('',3,(#3962,#3963,#3964,#3965,#3966,
    #3967,#3968,#3969,#3970,#3971,#3972,#3973,#3974,#3975,#3976,#3977,
    #3978,#3979,#3980,#3981,#3982,#3983),.UNSPECIFIED.,.F.,.F.,(4,1,1,1,
    1,1,1,1,1,1,1,1,1,1,1,1,1,1,1,4),(0.,4.43735800818E-03,
    1.774922507116E-02,3.993564258102E-02,7.099661645099E-02,
    0.110932148652,0.15974224008,0.217426891218,0.283986102355,
    0.359419873678,0.443728205316,0.53691109736,0.638968549877,
    0.74990056292,0.869707136527,0.998388270731,1.135943965558,
    1.282374221028,1.437679037159,1.601858413965),.UNSPECIFIED.);
#3962 = CARTESIAN_POINT('',(-2.770280607415,6.480397003186,0.));
#3963 = CARTESIAN_POINT('',(-2.770881339054,6.481748848323,0.));
#3964 = CARTESIAN_POINT('',(-2.773335747237,6.487132156336,0.));
#3965 = CARTESIAN_POINT('',(-2.779300927653,6.49903737133,0.));
#3966 = CARTESIAN_POINT('',(-2.789849045175,6.518559334404,0.));
#3967 = CARTESIAN_POINT('',(-2.805578217819,6.545351622909,0.));
#3968 = CARTESIAN_POINT('',(-2.826982661377,6.57907581142,0.));
#3969 = CARTESIAN_POINT('',(-2.85457953967,6.619347954215,0.));
#3970 = CARTESIAN_POINT('',(-2.888849577479,6.665764124674,0.));
#3971 = CARTESIAN_POINT('',(-2.930258348442,6.717891807397,0.));
#3972 = CARTESIAN_POINT('',(-2.979246772108,6.775274424543,0.));
#3973 = CARTESIAN_POINT('',(-3.036232767167,6.837431202972,0.));
#3974 = CARTESIAN_POINT('',(-3.101609165746,6.903858699373,0.));
#3975 = CARTESIAN_POINT('',(-3.175742935811,6.974031841443,0.));
#3976 = CARTESIAN_POINT('',(-3.258974058698,7.047405185014,0.));
#3977 = CARTESIAN_POINT('',(-3.351614563423,7.123414173097,0.));
#3978 = CARTESIAN_POINT('',(-3.453947687004,7.201476407676,0.));
#3979 = CARTESIAN_POINT('',(-3.5662266508,7.280993152116,0.));
#3980 = CARTESIAN_POINT('',(-3.688675366628,7.361350067799,0.));
#3981 = CARTESIAN_POINT('',(-3.821481523319,7.44192128807,0.));
#3982 = CARTESIAN_POINT('',(-3.914458516549,7.493903195855,0.));
#3983 = CARTESIAN_POINT('',(-3.962676671443,7.519786805329,0.));
#3984 = VECTOR('',#3985,1.);
#3985 = DIRECTION('',(-0.,-0.,-1.));
#3986 = ADVANCED_FACE('',(#3987),#3998,.F.);
#3987 = FACE_BOUND('',#3988,.F.);
#3988 = EDGE_LOOP('',(#3989,#3995,#3996,#3997));
#3989 = ORIENTED_EDGE('',*,*,#3990,.T.);
#3990 = EDGE_CURVE('',#1006,#2198,#3991,.T.);
#3991 = LINE('',#3992,#3993);
#3992 = CARTESIAN_POINT('',(-4.530988068737,-7.191672067118,0.));
#3993 = VECTOR('',#3994,1.);
#3994 = DIRECTION('',(0.,0.,1.));
#3995 = ORIENTED_EDGE('',*,*,#2224,.T.);
#3996 = ORIENTED_EDGE('',*,*,#3914,.F.);
#3997 = ORIENTED_EDGE('',*,*,#1032,.F.);
#3998 = SURFACE_OF_LINEAR_EXTRUSION('',#3999,#4002);
#3999 = B_SPLINE_CURVE_WITH_KNOTS('',1,(#4000,#4001),.UNSPECIFIED.,.F.,
  .F.,(2,2),(0.,0.656229476422),.PIECEWISE_BEZIER_KNOTS.);
#4000 = CARTESIAN_POINT('',(-4.530988068737,-7.191672067118,0.));
#4001 = CARTESIAN_POINT('',(-3.962676671443,-7.519786805329,0.));
#4002 = VECTOR('',#4003,1.);
#4003 = DIRECTION('',(-0.,-0.,-1.));
#4004 = ADVANCED_FACE('',(#4005),#4016,.F.);
#4005 = FACE_BOUND('',#4006,.F.);
#4006 = EDGE_LOOP('',(#4007,#4008,#4009,#4015));
#4007 = ORIENTED_EDGE('',*,*,#3954,.T.);
#4008 = ORIENTED_EDGE('',*,*,#1814,.T.);
#4009 = ORIENTED_EDGE('',*,*,#4010,.F.);
#4010 = EDGE_CURVE('',#623,#1815,#4011,.T.);
#4011 = LINE('',#4012,#4013);
#4012 = CARTESIAN_POINT('',(-4.530988068737,7.191672067118,0.));
#4013 = VECTOR('',#4014,1.);
#4014 = DIRECTION('',(0.,0.,1.));
#4015 = ORIENTED_EDGE('',*,*,#622,.F.);
#4016 = SURFACE_OF_LINEAR_EXTRUSION('',#4017,#4020);
#4017 = B_SPLINE_CURVE_WITH_KNOTS('',1,(#4018,#4019),.UNSPECIFIED.,.F.,
  .F.,(2,2),(0.,0.656229476422),.PIECEWISE_BEZIER_KNOTS.);
#4018 = CARTESIAN_POINT('',(-3.962676671443,7.519786805329,0.));
#4019 = CARTESIAN_POINT('',(-4.530988068737,7.191672067118,0.));
#4020 = VECTOR('',#4021,1.);
#4021 = DIRECTION('',(-0.,-0.,-1.));
#4022 = ADVANCED_FACE('',(#4023),#4034,.F.);
#4023 = FACE_BOUND('',#4024,.F.);
#4024 = EDGE_LOOP('',(#4025,#4031,#4032,#4033));
#4025 = ORIENTED_EDGE('',*,*,#4026,.T.);
#4026 = EDGE_CURVE('',#999,#2191,#4027,.T.);
#4027 = LINE('',#4028,#4029);
#4028 = CARTESIAN_POINT('',(-4.22704812766,-5.639331883226,0.));
#4029 = VECTOR('',#4030,1.);
#4030 = DIRECTION('',(0.,0.,1.));
#4031 = ORIENTED_EDGE('',*,*,#2197,.T.);
#4032 = ORIENTED_EDGE('',*,*,#3990,.F.);
#4033 = ORIENTED_EDGE('',*,*,#1005,.F.);
#4034 = SURFACE_OF_LINEAR_EXTRUSION('',#4035,#4058);
#4035 = B_SPLINE_CURVE_WITH_KNOTS('',3,(#4036,#4037,#4038,#4039,#4040,
    #4041,#4042,#4043,#4044,#4045,#4046,#4047,#4048,#4049,#4050,#4051,
    #4052,#4053,#4054,#4055,#4056,#4057),.UNSPECIFIED.,.F.,.F.,(4,1,1,1,
    1,1,1,1,1,1,1,1,1,1,1,1,1,1,1,4),(0.,4.43735800818E-03,
    1.774922507116E-02,3.993564258102E-02,7.099661645099E-02,
    0.110932148652,0.15974224008,0.217426891218,0.283986102355,
    0.359419873678,0.443728205316,0.53691109736,0.638968549877,
    0.74990056292,0.869707136527,0.998388270731,1.135943965558,
    1.282374221028,1.437679037159,1.601858413965),.UNSPECIFIED.);
#4036 = CARTESIAN_POINT('',(-4.22704812766,-5.639331883226,0.));
#4037 = CARTESIAN_POINT('',(-4.227918494071,-5.640528054655,0.));
#4038 = CARTESIAN_POINT('',(-4.231353371475,-5.645345288498,0.));
#4039 = CARTESIAN_POINT('',(-4.23868099989,-5.656463893774,0.));
#4040 = CARTESIAN_POINT('',(-4.250313457083,-5.675359813047,0.));
#4041 = CARTESIAN_POINT('',(-4.265651673232,-5.70237782039,0.));
#4042 = CARTESIAN_POINT('',(-4.284155455425,-5.737776706521,0.));
#4043 = CARTESIAN_POINT('',(-4.305233715004,-5.781812375585,0.));
#4044 = CARTESIAN_POINT('',(-4.328296278863,-5.834699184146,0.));
#4045 = CARTESIAN_POINT('',(-4.35273579086,-5.8966240731,0.));
#4046 = CARTESIAN_POINT('',(-4.377936383211,-5.967740601059,0.));
#4047 = CARTESIAN_POINT('',(-4.403272734819,-6.048170309656,0.));
#4048 = CARTESIAN_POINT('',(-4.428112434922,-6.138001679833,0.));
#4049 = CARTESIAN_POINT('',(-4.451817273586,-6.237289979023,0.));
#4050 = CARTESIAN_POINT('',(-4.473744891635,-6.346056917613,0.));
#4051 = CARTESIAN_POINT('',(-4.493250353869,-6.464290442167,0.));
#4052 = CARTESIAN_POINT('',(-4.5096876703,-6.591944644126,0.));
#4053 = CARTESIAN_POINT('',(-4.522411709113,-6.728939451304,0.));
#4054 = CARTESIAN_POINT('',(-4.53077848155,-6.875161607713,0.));
#4055 = CARTESIAN_POINT('',(-4.534152126774,-7.030460723322,0.));
#4056 = CARTESIAN_POINT('',(-4.532681282837,-7.136972115319,0.));
#4057 = CARTESIAN_POINT('',(-4.530988068737,-7.191672067118,0.));
#4058 = VECTOR('',#4059,1.);
#4059 = DIRECTION('',(-0.,-0.,-1.));
#4060 = ADVANCED_FACE('',(#4061),#4072,.F.);
#4061 = FACE_BOUND('',#4062,.F.);
#4062 = EDGE_LOOP('',(#4063,#4064,#4065,#4071));
#4063 = ORIENTED_EDGE('',*,*,#4010,.T.);
#4064 = ORIENTED_EDGE('',*,*,#1821,.T.);
#4065 = ORIENTED_EDGE('',*,*,#4066,.F.);
#4066 = EDGE_CURVE('',#630,#1822,#4067,.T.);
#4067 = LINE('',#4068,#4069);
#4068 = CARTESIAN_POINT('',(-4.22704812766,5.639331883226,0.));
#4069 = VECTOR('',#4070,1.);
#4070 = DIRECTION('',(0.,0.,1.));
#4071 = ORIENTED_EDGE('',*,*,#629,.F.);
#4072 = SURFACE_OF_LINEAR_EXTRUSION('',#4073,#4096);
#4073 = B_SPLINE_CURVE_WITH_KNOTS('',3,(#4074,#4075,#4076,#4077,#4078,
    #4079,#4080,#4081,#4082,#4083,#4084,#4085,#4086,#4087,#4088,#4089,
    #4090,#4091,#4092,#4093,#4094,#4095),.UNSPECIFIED.,.F.,.F.,(4,1,1,1,
    1,1,1,1,1,1,1,1,1,1,1,1,1,1,1,4),(0.,0.164179376806,0.319484192936,
    0.465914448406,0.603470143233,0.732151277438,0.851957851045,
    0.962889864087,1.064947316605,1.158130208649,1.242438540286,
    1.317872311609,1.384431522746,1.442116173884,1.490926265312,
    1.530861797514,1.561922771384,1.584109188893,1.597421055956,
    1.601858413965),.UNSPECIFIED.);
#4074 = CARTESIAN_POINT('',(-4.530988068737,7.191672067118,0.));
#4075 = CARTESIAN_POINT('',(-4.532681282837,7.136972115319,0.));
#4076 = CARTESIAN_POINT('',(-4.534152126774,7.030460723322,0.));
#4077 = CARTESIAN_POINT('',(-4.53077848155,6.875161607713,0.));
#4078 = CARTESIAN_POINT('',(-4.522411709113,6.728939451304,0.));
#4079 = CARTESIAN_POINT('',(-4.5096876703,6.591944644126,0.));
#4080 = CARTESIAN_POINT('',(-4.493250353869,6.464290442167,0.));
#4081 = CARTESIAN_POINT('',(-4.473744891635,6.346056917613,0.));
#4082 = CARTESIAN_POINT('',(-4.451817273586,6.237289979023,0.));
#4083 = CARTESIAN_POINT('',(-4.428112434922,6.138001679833,0.));
#4084 = CARTESIAN_POINT('',(-4.403272734819,6.048170309656,0.));
#4085 = CARTESIAN_POINT('',(-4.377936383211,5.967740601059,0.));
#4086 = CARTESIAN_POINT('',(-4.35273579086,5.8966240731,0.));
#4087 = CARTESIAN_POINT('',(-4.328296278863,5.834699184146,0.));
#4088 = CARTESIAN_POINT('',(-4.305233715004,5.781812375585,0.));
#4089 = CARTESIAN_POINT('',(-4.284155455425,5.737776706521,0.));
#4090 = CARTESIAN_POINT('',(-4.265651673232,5.70237782039,0.));
#4091 = CARTESIAN_POINT('',(-4.250313457083,5.675359813047,0.));
#4092 = CARTESIAN_POINT('',(-4.23868099989,5.656463893774,0.));
#4093 = CARTESIAN_POINT('',(-4.231353371475,5.645345288498,0.));
#4094 = CARTESIAN_POINT('',(-4.227918494071,5.640528054655,0.));
#4095 = CARTESIAN_POINT('',(-4.22704812766,5.639331883226,0.));
#4096 = VECTOR('',#4097,1.);
#4097 = DIRECTION('',(-0.,-0.,-1.));
#4098 = ADVANCED_FACE('',(#4099),#4110,.F.);
#4099 = FACE_BOUND('',#4100,.F.);
#4100 = EDGE_LOOP('',(#4101,#4107,#4108,#4109));
#4101 = ORIENTED_EDGE('',*,*,#4102,.T.);
#4102 = EDGE_CURVE('',#992,#2184,#4103,.T.);
#4103 = LINE('',#4104,#4105);
#4104 = CARTESIAN_POINT('',(-3.748608883868,-5.001043034786,0.));
#4105 = VECTOR('',#4106,1.);
#4106 = DIRECTION('',(0.,0.,1.));
#4107 = ORIENTED_EDGE('',*,*,#2190,.T.);
#4108 = ORIENTED_EDGE('',*,*,#4026,.F.);
#4109 = ORIENTED_EDGE('',*,*,#998,.F.);
#4110 = SURFACE_OF_LINEAR_EXTRUSION('',#4111,#4114);
#4111 = B_SPLINE_CURVE_WITH_KNOTS('',1,(#4112,#4113),.UNSPECIFIED.,.F.,
  .F.,(2,2),(0.,0.797694655894),.PIECEWISE_BEZIER_KNOTS.);
#4112 = CARTESIAN_POINT('',(-3.748608883868,-5.001043034786,0.));
#4113 = CARTESIAN_POINT('',(-4.22704812766,-5.639331883226,0.));
#4114 = VECTOR('',#4115,1.);
#4115 = DIRECTION('',(-0.,-0.,-1.));
#4116 = ADVANCED_FACE('',(#4117),#4128,.F.);
#4117 = FACE_BOUND('',#4118,.F.);
#4118 = EDGE_LOOP('',(#4119,#4120,#4121,#4127));
#4119 = ORIENTED_EDGE('',*,*,#4066,.T.);
#4120 = ORIENTED_EDGE('',*,*,#1848,.T.);
#4121 = ORIENTED_EDGE('',*,*,#4122,.F.);
#4122 = EDGE_CURVE('',#657,#1849,#4123,.T.);
#4123 = LINE('',#4124,#4125);
#4124 = CARTESIAN_POINT('',(-3.748608883868,5.001043034786,0.));
#4125 = VECTOR('',#4126,1.);
#4126 = DIRECTION('',(0.,0.,1.));
#4127 = ORIENTED_EDGE('',*,*,#656,.F.);
#4128 = SURFACE_OF_LINEAR_EXTRUSION('',#4129,#4132);
#4129 = B_SPLINE_CURVE_WITH_KNOTS('',1,(#4130,#4131),.UNSPECIFIED.,.F.,
  .F.,(2,2),(0.,0.797694655894),.PIECEWISE_BEZIER_KNOTS.);
#4130 = CARTESIAN_POINT('',(-4.22704812766,5.639331883226,0.));
#4131 = CARTESIAN_POINT('',(-3.748608883868,5.001043034786,0.));
#4132 = VECTOR('',#4133,1.);
#4133 = DIRECTION('',(-0.,-0.,-1.));
#4134 = ADVANCED_FACE('',(#4135),#4146,.F.);
#4135 = FACE_BOUND('',#4136,.F.);
#4136 = EDGE_LOOP('',(#4137,#4143,#4144,#4145));
#4137 = ORIENTED_EDGE('',*,*,#4138,.T.);
#4138 = EDGE_CURVE('',#985,#2177,#4139,.T.);
#4139 = LINE('',#4140,#4141);
#4140 = CARTESIAN_POINT('',(-4.581810471752,-4.25082495534,0.));
#4141 = VECTOR('',#4142,1.);
#4142 = DIRECTION('',(0.,0.,1.));
#4143 = ORIENTED_EDGE('',*,*,#2183,.T.);
#4144 = ORIENTED_EDGE('',*,*,#4102,.F.);
#4145 = ORIENTED_EDGE('',*,*,#991,.F.);
#4146 = SURFACE_OF_LINEAR_EXTRUSION('',#4147,#4150);
#4147 = B_SPLINE_CURVE_WITH_KNOTS('',1,(#4148,#4149),.UNSPECIFIED.,.F.,
  .F.,(2,2),(0.,1.121183327017),.PIECEWISE_BEZIER_KNOTS.);
#4148 = CARTESIAN_POINT('',(-4.581810471752,-4.25082495534,0.));
#4149 = CARTESIAN_POINT('',(-3.748608883868,-5.001043034786,0.));
#4150 = VECTOR('',#4151,1.);
#4151 = DIRECTION('',(-0.,-0.,-1.));
#4152 = ADVANCED_FACE('',(#4153),#4164,.F.);
#4153 = FACE_BOUND('',#4154,.F.);
#4154 = EDGE_LOOP('',(#4155,#4156,#4157,#4163));
#4155 = ORIENTED_EDGE('',*,*,#4122,.T.);
#4156 = ORIENTED_EDGE('',*,*,#1855,.T.);
#4157 = ORIENTED_EDGE('',*,*,#4158,.F.);
#4158 = EDGE_CURVE('',#664,#1856,#4159,.T.);
#4159 = LINE('',#4160,#4161);
#4160 = CARTESIAN_POINT('',(-4.581810471752,4.25082495534,0.));
#4161 = VECTOR('',#4162,1.);
#4162 = DIRECTION('',(0.,0.,1.));
#4163 = ORIENTED_EDGE('',*,*,#663,.F.);
#4164 = SURFACE_OF_LINEAR_EXTRUSION('',#4165,#4168);
#4165 = B_SPLINE_CURVE_WITH_KNOTS('',1,(#4166,#4167),.UNSPECIFIED.,.F.,
  .F.,(2,2),(0.,1.121183327017),.PIECEWISE_BEZIER_KNOTS.);
#4166 = CARTESIAN_POINT('',(-3.748608883868,5.001043034786,0.));
#4167 = CARTESIAN_POINT('',(-4.581810471752,4.25082495534,0.));
#4168 = VECTOR('',#4169,1.);
#4169 = DIRECTION('',(-0.,-0.,-1.));
#4170 = ADVANCED_FACE('',(#4171),#4182,.F.);
#4171 = FACE_BOUND('',#4172,.F.);
#4172 = EDGE_LOOP('',(#4173,#4179,#4180,#4181));
#4173 = ORIENTED_EDGE('',*,*,#4174,.T.);
#4174 = EDGE_CURVE('',#958,#2150,#4175,.T.);
#4175 = LINE('',#4176,#4177);
#4176 = CARTESIAN_POINT('',(-5.166592188174,-4.793362611343,0.));
#4177 = VECTOR('',#4178,1.);
#4178 = DIRECTION('',(0.,0.,1.));
#4179 = ORIENTED_EDGE('',*,*,#2176,.T.);
#4180 = ORIENTED_EDGE('',*,*,#4138,.F.);
#4181 = ORIENTED_EDGE('',*,*,#984,.F.);
#4182 = SURFACE_OF_LINEAR_EXTRUSION('',#4183,#4186);
#4183 = B_SPLINE_CURVE_WITH_KNOTS('',1,(#4184,#4185),.UNSPECIFIED.,.F.,
  .F.,(2,2),(0.,0.797694655894),.PIECEWISE_BEZIER_KNOTS.);
#4184 = CARTESIAN_POINT('',(-5.166592188174,-4.793362611343,0.));
#4185 = CARTESIAN_POINT('',(-4.581810471752,-4.25082495534,0.));
#4186 = VECTOR('',#4187,1.);
#4187 = DIRECTION('',(-0.,-0.,-1.));
#4188 = ADVANCED_FACE('',(#4189),#4200,.F.);
#4189 = FACE_BOUND('',#4190,.F.);
#4190 = EDGE_LOOP('',(#4191,#4192,#4193,#4199));
#4191 = ORIENTED_EDGE('',*,*,#4158,.T.);
#4192 = ORIENTED_EDGE('',*,*,#1862,.T.);
#4193 = ORIENTED_EDGE('',*,*,#4194,.F.);
#4194 = EDGE_CURVE('',#671,#1863,#4195,.T.);
#4195 = LINE('',#4196,#4197);
#4196 = CARTESIAN_POINT('',(-5.166592188174,4.793362611343,0.));
#4197 = VECTOR('',#4198,1.);
#4198 = DIRECTION('',(0.,0.,1.));
#4199 = ORIENTED_EDGE('',*,*,#670,.F.);
#4200 = SURFACE_OF_LINEAR_EXTRUSION('',#4201,#4204);
#4201 = B_SPLINE_CURVE_WITH_KNOTS('',1,(#4202,#4203),.UNSPECIFIED.,.F.,
  .F.,(2,2),(0.,0.797694655894),.PIECEWISE_BEZIER_KNOTS.);
#4202 = CARTESIAN_POINT('',(-4.581810471752,4.25082495534,0.));
#4203 = CARTESIAN_POINT('',(-5.166592188174,4.793362611343,0.));
#4204 = VECTOR('',#4205,1.);
#4205 = DIRECTION('',(-0.,-0.,-1.));
#4206 = ADVANCED_FACE('',(#4207),#4218,.F.);
#4207 = FACE_BOUND('',#4208,.F.);
#4208 = EDGE_LOOP('',(#4209,#4215,#4216,#4217));
#4209 = ORIENTED_EDGE('',*,*,#4210,.T.);
#4210 = EDGE_CURVE('',#951,#2143,#4211,.T.);
#4211 = LINE('',#4212,#4213);
#4212 = CARTESIAN_POINT('',(-6.678658115148,-5.257901271512,0.));
#4213 = VECTOR('',#4214,1.);
#4214 = DIRECTION('',(0.,0.,1.));
#4215 = ORIENTED_EDGE('',*,*,#2149,.T.);
#4216 = ORIENTED_EDGE('',*,*,#4174,.F.);
#4217 = ORIENTED_EDGE('',*,*,#957,.F.);
#4218 = SURFACE_OF_LINEAR_EXTRUSION('',#4219,#4242);
#4219 = B_SPLINE_CURVE_WITH_KNOTS('',3,(#4220,#4221,#4222,#4223,#4224,
    #4225,#4226,#4227,#4228,#4229,#4230,#4231,#4232,#4233,#4234,#4235,
    #4236,#4237,#4238,#4239,#4240,#4241),.UNSPECIFIED.,.F.,.F.,(4,1,1,1,
    1,1,1,1,1,1,1,1,1,1,1,1,1,1,1,4),(0.,0.164179376806,0.319484192936,
    0.465914448406,0.603470143233,0.732151277438,0.851957851045,
    0.962889864087,1.064947316605,1.158130208649,1.242438540286,
    1.317872311609,1.384431522746,1.442116173884,1.490926265312,
    1.530861797514,1.561922771384,1.584109188893,1.597421055956,
    1.601858413965),.UNSPECIFIED.);
#4220 = CARTESIAN_POINT('',(-6.678658115148,-5.257901271512,0.));
#4221 = CARTESIAN_POINT('',(-6.624080826341,-5.253867508106,0.));
#4222 = CARTESIAN_POINT('',(-6.517999169837,-5.24419682248,0.));
#4223 = CARTESIAN_POINT('',(-6.363903440983,-5.224608480536,0.));
#4224 = CARTESIAN_POINT('',(-6.219356870712,-5.201003164849,0.));
#4225 = CARTESIAN_POINT('',(-6.084442559645,-5.174028972981,0.));
#4226 = CARTESIAN_POINT('',(-5.959205828188,-5.144338204329,0.));
#4227 = CARTESIAN_POINT('',(-5.843658875246,-5.11258082643,0.));
#4228 = CARTESIAN_POINT('',(-5.737779833543,-5.079404089222,0.));
#4229 = CARTESIAN_POINT('',(-5.641513276402,-5.04545065481,0.));
#4230 = CARTESIAN_POINT('',(-5.55477046755,-5.011357094105,0.));
#4231 = CARTESIAN_POINT('',(-5.477429731211,-4.977752343842,0.));
#4232 = CARTESIAN_POINT('',(-5.409336966225,-4.945256101592,0.));
#4233 = CARTESIAN_POINT('',(-5.350305932924,-4.914477558318,0.));
#4234 = CARTESIAN_POINT('',(-5.300119538193,-4.886013156771,0.));
#4235 = CARTESIAN_POINT('',(-5.258528379214,-4.860447385287,0.));
#4236 = CARTESIAN_POINT('',(-5.225257583802,-4.83834477758,0.));
#4237 = CARTESIAN_POINT('',(-5.199990864094,-4.820266434996,0.));
#4238 = CARTESIAN_POINT('',(-5.182414381518,-4.806722540217,0.));
#4239 = CARTESIAN_POINT('',(-5.172122630863,-4.798272842594,0.));
#4240 = CARTESIAN_POINT('',(-5.167690828787,-4.794353243757,0.));
#4241 = CARTESIAN_POINT('',(-5.166592188174,-4.793362611343,0.));
#4242 = VECTOR('',#4243,1.);
#4243 = DIRECTION('',(-0.,-0.,-1.));
#4244 = ADVANCED_FACE('',(#4245),#4256,.F.);
#4245 = FACE_BOUND('',#4246,.F.);
#4246 = EDGE_LOOP('',(#4247,#4248,#4249,#4255));
#4247 = ORIENTED_EDGE('',*,*,#4194,.T.);
#4248 = ORIENTED_EDGE('',*,*,#1869,.T.);
#4249 = ORIENTED_EDGE('',*,*,#4250,.F.);
#4250 = EDGE_CURVE('',#678,#1870,#4251,.T.);
#4251 = LINE('',#4252,#4253);
#4252 = CARTESIAN_POINT('',(-6.678658115148,5.257901271512,0.));
#4253 = VECTOR('',#4254,1.);
#4254 = DIRECTION('',(0.,0.,1.));
#4255 = ORIENTED_EDGE('',*,*,#677,.F.);
#4256 = SURFACE_OF_LINEAR_EXTRUSION('',#4257,#4280);
#4257 = B_SPLINE_CURVE_WITH_KNOTS('',3,(#4258,#4259,#4260,#4261,#4262,
    #4263,#4264,#4265,#4266,#4267,#4268,#4269,#4270,#4271,#4272,#4273,
    #4274,#4275,#4276,#4277,#4278,#4279),.UNSPECIFIED.,.F.,.F.,(4,1,1,1,
    1,1,1,1,1,1,1,1,1,1,1,1,1,1,1,4),(0.,4.43735800818E-03,
    1.774922507116E-02,3.993564258102E-02,7.099661645099E-02,
    0.110932148652,0.15974224008,0.217426891218,0.283986102355,
    0.359419873678,0.443728205316,0.53691109736,0.638968549877,
    0.74990056292,0.869707136527,0.998388270731,1.135943965558,
    1.282374221028,1.437679037159,1.601858413965),.UNSPECIFIED.);
#4258 = CARTESIAN_POINT('',(-5.166592188174,4.793362611343,0.));
#4259 = CARTESIAN_POINT('',(-5.167690828787,4.794353243757,0.));
#4260 = CARTESIAN_POINT('',(-5.172122630863,4.798272842594,0.));
#4261 = CARTESIAN_POINT('',(-5.182414381518,4.806722540217,0.));
#4262 = CARTESIAN_POINT('',(-5.199990864094,4.820266434996,0.));
#4263 = CARTESIAN_POINT('',(-5.225257583802,4.83834477758,0.));
#4264 = CARTESIAN_POINT('',(-5.258528379214,4.860447385287,0.));
#4265 = CARTESIAN_POINT('',(-5.300119538193,4.886013156771,0.));
#4266 = CARTESIAN_POINT('',(-5.350305932924,4.914477558318,0.));
#4267 = CARTESIAN_POINT('',(-5.409336966225,4.945256101592,0.));
#4268 = CARTESIAN_POINT('',(-5.477429731211,4.977752343842,0.));
#4269 = CARTESIAN_POINT('',(-5.55477046755,5.011357094105,0.));
#4270 = CARTESIAN_POINT('',(-5.641513276402,5.04545065481,0.));
#4271 = CARTESIAN_POINT('',(-5.737779833543,5.079404089222,0.));
#4272 = CARTESIAN_POINT('',(-5.843658875246,5.11258082643,0.));
#4273 = CARTESIAN_POINT('',(-5.959205828188,5.144338204329,0.));
#4274 = CARTESIAN_POINT('',(-6.084442559645,5.174028972981,0.));
#4275 = CARTESIAN_POINT('',(-6.219356870712,5.201003164849,0.));
#4276 = CARTESIAN_POINT('',(-6.363903440983,5.224608480536,0.));
#4277 = CARTESIAN_POINT('',(-6.517999169837,5.24419682248,0.));
#4278 = CARTESIAN_POINT('',(-6.624080826341,5.253867508106,0.));
#4279 = CARTESIAN_POINT('',(-6.678658115148,5.257901271512,0.));
#4280 = VECTOR('',#4281,1.);
#4281 = DIRECTION('',(-0.,-0.,-1.));
#4282 = ADVANCED_FACE('',(#4283),#4294,.F.);
#4283 = FACE_BOUND('',#4284,.F.);
#4284 = EDGE_LOOP('',(#4285,#4291,#4292,#4293));
#4285 = ORIENTED_EDGE('',*,*,#4286,.T.);
#4286 = EDGE_CURVE('',#924,#2116,#4287,.T.);
#4287 = LINE('',#4288,#4289);
#4288 = CARTESIAN_POINT('',(-7.064380123509,-4.727000472876,0.));
#4289 = VECTOR('',#4290,1.);
#4290 = DIRECTION('',(0.,0.,1.));
#4291 = ORIENTED_EDGE('',*,*,#2142,.T.);
#4292 = ORIENTED_EDGE('',*,*,#4210,.F.);
#4293 = ORIENTED_EDGE('',*,*,#950,.F.);
#4294 = SURFACE_OF_LINEAR_EXTRUSION('',#4295,#4298);
#4295 = B_SPLINE_CURVE_WITH_KNOTS('',1,(#4296,#4297),.UNSPECIFIED.,.F.,
  .F.,(2,2),(0.,0.656229476422),.PIECEWISE_BEZIER_KNOTS.);
#4296 = CARTESIAN_POINT('',(-7.064380123509,-4.727000472876,0.));
#4297 = CARTESIAN_POINT('',(-6.678658115148,-5.257901271512,0.));
#4298 = VECTOR('',#4299,1.);
#4299 = DIRECTION('',(-0.,-0.,-1.));
#4300 = ADVANCED_FACE('',(#4301),#4312,.F.);
#4301 = FACE_BOUND('',#4302,.F.);
#4302 = EDGE_LOOP('',(#4303,#4304,#4305,#4311));
#4303 = ORIENTED_EDGE('',*,*,#4250,.T.);
#4304 = ORIENTED_EDGE('',*,*,#1896,.T.);
#4305 = ORIENTED_EDGE('',*,*,#4306,.F.);
#4306 = EDGE_CURVE('',#705,#1897,#4307,.T.);
#4307 = LINE('',#4308,#4309);
#4308 = CARTESIAN_POINT('',(-7.064380123509,4.727000472876,0.));
#4309 = VECTOR('',#4310,1.);
#4310 = DIRECTION('',(0.,0.,1.));
#4311 = ORIENTED_EDGE('',*,*,#704,.F.);
#4312 = SURFACE_OF_LINEAR_EXTRUSION('',#4313,#4316);
#4313 = B_SPLINE_CURVE_WITH_KNOTS('',1,(#4314,#4315),.UNSPECIFIED.,.F.,
  .F.,(2,2),(0.,0.656229476422),.PIECEWISE_BEZIER_KNOTS.);
#4314 = CARTESIAN_POINT('',(-6.678658115148,5.257901271512,0.));
#4315 = CARTESIAN_POINT('',(-7.064380123509,4.727000472876,0.));
#4316 = VECTOR('',#4317,1.);
#4317 = DIRECTION('',(-0.,-0.,-1.));
#4318 = ADVANCED_FACE('',(#4319),#4330,.F.);
#4319 = FACE_BOUND('',#4320,.F.);
#4320 = EDGE_LOOP('',(#4321,#4327,#4328,#4329));
#4321 = ORIENTED_EDGE('',*,*,#4322,.T.);
#4322 = EDGE_CURVE('',#917,#2109,#4323,.T.);
#4323 = LINE('',#4324,#4325);
#4324 = CARTESIAN_POINT('',(-6.155323535634,-3.432490660496,0.));
#4325 = VECTOR('',#4326,1.);
#4326 = DIRECTION('',(0.,0.,1.));
#4327 = ORIENTED_EDGE('',*,*,#2115,.T.);
#4328 = ORIENTED_EDGE('',*,*,#4286,.F.);
#4329 = ORIENTED_EDGE('',*,*,#923,.F.);
#4330 = SURFACE_OF_LINEAR_EXTRUSION('',#4331,#4354);
#4331 = B_SPLINE_CURVE_WITH_KNOTS('',3,(#4332,#4333,#4334,#4335,#4336,
    #4337,#4338,#4339,#4340,#4341,#4342,#4343,#4344,#4345,#4346,#4347,
    #4348,#4349,#4350,#4351,#4352,#4353),.UNSPECIFIED.,.F.,.F.,(4,1,1,1,
    1,1,1,1,1,1,1,1,1,1,1,1,1,1,1,4),(0.,4.43735800818E-03,
    1.774922507116E-02,3.993564258102E-02,7.099661645099E-02,
    0.110932148652,0.15974224008,0.217426891218,0.283986102355,
    0.359419873678,0.443728205316,0.53691109736,0.638968549877,
    0.74990056292,0.869707136527,0.998388270731,1.135943965558,
    1.282374221028,1.437679037159,1.601858413965),.UNSPECIFIED.);
#4332 = CARTESIAN_POINT('',(-6.155323535634,-3.432490660496,0.));
#4333 = CARTESIAN_POINT('',(-6.156605181667,-3.433229407559,0.));
#4334 = CARTESIAN_POINT('',(-6.161702443839,-3.43623307915,0.));
#4335 = CARTESIAN_POINT('',(-6.172918909678,-3.443410015512,0.));
#4336 = CARTESIAN_POINT('',(-6.191231350882,-3.455940950143,0.));
#4337 = CARTESIAN_POINT('',(-6.216232722182,-3.474384513478,0.));
#4338 = CARTESIAN_POINT('',(-6.247534792467,-3.499196838855,0.));
#4339 = CARTESIAN_POINT('',(-6.284701660971,-3.53085212376,0.));
#4340 = CARTESIAN_POINT('',(-6.327281364404,-3.569786237685,0.));
#4341 = CARTESIAN_POINT('',(-6.374795091032,-3.616416993637,0.));
#4342 = CARTESIAN_POINT('',(-6.426742675553,-3.67113517038,0.));
#4343 = CARTESIAN_POINT('',(-6.482602294155,-3.734306142727,0.));
#4344 = CARTESIAN_POINT('',(-6.541832199302,-3.806267966672,0.));
#4345 = CARTESIAN_POINT('',(-6.603871836497,-3.887330714891,0.));
#4346 = CARTESIAN_POINT('',(-6.668143211843,-3.977775491826,0.));
#4347 = CARTESIAN_POINT('',(-6.734052245142,-4.077853604892,0.));
#4348 = CARTESIAN_POINT('',(-6.800990122483,-4.187785862335,0.));
#4349 = CARTESIAN_POINT('',(-6.868334918334,-4.307761513319,0.));
#4350 = CARTESIAN_POINT('',(-6.93545225433,-4.437939027179,0.));
#4351 = CARTESIAN_POINT('',(-7.001700073555,-4.578439643687,0.));
#4352 = CARTESIAN_POINT('',(-7.043678476788,-4.676340888158,0.));
#4353 = CARTESIAN_POINT('',(-7.064380123509,-4.727000472876,0.));
#4354 = VECTOR('',#4355,1.);
#4355 = DIRECTION('',(-0.,-0.,-1.));
#4356 = ADVANCED_FACE('',(#4357),#4368,.F.);
#4357 = FACE_BOUND('',#4358,.F.);
#4358 = EDGE_LOOP('',(#4359,#4360,#4361,#4367));
#4359 = ORIENTED_EDGE('',*,*,#4306,.T.);
#4360 = ORIENTED_EDGE('',*,*,#1903,.T.);
#4361 = ORIENTED_EDGE('',*,*,#4362,.F.);
#4362 = EDGE_CURVE('',#712,#1904,#4363,.T.);
#4363 = LINE('',#4364,#4365);
#4364 = CARTESIAN_POINT('',(-6.155323535634,3.432490660496,0.));
#4365 = VECTOR('',#4366,1.);
#4366 = DIRECTION('',(0.,0.,1.));
#4367 = ORIENTED_EDGE('',*,*,#711,.F.);
#4368 = SURFACE_OF_LINEAR_EXTRUSION('',#4369,#4392);
#4369 = B_SPLINE_CURVE_WITH_KNOTS('',3,(#4370,#4371,#4372,#4373,#4374,
    #4375,#4376,#4377,#4378,#4379,#4380,#4381,#4382,#4383,#4384,#4385,
    #4386,#4387,#4388,#4389,#4390,#4391),.UNSPECIFIED.,.F.,.F.,(4,1,1,1,
    1,1,1,1,1,1,1,1,1,1,1,1,1,1,1,4),(0.,0.164179376806,0.319484192936,
    0.465914448406,0.603470143233,0.732151277438,0.851957851045,
    0.962889864087,1.064947316605,1.158130208649,1.242438540286,
    1.317872311609,1.384431522746,1.442116173884,1.490926265312,
    1.530861797514,1.561922771384,1.584109188893,1.597421055956,
    1.601858413965),.UNSPECIFIED.);
#4370 = CARTESIAN_POINT('',(-7.064380123509,4.727000472876,0.));
#4371 = CARTESIAN_POINT('',(-7.043678476788,4.676340888158,0.));
#4372 = CARTESIAN_POINT('',(-7.001700073555,4.578439643687,0.));
#4373 = CARTESIAN_POINT('',(-6.93545225433,4.437939027179,0.));
#4374 = CARTESIAN_POINT('',(-6.868334918334,4.307761513319,0.));
#4375 = CARTESIAN_POINT('',(-6.800990122483,4.187785862335,0.));
#4376 = CARTESIAN_POINT('',(-6.734052245142,4.077853604892,0.));
#4377 = CARTESIAN_POINT('',(-6.668143211843,3.977775491826,0.));
#4378 = CARTESIAN_POINT('',(-6.603871836497,3.887330714891,0.));
#4379 = CARTESIAN_POINT('',(-6.541832199302,3.806267966672,0.));
#4380 = CARTESIAN_POINT('',(-6.482602294155,3.734306142727,0.));
#4381 = CARTESIAN_POINT('',(-6.426742675553,3.67113517038,0.));
#4382 = CARTESIAN_POINT('',(-6.374795091032,3.616416993637,0.));
#4383 = CARTESIAN_POINT('',(-6.327281364404,3.569786237685,0.));
#4384 = CARTESIAN_POINT('',(-6.284701660971,3.53085212376,0.));
#4385 = CARTESIAN_POINT('',(-6.247534792467,3.499196838855,0.));
#4386 = CARTESIAN_POINT('',(-6.216232722182,3.474384513478,0.));
#4387 = CARTESIAN_POINT('',(-6.191231350882,3.455940950143,0.));
#4388 = CARTESIAN_POINT('',(-6.172918909678,3.443410015512,0.));
#4389 = CARTESIAN_POINT('',(-6.161702443839,3.43623307915,0.));
#4390 = CARTESIAN_POINT('',(-6.156605181667,3.433229407559,0.));
#4391 = CARTESIAN_POINT('',(-6.155323535634,3.432490660496,0.));
#4392 = VECTOR('',#4393,1.);
#4393 = DIRECTION('',(-0.,-0.,-1.));
#4394 = ADVANCED_FACE('',(#4395),#4406,.F.);
#4395 = FACE_BOUND('',#4396,.F.);
#4396 = EDGE_LOOP('',(#4397,#4403,#4404,#4405));
#4397 = ORIENTED_EDGE('',*,*,#4398,.T.);
#4398 = EDGE_CURVE('',#910,#2102,#4399,.T.);
#4399 = LINE('',#4400,#4401);
#4400 = CARTESIAN_POINT('',(-5.458632074183,-3.043983554276,0.));
#4401 = VECTOR('',#4402,1.);
#4402 = DIRECTION('',(0.,0.,1.));
#4403 = ORIENTED_EDGE('',*,*,#2108,.T.);
#4404 = ORIENTED_EDGE('',*,*,#4322,.F.);
#4405 = ORIENTED_EDGE('',*,*,#916,.F.);
#4406 = SURFACE_OF_LINEAR_EXTRUSION('',#4407,#4410);
#4407 = B_SPLINE_CURVE_WITH_KNOTS('',1,(#4408,#4409),.UNSPECIFIED.,.F.,
  .F.,(2,2),(0.,0.797694655894),.PIECEWISE_BEZIER_KNOTS.);
#4408 = CARTESIAN_POINT('',(-5.458632074183,-3.043983554276,0.));
#4409 = CARTESIAN_POINT('',(-6.155323535634,-3.432490660496,0.));
#4410 = VECTOR('',#4411,1.);
#4411 = DIRECTION('',(-0.,-0.,-1.));
#4412 = ADVANCED_FACE('',(#4413),#4424,.F.);
#4413 = FACE_BOUND('',#4414,.F.);
#4414 = EDGE_LOOP('',(#4415,#4416,#4417,#4423));
#4415 = ORIENTED_EDGE('',*,*,#4362,.T.);
#4416 = ORIENTED_EDGE('',*,*,#1930,.T.);
#4417 = ORIENTED_EDGE('',*,*,#4418,.F.);
#4418 = EDGE_CURVE('',#739,#1931,#4419,.T.);
#4419 = LINE('',#4420,#4421);
#4420 = CARTESIAN_POINT('',(-5.458632074183,3.043983554276,0.));
#4421 = VECTOR('',#4422,1.);
#4422 = DIRECTION('',(0.,0.,1.));
#4423 = ORIENTED_EDGE('',*,*,#738,.F.);
#4424 = SURFACE_OF_LINEAR_EXTRUSION('',#4425,#4428);
#4425 = B_SPLINE_CURVE_WITH_KNOTS('',1,(#4426,#4427),.UNSPECIFIED.,.F.,
  .F.,(2,2),(0.,0.797694655894),.PIECEWISE_BEZIER_KNOTS.);
#4426 = CARTESIAN_POINT('',(-6.155323535634,3.432490660496,0.));
#4427 = CARTESIAN_POINT('',(-5.458632074183,3.043983554276,0.));
#4428 = VECTOR('',#4429,1.);
#4429 = DIRECTION('',(-0.,-0.,-1.));
#4430 = ADVANCED_FACE('',(#4431),#4442,.F.);
#4431 = FACE_BOUND('',#4432,.F.);
#4432 = EDGE_LOOP('',(#4433,#4439,#4440,#4441));
#4433 = ORIENTED_EDGE('',*,*,#4434,.T.);
#4434 = EDGE_CURVE('',#903,#2095,#4435,.T.);
#4435 = LINE('',#4436,#4437);
#4436 = CARTESIAN_POINT('',(-5.914658416886,-2.019731618695,0.));
#4437 = VECTOR('',#4438,1.);
#4438 = DIRECTION('',(0.,0.,1.));
#4439 = ORIENTED_EDGE('',*,*,#2101,.T.);
#4440 = ORIENTED_EDGE('',*,*,#4398,.F.);
#4441 = ORIENTED_EDGE('',*,*,#909,.F.);
#4442 = SURFACE_OF_LINEAR_EXTRUSION('',#4443,#4446);
#4443 = B_SPLINE_CURVE_WITH_KNOTS('',1,(#4444,#4445),.UNSPECIFIED.,.F.,
  .F.,(2,2),(0.,1.121183327017),.PIECEWISE_BEZIER_KNOTS.);
#4444 = CARTESIAN_POINT('',(-5.914658416886,-2.019731618695,0.));
#4445 = CARTESIAN_POINT('',(-5.458632074183,-3.043983554276,0.));
#4446 = VECTOR('',#4447,1.);
#4447 = DIRECTION('',(-0.,-0.,-1.));
#4448 = ADVANCED_FACE('',(#4449),#4460,.F.);
#4449 = FACE_BOUND('',#4450,.F.);
#4450 = EDGE_LOOP('',(#4451,#4452,#4453,#4459));
#4451 = ORIENTED_EDGE('',*,*,#4418,.T.);
#4452 = ORIENTED_EDGE('',*,*,#1937,.T.);
#4453 = ORIENTED_EDGE('',*,*,#4454,.F.);
#4454 = EDGE_CURVE('',#746,#1938,#4455,.T.);
#4455 = LINE('',#4456,#4457);
#4456 = CARTESIAN_POINT('',(-5.914658416886,2.019731618695,0.));
#4457 = VECTOR('',#4458,1.);
#4458 = DIRECTION('',(0.,0.,1.));
#4459 = ORIENTED_EDGE('',*,*,#745,.F.);
#4460 = SURFACE_OF_LINEAR_EXTRUSION('',#4461,#4464);
#4461 = B_SPLINE_CURVE_WITH_KNOTS('',1,(#4462,#4463),.UNSPECIFIED.,.F.,
  .F.,(2,2),(0.,1.121183327017),.PIECEWISE_BEZIER_KNOTS.);
#4462 = CARTESIAN_POINT('',(-5.458632074183,3.043983554276,0.));
#4463 = CARTESIAN_POINT('',(-5.914658416886,2.019731618695,0.));
#4464 = VECTOR('',#4465,1.);
#4465 = DIRECTION('',(-0.,-0.,-1.));
#4466 = ADVANCED_FACE('',(#4467),#4478,.F.);
#4467 = FACE_BOUND('',#4468,.F.);
#4468 = EDGE_LOOP('',(#4469,#4475,#4476,#4477));
#4469 = ORIENTED_EDGE('',*,*,#4470,.T.);
#4470 = EDGE_CURVE('',#876,#2068,#4471,.T.);
#4471 = LINE('',#4472,#4473);
#4472 = CARTESIAN_POINT('',(-6.669553042581,-2.277512277667,0.));
#4473 = VECTOR('',#4474,1.);
#4474 = DIRECTION('',(0.,0.,1.));
#4475 = ORIENTED_EDGE('',*,*,#2094,.T.);
#4476 = ORIENTED_EDGE('',*,*,#4434,.F.);
#4477 = ORIENTED_EDGE('',*,*,#902,.F.);
#4478 = SURFACE_OF_LINEAR_EXTRUSION('',#4479,#4482);
#4479 = B_SPLINE_CURVE_WITH_KNOTS('',1,(#4480,#4481),.UNSPECIFIED.,.F.,
  .F.,(2,2),(0.,0.797694655894),.PIECEWISE_BEZIER_KNOTS.);
#4480 = CARTESIAN_POINT('',(-6.669553042581,-2.277512277667,0.));
#4481 = CARTESIAN_POINT('',(-5.914658416886,-2.019731618695,0.));
#4482 = VECTOR('',#4483,1.);
#4483 = DIRECTION('',(-0.,-0.,-1.));
#4484 = ADVANCED_FACE('',(#4485),#4496,.F.);
#4485 = FACE_BOUND('',#4486,.F.);
#4486 = EDGE_LOOP('',(#4487,#4488,#4489,#4495));
#4487 = ORIENTED_EDGE('',*,*,#4454,.T.);
#4488 = ORIENTED_EDGE('',*,*,#1944,.T.);
#4489 = ORIENTED_EDGE('',*,*,#4490,.F.);
#4490 = EDGE_CURVE('',#753,#1945,#4491,.T.);
#4491 = LINE('',#4492,#4493);
#4492 = CARTESIAN_POINT('',(-6.669553042581,2.277512277667,0.));
#4493 = VECTOR('',#4494,1.);
#4494 = DIRECTION('',(0.,0.,1.));
#4495 = ORIENTED_EDGE('',*,*,#752,.F.);
#4496 = SURFACE_OF_LINEAR_EXTRUSION('',#4497,#4500);
#4497 = B_SPLINE_CURVE_WITH_KNOTS('',1,(#4498,#4499),.UNSPECIFIED.,.F.,
  .F.,(2,2),(0.,0.797694655894),.PIECEWISE_BEZIER_KNOTS.);
#4498 = CARTESIAN_POINT('',(-5.914658416886,2.019731618695,0.));
#4499 = CARTESIAN_POINT('',(-6.669553042581,2.277512277667,0.));
#4500 = VECTOR('',#4501,1.);
#4501 = DIRECTION('',(-0.,-0.,-1.));
#4502 = ADVANCED_FACE('',(#4503),#4514,.F.);
#4503 = FACE_BOUND('',#4504,.F.);
#4504 = EDGE_LOOP('',(#4505,#4511,#4512,#4513));
#4505 = ORIENTED_EDGE('',*,*,#4506,.T.);
#4506 = EDGE_CURVE('',#869,#2061,#4507,.T.);
#4507 = LINE('',#4508,#4509);
#4508 = CARTESIAN_POINT('',(-8.23983889704,-2.086876841316,0.));
#4509 = VECTOR('',#4510,1.);
#4510 = DIRECTION('',(0.,0.,1.));
#4511 = ORIENTED_EDGE('',*,*,#2067,.T.);
#4512 = ORIENTED_EDGE('',*,*,#4470,.F.);
#4513 = ORIENTED_EDGE('',*,*,#875,.F.);
#4514 = SURFACE_OF_LINEAR_EXTRUSION('',#4515,#4538);
#4515 = B_SPLINE_CURVE_WITH_KNOTS('',3,(#4516,#4517,#4518,#4519,#4520,
    #4521,#4522,#4523,#4524,#4525,#4526,#4527,#4528,#4529,#4530,#4531,
    #4532,#4533,#4534,#4535,#4536,#4537),.UNSPECIFIED.,.F.,.F.,(4,1,1,1,
    1,1,1,1,1,1,1,1,1,1,1,1,1,1,1,4),(0.,0.164179376806,0.319484192936,
    0.465914448406,0.603470143233,0.732151277438,0.851957851045,
    0.962889864087,1.064947316605,1.158130208649,1.242438540286,
    1.317872311609,1.384431522746,1.442116173884,1.490926265312,
    1.530861797514,1.561922771384,1.584109188893,1.597421055956,
    1.601858413965),.UNSPECIFIED.);
#4516 = CARTESIAN_POINT('',(-8.23983889704,-2.086876841316,0.));
#4517 = CARTESIAN_POINT('',(-8.188339383373,-2.105390398318,0.));
#4518 = CARTESIAN_POINT('',(-8.087495545727,-2.13970308425,0.));
#4519 = CARTESIAN_POINT('',(-7.938754796145,-2.184484622911,0.));
#4520 = CARTESIAN_POINT('',(-7.797103786594,-2.221712480749,0.));
#4521 = CARTESIAN_POINT('',(-7.662882038299,-2.251944924281,0.));
#4522 = CARTESIAN_POINT('',(-7.536396267574,-2.275759425187,0.));
#4523 = CARTESIAN_POINT('',(-7.41792198429,-2.293744796618,0.));
#4524 = CARTESIAN_POINT('',(-7.307702471962,-2.306501225037,0.));
#4525 = CARTESIAN_POINT('',(-7.20594849003,-2.31463835555,0.));
#4526 = CARTESIAN_POINT('',(-7.112837890588,-2.318773816917,0.));
#4527 = CARTESIAN_POINT('',(-7.028515328901,-2.31953166143,0.));
#4528 = CARTESIAN_POINT('',(-6.953092080265,-2.31754068958,0.));
#4529 = CARTESIAN_POINT('',(-6.886645786562,-2.313433175502,0.));
#4530 = CARTESIAN_POINT('',(-6.829220718488,-2.307842296485,0.));
#4531 = CARTESIAN_POINT('',(-6.780826768054,-2.30140345046,0.));
#4532 = CARTESIAN_POINT('',(-6.741442443571,-2.294744165225,0.));
#4533 = CARTESIAN_POINT('',(-6.711007022178,-2.288505678231,0.));
#4534 = CARTESIAN_POINT('',(-6.689441308062,-2.283281714197,0.));
#4535 = CARTESIAN_POINT('',(-6.676602524354,-2.279748563428,0.));
#4536 = CARTESIAN_POINT('',(-6.670959627225,-2.277970408014,0.));
#4537 = CARTESIAN_POINT('',(-6.669553042581,-2.277512277667,0.));
#4538 = VECTOR('',#4539,1.);
#4539 = DIRECTION('',(-0.,-0.,-1.));
#4540 = ADVANCED_FACE('',(#4541),#4552,.F.);
#4541 = FACE_BOUND('',#4542,.F.);
#4542 = EDGE_LOOP('',(#4543,#4544,#4545,#4551));
#4543 = ORIENTED_EDGE('',*,*,#4490,.T.);
#4544 = ORIENTED_EDGE('',*,*,#1951,.T.);
#4545 = ORIENTED_EDGE('',*,*,#4546,.F.);
#4546 = EDGE_CURVE('',#760,#1952,#4547,.T.);
#4547 = LINE('',#4548,#4549);
#4548 = CARTESIAN_POINT('',(-8.23983889704,2.086876841316,0.));
#4549 = VECTOR('',#4550,1.);
#4550 = DIRECTION('',(0.,0.,1.));
#4551 = ORIENTED_EDGE('',*,*,#759,.F.);
#4552 = SURFACE_OF_LINEAR_EXTRUSION('',#4553,#4576);
#4553 = B_SPLINE_CURVE_WITH_KNOTS('',3,(#4554,#4555,#4556,#4557,#4558,
    #4559,#4560,#4561,#4562,#4563,#4564,#4565,#4566,#4567,#4568,#4569,
    #4570,#4571,#4572,#4573,#4574,#4575),.UNSPECIFIED.,.F.,.F.,(4,1,1,1,
    1,1,1,1,1,1,1,1,1,1,1,1,1,1,1,4),(0.,4.43735800818E-03,
    1.774922507116E-02,3.993564258102E-02,7.099661645099E-02,
    0.110932148652,0.15974224008,0.217426891218,0.283986102355,
    0.359419873678,0.443728205316,0.53691109736,0.638968549877,
    0.74990056292,0.869707136527,0.998388270731,1.135943965558,
    1.282374221028,1.437679037159,1.601858413965),.UNSPECIFIED.);
#4554 = CARTESIAN_POINT('',(-6.669553042581,2.277512277667,0.));
#4555 = CARTESIAN_POINT('',(-6.670959627225,2.277970408014,0.));
#4556 = CARTESIAN_POINT('',(-6.676602524354,2.279748563428,0.));
#4557 = CARTESIAN_POINT('',(-6.689441308062,2.283281714197,0.));
#4558 = CARTESIAN_POINT('',(-6.711007022178,2.288505678231,0.));
#4559 = CARTESIAN_POINT('',(-6.741442443571,2.294744165225,0.));
#4560 = CARTESIAN_POINT('',(-6.780826768054,2.30140345046,0.));
#4561 = CARTESIAN_POINT('',(-6.829220718488,2.307842296485,0.));
#4562 = CARTESIAN_POINT('',(-6.886645786562,2.313433175502,0.));
#4563 = CARTESIAN_POINT('',(-6.953092080265,2.31754068958,0.));
#4564 = CARTESIAN_POINT('',(-7.028515328901,2.31953166143,0.));
#4565 = CARTESIAN_POINT('',(-7.112837890588,2.318773816917,0.));
#4566 = CARTESIAN_POINT('',(-7.20594849003,2.31463835555,0.));
#4567 = CARTESIAN_POINT('',(-7.307702471962,2.306501225037,0.));
#4568 = CARTESIAN_POINT('',(-7.41792198429,2.293744796618,0.));
#4569 = CARTESIAN_POINT('',(-7.536396267574,2.275759425187,0.));
#4570 = CARTESIAN_POINT('',(-7.662882038299,2.251944924281,0.));
#4571 = CARTESIAN_POINT('',(-7.797103786594,2.221712480749,0.));
#4572 = CARTESIAN_POINT('',(-7.938754796145,2.184484622911,0.));
#4573 = CARTESIAN_POINT('',(-8.087495545727,2.13970308425,0.));
#4574 = CARTESIAN_POINT('',(-8.188339383373,2.105390398318,0.));
#4575 = CARTESIAN_POINT('',(-8.23983889704,2.086876841316,0.));
#4576 = VECTOR('',#4577,1.);
#4577 = DIRECTION('',(-0.,-0.,-1.));
#4578 = ADVANCED_FACE('',(#4579),#4590,.F.);
#4579 = FACE_BOUND('',#4580,.F.);
#4580 = EDGE_LOOP('',(#4581,#4587,#4588,#4589));
#4581 = ORIENTED_EDGE('',*,*,#4582,.T.);
#4582 = EDGE_CURVE('',#842,#2034,#4583,.T.);
#4583 = LINE('',#4584,#4585);
#4584 = CARTESIAN_POINT('',(-8.376276677048,-1.444987553423,0.));
#4585 = VECTOR('',#4586,1.);
#4586 = DIRECTION('',(0.,0.,1.));
#4587 = ORIENTED_EDGE('',*,*,#2060,.T.);
#4588 = ORIENTED_EDGE('',*,*,#4506,.F.);
#4589 = ORIENTED_EDGE('',*,*,#868,.F.);
#4590 = SURFACE_OF_LINEAR_EXTRUSION('',#4591,#4594);
#4591 = B_SPLINE_CURVE_WITH_KNOTS('',1,(#4592,#4593),.UNSPECIFIED.,.F.,
  .F.,(2,2),(0.,0.656229476422),.PIECEWISE_BEZIER_KNOTS.);
#4592 = CARTESIAN_POINT('',(-8.376276677048,-1.444987553423,0.));
#4593 = CARTESIAN_POINT('',(-8.23983889704,-2.086876841316,0.));
#4594 = VECTOR('',#4595,1.);
#4595 = DIRECTION('',(-0.,-0.,-1.));
#4596 = ADVANCED_FACE('',(#4597),#4608,.F.);
#4597 = FACE_BOUND('',#4598,.F.);
#4598 = EDGE_LOOP('',(#4599,#4600,#4601,#4607));
#4599 = ORIENTED_EDGE('',*,*,#4546,.T.);
#4600 = ORIENTED_EDGE('',*,*,#1978,.T.);
#4601 = ORIENTED_EDGE('',*,*,#4602,.F.);
#4602 = EDGE_CURVE('',#787,#1979,#4603,.T.);
#4603 = LINE('',#4604,#4605);
#4604 = CARTESIAN_POINT('',(-8.376276677048,1.444987553423,0.));
#4605 = VECTOR('',#4606,1.);
#4606 = DIRECTION('',(0.,0.,1.));
#4607 = ORIENTED_EDGE('',*,*,#786,.F.);
#4608 = SURFACE_OF_LINEAR_EXTRUSION('',#4609,#4612);
#4609 = B_SPLINE_CURVE_WITH_KNOTS('',1,(#4610,#4611),.UNSPECIFIED.,.F.,
  .F.,(2,2),(0.,0.656229476422),.PIECEWISE_BEZIER_KNOTS.);
#4610 = CARTESIAN_POINT('',(-8.23983889704,2.086876841316,0.));
#4611 = CARTESIAN_POINT('',(-8.376276677048,1.444987553423,0.));
#4612 = VECTOR('',#4613,1.);
#4613 = DIRECTION('',(-0.,-0.,-1.));
#4614 = ADVANCED_FACE('',(#4615),#4626,.F.);
#4615 = FACE_BOUND('',#4616,.F.);
#4616 = EDGE_LOOP('',(#4617,#4623,#4624,#4625));
#4617 = ORIENTED_EDGE('',*,*,#4618,.T.);
#4618 = EDGE_CURVE('',#835,#2027,#4619,.T.);
#4619 = LINE('',#4620,#4621);
#4620 = CARTESIAN_POINT('',(-7.019287584938,-0.632140619367,0.));
#4621 = VECTOR('',#4622,1.);
#4622 = DIRECTION('',(0.,0.,1.));
#4623 = ORIENTED_EDGE('',*,*,#2033,.T.);
#4624 = ORIENTED_EDGE('',*,*,#4582,.F.);
#4625 = ORIENTED_EDGE('',*,*,#841,.F.);
#4626 = SURFACE_OF_LINEAR_EXTRUSION('',#4627,#4650);
#4627 = B_SPLINE_CURVE_WITH_KNOTS('',3,(#4628,#4629,#4630,#4631,#4632,
    #4633,#4634,#4635,#4636,#4637,#4638,#4639,#4640,#4641,#4642,#4643,
    #4644,#4645,#4646,#4647,#4648,#4649),.UNSPECIFIED.,.F.,.F.,(4,1,1,1,
    1,1,1,1,1,1,1,1,1,1,1,1,1,1,1,4),(0.,4.43735800818E-03,
    1.774922507116E-02,3.993564258102E-02,7.099661645099E-02,
    0.110932148652,0.15974224008,0.217426891218,0.283986102355,
    0.359419873678,0.443728205316,0.53691109736,0.638968549877,
    0.74990056292,0.869707136527,0.998388270731,1.135943965558,
    1.282374221028,1.437679037159,1.601858413965),.UNSPECIFIED.);
#4628 = CARTESIAN_POINT('',(-7.019287584938,-0.632140619367,0.));
#4629 = CARTESIAN_POINT('',(-7.02075890235,-0.632294205986,0.));
#4630 = CARTESIAN_POINT('',(-7.026637186355,-0.63296495322,0.));
#4631 = CARTESIAN_POINT('',(-7.039803060776,-0.634959263171,0.));
#4632 = CARTESIAN_POINT('',(-7.061629098542,-0.638958500721,0.));
#4633 = CARTESIAN_POINT('',(-7.091970660765,-0.645638560394,0.));
#4634 = CARTESIAN_POINT('',(-7.13065860682,-0.655574048546,0.));
#4635 = CARTESIAN_POINT('',(-7.177487595034,-0.669375462952,0.));
#4636 = CARTESIAN_POINT('',(-7.232222020492,-0.687624820239,0.));
#4637 = CARTESIAN_POINT('',(-7.294594406768,-0.710898561856,0.));
#4638 = CARTESIAN_POINT('',(-7.364306774167,-0.739757117527,0.));
#4639 = CARTESIAN_POINT('',(-7.441031024239,-0.774746518615,0.));
#4640 = CARTESIAN_POINT('',(-7.524409745744,-0.816395943214,0.));
#4641 = CARTESIAN_POINT('',(-7.614056964586,-0.865216654863,0.));
#4642 = CARTESIAN_POINT('',(-7.709558992544,-0.921700546546,0.));
#4643 = CARTESIAN_POINT('',(-7.810475326286,-0.986318833195,0.));
#4644 = CARTESIAN_POINT('',(-7.916339597432,-1.059520860105,0.));
#4645 = CARTESIAN_POINT('',(-8.026660623311,-1.141732474897,0.));
#4646 = CARTESIAN_POINT('',(-8.14092332573,-1.233356471436,0.));
#4647 = CARTESIAN_POINT('',(-8.25859046917,-1.334764755839,0.));
#4648 = CARTESIAN_POINT('',(-8.336759672292,-1.407127838211,0.));
#4649 = CARTESIAN_POINT('',(-8.376276677048,-1.444987553423,0.));
#4650 = VECTOR('',#4651,1.);
#4651 = DIRECTION('',(-0.,-0.,-1.));
#4652 = ADVANCED_FACE('',(#4653),#4664,.F.);
#4653 = FACE_BOUND('',#4654,.F.);
#4654 = EDGE_LOOP('',(#4655,#4656,#4657,#4663));
#4655 = ORIENTED_EDGE('',*,*,#4602,.T.);
#4656 = ORIENTED_EDGE('',*,*,#1985,.T.);
#4657 = ORIENTED_EDGE('',*,*,#4658,.F.);
#4658 = EDGE_CURVE('',#794,#1986,#4659,.T.);
#4659 = LINE('',#4660,#4661);
#4660 = CARTESIAN_POINT('',(-7.019287584938,0.632140619367,0.));
#4661 = VECTOR('',#4662,1.);
#4662 = DIRECTION('',(0.,0.,1.));
#4663 = ORIENTED_EDGE('',*,*,#793,.F.);
#4664 = SURFACE_OF_LINEAR_EXTRUSION('',#4665,#4688);
#4665 = B_SPLINE_CURVE_WITH_KNOTS('',3,(#4666,#4667,#4668,#4669,#4670,
    #4671,#4672,#4673,#4674,#4675,#4676,#4677,#4678,#4679,#4680,#4681,
    #4682,#4683,#4684,#4685,#4686,#4687),.UNSPECIFIED.,.F.,.F.,(4,1,1,1,
    1,1,1,1,1,1,1,1,1,1,1,1,1,1,1,4),(0.,0.164179376806,0.319484192936,
    0.465914448406,0.603470143233,0.732151277438,0.851957851045,
    0.962889864087,1.064947316605,1.158130208649,1.242438540286,
    1.317872311609,1.384431522746,1.442116173884,1.490926265312,
    1.530861797514,1.561922771384,1.584109188893,1.597421055956,
    1.601858413965),.UNSPECIFIED.);
#4666 = CARTESIAN_POINT('',(-8.376276677048,1.444987553423,0.));
#4667 = CARTESIAN_POINT('',(-8.336759672292,1.407127838211,0.));
#4668 = CARTESIAN_POINT('',(-8.25859046917,1.334764755839,0.));
#4669 = CARTESIAN_POINT('',(-8.14092332573,1.233356471436,0.));
#4670 = CARTESIAN_POINT('',(-8.026660623311,1.141732474897,0.));
#4671 = CARTESIAN_POINT('',(-7.916339597432,1.059520860105,0.));
#4672 = CARTESIAN_POINT('',(-7.810475326286,0.986318833195,0.));
#4673 = CARTESIAN_POINT('',(-7.709558992544,0.921700546546,0.));
#4674 = CARTESIAN_POINT('',(-7.614056964586,0.865216654863,0.));
#4675 = CARTESIAN_POINT('',(-7.524409745744,0.816395943214,0.));
#4676 = CARTESIAN_POINT('',(-7.441031024239,0.774746518615,0.));
#4677 = CARTESIAN_POINT('',(-7.364306774167,0.739757117527,0.));
#4678 = CARTESIAN_POINT('',(-7.294594406768,0.710898561856,0.));
#4679 = CARTESIAN_POINT('',(-7.232222020492,0.687624820239,0.));
#4680 = CARTESIAN_POINT('',(-7.177487595034,0.669375462952,0.));
#4681 = CARTESIAN_POINT('',(-7.13065860682,0.655574048546,0.));
#4682 = CARTESIAN_POINT('',(-7.091970660765,0.645638560394,0.));
#4683 = CARTESIAN_POINT('',(-7.061629098542,0.638958500721,0.));
#4684 = CARTESIAN_POINT('',(-7.039803060776,0.634959263171,0.));
#4685 = CARTESIAN_POINT('',(-7.026637186355,0.63296495322,0.));
#4686 = CARTESIAN_POINT('',(-7.02075890235,0.632294205986,0.));
#4687 = CARTESIAN_POINT('',(-7.019287584938,0.632140619367,0.));
#4688 = VECTOR('',#4689,1.);
#4689 = DIRECTION('',(-0.,-0.,-1.));
#4690 = ADVANCED_FACE('',(#4691),#4702,.F.);
#4691 = FACE_BOUND('',#4692,.F.);
#4692 = EDGE_LOOP('',(#4693,#4699,#4700,#4701));
#4693 = ORIENTED_EDGE('',*,*,#4694,.T.);
#4694 = EDGE_CURVE('',#828,#2020,#4695,.T.);
#4695 = LINE('',#4696,#4697);
#4696 = CARTESIAN_POINT('',(-6.224808188756,-0.560591663508,0.));
#4697 = VECTOR('',#4698,1.);
#4698 = DIRECTION('',(0.,0.,1.));
#4699 = ORIENTED_EDGE('',*,*,#2026,.T.);
#4700 = ORIENTED_EDGE('',*,*,#4618,.F.);
#4701 = ORIENTED_EDGE('',*,*,#834,.F.);
#4702 = SURFACE_OF_LINEAR_EXTRUSION('',#4703,#4706);
#4703 = B_SPLINE_CURVE_WITH_KNOTS('',1,(#4704,#4705),.UNSPECIFIED.,.F.,
  .F.,(2,2),(0.,0.797694655894),.PIECEWISE_BEZIER_KNOTS.);
#4704 = CARTESIAN_POINT('',(-6.224808188756,-0.560591663508,0.));
#4705 = CARTESIAN_POINT('',(-7.019287584938,-0.632140619367,0.));
#4706 = VECTOR('',#4707,1.);
#4707 = DIRECTION('',(-0.,-0.,-1.));
#4708 = ADVANCED_FACE('',(#4709),#4720,.F.);
#4709 = FACE_BOUND('',#4710,.F.);
#4710 = EDGE_LOOP('',(#4711,#4712,#4713,#4719));
#4711 = ORIENTED_EDGE('',*,*,#4658,.T.);
#4712 = ORIENTED_EDGE('',*,*,#2012,.T.);
#4713 = ORIENTED_EDGE('',*,*,#4714,.F.);
#4714 = EDGE_CURVE('',#821,#2013,#4715,.T.);
#4715 = LINE('',#4716,#4717);
#4716 = CARTESIAN_POINT('',(-6.224808188756,0.560591663508,0.));
#4717 = VECTOR('',#4718,1.);
#4718 = DIRECTION('',(0.,0.,1.));
#4719 = ORIENTED_EDGE('',*,*,#820,.F.);
#4720 = SURFACE_OF_LINEAR_EXTRUSION('',#4721,#4724);
#4721 = B_SPLINE_CURVE_WITH_KNOTS('',1,(#4722,#4723),.UNSPECIFIED.,.F.,
  .F.,(2,2),(0.,0.797694655894),.PIECEWISE_BEZIER_KNOTS.);
#4722 = CARTESIAN_POINT('',(-7.019287584938,0.632140619367,0.));
#4723 = CARTESIAN_POINT('',(-6.224808188756,0.560591663508,0.));
#4724 = VECTOR('',#4725,1.);
#4725 = DIRECTION('',(-0.,-0.,-1.));
#4726 = ADVANCED_FACE('',(#4727),#4733,.F.);
#4727 = FACE_BOUND('',#4728,.F.);
#4728 = EDGE_LOOP('',(#4729,#4730,#4731,#4732));
#4729 = ORIENTED_EDGE('',*,*,#4714,.T.);
#4730 = ORIENTED_EDGE('',*,*,#2019,.T.);
#4731 = ORIENTED_EDGE('',*,*,#4694,.F.);
#4732 = ORIENTED_EDGE('',*,*,#827,.F.);
#4733 = SURFACE_OF_LINEAR_EXTRUSION('',#4734,#4737);
#4734 = B_SPLINE_CURVE_WITH_KNOTS('',1,(#4735,#4736),.UNSPECIFIED.,.F.,
  .F.,(2,2),(0.,1.121183327017),.PIECEWISE_BEZIER_KNOTS.);
#4735 = CARTESIAN_POINT('',(-6.224808188756,0.560591663508,0.));
#4736 = CARTESIAN_POINT('',(-6.224808188756,-0.560591663508,0.));
#4737 = VECTOR('',#4738,1.);
#4738 = DIRECTION('',(-0.,-0.,-1.));
#4739 = ADVANCED_FACE('',(#4740),#4751,.F.);
#4740 = FACE_BOUND('',#4741,.F.);
#4741 = EDGE_LOOP('',(#4742,#4743,#4749,#4750));
#4742 = ORIENTED_EDGE('',*,*,#2608,.F.);
#4743 = ORIENTED_EDGE('',*,*,#4744,.F.);
#4744 = EDGE_CURVE('',#1417,#2609,#4745,.T.);
#4745 = LINE('',#4746,#4747);
#4746 = CARTESIAN_POINT('',(2.45,-6.000769315822E-16,-2.));
#4747 = VECTOR('',#4748,1.);
#4748 = DIRECTION('',(0.,0.,1.));
#4749 = ORIENTED_EDGE('',*,*,#1416,.T.);
#4750 = ORIENTED_EDGE('',*,*,#4744,.T.);
#4751 = CYLINDRICAL_SURFACE('',#4752,2.45);
#4752 = AXIS2_PLACEMENT_3D('',#4753,#4754,#4755);
#4753 = CARTESIAN_POINT('',(0.,0.,-2.));
#4754 = DIRECTION('',(0.,0.,1.));
#4755 = DIRECTION('',(1.,0.,0.));
#4756 = ( GEOMETRIC_REPRESENTATION_CONTEXT(3) 
GLOBAL_UNCERTAINTY_ASSIGNED_CONTEXT((#4760)) 
GLOBAL_UNIT_ASSIGNED_CONTEXT((#4757,#4758,#4759)) REPRESENTATION_CONTEXT
('Context #1','3D Context with UNIT and UNCERTAINTY') );
#4757 = ( LENGTH_UNIT() NAMED_UNIT(*) SI_UNIT(.MILLI.,.METRE.) );
#4758 = ( NAMED_UNIT(*) PLANE_ANGLE_UNIT() SI_UNIT($,.RADIAN.) );
#4759 = ( NAMED_UNIT(*) SI_UNIT($,.STERADIAN.) SOLID_ANGLE_UNIT() );
#4760 = UNCERTAINTY_MEASURE_WITH_UNIT(LENGTH_MEASURE(1.E-07),#4757,
  'distance_accuracy_value','confusion accuracy');
#4761 = PRODUCT_RELATED_PRODUCT_CATEGORY('part',$,(#7));
#4762 = MECHANICAL_DESIGN_GEOMETRIC_PRESENTATION_REPRESENTATION('',(
    #4763),#4756);
#4763 = STYLED_ITEM('color',(#4764),#15);
#4764 = PRESENTATION_STYLE_ASSIGNMENT((#4765,#4771));
#4765 = SURFACE_STYLE_USAGE(.BOTH.,#4766);
#4766 = SURFACE_SIDE_STYLE('',(#4767));
#4767 = SURFACE_STYLE_FILL_AREA(#4768);
#4768 = FILL_AREA_STYLE('',(#4769));
#4769 = FILL_AREA_STYLE_COLOUR('',#4770);
#4770 = COLOUR_RGB('',0.447058818107,0.474509808674,0.501960817233);
#4771 = CURVE_STYLE('',#4772,POSITIVE_LENGTH_MEASURE(0.1),#4773);
#4772 = DRAUGHTING_PRE_DEFINED_CURVE_FONT('continuous');
#4773 = COLOUR_RGB('',9.803921802644E-02,9.803921802644E-02,
  9.803921802644E-02);
ENDSEC;
END-ISO-10303-21;
