ISO-10303-21;
HEADER;
FILE_DESCRIPTION(('FreeCAD Model'),'2;1');
FILE_NAME('Open CASCADE Shape Model','2026-08-25T21:01:04',(''),(''),
  'Open CASCADE STEP processor 7.8','FreeCAD','Unknown');
FILE_SCHEMA(('AUTOMOTIVE_DESIGN { 1 0 10303 214 1 1 1 1 }'));
ENDSEC;
DATA;
#1 = APPLICATION_PROTOCOL_DEFINITION('international standard',
  'automotive_design',2000,#2);
#2 = APPLICATION_CONTEXT(
  'core data for automotive mechanical design processes');
#3 = SHAPE_DEFINITION_REPRESENTATION(#4,#10);
#4 = PRODUCT_DEFINITION_SHAPE('','',#5);
#5 = PRODUCT_DEFINITION('design','',#6,#9);
#6 = PRODUCT_DEFINITION_FORMATION('','',#7);
#7 = PRODUCT('StatorWithDovetail','StatorWithDovetail','',(#8));
#8 = PRODUCT_CONTEXT('',#2,'mechanical');
#9 = PRODUCT_DEFINITION_CONTEXT('part definition',#2,'design');
#10 = SHAPE_REPRESENTATION('',(#11,#15,#19),#23);
#11 = AXIS2_PLACEMENT_3D('',#12,#13,#14);
#12 = CARTESIAN_POINT('',(0.,0.,0.));
#13 = DIRECTION('',(0.,0.,1.));
#14 = DIRECTION('',(1.,0.,-0.));
#15 = AXIS2_PLACEMENT_3D('',#16,#17,#18);
#16 = CARTESIAN_POINT('',(0.,0.,0.));
#17 = DIRECTION('',(0.,0.,1.));
#18 = DIRECTION('',(1.,0.,0.));
#19 = AXIS2_PLACEMENT_3D('',#20,#21,#22);
#20 = CARTESIAN_POINT('',(0.,0.,0.));
#21 = DIRECTION('',(0.,0.,1.));
#22 = DIRECTION('',(1.,0.,0.));
#23 = ( GEOMETRIC_REPRESENTATION_CONTEXT(3) 
GLOBAL_UNCERTAINTY_ASSIGNED_CONTEXT((#27)) GLOBAL_UNIT_ASSIGNED_CONTEXT(
(#24,#25,#26)) REPRESENTATION_CONTEXT('Context #1',
  '3D Context with UNIT and UNCERTAINTY') );
#24 = ( LENGTH_UNIT() NAMED_UNIT(*) SI_UNIT(.MILLI.,.METRE.) );
#25 = ( NAMED_UNIT(*) PLANE_ANGLE_UNIT() SI_UNIT($,.RADIAN.) );
#26 = ( NAMED_UNIT(*) SI_UNIT($,.STERADIAN.) SOLID_ANGLE_UNIT() );
#27 = UNCERTAINTY_MEASURE_WITH_UNIT(LENGTH_MEASURE(5.E-05),#24,
  'distance_accuracy_value','confusion accuracy');
#28 = PRODUCT_RELATED_PRODUCT_CATEGORY('part',$,(#7));
#29 = SHAPE_DEFINITION_REPRESENTATION(#30,#36);
#30 = PRODUCT_DEFINITION_SHAPE('','',#31);
#31 = PRODUCT_DEFINITION('design','',#32,#35);
#32 = PRODUCT_DEFINITION_FORMATION('','',#33);
#33 = PRODUCT('Body012','Body012','',(#34));
#34 = PRODUCT_CONTEXT('',#2,'mechanical');
#35 = PRODUCT_DEFINITION_CONTEXT('part definition',#2,'design');
#36 = ADVANCED_BREP_SHAPE_REPRESENTATION('',(#11,#37),#5619);
#37 = BREP_WITH_VOIDS('',#38,(#5069));
#38 = CLOSED_SHELL('',(#39,#103,#134,#158,#182,#364,#388,#412,#565,#585,
    #754,#779,#796,#820,#861,#886,#1085,#1109,#1126,#1165,#1206,#1223,
    #1247,#1281,#1314,#1353,#1377,#1409,#1488,#1512,#1584,#1601,#1618,
    #1643,#1668,#1709,#1726,#1743,#1760,#1777,#1794,#1843,#1867,#1891,
    #1915,#1939,#1963,#1987,#2011,#2035,#2059,#2083,#2227,#2244,#2256,
    #2280,#2479,#2512,#2537,#2561,#2585,#2609,#2633,#2657,#2681,#2705,
    #2729,#2753,#2770,#2787,#2799,#2825,#2842,#2893,#2905,#2921,#2938,
    #2949,#2965,#2982,#2993,#3013,#3033,#3050,#3067,#3094,#3116,#3149,
    #3205,#3229,#3285,#3316,#3328,#3359,#3383,#3407,#3424,#3455,#3479,
    #3503,#3520,#3544,#3575,#3599,#3623,#3647,#3687,#3711,#3742,#3782,
    #3806,#3830,#3854,#3878,#3902,#3927,#3958,#3982,#4006,#4023,#4040,
    #4058,#4233,#4250,#4296,#4314,#4326,#4338,#4350,#4390,#4402,#4445,
    #4457,#4488,#4512,#4536,#4553,#4584,#4608,#4632,#4649,#4680,#4704,
    #4728,#4745,#4776,#4800,#4824,#4841,#4863,#4880,#4897,#4909,#4921,
    #4933,#4945,#4957,#4990,#5021,#5038,#5057));
#39 = ADVANCED_FACE('',(#40),#98,.T.);
#40 = FACE_BOUND('',#41,.T.);
#41 = EDGE_LOOP('',(#42,#52,#60,#68,#76,#84,#92));
#42 = ORIENTED_EDGE('',*,*,#43,.F.);
#43 = EDGE_CURVE('',#44,#46,#48,.T.);
#44 = VERTEX_POINT('',#45);
#45 = CARTESIAN_POINT('',(9.,-23.,-1.45));
#46 = VERTEX_POINT('',#47);
#47 = CARTESIAN_POINT('',(9.,-23.,-1.5));
#48 = LINE('',#49,#50);
#49 = CARTESIAN_POINT('',(9.,-23.,0.));
#50 = VECTOR('',#51,1.);
#51 = DIRECTION('',(-0.,-0.,-1.));
#52 = ORIENTED_EDGE('',*,*,#53,.F.);
#53 = EDGE_CURVE('',#54,#44,#56,.T.);
#54 = VERTEX_POINT('',#55);
#55 = CARTESIAN_POINT('',(9.,-21.55,0.));
#56 = LINE('',#57,#58);
#57 = CARTESIAN_POINT('',(9.,-25.275,-3.725));
#58 = VECTOR('',#59,1.);
#59 = DIRECTION('',(0.,-0.707106781187,-0.707106781187));
#60 = ORIENTED_EDGE('',*,*,#61,.F.);
#61 = EDGE_CURVE('',#62,#54,#64,.T.);
#62 = VERTEX_POINT('',#63);
#63 = CARTESIAN_POINT('',(9.,-34.,-9.436895709314E-16));
#64 = LINE('',#65,#66);
#65 = CARTESIAN_POINT('',(9.,-25.35206120755,0.));
#66 = VECTOR('',#67,1.);
#67 = DIRECTION('',(0.,1.,0.));
#68 = ORIENTED_EDGE('',*,*,#69,.F.);
#69 = EDGE_CURVE('',#70,#62,#72,.T.);
#70 = VERTEX_POINT('',#71);
#71 = CARTESIAN_POINT('',(9.,-35.,-1.));
#72 = LINE('',#73,#74);
#73 = CARTESIAN_POINT('',(9.,-34.5,-0.5));
#74 = VECTOR('',#75,1.);
#75 = DIRECTION('',(0.,0.707106781187,0.707106781187));
#76 = ORIENTED_EDGE('',*,*,#77,.T.);
#77 = EDGE_CURVE('',#70,#78,#80,.T.);
#78 = VERTEX_POINT('',#79);
#79 = CARTESIAN_POINT('',(9.,-35.,-2.5));
#80 = LINE('',#81,#82);
#81 = CARTESIAN_POINT('',(9.,-35.,0.));
#82 = VECTOR('',#83,1.);
#83 = DIRECTION('',(-0.,-0.,-1.));
#84 = ORIENTED_EDGE('',*,*,#85,.T.);
#85 = EDGE_CURVE('',#78,#86,#88,.T.);
#86 = VERTEX_POINT('',#87);
#87 = CARTESIAN_POINT('',(9.,-34.,-1.5));
#88 = LINE('',#89,#90);
#89 = CARTESIAN_POINT('',(9.,-34.125,-1.625));
#90 = VECTOR('',#91,1.);
#91 = DIRECTION('',(0.,0.707106781187,0.707106781187));
#92 = ORIENTED_EDGE('',*,*,#93,.T.);
#93 = EDGE_CURVE('',#86,#46,#94,.T.);
#94 = LINE('',#95,#96);
#95 = CARTESIAN_POINT('',(9.,-35.,-1.5));
#96 = VECTOR('',#97,1.);
#97 = DIRECTION('',(0.,1.,0.));
#98 = PLANE('',#99);
#99 = AXIS2_PLACEMENT_3D('',#100,#101,#102);
#100 = CARTESIAN_POINT('',(9.,-35.,0.));
#101 = DIRECTION('',(1.,0.,0.));
#102 = DIRECTION('',(0.,1.,0.));
#103 = ADVANCED_FACE('',(#104),#129,.T.);
#104 = FACE_BOUND('',#105,.T.);
#105 = EDGE_LOOP('',(#106,#107,#115,#123));
#106 = ORIENTED_EDGE('',*,*,#43,.T.);
#107 = ORIENTED_EDGE('',*,*,#108,.T.);
#108 = EDGE_CURVE('',#46,#109,#111,.T.);
#109 = VERTEX_POINT('',#110);
#110 = CARTESIAN_POINT('',(6.,-23.,-1.5));
#111 = LINE('',#112,#113);
#112 = CARTESIAN_POINT('',(9.,-23.,-1.5));
#113 = VECTOR('',#114,1.);
#114 = DIRECTION('',(-1.,0.,0.));
#115 = ORIENTED_EDGE('',*,*,#116,.F.);
#116 = EDGE_CURVE('',#117,#109,#119,.T.);
#117 = VERTEX_POINT('',#118);
#118 = CARTESIAN_POINT('',(6.,-23.,-1.45));
#119 = LINE('',#120,#121);
#120 = CARTESIAN_POINT('',(6.,-23.,0.));
#121 = VECTOR('',#122,1.);
#122 = DIRECTION('',(-0.,-0.,-1.));
#123 = ORIENTED_EDGE('',*,*,#124,.F.);
#124 = EDGE_CURVE('',#44,#117,#125,.T.);
#125 = LINE('',#126,#127);
#126 = CARTESIAN_POINT('',(9.,-23.,-1.45));
#127 = VECTOR('',#128,1.);
#128 = DIRECTION('',(-1.,0.,0.));
#129 = PLANE('',#130);
#130 = AXIS2_PLACEMENT_3D('',#131,#132,#133);
#131 = CARTESIAN_POINT('',(9.,-23.,0.));
#132 = DIRECTION('',(0.,1.,0.));
#133 = DIRECTION('',(-1.,0.,0.));
#134 = ADVANCED_FACE('',(#135),#153,.T.);
#135 = FACE_BOUND('',#136,.F.);
#136 = EDGE_LOOP('',(#137,#138,#146,#152));
#137 = ORIENTED_EDGE('',*,*,#53,.F.);
#138 = ORIENTED_EDGE('',*,*,#139,.T.);
#139 = EDGE_CURVE('',#54,#140,#142,.T.);
#140 = VERTEX_POINT('',#141);
#141 = CARTESIAN_POINT('',(6.,-21.55,0.));
#142 = LINE('',#143,#144);
#143 = CARTESIAN_POINT('',(9.,-21.55,0.));
#144 = VECTOR('',#145,1.);
#145 = DIRECTION('',(-1.,0.,0.));
#146 = ORIENTED_EDGE('',*,*,#147,.T.);
#147 = EDGE_CURVE('',#140,#117,#148,.T.);
#148 = LINE('',#149,#150);
#149 = CARTESIAN_POINT('',(6.,-22.275,-0.725));
#150 = VECTOR('',#151,1.);
#151 = DIRECTION('',(-0.,-0.707106781187,-0.707106781187));
#152 = ORIENTED_EDGE('',*,*,#124,.F.);
#153 = PLANE('',#154);
#154 = AXIS2_PLACEMENT_3D('',#155,#156,#157);
#155 = CARTESIAN_POINT('',(9.,-22.275,-0.725));
#156 = DIRECTION('',(0.,0.707106781187,-0.707106781187));
#157 = DIRECTION('',(1.,0.,0.));
#158 = ADVANCED_FACE('',(#159),#177,.F.);
#159 = FACE_BOUND('',#160,.F.);
#160 = EDGE_LOOP('',(#161,#162,#163,#171));
#161 = ORIENTED_EDGE('',*,*,#93,.T.);
#162 = ORIENTED_EDGE('',*,*,#108,.T.);
#163 = ORIENTED_EDGE('',*,*,#164,.T.);
#164 = EDGE_CURVE('',#109,#165,#167,.T.);
#165 = VERTEX_POINT('',#166);
#166 = CARTESIAN_POINT('',(6.,-34.,-1.5));
#167 = LINE('',#168,#169);
#168 = CARTESIAN_POINT('',(6.,-23.,-1.5));
#169 = VECTOR('',#170,1.);
#170 = DIRECTION('',(0.,-1.,0.));
#171 = ORIENTED_EDGE('',*,*,#172,.T.);
#172 = EDGE_CURVE('',#165,#86,#173,.T.);
#173 = LINE('',#174,#175);
#174 = CARTESIAN_POINT('',(6.,-34.,-1.5));
#175 = VECTOR('',#176,1.);
#176 = DIRECTION('',(1.,0.,0.));
#177 = PLANE('',#178);
#178 = AXIS2_PLACEMENT_3D('',#179,#180,#181);
#179 = CARTESIAN_POINT('',(0.,-29.,-1.5));
#180 = DIRECTION('',(0.,0.,1.));
#181 = DIRECTION('',(1.,0.,0.));
#182 = ADVANCED_FACE('',(#183,#315),#359,.F.);
#183 = FACE_BOUND('',#184,.F.);
#184 = EDGE_LOOP('',(#185,#186,#194,#202,#211,#219,#228,#236,#244,#252,
    #260,#268,#276,#284,#292,#300,#308,#314));
#185 = ORIENTED_EDGE('',*,*,#61,.F.);
#186 = ORIENTED_EDGE('',*,*,#187,.F.);
#187 = EDGE_CURVE('',#188,#62,#190,.T.);
#188 = VERTEX_POINT('',#189);
#189 = CARTESIAN_POINT('',(20.,-34.,-9.436895709314E-16));
#190 = LINE('',#191,#192);
#191 = CARTESIAN_POINT('',(20.,-34.,0.));
#192 = VECTOR('',#193,1.);
#193 = DIRECTION('',(-1.,0.,0.));
#194 = ORIENTED_EDGE('',*,*,#195,.T.);
#195 = EDGE_CURVE('',#188,#196,#198,.T.);
#196 = VERTEX_POINT('',#197);
#197 = CARTESIAN_POINT('',(20.,-2.3,0.));
#198 = LINE('',#199,#200);
#199 = CARTESIAN_POINT('',(20.,-42.,0.));
#200 = VECTOR('',#201,1.);
#201 = DIRECTION('',(0.,1.,0.));
#202 = ORIENTED_EDGE('',*,*,#203,.T.);
#203 = EDGE_CURVE('',#196,#204,#206,.T.);
#204 = VERTEX_POINT('',#205);
#205 = CARTESIAN_POINT('',(0.8,16.9,0.));
#206 = CIRCLE('',#207,19.2);
#207 = AXIS2_PLACEMENT_3D('',#208,#209,#210);
#208 = CARTESIAN_POINT('',(0.8,-2.3,0.));
#209 = DIRECTION('',(0.,0.,1.));
#210 = DIRECTION('',(1.,0.,0.));
#211 = ORIENTED_EDGE('',*,*,#212,.T.);
#212 = EDGE_CURVE('',#204,#213,#215,.T.);
#213 = VERTEX_POINT('',#214);
#214 = CARTESIAN_POINT('',(-0.8,16.9,0.));
#215 = LINE('',#216,#217);
#216 = CARTESIAN_POINT('',(0.8,16.9,0.));
#217 = VECTOR('',#218,1.);
#218 = DIRECTION('',(-1.,0.,0.));
#219 = ORIENTED_EDGE('',*,*,#220,.T.);
#220 = EDGE_CURVE('',#213,#221,#223,.T.);
#221 = VERTEX_POINT('',#222);
#222 = CARTESIAN_POINT('',(-20.,-2.3,0.));
#223 = CIRCLE('',#224,19.2);
#224 = AXIS2_PLACEMENT_3D('',#225,#226,#227);
#225 = CARTESIAN_POINT('',(-0.8,-2.3,0.));
#226 = DIRECTION('',(0.,0.,1.));
#227 = DIRECTION('',(1.,0.,0.));
#228 = ORIENTED_EDGE('',*,*,#229,.T.);
#229 = EDGE_CURVE('',#221,#230,#232,.T.);
#230 = VERTEX_POINT('',#231);
#231 = CARTESIAN_POINT('',(-20.,-34.,-9.436895709314E-16));
#232 = LINE('',#233,#234);
#233 = CARTESIAN_POINT('',(-20.,-2.3,0.));
#234 = VECTOR('',#235,1.);
#235 = DIRECTION('',(0.,-1.,0.));
#236 = ORIENTED_EDGE('',*,*,#237,.F.);
#237 = EDGE_CURVE('',#238,#230,#240,.T.);
#238 = VERTEX_POINT('',#239);
#239 = CARTESIAN_POINT('',(-9.,-34.,-9.436895709314E-16));
#240 = LINE('',#241,#242);
#241 = CARTESIAN_POINT('',(-9.,-34.,0.));
#242 = VECTOR('',#243,1.);
#243 = DIRECTION('',(-1.,0.,0.));
#244 = ORIENTED_EDGE('',*,*,#245,.T.);
#245 = EDGE_CURVE('',#238,#246,#248,.T.);
#246 = VERTEX_POINT('',#247);
#247 = CARTESIAN_POINT('',(-9.,-21.55,0.));
#248 = LINE('',#249,#250);
#249 = CARTESIAN_POINT('',(-9.,-19.35206120755,0.));
#250 = VECTOR('',#251,1.);
#251 = DIRECTION('',(0.,1.,0.));
#252 = ORIENTED_EDGE('',*,*,#253,.F.);
#253 = EDGE_CURVE('',#254,#246,#256,.T.);
#254 = VERTEX_POINT('',#255);
#255 = CARTESIAN_POINT('',(-6.,-21.55,0.));
#256 = LINE('',#257,#258);
#257 = CARTESIAN_POINT('',(-6.,-21.55,0.));
#258 = VECTOR('',#259,1.);
#259 = DIRECTION('',(-1.,0.,0.));
#260 = ORIENTED_EDGE('',*,*,#261,.F.);
#261 = EDGE_CURVE('',#262,#254,#264,.T.);
#262 = VERTEX_POINT('',#263);
#263 = CARTESIAN_POINT('',(-6.,-34.,-9.436895709314E-16));
#264 = LINE('',#265,#266);
#265 = CARTESIAN_POINT('',(-6.,-35.,0.));
#266 = VECTOR('',#267,1.);
#267 = DIRECTION('',(0.,1.,0.));
#268 = ORIENTED_EDGE('',*,*,#269,.F.);
#269 = EDGE_CURVE('',#270,#262,#272,.T.);
#270 = VERTEX_POINT('',#271);
#271 = CARTESIAN_POINT('',(-1.5,-34.,-9.436895709314E-16));
#272 = LINE('',#273,#274);
#273 = CARTESIAN_POINT('',(-1.5,-34.,0.));
#274 = VECTOR('',#275,1.);
#275 = DIRECTION('',(-1.,0.,0.));
#276 = ORIENTED_EDGE('',*,*,#277,.T.);
#277 = EDGE_CURVE('',#270,#278,#280,.T.);
#278 = VERTEX_POINT('',#279);
#279 = CARTESIAN_POINT('',(-1.5,-21.55,0.));
#280 = LINE('',#281,#282);
#281 = CARTESIAN_POINT('',(-1.5,-19.35206120755,0.));
#282 = VECTOR('',#283,1.);
#283 = DIRECTION('',(0.,1.,0.));
#284 = ORIENTED_EDGE('',*,*,#285,.F.);
#285 = EDGE_CURVE('',#286,#278,#288,.T.);
#286 = VERTEX_POINT('',#287);
#287 = CARTESIAN_POINT('',(1.5,-21.55,0.));
#288 = LINE('',#289,#290);
#289 = CARTESIAN_POINT('',(1.5,-21.55,0.));
#290 = VECTOR('',#291,1.);
#291 = DIRECTION('',(-1.,0.,0.));
#292 = ORIENTED_EDGE('',*,*,#293,.F.);
#293 = EDGE_CURVE('',#294,#286,#296,.T.);
#294 = VERTEX_POINT('',#295);
#295 = CARTESIAN_POINT('',(1.5,-34.,-9.436895709314E-16));
#296 = LINE('',#297,#298);
#297 = CARTESIAN_POINT('',(1.5,-35.,0.));
#298 = VECTOR('',#299,1.);
#299 = DIRECTION('',(0.,1.,0.));
#300 = ORIENTED_EDGE('',*,*,#301,.F.);
#301 = EDGE_CURVE('',#302,#294,#304,.T.);
#302 = VERTEX_POINT('',#303);
#303 = CARTESIAN_POINT('',(6.,-34.,-9.436895709314E-16));
#304 = LINE('',#305,#306);
#305 = CARTESIAN_POINT('',(6.,-34.,0.));
#306 = VECTOR('',#307,1.);
#307 = DIRECTION('',(-1.,0.,0.));
#308 = ORIENTED_EDGE('',*,*,#309,.T.);
#309 = EDGE_CURVE('',#302,#140,#310,.T.);
#310 = LINE('',#311,#312);
#311 = CARTESIAN_POINT('',(6.,-19.35206120755,0.));
#312 = VECTOR('',#313,1.);
#313 = DIRECTION('',(0.,1.,0.));
#314 = ORIENTED_EDGE('',*,*,#139,.F.);
#315 = FACE_BOUND('',#316,.F.);
#316 = EDGE_LOOP('',(#317,#328,#337,#345,#353));
#317 = ORIENTED_EDGE('',*,*,#318,.F.);
#318 = EDGE_CURVE('',#319,#321,#323,.T.);
#319 = VERTEX_POINT('',#320);
#320 = CARTESIAN_POINT('',(13.9,0.,0.));
#321 = VERTEX_POINT('',#322);
#322 = CARTESIAN_POINT('',(-0.241563091153,-13.89790082253,0.));
#323 = CIRCLE('',#324,13.9);
#324 = AXIS2_PLACEMENT_3D('',#325,#326,#327);
#325 = CARTESIAN_POINT('',(0.,0.,0.));
#326 = DIRECTION('',(0.,0.,1.));
#327 = DIRECTION('',(1.,0.,0.));
#328 = ORIENTED_EDGE('',*,*,#329,.F.);
#329 = EDGE_CURVE('',#330,#319,#332,.T.);
#330 = VERTEX_POINT('',#331);
#331 = CARTESIAN_POINT('',(0.458436908847,-13.89243807258,0.));
#332 = CIRCLE('',#333,13.9);
#333 = AXIS2_PLACEMENT_3D('',#334,#335,#336);
#334 = CARTESIAN_POINT('',(0.,0.,0.));
#335 = DIRECTION('',(0.,0.,1.));
#336 = DIRECTION('',(1.,0.,0.));
#337 = ORIENTED_EDGE('',*,*,#338,.F.);
#338 = EDGE_CURVE('',#339,#330,#341,.T.);
#339 = VERTEX_POINT('',#340);
#340 = CARTESIAN_POINT('',(0.458436908847,-16.666914,0.));
#341 = LINE('',#342,#343);
#342 = CARTESIAN_POINT('',(0.458436908847,-14.78551820755,0.));
#343 = VECTOR('',#344,1.);
#344 = DIRECTION('',(0.,1.,0.));
#345 = ORIENTED_EDGE('',*,*,#346,.T.);
#346 = EDGE_CURVE('',#339,#347,#349,.T.);
#347 = VERTEX_POINT('',#348);
#348 = CARTESIAN_POINT('',(-0.241563091153,-16.666914,0.));
#349 = LINE('',#350,#351);
#350 = CARTESIAN_POINT('',(-0.120781545576,-16.666914,0.));
#351 = VECTOR('',#352,1.);
#352 = DIRECTION('',(-1.,0.,0.));
#353 = ORIENTED_EDGE('',*,*,#354,.T.);
#354 = EDGE_CURVE('',#347,#321,#355,.T.);
#355 = LINE('',#356,#357);
#356 = CARTESIAN_POINT('',(-0.241563091153,-14.78551820755,0.));
#357 = VECTOR('',#358,1.);
#358 = DIRECTION('',(0.,1.,0.));
#359 = PLANE('',#360);
#360 = AXIS2_PLACEMENT_3D('',#361,#362,#363);
#361 = CARTESIAN_POINT('',(1.258768054721E-15,-15.7041224151,0.));
#362 = DIRECTION('',(0.,0.,1.));
#363 = DIRECTION('',(1.,0.,0.));
#364 = ADVANCED_FACE('',(#365),#383,.T.);
#365 = FACE_BOUND('',#366,.F.);
#366 = EDGE_LOOP('',(#367,#375,#381,#382));
#367 = ORIENTED_EDGE('',*,*,#368,.F.);
#368 = EDGE_CURVE('',#369,#165,#371,.T.);
#369 = VERTEX_POINT('',#370);
#370 = CARTESIAN_POINT('',(6.,-35.,-2.5));
#371 = LINE('',#372,#373);
#372 = CARTESIAN_POINT('',(6.,-31.125,1.375));
#373 = VECTOR('',#374,1.);
#374 = DIRECTION('',(0.,0.707106781187,0.707106781187));
#375 = ORIENTED_EDGE('',*,*,#376,.T.);
#376 = EDGE_CURVE('',#369,#78,#377,.T.);
#377 = LINE('',#378,#379);
#378 = CARTESIAN_POINT('',(6.,-35.,-2.5));
#379 = VECTOR('',#380,1.);
#380 = DIRECTION('',(1.,0.,0.));
#381 = ORIENTED_EDGE('',*,*,#85,.T.);
#382 = ORIENTED_EDGE('',*,*,#172,.F.);
#383 = PLANE('',#384);
#384 = AXIS2_PLACEMENT_3D('',#385,#386,#387);
#385 = CARTESIAN_POINT('',(6.,-34.5,-2.));
#386 = DIRECTION('',(0.,0.707106781187,-0.707106781187));
#387 = DIRECTION('',(-1.,-0.,-0.));
#388 = ADVANCED_FACE('',(#389),#407,.T.);
#389 = FACE_BOUND('',#390,.T.);
#390 = EDGE_LOOP('',(#391,#399,#405,#406));
#391 = ORIENTED_EDGE('',*,*,#392,.F.);
#392 = EDGE_CURVE('',#393,#188,#395,.T.);
#393 = VERTEX_POINT('',#394);
#394 = CARTESIAN_POINT('',(20.,-35.,-1.));
#395 = LINE('',#396,#397);
#396 = CARTESIAN_POINT('',(20.,-33.9125,8.75E-02));
#397 = VECTOR('',#398,1.);
#398 = DIRECTION('',(0.,0.707106781187,0.707106781187));
#399 = ORIENTED_EDGE('',*,*,#400,.T.);
#400 = EDGE_CURVE('',#393,#70,#401,.T.);
#401 = LINE('',#402,#403);
#402 = CARTESIAN_POINT('',(20.,-35.,-1.));
#403 = VECTOR('',#404,1.);
#404 = DIRECTION('',(-1.,0.,0.));
#405 = ORIENTED_EDGE('',*,*,#69,.T.);
#406 = ORIENTED_EDGE('',*,*,#187,.F.);
#407 = PLANE('',#408);
#408 = AXIS2_PLACEMENT_3D('',#409,#410,#411);
#409 = CARTESIAN_POINT('',(20.,-34.5,-0.5));
#410 = DIRECTION('',(0.,0.707106781187,-0.707106781187));
#411 = DIRECTION('',(-1.,0.,0.));
#412 = ADVANCED_FACE('',(#413,#538,#549),#560,.T.);
#413 = FACE_BOUND('',#414,.T.);
#414 = EDGE_LOOP('',(#415,#423,#432,#440,#449,#457,#465,#473,#481,#489,
    #497,#505,#513,#521,#529,#535,#536,#537));
#415 = ORIENTED_EDGE('',*,*,#416,.F.);
#416 = EDGE_CURVE('',#417,#393,#419,.T.);
#417 = VERTEX_POINT('',#418);
#418 = CARTESIAN_POINT('',(20.,-35.,-25.));
#419 = LINE('',#420,#421);
#420 = CARTESIAN_POINT('',(20.,-35.,-25.));
#421 = VECTOR('',#422,1.);
#422 = DIRECTION('',(0.,2.22044604925E-16,1.));
#423 = ORIENTED_EDGE('',*,*,#424,.F.);
#424 = EDGE_CURVE('',#425,#417,#427,.T.);
#425 = VERTEX_POINT('',#426);
#426 = CARTESIAN_POINT('',(12.,-35.,-25.));
#427 = CIRCLE('',#428,4.);
#428 = AXIS2_PLACEMENT_3D('',#429,#430,#431);
#429 = CARTESIAN_POINT('',(16.,-35.,-25.));
#430 = DIRECTION('',(0.,-1.,2.22044604925E-16));
#431 = DIRECTION('',(1.,0.,0.));
#432 = ORIENTED_EDGE('',*,*,#433,.F.);
#433 = EDGE_CURVE('',#434,#425,#436,.T.);
#434 = VERTEX_POINT('',#435);
#435 = CARTESIAN_POINT('',(-12.,-35.,-25.));
#436 = LINE('',#437,#438);
#437 = CARTESIAN_POINT('',(-12.,-35.,-25.));
#438 = VECTOR('',#439,1.);
#439 = DIRECTION('',(1.,0.,0.));
#440 = ORIENTED_EDGE('',*,*,#441,.F.);
#441 = EDGE_CURVE('',#442,#434,#444,.T.);
#442 = VERTEX_POINT('',#443);
#443 = CARTESIAN_POINT('',(-20.,-35.,-25.));
#444 = CIRCLE('',#445,4.);
#445 = AXIS2_PLACEMENT_3D('',#446,#447,#448);
#446 = CARTESIAN_POINT('',(-16.,-35.,-25.));
#447 = DIRECTION('',(0.,-1.,2.22044604925E-16));
#448 = DIRECTION('',(1.,0.,0.));
#449 = ORIENTED_EDGE('',*,*,#450,.T.);
#450 = EDGE_CURVE('',#442,#451,#453,.T.);
#451 = VERTEX_POINT('',#452);
#452 = CARTESIAN_POINT('',(-20.,-35.,-1.));
#453 = LINE('',#454,#455);
#454 = CARTESIAN_POINT('',(-20.,-35.,-25.));
#455 = VECTOR('',#456,1.);
#456 = DIRECTION('',(0.,2.22044604925E-16,1.));
#457 = ORIENTED_EDGE('',*,*,#458,.F.);
#458 = EDGE_CURVE('',#459,#451,#461,.T.);
#459 = VERTEX_POINT('',#460);
#460 = CARTESIAN_POINT('',(-9.,-35.,-1.));
#461 = LINE('',#462,#463);
#462 = CARTESIAN_POINT('',(-9.,-35.,-1.));
#463 = VECTOR('',#464,1.);
#464 = DIRECTION('',(-1.,0.,0.));
#465 = ORIENTED_EDGE('',*,*,#466,.T.);
#466 = EDGE_CURVE('',#459,#467,#469,.T.);
#467 = VERTEX_POINT('',#468);
#468 = CARTESIAN_POINT('',(-9.,-35.,-2.5));
#469 = LINE('',#470,#471);
#470 = CARTESIAN_POINT('',(-9.,-35.,0.));
#471 = VECTOR('',#472,1.);
#472 = DIRECTION('',(-0.,-0.,-1.));
#473 = ORIENTED_EDGE('',*,*,#474,.T.);
#474 = EDGE_CURVE('',#467,#475,#477,.T.);
#475 = VERTEX_POINT('',#476);
#476 = CARTESIAN_POINT('',(-6.,-35.,-2.5));
#477 = LINE('',#478,#479);
#478 = CARTESIAN_POINT('',(-9.,-35.,-2.5));
#479 = VECTOR('',#480,1.);
#480 = DIRECTION('',(1.,0.,0.));
#481 = ORIENTED_EDGE('',*,*,#482,.F.);
#482 = EDGE_CURVE('',#483,#475,#485,.T.);
#483 = VERTEX_POINT('',#484);
#484 = CARTESIAN_POINT('',(-6.,-35.,-1.));
#485 = LINE('',#486,#487);
#486 = CARTESIAN_POINT('',(-6.,-35.,-6.518317541608));
#487 = VECTOR('',#488,1.);
#488 = DIRECTION('',(0.,-2.388739962631E-16,-1.));
#489 = ORIENTED_EDGE('',*,*,#490,.F.);
#490 = EDGE_CURVE('',#491,#483,#493,.T.);
#491 = VERTEX_POINT('',#492);
#492 = CARTESIAN_POINT('',(-1.5,-35.,-1.));
#493 = LINE('',#494,#495);
#494 = CARTESIAN_POINT('',(-1.5,-35.,-1.));
#495 = VECTOR('',#496,1.);
#496 = DIRECTION('',(-1.,0.,0.));
#497 = ORIENTED_EDGE('',*,*,#498,.T.);
#498 = EDGE_CURVE('',#491,#499,#501,.T.);
#499 = VERTEX_POINT('',#500);
#500 = CARTESIAN_POINT('',(-1.5,-35.,-2.5));
#501 = LINE('',#502,#503);
#502 = CARTESIAN_POINT('',(-1.5,-35.,0.));
#503 = VECTOR('',#504,1.);
#504 = DIRECTION('',(-0.,-0.,-1.));
#505 = ORIENTED_EDGE('',*,*,#506,.T.);
#506 = EDGE_CURVE('',#499,#507,#509,.T.);
#507 = VERTEX_POINT('',#508);
#508 = CARTESIAN_POINT('',(1.5,-35.,-2.5));
#509 = LINE('',#510,#511);
#510 = CARTESIAN_POINT('',(-1.5,-35.,-2.5));
#511 = VECTOR('',#512,1.);
#512 = DIRECTION('',(1.,0.,0.));
#513 = ORIENTED_EDGE('',*,*,#514,.F.);
#514 = EDGE_CURVE('',#515,#507,#517,.T.);
#515 = VERTEX_POINT('',#516);
#516 = CARTESIAN_POINT('',(1.5,-35.,-1.));
#517 = LINE('',#518,#519);
#518 = CARTESIAN_POINT('',(1.5,-35.,-6.518317541608));
#519 = VECTOR('',#520,1.);
#520 = DIRECTION('',(0.,-2.388739962631E-16,-1.));
#521 = ORIENTED_EDGE('',*,*,#522,.F.);
#522 = EDGE_CURVE('',#523,#515,#525,.T.);
#523 = VERTEX_POINT('',#524);
#524 = CARTESIAN_POINT('',(6.,-35.,-1.));
#525 = LINE('',#526,#527);
#526 = CARTESIAN_POINT('',(6.,-35.,-1.));
#527 = VECTOR('',#528,1.);
#528 = DIRECTION('',(-1.,0.,0.));
#529 = ORIENTED_EDGE('',*,*,#530,.T.);
#530 = EDGE_CURVE('',#523,#369,#531,.T.);
#531 = LINE('',#532,#533);
#532 = CARTESIAN_POINT('',(6.,-35.,0.));
#533 = VECTOR('',#534,1.);
#534 = DIRECTION('',(-0.,-0.,-1.));
#535 = ORIENTED_EDGE('',*,*,#376,.T.);
#536 = ORIENTED_EDGE('',*,*,#77,.F.);
#537 = ORIENTED_EDGE('',*,*,#400,.F.);
#538 = FACE_BOUND('',#539,.T.);
#539 = EDGE_LOOP('',(#540));
#540 = ORIENTED_EDGE('',*,*,#541,.F.);
#541 = EDGE_CURVE('',#542,#542,#544,.T.);
#542 = VERTEX_POINT('',#543);
#543 = CARTESIAN_POINT('',(-18.95,-35.,-25.));
#544 = CIRCLE('',#545,2.95);
#545 = AXIS2_PLACEMENT_3D('',#546,#547,#548);
#546 = CARTESIAN_POINT('',(-16.,-35.,-25.));
#547 = DIRECTION('',(0.,1.,-2.22044604925E-16));
#548 = DIRECTION('',(-1.,0.,0.));
#549 = FACE_BOUND('',#550,.T.);
#550 = EDGE_LOOP('',(#551));
#551 = ORIENTED_EDGE('',*,*,#552,.F.);
#552 = EDGE_CURVE('',#553,#553,#555,.T.);
#553 = VERTEX_POINT('',#554);
#554 = CARTESIAN_POINT('',(13.05,-35.,-25.));
#555 = CIRCLE('',#556,2.95);
#556 = AXIS2_PLACEMENT_3D('',#557,#558,#559);
#557 = CARTESIAN_POINT('',(16.,-35.,-25.));
#558 = DIRECTION('',(0.,1.,-2.22044604925E-16));
#559 = DIRECTION('',(-1.,0.,0.));
#560 = PLANE('',#561);
#561 = AXIS2_PLACEMENT_3D('',#562,#563,#564);
#562 = CARTESIAN_POINT('',(-1.529198139337E-16,-35.,-13.03663508321));
#563 = DIRECTION('',(0.,1.,-2.388739962631E-16));
#564 = DIRECTION('',(0.,2.388739962631E-16,1.));
#565 = ADVANCED_FACE('',(#566),#580,.T.);
#566 = FACE_BOUND('',#567,.T.);
#567 = EDGE_LOOP('',(#568,#569,#570,#571,#572,#578,#579));
#568 = ORIENTED_EDGE('',*,*,#116,.T.);
#569 = ORIENTED_EDGE('',*,*,#164,.T.);
#570 = ORIENTED_EDGE('',*,*,#368,.F.);
#571 = ORIENTED_EDGE('',*,*,#530,.F.);
#572 = ORIENTED_EDGE('',*,*,#573,.T.);
#573 = EDGE_CURVE('',#523,#302,#574,.T.);
#574 = LINE('',#575,#576);
#575 = CARTESIAN_POINT('',(6.,-31.5,2.5));
#576 = VECTOR('',#577,1.);
#577 = DIRECTION('',(0.,0.707106781187,0.707106781187));
#578 = ORIENTED_EDGE('',*,*,#309,.T.);
#579 = ORIENTED_EDGE('',*,*,#147,.T.);
#580 = PLANE('',#581);
#581 = AXIS2_PLACEMENT_3D('',#582,#583,#584);
#582 = CARTESIAN_POINT('',(6.,-23.,0.));
#583 = DIRECTION('',(-1.,0.,0.));
#584 = DIRECTION('',(0.,-1.,0.));
#585 = ADVANCED_FACE('',(#586),#749,.T.);
#586 = FACE_BOUND('',#587,.T.);
#587 = EDGE_LOOP('',(#588,#589,#590,#591,#599,#607,#615,#623,#631,#639,
    #647,#655,#663,#671,#679,#687,#695,#703,#711,#719,#727,#735,#743));
#588 = ORIENTED_EDGE('',*,*,#416,.T.);
#589 = ORIENTED_EDGE('',*,*,#392,.T.);
#590 = ORIENTED_EDGE('',*,*,#195,.T.);
#591 = ORIENTED_EDGE('',*,*,#592,.T.);
#592 = EDGE_CURVE('',#196,#593,#595,.T.);
#593 = VERTEX_POINT('',#594);
#594 = CARTESIAN_POINT('',(20.,-2.3,4.));
#595 = LINE('',#596,#597);
#596 = CARTESIAN_POINT('',(20.,-2.3,0.));
#597 = VECTOR('',#598,1.);
#598 = DIRECTION('',(0.,0.,1.));
#599 = ORIENTED_EDGE('',*,*,#600,.F.);
#600 = EDGE_CURVE('',#601,#593,#603,.T.);
#601 = VERTEX_POINT('',#602);
#602 = CARTESIAN_POINT('',(20.,-39.,4.));
#603 = LINE('',#604,#605);
#604 = CARTESIAN_POINT('',(20.,-42.,4.));
#605 = VECTOR('',#606,1.);
#606 = DIRECTION('',(0.,1.,0.));
#607 = ORIENTED_EDGE('',*,*,#608,.T.);
#608 = EDGE_CURVE('',#601,#609,#611,.T.);
#609 = VERTEX_POINT('',#610);
#610 = CARTESIAN_POINT('',(20.,-39.,3.));
#611 = LINE('',#612,#613);
#612 = CARTESIAN_POINT('',(20.,-39.,4.));
#613 = VECTOR('',#614,1.);
#614 = DIRECTION('',(0.,0.,-1.));
#615 = ORIENTED_EDGE('',*,*,#616,.T.);
#616 = EDGE_CURVE('',#609,#617,#619,.T.);
#617 = VERTEX_POINT('',#618);
#618 = CARTESIAN_POINT('',(20.,-40.,3.));
#619 = LINE('',#620,#621);
#620 = CARTESIAN_POINT('',(20.,-39.,3.));
#621 = VECTOR('',#622,1.);
#622 = DIRECTION('',(0.,-1.,0.));
#623 = ORIENTED_EDGE('',*,*,#624,.T.);
#624 = EDGE_CURVE('',#617,#625,#627,.T.);
#625 = VERTEX_POINT('',#626);
#626 = CARTESIAN_POINT('',(20.,-40.,4.));
#627 = LINE('',#628,#629);
#628 = CARTESIAN_POINT('',(20.,-40.,3.));
#629 = VECTOR('',#630,1.);
#630 = DIRECTION('',(0.,0.,1.));
#631 = ORIENTED_EDGE('',*,*,#632,.F.);
#632 = EDGE_CURVE('',#633,#625,#635,.T.);
#633 = VERTEX_POINT('',#634);
#634 = CARTESIAN_POINT('',(20.,-42.,4.));
#635 = LINE('',#636,#637);
#636 = CARTESIAN_POINT('',(20.,-42.,4.));
#637 = VECTOR('',#638,1.);
#638 = DIRECTION('',(0.,1.,0.));
#639 = ORIENTED_EDGE('',*,*,#640,.F.);
#640 = EDGE_CURVE('',#641,#633,#643,.T.);
#641 = VERTEX_POINT('',#642);
#642 = CARTESIAN_POINT('',(20.,-42.,1.043891789502E-14));
#643 = LINE('',#644,#645);
#644 = CARTESIAN_POINT('',(20.,-42.,0.));
#645 = VECTOR('',#646,1.);
#646 = DIRECTION('',(0.,0.,1.));
#647 = ORIENTED_EDGE('',*,*,#648,.T.);
#648 = EDGE_CURVE('',#641,#649,#651,.T.);
#649 = VERTEX_POINT('',#650);
#650 = CARTESIAN_POINT('',(20.,-38.5,9.660351046012E-15));
#651 = LINE('',#652,#653);
#652 = CARTESIAN_POINT('',(20.,-42.,1.043891789502E-14));
#653 = VECTOR('',#654,1.);
#654 = DIRECTION('',(0.,1.,-2.22044604925E-16));
#655 = ORIENTED_EDGE('',*,*,#656,.F.);
#656 = EDGE_CURVE('',#657,#649,#659,.T.);
#657 = VERTEX_POINT('',#658);
#658 = CARTESIAN_POINT('',(20.,-38.5,0.5));
#659 = LINE('',#660,#661);
#660 = CARTESIAN_POINT('',(20.,-38.5,0.5));
#661 = VECTOR('',#662,1.);
#662 = DIRECTION('',(0.,0.,-1.));
#663 = ORIENTED_EDGE('',*,*,#664,.F.);
#664 = EDGE_CURVE('',#665,#657,#667,.T.);
#665 = VERTEX_POINT('',#666);
#666 = CARTESIAN_POINT('',(20.,-36.9,0.5));
#667 = LINE('',#668,#669);
#668 = CARTESIAN_POINT('',(20.,-36.9,0.5));
#669 = VECTOR('',#670,1.);
#670 = DIRECTION('',(0.,-1.,0.));
#671 = ORIENTED_EDGE('',*,*,#672,.F.);
#672 = EDGE_CURVE('',#673,#665,#675,.T.);
#673 = VERTEX_POINT('',#674);
#674 = CARTESIAN_POINT('',(20.,-36.9,9.982315723153E-15));
#675 = LINE('',#676,#677);
#676 = CARTESIAN_POINT('',(20.,-36.9,-17.5));
#677 = VECTOR('',#678,1.);
#678 = DIRECTION('',(0.,0.,1.));
#679 = ORIENTED_EDGE('',*,*,#680,.T.);
#680 = EDGE_CURVE('',#673,#681,#683,.T.);
#681 = VERTEX_POINT('',#682);
#682 = CARTESIAN_POINT('',(20.,-36.5,9.217672567935E-15));
#683 = LINE('',#684,#685);
#684 = CARTESIAN_POINT('',(20.,-42.,1.043891789502E-14));
#685 = VECTOR('',#686,1.);
#686 = DIRECTION('',(0.,1.,-2.22044604925E-16));
#687 = ORIENTED_EDGE('',*,*,#688,.F.);
#688 = EDGE_CURVE('',#689,#681,#691,.T.);
#689 = VERTEX_POINT('',#690);
#690 = CARTESIAN_POINT('',(20.,-36.5,-17.));
#691 = LINE('',#692,#693);
#692 = CARTESIAN_POINT('',(20.,-36.5,-17.));
#693 = VECTOR('',#694,1.);
#694 = DIRECTION('',(0.,2.22044604925E-16,1.));
#695 = ORIENTED_EDGE('',*,*,#696,.F.);
#696 = EDGE_CURVE('',#697,#689,#699,.T.);
#697 = VERTEX_POINT('',#698);
#698 = CARTESIAN_POINT('',(20.,-36.9,-17.));
#699 = LINE('',#700,#701);
#700 = CARTESIAN_POINT('',(20.,-42.,-17.));
#701 = VECTOR('',#702,1.);
#702 = DIRECTION('',(0.,1.,-2.22044604925E-16));
#703 = ORIENTED_EDGE('',*,*,#704,.F.);
#704 = EDGE_CURVE('',#705,#697,#707,.T.);
#705 = VERTEX_POINT('',#706);
#706 = CARTESIAN_POINT('',(20.,-36.9,-17.5));
#707 = LINE('',#708,#709);
#708 = CARTESIAN_POINT('',(20.,-36.9,-17.5));
#709 = VECTOR('',#710,1.);
#710 = DIRECTION('',(0.,0.,1.));
#711 = ORIENTED_EDGE('',*,*,#712,.F.);
#712 = EDGE_CURVE('',#713,#705,#715,.T.);
#713 = VERTEX_POINT('',#714);
#714 = CARTESIAN_POINT('',(20.,-38.5,-17.5));
#715 = LINE('',#716,#717);
#716 = CARTESIAN_POINT('',(20.,-38.5,-17.5));
#717 = VECTOR('',#718,1.);
#718 = DIRECTION('',(0.,1.,0.));
#719 = ORIENTED_EDGE('',*,*,#720,.F.);
#720 = EDGE_CURVE('',#721,#713,#723,.T.);
#721 = VERTEX_POINT('',#722);
#722 = CARTESIAN_POINT('',(20.,-38.5,-17.));
#723 = LINE('',#724,#725);
#724 = CARTESIAN_POINT('',(20.,-38.5,0.5));
#725 = VECTOR('',#726,1.);
#726 = DIRECTION('',(0.,0.,-1.));
#727 = ORIENTED_EDGE('',*,*,#728,.F.);
#728 = EDGE_CURVE('',#729,#721,#731,.T.);
#729 = VERTEX_POINT('',#730);
#730 = CARTESIAN_POINT('',(20.,-42.,-17.));
#731 = LINE('',#732,#733);
#732 = CARTESIAN_POINT('',(20.,-42.,-17.));
#733 = VECTOR('',#734,1.);
#734 = DIRECTION('',(0.,1.,-2.22044604925E-16));
#735 = ORIENTED_EDGE('',*,*,#736,.F.);
#736 = EDGE_CURVE('',#737,#729,#739,.T.);
#737 = VERTEX_POINT('',#738);
#738 = CARTESIAN_POINT('',(20.,-42.,-25.));
#739 = LINE('',#740,#741);
#740 = CARTESIAN_POINT('',(20.,-42.,0.));
#741 = VECTOR('',#742,1.);
#742 = DIRECTION('',(0.,0.,1.));
#743 = ORIENTED_EDGE('',*,*,#744,.T.);
#744 = EDGE_CURVE('',#737,#417,#745,.T.);
#745 = LINE('',#746,#747);
#746 = CARTESIAN_POINT('',(20.,-42.,-25.));
#747 = VECTOR('',#748,1.);
#748 = DIRECTION('',(0.,1.,-2.22044604925E-16));
#749 = PLANE('',#750);
#750 = AXIS2_PLACEMENT_3D('',#751,#752,#753);
#751 = CARTESIAN_POINT('',(20.,-28.09978165938,-4.550218340611));
#752 = DIRECTION('',(1.,0.,0.));
#753 = DIRECTION('',(0.,0.,1.));
#754 = ADVANCED_FACE('',(#755),#774,.T.);
#755 = FACE_BOUND('',#756,.F.);
#756 = EDGE_LOOP('',(#757,#758,#767,#773));
#757 = ORIENTED_EDGE('',*,*,#592,.T.);
#758 = ORIENTED_EDGE('',*,*,#759,.T.);
#759 = EDGE_CURVE('',#593,#760,#762,.T.);
#760 = VERTEX_POINT('',#761);
#761 = CARTESIAN_POINT('',(0.8,16.9,4.));
#762 = CIRCLE('',#763,19.2);
#763 = AXIS2_PLACEMENT_3D('',#764,#765,#766);
#764 = CARTESIAN_POINT('',(0.8,-2.3,4.));
#765 = DIRECTION('',(0.,0.,1.));
#766 = DIRECTION('',(1.,0.,0.));
#767 = ORIENTED_EDGE('',*,*,#768,.F.);
#768 = EDGE_CURVE('',#204,#760,#769,.T.);
#769 = LINE('',#770,#771);
#770 = CARTESIAN_POINT('',(0.8,16.9,0.));
#771 = VECTOR('',#772,1.);
#772 = DIRECTION('',(0.,0.,1.));
#773 = ORIENTED_EDGE('',*,*,#203,.F.);
#774 = CYLINDRICAL_SURFACE('',#775,19.2);
#775 = AXIS2_PLACEMENT_3D('',#776,#777,#778);
#776 = CARTESIAN_POINT('',(0.8,-2.3,0.));
#777 = DIRECTION('',(-0.,-0.,-1.));
#778 = DIRECTION('',(1.,0.,0.));
#779 = ADVANCED_FACE('',(#780),#791,.T.);
#780 = FACE_BOUND('',#781,.T.);
#781 = EDGE_LOOP('',(#782,#783,#784,#790));
#782 = ORIENTED_EDGE('',*,*,#573,.F.);
#783 = ORIENTED_EDGE('',*,*,#522,.T.);
#784 = ORIENTED_EDGE('',*,*,#785,.T.);
#785 = EDGE_CURVE('',#515,#294,#786,.T.);
#786 = LINE('',#787,#788);
#787 = CARTESIAN_POINT('',(1.5,-34.5,-0.5));
#788 = VECTOR('',#789,1.);
#789 = DIRECTION('',(0.,0.707106781187,0.707106781187));
#790 = ORIENTED_EDGE('',*,*,#301,.F.);
#791 = PLANE('',#792);
#792 = AXIS2_PLACEMENT_3D('',#793,#794,#795);
#793 = CARTESIAN_POINT('',(6.,-34.5,-0.5));
#794 = DIRECTION('',(0.,0.707106781187,-0.707106781187));
#795 = DIRECTION('',(-1.,0.,0.));
#796 = ADVANCED_FACE('',(#797),#815,.F.);
#797 = FACE_BOUND('',#798,.F.);
#798 = EDGE_LOOP('',(#799,#800,#808,#814));
#799 = ORIENTED_EDGE('',*,*,#768,.T.);
#800 = ORIENTED_EDGE('',*,*,#801,.T.);
#801 = EDGE_CURVE('',#760,#802,#804,.T.);
#802 = VERTEX_POINT('',#803);
#803 = CARTESIAN_POINT('',(-0.8,16.9,4.));
#804 = LINE('',#805,#806);
#805 = CARTESIAN_POINT('',(0.8,16.9,4.));
#806 = VECTOR('',#807,1.);
#807 = DIRECTION('',(-1.,0.,0.));
#808 = ORIENTED_EDGE('',*,*,#809,.F.);
#809 = EDGE_CURVE('',#213,#802,#810,.T.);
#810 = LINE('',#811,#812);
#811 = CARTESIAN_POINT('',(-0.8,16.9,0.));
#812 = VECTOR('',#813,1.);
#813 = DIRECTION('',(0.,0.,1.));
#814 = ORIENTED_EDGE('',*,*,#212,.F.);
#815 = PLANE('',#816);
#816 = AXIS2_PLACEMENT_3D('',#817,#818,#819);
#817 = CARTESIAN_POINT('',(0.8,16.9,0.));
#818 = DIRECTION('',(0.,-1.,0.));
#819 = DIRECTION('',(-1.,0.,0.));
#820 = ADVANCED_FACE('',(#821),#856,.T.);
#821 = FACE_BOUND('',#822,.T.);
#822 = EDGE_LOOP('',(#823,#833,#839,#840,#841,#842,#850));
#823 = ORIENTED_EDGE('',*,*,#824,.F.);
#824 = EDGE_CURVE('',#825,#827,#829,.T.);
#825 = VERTEX_POINT('',#826);
#826 = CARTESIAN_POINT('',(1.5,-23.,-1.45));
#827 = VERTEX_POINT('',#828);
#828 = CARTESIAN_POINT('',(1.5,-23.,-1.5));
#829 = LINE('',#830,#831);
#830 = CARTESIAN_POINT('',(1.5,-23.,0.));
#831 = VECTOR('',#832,1.);
#832 = DIRECTION('',(-0.,-0.,-1.));
#833 = ORIENTED_EDGE('',*,*,#834,.F.);
#834 = EDGE_CURVE('',#286,#825,#835,.T.);
#835 = LINE('',#836,#837);
#836 = CARTESIAN_POINT('',(1.5,-25.275,-3.725));
#837 = VECTOR('',#838,1.);
#838 = DIRECTION('',(0.,-0.707106781187,-0.707106781187));
#839 = ORIENTED_EDGE('',*,*,#293,.F.);
#840 = ORIENTED_EDGE('',*,*,#785,.F.);
#841 = ORIENTED_EDGE('',*,*,#514,.T.);
#842 = ORIENTED_EDGE('',*,*,#843,.T.);
#843 = EDGE_CURVE('',#507,#844,#846,.T.);
#844 = VERTEX_POINT('',#845);
#845 = CARTESIAN_POINT('',(1.5,-34.,-1.5));
#846 = LINE('',#847,#848);
#847 = CARTESIAN_POINT('',(1.5,-34.125,-1.625));
#848 = VECTOR('',#849,1.);
#849 = DIRECTION('',(0.,0.707106781187,0.707106781187));
#850 = ORIENTED_EDGE('',*,*,#851,.T.);
#851 = EDGE_CURVE('',#844,#827,#852,.T.);
#852 = LINE('',#853,#854);
#853 = CARTESIAN_POINT('',(1.5,-35.,-1.5));
#854 = VECTOR('',#855,1.);
#855 = DIRECTION('',(0.,1.,0.));
#856 = PLANE('',#857);
#857 = AXIS2_PLACEMENT_3D('',#858,#859,#860);
#858 = CARTESIAN_POINT('',(1.5,-35.,0.));
#859 = DIRECTION('',(1.,0.,0.));
#860 = DIRECTION('',(0.,1.,0.));
#861 = ADVANCED_FACE('',(#862),#881,.T.);
#862 = FACE_BOUND('',#863,.F.);
#863 = EDGE_LOOP('',(#864,#865,#874,#880));
#864 = ORIENTED_EDGE('',*,*,#809,.T.);
#865 = ORIENTED_EDGE('',*,*,#866,.T.);
#866 = EDGE_CURVE('',#802,#867,#869,.T.);
#867 = VERTEX_POINT('',#868);
#868 = CARTESIAN_POINT('',(-20.,-2.3,4.));
#869 = CIRCLE('',#870,19.2);
#870 = AXIS2_PLACEMENT_3D('',#871,#872,#873);
#871 = CARTESIAN_POINT('',(-0.8,-2.3,4.));
#872 = DIRECTION('',(0.,0.,1.));
#873 = DIRECTION('',(1.,0.,0.));
#874 = ORIENTED_EDGE('',*,*,#875,.F.);
#875 = EDGE_CURVE('',#221,#867,#876,.T.);
#876 = LINE('',#877,#878);
#877 = CARTESIAN_POINT('',(-20.,-2.3,0.));
#878 = VECTOR('',#879,1.);
#879 = DIRECTION('',(0.,0.,1.));
#880 = ORIENTED_EDGE('',*,*,#220,.F.);
#881 = CYLINDRICAL_SURFACE('',#882,19.2);
#882 = AXIS2_PLACEMENT_3D('',#883,#884,#885);
#883 = CARTESIAN_POINT('',(-0.8,-2.3,0.));
#884 = DIRECTION('',(-0.,-0.,-1.));
#885 = DIRECTION('',(1.,0.,0.));
#886 = ADVANCED_FACE('',(#887),#1080,.T.);
#887 = FACE_BOUND('',#888,.T.);
#888 = EDGE_LOOP('',(#889,#895,#896,#904,#912,#920,#928,#936,#944,#952,
    #960,#968,#976,#984,#992,#1000,#1008,#1016,#1024,#1032,#1040,#1048,
    #1056,#1064,#1072,#1078,#1079));
#889 = ORIENTED_EDGE('',*,*,#890,.F.);
#890 = EDGE_CURVE('',#451,#230,#891,.T.);
#891 = LINE('',#892,#893);
#892 = CARTESIAN_POINT('',(-20.,-33.9125,8.75E-02));
#893 = VECTOR('',#894,1.);
#894 = DIRECTION('',(0.,0.707106781187,0.707106781187));
#895 = ORIENTED_EDGE('',*,*,#450,.F.);
#896 = ORIENTED_EDGE('',*,*,#897,.F.);
#897 = EDGE_CURVE('',#898,#442,#900,.T.);
#898 = VERTEX_POINT('',#899);
#899 = CARTESIAN_POINT('',(-20.,-42.,-25.));
#900 = LINE('',#901,#902);
#901 = CARTESIAN_POINT('',(-20.,-42.,-25.));
#902 = VECTOR('',#903,1.);
#903 = DIRECTION('',(0.,1.,-2.22044604925E-16));
#904 = ORIENTED_EDGE('',*,*,#905,.T.);
#905 = EDGE_CURVE('',#898,#906,#908,.T.);
#906 = VERTEX_POINT('',#907);
#907 = CARTESIAN_POINT('',(-20.,-42.,-17.));
#908 = LINE('',#909,#910);
#909 = CARTESIAN_POINT('',(-20.,-42.,0.));
#910 = VECTOR('',#911,1.);
#911 = DIRECTION('',(0.,0.,1.));
#912 = ORIENTED_EDGE('',*,*,#913,.T.);
#913 = EDGE_CURVE('',#906,#914,#916,.T.);
#914 = VERTEX_POINT('',#915);
#915 = CARTESIAN_POINT('',(-20.,-38.5,-17.));
#916 = LINE('',#917,#918);
#917 = CARTESIAN_POINT('',(-20.,-42.,-17.));
#918 = VECTOR('',#919,1.);
#919 = DIRECTION('',(0.,1.,-2.22044604925E-16));
#920 = ORIENTED_EDGE('',*,*,#921,.F.);
#921 = EDGE_CURVE('',#922,#914,#924,.T.);
#922 = VERTEX_POINT('',#923);
#923 = CARTESIAN_POINT('',(-20.,-38.5,-17.5));
#924 = LINE('',#925,#926);
#925 = CARTESIAN_POINT('',(-20.,-38.5,-2.025109170306));
#926 = VECTOR('',#927,1.);
#927 = DIRECTION('',(0.,0.,1.));
#928 = ORIENTED_EDGE('',*,*,#929,.F.);
#929 = EDGE_CURVE('',#930,#922,#932,.T.);
#930 = VERTEX_POINT('',#931);
#931 = CARTESIAN_POINT('',(-20.,-36.9,-17.5));
#932 = LINE('',#933,#934);
#933 = CARTESIAN_POINT('',(-20.,-33.29989082969,-17.5));
#934 = VECTOR('',#935,1.);
#935 = DIRECTION('',(0.,-1.,0.));
#936 = ORIENTED_EDGE('',*,*,#937,.F.);
#937 = EDGE_CURVE('',#938,#930,#940,.T.);
#938 = VERTEX_POINT('',#939);
#939 = CARTESIAN_POINT('',(-20.,-36.9,-17.));
#940 = LINE('',#941,#942);
#941 = CARTESIAN_POINT('',(-20.,-36.9,-11.0251091703));
#942 = VECTOR('',#943,1.);
#943 = DIRECTION('',(0.,0.,-1.));
#944 = ORIENTED_EDGE('',*,*,#945,.T.);
#945 = EDGE_CURVE('',#938,#946,#948,.T.);
#946 = VERTEX_POINT('',#947);
#947 = CARTESIAN_POINT('',(-20.,-36.5,-17.));
#948 = LINE('',#949,#950);
#949 = CARTESIAN_POINT('',(-20.,-42.,-17.));
#950 = VECTOR('',#951,1.);
#951 = DIRECTION('',(0.,1.,-2.22044604925E-16));
#952 = ORIENTED_EDGE('',*,*,#953,.F.);
#953 = EDGE_CURVE('',#954,#946,#956,.T.);
#954 = VERTEX_POINT('',#955);
#955 = CARTESIAN_POINT('',(-20.,-36.5,9.217672567935E-15));
#956 = LINE('',#957,#958);
#957 = CARTESIAN_POINT('',(-20.,-36.5,9.217672567935E-15));
#958 = VECTOR('',#959,1.);
#959 = DIRECTION('',(0.,-2.22044604925E-16,-1.));
#960 = ORIENTED_EDGE('',*,*,#961,.F.);
#961 = EDGE_CURVE('',#962,#954,#964,.T.);
#962 = VERTEX_POINT('',#963);
#963 = CARTESIAN_POINT('',(-20.,-36.9,9.306490409905E-15));
#964 = LINE('',#965,#966);
#965 = CARTESIAN_POINT('',(-20.,-42.,1.043891789502E-14));
#966 = VECTOR('',#967,1.);
#967 = DIRECTION('',(0.,1.,-2.22044604925E-16));
#968 = ORIENTED_EDGE('',*,*,#969,.F.);
#969 = EDGE_CURVE('',#970,#962,#972,.T.);
#970 = VERTEX_POINT('',#971);
#971 = CARTESIAN_POINT('',(-20.,-36.9,0.5));
#972 = LINE('',#973,#974);
#973 = CARTESIAN_POINT('',(-20.,-36.9,-11.0251091703));
#974 = VECTOR('',#975,1.);
#975 = DIRECTION('',(0.,0.,-1.));
#976 = ORIENTED_EDGE('',*,*,#977,.F.);
#977 = EDGE_CURVE('',#978,#970,#980,.T.);
#978 = VERTEX_POINT('',#979);
#979 = CARTESIAN_POINT('',(-20.,-38.5,0.5));
#980 = LINE('',#981,#982);
#981 = CARTESIAN_POINT('',(-20.,-32.49989082969,0.5));
#982 = VECTOR('',#983,1.);
#983 = DIRECTION('',(0.,1.,0.));
#984 = ORIENTED_EDGE('',*,*,#985,.F.);
#985 = EDGE_CURVE('',#986,#978,#988,.T.);
#986 = VERTEX_POINT('',#987);
#987 = CARTESIAN_POINT('',(-20.,-38.5,9.661761777785E-15));
#988 = LINE('',#989,#990);
#989 = CARTESIAN_POINT('',(-20.,-38.5,-2.025109170306));
#990 = VECTOR('',#991,1.);
#991 = DIRECTION('',(0.,0.,1.));
#992 = ORIENTED_EDGE('',*,*,#993,.F.);
#993 = EDGE_CURVE('',#994,#986,#996,.T.);
#994 = VERTEX_POINT('',#995);
#995 = CARTESIAN_POINT('',(-20.,-42.,1.043891789502E-14));
#996 = LINE('',#997,#998);
#997 = CARTESIAN_POINT('',(-20.,-42.,1.043891789502E-14));
#998 = VECTOR('',#999,1.);
#999 = DIRECTION('',(0.,1.,-2.22044604925E-16));
#1000 = ORIENTED_EDGE('',*,*,#1001,.T.);
#1001 = EDGE_CURVE('',#994,#1002,#1004,.T.);
#1002 = VERTEX_POINT('',#1003);
#1003 = CARTESIAN_POINT('',(-20.,-42.,4.));
#1004 = LINE('',#1005,#1006);
#1005 = CARTESIAN_POINT('',(-20.,-42.,0.));
#1006 = VECTOR('',#1007,1.);
#1007 = DIRECTION('',(0.,0.,1.));
#1008 = ORIENTED_EDGE('',*,*,#1009,.F.);
#1009 = EDGE_CURVE('',#1010,#1002,#1012,.T.);
#1010 = VERTEX_POINT('',#1011);
#1011 = CARTESIAN_POINT('',(-20.,-40.,4.));
#1012 = LINE('',#1013,#1014);
#1013 = CARTESIAN_POINT('',(-20.,-2.3,4.));
#1014 = VECTOR('',#1015,1.);
#1015 = DIRECTION('',(0.,-1.,0.));
#1016 = ORIENTED_EDGE('',*,*,#1017,.T.);
#1017 = EDGE_CURVE('',#1010,#1018,#1020,.T.);
#1018 = VERTEX_POINT('',#1019);
#1019 = CARTESIAN_POINT('',(-20.,-40.,3.));
#1020 = LINE('',#1021,#1022);
#1021 = CARTESIAN_POINT('',(-20.,-40.,-0.775109170306));
#1022 = VECTOR('',#1023,1.);
#1023 = DIRECTION('',(0.,0.,-1.));
#1024 = ORIENTED_EDGE('',*,*,#1025,.T.);
#1025 = EDGE_CURVE('',#1018,#1026,#1028,.T.);
#1026 = VERTEX_POINT('',#1027);
#1027 = CARTESIAN_POINT('',(-20.,-39.,3.));
#1028 = LINE('',#1029,#1030);
#1029 = CARTESIAN_POINT('',(-20.,-33.54989082969,3.));
#1030 = VECTOR('',#1031,1.);
#1031 = DIRECTION('',(0.,1.,0.));
#1032 = ORIENTED_EDGE('',*,*,#1033,.T.);
#1033 = EDGE_CURVE('',#1026,#1034,#1036,.T.);
#1034 = VERTEX_POINT('',#1035);
#1035 = CARTESIAN_POINT('',(-20.,-39.,4.));
#1036 = LINE('',#1037,#1038);
#1037 = CARTESIAN_POINT('',(-20.,-39.,-0.275109170306));
#1038 = VECTOR('',#1039,1.);
#1039 = DIRECTION('',(0.,0.,1.));
#1040 = ORIENTED_EDGE('',*,*,#1041,.F.);
#1041 = EDGE_CURVE('',#1042,#1034,#1044,.T.);
#1042 = VERTEX_POINT('',#1043);
#1043 = CARTESIAN_POINT('',(-20.,-32.,4.));
#1044 = LINE('',#1045,#1046);
#1045 = CARTESIAN_POINT('',(-20.,-2.3,4.));
#1046 = VECTOR('',#1047,1.);
#1047 = DIRECTION('',(0.,-1.,0.));
#1048 = ORIENTED_EDGE('',*,*,#1049,.T.);
#1049 = EDGE_CURVE('',#1042,#1050,#1052,.T.);
#1050 = VERTEX_POINT('',#1051);
#1051 = CARTESIAN_POINT('',(-20.,-32.,1.5));
#1052 = LINE('',#1053,#1054);
#1053 = CARTESIAN_POINT('',(-20.,-32.,4.));
#1054 = VECTOR('',#1055,1.);
#1055 = DIRECTION('',(-0.,-0.,-1.));
#1056 = ORIENTED_EDGE('',*,*,#1057,.T.);
#1057 = EDGE_CURVE('',#1050,#1058,#1060,.T.);
#1058 = VERTEX_POINT('',#1059);
#1059 = CARTESIAN_POINT('',(-20.,-28.,1.5));
#1060 = LINE('',#1061,#1062);
#1061 = CARTESIAN_POINT('',(-20.,-32.,1.5));
#1062 = VECTOR('',#1063,1.);
#1063 = DIRECTION('',(0.,1.,0.));
#1064 = ORIENTED_EDGE('',*,*,#1065,.F.);
#1065 = EDGE_CURVE('',#1066,#1058,#1068,.T.);
#1066 = VERTEX_POINT('',#1067);
#1067 = CARTESIAN_POINT('',(-20.,-28.,4.));
#1068 = LINE('',#1069,#1070);
#1069 = CARTESIAN_POINT('',(-20.,-28.,4.));
#1070 = VECTOR('',#1071,1.);
#1071 = DIRECTION('',(-0.,-0.,-1.));
#1072 = ORIENTED_EDGE('',*,*,#1073,.F.);
#1073 = EDGE_CURVE('',#867,#1066,#1074,.T.);
#1074 = LINE('',#1075,#1076);
#1075 = CARTESIAN_POINT('',(-20.,-2.3,4.));
#1076 = VECTOR('',#1077,1.);
#1077 = DIRECTION('',(0.,-1.,0.));
#1078 = ORIENTED_EDGE('',*,*,#875,.F.);
#1079 = ORIENTED_EDGE('',*,*,#229,.T.);
#1080 = PLANE('',#1081);
#1081 = AXIS2_PLACEMENT_3D('',#1082,#1083,#1084);
#1082 = CARTESIAN_POINT('',(-20.,-28.09978165938,-4.550218340611));
#1083 = DIRECTION('',(-1.,-0.,-0.));
#1084 = DIRECTION('',(0.,0.,-1.));
#1085 = ADVANCED_FACE('',(#1086),#1104,.T.);
#1086 = FACE_BOUND('',#1087,.F.);
#1087 = EDGE_LOOP('',(#1088,#1089,#1090,#1098));
#1088 = ORIENTED_EDGE('',*,*,#834,.F.);
#1089 = ORIENTED_EDGE('',*,*,#285,.T.);
#1090 = ORIENTED_EDGE('',*,*,#1091,.T.);
#1091 = EDGE_CURVE('',#278,#1092,#1094,.T.);
#1092 = VERTEX_POINT('',#1093);
#1093 = CARTESIAN_POINT('',(-1.5,-23.,-1.45));
#1094 = LINE('',#1095,#1096);
#1095 = CARTESIAN_POINT('',(-1.5,-22.275,-0.725));
#1096 = VECTOR('',#1097,1.);
#1097 = DIRECTION('',(-0.,-0.707106781187,-0.707106781187));
#1098 = ORIENTED_EDGE('',*,*,#1099,.F.);
#1099 = EDGE_CURVE('',#825,#1092,#1100,.T.);
#1100 = LINE('',#1101,#1102);
#1101 = CARTESIAN_POINT('',(1.5,-23.,-1.45));
#1102 = VECTOR('',#1103,1.);
#1103 = DIRECTION('',(-1.,0.,0.));
#1104 = PLANE('',#1105);
#1105 = AXIS2_PLACEMENT_3D('',#1106,#1107,#1108);
#1106 = CARTESIAN_POINT('',(1.5,-22.275,-0.725));
#1107 = DIRECTION('',(0.,0.707106781187,-0.707106781187));
#1108 = DIRECTION('',(1.,0.,0.));
#1109 = ADVANCED_FACE('',(#1110),#1121,.T.);
#1110 = FACE_BOUND('',#1111,.T.);
#1111 = EDGE_LOOP('',(#1112,#1118,#1119,#1120));
#1112 = ORIENTED_EDGE('',*,*,#1113,.F.);
#1113 = EDGE_CURVE('',#459,#238,#1114,.T.);
#1114 = LINE('',#1115,#1116);
#1115 = CARTESIAN_POINT('',(-9.,-31.5,2.5));
#1116 = VECTOR('',#1117,1.);
#1117 = DIRECTION('',(0.,0.707106781187,0.707106781187));
#1118 = ORIENTED_EDGE('',*,*,#458,.T.);
#1119 = ORIENTED_EDGE('',*,*,#890,.T.);
#1120 = ORIENTED_EDGE('',*,*,#237,.F.);
#1121 = PLANE('',#1122);
#1122 = AXIS2_PLACEMENT_3D('',#1123,#1124,#1125);
#1123 = CARTESIAN_POINT('',(-9.,-34.5,-0.5));
#1124 = DIRECTION('',(0.,0.707106781187,-0.707106781187));
#1125 = DIRECTION('',(-1.,0.,0.));
#1126 = ADVANCED_FACE('',(#1127),#1160,.T.);
#1127 = FACE_BOUND('',#1128,.T.);
#1128 = EDGE_LOOP('',(#1129,#1137,#1145,#1151,#1152,#1158,#1159));
#1129 = ORIENTED_EDGE('',*,*,#1130,.T.);
#1130 = EDGE_CURVE('',#1092,#1131,#1133,.T.);
#1131 = VERTEX_POINT('',#1132);
#1132 = CARTESIAN_POINT('',(-1.5,-23.,-1.5));
#1133 = LINE('',#1134,#1135);
#1134 = CARTESIAN_POINT('',(-1.5,-23.,0.));
#1135 = VECTOR('',#1136,1.);
#1136 = DIRECTION('',(-0.,-0.,-1.));
#1137 = ORIENTED_EDGE('',*,*,#1138,.T.);
#1138 = EDGE_CURVE('',#1131,#1139,#1141,.T.);
#1139 = VERTEX_POINT('',#1140);
#1140 = CARTESIAN_POINT('',(-1.5,-34.,-1.5));
#1141 = LINE('',#1142,#1143);
#1142 = CARTESIAN_POINT('',(-1.5,-23.,-1.5));
#1143 = VECTOR('',#1144,1.);
#1144 = DIRECTION('',(0.,-1.,0.));
#1145 = ORIENTED_EDGE('',*,*,#1146,.F.);
#1146 = EDGE_CURVE('',#499,#1139,#1147,.T.);
#1147 = LINE('',#1148,#1149);
#1148 = CARTESIAN_POINT('',(-1.5,-31.125,1.375));
#1149 = VECTOR('',#1150,1.);
#1150 = DIRECTION('',(0.,0.707106781187,0.707106781187));
#1151 = ORIENTED_EDGE('',*,*,#498,.F.);
#1152 = ORIENTED_EDGE('',*,*,#1153,.T.);
#1153 = EDGE_CURVE('',#491,#270,#1154,.T.);
#1154 = LINE('',#1155,#1156);
#1155 = CARTESIAN_POINT('',(-1.5,-31.5,2.5));
#1156 = VECTOR('',#1157,1.);
#1157 = DIRECTION('',(0.,0.707106781187,0.707106781187));
#1158 = ORIENTED_EDGE('',*,*,#277,.T.);
#1159 = ORIENTED_EDGE('',*,*,#1091,.T.);
#1160 = PLANE('',#1161);
#1161 = AXIS2_PLACEMENT_3D('',#1162,#1163,#1164);
#1162 = CARTESIAN_POINT('',(-1.5,-23.,0.));
#1163 = DIRECTION('',(-1.,0.,0.));
#1164 = DIRECTION('',(0.,-1.,0.));
#1165 = ADVANCED_FACE('',(#1166),#1201,.T.);
#1166 = FACE_BOUND('',#1167,.T.);
#1167 = EDGE_LOOP('',(#1168,#1178,#1186,#1192,#1193,#1194,#1195));
#1168 = ORIENTED_EDGE('',*,*,#1169,.T.);
#1169 = EDGE_CURVE('',#1170,#1172,#1174,.T.);
#1170 = VERTEX_POINT('',#1171);
#1171 = CARTESIAN_POINT('',(-9.,-23.,-1.45));
#1172 = VERTEX_POINT('',#1173);
#1173 = CARTESIAN_POINT('',(-9.,-23.,-1.5));
#1174 = LINE('',#1175,#1176);
#1175 = CARTESIAN_POINT('',(-9.,-23.,0.));
#1176 = VECTOR('',#1177,1.);
#1177 = DIRECTION('',(-0.,-0.,-1.));
#1178 = ORIENTED_EDGE('',*,*,#1179,.T.);
#1179 = EDGE_CURVE('',#1172,#1180,#1182,.T.);
#1180 = VERTEX_POINT('',#1181);
#1181 = CARTESIAN_POINT('',(-9.,-34.,-1.5));
#1182 = LINE('',#1183,#1184);
#1183 = CARTESIAN_POINT('',(-9.,-23.,-1.5));
#1184 = VECTOR('',#1185,1.);
#1185 = DIRECTION('',(0.,-1.,0.));
#1186 = ORIENTED_EDGE('',*,*,#1187,.F.);
#1187 = EDGE_CURVE('',#467,#1180,#1188,.T.);
#1188 = LINE('',#1189,#1190);
#1189 = CARTESIAN_POINT('',(-9.,-31.125,1.375));
#1190 = VECTOR('',#1191,1.);
#1191 = DIRECTION('',(0.,0.707106781187,0.707106781187));
#1192 = ORIENTED_EDGE('',*,*,#466,.F.);
#1193 = ORIENTED_EDGE('',*,*,#1113,.T.);
#1194 = ORIENTED_EDGE('',*,*,#245,.T.);
#1195 = ORIENTED_EDGE('',*,*,#1196,.T.);
#1196 = EDGE_CURVE('',#246,#1170,#1197,.T.);
#1197 = LINE('',#1198,#1199);
#1198 = CARTESIAN_POINT('',(-9.,-22.275,-0.725));
#1199 = VECTOR('',#1200,1.);
#1200 = DIRECTION('',(-0.,-0.707106781187,-0.707106781187));
#1201 = PLANE('',#1202);
#1202 = AXIS2_PLACEMENT_3D('',#1203,#1204,#1205);
#1203 = CARTESIAN_POINT('',(-9.,-23.,0.));
#1204 = DIRECTION('',(-1.,0.,0.));
#1205 = DIRECTION('',(0.,-1.,0.));
#1206 = ADVANCED_FACE('',(#1207),#1218,.T.);
#1207 = FACE_BOUND('',#1208,.T.);
#1208 = EDGE_LOOP('',(#1209,#1210,#1211,#1217));
#1209 = ORIENTED_EDGE('',*,*,#1153,.F.);
#1210 = ORIENTED_EDGE('',*,*,#490,.T.);
#1211 = ORIENTED_EDGE('',*,*,#1212,.T.);
#1212 = EDGE_CURVE('',#483,#262,#1213,.T.);
#1213 = LINE('',#1214,#1215);
#1214 = CARTESIAN_POINT('',(-6.,-34.5,-0.5));
#1215 = VECTOR('',#1216,1.);
#1216 = DIRECTION('',(0.,0.707106781187,0.707106781187));
#1217 = ORIENTED_EDGE('',*,*,#269,.F.);
#1218 = PLANE('',#1219);
#1219 = AXIS2_PLACEMENT_3D('',#1220,#1221,#1222);
#1220 = CARTESIAN_POINT('',(-1.5,-34.5,-0.5));
#1221 = DIRECTION('',(0.,0.707106781187,-0.707106781187));
#1222 = DIRECTION('',(-1.,0.,0.));
#1223 = ADVANCED_FACE('',(#1224),#1242,.T.);
#1224 = FACE_BOUND('',#1225,.F.);
#1225 = EDGE_LOOP('',(#1226,#1234,#1235,#1236));
#1226 = ORIENTED_EDGE('',*,*,#1227,.F.);
#1227 = EDGE_CURVE('',#254,#1228,#1230,.T.);
#1228 = VERTEX_POINT('',#1229);
#1229 = CARTESIAN_POINT('',(-6.,-23.,-1.45));
#1230 = LINE('',#1231,#1232);
#1231 = CARTESIAN_POINT('',(-6.,-25.275,-3.725));
#1232 = VECTOR('',#1233,1.);
#1233 = DIRECTION('',(0.,-0.707106781187,-0.707106781187));
#1234 = ORIENTED_EDGE('',*,*,#253,.T.);
#1235 = ORIENTED_EDGE('',*,*,#1196,.T.);
#1236 = ORIENTED_EDGE('',*,*,#1237,.F.);
#1237 = EDGE_CURVE('',#1228,#1170,#1238,.T.);
#1238 = LINE('',#1239,#1240);
#1239 = CARTESIAN_POINT('',(-6.,-23.,-1.45));
#1240 = VECTOR('',#1241,1.);
#1241 = DIRECTION('',(-1.,0.,0.));
#1242 = PLANE('',#1243);
#1243 = AXIS2_PLACEMENT_3D('',#1244,#1245,#1246);
#1244 = CARTESIAN_POINT('',(-6.,-22.275,-0.725));
#1245 = DIRECTION('',(0.,0.707106781187,-0.707106781187));
#1246 = DIRECTION('',(1.,0.,0.));
#1247 = ADVANCED_FACE('',(#1248),#1276,.T.);
#1248 = FACE_BOUND('',#1249,.T.);
#1249 = EDGE_LOOP('',(#1250,#1258,#1259,#1260,#1261,#1262,#1270));
#1250 = ORIENTED_EDGE('',*,*,#1251,.F.);
#1251 = EDGE_CURVE('',#1228,#1252,#1254,.T.);
#1252 = VERTEX_POINT('',#1253);
#1253 = CARTESIAN_POINT('',(-6.,-23.,-1.5));
#1254 = LINE('',#1255,#1256);
#1255 = CARTESIAN_POINT('',(-6.,-23.,0.));
#1256 = VECTOR('',#1257,1.);
#1257 = DIRECTION('',(-0.,-0.,-1.));
#1258 = ORIENTED_EDGE('',*,*,#1227,.F.);
#1259 = ORIENTED_EDGE('',*,*,#261,.F.);
#1260 = ORIENTED_EDGE('',*,*,#1212,.F.);
#1261 = ORIENTED_EDGE('',*,*,#482,.T.);
#1262 = ORIENTED_EDGE('',*,*,#1263,.T.);
#1263 = EDGE_CURVE('',#475,#1264,#1266,.T.);
#1264 = VERTEX_POINT('',#1265);
#1265 = CARTESIAN_POINT('',(-6.,-34.,-1.5));
#1266 = LINE('',#1267,#1268);
#1267 = CARTESIAN_POINT('',(-6.,-34.125,-1.625));
#1268 = VECTOR('',#1269,1.);
#1269 = DIRECTION('',(0.,0.707106781187,0.707106781187));
#1270 = ORIENTED_EDGE('',*,*,#1271,.T.);
#1271 = EDGE_CURVE('',#1264,#1252,#1272,.T.);
#1272 = LINE('',#1273,#1274);
#1273 = CARTESIAN_POINT('',(-6.,-35.,-1.5));
#1274 = VECTOR('',#1275,1.);
#1275 = DIRECTION('',(0.,1.,0.));
#1276 = PLANE('',#1277);
#1277 = AXIS2_PLACEMENT_3D('',#1278,#1279,#1280);
#1278 = CARTESIAN_POINT('',(-6.,-35.,0.));
#1279 = DIRECTION('',(1.,0.,0.));
#1280 = DIRECTION('',(0.,1.,0.));
#1281 = ADVANCED_FACE('',(#1282),#1309,.T.);
#1282 = FACE_BOUND('',#1283,.T.);
#1283 = EDGE_LOOP('',(#1284,#1292,#1293,#1300,#1301,#1302));
#1284 = ORIENTED_EDGE('',*,*,#1285,.F.);
#1285 = EDGE_CURVE('',#319,#1286,#1288,.T.);
#1286 = VERTEX_POINT('',#1287);
#1287 = CARTESIAN_POINT('',(13.9,-2.312039448782E-15,-20.825));
#1288 = LINE('',#1289,#1290);
#1289 = CARTESIAN_POINT('',(13.9,0.,0.));
#1290 = VECTOR('',#1291,1.);
#1291 = DIRECTION('',(-0.,-0.,-1.));
#1292 = ORIENTED_EDGE('',*,*,#329,.F.);
#1293 = ORIENTED_EDGE('',*,*,#1294,.F.);
#1294 = EDGE_CURVE('',#321,#330,#1295,.T.);
#1295 = CIRCLE('',#1296,13.9);
#1296 = AXIS2_PLACEMENT_3D('',#1297,#1298,#1299);
#1297 = CARTESIAN_POINT('',(0.,0.,0.));
#1298 = DIRECTION('',(0.,0.,1.));
#1299 = DIRECTION('',(1.,0.,0.));
#1300 = ORIENTED_EDGE('',*,*,#318,.F.);
#1301 = ORIENTED_EDGE('',*,*,#1285,.T.);
#1302 = ORIENTED_EDGE('',*,*,#1303,.T.);
#1303 = EDGE_CURVE('',#1286,#1286,#1304,.T.);
#1304 = CIRCLE('',#1305,13.9);
#1305 = AXIS2_PLACEMENT_3D('',#1306,#1307,#1308);
#1306 = CARTESIAN_POINT('',(0.,-4.624078897564E-15,-20.825));
#1307 = DIRECTION('',(-0.,2.22044604925E-16,1.));
#1308 = DIRECTION('',(0.,-1.,2.22044604925E-16));
#1309 = CYLINDRICAL_SURFACE('',#1310,13.9);
#1310 = AXIS2_PLACEMENT_3D('',#1311,#1312,#1313);
#1311 = CARTESIAN_POINT('',(0.,0.,0.));
#1312 = DIRECTION('',(0.,0.,1.));
#1313 = DIRECTION('',(1.,0.,0.));
#1314 = ADVANCED_FACE('',(#1315),#1348,.F.);
#1315 = FACE_BOUND('',#1316,.F.);
#1316 = EDGE_LOOP('',(#1317,#1327,#1335,#1341,#1342));
#1317 = ORIENTED_EDGE('',*,*,#1318,.T.);
#1318 = EDGE_CURVE('',#1319,#1321,#1323,.T.);
#1319 = VERTEX_POINT('',#1320);
#1320 = CARTESIAN_POINT('',(-0.241563091153,-16.666914,0.5));
#1321 = VERTEX_POINT('',#1322);
#1322 = CARTESIAN_POINT('',(-0.241563091153,-13.866914,0.5));
#1323 = LINE('',#1324,#1325);
#1324 = CARTESIAN_POINT('',(-0.241563091153,-14.691914,0.5));
#1325 = VECTOR('',#1326,1.);
#1326 = DIRECTION('',(0.,1.,0.));
#1327 = ORIENTED_EDGE('',*,*,#1328,.T.);
#1328 = EDGE_CURVE('',#1321,#1329,#1331,.T.);
#1329 = VERTEX_POINT('',#1330);
#1330 = CARTESIAN_POINT('',(-0.241563091153,-13.866914,0.));
#1331 = LINE('',#1332,#1333);
#1332 = CARTESIAN_POINT('',(-0.241563091153,-13.866914,4.));
#1333 = VECTOR('',#1334,1.);
#1334 = DIRECTION('',(-0.,-0.,-1.));
#1335 = ORIENTED_EDGE('',*,*,#1336,.F.);
#1336 = EDGE_CURVE('',#321,#1329,#1337,.T.);
#1337 = LINE('',#1338,#1339);
#1338 = CARTESIAN_POINT('',(-0.241563091153,-14.78551820755,0.));
#1339 = VECTOR('',#1340,1.);
#1340 = DIRECTION('',(0.,1.,0.));
#1341 = ORIENTED_EDGE('',*,*,#354,.F.);
#1342 = ORIENTED_EDGE('',*,*,#1343,.F.);
#1343 = EDGE_CURVE('',#1319,#347,#1344,.T.);
#1344 = LINE('',#1345,#1346);
#1345 = CARTESIAN_POINT('',(-0.241563091153,-16.666914,4.));
#1346 = VECTOR('',#1347,1.);
#1347 = DIRECTION('',(-0.,-0.,-1.));
#1348 = PLANE('',#1349);
#1349 = AXIS2_PLACEMENT_3D('',#1350,#1351,#1352);
#1350 = CARTESIAN_POINT('',(-0.241563091153,-13.866914,4.));
#1351 = DIRECTION('',(-1.,0.,0.));
#1352 = DIRECTION('',(0.,-1.,0.));
#1353 = ADVANCED_FACE('',(#1354),#1372,.F.);
#1354 = FACE_BOUND('',#1355,.F.);
#1355 = EDGE_LOOP('',(#1356,#1364,#1365,#1366));
#1356 = ORIENTED_EDGE('',*,*,#1357,.T.);
#1357 = EDGE_CURVE('',#1358,#1319,#1360,.T.);
#1358 = VERTEX_POINT('',#1359);
#1359 = CARTESIAN_POINT('',(0.458436908847,-16.666914,0.5));
#1360 = LINE('',#1361,#1362);
#1361 = CARTESIAN_POINT('',(-4.217912820996E-02,-16.666914,0.5));
#1362 = VECTOR('',#1363,1.);
#1363 = DIRECTION('',(-1.,0.,0.));
#1364 = ORIENTED_EDGE('',*,*,#1343,.T.);
#1365 = ORIENTED_EDGE('',*,*,#346,.F.);
#1366 = ORIENTED_EDGE('',*,*,#1367,.F.);
#1367 = EDGE_CURVE('',#1358,#339,#1368,.T.);
#1368 = LINE('',#1369,#1370);
#1369 = CARTESIAN_POINT('',(0.458436908847,-16.666914,4.));
#1370 = VECTOR('',#1371,1.);
#1371 = DIRECTION('',(-0.,-0.,-1.));
#1372 = PLANE('',#1373);
#1373 = AXIS2_PLACEMENT_3D('',#1374,#1375,#1376);
#1374 = CARTESIAN_POINT('',(-0.241563091153,-16.666914,4.));
#1375 = DIRECTION('',(0.,-1.,0.));
#1376 = DIRECTION('',(1.,0.,0.));
#1377 = ADVANCED_FACE('',(#1378),#1404,.T.);
#1378 = FACE_BOUND('',#1379,.T.);
#1379 = EDGE_LOOP('',(#1380,#1388,#1396,#1402,#1403));
#1380 = ORIENTED_EDGE('',*,*,#1381,.T.);
#1381 = EDGE_CURVE('',#1358,#1382,#1384,.T.);
#1382 = VERTEX_POINT('',#1383);
#1383 = CARTESIAN_POINT('',(0.458436908847,-13.866914,0.5));
#1384 = LINE('',#1385,#1386);
#1385 = CARTESIAN_POINT('',(0.458436908847,-14.691914,0.5));
#1386 = VECTOR('',#1387,1.);
#1387 = DIRECTION('',(0.,1.,0.));
#1388 = ORIENTED_EDGE('',*,*,#1389,.T.);
#1389 = EDGE_CURVE('',#1382,#1390,#1392,.T.);
#1390 = VERTEX_POINT('',#1391);
#1391 = CARTESIAN_POINT('',(0.458436908847,-13.866914,0.));
#1392 = LINE('',#1393,#1394);
#1393 = CARTESIAN_POINT('',(0.458436908847,-13.866914,4.));
#1394 = VECTOR('',#1395,1.);
#1395 = DIRECTION('',(-0.,-0.,-1.));
#1396 = ORIENTED_EDGE('',*,*,#1397,.F.);
#1397 = EDGE_CURVE('',#330,#1390,#1398,.T.);
#1398 = LINE('',#1399,#1400);
#1399 = CARTESIAN_POINT('',(0.458436908847,-14.78551820755,0.));
#1400 = VECTOR('',#1401,1.);
#1401 = DIRECTION('',(0.,1.,0.));
#1402 = ORIENTED_EDGE('',*,*,#338,.F.);
#1403 = ORIENTED_EDGE('',*,*,#1367,.F.);
#1404 = PLANE('',#1405);
#1405 = AXIS2_PLACEMENT_3D('',#1406,#1407,#1408);
#1406 = CARTESIAN_POINT('',(0.458436908847,-13.866914,4.));
#1407 = DIRECTION('',(-1.,0.,0.));
#1408 = DIRECTION('',(0.,-1.,0.));
#1409 = ADVANCED_FACE('',(#1410,#1429),#1483,.T.);
#1410 = FACE_BOUND('',#1411,.T.);
#1411 = EDGE_LOOP('',(#1412,#1420,#1421,#1422));
#1412 = ORIENTED_EDGE('',*,*,#1413,.T.);
#1413 = EDGE_CURVE('',#1414,#425,#1416,.T.);
#1414 = VERTEX_POINT('',#1415);
#1415 = CARTESIAN_POINT('',(12.,-42.,-25.));
#1416 = LINE('',#1417,#1418);
#1417 = CARTESIAN_POINT('',(12.,-42.,-25.));
#1418 = VECTOR('',#1419,1.);
#1419 = DIRECTION('',(0.,1.,-2.22044604925E-16));
#1420 = ORIENTED_EDGE('',*,*,#424,.T.);
#1421 = ORIENTED_EDGE('',*,*,#744,.F.);
#1422 = ORIENTED_EDGE('',*,*,#1423,.F.);
#1423 = EDGE_CURVE('',#1414,#737,#1424,.T.);
#1424 = CIRCLE('',#1425,4.);
#1425 = AXIS2_PLACEMENT_3D('',#1426,#1427,#1428);
#1426 = CARTESIAN_POINT('',(16.,-42.,-25.));
#1427 = DIRECTION('',(0.,-1.,2.22044604925E-16));
#1428 = DIRECTION('',(1.,0.,0.));
#1429 = FACE_BOUND('',#1430,.T.);
#1430 = EDGE_LOOP('',(#1431,#1442,#1450,#1459,#1468,#1476));
#1431 = ORIENTED_EDGE('',*,*,#1432,.F.);
#1432 = EDGE_CURVE('',#1433,#1435,#1437,.T.);
#1433 = VERTEX_POINT('',#1434);
#1434 = CARTESIAN_POINT('',(13.354248688935,-39.,-28.));
#1435 = VERTEX_POINT('',#1436);
#1436 = CARTESIAN_POINT('',(16.,-39.,-29.));
#1437 = CIRCLE('',#1438,4.);
#1438 = AXIS2_PLACEMENT_3D('',#1439,#1440,#1441);
#1439 = CARTESIAN_POINT('',(16.,-39.,-25.));
#1440 = DIRECTION('',(0.,-1.,2.22044604925E-16));
#1441 = DIRECTION('',(1.,0.,0.));
#1442 = ORIENTED_EDGE('',*,*,#1443,.T.);
#1443 = EDGE_CURVE('',#1433,#1444,#1446,.T.);
#1444 = VERTEX_POINT('',#1445);
#1445 = CARTESIAN_POINT('',(13.354248688935,-40.,-28.));
#1446 = LINE('',#1447,#1448);
#1447 = CARTESIAN_POINT('',(13.354248688935,-42.,-28.));
#1448 = VECTOR('',#1449,1.);
#1449 = DIRECTION('',(0.,-1.,2.22044604925E-16));
#1450 = ORIENTED_EDGE('',*,*,#1451,.T.);
#1451 = EDGE_CURVE('',#1444,#1452,#1454,.T.);
#1452 = VERTEX_POINT('',#1453);
#1453 = CARTESIAN_POINT('',(16.,-40.,-29.));
#1454 = CIRCLE('',#1455,4.);
#1455 = AXIS2_PLACEMENT_3D('',#1456,#1457,#1458);
#1456 = CARTESIAN_POINT('',(16.,-40.,-25.));
#1457 = DIRECTION('',(0.,-1.,2.22044604925E-16));
#1458 = DIRECTION('',(1.,0.,0.));
#1459 = ORIENTED_EDGE('',*,*,#1460,.T.);
#1460 = EDGE_CURVE('',#1452,#1461,#1463,.T.);
#1461 = VERTEX_POINT('',#1462);
#1462 = CARTESIAN_POINT('',(18.645751311065,-40.,-28.));
#1463 = CIRCLE('',#1464,4.);
#1464 = AXIS2_PLACEMENT_3D('',#1465,#1466,#1467);
#1465 = CARTESIAN_POINT('',(16.,-40.,-25.));
#1466 = DIRECTION('',(0.,-1.,2.22044604925E-16));
#1467 = DIRECTION('',(1.,0.,0.));
#1468 = ORIENTED_EDGE('',*,*,#1469,.F.);
#1469 = EDGE_CURVE('',#1470,#1461,#1472,.T.);
#1470 = VERTEX_POINT('',#1471);
#1471 = CARTESIAN_POINT('',(18.645751311065,-39.,-28.));
#1472 = LINE('',#1473,#1474);
#1473 = CARTESIAN_POINT('',(18.645751311065,-42.,-28.));
#1474 = VECTOR('',#1475,1.);
#1475 = DIRECTION('',(0.,-1.,2.22044604925E-16));
#1476 = ORIENTED_EDGE('',*,*,#1477,.F.);
#1477 = EDGE_CURVE('',#1435,#1470,#1478,.T.);
#1478 = CIRCLE('',#1479,4.);
#1479 = AXIS2_PLACEMENT_3D('',#1480,#1481,#1482);
#1480 = CARTESIAN_POINT('',(16.,-39.,-25.));
#1481 = DIRECTION('',(0.,-1.,2.22044604925E-16));
#1482 = DIRECTION('',(1.,0.,0.));
#1483 = CYLINDRICAL_SURFACE('',#1484,4.);
#1484 = AXIS2_PLACEMENT_3D('',#1485,#1486,#1487);
#1485 = CARTESIAN_POINT('',(16.,-42.,-25.));
#1486 = DIRECTION('',(0.,-1.,2.22044604925E-16));
#1487 = DIRECTION('',(1.,0.,0.));
#1488 = ADVANCED_FACE('',(#1489),#1507,.T.);
#1489 = FACE_BOUND('',#1490,.T.);
#1490 = EDGE_LOOP('',(#1491,#1499,#1500,#1501));
#1491 = ORIENTED_EDGE('',*,*,#1492,.T.);
#1492 = EDGE_CURVE('',#1493,#434,#1495,.T.);
#1493 = VERTEX_POINT('',#1494);
#1494 = CARTESIAN_POINT('',(-12.,-42.,-25.));
#1495 = LINE('',#1496,#1497);
#1496 = CARTESIAN_POINT('',(-12.,-42.,-25.));
#1497 = VECTOR('',#1498,1.);
#1498 = DIRECTION('',(0.,1.,-2.22044604925E-16));
#1499 = ORIENTED_EDGE('',*,*,#433,.T.);
#1500 = ORIENTED_EDGE('',*,*,#1413,.F.);
#1501 = ORIENTED_EDGE('',*,*,#1502,.F.);
#1502 = EDGE_CURVE('',#1493,#1414,#1503,.T.);
#1503 = LINE('',#1504,#1505);
#1504 = CARTESIAN_POINT('',(-12.,-42.,-25.));
#1505 = VECTOR('',#1506,1.);
#1506 = DIRECTION('',(1.,0.,0.));
#1507 = PLANE('',#1508);
#1508 = AXIS2_PLACEMENT_3D('',#1509,#1510,#1511);
#1509 = CARTESIAN_POINT('',(-12.,-42.,-25.));
#1510 = DIRECTION('',(0.,-2.22044604925E-16,-1.));
#1511 = DIRECTION('',(1.,0.,0.));
#1512 = ADVANCED_FACE('',(#1513,#1525),#1579,.T.);
#1513 = FACE_BOUND('',#1514,.T.);
#1514 = EDGE_LOOP('',(#1515,#1516,#1517,#1518));
#1515 = ORIENTED_EDGE('',*,*,#897,.T.);
#1516 = ORIENTED_EDGE('',*,*,#441,.T.);
#1517 = ORIENTED_EDGE('',*,*,#1492,.F.);
#1518 = ORIENTED_EDGE('',*,*,#1519,.F.);
#1519 = EDGE_CURVE('',#898,#1493,#1520,.T.);
#1520 = CIRCLE('',#1521,4.);
#1521 = AXIS2_PLACEMENT_3D('',#1522,#1523,#1524);
#1522 = CARTESIAN_POINT('',(-16.,-42.,-25.));
#1523 = DIRECTION('',(0.,-1.,2.22044604925E-16));
#1524 = DIRECTION('',(1.,0.,0.));
#1525 = FACE_BOUND('',#1526,.T.);
#1526 = EDGE_LOOP('',(#1527,#1538,#1546,#1555,#1564,#1572));
#1527 = ORIENTED_EDGE('',*,*,#1528,.F.);
#1528 = EDGE_CURVE('',#1529,#1531,#1533,.T.);
#1529 = VERTEX_POINT('',#1530);
#1530 = CARTESIAN_POINT('',(-18.64575131106,-39.,-28.));
#1531 = VERTEX_POINT('',#1532);
#1532 = CARTESIAN_POINT('',(-16.,-39.,-29.));
#1533 = CIRCLE('',#1534,4.);
#1534 = AXIS2_PLACEMENT_3D('',#1535,#1536,#1537);
#1535 = CARTESIAN_POINT('',(-16.,-39.,-25.));
#1536 = DIRECTION('',(0.,-1.,2.22044604925E-16));
#1537 = DIRECTION('',(1.,0.,0.));
#1538 = ORIENTED_EDGE('',*,*,#1539,.T.);
#1539 = EDGE_CURVE('',#1529,#1540,#1542,.T.);
#1540 = VERTEX_POINT('',#1541);
#1541 = CARTESIAN_POINT('',(-18.64575131106,-40.,-28.));
#1542 = LINE('',#1543,#1544);
#1543 = CARTESIAN_POINT('',(-18.64575131106,-42.,-28.));
#1544 = VECTOR('',#1545,1.);
#1545 = DIRECTION('',(0.,-1.,2.22044604925E-16));
#1546 = ORIENTED_EDGE('',*,*,#1547,.T.);
#1547 = EDGE_CURVE('',#1540,#1548,#1550,.T.);
#1548 = VERTEX_POINT('',#1549);
#1549 = CARTESIAN_POINT('',(-16.,-40.,-29.));
#1550 = CIRCLE('',#1551,4.);
#1551 = AXIS2_PLACEMENT_3D('',#1552,#1553,#1554);
#1552 = CARTESIAN_POINT('',(-16.,-40.,-25.));
#1553 = DIRECTION('',(0.,-1.,2.22044604925E-16));
#1554 = DIRECTION('',(1.,0.,0.));
#1555 = ORIENTED_EDGE('',*,*,#1556,.T.);
#1556 = EDGE_CURVE('',#1548,#1557,#1559,.T.);
#1557 = VERTEX_POINT('',#1558);
#1558 = CARTESIAN_POINT('',(-13.35424868893,-40.,-28.));
#1559 = CIRCLE('',#1560,4.);
#1560 = AXIS2_PLACEMENT_3D('',#1561,#1562,#1563);
#1561 = CARTESIAN_POINT('',(-16.,-40.,-25.));
#1562 = DIRECTION('',(0.,-1.,2.22044604925E-16));
#1563 = DIRECTION('',(1.,0.,0.));
#1564 = ORIENTED_EDGE('',*,*,#1565,.F.);
#1565 = EDGE_CURVE('',#1566,#1557,#1568,.T.);
#1566 = VERTEX_POINT('',#1567);
#1567 = CARTESIAN_POINT('',(-13.35424868893,-39.,-28.));
#1568 = LINE('',#1569,#1570);
#1569 = CARTESIAN_POINT('',(-13.35424868893,-42.,-28.));
#1570 = VECTOR('',#1571,1.);
#1571 = DIRECTION('',(0.,-1.,2.22044604925E-16));
#1572 = ORIENTED_EDGE('',*,*,#1573,.F.);
#1573 = EDGE_CURVE('',#1531,#1566,#1574,.T.);
#1574 = CIRCLE('',#1575,4.);
#1575 = AXIS2_PLACEMENT_3D('',#1576,#1577,#1578);
#1576 = CARTESIAN_POINT('',(-16.,-39.,-25.));
#1577 = DIRECTION('',(0.,-1.,2.22044604925E-16));
#1578 = DIRECTION('',(1.,0.,0.));
#1579 = CYLINDRICAL_SURFACE('',#1580,4.);
#1580 = AXIS2_PLACEMENT_3D('',#1581,#1582,#1583);
#1581 = CARTESIAN_POINT('',(-16.,-42.,-25.));
#1582 = DIRECTION('',(0.,-1.,2.22044604925E-16));
#1583 = DIRECTION('',(1.,0.,0.));
#1584 = ADVANCED_FACE('',(#1585),#1596,.T.);
#1585 = FACE_BOUND('',#1586,.F.);
#1586 = EDGE_LOOP('',(#1587,#1588,#1589,#1590));
#1587 = ORIENTED_EDGE('',*,*,#1187,.F.);
#1588 = ORIENTED_EDGE('',*,*,#474,.T.);
#1589 = ORIENTED_EDGE('',*,*,#1263,.T.);
#1590 = ORIENTED_EDGE('',*,*,#1591,.F.);
#1591 = EDGE_CURVE('',#1180,#1264,#1592,.T.);
#1592 = LINE('',#1593,#1594);
#1593 = CARTESIAN_POINT('',(-9.,-34.,-1.5));
#1594 = VECTOR('',#1595,1.);
#1595 = DIRECTION('',(1.,0.,0.));
#1596 = PLANE('',#1597);
#1597 = AXIS2_PLACEMENT_3D('',#1598,#1599,#1600);
#1598 = CARTESIAN_POINT('',(-9.,-34.5,-2.));
#1599 = DIRECTION('',(0.,0.707106781187,-0.707106781187));
#1600 = DIRECTION('',(-1.,-0.,-0.));
#1601 = ADVANCED_FACE('',(#1602),#1613,.T.);
#1602 = FACE_BOUND('',#1603,.F.);
#1603 = EDGE_LOOP('',(#1604,#1605,#1606,#1607));
#1604 = ORIENTED_EDGE('',*,*,#1146,.F.);
#1605 = ORIENTED_EDGE('',*,*,#506,.T.);
#1606 = ORIENTED_EDGE('',*,*,#843,.T.);
#1607 = ORIENTED_EDGE('',*,*,#1608,.F.);
#1608 = EDGE_CURVE('',#1139,#844,#1609,.T.);
#1609 = LINE('',#1610,#1611);
#1610 = CARTESIAN_POINT('',(-1.5,-34.,-1.5));
#1611 = VECTOR('',#1612,1.);
#1612 = DIRECTION('',(1.,0.,0.));
#1613 = PLANE('',#1614);
#1614 = AXIS2_PLACEMENT_3D('',#1615,#1616,#1617);
#1615 = CARTESIAN_POINT('',(-1.5,-34.5,-2.));
#1616 = DIRECTION('',(0.,0.707106781187,-0.707106781187));
#1617 = DIRECTION('',(-1.,-0.,-0.));
#1618 = ADVANCED_FACE('',(#1619),#1638,.F.);
#1619 = FACE_BOUND('',#1620,.F.);
#1620 = EDGE_LOOP('',(#1621,#1629,#1636,#1637));
#1621 = ORIENTED_EDGE('',*,*,#1622,.T.);
#1622 = EDGE_CURVE('',#542,#1623,#1625,.T.);
#1623 = VERTEX_POINT('',#1624);
#1624 = CARTESIAN_POINT('',(-18.95,-37.,-25.));
#1625 = LINE('',#1626,#1627);
#1626 = CARTESIAN_POINT('',(-18.95,-35.,-25.));
#1627 = VECTOR('',#1628,1.);
#1628 = DIRECTION('',(0.,-1.,2.22044604925E-16));
#1629 = ORIENTED_EDGE('',*,*,#1630,.T.);
#1630 = EDGE_CURVE('',#1623,#1623,#1631,.T.);
#1631 = CIRCLE('',#1632,2.95);
#1632 = AXIS2_PLACEMENT_3D('',#1633,#1634,#1635);
#1633 = CARTESIAN_POINT('',(-16.,-37.,-25.));
#1634 = DIRECTION('',(0.,1.,-2.22044604925E-16));
#1635 = DIRECTION('',(-1.,0.,0.));
#1636 = ORIENTED_EDGE('',*,*,#1622,.F.);
#1637 = ORIENTED_EDGE('',*,*,#541,.F.);
#1638 = CYLINDRICAL_SURFACE('',#1639,2.95);
#1639 = AXIS2_PLACEMENT_3D('',#1640,#1641,#1642);
#1640 = CARTESIAN_POINT('',(-16.,-35.,-25.));
#1641 = DIRECTION('',(0.,1.,-2.22044604925E-16));
#1642 = DIRECTION('',(-1.,0.,0.));
#1643 = ADVANCED_FACE('',(#1644),#1663,.F.);
#1644 = FACE_BOUND('',#1645,.F.);
#1645 = EDGE_LOOP('',(#1646,#1654,#1661,#1662));
#1646 = ORIENTED_EDGE('',*,*,#1647,.T.);
#1647 = EDGE_CURVE('',#553,#1648,#1650,.T.);
#1648 = VERTEX_POINT('',#1649);
#1649 = CARTESIAN_POINT('',(13.05,-37.,-25.));
#1650 = LINE('',#1651,#1652);
#1651 = CARTESIAN_POINT('',(13.05,-35.,-25.));
#1652 = VECTOR('',#1653,1.);
#1653 = DIRECTION('',(0.,-1.,2.22044604925E-16));
#1654 = ORIENTED_EDGE('',*,*,#1655,.T.);
#1655 = EDGE_CURVE('',#1648,#1648,#1656,.T.);
#1656 = CIRCLE('',#1657,2.95);
#1657 = AXIS2_PLACEMENT_3D('',#1658,#1659,#1660);
#1658 = CARTESIAN_POINT('',(16.,-37.,-25.));
#1659 = DIRECTION('',(0.,1.,-2.22044604925E-16));
#1660 = DIRECTION('',(-1.,0.,0.));
#1661 = ORIENTED_EDGE('',*,*,#1647,.F.);
#1662 = ORIENTED_EDGE('',*,*,#552,.F.);
#1663 = CYLINDRICAL_SURFACE('',#1664,2.95);
#1664 = AXIS2_PLACEMENT_3D('',#1665,#1666,#1667);
#1665 = CARTESIAN_POINT('',(16.,-35.,-25.));
#1666 = DIRECTION('',(0.,1.,-2.22044604925E-16));
#1667 = DIRECTION('',(-1.,0.,0.));
#1668 = ADVANCED_FACE('',(#1669,#1682,#1693),#1704,.T.);
#1669 = FACE_BOUND('',#1670,.T.);
#1670 = EDGE_LOOP('',(#1671,#1672,#1673,#1674,#1675,#1676));
#1671 = ORIENTED_EDGE('',*,*,#905,.F.);
#1672 = ORIENTED_EDGE('',*,*,#1519,.T.);
#1673 = ORIENTED_EDGE('',*,*,#1502,.T.);
#1674 = ORIENTED_EDGE('',*,*,#1423,.T.);
#1675 = ORIENTED_EDGE('',*,*,#736,.T.);
#1676 = ORIENTED_EDGE('',*,*,#1677,.F.);
#1677 = EDGE_CURVE('',#906,#729,#1678,.T.);
#1678 = LINE('',#1679,#1680);
#1679 = CARTESIAN_POINT('',(-20.,-42.,-17.));
#1680 = VECTOR('',#1681,1.);
#1681 = DIRECTION('',(1.,0.,0.));
#1682 = FACE_BOUND('',#1683,.T.);
#1683 = EDGE_LOOP('',(#1684));
#1684 = ORIENTED_EDGE('',*,*,#1685,.F.);
#1685 = EDGE_CURVE('',#1686,#1686,#1688,.T.);
#1686 = VERTEX_POINT('',#1687);
#1687 = CARTESIAN_POINT('',(-14.4,-42.,-25.));
#1688 = CIRCLE('',#1689,1.6);
#1689 = AXIS2_PLACEMENT_3D('',#1690,#1691,#1692);
#1690 = CARTESIAN_POINT('',(-16.,-42.,-25.));
#1691 = DIRECTION('',(0.,-1.,2.22044604925E-16));
#1692 = DIRECTION('',(1.,0.,0.));
#1693 = FACE_BOUND('',#1694,.T.);
#1694 = EDGE_LOOP('',(#1695));
#1695 = ORIENTED_EDGE('',*,*,#1696,.F.);
#1696 = EDGE_CURVE('',#1697,#1697,#1699,.T.);
#1697 = VERTEX_POINT('',#1698);
#1698 = CARTESIAN_POINT('',(17.6,-42.,-25.));
#1699 = CIRCLE('',#1700,1.6);
#1700 = AXIS2_PLACEMENT_3D('',#1701,#1702,#1703);
#1701 = CARTESIAN_POINT('',(16.,-42.,-25.));
#1702 = DIRECTION('',(0.,-1.,2.22044604925E-16));
#1703 = DIRECTION('',(1.,0.,0.));
#1704 = PLANE('',#1705);
#1705 = AXIS2_PLACEMENT_3D('',#1706,#1707,#1708);
#1706 = CARTESIAN_POINT('',(0.,-42.,-11.6741481222));
#1707 = DIRECTION('',(0.,-1.,2.485456641672E-16));
#1708 = DIRECTION('',(0.,-2.485456641672E-16,-1.));
#1709 = ADVANCED_FACE('',(#1710),#1721,.F.);
#1710 = FACE_BOUND('',#1711,.F.);
#1711 = EDGE_LOOP('',(#1712,#1713,#1714,#1720));
#1712 = ORIENTED_EDGE('',*,*,#1677,.F.);
#1713 = ORIENTED_EDGE('',*,*,#913,.T.);
#1714 = ORIENTED_EDGE('',*,*,#1715,.F.);
#1715 = EDGE_CURVE('',#721,#914,#1716,.T.);
#1716 = LINE('',#1717,#1718);
#1717 = CARTESIAN_POINT('',(1.7763568394E-15,-38.5,-17.));
#1718 = VECTOR('',#1719,1.);
#1719 = DIRECTION('',(-1.,0.,0.));
#1720 = ORIENTED_EDGE('',*,*,#728,.F.);
#1721 = PLANE('',#1722);
#1722 = AXIS2_PLACEMENT_3D('',#1723,#1724,#1725);
#1723 = CARTESIAN_POINT('',(-20.,-42.,-17.));
#1724 = DIRECTION('',(0.,-2.22044604925E-16,-1.));
#1725 = DIRECTION('',(1.,0.,0.));
#1726 = ADVANCED_FACE('',(#1727),#1738,.F.);
#1727 = FACE_BOUND('',#1728,.F.);
#1728 = EDGE_LOOP('',(#1729,#1730,#1731,#1732));
#1729 = ORIENTED_EDGE('',*,*,#720,.F.);
#1730 = ORIENTED_EDGE('',*,*,#1715,.T.);
#1731 = ORIENTED_EDGE('',*,*,#921,.F.);
#1732 = ORIENTED_EDGE('',*,*,#1733,.F.);
#1733 = EDGE_CURVE('',#713,#922,#1734,.T.);
#1734 = LINE('',#1735,#1736);
#1735 = CARTESIAN_POINT('',(20.,-38.5,-17.5));
#1736 = VECTOR('',#1737,1.);
#1737 = DIRECTION('',(-1.,-0.,-0.));
#1738 = PLANE('',#1739);
#1739 = AXIS2_PLACEMENT_3D('',#1740,#1741,#1742);
#1740 = CARTESIAN_POINT('',(20.,-38.5,0.5));
#1741 = DIRECTION('',(0.,-1.,0.));
#1742 = DIRECTION('',(0.,0.,-1.));
#1743 = ADVANCED_FACE('',(#1744),#1755,.F.);
#1744 = FACE_BOUND('',#1745,.F.);
#1745 = EDGE_LOOP('',(#1746,#1747,#1748,#1749));
#1746 = ORIENTED_EDGE('',*,*,#712,.F.);
#1747 = ORIENTED_EDGE('',*,*,#1733,.T.);
#1748 = ORIENTED_EDGE('',*,*,#929,.F.);
#1749 = ORIENTED_EDGE('',*,*,#1750,.F.);
#1750 = EDGE_CURVE('',#705,#930,#1751,.T.);
#1751 = LINE('',#1752,#1753);
#1752 = CARTESIAN_POINT('',(20.,-36.9,-17.5));
#1753 = VECTOR('',#1754,1.);
#1754 = DIRECTION('',(-1.,-0.,-0.));
#1755 = PLANE('',#1756);
#1756 = AXIS2_PLACEMENT_3D('',#1757,#1758,#1759);
#1757 = CARTESIAN_POINT('',(20.,-38.5,-17.5));
#1758 = DIRECTION('',(0.,0.,-1.));
#1759 = DIRECTION('',(0.,1.,0.));
#1760 = ADVANCED_FACE('',(#1761),#1772,.F.);
#1761 = FACE_BOUND('',#1762,.F.);
#1762 = EDGE_LOOP('',(#1763,#1764,#1765,#1766));
#1763 = ORIENTED_EDGE('',*,*,#704,.F.);
#1764 = ORIENTED_EDGE('',*,*,#1750,.T.);
#1765 = ORIENTED_EDGE('',*,*,#937,.F.);
#1766 = ORIENTED_EDGE('',*,*,#1767,.T.);
#1767 = EDGE_CURVE('',#938,#697,#1768,.T.);
#1768 = LINE('',#1769,#1770);
#1769 = CARTESIAN_POINT('',(1.7763568394E-15,-36.9,-17.));
#1770 = VECTOR('',#1771,1.);
#1771 = DIRECTION('',(1.,0.,0.));
#1772 = PLANE('',#1773);
#1773 = AXIS2_PLACEMENT_3D('',#1774,#1775,#1776);
#1774 = CARTESIAN_POINT('',(20.,-36.9,-17.5));
#1775 = DIRECTION('',(0.,1.,0.));
#1776 = DIRECTION('',(0.,0.,1.));
#1777 = ADVANCED_FACE('',(#1778),#1789,.F.);
#1778 = FACE_BOUND('',#1779,.F.);
#1779 = EDGE_LOOP('',(#1780,#1781,#1782,#1788));
#1780 = ORIENTED_EDGE('',*,*,#1767,.F.);
#1781 = ORIENTED_EDGE('',*,*,#945,.T.);
#1782 = ORIENTED_EDGE('',*,*,#1783,.T.);
#1783 = EDGE_CURVE('',#946,#689,#1784,.T.);
#1784 = LINE('',#1785,#1786);
#1785 = CARTESIAN_POINT('',(-20.,-36.5,-17.));
#1786 = VECTOR('',#1787,1.);
#1787 = DIRECTION('',(1.,0.,0.));
#1788 = ORIENTED_EDGE('',*,*,#696,.F.);
#1789 = PLANE('',#1790);
#1790 = AXIS2_PLACEMENT_3D('',#1791,#1792,#1793);
#1791 = CARTESIAN_POINT('',(-20.,-42.,-17.));
#1792 = DIRECTION('',(0.,-2.22044604925E-16,-1.));
#1793 = DIRECTION('',(1.,0.,0.));
#1794 = ADVANCED_FACE('',(#1795),#1838,.T.);
#1795 = FACE_BOUND('',#1796,.T.);
#1796 = EDGE_LOOP('',(#1797,#1805,#1813,#1821,#1829,#1835,#1836,#1837));
#1797 = ORIENTED_EDGE('',*,*,#1798,.T.);
#1798 = EDGE_CURVE('',#681,#1799,#1801,.T.);
#1799 = VERTEX_POINT('',#1800);
#1800 = CARTESIAN_POINT('',(17.5,-36.5,1.113044488171E-15));
#1801 = LINE('',#1802,#1803);
#1802 = CARTESIAN_POINT('',(20.,-36.5,9.217672567935E-15));
#1803 = VECTOR('',#1804,1.);
#1804 = DIRECTION('',(-1.,0.,0.));
#1805 = ORIENTED_EDGE('',*,*,#1806,.T.);
#1806 = EDGE_CURVE('',#1799,#1807,#1809,.T.);
#1807 = VERTEX_POINT('',#1808);
#1808 = CARTESIAN_POINT('',(17.5,-36.5,1.5));
#1809 = LINE('',#1810,#1811);
#1810 = CARTESIAN_POINT('',(17.5,-36.5,1.113044488171E-15));
#1811 = VECTOR('',#1812,1.);
#1812 = DIRECTION('',(0.,0.,1.));
#1813 = ORIENTED_EDGE('',*,*,#1814,.T.);
#1814 = EDGE_CURVE('',#1807,#1815,#1817,.T.);
#1815 = VERTEX_POINT('',#1816);
#1816 = CARTESIAN_POINT('',(13.5,-36.5,1.5));
#1817 = LINE('',#1818,#1819);
#1818 = CARTESIAN_POINT('',(7.208333333333,-36.5,1.5));
#1819 = VECTOR('',#1820,1.);
#1820 = DIRECTION('',(-1.,0.,0.));
#1821 = ORIENTED_EDGE('',*,*,#1822,.F.);
#1822 = EDGE_CURVE('',#1823,#1815,#1825,.T.);
#1823 = VERTEX_POINT('',#1824);
#1824 = CARTESIAN_POINT('',(13.5,-36.5,1.113044488171E-15));
#1825 = LINE('',#1826,#1827);
#1826 = CARTESIAN_POINT('',(13.5,-36.5,1.113044488171E-15));
#1827 = VECTOR('',#1828,1.);
#1828 = DIRECTION('',(0.,0.,1.));
#1829 = ORIENTED_EDGE('',*,*,#1830,.T.);
#1830 = EDGE_CURVE('',#1823,#954,#1831,.T.);
#1831 = LINE('',#1832,#1833);
#1832 = CARTESIAN_POINT('',(20.,-36.5,9.217672567935E-15));
#1833 = VECTOR('',#1834,1.);
#1834 = DIRECTION('',(-1.,0.,0.));
#1835 = ORIENTED_EDGE('',*,*,#953,.T.);
#1836 = ORIENTED_EDGE('',*,*,#1783,.T.);
#1837 = ORIENTED_EDGE('',*,*,#688,.T.);
#1838 = PLANE('',#1839);
#1839 = AXIS2_PLACEMENT_3D('',#1840,#1841,#1842);
#1840 = CARTESIAN_POINT('',(0.397435897436,-36.5,-8.211538461538));
#1841 = DIRECTION('',(0.,-1.,4.141415595381E-16));
#1842 = DIRECTION('',(0.,-4.141415595381E-16,-1.));
#1843 = ADVANCED_FACE('',(#1844),#1862,.F.);
#1844 = FACE_BOUND('',#1845,.F.);
#1845 = EDGE_LOOP('',(#1846,#1854,#1855,#1856));
#1846 = ORIENTED_EDGE('',*,*,#1847,.F.);
#1847 = EDGE_CURVE('',#673,#1848,#1850,.T.);
#1848 = VERTEX_POINT('',#1849);
#1849 = CARTESIAN_POINT('',(17.5,-36.9,1.113044488171E-15));
#1850 = LINE('',#1851,#1852);
#1851 = CARTESIAN_POINT('',(20.,-36.9,8.205958883753E-15));
#1852 = VECTOR('',#1853,1.);
#1853 = DIRECTION('',(-1.,0.,0.));
#1854 = ORIENTED_EDGE('',*,*,#680,.T.);
#1855 = ORIENTED_EDGE('',*,*,#1798,.T.);
#1856 = ORIENTED_EDGE('',*,*,#1857,.T.);
#1857 = EDGE_CURVE('',#1799,#1848,#1858,.T.);
#1858 = LINE('',#1859,#1860);
#1859 = CARTESIAN_POINT('',(17.5,-36.5,1.113044488171E-15));
#1860 = VECTOR('',#1861,1.);
#1861 = DIRECTION('',(0.,-1.,0.));
#1862 = PLANE('',#1863);
#1863 = AXIS2_PLACEMENT_3D('',#1864,#1865,#1866);
#1864 = CARTESIAN_POINT('',(20.,-42.,1.043891789502E-14));
#1865 = DIRECTION('',(0.,2.22044604925E-16,1.));
#1866 = DIRECTION('',(-1.,0.,0.));
#1867 = ADVANCED_FACE('',(#1868),#1886,.F.);
#1868 = FACE_BOUND('',#1869,.F.);
#1869 = EDGE_LOOP('',(#1870,#1871,#1872,#1880));
#1870 = ORIENTED_EDGE('',*,*,#672,.F.);
#1871 = ORIENTED_EDGE('',*,*,#1847,.T.);
#1872 = ORIENTED_EDGE('',*,*,#1873,.F.);
#1873 = EDGE_CURVE('',#1874,#1848,#1876,.T.);
#1874 = VERTEX_POINT('',#1875);
#1875 = CARTESIAN_POINT('',(17.5,-36.9,0.5));
#1876 = LINE('',#1877,#1878);
#1877 = CARTESIAN_POINT('',(17.5,-36.9,-7.448453608247));
#1878 = VECTOR('',#1879,1.);
#1879 = DIRECTION('',(0.,0.,-1.));
#1880 = ORIENTED_EDGE('',*,*,#1881,.F.);
#1881 = EDGE_CURVE('',#665,#1874,#1882,.T.);
#1882 = LINE('',#1883,#1884);
#1883 = CARTESIAN_POINT('',(20.,-36.9,0.5));
#1884 = VECTOR('',#1885,1.);
#1885 = DIRECTION('',(-1.,-0.,-0.));
#1886 = PLANE('',#1887);
#1887 = AXIS2_PLACEMENT_3D('',#1888,#1889,#1890);
#1888 = CARTESIAN_POINT('',(20.,-36.9,-17.5));
#1889 = DIRECTION('',(0.,1.,0.));
#1890 = DIRECTION('',(0.,0.,1.));
#1891 = ADVANCED_FACE('',(#1892),#1910,.F.);
#1892 = FACE_BOUND('',#1893,.F.);
#1893 = EDGE_LOOP('',(#1894,#1895,#1896,#1904));
#1894 = ORIENTED_EDGE('',*,*,#664,.F.);
#1895 = ORIENTED_EDGE('',*,*,#1881,.T.);
#1896 = ORIENTED_EDGE('',*,*,#1897,.F.);
#1897 = EDGE_CURVE('',#1898,#1874,#1900,.T.);
#1898 = VERTEX_POINT('',#1899);
#1899 = CARTESIAN_POINT('',(17.5,-38.5,0.5));
#1900 = LINE('',#1901,#1902);
#1901 = CARTESIAN_POINT('',(17.5,-28.62654639175,0.5));
#1902 = VECTOR('',#1903,1.);
#1903 = DIRECTION('',(0.,1.,0.));
#1904 = ORIENTED_EDGE('',*,*,#1905,.F.);
#1905 = EDGE_CURVE('',#657,#1898,#1906,.T.);
#1906 = LINE('',#1907,#1908);
#1907 = CARTESIAN_POINT('',(20.,-38.5,0.5));
#1908 = VECTOR('',#1909,1.);
#1909 = DIRECTION('',(-1.,-0.,-0.));
#1910 = PLANE('',#1911);
#1911 = AXIS2_PLACEMENT_3D('',#1912,#1913,#1914);
#1912 = CARTESIAN_POINT('',(20.,-36.9,0.5));
#1913 = DIRECTION('',(0.,0.,1.));
#1914 = DIRECTION('',(0.,-1.,0.));
#1915 = ADVANCED_FACE('',(#1916),#1934,.F.);
#1916 = FACE_BOUND('',#1917,.F.);
#1917 = EDGE_LOOP('',(#1918,#1919,#1920,#1928));
#1918 = ORIENTED_EDGE('',*,*,#656,.F.);
#1919 = ORIENTED_EDGE('',*,*,#1905,.T.);
#1920 = ORIENTED_EDGE('',*,*,#1921,.F.);
#1921 = EDGE_CURVE('',#1922,#1898,#1924,.T.);
#1922 = VERTEX_POINT('',#1923);
#1923 = CARTESIAN_POINT('',(17.5,-38.5,1.113044488171E-15));
#1924 = LINE('',#1925,#1926);
#1925 = CARTESIAN_POINT('',(17.5,-38.5,1.551546391753));
#1926 = VECTOR('',#1927,1.);
#1927 = DIRECTION('',(0.,0.,1.));
#1928 = ORIENTED_EDGE('',*,*,#1929,.T.);
#1929 = EDGE_CURVE('',#1922,#649,#1930,.T.);
#1930 = LINE('',#1931,#1932);
#1931 = CARTESIAN_POINT('',(20.,-38.5,9.660351046012E-15));
#1932 = VECTOR('',#1933,1.);
#1933 = DIRECTION('',(1.,0.,0.));
#1934 = PLANE('',#1935);
#1935 = AXIS2_PLACEMENT_3D('',#1936,#1937,#1938);
#1936 = CARTESIAN_POINT('',(20.,-38.5,0.5));
#1937 = DIRECTION('',(0.,-1.,0.));
#1938 = DIRECTION('',(0.,0.,-1.));
#1939 = ADVANCED_FACE('',(#1940),#1958,.F.);
#1940 = FACE_BOUND('',#1941,.F.);
#1941 = EDGE_LOOP('',(#1942,#1950,#1951,#1952));
#1942 = ORIENTED_EDGE('',*,*,#1943,.F.);
#1943 = EDGE_CURVE('',#641,#1944,#1946,.T.);
#1944 = VERTEX_POINT('',#1945);
#1945 = CARTESIAN_POINT('',(17.5,-42.,1.113044488171E-15));
#1946 = LINE('',#1947,#1948);
#1947 = CARTESIAN_POINT('',(20.,-42.,1.043891789502E-14));
#1948 = VECTOR('',#1949,1.);
#1949 = DIRECTION('',(-1.,0.,0.));
#1950 = ORIENTED_EDGE('',*,*,#648,.T.);
#1951 = ORIENTED_EDGE('',*,*,#1929,.F.);
#1952 = ORIENTED_EDGE('',*,*,#1953,.T.);
#1953 = EDGE_CURVE('',#1922,#1944,#1954,.T.);
#1954 = LINE('',#1955,#1956);
#1955 = CARTESIAN_POINT('',(17.5,-36.5,1.113044488171E-15));
#1956 = VECTOR('',#1957,1.);
#1957 = DIRECTION('',(0.,-1.,0.));
#1958 = PLANE('',#1959);
#1959 = AXIS2_PLACEMENT_3D('',#1960,#1961,#1962);
#1960 = CARTESIAN_POINT('',(20.,-42.,1.043891789502E-14));
#1961 = DIRECTION('',(0.,2.22044604925E-16,1.));
#1962 = DIRECTION('',(-1.,0.,0.));
#1963 = ADVANCED_FACE('',(#1964),#1982,.T.);
#1964 = FACE_BOUND('',#1965,.T.);
#1965 = EDGE_LOOP('',(#1966,#1974,#1975,#1976));
#1966 = ORIENTED_EDGE('',*,*,#1967,.T.);
#1967 = EDGE_CURVE('',#1968,#1944,#1970,.T.);
#1968 = VERTEX_POINT('',#1969);
#1969 = CARTESIAN_POINT('',(17.5,-42.,4.));
#1970 = LINE('',#1971,#1972);
#1971 = CARTESIAN_POINT('',(17.5,-42.,4.));
#1972 = VECTOR('',#1973,1.);
#1973 = DIRECTION('',(-0.,-0.,-1.));
#1974 = ORIENTED_EDGE('',*,*,#1943,.F.);
#1975 = ORIENTED_EDGE('',*,*,#640,.T.);
#1976 = ORIENTED_EDGE('',*,*,#1977,.F.);
#1977 = EDGE_CURVE('',#1968,#633,#1978,.T.);
#1978 = LINE('',#1979,#1980);
#1979 = CARTESIAN_POINT('',(-20.,-42.,4.));
#1980 = VECTOR('',#1981,1.);
#1981 = DIRECTION('',(1.,0.,0.));
#1982 = PLANE('',#1983);
#1983 = AXIS2_PLACEMENT_3D('',#1984,#1985,#1986);
#1984 = CARTESIAN_POINT('',(0.,-42.,-11.6741481222));
#1985 = DIRECTION('',(0.,-1.,2.485456641672E-16));
#1986 = DIRECTION('',(0.,-2.485456641672E-16,-1.));
#1987 = ADVANCED_FACE('',(#1988),#2006,.T.);
#1988 = FACE_BOUND('',#1989,.T.);
#1989 = EDGE_LOOP('',(#1990,#1998,#2004,#2005));
#1990 = ORIENTED_EDGE('',*,*,#1991,.T.);
#1991 = EDGE_CURVE('',#625,#1992,#1994,.T.);
#1992 = VERTEX_POINT('',#1993);
#1993 = CARTESIAN_POINT('',(17.5,-40.,4.));
#1994 = LINE('',#1995,#1996);
#1995 = CARTESIAN_POINT('',(20.,-40.,4.));
#1996 = VECTOR('',#1997,1.);
#1997 = DIRECTION('',(-1.,-0.,-0.));
#1998 = ORIENTED_EDGE('',*,*,#1999,.T.);
#1999 = EDGE_CURVE('',#1992,#1968,#2000,.T.);
#2000 = LINE('',#2001,#2002);
#2001 = CARTESIAN_POINT('',(17.5,2.5,4.));
#2002 = VECTOR('',#2003,1.);
#2003 = DIRECTION('',(0.,-1.,0.));
#2004 = ORIENTED_EDGE('',*,*,#1977,.T.);
#2005 = ORIENTED_EDGE('',*,*,#632,.T.);
#2006 = PLANE('',#2007);
#2007 = AXIS2_PLACEMENT_3D('',#2008,#2009,#2010);
#2008 = CARTESIAN_POINT('',(1.258768054721E-15,-15.7041224151,4.));
#2009 = DIRECTION('',(0.,0.,1.));
#2010 = DIRECTION('',(1.,0.,0.));
#2011 = ADVANCED_FACE('',(#2012),#2030,.T.);
#2012 = FACE_BOUND('',#2013,.T.);
#2013 = EDGE_LOOP('',(#2014,#2015,#2023,#2029));
#2014 = ORIENTED_EDGE('',*,*,#624,.F.);
#2015 = ORIENTED_EDGE('',*,*,#2016,.T.);
#2016 = EDGE_CURVE('',#617,#2017,#2019,.T.);
#2017 = VERTEX_POINT('',#2018);
#2018 = CARTESIAN_POINT('',(17.5,-40.,3.));
#2019 = LINE('',#2020,#2021);
#2020 = CARTESIAN_POINT('',(20.,-40.,3.));
#2021 = VECTOR('',#2022,1.);
#2022 = DIRECTION('',(-1.,-0.,-0.));
#2023 = ORIENTED_EDGE('',*,*,#2024,.F.);
#2024 = EDGE_CURVE('',#1992,#2017,#2025,.T.);
#2025 = LINE('',#2026,#2027);
#2026 = CARTESIAN_POINT('',(17.5,-40.,2.801546391753));
#2027 = VECTOR('',#2028,1.);
#2028 = DIRECTION('',(0.,0.,-1.));
#2029 = ORIENTED_EDGE('',*,*,#1991,.F.);
#2030 = PLANE('',#2031);
#2031 = AXIS2_PLACEMENT_3D('',#2032,#2033,#2034);
#2032 = CARTESIAN_POINT('',(20.,-40.,3.));
#2033 = DIRECTION('',(0.,1.,0.));
#2034 = DIRECTION('',(0.,0.,1.));
#2035 = ADVANCED_FACE('',(#2036),#2054,.T.);
#2036 = FACE_BOUND('',#2037,.T.);
#2037 = EDGE_LOOP('',(#2038,#2039,#2047,#2053));
#2038 = ORIENTED_EDGE('',*,*,#616,.F.);
#2039 = ORIENTED_EDGE('',*,*,#2040,.T.);
#2040 = EDGE_CURVE('',#609,#2041,#2043,.T.);
#2041 = VERTEX_POINT('',#2042);
#2042 = CARTESIAN_POINT('',(17.5,-39.,3.));
#2043 = LINE('',#2044,#2045);
#2044 = CARTESIAN_POINT('',(20.,-39.,3.));
#2045 = VECTOR('',#2046,1.);
#2046 = DIRECTION('',(-1.,-0.,-0.));
#2047 = ORIENTED_EDGE('',*,*,#2048,.F.);
#2048 = EDGE_CURVE('',#2017,#2041,#2049,.T.);
#2049 = LINE('',#2050,#2051);
#2050 = CARTESIAN_POINT('',(17.5,-29.67654639175,3.));
#2051 = VECTOR('',#2052,1.);
#2052 = DIRECTION('',(0.,1.,0.));
#2053 = ORIENTED_EDGE('',*,*,#2016,.F.);
#2054 = PLANE('',#2055);
#2055 = AXIS2_PLACEMENT_3D('',#2056,#2057,#2058);
#2056 = CARTESIAN_POINT('',(20.,-39.,3.));
#2057 = DIRECTION('',(0.,0.,1.));
#2058 = DIRECTION('',(0.,-1.,0.));
#2059 = ADVANCED_FACE('',(#2060),#2078,.T.);
#2060 = FACE_BOUND('',#2061,.T.);
#2061 = EDGE_LOOP('',(#2062,#2063,#2071,#2077));
#2062 = ORIENTED_EDGE('',*,*,#608,.F.);
#2063 = ORIENTED_EDGE('',*,*,#2064,.T.);
#2064 = EDGE_CURVE('',#601,#2065,#2067,.T.);
#2065 = VERTEX_POINT('',#2066);
#2066 = CARTESIAN_POINT('',(17.5,-39.,4.));
#2067 = LINE('',#2068,#2069);
#2068 = CARTESIAN_POINT('',(20.,-39.,4.));
#2069 = VECTOR('',#2070,1.);
#2070 = DIRECTION('',(-1.,-0.,-0.));
#2071 = ORIENTED_EDGE('',*,*,#2072,.F.);
#2072 = EDGE_CURVE('',#2041,#2065,#2073,.T.);
#2073 = LINE('',#2074,#2075);
#2074 = CARTESIAN_POINT('',(17.5,-39.,3.301546391753));
#2075 = VECTOR('',#2076,1.);
#2076 = DIRECTION('',(0.,0.,1.));
#2077 = ORIENTED_EDGE('',*,*,#2040,.F.);
#2078 = PLANE('',#2079);
#2079 = AXIS2_PLACEMENT_3D('',#2080,#2081,#2082);
#2080 = CARTESIAN_POINT('',(20.,-39.,4.));
#2081 = DIRECTION('',(0.,-1.,0.));
#2082 = DIRECTION('',(0.,0.,-1.));
#2083 = ADVANCED_FACE('',(#2084,#2154,#2188),#2222,.T.);
#2084 = FACE_BOUND('',#2085,.T.);
#2085 = EDGE_LOOP('',(#2086,#2096,#2102,#2103,#2104,#2105,#2106,#2107,
    #2108,#2116,#2124,#2132,#2140,#2148));
#2086 = ORIENTED_EDGE('',*,*,#2087,.F.);
#2087 = EDGE_CURVE('',#2088,#2090,#2092,.T.);
#2088 = VERTEX_POINT('',#2089);
#2089 = CARTESIAN_POINT('',(17.5,2.5,4.));
#2090 = VERTEX_POINT('',#2091);
#2091 = CARTESIAN_POINT('',(11.5,2.5,4.));
#2092 = LINE('',#2093,#2094);
#2093 = CARTESIAN_POINT('',(13.5,2.5,4.));
#2094 = VECTOR('',#2095,1.);
#2095 = DIRECTION('',(-1.,0.,0.));
#2096 = ORIENTED_EDGE('',*,*,#2097,.T.);
#2097 = EDGE_CURVE('',#2088,#2065,#2098,.T.);
#2098 = LINE('',#2099,#2100);
#2099 = CARTESIAN_POINT('',(17.5,2.5,4.));
#2100 = VECTOR('',#2101,1.);
#2101 = DIRECTION('',(0.,-1.,0.));
#2102 = ORIENTED_EDGE('',*,*,#2064,.F.);
#2103 = ORIENTED_EDGE('',*,*,#600,.T.);
#2104 = ORIENTED_EDGE('',*,*,#759,.T.);
#2105 = ORIENTED_EDGE('',*,*,#801,.T.);
#2106 = ORIENTED_EDGE('',*,*,#866,.T.);
#2107 = ORIENTED_EDGE('',*,*,#1073,.T.);
#2108 = ORIENTED_EDGE('',*,*,#2109,.F.);
#2109 = EDGE_CURVE('',#2110,#1066,#2112,.T.);
#2110 = VERTEX_POINT('',#2111);
#2111 = CARTESIAN_POINT('',(-17.5,-28.,4.));
#2112 = LINE('',#2113,#2114);
#2113 = CARTESIAN_POINT('',(-17.5,-28.,4.));
#2114 = VECTOR('',#2115,1.);
#2115 = DIRECTION('',(-1.,0.,0.));
#2116 = ORIENTED_EDGE('',*,*,#2117,.F.);
#2117 = EDGE_CURVE('',#2118,#2110,#2120,.T.);
#2118 = VERTEX_POINT('',#2119);
#2119 = CARTESIAN_POINT('',(-17.5,2.5,4.));
#2120 = LINE('',#2121,#2122);
#2121 = CARTESIAN_POINT('',(-17.5,2.5,4.));
#2122 = VECTOR('',#2123,1.);
#2123 = DIRECTION('',(0.,-1.,0.));
#2124 = ORIENTED_EDGE('',*,*,#2125,.F.);
#2125 = EDGE_CURVE('',#2126,#2118,#2128,.T.);
#2126 = VERTEX_POINT('',#2127);
#2127 = CARTESIAN_POINT('',(-11.5,2.5,4.));
#2128 = LINE('',#2129,#2130);
#2129 = CARTESIAN_POINT('',(-13.5,2.5,4.));
#2130 = VECTOR('',#2131,1.);
#2131 = DIRECTION('',(-1.,0.,0.));
#2132 = ORIENTED_EDGE('',*,*,#2133,.T.);
#2133 = EDGE_CURVE('',#2126,#2134,#2136,.T.);
#2134 = VERTEX_POINT('',#2135);
#2135 = CARTESIAN_POINT('',(-11.5,6.200000357628,4.));
#2136 = LINE('',#2137,#2138);
#2137 = CARTESIAN_POINT('',(-11.5,-4.752061028738,4.));
#2138 = VECTOR('',#2139,1.);
#2139 = DIRECTION('',(0.,1.,0.));
#2140 = ORIENTED_EDGE('',*,*,#2141,.T.);
#2141 = EDGE_CURVE('',#2134,#2142,#2144,.T.);
#2142 = VERTEX_POINT('',#2143);
#2143 = CARTESIAN_POINT('',(11.5,6.200000357628,4.));
#2144 = LINE('',#2145,#2146);
#2145 = CARTESIAN_POINT('',(5.75,6.200000357628,4.));
#2146 = VECTOR('',#2147,1.);
#2147 = DIRECTION('',(1.,0.,0.));
#2148 = ORIENTED_EDGE('',*,*,#2149,.T.);
#2149 = EDGE_CURVE('',#2142,#2090,#2150,.T.);
#2150 = LINE('',#2151,#2152);
#2151 = CARTESIAN_POINT('',(11.5,-10.95206138636,4.));
#2152 = VECTOR('',#2153,1.);
#2153 = DIRECTION('',(0.,-1.,0.));
#2154 = FACE_BOUND('',#2155,.T.);
#2155 = EDGE_LOOP('',(#2156,#2166,#2174,#2182));
#2156 = ORIENTED_EDGE('',*,*,#2157,.F.);
#2157 = EDGE_CURVE('',#2158,#2160,#2162,.T.);
#2158 = VERTEX_POINT('',#2159);
#2159 = CARTESIAN_POINT('',(-19.3,-12.18771309859,4.));
#2160 = VERTEX_POINT('',#2161);
#2161 = CARTESIAN_POINT('',(-19.3,-18.18771309859,4.));
#2162 = LINE('',#2163,#2164);
#2163 = CARTESIAN_POINT('',(-19.3,-12.18771309859,4.));
#2164 = VECTOR('',#2165,1.);
#2165 = DIRECTION('',(0.,-1.,0.));
#2166 = ORIENTED_EDGE('',*,*,#2167,.F.);
#2167 = EDGE_CURVE('',#2168,#2158,#2170,.T.);
#2168 = VERTEX_POINT('',#2169);
#2169 = CARTESIAN_POINT('',(-18.3,-12.18771309859,4.));
#2170 = LINE('',#2171,#2172);
#2171 = CARTESIAN_POINT('',(-18.3,-12.18771309859,4.));
#2172 = VECTOR('',#2173,1.);
#2173 = DIRECTION('',(-1.,0.,0.));
#2174 = ORIENTED_EDGE('',*,*,#2175,.F.);
#2175 = EDGE_CURVE('',#2176,#2168,#2178,.T.);
#2176 = VERTEX_POINT('',#2177);
#2177 = CARTESIAN_POINT('',(-18.3,-18.18771309859,4.));
#2178 = LINE('',#2179,#2180);
#2179 = CARTESIAN_POINT('',(-18.3,-18.18771309859,4.));
#2180 = VECTOR('',#2181,1.);
#2181 = DIRECTION('',(0.,1.,0.));
#2182 = ORIENTED_EDGE('',*,*,#2183,.F.);
#2183 = EDGE_CURVE('',#2160,#2176,#2184,.T.);
#2184 = LINE('',#2185,#2186);
#2185 = CARTESIAN_POINT('',(-19.3,-18.18771309859,4.));
#2186 = VECTOR('',#2187,1.);
#2187 = DIRECTION('',(1.,0.,0.));
#2188 = FACE_BOUND('',#2189,.T.);
#2189 = EDGE_LOOP('',(#2190,#2200,#2208,#2216));
#2190 = ORIENTED_EDGE('',*,*,#2191,.F.);
#2191 = EDGE_CURVE('',#2192,#2194,#2196,.T.);
#2192 = VERTEX_POINT('',#2193);
#2193 = CARTESIAN_POINT('',(19.3,-12.18771309859,4.));
#2194 = VERTEX_POINT('',#2195);
#2195 = CARTESIAN_POINT('',(18.3,-12.18771309859,4.));
#2196 = LINE('',#2197,#2198);
#2197 = CARTESIAN_POINT('',(19.3,-12.18771309859,4.));
#2198 = VECTOR('',#2199,1.);
#2199 = DIRECTION('',(-1.,0.,0.));
#2200 = ORIENTED_EDGE('',*,*,#2201,.F.);
#2201 = EDGE_CURVE('',#2202,#2192,#2204,.T.);
#2202 = VERTEX_POINT('',#2203);
#2203 = CARTESIAN_POINT('',(19.3,-18.18771309859,4.));
#2204 = LINE('',#2205,#2206);
#2205 = CARTESIAN_POINT('',(19.3,-18.18771309859,4.));
#2206 = VECTOR('',#2207,1.);
#2207 = DIRECTION('',(0.,1.,0.));
#2208 = ORIENTED_EDGE('',*,*,#2209,.F.);
#2209 = EDGE_CURVE('',#2210,#2202,#2212,.T.);
#2210 = VERTEX_POINT('',#2211);
#2211 = CARTESIAN_POINT('',(18.3,-18.18771309859,4.));
#2212 = LINE('',#2213,#2214);
#2213 = CARTESIAN_POINT('',(18.3,-18.18771309859,4.));
#2214 = VECTOR('',#2215,1.);
#2215 = DIRECTION('',(1.,0.,0.));
#2216 = ORIENTED_EDGE('',*,*,#2217,.F.);
#2217 = EDGE_CURVE('',#2194,#2210,#2218,.T.);
#2218 = LINE('',#2219,#2220);
#2219 = CARTESIAN_POINT('',(18.3,-12.18771309859,4.));
#2220 = VECTOR('',#2221,1.);
#2221 = DIRECTION('',(0.,-1.,0.));
#2222 = PLANE('',#2223);
#2223 = AXIS2_PLACEMENT_3D('',#2224,#2225,#2226);
#2224 = CARTESIAN_POINT('',(1.258768054721E-15,-15.7041224151,4.));
#2225 = DIRECTION('',(0.,0.,1.));
#2226 = DIRECTION('',(1.,0.,0.));
#2227 = ADVANCED_FACE('',(#2228),#2239,.T.);
#2228 = FACE_BOUND('',#2229,.T.);
#2229 = EDGE_LOOP('',(#2230,#2231,#2237,#2238));
#2230 = ORIENTED_EDGE('',*,*,#824,.T.);
#2231 = ORIENTED_EDGE('',*,*,#2232,.T.);
#2232 = EDGE_CURVE('',#827,#1131,#2233,.T.);
#2233 = LINE('',#2234,#2235);
#2234 = CARTESIAN_POINT('',(1.5,-23.,-1.5));
#2235 = VECTOR('',#2236,1.);
#2236 = DIRECTION('',(-1.,0.,0.));
#2237 = ORIENTED_EDGE('',*,*,#1130,.F.);
#2238 = ORIENTED_EDGE('',*,*,#1099,.F.);
#2239 = PLANE('',#2240);
#2240 = AXIS2_PLACEMENT_3D('',#2241,#2242,#2243);
#2241 = CARTESIAN_POINT('',(1.5,-23.,0.));
#2242 = DIRECTION('',(0.,1.,0.));
#2243 = DIRECTION('',(-1.,0.,0.));
#2244 = ADVANCED_FACE('',(#2245),#2251,.F.);
#2245 = FACE_BOUND('',#2246,.F.);
#2246 = EDGE_LOOP('',(#2247,#2248,#2249,#2250));
#2247 = ORIENTED_EDGE('',*,*,#851,.T.);
#2248 = ORIENTED_EDGE('',*,*,#2232,.T.);
#2249 = ORIENTED_EDGE('',*,*,#1138,.T.);
#2250 = ORIENTED_EDGE('',*,*,#1608,.T.);
#2251 = PLANE('',#2252);
#2252 = AXIS2_PLACEMENT_3D('',#2253,#2254,#2255);
#2253 = CARTESIAN_POINT('',(0.,-29.,-1.5));
#2254 = DIRECTION('',(0.,0.,1.));
#2255 = DIRECTION('',(1.,0.,0.));
#2256 = ADVANCED_FACE('',(#2257),#2275,.F.);
#2257 = FACE_BOUND('',#2258,.F.);
#2258 = EDGE_LOOP('',(#2259,#2267,#2273,#2274));
#2259 = ORIENTED_EDGE('',*,*,#2260,.T.);
#2260 = EDGE_CURVE('',#2110,#2261,#2263,.T.);
#2261 = VERTEX_POINT('',#2262);
#2262 = CARTESIAN_POINT('',(-17.5,-28.,1.5));
#2263 = LINE('',#2264,#2265);
#2264 = CARTESIAN_POINT('',(-17.5,-28.,4.));
#2265 = VECTOR('',#2266,1.);
#2266 = DIRECTION('',(-0.,-0.,-1.));
#2267 = ORIENTED_EDGE('',*,*,#2268,.T.);
#2268 = EDGE_CURVE('',#2261,#1058,#2269,.T.);
#2269 = LINE('',#2270,#2271);
#2270 = CARTESIAN_POINT('',(-17.5,-28.,1.5));
#2271 = VECTOR('',#2272,1.);
#2272 = DIRECTION('',(-1.,0.,0.));
#2273 = ORIENTED_EDGE('',*,*,#1065,.F.);
#2274 = ORIENTED_EDGE('',*,*,#2109,.F.);
#2275 = PLANE('',#2276);
#2276 = AXIS2_PLACEMENT_3D('',#2277,#2278,#2279);
#2277 = CARTESIAN_POINT('',(-17.5,-28.,4.));
#2278 = DIRECTION('',(0.,1.,0.));
#2279 = DIRECTION('',(-1.,0.,0.));
#2280 = ADVANCED_FACE('',(#2281),#2474,.T.);
#2281 = FACE_BOUND('',#2282,.T.);
#2282 = EDGE_LOOP('',(#2283,#2293,#2301,#2307,#2308,#2309,#2317,#2325,
    #2331,#2332,#2340,#2348,#2356,#2364,#2372,#2380,#2388,#2396,#2404,
    #2412,#2420,#2428,#2436,#2444,#2452,#2460,#2468));
#2283 = ORIENTED_EDGE('',*,*,#2284,.F.);
#2284 = EDGE_CURVE('',#2285,#2287,#2289,.T.);
#2285 = VERTEX_POINT('',#2286);
#2286 = CARTESIAN_POINT('',(-13.5,2.5,1.5));
#2287 = VERTEX_POINT('',#2288);
#2288 = CARTESIAN_POINT('',(-13.5,-2.5,1.5));
#2289 = LINE('',#2290,#2291);
#2290 = CARTESIAN_POINT('',(-13.5,2.5,1.5));
#2291 = VECTOR('',#2292,1.);
#2292 = DIRECTION('',(0.,-1.,0.));
#2293 = ORIENTED_EDGE('',*,*,#2294,.T.);
#2294 = EDGE_CURVE('',#2285,#2295,#2297,.T.);
#2295 = VERTEX_POINT('',#2296);
#2296 = CARTESIAN_POINT('',(-17.5,2.5,1.5));
#2297 = LINE('',#2298,#2299);
#2298 = CARTESIAN_POINT('',(-13.5,2.5,1.5));
#2299 = VECTOR('',#2300,1.);
#2300 = DIRECTION('',(-1.,0.,0.));
#2301 = ORIENTED_EDGE('',*,*,#2302,.T.);
#2302 = EDGE_CURVE('',#2295,#2261,#2303,.T.);
#2303 = LINE('',#2304,#2305);
#2304 = CARTESIAN_POINT('',(-17.5,2.5,1.5));
#2305 = VECTOR('',#2306,1.);
#2306 = DIRECTION('',(0.,-1.,0.));
#2307 = ORIENTED_EDGE('',*,*,#2268,.T.);
#2308 = ORIENTED_EDGE('',*,*,#1057,.F.);
#2309 = ORIENTED_EDGE('',*,*,#2310,.T.);
#2310 = EDGE_CURVE('',#1050,#2311,#2313,.T.);
#2311 = VERTEX_POINT('',#2312);
#2312 = CARTESIAN_POINT('',(0.,-32.,1.5));
#2313 = LINE('',#2314,#2315);
#2314 = CARTESIAN_POINT('',(-20.,-32.,1.5));
#2315 = VECTOR('',#2316,1.);
#2316 = DIRECTION('',(1.,0.,0.));
#2317 = ORIENTED_EDGE('',*,*,#2318,.T.);
#2318 = EDGE_CURVE('',#2311,#2319,#2321,.T.);
#2319 = VERTEX_POINT('',#2320);
#2320 = CARTESIAN_POINT('',(13.5,-32.00000000007,1.5));
#2321 = LINE('',#2322,#2323);
#2322 = CARTESIAN_POINT('',(0.,-32.,1.5));
#2323 = VECTOR('',#2324,1.);
#2324 = DIRECTION('',(1.,-4.15972018735E-12,0.));
#2325 = ORIENTED_EDGE('',*,*,#2326,.F.);
#2326 = EDGE_CURVE('',#1815,#2319,#2327,.T.);
#2327 = LINE('',#2328,#2329);
#2328 = CARTESIAN_POINT('',(13.5,-25.27195121955,1.5));
#2329 = VECTOR('',#2330,1.);
#2330 = DIRECTION('',(0.,1.,0.));
#2331 = ORIENTED_EDGE('',*,*,#1814,.F.);
#2332 = ORIENTED_EDGE('',*,*,#2333,.F.);
#2333 = EDGE_CURVE('',#2334,#1807,#2336,.T.);
#2334 = VERTEX_POINT('',#2335);
#2335 = CARTESIAN_POINT('',(17.5,2.5,1.5));
#2336 = LINE('',#2337,#2338);
#2337 = CARTESIAN_POINT('',(17.5,-30.27195121951,1.5));
#2338 = VECTOR('',#2339,1.);
#2339 = DIRECTION('',(0.,-1.,0.));
#2340 = ORIENTED_EDGE('',*,*,#2341,.F.);
#2341 = EDGE_CURVE('',#2342,#2334,#2344,.T.);
#2342 = VERTEX_POINT('',#2343);
#2343 = CARTESIAN_POINT('',(13.5,2.5,1.5));
#2344 = LINE('',#2345,#2346);
#2345 = CARTESIAN_POINT('',(13.5,2.5,1.5));
#2346 = VECTOR('',#2347,1.);
#2347 = DIRECTION('',(1.,0.,0.));
#2348 = ORIENTED_EDGE('',*,*,#2349,.F.);
#2349 = EDGE_CURVE('',#2350,#2342,#2352,.T.);
#2350 = VERTEX_POINT('',#2351);
#2351 = CARTESIAN_POINT('',(13.5,-2.5,1.5));
#2352 = LINE('',#2353,#2354);
#2353 = CARTESIAN_POINT('',(13.5,-28.00000000005,1.5));
#2354 = VECTOR('',#2355,1.);
#2355 = DIRECTION('',(0.,1.,0.));
#2356 = ORIENTED_EDGE('',*,*,#2357,.F.);
#2357 = EDGE_CURVE('',#2358,#2350,#2360,.T.);
#2358 = VERTEX_POINT('',#2359);
#2359 = CARTESIAN_POINT('',(13.5,-28.00000000005,1.5));
#2360 = LINE('',#2361,#2362);
#2361 = CARTESIAN_POINT('',(13.5,-28.00000000005,1.5));
#2362 = VECTOR('',#2363,1.);
#2363 = DIRECTION('',(0.,1.,0.));
#2364 = ORIENTED_EDGE('',*,*,#2365,.F.);
#2365 = EDGE_CURVE('',#2366,#2358,#2368,.T.);
#2366 = VERTEX_POINT('',#2367);
#2367 = CARTESIAN_POINT('',(3.558112,-28.00000000001,1.5));
#2368 = LINE('',#2369,#2370);
#2369 = CARTESIAN_POINT('',(-0.181069926984,-28.,1.5));
#2370 = VECTOR('',#2371,1.);
#2371 = DIRECTION('',(1.,-4.159829656923E-12,0.));
#2372 = ORIENTED_EDGE('',*,*,#2373,.F.);
#2373 = EDGE_CURVE('',#2374,#2366,#2376,.T.);
#2374 = VERTEX_POINT('',#2375);
#2375 = CARTESIAN_POINT('',(3.558112,-22.71518934931,1.5));
#2376 = LINE('',#2377,#2378);
#2377 = CARTESIAN_POINT('',(3.558112,-22.13702536023,1.5));
#2378 = VECTOR('',#2379,1.);
#2379 = DIRECTION('',(0.,-1.,0.));
#2380 = ORIENTED_EDGE('',*,*,#2381,.T.);
#2381 = EDGE_CURVE('',#2374,#2382,#2384,.T.);
#2382 = VERTEX_POINT('',#2383);
#2383 = CARTESIAN_POINT('',(4.355972760618,-22.71518934931,1.5));
#2384 = LINE('',#2385,#2386);
#2385 = CARTESIAN_POINT('',(3.558112,-22.71518934931,1.5));
#2386 = VECTOR('',#2387,1.);
#2387 = DIRECTION('',(1.,0.,0.));
#2388 = ORIENTED_EDGE('',*,*,#2389,.T.);
#2389 = EDGE_CURVE('',#2382,#2390,#2392,.T.);
#2390 = VERTEX_POINT('',#2391);
#2391 = CARTESIAN_POINT('',(4.355972760618,-18.8614,1.5));
#2392 = LINE('',#2393,#2394);
#2393 = CARTESIAN_POINT('',(4.355972760618,-22.71518934931,1.5));
#2394 = VECTOR('',#2395,1.);
#2395 = DIRECTION('',(0.,1.,0.));
#2396 = ORIENTED_EDGE('',*,*,#2397,.F.);
#2397 = EDGE_CURVE('',#2398,#2390,#2400,.T.);
#2398 = VERTEX_POINT('',#2399);
#2399 = CARTESIAN_POINT('',(2.61144,-18.8614,1.5));
#2400 = LINE('',#2401,#2402);
#2401 = CARTESIAN_POINT('',(3.89792,-18.8614,1.5));
#2402 = VECTOR('',#2403,1.);
#2403 = DIRECTION('',(1.,-3.102449310868E-14,0.));
#2404 = ORIENTED_EDGE('',*,*,#2405,.T.);
#2405 = EDGE_CURVE('',#2398,#2406,#2408,.T.);
#2406 = VERTEX_POINT('',#2407);
#2407 = CARTESIAN_POINT('',(2.61144,-20.9305,1.5));
#2408 = LINE('',#2409,#2410);
#2409 = CARTESIAN_POINT('',(2.61144,-20.1645012425,1.5));
#2410 = VECTOR('',#2411,1.);
#2411 = DIRECTION('',(0.,-1.,0.));
#2412 = ORIENTED_EDGE('',*,*,#2413,.T.);
#2413 = EDGE_CURVE('',#2406,#2414,#2416,.T.);
#2414 = VERTEX_POINT('',#2415);
#2415 = CARTESIAN_POINT('',(-2.26707,-20.9305,1.5));
#2416 = LINE('',#2417,#2418);
#2417 = CARTESIAN_POINT('',(-1.0501345189,-20.9305,1.5));
#2418 = VECTOR('',#2419,1.);
#2419 = DIRECTION('',(-1.,0.,0.));
#2420 = ORIENTED_EDGE('',*,*,#2421,.T.);
#2421 = EDGE_CURVE('',#2414,#2422,#2424,.T.);
#2422 = VERTEX_POINT('',#2423);
#2423 = CARTESIAN_POINT('',(-2.26707,-18.8614,1.5));
#2424 = LINE('',#2425,#2426);
#2425 = CARTESIAN_POINT('',(-2.26707,-14.7551012425,1.5));
#2426 = VECTOR('',#2427,1.);
#2427 = DIRECTION('',(0.,1.,0.));
#2428 = ORIENTED_EDGE('',*,*,#2429,.T.);
#2429 = EDGE_CURVE('',#2422,#2430,#2432,.T.);
#2430 = VERTEX_POINT('',#2431);
#2431 = CARTESIAN_POINT('',(-4.041563091153,-18.8614,1.5));
#2432 = LINE('',#2433,#2434);
#2433 = CARTESIAN_POINT('',(-2.041563091153,-18.8614,1.5));
#2434 = VECTOR('',#2435,1.);
#2435 = DIRECTION('',(-1.,1.612830524705E-13,0.));
#2436 = ORIENTED_EDGE('',*,*,#2437,.T.);
#2437 = EDGE_CURVE('',#2430,#2438,#2440,.T.);
#2438 = VERTEX_POINT('',#2439);
#2439 = CARTESIAN_POINT('',(-4.041563091153,-22.91863865068,1.5));
#2440 = LINE('',#2441,#2442);
#2441 = CARTESIAN_POINT('',(-4.041563091153,-19.11863865068,1.5));
#2442 = VECTOR('',#2443,1.);
#2443 = DIRECTION('',(0.,-1.,0.));
#2444 = ORIENTED_EDGE('',*,*,#2445,.T.);
#2445 = EDGE_CURVE('',#2438,#2446,#2448,.T.);
#2446 = VERTEX_POINT('',#2447);
#2447 = CARTESIAN_POINT('',(-3.425505,-22.91863865068,1.5));
#2448 = LINE('',#2449,#2450);
#2449 = CARTESIAN_POINT('',(-4.041563091153,-22.91863865068,1.5));
#2450 = VECTOR('',#2451,1.);
#2451 = DIRECTION('',(1.,0.,0.));
#2452 = ORIENTED_EDGE('',*,*,#2453,.T.);
#2453 = EDGE_CURVE('',#2446,#2454,#2456,.T.);
#2454 = VERTEX_POINT('',#2455);
#2455 = CARTESIAN_POINT('',(-3.425505,-28.00000000001,1.5));
#2456 = LINE('',#2457,#2458);
#2457 = CARTESIAN_POINT('',(-3.425505,-22.91863865068,1.5));
#2458 = VECTOR('',#2459,1.);
#2459 = DIRECTION('',(0.,-1.,0.));
#2460 = ORIENTED_EDGE('',*,*,#2461,.F.);
#2461 = EDGE_CURVE('',#2462,#2454,#2464,.T.);
#2462 = VERTEX_POINT('',#2463);
#2463 = CARTESIAN_POINT('',(-13.5,-28.,1.5));
#2464 = LINE('',#2465,#2466);
#2465 = CARTESIAN_POINT('',(-13.5,-28.,1.5));
#2466 = VECTOR('',#2467,1.);
#2467 = DIRECTION('',(1.,0.,0.));
#2468 = ORIENTED_EDGE('',*,*,#2469,.F.);
#2469 = EDGE_CURVE('',#2287,#2462,#2470,.T.);
#2470 = LINE('',#2471,#2472);
#2471 = CARTESIAN_POINT('',(-13.5,2.5,1.5));
#2472 = VECTOR('',#2473,1.);
#2473 = DIRECTION('',(0.,-1.,0.));
#2474 = PLANE('',#2475);
#2475 = AXIS2_PLACEMENT_3D('',#2476,#2477,#2478);
#2476 = CARTESIAN_POINT('',(0.166800962201,-19.39850248501,1.5));
#2477 = DIRECTION('',(0.,0.,1.));
#2478 = DIRECTION('',(1.,0.,0.));
#2479 = ADVANCED_FACE('',(#2480),#2507,.F.);
#2480 = FACE_BOUND('',#2481,.F.);
#2481 = EDGE_LOOP('',(#2482,#2490,#2498,#2504,#2505,#2506));
#2482 = ORIENTED_EDGE('',*,*,#2483,.F.);
#2483 = EDGE_CURVE('',#2484,#2319,#2486,.T.);
#2484 = VERTEX_POINT('',#2485);
#2485 = CARTESIAN_POINT('',(13.5,-32.00000000007,4.));
#2486 = LINE('',#2487,#2488);
#2487 = CARTESIAN_POINT('',(13.5,-32.00000000007,4.));
#2488 = VECTOR('',#2489,1.);
#2489 = DIRECTION('',(-0.,-0.,-1.));
#2490 = ORIENTED_EDGE('',*,*,#2491,.F.);
#2491 = EDGE_CURVE('',#2492,#2484,#2494,.T.);
#2492 = VERTEX_POINT('',#2493);
#2493 = CARTESIAN_POINT('',(0.,-32.,4.));
#2494 = LINE('',#2495,#2496);
#2495 = CARTESIAN_POINT('',(0.,-32.,4.));
#2496 = VECTOR('',#2497,1.);
#2497 = DIRECTION('',(1.,-4.15972018735E-12,0.));
#2498 = ORIENTED_EDGE('',*,*,#2499,.F.);
#2499 = EDGE_CURVE('',#1042,#2492,#2500,.T.);
#2500 = LINE('',#2501,#2502);
#2501 = CARTESIAN_POINT('',(-20.,-32.,4.));
#2502 = VECTOR('',#2503,1.);
#2503 = DIRECTION('',(1.,0.,0.));
#2504 = ORIENTED_EDGE('',*,*,#1049,.T.);
#2505 = ORIENTED_EDGE('',*,*,#2310,.T.);
#2506 = ORIENTED_EDGE('',*,*,#2318,.T.);
#2507 = PLANE('',#2508);
#2508 = AXIS2_PLACEMENT_3D('',#2509,#2510,#2511);
#2509 = CARTESIAN_POINT('',(-1.25,-32.00000000001,2.75));
#2510 = DIRECTION('',(-1.819877581966E-12,-1.,-0.));
#2511 = DIRECTION('',(-1.,1.819877581966E-12,0.));
#2512 = ADVANCED_FACE('',(#2513),#2532,.T.);
#2513 = FACE_BOUND('',#2514,.T.);
#2514 = EDGE_LOOP('',(#2515,#2516,#2517,#2525,#2531));
#2515 = ORIENTED_EDGE('',*,*,#2499,.F.);
#2516 = ORIENTED_EDGE('',*,*,#1041,.T.);
#2517 = ORIENTED_EDGE('',*,*,#2518,.F.);
#2518 = EDGE_CURVE('',#2519,#1034,#2521,.T.);
#2519 = VERTEX_POINT('',#2520);
#2520 = CARTESIAN_POINT('',(13.5,-39.,4.));
#2521 = LINE('',#2522,#2523);
#2522 = CARTESIAN_POINT('',(20.,-39.,4.));
#2523 = VECTOR('',#2524,1.);
#2524 = DIRECTION('',(-1.,-0.,-0.));
#2525 = ORIENTED_EDGE('',*,*,#2526,.F.);
#2526 = EDGE_CURVE('',#2484,#2519,#2527,.T.);
#2527 = LINE('',#2528,#2529);
#2528 = CARTESIAN_POINT('',(13.5,-32.00000000007,4.));
#2529 = VECTOR('',#2530,1.);
#2530 = DIRECTION('',(0.,-1.,0.));
#2531 = ORIENTED_EDGE('',*,*,#2491,.F.);
#2532 = PLANE('',#2533);
#2533 = AXIS2_PLACEMENT_3D('',#2534,#2535,#2536);
#2534 = CARTESIAN_POINT('',(1.258768054721E-15,-15.7041224151,4.));
#2535 = DIRECTION('',(0.,0.,1.));
#2536 = DIRECTION('',(1.,0.,0.));
#2537 = ADVANCED_FACE('',(#2538),#2556,.T.);
#2538 = FACE_BOUND('',#2539,.T.);
#2539 = EDGE_LOOP('',(#2540,#2548,#2549,#2550));
#2540 = ORIENTED_EDGE('',*,*,#2541,.F.);
#2541 = EDGE_CURVE('',#2519,#2542,#2544,.T.);
#2542 = VERTEX_POINT('',#2543);
#2543 = CARTESIAN_POINT('',(13.5,-39.,3.));
#2544 = LINE('',#2545,#2546);
#2545 = CARTESIAN_POINT('',(13.5,-39.,3.120535714284));
#2546 = VECTOR('',#2547,1.);
#2547 = DIRECTION('',(3.625659369569E-16,0.,-1.));
#2548 = ORIENTED_EDGE('',*,*,#2518,.T.);
#2549 = ORIENTED_EDGE('',*,*,#1033,.F.);
#2550 = ORIENTED_EDGE('',*,*,#2551,.F.);
#2551 = EDGE_CURVE('',#2542,#1026,#2552,.T.);
#2552 = LINE('',#2553,#2554);
#2553 = CARTESIAN_POINT('',(20.,-39.,3.));
#2554 = VECTOR('',#2555,1.);
#2555 = DIRECTION('',(-1.,-0.,-0.));
#2556 = PLANE('',#2557);
#2557 = AXIS2_PLACEMENT_3D('',#2558,#2559,#2560);
#2558 = CARTESIAN_POINT('',(20.,-39.,4.));
#2559 = DIRECTION('',(0.,-1.,0.));
#2560 = DIRECTION('',(0.,0.,-1.));
#2561 = ADVANCED_FACE('',(#2562),#2580,.T.);
#2562 = FACE_BOUND('',#2563,.T.);
#2563 = EDGE_LOOP('',(#2564,#2572,#2573,#2574));
#2564 = ORIENTED_EDGE('',*,*,#2565,.F.);
#2565 = EDGE_CURVE('',#2542,#2566,#2568,.T.);
#2566 = VERTEX_POINT('',#2567);
#2567 = CARTESIAN_POINT('',(13.5,-40.,3.));
#2568 = LINE('',#2569,#2570);
#2569 = CARTESIAN_POINT('',(13.5,-38.1205357143,3.));
#2570 = VECTOR('',#2571,1.);
#2571 = DIRECTION('',(0.,-1.,0.));
#2572 = ORIENTED_EDGE('',*,*,#2551,.T.);
#2573 = ORIENTED_EDGE('',*,*,#1025,.F.);
#2574 = ORIENTED_EDGE('',*,*,#2575,.F.);
#2575 = EDGE_CURVE('',#2566,#1018,#2576,.T.);
#2576 = LINE('',#2577,#2578);
#2577 = CARTESIAN_POINT('',(20.,-40.,3.));
#2578 = VECTOR('',#2579,1.);
#2579 = DIRECTION('',(-1.,-0.,-0.));
#2580 = PLANE('',#2581);
#2581 = AXIS2_PLACEMENT_3D('',#2582,#2583,#2584);
#2582 = CARTESIAN_POINT('',(20.,-39.,3.));
#2583 = DIRECTION('',(0.,0.,1.));
#2584 = DIRECTION('',(0.,-1.,0.));
#2585 = ADVANCED_FACE('',(#2586),#2604,.T.);
#2586 = FACE_BOUND('',#2587,.T.);
#2587 = EDGE_LOOP('',(#2588,#2596,#2597,#2598));
#2588 = ORIENTED_EDGE('',*,*,#2589,.F.);
#2589 = EDGE_CURVE('',#2566,#2590,#2592,.T.);
#2590 = VERTEX_POINT('',#2591);
#2591 = CARTESIAN_POINT('',(13.5,-40.,4.));
#2592 = LINE('',#2593,#2594);
#2593 = CARTESIAN_POINT('',(13.5,-40.,2.620535714284));
#2594 = VECTOR('',#2595,1.);
#2595 = DIRECTION('',(-3.625659369569E-16,0.,1.));
#2596 = ORIENTED_EDGE('',*,*,#2575,.T.);
#2597 = ORIENTED_EDGE('',*,*,#1017,.F.);
#2598 = ORIENTED_EDGE('',*,*,#2599,.F.);
#2599 = EDGE_CURVE('',#2590,#1010,#2600,.T.);
#2600 = LINE('',#2601,#2602);
#2601 = CARTESIAN_POINT('',(20.,-40.,4.));
#2602 = VECTOR('',#2603,1.);
#2603 = DIRECTION('',(-1.,-0.,-0.));
#2604 = PLANE('',#2605);
#2605 = AXIS2_PLACEMENT_3D('',#2606,#2607,#2608);
#2606 = CARTESIAN_POINT('',(20.,-40.,3.));
#2607 = DIRECTION('',(0.,1.,0.));
#2608 = DIRECTION('',(0.,0.,1.));
#2609 = ADVANCED_FACE('',(#2610),#2628,.T.);
#2610 = FACE_BOUND('',#2611,.T.);
#2611 = EDGE_LOOP('',(#2612,#2613,#2614,#2622));
#2612 = ORIENTED_EDGE('',*,*,#2599,.T.);
#2613 = ORIENTED_EDGE('',*,*,#1009,.T.);
#2614 = ORIENTED_EDGE('',*,*,#2615,.T.);
#2615 = EDGE_CURVE('',#1002,#2616,#2618,.T.);
#2616 = VERTEX_POINT('',#2617);
#2617 = CARTESIAN_POINT('',(13.5,-42.,4.));
#2618 = LINE('',#2619,#2620);
#2619 = CARTESIAN_POINT('',(-20.,-42.,4.));
#2620 = VECTOR('',#2621,1.);
#2621 = DIRECTION('',(1.,0.,0.));
#2622 = ORIENTED_EDGE('',*,*,#2623,.F.);
#2623 = EDGE_CURVE('',#2590,#2616,#2624,.T.);
#2624 = LINE('',#2625,#2626);
#2625 = CARTESIAN_POINT('',(13.5,-32.00000000007,4.));
#2626 = VECTOR('',#2627,1.);
#2627 = DIRECTION('',(0.,-1.,0.));
#2628 = PLANE('',#2629);
#2629 = AXIS2_PLACEMENT_3D('',#2630,#2631,#2632);
#2630 = CARTESIAN_POINT('',(1.258768054721E-15,-15.7041224151,4.));
#2631 = DIRECTION('',(0.,0.,1.));
#2632 = DIRECTION('',(1.,0.,0.));
#2633 = ADVANCED_FACE('',(#2634),#2652,.T.);
#2634 = FACE_BOUND('',#2635,.T.);
#2635 = EDGE_LOOP('',(#2636,#2637,#2645,#2651));
#2636 = ORIENTED_EDGE('',*,*,#1001,.F.);
#2637 = ORIENTED_EDGE('',*,*,#2638,.F.);
#2638 = EDGE_CURVE('',#2639,#994,#2641,.T.);
#2639 = VERTEX_POINT('',#2640);
#2640 = CARTESIAN_POINT('',(13.5,-42.,1.113044488171E-15));
#2641 = LINE('',#2642,#2643);
#2642 = CARTESIAN_POINT('',(20.,-42.,1.043891789502E-14));
#2643 = VECTOR('',#2644,1.);
#2644 = DIRECTION('',(-1.,0.,0.));
#2645 = ORIENTED_EDGE('',*,*,#2646,.T.);
#2646 = EDGE_CURVE('',#2639,#2616,#2647,.T.);
#2647 = LINE('',#2648,#2649);
#2648 = CARTESIAN_POINT('',(13.5,-42.,1.113044488171E-15));
#2649 = VECTOR('',#2650,1.);
#2650 = DIRECTION('',(0.,0.,1.));
#2651 = ORIENTED_EDGE('',*,*,#2615,.F.);
#2652 = PLANE('',#2653);
#2653 = AXIS2_PLACEMENT_3D('',#2654,#2655,#2656);
#2654 = CARTESIAN_POINT('',(0.,-42.,-11.6741481222));
#2655 = DIRECTION('',(0.,-1.,2.485456641672E-16));
#2656 = DIRECTION('',(0.,-2.485456641672E-16,-1.));
#2657 = ADVANCED_FACE('',(#2658),#2676,.F.);
#2658 = FACE_BOUND('',#2659,.F.);
#2659 = EDGE_LOOP('',(#2660,#2661,#2669,#2675));
#2660 = ORIENTED_EDGE('',*,*,#2638,.F.);
#2661 = ORIENTED_EDGE('',*,*,#2662,.T.);
#2662 = EDGE_CURVE('',#2639,#2663,#2665,.T.);
#2663 = VERTEX_POINT('',#2664);
#2664 = CARTESIAN_POINT('',(13.5,-38.5,1.113044488171E-15));
#2665 = LINE('',#2666,#2667);
#2666 = CARTESIAN_POINT('',(13.5,-42.,1.113044488171E-15));
#2667 = VECTOR('',#2668,1.);
#2668 = DIRECTION('',(0.,1.,0.));
#2669 = ORIENTED_EDGE('',*,*,#2670,.F.);
#2670 = EDGE_CURVE('',#986,#2663,#2671,.T.);
#2671 = LINE('',#2672,#2673);
#2672 = CARTESIAN_POINT('',(20.,-38.5,9.660351046012E-15));
#2673 = VECTOR('',#2674,1.);
#2674 = DIRECTION('',(1.,0.,0.));
#2675 = ORIENTED_EDGE('',*,*,#993,.F.);
#2676 = PLANE('',#2677);
#2677 = AXIS2_PLACEMENT_3D('',#2678,#2679,#2680);
#2678 = CARTESIAN_POINT('',(20.,-42.,1.043891789502E-14));
#2679 = DIRECTION('',(0.,2.22044604925E-16,1.));
#2680 = DIRECTION('',(-1.,0.,0.));
#2681 = ADVANCED_FACE('',(#2682),#2700,.F.);
#2682 = FACE_BOUND('',#2683,.F.);
#2683 = EDGE_LOOP('',(#2684,#2692,#2698,#2699));
#2684 = ORIENTED_EDGE('',*,*,#2685,.F.);
#2685 = EDGE_CURVE('',#2686,#2663,#2688,.T.);
#2686 = VERTEX_POINT('',#2687);
#2687 = CARTESIAN_POINT('',(13.5,-38.5,0.5));
#2688 = LINE('',#2689,#2690);
#2689 = CARTESIAN_POINT('',(13.5,-38.5,1.370535714284));
#2690 = VECTOR('',#2691,1.);
#2691 = DIRECTION('',(3.625659369569E-16,0.,-1.));
#2692 = ORIENTED_EDGE('',*,*,#2693,.T.);
#2693 = EDGE_CURVE('',#2686,#978,#2694,.T.);
#2694 = LINE('',#2695,#2696);
#2695 = CARTESIAN_POINT('',(20.,-38.5,0.5));
#2696 = VECTOR('',#2697,1.);
#2697 = DIRECTION('',(-1.,-0.,-0.));
#2698 = ORIENTED_EDGE('',*,*,#985,.F.);
#2699 = ORIENTED_EDGE('',*,*,#2670,.T.);
#2700 = PLANE('',#2701);
#2701 = AXIS2_PLACEMENT_3D('',#2702,#2703,#2704);
#2702 = CARTESIAN_POINT('',(20.,-38.5,0.5));
#2703 = DIRECTION('',(0.,-1.,0.));
#2704 = DIRECTION('',(0.,0.,-1.));
#2705 = ADVANCED_FACE('',(#2706),#2724,.F.);
#2706 = FACE_BOUND('',#2707,.F.);
#2707 = EDGE_LOOP('',(#2708,#2716,#2722,#2723));
#2708 = ORIENTED_EDGE('',*,*,#2709,.F.);
#2709 = EDGE_CURVE('',#2710,#2686,#2712,.T.);
#2710 = VERTEX_POINT('',#2711);
#2711 = CARTESIAN_POINT('',(13.5,-36.9,0.5));
#2712 = LINE('',#2713,#2714);
#2713 = CARTESIAN_POINT('',(13.5,-37.0705357143,0.5));
#2714 = VECTOR('',#2715,1.);
#2715 = DIRECTION('',(0.,-1.,0.));
#2716 = ORIENTED_EDGE('',*,*,#2717,.T.);
#2717 = EDGE_CURVE('',#2710,#970,#2718,.T.);
#2718 = LINE('',#2719,#2720);
#2719 = CARTESIAN_POINT('',(20.,-36.9,0.5));
#2720 = VECTOR('',#2721,1.);
#2721 = DIRECTION('',(-1.,-0.,-0.));
#2722 = ORIENTED_EDGE('',*,*,#977,.F.);
#2723 = ORIENTED_EDGE('',*,*,#2693,.F.);
#2724 = PLANE('',#2725);
#2725 = AXIS2_PLACEMENT_3D('',#2726,#2727,#2728);
#2726 = CARTESIAN_POINT('',(20.,-36.9,0.5));
#2727 = DIRECTION('',(0.,0.,1.));
#2728 = DIRECTION('',(0.,-1.,0.));
#2729 = ADVANCED_FACE('',(#2730),#2748,.F.);
#2730 = FACE_BOUND('',#2731,.F.);
#2731 = EDGE_LOOP('',(#2732,#2733,#2734,#2742));
#2732 = ORIENTED_EDGE('',*,*,#969,.F.);
#2733 = ORIENTED_EDGE('',*,*,#2717,.F.);
#2734 = ORIENTED_EDGE('',*,*,#2735,.F.);
#2735 = EDGE_CURVE('',#2736,#2710,#2738,.T.);
#2736 = VERTEX_POINT('',#2737);
#2737 = CARTESIAN_POINT('',(13.5,-36.9,1.113044488171E-15));
#2738 = LINE('',#2739,#2740);
#2739 = CARTESIAN_POINT('',(13.5,-36.9,-7.629464285716));
#2740 = VECTOR('',#2741,1.);
#2741 = DIRECTION('',(-3.625659369569E-16,0.,1.));
#2742 = ORIENTED_EDGE('',*,*,#2743,.T.);
#2743 = EDGE_CURVE('',#2736,#962,#2744,.T.);
#2744 = LINE('',#2745,#2746);
#2745 = CARTESIAN_POINT('',(20.,-36.9,8.205958883753E-15));
#2746 = VECTOR('',#2747,1.);
#2747 = DIRECTION('',(-1.,0.,0.));
#2748 = PLANE('',#2749);
#2749 = AXIS2_PLACEMENT_3D('',#2750,#2751,#2752);
#2750 = CARTESIAN_POINT('',(20.,-36.9,-17.5));
#2751 = DIRECTION('',(0.,1.,0.));
#2752 = DIRECTION('',(0.,0.,1.));
#2753 = ADVANCED_FACE('',(#2754),#2765,.F.);
#2754 = FACE_BOUND('',#2755,.F.);
#2755 = EDGE_LOOP('',(#2756,#2757,#2763,#2764));
#2756 = ORIENTED_EDGE('',*,*,#2743,.F.);
#2757 = ORIENTED_EDGE('',*,*,#2758,.T.);
#2758 = EDGE_CURVE('',#2736,#1823,#2759,.T.);
#2759 = LINE('',#2760,#2761);
#2760 = CARTESIAN_POINT('',(13.5,-42.,1.113044488171E-15));
#2761 = VECTOR('',#2762,1.);
#2762 = DIRECTION('',(0.,1.,0.));
#2763 = ORIENTED_EDGE('',*,*,#1830,.T.);
#2764 = ORIENTED_EDGE('',*,*,#961,.F.);
#2765 = PLANE('',#2766);
#2766 = AXIS2_PLACEMENT_3D('',#2767,#2768,#2769);
#2767 = CARTESIAN_POINT('',(20.,-42.,1.043891789502E-14));
#2768 = DIRECTION('',(0.,2.22044604925E-16,1.));
#2769 = DIRECTION('',(-1.,0.,0.));
#2770 = ADVANCED_FACE('',(#2771),#2782,.T.);
#2771 = FACE_BOUND('',#2772,.T.);
#2772 = EDGE_LOOP('',(#2773,#2774,#2780,#2781));
#2773 = ORIENTED_EDGE('',*,*,#1251,.T.);
#2774 = ORIENTED_EDGE('',*,*,#2775,.T.);
#2775 = EDGE_CURVE('',#1252,#1172,#2776,.T.);
#2776 = LINE('',#2777,#2778);
#2777 = CARTESIAN_POINT('',(-6.,-23.,-1.5));
#2778 = VECTOR('',#2779,1.);
#2779 = DIRECTION('',(-1.,0.,0.));
#2780 = ORIENTED_EDGE('',*,*,#1169,.F.);
#2781 = ORIENTED_EDGE('',*,*,#1237,.F.);
#2782 = PLANE('',#2783);
#2783 = AXIS2_PLACEMENT_3D('',#2784,#2785,#2786);
#2784 = CARTESIAN_POINT('',(-6.,-23.,0.));
#2785 = DIRECTION('',(0.,1.,0.));
#2786 = DIRECTION('',(-1.,0.,0.));
#2787 = ADVANCED_FACE('',(#2788),#2794,.F.);
#2788 = FACE_BOUND('',#2789,.F.);
#2789 = EDGE_LOOP('',(#2790,#2791,#2792,#2793));
#2790 = ORIENTED_EDGE('',*,*,#1271,.T.);
#2791 = ORIENTED_EDGE('',*,*,#2775,.T.);
#2792 = ORIENTED_EDGE('',*,*,#1179,.T.);
#2793 = ORIENTED_EDGE('',*,*,#1591,.T.);
#2794 = PLANE('',#2795);
#2795 = AXIS2_PLACEMENT_3D('',#2796,#2797,#2798);
#2796 = CARTESIAN_POINT('',(0.,-29.,-1.5));
#2797 = DIRECTION('',(0.,0.,1.));
#2798 = DIRECTION('',(1.,0.,0.));
#2799 = ADVANCED_FACE('',(#2800),#2820,.F.);
#2800 = FACE_BOUND('',#2801,.F.);
#2801 = EDGE_LOOP('',(#2802,#2803,#2812,#2819));
#2802 = ORIENTED_EDGE('',*,*,#1303,.T.);
#2803 = ORIENTED_EDGE('',*,*,#2804,.T.);
#2804 = EDGE_CURVE('',#1286,#2805,#2807,.T.);
#2805 = VERTEX_POINT('',#2806);
#2806 = CARTESIAN_POINT('',(13.9,-2.395306175629E-15,-21.575));
#2807 = CIRCLE('',#2808,0.375);
#2808 = AXIS2_PLACEMENT_3D('',#2809,#2810,#2811);
#2809 = CARTESIAN_POINT('',(13.9,-4.707345624411E-15,-21.2));
#2810 = DIRECTION('',(0.,-1.,2.22044604925E-16));
#2811 = DIRECTION('',(1.,0.,0.));
#2812 = ORIENTED_EDGE('',*,*,#2813,.F.);
#2813 = EDGE_CURVE('',#2805,#2805,#2814,.T.);
#2814 = CIRCLE('',#2815,13.9);
#2815 = AXIS2_PLACEMENT_3D('',#2816,#2817,#2818);
#2816 = CARTESIAN_POINT('',(0.,-4.790612351258E-15,-21.575));
#2817 = DIRECTION('',(-0.,2.22044604925E-16,1.));
#2818 = DIRECTION('',(0.,-1.,2.22044604925E-16));
#2819 = ORIENTED_EDGE('',*,*,#2804,.F.);
#2820 = TOROIDAL_SURFACE('',#2821,13.9,0.375);
#2821 = AXIS2_PLACEMENT_3D('',#2822,#2823,#2824);
#2822 = CARTESIAN_POINT('',(0.,-4.707345624411E-15,-21.2));
#2823 = DIRECTION('',(0.,2.22044604925E-16,1.));
#2824 = DIRECTION('',(1.,0.,0.));
#2825 = ADVANCED_FACE('',(#2826),#2837,.T.);
#2826 = FACE_BOUND('',#2827,.T.);
#2827 = EDGE_LOOP('',(#2828,#2829,#2830,#2831));
#2828 = ORIENTED_EDGE('',*,*,#1336,.F.);
#2829 = ORIENTED_EDGE('',*,*,#1294,.T.);
#2830 = ORIENTED_EDGE('',*,*,#1397,.T.);
#2831 = ORIENTED_EDGE('',*,*,#2832,.F.);
#2832 = EDGE_CURVE('',#1329,#1390,#2833,.T.);
#2833 = LINE('',#2834,#2835);
#2834 = CARTESIAN_POINT('',(0.229218454424,-13.866914,0.));
#2835 = VECTOR('',#2836,1.);
#2836 = DIRECTION('',(1.,0.,0.));
#2837 = PLANE('',#2838);
#2838 = AXIS2_PLACEMENT_3D('',#2839,#2840,#2841);
#2839 = CARTESIAN_POINT('',(1.258768054721E-15,-15.7041224151,0.));
#2840 = DIRECTION('',(0.,0.,1.));
#2841 = DIRECTION('',(1.,0.,0.));
#2842 = ADVANCED_FACE('',(#2843,#2877),#2888,.T.);
#2843 = FACE_BOUND('',#2844,.T.);
#2844 = EDGE_LOOP('',(#2845,#2855,#2863,#2871));
#2845 = ORIENTED_EDGE('',*,*,#2846,.T.);
#2846 = EDGE_CURVE('',#2847,#2849,#2851,.T.);
#2847 = VERTEX_POINT('',#2848);
#2848 = CARTESIAN_POINT('',(0.525007,-13.815081,0.5));
#2849 = VERTEX_POINT('',#2850);
#2850 = CARTESIAN_POINT('',(-0.285034,-13.815081,0.5));
#2851 = LINE('',#2852,#2853);
#2852 = CARTESIAN_POINT('',(0.525007,-13.815081,0.5));
#2853 = VECTOR('',#2854,1.);
#2854 = DIRECTION('',(-1.,0.,0.));
#2855 = ORIENTED_EDGE('',*,*,#2856,.T.);
#2856 = EDGE_CURVE('',#2849,#2857,#2859,.T.);
#2857 = VERTEX_POINT('',#2858);
#2858 = CARTESIAN_POINT('',(-0.285034,-16.729366,0.5));
#2859 = LINE('',#2860,#2861);
#2860 = CARTESIAN_POINT('',(-0.285034,-13.815081,0.5));
#2861 = VECTOR('',#2862,1.);
#2862 = DIRECTION('',(0.,-1.,0.));
#2863 = ORIENTED_EDGE('',*,*,#2864,.T.);
#2864 = EDGE_CURVE('',#2857,#2865,#2867,.T.);
#2865 = VERTEX_POINT('',#2866);
#2866 = CARTESIAN_POINT('',(0.525007,-16.729366,0.5));
#2867 = LINE('',#2868,#2869);
#2868 = CARTESIAN_POINT('',(-0.285034,-16.729366,0.5));
#2869 = VECTOR('',#2870,1.);
#2870 = DIRECTION('',(1.,0.,0.));
#2871 = ORIENTED_EDGE('',*,*,#2872,.T.);
#2872 = EDGE_CURVE('',#2865,#2847,#2873,.T.);
#2873 = LINE('',#2874,#2875);
#2874 = CARTESIAN_POINT('',(0.525007,-16.729366,0.5));
#2875 = VECTOR('',#2876,1.);
#2876 = DIRECTION('',(0.,1.,0.));
#2877 = FACE_BOUND('',#2878,.T.);
#2878 = EDGE_LOOP('',(#2879,#2880,#2881,#2887));
#2879 = ORIENTED_EDGE('',*,*,#1357,.T.);
#2880 = ORIENTED_EDGE('',*,*,#1318,.T.);
#2881 = ORIENTED_EDGE('',*,*,#2882,.T.);
#2882 = EDGE_CURVE('',#1321,#1382,#2883,.T.);
#2883 = LINE('',#2884,#2885);
#2884 = CARTESIAN_POINT('',(0.30782087179,-13.866914,0.5));
#2885 = VECTOR('',#2886,1.);
#2886 = DIRECTION('',(1.,0.,0.));
#2887 = ORIENTED_EDGE('',*,*,#1381,.F.);
#2888 = PLANE('',#2889);
#2889 = AXIS2_PLACEMENT_3D('',#2890,#2891,#2892);
#2890 = CARTESIAN_POINT('',(0.157204834733,-15.516914,0.5));
#2891 = DIRECTION('',(0.,0.,1.));
#2892 = DIRECTION('',(1.,0.,0.));
#2893 = ADVANCED_FACE('',(#2894),#2900,.F.);
#2894 = FACE_BOUND('',#2895,.F.);
#2895 = EDGE_LOOP('',(#2896,#2897,#2898,#2899));
#2896 = ORIENTED_EDGE('',*,*,#2882,.T.);
#2897 = ORIENTED_EDGE('',*,*,#1389,.T.);
#2898 = ORIENTED_EDGE('',*,*,#2832,.F.);
#2899 = ORIENTED_EDGE('',*,*,#1328,.F.);
#2900 = PLANE('',#2901);
#2901 = AXIS2_PLACEMENT_3D('',#2902,#2903,#2904);
#2902 = CARTESIAN_POINT('',(0.458436908847,-13.866914,4.));
#2903 = DIRECTION('',(0.,1.,0.));
#2904 = DIRECTION('',(-1.,0.,0.));
#2905 = ADVANCED_FACE('',(#2906),#2916,.F.);
#2906 = FACE_BOUND('',#2907,.F.);
#2907 = EDGE_LOOP('',(#2908,#2909,#2910));
#2908 = ORIENTED_EDGE('',*,*,#1477,.F.);
#2909 = ORIENTED_EDGE('',*,*,#1432,.F.);
#2910 = ORIENTED_EDGE('',*,*,#2911,.F.);
#2911 = EDGE_CURVE('',#1470,#1433,#2912,.T.);
#2912 = LINE('',#2913,#2914);
#2913 = CARTESIAN_POINT('',(20.,-39.,-28.));
#2914 = VECTOR('',#2915,1.);
#2915 = DIRECTION('',(-1.,-0.,-0.));
#2916 = PLANE('',#2917);
#2917 = AXIS2_PLACEMENT_3D('',#2918,#2919,#2920);
#2918 = CARTESIAN_POINT('',(20.,-39.,-29.));
#2919 = DIRECTION('',(0.,1.,0.));
#2920 = DIRECTION('',(0.,0.,1.));
#2921 = ADVANCED_FACE('',(#2922),#2933,.F.);
#2922 = FACE_BOUND('',#2923,.F.);
#2923 = EDGE_LOOP('',(#2924,#2925,#2926,#2927));
#2924 = ORIENTED_EDGE('',*,*,#1469,.F.);
#2925 = ORIENTED_EDGE('',*,*,#2911,.T.);
#2926 = ORIENTED_EDGE('',*,*,#1443,.T.);
#2927 = ORIENTED_EDGE('',*,*,#2928,.F.);
#2928 = EDGE_CURVE('',#1461,#1444,#2929,.T.);
#2929 = LINE('',#2930,#2931);
#2930 = CARTESIAN_POINT('',(20.,-40.,-28.));
#2931 = VECTOR('',#2932,1.);
#2932 = DIRECTION('',(-1.,-0.,-0.));
#2933 = PLANE('',#2934);
#2934 = AXIS2_PLACEMENT_3D('',#2935,#2936,#2937);
#2935 = CARTESIAN_POINT('',(20.,-39.,-28.));
#2936 = DIRECTION('',(0.,0.,1.));
#2937 = DIRECTION('',(0.,-1.,0.));
#2938 = ADVANCED_FACE('',(#2939),#2944,.F.);
#2939 = FACE_BOUND('',#2940,.F.);
#2940 = EDGE_LOOP('',(#2941,#2942,#2943));
#2941 = ORIENTED_EDGE('',*,*,#1460,.T.);
#2942 = ORIENTED_EDGE('',*,*,#2928,.T.);
#2943 = ORIENTED_EDGE('',*,*,#1451,.T.);
#2944 = PLANE('',#2945);
#2945 = AXIS2_PLACEMENT_3D('',#2946,#2947,#2948);
#2946 = CARTESIAN_POINT('',(20.,-40.,-28.));
#2947 = DIRECTION('',(0.,-1.,0.));
#2948 = DIRECTION('',(0.,0.,-1.));
#2949 = ADVANCED_FACE('',(#2950),#2960,.F.);
#2950 = FACE_BOUND('',#2951,.F.);
#2951 = EDGE_LOOP('',(#2952,#2953,#2954));
#2952 = ORIENTED_EDGE('',*,*,#1573,.F.);
#2953 = ORIENTED_EDGE('',*,*,#1528,.F.);
#2954 = ORIENTED_EDGE('',*,*,#2955,.F.);
#2955 = EDGE_CURVE('',#1566,#1529,#2956,.T.);
#2956 = LINE('',#2957,#2958);
#2957 = CARTESIAN_POINT('',(20.,-39.,-28.));
#2958 = VECTOR('',#2959,1.);
#2959 = DIRECTION('',(-1.,-0.,-0.));
#2960 = PLANE('',#2961);
#2961 = AXIS2_PLACEMENT_3D('',#2962,#2963,#2964);
#2962 = CARTESIAN_POINT('',(20.,-39.,-29.));
#2963 = DIRECTION('',(0.,1.,0.));
#2964 = DIRECTION('',(0.,0.,1.));
#2965 = ADVANCED_FACE('',(#2966),#2977,.F.);
#2966 = FACE_BOUND('',#2967,.F.);
#2967 = EDGE_LOOP('',(#2968,#2969,#2970,#2971));
#2968 = ORIENTED_EDGE('',*,*,#1565,.F.);
#2969 = ORIENTED_EDGE('',*,*,#2955,.T.);
#2970 = ORIENTED_EDGE('',*,*,#1539,.T.);
#2971 = ORIENTED_EDGE('',*,*,#2972,.F.);
#2972 = EDGE_CURVE('',#1557,#1540,#2973,.T.);
#2973 = LINE('',#2974,#2975);
#2974 = CARTESIAN_POINT('',(20.,-40.,-28.));
#2975 = VECTOR('',#2976,1.);
#2976 = DIRECTION('',(-1.,-0.,-0.));
#2977 = PLANE('',#2978);
#2978 = AXIS2_PLACEMENT_3D('',#2979,#2980,#2981);
#2979 = CARTESIAN_POINT('',(20.,-39.,-28.));
#2980 = DIRECTION('',(0.,0.,1.));
#2981 = DIRECTION('',(0.,-1.,0.));
#2982 = ADVANCED_FACE('',(#2983),#2988,.F.);
#2983 = FACE_BOUND('',#2984,.F.);
#2984 = EDGE_LOOP('',(#2985,#2986,#2987));
#2985 = ORIENTED_EDGE('',*,*,#1556,.T.);
#2986 = ORIENTED_EDGE('',*,*,#2972,.T.);
#2987 = ORIENTED_EDGE('',*,*,#1547,.T.);
#2988 = PLANE('',#2989);
#2989 = AXIS2_PLACEMENT_3D('',#2990,#2991,#2992);
#2990 = CARTESIAN_POINT('',(20.,-40.,-28.));
#2991 = DIRECTION('',(0.,-1.,0.));
#2992 = DIRECTION('',(0.,0.,-1.));
#2993 = ADVANCED_FACE('',(#2994,#2997),#3008,.T.);
#2994 = FACE_BOUND('',#2995,.T.);
#2995 = EDGE_LOOP('',(#2996));
#2996 = ORIENTED_EDGE('',*,*,#1630,.T.);
#2997 = FACE_BOUND('',#2998,.T.);
#2998 = EDGE_LOOP('',(#2999));
#2999 = ORIENTED_EDGE('',*,*,#3000,.T.);
#3000 = EDGE_CURVE('',#3001,#3001,#3003,.T.);
#3001 = VERTEX_POINT('',#3002);
#3002 = CARTESIAN_POINT('',(-14.4,-37.,-25.));
#3003 = CIRCLE('',#3004,1.6);
#3004 = AXIS2_PLACEMENT_3D('',#3005,#3006,#3007);
#3005 = CARTESIAN_POINT('',(-16.,-37.,-25.));
#3006 = DIRECTION('',(0.,-1.,2.22044604925E-16));
#3007 = DIRECTION('',(1.,0.,0.));
#3008 = PLANE('',#3009);
#3009 = AXIS2_PLACEMENT_3D('',#3010,#3011,#3012);
#3010 = CARTESIAN_POINT('',(0.,-37.,-25.));
#3011 = DIRECTION('',(0.,1.,0.));
#3012 = DIRECTION('',(0.,0.,1.));
#3013 = ADVANCED_FACE('',(#3014,#3017),#3028,.T.);
#3014 = FACE_BOUND('',#3015,.T.);
#3015 = EDGE_LOOP('',(#3016));
#3016 = ORIENTED_EDGE('',*,*,#1655,.T.);
#3017 = FACE_BOUND('',#3018,.T.);
#3018 = EDGE_LOOP('',(#3019));
#3019 = ORIENTED_EDGE('',*,*,#3020,.T.);
#3020 = EDGE_CURVE('',#3021,#3021,#3023,.T.);
#3021 = VERTEX_POINT('',#3022);
#3022 = CARTESIAN_POINT('',(17.6,-37.,-25.));
#3023 = CIRCLE('',#3024,1.6);
#3024 = AXIS2_PLACEMENT_3D('',#3025,#3026,#3027);
#3025 = CARTESIAN_POINT('',(16.,-37.,-25.));
#3026 = DIRECTION('',(0.,-1.,2.22044604925E-16));
#3027 = DIRECTION('',(1.,0.,0.));
#3028 = PLANE('',#3029);
#3029 = AXIS2_PLACEMENT_3D('',#3030,#3031,#3032);
#3030 = CARTESIAN_POINT('',(0.,-37.,-25.));
#3031 = DIRECTION('',(0.,1.,0.));
#3032 = DIRECTION('',(0.,0.,1.));
#3033 = ADVANCED_FACE('',(#3034),#3045,.F.);
#3034 = FACE_BOUND('',#3035,.F.);
#3035 = EDGE_LOOP('',(#3036,#3037,#3043,#3044));
#3036 = ORIENTED_EDGE('',*,*,#1685,.F.);
#3037 = ORIENTED_EDGE('',*,*,#3038,.T.);
#3038 = EDGE_CURVE('',#1686,#3001,#3039,.T.);
#3039 = LINE('',#3040,#3041);
#3040 = CARTESIAN_POINT('',(-14.4,-42.,-25.));
#3041 = VECTOR('',#3042,1.);
#3042 = DIRECTION('',(0.,1.,-2.22044604925E-16));
#3043 = ORIENTED_EDGE('',*,*,#3000,.T.);
#3044 = ORIENTED_EDGE('',*,*,#3038,.F.);
#3045 = CYLINDRICAL_SURFACE('',#3046,1.6);
#3046 = AXIS2_PLACEMENT_3D('',#3047,#3048,#3049);
#3047 = CARTESIAN_POINT('',(-16.,-42.,-25.));
#3048 = DIRECTION('',(0.,-1.,2.22044604925E-16));
#3049 = DIRECTION('',(1.,0.,0.));
#3050 = ADVANCED_FACE('',(#3051),#3062,.F.);
#3051 = FACE_BOUND('',#3052,.F.);
#3052 = EDGE_LOOP('',(#3053,#3054,#3060,#3061));
#3053 = ORIENTED_EDGE('',*,*,#1696,.F.);
#3054 = ORIENTED_EDGE('',*,*,#3055,.T.);
#3055 = EDGE_CURVE('',#1697,#3021,#3056,.T.);
#3056 = LINE('',#3057,#3058);
#3057 = CARTESIAN_POINT('',(17.6,-42.,-25.));
#3058 = VECTOR('',#3059,1.);
#3059 = DIRECTION('',(0.,1.,-2.22044604925E-16));
#3060 = ORIENTED_EDGE('',*,*,#3020,.T.);
#3061 = ORIENTED_EDGE('',*,*,#3055,.F.);
#3062 = CYLINDRICAL_SURFACE('',#3063,1.6);
#3063 = AXIS2_PLACEMENT_3D('',#3064,#3065,#3066);
#3064 = CARTESIAN_POINT('',(16.,-42.,-25.));
#3065 = DIRECTION('',(0.,-1.,2.22044604925E-16));
#3066 = DIRECTION('',(1.,0.,0.));
#3067 = ADVANCED_FACE('',(#3068),#3089,.T.);
#3068 = FACE_BOUND('',#3069,.T.);
#3069 = EDGE_LOOP('',(#3070,#3071,#3072,#3073,#3074,#3075,#3076,#3077,
    #3078,#3079,#3080,#3081,#3082,#3088));
#3070 = ORIENTED_EDGE('',*,*,#1806,.F.);
#3071 = ORIENTED_EDGE('',*,*,#1857,.T.);
#3072 = ORIENTED_EDGE('',*,*,#1873,.F.);
#3073 = ORIENTED_EDGE('',*,*,#1897,.F.);
#3074 = ORIENTED_EDGE('',*,*,#1921,.F.);
#3075 = ORIENTED_EDGE('',*,*,#1953,.T.);
#3076 = ORIENTED_EDGE('',*,*,#1967,.F.);
#3077 = ORIENTED_EDGE('',*,*,#1999,.F.);
#3078 = ORIENTED_EDGE('',*,*,#2024,.T.);
#3079 = ORIENTED_EDGE('',*,*,#2048,.T.);
#3080 = ORIENTED_EDGE('',*,*,#2072,.T.);
#3081 = ORIENTED_EDGE('',*,*,#2097,.F.);
#3082 = ORIENTED_EDGE('',*,*,#3083,.T.);
#3083 = EDGE_CURVE('',#2088,#2334,#3084,.T.);
#3084 = LINE('',#3085,#3086);
#3085 = CARTESIAN_POINT('',(17.5,2.5,4.));
#3086 = VECTOR('',#3087,1.);
#3087 = DIRECTION('',(-0.,-0.,-1.));
#3088 = ORIENTED_EDGE('',*,*,#2333,.T.);
#3089 = PLANE('',#3090);
#3090 = AXIS2_PLACEMENT_3D('',#3091,#3092,#3093);
#3091 = CARTESIAN_POINT('',(17.5,-20.3530927835,2.603092783505));
#3092 = DIRECTION('',(-1.,-0.,-0.));
#3093 = DIRECTION('',(0.,0.,-1.));
#3094 = ADVANCED_FACE('',(#3095),#3111,.T.);
#3095 = FACE_BOUND('',#3096,.T.);
#3096 = EDGE_LOOP('',(#3097,#3098,#3099,#3100,#3101,#3102,#3103,#3104,
    #3105,#3106,#3107,#3108,#3109,#3110));
#3097 = ORIENTED_EDGE('',*,*,#2483,.F.);
#3098 = ORIENTED_EDGE('',*,*,#2526,.T.);
#3099 = ORIENTED_EDGE('',*,*,#2541,.T.);
#3100 = ORIENTED_EDGE('',*,*,#2565,.T.);
#3101 = ORIENTED_EDGE('',*,*,#2589,.T.);
#3102 = ORIENTED_EDGE('',*,*,#2623,.T.);
#3103 = ORIENTED_EDGE('',*,*,#2646,.F.);
#3104 = ORIENTED_EDGE('',*,*,#2662,.T.);
#3105 = ORIENTED_EDGE('',*,*,#2685,.F.);
#3106 = ORIENTED_EDGE('',*,*,#2709,.F.);
#3107 = ORIENTED_EDGE('',*,*,#2735,.F.);
#3108 = ORIENTED_EDGE('',*,*,#2758,.T.);
#3109 = ORIENTED_EDGE('',*,*,#1822,.T.);
#3110 = ORIENTED_EDGE('',*,*,#2326,.T.);
#3111 = PLANE('',#3112);
#3112 = AXIS2_PLACEMENT_3D('',#3113,#3114,#3115);
#3113 = CARTESIAN_POINT('',(13.5,-37.2410714286,2.241071428569));
#3114 = DIRECTION('',(1.,0.,3.625659369569E-16));
#3115 = DIRECTION('',(-3.625659369569E-16,0.,1.));
#3116 = ADVANCED_FACE('',(#3117),#3144,.T.);
#3117 = FACE_BOUND('',#3118,.T.);
#3118 = EDGE_LOOP('',(#3119,#3120,#3121,#3129,#3137,#3143));
#3119 = ORIENTED_EDGE('',*,*,#3083,.F.);
#3120 = ORIENTED_EDGE('',*,*,#2087,.T.);
#3121 = ORIENTED_EDGE('',*,*,#3122,.T.);
#3122 = EDGE_CURVE('',#2090,#3123,#3125,.T.);
#3123 = VERTEX_POINT('',#3124);
#3124 = CARTESIAN_POINT('',(11.5,2.5,-6.));
#3125 = LINE('',#3126,#3127);
#3126 = CARTESIAN_POINT('',(11.5,2.5,4.));
#3127 = VECTOR('',#3128,1.);
#3128 = DIRECTION('',(-0.,-0.,-1.));
#3129 = ORIENTED_EDGE('',*,*,#3130,.F.);
#3130 = EDGE_CURVE('',#3131,#3123,#3133,.T.);
#3131 = VERTEX_POINT('',#3132);
#3132 = CARTESIAN_POINT('',(13.5,2.5,-6.));
#3133 = LINE('',#3134,#3135);
#3134 = CARTESIAN_POINT('',(13.5,2.5,-6.));
#3135 = VECTOR('',#3136,1.);
#3136 = DIRECTION('',(-1.,0.,0.));
#3137 = ORIENTED_EDGE('',*,*,#3138,.F.);
#3138 = EDGE_CURVE('',#2342,#3131,#3139,.T.);
#3139 = LINE('',#3140,#3141);
#3140 = CARTESIAN_POINT('',(13.5,2.5,4.));
#3141 = VECTOR('',#3142,1.);
#3142 = DIRECTION('',(-0.,-0.,-1.));
#3143 = ORIENTED_EDGE('',*,*,#2341,.T.);
#3144 = PLANE('',#3145);
#3145 = AXIS2_PLACEMENT_3D('',#3146,#3147,#3148);
#3146 = CARTESIAN_POINT('',(13.5625,2.5,-6.25E-02));
#3147 = DIRECTION('',(-0.,-1.,-0.));
#3148 = DIRECTION('',(0.,0.,-1.));
#3149 = ADVANCED_FACE('',(#3150),#3200,.T.);
#3150 = FACE_BOUND('',#3151,.T.);
#3151 = EDGE_LOOP('',(#3152,#3160,#3168,#3176,#3184,#3192,#3198,#3199));
#3152 = ORIENTED_EDGE('',*,*,#3153,.F.);
#3153 = EDGE_CURVE('',#3154,#2142,#3156,.T.);
#3154 = VERTEX_POINT('',#3155);
#3155 = CARTESIAN_POINT('',(11.5,6.200000357628,-20.3));
#3156 = LINE('',#3157,#3158);
#3157 = CARTESIAN_POINT('',(11.5,6.200000357628,0.));
#3158 = VECTOR('',#3159,1.);
#3159 = DIRECTION('',(0.,0.,1.));
#3160 = ORIENTED_EDGE('',*,*,#3161,.T.);
#3161 = EDGE_CURVE('',#3154,#3162,#3164,.T.);
#3162 = VERTEX_POINT('',#3163);
#3163 = CARTESIAN_POINT('',(11.5,-6.200000357721,-20.3));
#3164 = LINE('',#3165,#3166);
#3165 = CARTESIAN_POINT('',(11.5,6.200000357628,-20.3));
#3166 = VECTOR('',#3167,1.);
#3167 = DIRECTION('',(0.,-1.,0.));
#3168 = ORIENTED_EDGE('',*,*,#3169,.T.);
#3169 = EDGE_CURVE('',#3162,#3170,#3172,.T.);
#3170 = VERTEX_POINT('',#3171);
#3171 = CARTESIAN_POINT('',(11.5,-6.200000357628,4.));
#3172 = LINE('',#3173,#3174);
#3173 = CARTESIAN_POINT('',(11.5,-6.200000357628,0.));
#3174 = VECTOR('',#3175,1.);
#3175 = DIRECTION('',(0.,0.,1.));
#3176 = ORIENTED_EDGE('',*,*,#3177,.F.);
#3177 = EDGE_CURVE('',#3178,#3170,#3180,.T.);
#3178 = VERTEX_POINT('',#3179);
#3179 = CARTESIAN_POINT('',(11.5,-2.5,4.));
#3180 = LINE('',#3181,#3182);
#3181 = CARTESIAN_POINT('',(11.5,-10.95206138636,4.));
#3182 = VECTOR('',#3183,1.);
#3183 = DIRECTION('',(0.,-1.,0.));
#3184 = ORIENTED_EDGE('',*,*,#3185,.T.);
#3185 = EDGE_CURVE('',#3178,#3186,#3188,.T.);
#3186 = VERTEX_POINT('',#3187);
#3187 = CARTESIAN_POINT('',(11.5,-2.5,-6.));
#3188 = LINE('',#3189,#3190);
#3189 = CARTESIAN_POINT('',(11.5,-2.5,4.));
#3190 = VECTOR('',#3191,1.);
#3191 = DIRECTION('',(-0.,-0.,-1.));
#3192 = ORIENTED_EDGE('',*,*,#3193,.F.);
#3193 = EDGE_CURVE('',#3123,#3186,#3194,.T.);
#3194 = LINE('',#3195,#3196);
#3195 = CARTESIAN_POINT('',(11.5,2.5,-6.));
#3196 = VECTOR('',#3197,1.);
#3197 = DIRECTION('',(0.,-1.,0.));
#3198 = ORIENTED_EDGE('',*,*,#3122,.F.);
#3199 = ORIENTED_EDGE('',*,*,#2149,.F.);
#3200 = PLANE('',#3201);
#3201 = AXIS2_PLACEMENT_3D('',#3202,#3203,#3204);
#3202 = CARTESIAN_POINT('',(11.5,-1.737268272211E-16,-10.25));
#3203 = DIRECTION('',(-1.,-0.,-0.));
#3204 = DIRECTION('',(0.,0.,-1.));
#3205 = ADVANCED_FACE('',(#3206),#3224,.T.);
#3206 = FACE_BOUND('',#3207,.T.);
#3207 = EDGE_LOOP('',(#3208,#3209,#3217,#3223));
#3208 = ORIENTED_EDGE('',*,*,#2141,.F.);
#3209 = ORIENTED_EDGE('',*,*,#3210,.T.);
#3210 = EDGE_CURVE('',#2134,#3211,#3213,.T.);
#3211 = VERTEX_POINT('',#3212);
#3212 = CARTESIAN_POINT('',(-11.5,6.200000357628,-20.3));
#3213 = LINE('',#3214,#3215);
#3214 = CARTESIAN_POINT('',(-11.5,6.200000357628,0.));
#3215 = VECTOR('',#3216,1.);
#3216 = DIRECTION('',(-0.,-0.,-1.));
#3217 = ORIENTED_EDGE('',*,*,#3218,.T.);
#3218 = EDGE_CURVE('',#3211,#3154,#3219,.T.);
#3219 = LINE('',#3220,#3221);
#3220 = CARTESIAN_POINT('',(-11.5,6.200000357628,-20.3));
#3221 = VECTOR('',#3222,1.);
#3222 = DIRECTION('',(1.,0.,0.));
#3223 = ORIENTED_EDGE('',*,*,#3153,.T.);
#3224 = PLANE('',#3225);
#3225 = AXIS2_PLACEMENT_3D('',#3226,#3227,#3228);
#3226 = CARTESIAN_POINT('',(0.,6.200000357628,-10.25));
#3227 = DIRECTION('',(-0.,-1.,-0.));
#3228 = DIRECTION('',(0.,0.,-1.));
#3229 = ADVANCED_FACE('',(#3230),#3280,.T.);
#3230 = FACE_BOUND('',#3231,.T.);
#3231 = EDGE_LOOP('',(#3232,#3242,#3248,#3249,#3250,#3258,#3266,#3274));
#3232 = ORIENTED_EDGE('',*,*,#3233,.F.);
#3233 = EDGE_CURVE('',#3234,#3236,#3238,.T.);
#3234 = VERTEX_POINT('',#3235);
#3235 = CARTESIAN_POINT('',(-11.5,-6.200000357721,-20.3));
#3236 = VERTEX_POINT('',#3237);
#3237 = CARTESIAN_POINT('',(-11.5,-6.200000357628,4.));
#3238 = LINE('',#3239,#3240);
#3239 = CARTESIAN_POINT('',(-11.5,-6.200000357628,0.));
#3240 = VECTOR('',#3241,1.);
#3241 = DIRECTION('',(0.,0.,1.));
#3242 = ORIENTED_EDGE('',*,*,#3243,.T.);
#3243 = EDGE_CURVE('',#3234,#3211,#3244,.T.);
#3244 = LINE('',#3245,#3246);
#3245 = CARTESIAN_POINT('',(-11.5,-6.200000357721,-20.3));
#3246 = VECTOR('',#3247,1.);
#3247 = DIRECTION('',(0.,1.,0.));
#3248 = ORIENTED_EDGE('',*,*,#3210,.F.);
#3249 = ORIENTED_EDGE('',*,*,#2133,.F.);
#3250 = ORIENTED_EDGE('',*,*,#3251,.T.);
#3251 = EDGE_CURVE('',#2126,#3252,#3254,.T.);
#3252 = VERTEX_POINT('',#3253);
#3253 = CARTESIAN_POINT('',(-11.5,2.5,-6.));
#3254 = LINE('',#3255,#3256);
#3255 = CARTESIAN_POINT('',(-11.5,2.5,4.));
#3256 = VECTOR('',#3257,1.);
#3257 = DIRECTION('',(-0.,-0.,-1.));
#3258 = ORIENTED_EDGE('',*,*,#3259,.F.);
#3259 = EDGE_CURVE('',#3260,#3252,#3262,.T.);
#3260 = VERTEX_POINT('',#3261);
#3261 = CARTESIAN_POINT('',(-11.5,-2.5,-6.));
#3262 = LINE('',#3263,#3264);
#3263 = CARTESIAN_POINT('',(-11.5,-2.5,-6.));
#3264 = VECTOR('',#3265,1.);
#3265 = DIRECTION('',(0.,1.,0.));
#3266 = ORIENTED_EDGE('',*,*,#3267,.F.);
#3267 = EDGE_CURVE('',#3268,#3260,#3270,.T.);
#3268 = VERTEX_POINT('',#3269);
#3269 = CARTESIAN_POINT('',(-11.5,-2.5,4.));
#3270 = LINE('',#3271,#3272);
#3271 = CARTESIAN_POINT('',(-11.5,-2.5,4.));
#3272 = VECTOR('',#3273,1.);
#3273 = DIRECTION('',(-0.,-0.,-1.));
#3274 = ORIENTED_EDGE('',*,*,#3275,.F.);
#3275 = EDGE_CURVE('',#3236,#3268,#3276,.T.);
#3276 = LINE('',#3277,#3278);
#3277 = CARTESIAN_POINT('',(-11.5,-4.752061028738,4.));
#3278 = VECTOR('',#3279,1.);
#3279 = DIRECTION('',(0.,1.,0.));
#3280 = PLANE('',#3281);
#3281 = AXIS2_PLACEMENT_3D('',#3282,#3283,#3284);
#3282 = CARTESIAN_POINT('',(-11.5,3.474536544421E-16,-10.25));
#3283 = DIRECTION('',(1.,0.,0.));
#3284 = DIRECTION('',(0.,0.,1.));
#3285 = ADVANCED_FACE('',(#3286),#3311,.T.);
#3286 = FACE_BOUND('',#3287,.T.);
#3287 = EDGE_LOOP('',(#3288,#3289,#3290,#3296,#3297,#3305));
#3288 = ORIENTED_EDGE('',*,*,#3251,.F.);
#3289 = ORIENTED_EDGE('',*,*,#2125,.T.);
#3290 = ORIENTED_EDGE('',*,*,#3291,.T.);
#3291 = EDGE_CURVE('',#2118,#2295,#3292,.T.);
#3292 = LINE('',#3293,#3294);
#3293 = CARTESIAN_POINT('',(-17.5,2.5,4.));
#3294 = VECTOR('',#3295,1.);
#3295 = DIRECTION('',(-0.,-0.,-1.));
#3296 = ORIENTED_EDGE('',*,*,#2294,.F.);
#3297 = ORIENTED_EDGE('',*,*,#3298,.T.);
#3298 = EDGE_CURVE('',#2285,#3299,#3301,.T.);
#3299 = VERTEX_POINT('',#3300);
#3300 = CARTESIAN_POINT('',(-13.5,2.5,-6.));
#3301 = LINE('',#3302,#3303);
#3302 = CARTESIAN_POINT('',(-13.5,2.5,4.));
#3303 = VECTOR('',#3304,1.);
#3304 = DIRECTION('',(-0.,-0.,-1.));
#3305 = ORIENTED_EDGE('',*,*,#3306,.F.);
#3306 = EDGE_CURVE('',#3252,#3299,#3307,.T.);
#3307 = LINE('',#3308,#3309);
#3308 = CARTESIAN_POINT('',(-11.5,2.5,-6.));
#3309 = VECTOR('',#3310,1.);
#3310 = DIRECTION('',(-1.,0.,0.));
#3311 = PLANE('',#3312);
#3312 = AXIS2_PLACEMENT_3D('',#3313,#3314,#3315);
#3313 = CARTESIAN_POINT('',(-13.5625,2.5,-6.25E-02));
#3314 = DIRECTION('',(-0.,-1.,-0.));
#3315 = DIRECTION('',(0.,0.,-1.));
#3316 = ADVANCED_FACE('',(#3317),#3323,.F.);
#3317 = FACE_BOUND('',#3318,.F.);
#3318 = EDGE_LOOP('',(#3319,#3320,#3321,#3322));
#3319 = ORIENTED_EDGE('',*,*,#3291,.T.);
#3320 = ORIENTED_EDGE('',*,*,#2302,.T.);
#3321 = ORIENTED_EDGE('',*,*,#2260,.F.);
#3322 = ORIENTED_EDGE('',*,*,#2117,.F.);
#3323 = PLANE('',#3324);
#3324 = AXIS2_PLACEMENT_3D('',#3325,#3326,#3327);
#3325 = CARTESIAN_POINT('',(-17.5,2.5,4.));
#3326 = DIRECTION('',(-1.,0.,0.));
#3327 = DIRECTION('',(0.,-1.,0.));
#3328 = ADVANCED_FACE('',(#3329),#3354,.F.);
#3329 = FACE_BOUND('',#3330,.F.);
#3330 = EDGE_LOOP('',(#3331,#3339,#3347,#3353));
#3331 = ORIENTED_EDGE('',*,*,#3332,.T.);
#3332 = EDGE_CURVE('',#2158,#3333,#3335,.T.);
#3333 = VERTEX_POINT('',#3334);
#3334 = CARTESIAN_POINT('',(-19.3,-12.18771309859,2.));
#3335 = LINE('',#3336,#3337);
#3336 = CARTESIAN_POINT('',(-19.3,-12.18771309859,4.));
#3337 = VECTOR('',#3338,1.);
#3338 = DIRECTION('',(-0.,-0.,-1.));
#3339 = ORIENTED_EDGE('',*,*,#3340,.T.);
#3340 = EDGE_CURVE('',#3333,#3341,#3343,.T.);
#3341 = VERTEX_POINT('',#3342);
#3342 = CARTESIAN_POINT('',(-19.3,-18.18771309859,2.));
#3343 = LINE('',#3344,#3345);
#3344 = CARTESIAN_POINT('',(-19.3,-12.18771309859,2.));
#3345 = VECTOR('',#3346,1.);
#3346 = DIRECTION('',(0.,-1.,0.));
#3347 = ORIENTED_EDGE('',*,*,#3348,.F.);
#3348 = EDGE_CURVE('',#2160,#3341,#3349,.T.);
#3349 = LINE('',#3350,#3351);
#3350 = CARTESIAN_POINT('',(-19.3,-18.18771309859,4.));
#3351 = VECTOR('',#3352,1.);
#3352 = DIRECTION('',(-0.,-0.,-1.));
#3353 = ORIENTED_EDGE('',*,*,#2157,.F.);
#3354 = PLANE('',#3355);
#3355 = AXIS2_PLACEMENT_3D('',#3356,#3357,#3358);
#3356 = CARTESIAN_POINT('',(-19.3,-12.18771309859,4.));
#3357 = DIRECTION('',(-1.,0.,0.));
#3358 = DIRECTION('',(0.,-1.,0.));
#3359 = ADVANCED_FACE('',(#3360),#3378,.F.);
#3360 = FACE_BOUND('',#3361,.F.);
#3361 = EDGE_LOOP('',(#3362,#3370,#3376,#3377));
#3362 = ORIENTED_EDGE('',*,*,#3363,.T.);
#3363 = EDGE_CURVE('',#2168,#3364,#3366,.T.);
#3364 = VERTEX_POINT('',#3365);
#3365 = CARTESIAN_POINT('',(-18.3,-12.18771309859,2.));
#3366 = LINE('',#3367,#3368);
#3367 = CARTESIAN_POINT('',(-18.3,-12.18771309859,4.));
#3368 = VECTOR('',#3369,1.);
#3369 = DIRECTION('',(-0.,-0.,-1.));
#3370 = ORIENTED_EDGE('',*,*,#3371,.T.);
#3371 = EDGE_CURVE('',#3364,#3333,#3372,.T.);
#3372 = LINE('',#3373,#3374);
#3373 = CARTESIAN_POINT('',(-18.3,-12.18771309859,2.));
#3374 = VECTOR('',#3375,1.);
#3375 = DIRECTION('',(-1.,0.,0.));
#3376 = ORIENTED_EDGE('',*,*,#3332,.F.);
#3377 = ORIENTED_EDGE('',*,*,#2167,.F.);
#3378 = PLANE('',#3379);
#3379 = AXIS2_PLACEMENT_3D('',#3380,#3381,#3382);
#3380 = CARTESIAN_POINT('',(-18.3,-12.18771309859,4.));
#3381 = DIRECTION('',(0.,1.,0.));
#3382 = DIRECTION('',(-1.,0.,0.));
#3383 = ADVANCED_FACE('',(#3384),#3402,.F.);
#3384 = FACE_BOUND('',#3385,.F.);
#3385 = EDGE_LOOP('',(#3386,#3387,#3395,#3401));
#3386 = ORIENTED_EDGE('',*,*,#3348,.T.);
#3387 = ORIENTED_EDGE('',*,*,#3388,.T.);
#3388 = EDGE_CURVE('',#3341,#3389,#3391,.T.);
#3389 = VERTEX_POINT('',#3390);
#3390 = CARTESIAN_POINT('',(-18.3,-18.18771309859,2.));
#3391 = LINE('',#3392,#3393);
#3392 = CARTESIAN_POINT('',(-19.3,-18.18771309859,2.));
#3393 = VECTOR('',#3394,1.);
#3394 = DIRECTION('',(1.,0.,0.));
#3395 = ORIENTED_EDGE('',*,*,#3396,.F.);
#3396 = EDGE_CURVE('',#2176,#3389,#3397,.T.);
#3397 = LINE('',#3398,#3399);
#3398 = CARTESIAN_POINT('',(-18.3,-18.18771309859,4.));
#3399 = VECTOR('',#3400,1.);
#3400 = DIRECTION('',(-0.,-0.,-1.));
#3401 = ORIENTED_EDGE('',*,*,#2183,.F.);
#3402 = PLANE('',#3403);
#3403 = AXIS2_PLACEMENT_3D('',#3404,#3405,#3406);
#3404 = CARTESIAN_POINT('',(-19.3,-18.18771309859,4.));
#3405 = DIRECTION('',(0.,-1.,0.));
#3406 = DIRECTION('',(1.,0.,0.));
#3407 = ADVANCED_FACE('',(#3408),#3419,.F.);
#3408 = FACE_BOUND('',#3409,.F.);
#3409 = EDGE_LOOP('',(#3410,#3411,#3417,#3418));
#3410 = ORIENTED_EDGE('',*,*,#3396,.T.);
#3411 = ORIENTED_EDGE('',*,*,#3412,.T.);
#3412 = EDGE_CURVE('',#3389,#3364,#3413,.T.);
#3413 = LINE('',#3414,#3415);
#3414 = CARTESIAN_POINT('',(-18.3,-18.18771309859,2.));
#3415 = VECTOR('',#3416,1.);
#3416 = DIRECTION('',(0.,1.,0.));
#3417 = ORIENTED_EDGE('',*,*,#3363,.F.);
#3418 = ORIENTED_EDGE('',*,*,#2175,.F.);
#3419 = PLANE('',#3420);
#3420 = AXIS2_PLACEMENT_3D('',#3421,#3422,#3423);
#3421 = CARTESIAN_POINT('',(-18.3,-18.18771309859,4.));
#3422 = DIRECTION('',(1.,0.,0.));
#3423 = DIRECTION('',(0.,1.,0.));
#3424 = ADVANCED_FACE('',(#3425),#3450,.F.);
#3425 = FACE_BOUND('',#3426,.F.);
#3426 = EDGE_LOOP('',(#3427,#3435,#3443,#3449));
#3427 = ORIENTED_EDGE('',*,*,#3428,.T.);
#3428 = EDGE_CURVE('',#2192,#3429,#3431,.T.);
#3429 = VERTEX_POINT('',#3430);
#3430 = CARTESIAN_POINT('',(19.3,-12.18771309859,2.));
#3431 = LINE('',#3432,#3433);
#3432 = CARTESIAN_POINT('',(19.3,-12.18771309859,4.));
#3433 = VECTOR('',#3434,1.);
#3434 = DIRECTION('',(-0.,-0.,-1.));
#3435 = ORIENTED_EDGE('',*,*,#3436,.T.);
#3436 = EDGE_CURVE('',#3429,#3437,#3439,.T.);
#3437 = VERTEX_POINT('',#3438);
#3438 = CARTESIAN_POINT('',(18.3,-12.18771309859,2.));
#3439 = LINE('',#3440,#3441);
#3440 = CARTESIAN_POINT('',(19.3,-12.18771309859,2.));
#3441 = VECTOR('',#3442,1.);
#3442 = DIRECTION('',(-1.,0.,0.));
#3443 = ORIENTED_EDGE('',*,*,#3444,.F.);
#3444 = EDGE_CURVE('',#2194,#3437,#3445,.T.);
#3445 = LINE('',#3446,#3447);
#3446 = CARTESIAN_POINT('',(18.3,-12.18771309859,4.));
#3447 = VECTOR('',#3448,1.);
#3448 = DIRECTION('',(-0.,-0.,-1.));
#3449 = ORIENTED_EDGE('',*,*,#2191,.F.);
#3450 = PLANE('',#3451);
#3451 = AXIS2_PLACEMENT_3D('',#3452,#3453,#3454);
#3452 = CARTESIAN_POINT('',(19.3,-12.18771309859,4.));
#3453 = DIRECTION('',(0.,1.,0.));
#3454 = DIRECTION('',(-1.,0.,0.));
#3455 = ADVANCED_FACE('',(#3456),#3474,.F.);
#3456 = FACE_BOUND('',#3457,.F.);
#3457 = EDGE_LOOP('',(#3458,#3466,#3472,#3473));
#3458 = ORIENTED_EDGE('',*,*,#3459,.T.);
#3459 = EDGE_CURVE('',#2202,#3460,#3462,.T.);
#3460 = VERTEX_POINT('',#3461);
#3461 = CARTESIAN_POINT('',(19.3,-18.18771309859,2.));
#3462 = LINE('',#3463,#3464);
#3463 = CARTESIAN_POINT('',(19.3,-18.18771309859,4.));
#3464 = VECTOR('',#3465,1.);
#3465 = DIRECTION('',(-0.,-0.,-1.));
#3466 = ORIENTED_EDGE('',*,*,#3467,.T.);
#3467 = EDGE_CURVE('',#3460,#3429,#3468,.T.);
#3468 = LINE('',#3469,#3470);
#3469 = CARTESIAN_POINT('',(19.3,-18.18771309859,2.));
#3470 = VECTOR('',#3471,1.);
#3471 = DIRECTION('',(0.,1.,0.));
#3472 = ORIENTED_EDGE('',*,*,#3428,.F.);
#3473 = ORIENTED_EDGE('',*,*,#2201,.F.);
#3474 = PLANE('',#3475);
#3475 = AXIS2_PLACEMENT_3D('',#3476,#3477,#3478);
#3476 = CARTESIAN_POINT('',(19.3,-18.18771309859,4.));
#3477 = DIRECTION('',(1.,0.,0.));
#3478 = DIRECTION('',(0.,1.,0.));
#3479 = ADVANCED_FACE('',(#3480),#3498,.F.);
#3480 = FACE_BOUND('',#3481,.F.);
#3481 = EDGE_LOOP('',(#3482,#3483,#3491,#3497));
#3482 = ORIENTED_EDGE('',*,*,#3444,.T.);
#3483 = ORIENTED_EDGE('',*,*,#3484,.T.);
#3484 = EDGE_CURVE('',#3437,#3485,#3487,.T.);
#3485 = VERTEX_POINT('',#3486);
#3486 = CARTESIAN_POINT('',(18.3,-18.18771309859,2.));
#3487 = LINE('',#3488,#3489);
#3488 = CARTESIAN_POINT('',(18.3,-12.18771309859,2.));
#3489 = VECTOR('',#3490,1.);
#3490 = DIRECTION('',(0.,-1.,0.));
#3491 = ORIENTED_EDGE('',*,*,#3492,.F.);
#3492 = EDGE_CURVE('',#2210,#3485,#3493,.T.);
#3493 = LINE('',#3494,#3495);
#3494 = CARTESIAN_POINT('',(18.3,-18.18771309859,4.));
#3495 = VECTOR('',#3496,1.);
#3496 = DIRECTION('',(-0.,-0.,-1.));
#3497 = ORIENTED_EDGE('',*,*,#2217,.F.);
#3498 = PLANE('',#3499);
#3499 = AXIS2_PLACEMENT_3D('',#3500,#3501,#3502);
#3500 = CARTESIAN_POINT('',(18.3,-12.18771309859,4.));
#3501 = DIRECTION('',(-1.,0.,0.));
#3502 = DIRECTION('',(0.,-1.,0.));
#3503 = ADVANCED_FACE('',(#3504),#3515,.F.);
#3504 = FACE_BOUND('',#3505,.F.);
#3505 = EDGE_LOOP('',(#3506,#3507,#3513,#3514));
#3506 = ORIENTED_EDGE('',*,*,#3492,.T.);
#3507 = ORIENTED_EDGE('',*,*,#3508,.T.);
#3508 = EDGE_CURVE('',#3485,#3460,#3509,.T.);
#3509 = LINE('',#3510,#3511);
#3510 = CARTESIAN_POINT('',(18.3,-18.18771309859,2.));
#3511 = VECTOR('',#3512,1.);
#3512 = DIRECTION('',(1.,0.,0.));
#3513 = ORIENTED_EDGE('',*,*,#3459,.F.);
#3514 = ORIENTED_EDGE('',*,*,#2209,.F.);
#3515 = PLANE('',#3516);
#3516 = AXIS2_PLACEMENT_3D('',#3517,#3518,#3519);
#3517 = CARTESIAN_POINT('',(18.3,-18.18771309859,4.));
#3518 = DIRECTION('',(0.,-1.,0.));
#3519 = DIRECTION('',(1.,0.,0.));
#3520 = ADVANCED_FACE('',(#3521),#3539,.F.);
#3521 = FACE_BOUND('',#3522,.F.);
#3522 = EDGE_LOOP('',(#3523,#3524,#3525,#3533));
#3523 = ORIENTED_EDGE('',*,*,#2284,.F.);
#3524 = ORIENTED_EDGE('',*,*,#3298,.T.);
#3525 = ORIENTED_EDGE('',*,*,#3526,.T.);
#3526 = EDGE_CURVE('',#3299,#3527,#3529,.T.);
#3527 = VERTEX_POINT('',#3528);
#3528 = CARTESIAN_POINT('',(-13.5,-2.5,-6.));
#3529 = LINE('',#3530,#3531);
#3530 = CARTESIAN_POINT('',(-13.5,2.5,-6.));
#3531 = VECTOR('',#3532,1.);
#3532 = DIRECTION('',(0.,-1.,0.));
#3533 = ORIENTED_EDGE('',*,*,#3534,.F.);
#3534 = EDGE_CURVE('',#2287,#3527,#3535,.T.);
#3535 = LINE('',#3536,#3537);
#3536 = CARTESIAN_POINT('',(-13.5,-2.5,4.));
#3537 = VECTOR('',#3538,1.);
#3538 = DIRECTION('',(-0.,-0.,-1.));
#3539 = PLANE('',#3540);
#3540 = AXIS2_PLACEMENT_3D('',#3541,#3542,#3543);
#3541 = CARTESIAN_POINT('',(-13.5,2.5,4.));
#3542 = DIRECTION('',(-1.,0.,0.));
#3543 = DIRECTION('',(0.,-1.,0.));
#3544 = ADVANCED_FACE('',(#3545),#3570,.T.);
#3545 = FACE_BOUND('',#3546,.T.);
#3546 = EDGE_LOOP('',(#3547,#3557,#3563,#3564));
#3547 = ORIENTED_EDGE('',*,*,#3548,.F.);
#3548 = EDGE_CURVE('',#3549,#3551,#3553,.T.);
#3549 = VERTEX_POINT('',#3550);
#3550 = CARTESIAN_POINT('',(-13.5,-2.5,4.));
#3551 = VERTEX_POINT('',#3552);
#3552 = CARTESIAN_POINT('',(-13.5,-28.,4.));
#3553 = LINE('',#3554,#3555);
#3554 = CARTESIAN_POINT('',(-13.5,2.5,4.));
#3555 = VECTOR('',#3556,1.);
#3556 = DIRECTION('',(0.,-1.,0.));
#3557 = ORIENTED_EDGE('',*,*,#3558,.T.);
#3558 = EDGE_CURVE('',#3549,#2287,#3559,.T.);
#3559 = LINE('',#3560,#3561);
#3560 = CARTESIAN_POINT('',(-13.5,-2.5,4.));
#3561 = VECTOR('',#3562,1.);
#3562 = DIRECTION('',(-0.,-0.,-1.));
#3563 = ORIENTED_EDGE('',*,*,#2469,.T.);
#3564 = ORIENTED_EDGE('',*,*,#3565,.F.);
#3565 = EDGE_CURVE('',#3551,#2462,#3566,.T.);
#3566 = LINE('',#3567,#3568);
#3567 = CARTESIAN_POINT('',(-13.5,-28.,4.));
#3568 = VECTOR('',#3569,1.);
#3569 = DIRECTION('',(-0.,-0.,-1.));
#3570 = PLANE('',#3571);
#3571 = AXIS2_PLACEMENT_3D('',#3572,#3573,#3574);
#3572 = CARTESIAN_POINT('',(-13.5,2.5,4.));
#3573 = DIRECTION('',(-1.,0.,0.));
#3574 = DIRECTION('',(0.,-1.,0.));
#3575 = ADVANCED_FACE('',(#3576),#3594,.F.);
#3576 = FACE_BOUND('',#3577,.F.);
#3577 = EDGE_LOOP('',(#3578,#3579,#3587,#3593));
#3578 = ORIENTED_EDGE('',*,*,#3565,.F.);
#3579 = ORIENTED_EDGE('',*,*,#3580,.T.);
#3580 = EDGE_CURVE('',#3551,#3581,#3583,.T.);
#3581 = VERTEX_POINT('',#3582);
#3582 = CARTESIAN_POINT('',(-3.425505,-28.00000000001,4.));
#3583 = LINE('',#3584,#3585);
#3584 = CARTESIAN_POINT('',(-13.5,-28.,4.));
#3585 = VECTOR('',#3586,1.);
#3586 = DIRECTION('',(1.,0.,0.));
#3587 = ORIENTED_EDGE('',*,*,#3588,.T.);
#3588 = EDGE_CURVE('',#3581,#2454,#3589,.T.);
#3589 = LINE('',#3590,#3591);
#3590 = CARTESIAN_POINT('',(-3.425505,-28.00000000001,4.));
#3591 = VECTOR('',#3592,1.);
#3592 = DIRECTION('',(-0.,-0.,-1.));
#3593 = ORIENTED_EDGE('',*,*,#2461,.F.);
#3594 = PLANE('',#3595);
#3595 = AXIS2_PLACEMENT_3D('',#3596,#3597,#3598);
#3596 = CARTESIAN_POINT('',(4.102179989293E-16,-28.00000000001,2.75));
#3597 = DIRECTION('',(2.131342187984E-12,1.,0.));
#3598 = DIRECTION('',(1.,-2.131342187984E-12,0.));
#3599 = ADVANCED_FACE('',(#3600),#3618,.T.);
#3600 = FACE_BOUND('',#3601,.T.);
#3601 = EDGE_LOOP('',(#3602,#3610,#3611,#3612));
#3602 = ORIENTED_EDGE('',*,*,#3603,.T.);
#3603 = EDGE_CURVE('',#3604,#3581,#3606,.T.);
#3604 = VERTEX_POINT('',#3605);
#3605 = CARTESIAN_POINT('',(-3.425505,-22.91863865068,4.));
#3606 = LINE('',#3607,#3608);
#3607 = CARTESIAN_POINT('',(-3.425505,-24.317171,4.));
#3608 = VECTOR('',#3609,1.);
#3609 = DIRECTION('',(0.,-1.,0.));
#3610 = ORIENTED_EDGE('',*,*,#3588,.T.);
#3611 = ORIENTED_EDGE('',*,*,#2453,.F.);
#3612 = ORIENTED_EDGE('',*,*,#3613,.F.);
#3613 = EDGE_CURVE('',#3604,#2446,#3614,.T.);
#3614 = LINE('',#3615,#3616);
#3615 = CARTESIAN_POINT('',(-3.425505,-22.91863865068,4.));
#3616 = VECTOR('',#3617,1.);
#3617 = DIRECTION('',(-0.,-0.,-1.));
#3618 = PLANE('',#3619);
#3619 = AXIS2_PLACEMENT_3D('',#3620,#3621,#3622);
#3620 = CARTESIAN_POINT('',(-3.425505,-25.45931932535,2.75));
#3621 = DIRECTION('',(1.,0.,0.));
#3622 = DIRECTION('',(0.,0.,1.));
#3623 = ADVANCED_FACE('',(#3624),#3642,.F.);
#3624 = FACE_BOUND('',#3625,.F.);
#3625 = EDGE_LOOP('',(#3626,#3634,#3635,#3636));
#3626 = ORIENTED_EDGE('',*,*,#3627,.T.);
#3627 = EDGE_CURVE('',#3628,#2438,#3630,.T.);
#3628 = VERTEX_POINT('',#3629);
#3629 = CARTESIAN_POINT('',(-4.041563091153,-22.91863865068,4.));
#3630 = LINE('',#3631,#3632);
#3631 = CARTESIAN_POINT('',(-4.041563091153,-22.91863865068,4.));
#3632 = VECTOR('',#3633,1.);
#3633 = DIRECTION('',(-0.,-0.,-1.));
#3634 = ORIENTED_EDGE('',*,*,#2445,.T.);
#3635 = ORIENTED_EDGE('',*,*,#3613,.F.);
#3636 = ORIENTED_EDGE('',*,*,#3637,.F.);
#3637 = EDGE_CURVE('',#3628,#3604,#3638,.T.);
#3638 = LINE('',#3639,#3640);
#3639 = CARTESIAN_POINT('',(-4.041563091153,-22.91863865068,4.));
#3640 = VECTOR('',#3641,1.);
#3641 = DIRECTION('',(1.,0.,0.));
#3642 = PLANE('',#3643);
#3643 = AXIS2_PLACEMENT_3D('',#3644,#3645,#3646);
#3644 = CARTESIAN_POINT('',(-4.041563091153,-22.91863865068,4.));
#3645 = DIRECTION('',(0.,-1.,0.));
#3646 = DIRECTION('',(1.,0.,0.));
#3647 = ADVANCED_FACE('',(#3648),#3682,.F.);
#3648 = FACE_BOUND('',#3649,.F.);
#3649 = EDGE_LOOP('',(#3650,#3658,#3666,#3674,#3680,#3681));
#3650 = ORIENTED_EDGE('',*,*,#3651,.F.);
#3651 = EDGE_CURVE('',#3652,#3628,#3654,.T.);
#3652 = VERTEX_POINT('',#3653);
#3653 = CARTESIAN_POINT('',(-4.041563091153,-8.318638650686,4.));
#3654 = LINE('',#3655,#3656);
#3655 = CARTESIAN_POINT('',(-4.041563091153,-8.318638650686,4.));
#3656 = VECTOR('',#3657,1.);
#3657 = DIRECTION('',(0.,-1.,0.));
#3658 = ORIENTED_EDGE('',*,*,#3659,.T.);
#3659 = EDGE_CURVE('',#3652,#3660,#3662,.T.);
#3660 = VERTEX_POINT('',#3661);
#3661 = CARTESIAN_POINT('',(-4.041563091153,-8.318638650686,2.3));
#3662 = LINE('',#3663,#3664);
#3663 = CARTESIAN_POINT('',(-4.041563091153,-8.318638650686,4.));
#3664 = VECTOR('',#3665,1.);
#3665 = DIRECTION('',(-0.,-0.,-1.));
#3666 = ORIENTED_EDGE('',*,*,#3667,.T.);
#3667 = EDGE_CURVE('',#3660,#3668,#3670,.T.);
#3668 = VERTEX_POINT('',#3669);
#3669 = CARTESIAN_POINT('',(-4.041563091153,-18.8614,2.3));
#3670 = LINE('',#3671,#3672);
#3671 = CARTESIAN_POINT('',(-4.041563091153,-8.318638650686,2.3));
#3672 = VECTOR('',#3673,1.);
#3673 = DIRECTION('',(0.,-1.,0.));
#3674 = ORIENTED_EDGE('',*,*,#3675,.F.);
#3675 = EDGE_CURVE('',#2430,#3668,#3676,.T.);
#3676 = LINE('',#3677,#3678);
#3677 = CARTESIAN_POINT('',(-4.041563091153,-18.8614,1.5));
#3678 = VECTOR('',#3679,1.);
#3679 = DIRECTION('',(0.,0.,1.));
#3680 = ORIENTED_EDGE('',*,*,#2437,.T.);
#3681 = ORIENTED_EDGE('',*,*,#3627,.F.);
#3682 = PLANE('',#3683);
#3683 = AXIS2_PLACEMENT_3D('',#3684,#3685,#3686);
#3684 = CARTESIAN_POINT('',(-4.041563091153,-15.61863865068,2.75));
#3685 = DIRECTION('',(-1.,-0.,-0.));
#3686 = DIRECTION('',(0.,0.,-1.));
#3687 = ADVANCED_FACE('',(#3688),#3706,.T.);
#3688 = FACE_BOUND('',#3689,.T.);
#3689 = EDGE_LOOP('',(#3690,#3691,#3692,#3700));
#3690 = ORIENTED_EDGE('',*,*,#3675,.F.);
#3691 = ORIENTED_EDGE('',*,*,#2429,.F.);
#3692 = ORIENTED_EDGE('',*,*,#3693,.T.);
#3693 = EDGE_CURVE('',#2422,#3694,#3696,.T.);
#3694 = VERTEX_POINT('',#3695);
#3695 = CARTESIAN_POINT('',(-2.26707,-18.8614,2.3));
#3696 = LINE('',#3697,#3698);
#3697 = CARTESIAN_POINT('',(-2.26707,-18.8614,1.2));
#3698 = VECTOR('',#3699,1.);
#3699 = DIRECTION('',(0.,0.,1.));
#3700 = ORIENTED_EDGE('',*,*,#3701,.F.);
#3701 = EDGE_CURVE('',#3668,#3694,#3702,.T.);
#3702 = LINE('',#3703,#3704);
#3703 = CARTESIAN_POINT('',(-4.041563091153,-18.8614,2.3));
#3704 = VECTOR('',#3705,1.);
#3705 = DIRECTION('',(1.,0.,0.));
#3706 = PLANE('',#3707);
#3707 = AXIS2_PLACEMENT_3D('',#3708,#3709,#3710);
#3708 = CARTESIAN_POINT('',(-3.041563091153,-18.8614,1.9));
#3709 = DIRECTION('',(-1.390879459838E-13,-1.,-0.));
#3710 = DIRECTION('',(-1.,1.390879459838E-13,0.));
#3711 = ADVANCED_FACE('',(#3712),#3737,.T.);
#3712 = FACE_BOUND('',#3713,.T.);
#3713 = EDGE_LOOP('',(#3714,#3722,#3723,#3731));
#3714 = ORIENTED_EDGE('',*,*,#3715,.T.);
#3715 = EDGE_CURVE('',#3716,#2398,#3718,.T.);
#3716 = VERTEX_POINT('',#3717);
#3717 = CARTESIAN_POINT('',(2.61144,-18.8614,2.3));
#3718 = LINE('',#3719,#3720);
#3719 = CARTESIAN_POINT('',(2.61144,-18.8614,1.2));
#3720 = VECTOR('',#3721,1.);
#3721 = DIRECTION('',(0.,0.,-1.));
#3722 = ORIENTED_EDGE('',*,*,#2397,.T.);
#3723 = ORIENTED_EDGE('',*,*,#3724,.T.);
#3724 = EDGE_CURVE('',#2390,#3725,#3727,.T.);
#3725 = VERTEX_POINT('',#3726);
#3726 = CARTESIAN_POINT('',(4.355972760618,-18.8614,2.3));
#3727 = LINE('',#3728,#3729);
#3728 = CARTESIAN_POINT('',(4.355972760618,-18.8614,1.5));
#3729 = VECTOR('',#3730,1.);
#3730 = DIRECTION('',(0.,0.,1.));
#3731 = ORIENTED_EDGE('',*,*,#3732,.F.);
#3732 = EDGE_CURVE('',#3716,#3725,#3733,.T.);
#3733 = LINE('',#3734,#3735);
#3734 = CARTESIAN_POINT('',(2.355972760618,-18.8614,2.3));
#3735 = VECTOR('',#3736,1.);
#3736 = DIRECTION('',(1.,0.,0.));
#3737 = PLANE('',#3738);
#3738 = AXIS2_PLACEMENT_3D('',#3739,#3740,#3741);
#3739 = CARTESIAN_POINT('',(3.355972760618,-18.8614,1.9));
#3740 = DIRECTION('',(-4.269462399767E-15,-1.,-0.));
#3741 = DIRECTION('',(-1.,4.269462399767E-15,0.));
#3742 = ADVANCED_FACE('',(#3743),#3777,.F.);
#3743 = FACE_BOUND('',#3744,.F.);
#3744 = EDGE_LOOP('',(#3745,#3755,#3761,#3762,#3763,#3771));
#3745 = ORIENTED_EDGE('',*,*,#3746,.F.);
#3746 = EDGE_CURVE('',#3747,#3749,#3751,.T.);
#3747 = VERTEX_POINT('',#3748);
#3748 = CARTESIAN_POINT('',(4.355972760618,-22.71518934931,4.));
#3749 = VERTEX_POINT('',#3750);
#3750 = CARTESIAN_POINT('',(4.355972760618,-8.318638650686,4.));
#3751 = LINE('',#3752,#3753);
#3752 = CARTESIAN_POINT('',(4.355972760618,-22.71518934931,4.));
#3753 = VECTOR('',#3754,1.);
#3754 = DIRECTION('',(0.,1.,0.));
#3755 = ORIENTED_EDGE('',*,*,#3756,.T.);
#3756 = EDGE_CURVE('',#3747,#2382,#3757,.T.);
#3757 = LINE('',#3758,#3759);
#3758 = CARTESIAN_POINT('',(4.355972760618,-22.71518934931,4.));
#3759 = VECTOR('',#3760,1.);
#3760 = DIRECTION('',(-0.,-0.,-1.));
#3761 = ORIENTED_EDGE('',*,*,#2389,.T.);
#3762 = ORIENTED_EDGE('',*,*,#3724,.T.);
#3763 = ORIENTED_EDGE('',*,*,#3764,.T.);
#3764 = EDGE_CURVE('',#3725,#3765,#3767,.T.);
#3765 = VERTEX_POINT('',#3766);
#3766 = CARTESIAN_POINT('',(4.355972760618,-8.318638650686,2.3));
#3767 = LINE('',#3768,#3769);
#3768 = CARTESIAN_POINT('',(4.355972760618,-18.8614,2.3));
#3769 = VECTOR('',#3770,1.);
#3770 = DIRECTION('',(0.,1.,0.));
#3771 = ORIENTED_EDGE('',*,*,#3772,.F.);
#3772 = EDGE_CURVE('',#3749,#3765,#3773,.T.);
#3773 = LINE('',#3774,#3775);
#3774 = CARTESIAN_POINT('',(4.355972760618,-8.318638650686,4.));
#3775 = VECTOR('',#3776,1.);
#3776 = DIRECTION('',(-0.,-0.,-1.));
#3777 = PLANE('',#3778);
#3778 = AXIS2_PLACEMENT_3D('',#3779,#3780,#3781);
#3779 = CARTESIAN_POINT('',(4.355972760618,-22.71518934931,4.));
#3780 = DIRECTION('',(1.,0.,0.));
#3781 = DIRECTION('',(0.,1.,0.));
#3782 = ADVANCED_FACE('',(#3783),#3801,.F.);
#3783 = FACE_BOUND('',#3784,.F.);
#3784 = EDGE_LOOP('',(#3785,#3793,#3794,#3795));
#3785 = ORIENTED_EDGE('',*,*,#3786,.T.);
#3786 = EDGE_CURVE('',#3787,#2374,#3789,.T.);
#3787 = VERTEX_POINT('',#3788);
#3788 = CARTESIAN_POINT('',(3.558112,-22.71518934931,4.));
#3789 = LINE('',#3790,#3791);
#3790 = CARTESIAN_POINT('',(3.558112,-22.71518934931,4.));
#3791 = VECTOR('',#3792,1.);
#3792 = DIRECTION('',(-0.,-0.,-1.));
#3793 = ORIENTED_EDGE('',*,*,#2381,.T.);
#3794 = ORIENTED_EDGE('',*,*,#3756,.F.);
#3795 = ORIENTED_EDGE('',*,*,#3796,.F.);
#3796 = EDGE_CURVE('',#3787,#3747,#3797,.T.);
#3797 = LINE('',#3798,#3799);
#3798 = CARTESIAN_POINT('',(3.558112,-22.71518934931,4.));
#3799 = VECTOR('',#3800,1.);
#3800 = DIRECTION('',(1.,0.,0.));
#3801 = PLANE('',#3802);
#3802 = AXIS2_PLACEMENT_3D('',#3803,#3804,#3805);
#3803 = CARTESIAN_POINT('',(3.558112,-22.71518934931,4.));
#3804 = DIRECTION('',(0.,-1.,0.));
#3805 = DIRECTION('',(1.,0.,0.));
#3806 = ADVANCED_FACE('',(#3807),#3825,.T.);
#3807 = FACE_BOUND('',#3808,.T.);
#3808 = EDGE_LOOP('',(#3809,#3817,#3818,#3819));
#3809 = ORIENTED_EDGE('',*,*,#3810,.T.);
#3810 = EDGE_CURVE('',#3811,#3787,#3813,.T.);
#3811 = VERTEX_POINT('',#3812);
#3812 = CARTESIAN_POINT('',(3.558112,-28.00000000001,4.));
#3813 = LINE('',#3814,#3815);
#3814 = CARTESIAN_POINT('',(3.558112,-24.317171,4.));
#3815 = VECTOR('',#3816,1.);
#3816 = DIRECTION('',(0.,1.,0.));
#3817 = ORIENTED_EDGE('',*,*,#3786,.T.);
#3818 = ORIENTED_EDGE('',*,*,#2373,.T.);
#3819 = ORIENTED_EDGE('',*,*,#3820,.F.);
#3820 = EDGE_CURVE('',#3811,#2366,#3821,.T.);
#3821 = LINE('',#3822,#3823);
#3822 = CARTESIAN_POINT('',(3.558112,-28.00000000001,4.));
#3823 = VECTOR('',#3824,1.);
#3824 = DIRECTION('',(-0.,-0.,-1.));
#3825 = PLANE('',#3826);
#3826 = AXIS2_PLACEMENT_3D('',#3827,#3828,#3829);
#3827 = CARTESIAN_POINT('',(3.558112,-25.35759467466,2.75));
#3828 = DIRECTION('',(-1.,-8.595695284402E-16,-0.));
#3829 = DIRECTION('',(8.595695284402E-16,-1.,0.));
#3830 = ADVANCED_FACE('',(#3831),#3849,.F.);
#3831 = FACE_BOUND('',#3832,.F.);
#3832 = EDGE_LOOP('',(#3833,#3834,#3842,#3848));
#3833 = ORIENTED_EDGE('',*,*,#3820,.F.);
#3834 = ORIENTED_EDGE('',*,*,#3835,.T.);
#3835 = EDGE_CURVE('',#3811,#3836,#3838,.T.);
#3836 = VERTEX_POINT('',#3837);
#3837 = CARTESIAN_POINT('',(13.5,-28.00000000005,4.));
#3838 = LINE('',#3839,#3840);
#3839 = CARTESIAN_POINT('',(-0.181069926984,-28.,4.));
#3840 = VECTOR('',#3841,1.);
#3841 = DIRECTION('',(1.,-4.159829656923E-12,0.));
#3842 = ORIENTED_EDGE('',*,*,#3843,.T.);
#3843 = EDGE_CURVE('',#3836,#2358,#3844,.T.);
#3844 = LINE('',#3845,#3846);
#3845 = CARTESIAN_POINT('',(13.5,-28.00000000005,4.));
#3846 = VECTOR('',#3847,1.);
#3847 = DIRECTION('',(-0.,-0.,-1.));
#3848 = ORIENTED_EDGE('',*,*,#2365,.F.);
#3849 = PLANE('',#3850);
#3850 = AXIS2_PLACEMENT_3D('',#3851,#3852,#3853);
#3851 = CARTESIAN_POINT('',(4.102179989293E-16,-28.00000000001,2.75));
#3852 = DIRECTION('',(2.131342187984E-12,1.,0.));
#3853 = DIRECTION('',(1.,-2.131342187984E-12,0.));
#3854 = ADVANCED_FACE('',(#3855),#3873,.T.);
#3855 = FACE_BOUND('',#3856,.T.);
#3856 = EDGE_LOOP('',(#3857,#3865,#3866,#3867));
#3857 = ORIENTED_EDGE('',*,*,#3858,.F.);
#3858 = EDGE_CURVE('',#3836,#3859,#3861,.T.);
#3859 = VERTEX_POINT('',#3860);
#3860 = CARTESIAN_POINT('',(13.5,-2.5,4.));
#3861 = LINE('',#3862,#3863);
#3862 = CARTESIAN_POINT('',(13.5,-28.00000000005,4.));
#3863 = VECTOR('',#3864,1.);
#3864 = DIRECTION('',(0.,1.,0.));
#3865 = ORIENTED_EDGE('',*,*,#3843,.T.);
#3866 = ORIENTED_EDGE('',*,*,#2357,.T.);
#3867 = ORIENTED_EDGE('',*,*,#3868,.F.);
#3868 = EDGE_CURVE('',#3859,#2350,#3869,.T.);
#3869 = LINE('',#3870,#3871);
#3870 = CARTESIAN_POINT('',(13.5,-2.5,4.));
#3871 = VECTOR('',#3872,1.);
#3872 = DIRECTION('',(-0.,-0.,-1.));
#3873 = PLANE('',#3874);
#3874 = AXIS2_PLACEMENT_3D('',#3875,#3876,#3877);
#3875 = CARTESIAN_POINT('',(13.5,-28.00000000005,4.));
#3876 = DIRECTION('',(1.,0.,0.));
#3877 = DIRECTION('',(0.,1.,0.));
#3878 = ADVANCED_FACE('',(#3879),#3897,.F.);
#3879 = FACE_BOUND('',#3880,.F.);
#3880 = EDGE_LOOP('',(#3881,#3882,#3890,#3896));
#3881 = ORIENTED_EDGE('',*,*,#2349,.F.);
#3882 = ORIENTED_EDGE('',*,*,#3883,.T.);
#3883 = EDGE_CURVE('',#2350,#3884,#3886,.T.);
#3884 = VERTEX_POINT('',#3885);
#3885 = CARTESIAN_POINT('',(13.5,-2.5,-6.));
#3886 = LINE('',#3887,#3888);
#3887 = CARTESIAN_POINT('',(13.5,-2.5,4.));
#3888 = VECTOR('',#3889,1.);
#3889 = DIRECTION('',(-0.,-0.,-1.));
#3890 = ORIENTED_EDGE('',*,*,#3891,.T.);
#3891 = EDGE_CURVE('',#3884,#3131,#3892,.T.);
#3892 = LINE('',#3893,#3894);
#3893 = CARTESIAN_POINT('',(13.5,-2.5,-6.));
#3894 = VECTOR('',#3895,1.);
#3895 = DIRECTION('',(0.,1.,0.));
#3896 = ORIENTED_EDGE('',*,*,#3138,.F.);
#3897 = PLANE('',#3898);
#3898 = AXIS2_PLACEMENT_3D('',#3899,#3900,#3901);
#3899 = CARTESIAN_POINT('',(13.5,-2.5,4.));
#3900 = DIRECTION('',(1.,0.,0.));
#3901 = DIRECTION('',(0.,1.,0.));
#3902 = ADVANCED_FACE('',(#3903),#3922,.T.);
#3903 = FACE_BOUND('',#3904,.T.);
#3904 = EDGE_LOOP('',(#3905,#3906,#3914,#3921));
#3905 = ORIENTED_EDGE('',*,*,#2813,.F.);
#3906 = ORIENTED_EDGE('',*,*,#3907,.T.);
#3907 = EDGE_CURVE('',#2805,#3908,#3910,.T.);
#3908 = VERTEX_POINT('',#3909);
#3909 = CARTESIAN_POINT('',(13.9,0.,-24.5));
#3910 = LINE('',#3911,#3912);
#3911 = CARTESIAN_POINT('',(13.9,0.,0.));
#3912 = VECTOR('',#3913,1.);
#3913 = DIRECTION('',(-0.,-0.,-1.));
#3914 = ORIENTED_EDGE('',*,*,#3915,.T.);
#3915 = EDGE_CURVE('',#3908,#3908,#3916,.T.);
#3916 = CIRCLE('',#3917,13.9);
#3917 = AXIS2_PLACEMENT_3D('',#3918,#3919,#3920);
#3918 = CARTESIAN_POINT('',(0.,0.,-24.5));
#3919 = DIRECTION('',(0.,0.,1.));
#3920 = DIRECTION('',(1.,0.,0.));
#3921 = ORIENTED_EDGE('',*,*,#3907,.F.);
#3922 = CYLINDRICAL_SURFACE('',#3923,13.9);
#3923 = AXIS2_PLACEMENT_3D('',#3924,#3925,#3926);
#3924 = CARTESIAN_POINT('',(0.,0.,0.));
#3925 = DIRECTION('',(0.,0.,1.));
#3926 = DIRECTION('',(1.,0.,0.));
#3927 = ADVANCED_FACE('',(#3928),#3953,.T.);
#3928 = FACE_BOUND('',#3929,.T.);
#3929 = EDGE_LOOP('',(#3930,#3931,#3939,#3947));
#3930 = ORIENTED_EDGE('',*,*,#2846,.F.);
#3931 = ORIENTED_EDGE('',*,*,#3932,.T.);
#3932 = EDGE_CURVE('',#2847,#3933,#3935,.T.);
#3933 = VERTEX_POINT('',#3934);
#3934 = CARTESIAN_POINT('',(0.525007,-13.815081,3.6));
#3935 = LINE('',#3936,#3937);
#3936 = CARTESIAN_POINT('',(0.525007,-13.815081,0.5));
#3937 = VECTOR('',#3938,1.);
#3938 = DIRECTION('',(0.,0.,1.));
#3939 = ORIENTED_EDGE('',*,*,#3940,.T.);
#3940 = EDGE_CURVE('',#3933,#3941,#3943,.T.);
#3941 = VERTEX_POINT('',#3942);
#3942 = CARTESIAN_POINT('',(-0.285034,-13.815081,3.6));
#3943 = LINE('',#3944,#3945);
#3944 = CARTESIAN_POINT('',(0.348596,-13.815081,3.6));
#3945 = VECTOR('',#3946,1.);
#3946 = DIRECTION('',(-1.,0.,0.));
#3947 = ORIENTED_EDGE('',*,*,#3948,.F.);
#3948 = EDGE_CURVE('',#2849,#3941,#3949,.T.);
#3949 = LINE('',#3950,#3951);
#3950 = CARTESIAN_POINT('',(-0.285034,-13.815081,0.5));
#3951 = VECTOR('',#3952,1.);
#3952 = DIRECTION('',(0.,0.,1.));
#3953 = PLANE('',#3954);
#3954 = AXIS2_PLACEMENT_3D('',#3955,#3956,#3957);
#3955 = CARTESIAN_POINT('',(0.525007,-13.815081,0.5));
#3956 = DIRECTION('',(0.,-1.,0.));
#3957 = DIRECTION('',(-1.,0.,0.));
#3958 = ADVANCED_FACE('',(#3959),#3977,.T.);
#3959 = FACE_BOUND('',#3960,.T.);
#3960 = EDGE_LOOP('',(#3961,#3962,#3970,#3976));
#3961 = ORIENTED_EDGE('',*,*,#2872,.F.);
#3962 = ORIENTED_EDGE('',*,*,#3963,.T.);
#3963 = EDGE_CURVE('',#2865,#3964,#3966,.T.);
#3964 = VERTEX_POINT('',#3965);
#3965 = CARTESIAN_POINT('',(0.525007,-16.729366,3.6));
#3966 = LINE('',#3967,#3968);
#3967 = CARTESIAN_POINT('',(0.525007,-16.729366,0.5));
#3968 = VECTOR('',#3969,1.);
#3969 = DIRECTION('',(0.,0.,1.));
#3970 = ORIENTED_EDGE('',*,*,#3971,.T.);
#3971 = EDGE_CURVE('',#3964,#3933,#3972,.T.);
#3972 = LINE('',#3973,#3974);
#3973 = CARTESIAN_POINT('',(0.525007,-16.125233,3.6));
#3974 = VECTOR('',#3975,1.);
#3975 = DIRECTION('',(0.,1.,0.));
#3976 = ORIENTED_EDGE('',*,*,#3932,.F.);
#3977 = PLANE('',#3978);
#3978 = AXIS2_PLACEMENT_3D('',#3979,#3980,#3981);
#3979 = CARTESIAN_POINT('',(0.525007,-16.729366,0.5));
#3980 = DIRECTION('',(-1.,0.,0.));
#3981 = DIRECTION('',(0.,1.,0.));
#3982 = ADVANCED_FACE('',(#3983),#4001,.T.);
#3983 = FACE_BOUND('',#3984,.T.);
#3984 = EDGE_LOOP('',(#3985,#3986,#3994,#4000));
#3985 = ORIENTED_EDGE('',*,*,#2864,.F.);
#3986 = ORIENTED_EDGE('',*,*,#3987,.T.);
#3987 = EDGE_CURVE('',#2857,#3988,#3990,.T.);
#3988 = VERTEX_POINT('',#3989);
#3989 = CARTESIAN_POINT('',(-0.285034,-16.729366,3.6));
#3990 = LINE('',#3991,#3992);
#3991 = CARTESIAN_POINT('',(-0.285034,-16.729366,0.5));
#3992 = VECTOR('',#3993,1.);
#3993 = DIRECTION('',(0.,0.,1.));
#3994 = ORIENTED_EDGE('',*,*,#3995,.T.);
#3995 = EDGE_CURVE('',#3988,#3964,#3996,.T.);
#3996 = LINE('',#3997,#3998);
#3997 = CARTESIAN_POINT('',(-5.64245E-02,-16.729366,3.6));
#3998 = VECTOR('',#3999,1.);
#3999 = DIRECTION('',(1.,0.,0.));
#4000 = ORIENTED_EDGE('',*,*,#3963,.F.);
#4001 = PLANE('',#4002);
#4002 = AXIS2_PLACEMENT_3D('',#4003,#4004,#4005);
#4003 = CARTESIAN_POINT('',(-0.285034,-16.729366,0.5));
#4004 = DIRECTION('',(0.,1.,0.));
#4005 = DIRECTION('',(1.,0.,0.));
#4006 = ADVANCED_FACE('',(#4007),#4018,.T.);
#4007 = FACE_BOUND('',#4008,.T.);
#4008 = EDGE_LOOP('',(#4009,#4010,#4011,#4017));
#4009 = ORIENTED_EDGE('',*,*,#2856,.F.);
#4010 = ORIENTED_EDGE('',*,*,#3948,.T.);
#4011 = ORIENTED_EDGE('',*,*,#4012,.T.);
#4012 = EDGE_CURVE('',#3941,#3988,#4013,.T.);
#4013 = LINE('',#4014,#4015);
#4014 = CARTESIAN_POINT('',(-0.285034,-14.6680905,3.6));
#4015 = VECTOR('',#4016,1.);
#4016 = DIRECTION('',(0.,-1.,0.));
#4017 = ORIENTED_EDGE('',*,*,#3987,.F.);
#4018 = PLANE('',#4019);
#4019 = AXIS2_PLACEMENT_3D('',#4020,#4021,#4022);
#4020 = CARTESIAN_POINT('',(-0.285034,-13.815081,0.5));
#4021 = DIRECTION('',(1.,0.,0.));
#4022 = DIRECTION('',(0.,-1.,0.));
#4023 = ADVANCED_FACE('',(#4024),#4035,.T.);
#4024 = FACE_BOUND('',#4025,.T.);
#4025 = EDGE_LOOP('',(#4026,#4027,#4033,#4034));
#4026 = ORIENTED_EDGE('',*,*,#3193,.T.);
#4027 = ORIENTED_EDGE('',*,*,#4028,.T.);
#4028 = EDGE_CURVE('',#3186,#3884,#4029,.T.);
#4029 = LINE('',#4030,#4031);
#4030 = CARTESIAN_POINT('',(11.5,-2.5,-6.));
#4031 = VECTOR('',#4032,1.);
#4032 = DIRECTION('',(1.,0.,0.));
#4033 = ORIENTED_EDGE('',*,*,#3891,.T.);
#4034 = ORIENTED_EDGE('',*,*,#3130,.T.);
#4035 = PLANE('',#4036);
#4036 = AXIS2_PLACEMENT_3D('',#4037,#4038,#4039);
#4037 = CARTESIAN_POINT('',(0.,0.,-6.));
#4038 = DIRECTION('',(0.,0.,1.));
#4039 = DIRECTION('',(1.,0.,0.));
#4040 = ADVANCED_FACE('',(#4041),#4053,.F.);
#4041 = FACE_BOUND('',#4042,.F.);
#4042 = EDGE_LOOP('',(#4043,#4044,#4045,#4046,#4047));
#4043 = ORIENTED_EDGE('',*,*,#3185,.T.);
#4044 = ORIENTED_EDGE('',*,*,#4028,.T.);
#4045 = ORIENTED_EDGE('',*,*,#3883,.F.);
#4046 = ORIENTED_EDGE('',*,*,#3868,.F.);
#4047 = ORIENTED_EDGE('',*,*,#4048,.F.);
#4048 = EDGE_CURVE('',#3178,#3859,#4049,.T.);
#4049 = LINE('',#4050,#4051);
#4050 = CARTESIAN_POINT('',(11.5,-2.5,4.));
#4051 = VECTOR('',#4052,1.);
#4052 = DIRECTION('',(1.,0.,0.));
#4053 = PLANE('',#4054);
#4054 = AXIS2_PLACEMENT_3D('',#4055,#4056,#4057);
#4055 = CARTESIAN_POINT('',(11.5,-2.5,4.));
#4056 = DIRECTION('',(0.,-1.,0.));
#4057 = DIRECTION('',(1.,0.,0.));
#4058 = ADVANCED_FACE('',(#4059,#4092,#4126,#4160,#4194),#4228,.T.);
#4059 = FACE_BOUND('',#4060,.T.);
#4060 = EDGE_LOOP('',(#4061,#4067,#4068,#4069,#4070,#4071,#4072,#4078,
    #4079,#4080,#4081,#4082,#4083,#4084,#4085,#4091));
#4061 = ORIENTED_EDGE('',*,*,#4062,.F.);
#4062 = EDGE_CURVE('',#3549,#3268,#4063,.T.);
#4063 = LINE('',#4064,#4065);
#4064 = CARTESIAN_POINT('',(-13.5,-2.5,4.));
#4065 = VECTOR('',#4066,1.);
#4066 = DIRECTION('',(1.,0.,0.));
#4067 = ORIENTED_EDGE('',*,*,#3548,.T.);
#4068 = ORIENTED_EDGE('',*,*,#3580,.T.);
#4069 = ORIENTED_EDGE('',*,*,#3603,.F.);
#4070 = ORIENTED_EDGE('',*,*,#3637,.F.);
#4071 = ORIENTED_EDGE('',*,*,#3651,.F.);
#4072 = ORIENTED_EDGE('',*,*,#4073,.F.);
#4073 = EDGE_CURVE('',#3749,#3652,#4074,.T.);
#4074 = LINE('',#4075,#4076);
#4075 = CARTESIAN_POINT('',(4.355972760618,-8.318638650686,4.));
#4076 = VECTOR('',#4077,1.);
#4077 = DIRECTION('',(-1.,0.,0.));
#4078 = ORIENTED_EDGE('',*,*,#3746,.F.);
#4079 = ORIENTED_EDGE('',*,*,#3796,.F.);
#4080 = ORIENTED_EDGE('',*,*,#3810,.F.);
#4081 = ORIENTED_EDGE('',*,*,#3835,.T.);
#4082 = ORIENTED_EDGE('',*,*,#3858,.T.);
#4083 = ORIENTED_EDGE('',*,*,#4048,.F.);
#4084 = ORIENTED_EDGE('',*,*,#3177,.T.);
#4085 = ORIENTED_EDGE('',*,*,#4086,.T.);
#4086 = EDGE_CURVE('',#3170,#3236,#4087,.T.);
#4087 = LINE('',#4088,#4089);
#4088 = CARTESIAN_POINT('',(-5.75,-6.200000357628,4.));
#4089 = VECTOR('',#4090,1.);
#4090 = DIRECTION('',(-1.,0.,0.));
#4091 = ORIENTED_EDGE('',*,*,#3275,.T.);
#4092 = FACE_BOUND('',#4093,.T.);
#4093 = EDGE_LOOP('',(#4094,#4104,#4112,#4120));
#4094 = ORIENTED_EDGE('',*,*,#4095,.F.);
#4095 = EDGE_CURVE('',#4096,#4098,#4100,.T.);
#4096 = VERTEX_POINT('',#4097);
#4097 = CARTESIAN_POINT('',(-12.22034699999,-12.18771309859,4.));
#4098 = VERTEX_POINT('',#4099);
#4099 = CARTESIAN_POINT('',(-12.22034699999,-18.18771309859,4.));
#4100 = LINE('',#4101,#4102);
#4101 = CARTESIAN_POINT('',(-12.22034699999,-12.18771309859,4.));
#4102 = VECTOR('',#4103,1.);
#4103 = DIRECTION('',(0.,-1.,0.));
#4104 = ORIENTED_EDGE('',*,*,#4105,.F.);
#4105 = EDGE_CURVE('',#4106,#4096,#4108,.T.);
#4106 = VERTEX_POINT('',#4107);
#4107 = CARTESIAN_POINT('',(-11.22034699999,-12.18771309859,4.));
#4108 = LINE('',#4109,#4110);
#4109 = CARTESIAN_POINT('',(-11.22034699999,-12.18771309859,4.));
#4110 = VECTOR('',#4111,1.);
#4111 = DIRECTION('',(-1.,0.,0.));
#4112 = ORIENTED_EDGE('',*,*,#4113,.F.);
#4113 = EDGE_CURVE('',#4114,#4106,#4116,.T.);
#4114 = VERTEX_POINT('',#4115);
#4115 = CARTESIAN_POINT('',(-11.22034699999,-18.18771309859,4.));
#4116 = LINE('',#4117,#4118);
#4117 = CARTESIAN_POINT('',(-11.22034699999,-18.18771309859,4.));
#4118 = VECTOR('',#4119,1.);
#4119 = DIRECTION('',(0.,1.,0.));
#4120 = ORIENTED_EDGE('',*,*,#4121,.F.);
#4121 = EDGE_CURVE('',#4098,#4114,#4122,.T.);
#4122 = LINE('',#4123,#4124);
#4123 = CARTESIAN_POINT('',(-12.22034699999,-18.18771309859,4.));
#4124 = VECTOR('',#4125,1.);
#4125 = DIRECTION('',(1.,0.,0.));
#4126 = FACE_BOUND('',#4127,.T.);
#4127 = EDGE_LOOP('',(#4128,#4138,#4146,#4154));
#4128 = ORIENTED_EDGE('',*,*,#4129,.F.);
#4129 = EDGE_CURVE('',#4130,#4132,#4134,.T.);
#4130 = VERTEX_POINT('',#4131);
#4131 = CARTESIAN_POINT('',(-6.008677000001,-12.18771309859,4.));
#4132 = VERTEX_POINT('',#4133);
#4133 = CARTESIAN_POINT('',(-7.008677,-12.18771309859,4.));
#4134 = LINE('',#4135,#4136);
#4135 = CARTESIAN_POINT('',(-6.008677000001,-12.18771309859,4.));
#4136 = VECTOR('',#4137,1.);
#4137 = DIRECTION('',(-1.,0.,0.));
#4138 = ORIENTED_EDGE('',*,*,#4139,.F.);
#4139 = EDGE_CURVE('',#4140,#4130,#4142,.T.);
#4140 = VERTEX_POINT('',#4141);
#4141 = CARTESIAN_POINT('',(-6.008677000001,-18.18771309859,4.));
#4142 = LINE('',#4143,#4144);
#4143 = CARTESIAN_POINT('',(-6.008677000001,-18.18771309859,4.));
#4144 = VECTOR('',#4145,1.);
#4145 = DIRECTION('',(0.,1.,0.));
#4146 = ORIENTED_EDGE('',*,*,#4147,.F.);
#4147 = EDGE_CURVE('',#4148,#4140,#4150,.T.);
#4148 = VERTEX_POINT('',#4149);
#4149 = CARTESIAN_POINT('',(-7.008677,-18.18771309859,4.));
#4150 = LINE('',#4151,#4152);
#4151 = CARTESIAN_POINT('',(-7.008677,-18.18771309859,4.));
#4152 = VECTOR('',#4153,1.);
#4153 = DIRECTION('',(1.,0.,0.));
#4154 = ORIENTED_EDGE('',*,*,#4155,.F.);
#4155 = EDGE_CURVE('',#4132,#4148,#4156,.T.);
#4156 = LINE('',#4157,#4158);
#4157 = CARTESIAN_POINT('',(-7.008677,-12.18771309859,4.));
#4158 = VECTOR('',#4159,1.);
#4159 = DIRECTION('',(0.,-1.,0.));
#4160 = FACE_BOUND('',#4161,.T.);
#4161 = EDGE_LOOP('',(#4162,#4172,#4180,#4188));
#4162 = ORIENTED_EDGE('',*,*,#4163,.F.);
#4163 = EDGE_CURVE('',#4164,#4166,#4168,.T.);
#4164 = VERTEX_POINT('',#4165);
#4165 = CARTESIAN_POINT('',(5.688807406646,-12.18771309859,4.));
#4166 = VERTEX_POINT('',#4167);
#4167 = CARTESIAN_POINT('',(5.688807406646,-18.18771309859,4.));
#4168 = LINE('',#4169,#4170);
#4169 = CARTESIAN_POINT('',(5.688807406646,-12.18771309859,4.));
#4170 = VECTOR('',#4171,1.);
#4171 = DIRECTION('',(0.,-1.,0.));
#4172 = ORIENTED_EDGE('',*,*,#4173,.F.);
#4173 = EDGE_CURVE('',#4174,#4164,#4176,.T.);
#4174 = VERTEX_POINT('',#4175);
#4175 = CARTESIAN_POINT('',(6.688807406646,-12.18771309859,4.));
#4176 = LINE('',#4177,#4178);
#4177 = CARTESIAN_POINT('',(6.688807406646,-12.18771309859,4.));
#4178 = VECTOR('',#4179,1.);
#4179 = DIRECTION('',(-1.,0.,0.));
#4180 = ORIENTED_EDGE('',*,*,#4181,.F.);
#4181 = EDGE_CURVE('',#4182,#4174,#4184,.T.);
#4182 = VERTEX_POINT('',#4183);
#4183 = CARTESIAN_POINT('',(6.688807406646,-18.18771309859,4.));
#4184 = LINE('',#4185,#4186);
#4185 = CARTESIAN_POINT('',(6.688807406646,-18.18771309859,4.));
#4186 = VECTOR('',#4187,1.);
#4187 = DIRECTION('',(0.,1.,0.));
#4188 = ORIENTED_EDGE('',*,*,#4189,.F.);
#4189 = EDGE_CURVE('',#4166,#4182,#4190,.T.);
#4190 = LINE('',#4191,#4192);
#4191 = CARTESIAN_POINT('',(5.688807406646,-18.18771309859,4.));
#4192 = VECTOR('',#4193,1.);
#4193 = DIRECTION('',(1.,0.,0.));
#4194 = FACE_BOUND('',#4195,.T.);
#4195 = EDGE_LOOP('',(#4196,#4206,#4214,#4222));
#4196 = ORIENTED_EDGE('',*,*,#4197,.F.);
#4197 = EDGE_CURVE('',#4198,#4200,#4202,.T.);
#4198 = VERTEX_POINT('',#4199);
#4199 = CARTESIAN_POINT('',(12.257477593354,-12.18771309859,4.));
#4200 = VERTEX_POINT('',#4201);
#4201 = CARTESIAN_POINT('',(11.257477593353,-12.18771309859,4.));
#4202 = LINE('',#4203,#4204);
#4203 = CARTESIAN_POINT('',(12.257477593354,-12.18771309859,4.));
#4204 = VECTOR('',#4205,1.);
#4205 = DIRECTION('',(-1.,0.,0.));
#4206 = ORIENTED_EDGE('',*,*,#4207,.F.);
#4207 = EDGE_CURVE('',#4208,#4198,#4210,.T.);
#4208 = VERTEX_POINT('',#4209);
#4209 = CARTESIAN_POINT('',(12.257477593354,-18.18771309859,4.));
#4210 = LINE('',#4211,#4212);
#4211 = CARTESIAN_POINT('',(12.257477593354,-18.18771309859,4.));
#4212 = VECTOR('',#4213,1.);
#4213 = DIRECTION('',(0.,1.,0.));
#4214 = ORIENTED_EDGE('',*,*,#4215,.F.);
#4215 = EDGE_CURVE('',#4216,#4208,#4218,.T.);
#4216 = VERTEX_POINT('',#4217);
#4217 = CARTESIAN_POINT('',(11.257477593353,-18.18771309859,4.));
#4218 = LINE('',#4219,#4220);
#4219 = CARTESIAN_POINT('',(11.257477593353,-18.18771309859,4.));
#4220 = VECTOR('',#4221,1.);
#4221 = DIRECTION('',(1.,0.,0.));
#4222 = ORIENTED_EDGE('',*,*,#4223,.F.);
#4223 = EDGE_CURVE('',#4200,#4216,#4224,.T.);
#4224 = LINE('',#4225,#4226);
#4225 = CARTESIAN_POINT('',(11.257477593353,-12.18771309859,4.));
#4226 = VECTOR('',#4227,1.);
#4227 = DIRECTION('',(0.,-1.,0.));
#4228 = PLANE('',#4229);
#4229 = AXIS2_PLACEMENT_3D('',#4230,#4231,#4232);
#4230 = CARTESIAN_POINT('',(1.258768054721E-15,-15.7041224151,4.));
#4231 = DIRECTION('',(0.,0.,1.));
#4232 = DIRECTION('',(1.,0.,0.));
#4233 = ADVANCED_FACE('',(#4234),#4245,.T.);
#4234 = FACE_BOUND('',#4235,.T.);
#4235 = EDGE_LOOP('',(#4236,#4237,#4243,#4244));
#4236 = ORIENTED_EDGE('',*,*,#3169,.F.);
#4237 = ORIENTED_EDGE('',*,*,#4238,.T.);
#4238 = EDGE_CURVE('',#3162,#3234,#4239,.T.);
#4239 = LINE('',#4240,#4241);
#4240 = CARTESIAN_POINT('',(11.5,-6.200000357721,-20.3));
#4241 = VECTOR('',#4242,1.);
#4242 = DIRECTION('',(-1.,0.,0.));
#4243 = ORIENTED_EDGE('',*,*,#3233,.T.);
#4244 = ORIENTED_EDGE('',*,*,#4086,.F.);
#4245 = PLANE('',#4246);
#4246 = AXIS2_PLACEMENT_3D('',#4247,#4248,#4249);
#4247 = CARTESIAN_POINT('',(0.,-6.200000357628,-10.25));
#4248 = DIRECTION('',(0.,1.,0.));
#4249 = DIRECTION('',(0.,0.,1.));
#4250 = ADVANCED_FACE('',(#4251,#4257),#4291,.T.);
#4251 = FACE_BOUND('',#4252,.F.);
#4252 = EDGE_LOOP('',(#4253,#4254,#4255,#4256));
#4253 = ORIENTED_EDGE('',*,*,#3243,.T.);
#4254 = ORIENTED_EDGE('',*,*,#3218,.T.);
#4255 = ORIENTED_EDGE('',*,*,#3161,.T.);
#4256 = ORIENTED_EDGE('',*,*,#4238,.T.);
#4257 = FACE_BOUND('',#4258,.T.);
#4258 = EDGE_LOOP('',(#4259,#4269,#4277,#4285));
#4259 = ORIENTED_EDGE('',*,*,#4260,.T.);
#4260 = EDGE_CURVE('',#4261,#4263,#4265,.T.);
#4261 = VERTEX_POINT('',#4262);
#4262 = CARTESIAN_POINT('',(-11.1,5.800000357628,-20.3));
#4263 = VERTEX_POINT('',#4264);
#4264 = CARTESIAN_POINT('',(11.1,5.800000357628,-20.3));
#4265 = LINE('',#4266,#4267);
#4266 = CARTESIAN_POINT('',(-11.1,5.800000357628,-20.3));
#4267 = VECTOR('',#4268,1.);
#4268 = DIRECTION('',(1.,0.,0.));
#4269 = ORIENTED_EDGE('',*,*,#4270,.T.);
#4270 = EDGE_CURVE('',#4263,#4271,#4273,.T.);
#4271 = VERTEX_POINT('',#4272);
#4272 = CARTESIAN_POINT('',(11.1,-5.800000357628,-20.3));
#4273 = LINE('',#4274,#4275);
#4274 = CARTESIAN_POINT('',(11.1,5.800000357628,-20.3));
#4275 = VECTOR('',#4276,1.);
#4276 = DIRECTION('',(0.,-1.,0.));
#4277 = ORIENTED_EDGE('',*,*,#4278,.T.);
#4278 = EDGE_CURVE('',#4271,#4279,#4281,.T.);
#4279 = VERTEX_POINT('',#4280);
#4280 = CARTESIAN_POINT('',(-11.1,-5.800000357628,-20.3));
#4281 = LINE('',#4282,#4283);
#4282 = CARTESIAN_POINT('',(11.1,-5.800000357628,-20.3));
#4283 = VECTOR('',#4284,1.);
#4284 = DIRECTION('',(-1.,0.,0.));
#4285 = ORIENTED_EDGE('',*,*,#4286,.T.);
#4286 = EDGE_CURVE('',#4279,#4261,#4287,.T.);
#4287 = LINE('',#4288,#4289);
#4288 = CARTESIAN_POINT('',(-11.1,-5.800000357628,-20.3));
#4289 = VECTOR('',#4290,1.);
#4290 = DIRECTION('',(0.,1.,0.));
#4291 = PLANE('',#4292);
#4292 = AXIS2_PLACEMENT_3D('',#4293,#4294,#4295);
#4293 = CARTESIAN_POINT('',(2.053591679395E-16,-2.385185127867E-11,-20.3
    ));
#4294 = DIRECTION('',(0.,0.,1.));
#4295 = DIRECTION('',(1.,0.,0.));
#4296 = ADVANCED_FACE('',(#4297),#4309,.F.);
#4297 = FACE_BOUND('',#4298,.F.);
#4298 = EDGE_LOOP('',(#4299,#4300,#4301,#4307,#4308));
#4299 = ORIENTED_EDGE('',*,*,#3558,.T.);
#4300 = ORIENTED_EDGE('',*,*,#3534,.T.);
#4301 = ORIENTED_EDGE('',*,*,#4302,.T.);
#4302 = EDGE_CURVE('',#3527,#3260,#4303,.T.);
#4303 = LINE('',#4304,#4305);
#4304 = CARTESIAN_POINT('',(-13.5,-2.5,-6.));
#4305 = VECTOR('',#4306,1.);
#4306 = DIRECTION('',(1.,0.,0.));
#4307 = ORIENTED_EDGE('',*,*,#3267,.F.);
#4308 = ORIENTED_EDGE('',*,*,#4062,.F.);
#4309 = PLANE('',#4310);
#4310 = AXIS2_PLACEMENT_3D('',#4311,#4312,#4313);
#4311 = CARTESIAN_POINT('',(-13.5,-2.5,4.));
#4312 = DIRECTION('',(0.,-1.,0.));
#4313 = DIRECTION('',(1.,0.,0.));
#4314 = ADVANCED_FACE('',(#4315),#4321,.T.);
#4315 = FACE_BOUND('',#4316,.T.);
#4316 = EDGE_LOOP('',(#4317,#4318,#4319,#4320));
#4317 = ORIENTED_EDGE('',*,*,#3306,.T.);
#4318 = ORIENTED_EDGE('',*,*,#3526,.T.);
#4319 = ORIENTED_EDGE('',*,*,#4302,.T.);
#4320 = ORIENTED_EDGE('',*,*,#3259,.T.);
#4321 = PLANE('',#4322);
#4322 = AXIS2_PLACEMENT_3D('',#4323,#4324,#4325);
#4323 = CARTESIAN_POINT('',(0.,0.,-6.));
#4324 = DIRECTION('',(0.,0.,1.));
#4325 = DIRECTION('',(1.,0.,0.));
#4326 = ADVANCED_FACE('',(#4327),#4333,.T.);
#4327 = FACE_BOUND('',#4328,.T.);
#4328 = EDGE_LOOP('',(#4329,#4330,#4331,#4332));
#4329 = ORIENTED_EDGE('',*,*,#3340,.T.);
#4330 = ORIENTED_EDGE('',*,*,#3388,.T.);
#4331 = ORIENTED_EDGE('',*,*,#3412,.T.);
#4332 = ORIENTED_EDGE('',*,*,#3371,.T.);
#4333 = PLANE('',#4334);
#4334 = AXIS2_PLACEMENT_3D('',#4335,#4336,#4337);
#4335 = CARTESIAN_POINT('',(-4.71231666663E-02,-15.18771309859,2.));
#4336 = DIRECTION('',(0.,0.,1.));
#4337 = DIRECTION('',(1.,0.,0.));
#4338 = ADVANCED_FACE('',(#4339),#4345,.T.);
#4339 = FACE_BOUND('',#4340,.T.);
#4340 = EDGE_LOOP('',(#4341,#4342,#4343,#4344));
#4341 = ORIENTED_EDGE('',*,*,#3436,.T.);
#4342 = ORIENTED_EDGE('',*,*,#3484,.T.);
#4343 = ORIENTED_EDGE('',*,*,#3508,.T.);
#4344 = ORIENTED_EDGE('',*,*,#3467,.T.);
#4345 = PLANE('',#4346);
#4346 = AXIS2_PLACEMENT_3D('',#4347,#4348,#4349);
#4347 = CARTESIAN_POINT('',(-4.71231666663E-02,-15.18771309859,2.));
#4348 = DIRECTION('',(0.,0.,1.));
#4349 = DIRECTION('',(1.,0.,0.));
#4350 = ADVANCED_FACE('',(#4351),#4385,.T.);
#4351 = FACE_BOUND('',#4352,.T.);
#4352 = EDGE_LOOP('',(#4353,#4361,#4362,#4363,#4369,#4370,#4371,#4379));
#4353 = ORIENTED_EDGE('',*,*,#4354,.T.);
#4354 = EDGE_CURVE('',#4355,#3716,#4357,.T.);
#4355 = VERTEX_POINT('',#4356);
#4356 = CARTESIAN_POINT('',(2.61144,-10.1117,2.3));
#4357 = LINE('',#4358,#4359);
#4358 = CARTESIAN_POINT('',(2.61144,-17.07394873433,2.3));
#4359 = VECTOR('',#4360,1.);
#4360 = DIRECTION('',(0.,-1.,0.));
#4361 = ORIENTED_EDGE('',*,*,#3732,.T.);
#4362 = ORIENTED_EDGE('',*,*,#3764,.T.);
#4363 = ORIENTED_EDGE('',*,*,#4364,.T.);
#4364 = EDGE_CURVE('',#3765,#3660,#4365,.T.);
#4365 = LINE('',#4366,#4367);
#4366 = CARTESIAN_POINT('',(4.355972760618,-8.318638650686,2.3));
#4367 = VECTOR('',#4368,1.);
#4368 = DIRECTION('',(-1.,0.,0.));
#4369 = ORIENTED_EDGE('',*,*,#3667,.T.);
#4370 = ORIENTED_EDGE('',*,*,#3701,.T.);
#4371 = ORIENTED_EDGE('',*,*,#4372,.T.);
#4372 = EDGE_CURVE('',#3694,#4373,#4375,.T.);
#4373 = VERTEX_POINT('',#4374);
#4374 = CARTESIAN_POINT('',(-2.26707,-10.1117,2.3));
#4375 = LINE('',#4376,#4377);
#4376 = CARTESIAN_POINT('',(-2.26707,-11.66454873433,2.3));
#4377 = VECTOR('',#4378,1.);
#4378 = DIRECTION('',(0.,1.,0.));
#4379 = ORIENTED_EDGE('',*,*,#4380,.T.);
#4380 = EDGE_CURVE('',#4373,#4355,#4381,.T.);
#4381 = LINE('',#4382,#4383);
#4382 = CARTESIAN_POINT('',(1.384322417366,-10.1117,2.3));
#4383 = VECTOR('',#4384,1.);
#4384 = DIRECTION('',(1.,0.,0.));
#4385 = PLANE('',#4386);
#4386 = AXIS2_PLACEMENT_3D('',#4387,#4388,#4389);
#4387 = CARTESIAN_POINT('',(0.157204834733,-13.21739746867,2.3));
#4388 = DIRECTION('',(0.,0.,1.));
#4389 = DIRECTION('',(1.,0.,0.));
#4390 = ADVANCED_FACE('',(#4391),#4397,.F.);
#4391 = FACE_BOUND('',#4392,.F.);
#4392 = EDGE_LOOP('',(#4393,#4394,#4395,#4396));
#4393 = ORIENTED_EDGE('',*,*,#4073,.F.);
#4394 = ORIENTED_EDGE('',*,*,#3772,.T.);
#4395 = ORIENTED_EDGE('',*,*,#4364,.T.);
#4396 = ORIENTED_EDGE('',*,*,#3659,.F.);
#4397 = PLANE('',#4398);
#4398 = AXIS2_PLACEMENT_3D('',#4399,#4400,#4401);
#4399 = CARTESIAN_POINT('',(4.355972760618,-8.318638650686,4.));
#4400 = DIRECTION('',(0.,1.,0.));
#4401 = DIRECTION('',(-1.,0.,0.));
#4402 = ADVANCED_FACE('',(#4403,#4406),#4440,.T.);
#4403 = FACE_BOUND('',#4404,.T.);
#4404 = EDGE_LOOP('',(#4405));
#4405 = ORIENTED_EDGE('',*,*,#3915,.F.);
#4406 = FACE_BOUND('',#4407,.T.);
#4407 = EDGE_LOOP('',(#4408,#4418,#4426,#4434));
#4408 = ORIENTED_EDGE('',*,*,#4409,.F.);
#4409 = EDGE_CURVE('',#4410,#4412,#4414,.T.);
#4410 = VERTEX_POINT('',#4411);
#4411 = CARTESIAN_POINT('',(-11.1,5.800000357628,-24.5));
#4412 = VERTEX_POINT('',#4413);
#4413 = CARTESIAN_POINT('',(11.1,5.800000357628,-24.5));
#4414 = LINE('',#4415,#4416);
#4415 = CARTESIAN_POINT('',(-11.1,5.800000357628,-24.5));
#4416 = VECTOR('',#4417,1.);
#4417 = DIRECTION('',(1.,0.,0.));
#4418 = ORIENTED_EDGE('',*,*,#4419,.F.);
#4419 = EDGE_CURVE('',#4420,#4410,#4422,.T.);
#4420 = VERTEX_POINT('',#4421);
#4421 = CARTESIAN_POINT('',(-11.1,-5.800000357628,-24.5));
#4422 = LINE('',#4423,#4424);
#4423 = CARTESIAN_POINT('',(-11.1,-5.800000357628,-24.5));
#4424 = VECTOR('',#4425,1.);
#4425 = DIRECTION('',(0.,1.,0.));
#4426 = ORIENTED_EDGE('',*,*,#4427,.F.);
#4427 = EDGE_CURVE('',#4428,#4420,#4430,.T.);
#4428 = VERTEX_POINT('',#4429);
#4429 = CARTESIAN_POINT('',(11.1,-5.800000357628,-24.5));
#4430 = LINE('',#4431,#4432);
#4431 = CARTESIAN_POINT('',(11.1,-5.800000357628,-24.5));
#4432 = VECTOR('',#4433,1.);
#4433 = DIRECTION('',(-1.,0.,0.));
#4434 = ORIENTED_EDGE('',*,*,#4435,.F.);
#4435 = EDGE_CURVE('',#4412,#4428,#4436,.T.);
#4436 = LINE('',#4437,#4438);
#4437 = CARTESIAN_POINT('',(11.1,5.800000357628,-24.5));
#4438 = VECTOR('',#4439,1.);
#4439 = DIRECTION('',(0.,-1.,0.));
#4440 = PLANE('',#4441);
#4441 = AXIS2_PLACEMENT_3D('',#4442,#4443,#4444);
#4442 = CARTESIAN_POINT('',(-1.18052385543E-15,2.195962200149E-16,-24.5)
  );
#4443 = DIRECTION('',(-0.,-0.,-1.));
#4444 = DIRECTION('',(-1.,0.,0.));
#4445 = ADVANCED_FACE('',(#4446),#4452,.F.);
#4446 = FACE_BOUND('',#4447,.F.);
#4447 = EDGE_LOOP('',(#4448,#4449,#4450,#4451));
#4448 = ORIENTED_EDGE('',*,*,#3971,.T.);
#4449 = ORIENTED_EDGE('',*,*,#3940,.T.);
#4450 = ORIENTED_EDGE('',*,*,#4012,.T.);
#4451 = ORIENTED_EDGE('',*,*,#3995,.T.);
#4452 = PLANE('',#4453);
#4453 = AXIS2_PLACEMENT_3D('',#4454,#4455,#4456);
#4454 = CARTESIAN_POINT('',(0.172185,-15.5211,3.6));
#4455 = DIRECTION('',(0.,0.,1.));
#4456 = DIRECTION('',(1.,0.,0.));
#4457 = ADVANCED_FACE('',(#4458),#4483,.F.);
#4458 = FACE_BOUND('',#4459,.F.);
#4459 = EDGE_LOOP('',(#4460,#4468,#4476,#4482));
#4460 = ORIENTED_EDGE('',*,*,#4461,.T.);
#4461 = EDGE_CURVE('',#4096,#4462,#4464,.T.);
#4462 = VERTEX_POINT('',#4463);
#4463 = CARTESIAN_POINT('',(-12.22034699999,-12.18771309859,2.));
#4464 = LINE('',#4465,#4466);
#4465 = CARTESIAN_POINT('',(-12.22034699999,-12.18771309859,4.));
#4466 = VECTOR('',#4467,1.);
#4467 = DIRECTION('',(-0.,-0.,-1.));
#4468 = ORIENTED_EDGE('',*,*,#4469,.T.);
#4469 = EDGE_CURVE('',#4462,#4470,#4472,.T.);
#4470 = VERTEX_POINT('',#4471);
#4471 = CARTESIAN_POINT('',(-12.22034699999,-18.18771309859,2.));
#4472 = LINE('',#4473,#4474);
#4473 = CARTESIAN_POINT('',(-12.22034699999,-12.18771309859,2.));
#4474 = VECTOR('',#4475,1.);
#4475 = DIRECTION('',(0.,-1.,0.));
#4476 = ORIENTED_EDGE('',*,*,#4477,.F.);
#4477 = EDGE_CURVE('',#4098,#4470,#4478,.T.);
#4478 = LINE('',#4479,#4480);
#4479 = CARTESIAN_POINT('',(-12.22034699999,-18.18771309859,4.));
#4480 = VECTOR('',#4481,1.);
#4481 = DIRECTION('',(-0.,-0.,-1.));
#4482 = ORIENTED_EDGE('',*,*,#4095,.F.);
#4483 = PLANE('',#4484);
#4484 = AXIS2_PLACEMENT_3D('',#4485,#4486,#4487);
#4485 = CARTESIAN_POINT('',(-12.22034699999,-12.18771309859,4.));
#4486 = DIRECTION('',(-1.,0.,0.));
#4487 = DIRECTION('',(0.,-1.,0.));
#4488 = ADVANCED_FACE('',(#4489),#4507,.F.);
#4489 = FACE_BOUND('',#4490,.F.);
#4490 = EDGE_LOOP('',(#4491,#4499,#4505,#4506));
#4491 = ORIENTED_EDGE('',*,*,#4492,.T.);
#4492 = EDGE_CURVE('',#4106,#4493,#4495,.T.);
#4493 = VERTEX_POINT('',#4494);
#4494 = CARTESIAN_POINT('',(-11.22034699999,-12.18771309859,2.));
#4495 = LINE('',#4496,#4497);
#4496 = CARTESIAN_POINT('',(-11.22034699999,-12.18771309859,4.));
#4497 = VECTOR('',#4498,1.);
#4498 = DIRECTION('',(-0.,-0.,-1.));
#4499 = ORIENTED_EDGE('',*,*,#4500,.T.);
#4500 = EDGE_CURVE('',#4493,#4462,#4501,.T.);
#4501 = LINE('',#4502,#4503);
#4502 = CARTESIAN_POINT('',(-11.22034699999,-12.18771309859,2.));
#4503 = VECTOR('',#4504,1.);
#4504 = DIRECTION('',(-1.,0.,0.));
#4505 = ORIENTED_EDGE('',*,*,#4461,.F.);
#4506 = ORIENTED_EDGE('',*,*,#4105,.F.);
#4507 = PLANE('',#4508);
#4508 = AXIS2_PLACEMENT_3D('',#4509,#4510,#4511);
#4509 = CARTESIAN_POINT('',(-11.22034699999,-12.18771309859,4.));
#4510 = DIRECTION('',(0.,1.,0.));
#4511 = DIRECTION('',(-1.,0.,0.));
#4512 = ADVANCED_FACE('',(#4513),#4531,.F.);
#4513 = FACE_BOUND('',#4514,.F.);
#4514 = EDGE_LOOP('',(#4515,#4516,#4524,#4530));
#4515 = ORIENTED_EDGE('',*,*,#4477,.T.);
#4516 = ORIENTED_EDGE('',*,*,#4517,.T.);
#4517 = EDGE_CURVE('',#4470,#4518,#4520,.T.);
#4518 = VERTEX_POINT('',#4519);
#4519 = CARTESIAN_POINT('',(-11.22034699999,-18.18771309859,2.));
#4520 = LINE('',#4521,#4522);
#4521 = CARTESIAN_POINT('',(-12.22034699999,-18.18771309859,2.));
#4522 = VECTOR('',#4523,1.);
#4523 = DIRECTION('',(1.,0.,0.));
#4524 = ORIENTED_EDGE('',*,*,#4525,.F.);
#4525 = EDGE_CURVE('',#4114,#4518,#4526,.T.);
#4526 = LINE('',#4527,#4528);
#4527 = CARTESIAN_POINT('',(-11.22034699999,-18.18771309859,4.));
#4528 = VECTOR('',#4529,1.);
#4529 = DIRECTION('',(-0.,-0.,-1.));
#4530 = ORIENTED_EDGE('',*,*,#4121,.F.);
#4531 = PLANE('',#4532);
#4532 = AXIS2_PLACEMENT_3D('',#4533,#4534,#4535);
#4533 = CARTESIAN_POINT('',(-12.22034699999,-18.18771309859,4.));
#4534 = DIRECTION('',(0.,-1.,0.));
#4535 = DIRECTION('',(1.,0.,0.));
#4536 = ADVANCED_FACE('',(#4537),#4548,.F.);
#4537 = FACE_BOUND('',#4538,.F.);
#4538 = EDGE_LOOP('',(#4539,#4540,#4546,#4547));
#4539 = ORIENTED_EDGE('',*,*,#4525,.T.);
#4540 = ORIENTED_EDGE('',*,*,#4541,.T.);
#4541 = EDGE_CURVE('',#4518,#4493,#4542,.T.);
#4542 = LINE('',#4543,#4544);
#4543 = CARTESIAN_POINT('',(-11.22034699999,-18.18771309859,2.));
#4544 = VECTOR('',#4545,1.);
#4545 = DIRECTION('',(0.,1.,0.));
#4546 = ORIENTED_EDGE('',*,*,#4492,.F.);
#4547 = ORIENTED_EDGE('',*,*,#4113,.F.);
#4548 = PLANE('',#4549);
#4549 = AXIS2_PLACEMENT_3D('',#4550,#4551,#4552);
#4550 = CARTESIAN_POINT('',(-11.22034699999,-18.18771309859,4.));
#4551 = DIRECTION('',(1.,0.,0.));
#4552 = DIRECTION('',(0.,1.,0.));
#4553 = ADVANCED_FACE('',(#4554),#4579,.F.);
#4554 = FACE_BOUND('',#4555,.F.);
#4555 = EDGE_LOOP('',(#4556,#4564,#4572,#4578));
#4556 = ORIENTED_EDGE('',*,*,#4557,.T.);
#4557 = EDGE_CURVE('',#4130,#4558,#4560,.T.);
#4558 = VERTEX_POINT('',#4559);
#4559 = CARTESIAN_POINT('',(-6.008677000001,-12.18771309859,2.));
#4560 = LINE('',#4561,#4562);
#4561 = CARTESIAN_POINT('',(-6.008677000001,-12.18771309859,4.));
#4562 = VECTOR('',#4563,1.);
#4563 = DIRECTION('',(-0.,-0.,-1.));
#4564 = ORIENTED_EDGE('',*,*,#4565,.T.);
#4565 = EDGE_CURVE('',#4558,#4566,#4568,.T.);
#4566 = VERTEX_POINT('',#4567);
#4567 = CARTESIAN_POINT('',(-7.008677,-12.18771309859,2.));
#4568 = LINE('',#4569,#4570);
#4569 = CARTESIAN_POINT('',(-6.008677000001,-12.18771309859,2.));
#4570 = VECTOR('',#4571,1.);
#4571 = DIRECTION('',(-1.,0.,0.));
#4572 = ORIENTED_EDGE('',*,*,#4573,.F.);
#4573 = EDGE_CURVE('',#4132,#4566,#4574,.T.);
#4574 = LINE('',#4575,#4576);
#4575 = CARTESIAN_POINT('',(-7.008677,-12.18771309859,4.));
#4576 = VECTOR('',#4577,1.);
#4577 = DIRECTION('',(-0.,-0.,-1.));
#4578 = ORIENTED_EDGE('',*,*,#4129,.F.);
#4579 = PLANE('',#4580);
#4580 = AXIS2_PLACEMENT_3D('',#4581,#4582,#4583);
#4581 = CARTESIAN_POINT('',(-6.008677000001,-12.18771309859,4.));
#4582 = DIRECTION('',(0.,1.,0.));
#4583 = DIRECTION('',(-1.,0.,0.));
#4584 = ADVANCED_FACE('',(#4585),#4603,.F.);
#4585 = FACE_BOUND('',#4586,.F.);
#4586 = EDGE_LOOP('',(#4587,#4595,#4601,#4602));
#4587 = ORIENTED_EDGE('',*,*,#4588,.T.);
#4588 = EDGE_CURVE('',#4140,#4589,#4591,.T.);
#4589 = VERTEX_POINT('',#4590);
#4590 = CARTESIAN_POINT('',(-6.008677000001,-18.18771309859,2.));
#4591 = LINE('',#4592,#4593);
#4592 = CARTESIAN_POINT('',(-6.008677000001,-18.18771309859,4.));
#4593 = VECTOR('',#4594,1.);
#4594 = DIRECTION('',(-0.,-0.,-1.));
#4595 = ORIENTED_EDGE('',*,*,#4596,.T.);
#4596 = EDGE_CURVE('',#4589,#4558,#4597,.T.);
#4597 = LINE('',#4598,#4599);
#4598 = CARTESIAN_POINT('',(-6.008677000001,-18.18771309859,2.));
#4599 = VECTOR('',#4600,1.);
#4600 = DIRECTION('',(0.,1.,0.));
#4601 = ORIENTED_EDGE('',*,*,#4557,.F.);
#4602 = ORIENTED_EDGE('',*,*,#4139,.F.);
#4603 = PLANE('',#4604);
#4604 = AXIS2_PLACEMENT_3D('',#4605,#4606,#4607);
#4605 = CARTESIAN_POINT('',(-6.008677000001,-18.18771309859,4.));
#4606 = DIRECTION('',(1.,0.,0.));
#4607 = DIRECTION('',(0.,1.,0.));
#4608 = ADVANCED_FACE('',(#4609),#4627,.F.);
#4609 = FACE_BOUND('',#4610,.F.);
#4610 = EDGE_LOOP('',(#4611,#4612,#4620,#4626));
#4611 = ORIENTED_EDGE('',*,*,#4573,.T.);
#4612 = ORIENTED_EDGE('',*,*,#4613,.T.);
#4613 = EDGE_CURVE('',#4566,#4614,#4616,.T.);
#4614 = VERTEX_POINT('',#4615);
#4615 = CARTESIAN_POINT('',(-7.008677,-18.18771309859,2.));
#4616 = LINE('',#4617,#4618);
#4617 = CARTESIAN_POINT('',(-7.008677,-12.18771309859,2.));
#4618 = VECTOR('',#4619,1.);
#4619 = DIRECTION('',(0.,-1.,0.));
#4620 = ORIENTED_EDGE('',*,*,#4621,.F.);
#4621 = EDGE_CURVE('',#4148,#4614,#4622,.T.);
#4622 = LINE('',#4623,#4624);
#4623 = CARTESIAN_POINT('',(-7.008677,-18.18771309859,4.));
#4624 = VECTOR('',#4625,1.);
#4625 = DIRECTION('',(-0.,-0.,-1.));
#4626 = ORIENTED_EDGE('',*,*,#4155,.F.);
#4627 = PLANE('',#4628);
#4628 = AXIS2_PLACEMENT_3D('',#4629,#4630,#4631);
#4629 = CARTESIAN_POINT('',(-7.008677,-12.18771309859,4.));
#4630 = DIRECTION('',(-1.,0.,0.));
#4631 = DIRECTION('',(0.,-1.,0.));
#4632 = ADVANCED_FACE('',(#4633),#4644,.F.);
#4633 = FACE_BOUND('',#4634,.F.);
#4634 = EDGE_LOOP('',(#4635,#4636,#4642,#4643));
#4635 = ORIENTED_EDGE('',*,*,#4621,.T.);
#4636 = ORIENTED_EDGE('',*,*,#4637,.T.);
#4637 = EDGE_CURVE('',#4614,#4589,#4638,.T.);
#4638 = LINE('',#4639,#4640);
#4639 = CARTESIAN_POINT('',(-7.008677,-18.18771309859,2.));
#4640 = VECTOR('',#4641,1.);
#4641 = DIRECTION('',(1.,0.,0.));
#4642 = ORIENTED_EDGE('',*,*,#4588,.F.);
#4643 = ORIENTED_EDGE('',*,*,#4147,.F.);
#4644 = PLANE('',#4645);
#4645 = AXIS2_PLACEMENT_3D('',#4646,#4647,#4648);
#4646 = CARTESIAN_POINT('',(-7.008677,-18.18771309859,4.));
#4647 = DIRECTION('',(0.,-1.,0.));
#4648 = DIRECTION('',(1.,0.,0.));
#4649 = ADVANCED_FACE('',(#4650),#4675,.F.);
#4650 = FACE_BOUND('',#4651,.F.);
#4651 = EDGE_LOOP('',(#4652,#4660,#4668,#4674));
#4652 = ORIENTED_EDGE('',*,*,#4653,.T.);
#4653 = EDGE_CURVE('',#4164,#4654,#4656,.T.);
#4654 = VERTEX_POINT('',#4655);
#4655 = CARTESIAN_POINT('',(5.688807406646,-12.18771309859,2.));
#4656 = LINE('',#4657,#4658);
#4657 = CARTESIAN_POINT('',(5.688807406646,-12.18771309859,4.));
#4658 = VECTOR('',#4659,1.);
#4659 = DIRECTION('',(-0.,-0.,-1.));
#4660 = ORIENTED_EDGE('',*,*,#4661,.T.);
#4661 = EDGE_CURVE('',#4654,#4662,#4664,.T.);
#4662 = VERTEX_POINT('',#4663);
#4663 = CARTESIAN_POINT('',(5.688807406646,-18.18771309859,2.));
#4664 = LINE('',#4665,#4666);
#4665 = CARTESIAN_POINT('',(5.688807406646,-12.18771309859,2.));
#4666 = VECTOR('',#4667,1.);
#4667 = DIRECTION('',(0.,-1.,0.));
#4668 = ORIENTED_EDGE('',*,*,#4669,.F.);
#4669 = EDGE_CURVE('',#4166,#4662,#4670,.T.);
#4670 = LINE('',#4671,#4672);
#4671 = CARTESIAN_POINT('',(5.688807406646,-18.18771309859,4.));
#4672 = VECTOR('',#4673,1.);
#4673 = DIRECTION('',(-0.,-0.,-1.));
#4674 = ORIENTED_EDGE('',*,*,#4163,.F.);
#4675 = PLANE('',#4676);
#4676 = AXIS2_PLACEMENT_3D('',#4677,#4678,#4679);
#4677 = CARTESIAN_POINT('',(5.688807406646,-12.18771309859,4.));
#4678 = DIRECTION('',(-1.,0.,0.));
#4679 = DIRECTION('',(0.,-1.,0.));
#4680 = ADVANCED_FACE('',(#4681),#4699,.F.);
#4681 = FACE_BOUND('',#4682,.F.);
#4682 = EDGE_LOOP('',(#4683,#4691,#4697,#4698));
#4683 = ORIENTED_EDGE('',*,*,#4684,.T.);
#4684 = EDGE_CURVE('',#4174,#4685,#4687,.T.);
#4685 = VERTEX_POINT('',#4686);
#4686 = CARTESIAN_POINT('',(6.688807406646,-12.18771309859,2.));
#4687 = LINE('',#4688,#4689);
#4688 = CARTESIAN_POINT('',(6.688807406646,-12.18771309859,4.));
#4689 = VECTOR('',#4690,1.);
#4690 = DIRECTION('',(-0.,-0.,-1.));
#4691 = ORIENTED_EDGE('',*,*,#4692,.T.);
#4692 = EDGE_CURVE('',#4685,#4654,#4693,.T.);
#4693 = LINE('',#4694,#4695);
#4694 = CARTESIAN_POINT('',(6.688807406646,-12.18771309859,2.));
#4695 = VECTOR('',#4696,1.);
#4696 = DIRECTION('',(-1.,0.,0.));
#4697 = ORIENTED_EDGE('',*,*,#4653,.F.);
#4698 = ORIENTED_EDGE('',*,*,#4173,.F.);
#4699 = PLANE('',#4700);
#4700 = AXIS2_PLACEMENT_3D('',#4701,#4702,#4703);
#4701 = CARTESIAN_POINT('',(6.688807406646,-12.18771309859,4.));
#4702 = DIRECTION('',(0.,1.,0.));
#4703 = DIRECTION('',(-1.,0.,0.));
#4704 = ADVANCED_FACE('',(#4705),#4723,.F.);
#4705 = FACE_BOUND('',#4706,.F.);
#4706 = EDGE_LOOP('',(#4707,#4708,#4716,#4722));
#4707 = ORIENTED_EDGE('',*,*,#4669,.T.);
#4708 = ORIENTED_EDGE('',*,*,#4709,.T.);
#4709 = EDGE_CURVE('',#4662,#4710,#4712,.T.);
#4710 = VERTEX_POINT('',#4711);
#4711 = CARTESIAN_POINT('',(6.688807406646,-18.18771309859,2.));
#4712 = LINE('',#4713,#4714);
#4713 = CARTESIAN_POINT('',(5.688807406646,-18.18771309859,2.));
#4714 = VECTOR('',#4715,1.);
#4715 = DIRECTION('',(1.,0.,0.));
#4716 = ORIENTED_EDGE('',*,*,#4717,.F.);
#4717 = EDGE_CURVE('',#4182,#4710,#4718,.T.);
#4718 = LINE('',#4719,#4720);
#4719 = CARTESIAN_POINT('',(6.688807406646,-18.18771309859,4.));
#4720 = VECTOR('',#4721,1.);
#4721 = DIRECTION('',(-0.,-0.,-1.));
#4722 = ORIENTED_EDGE('',*,*,#4189,.F.);
#4723 = PLANE('',#4724);
#4724 = AXIS2_PLACEMENT_3D('',#4725,#4726,#4727);
#4725 = CARTESIAN_POINT('',(5.688807406646,-18.18771309859,4.));
#4726 = DIRECTION('',(0.,-1.,0.));
#4727 = DIRECTION('',(1.,0.,0.));
#4728 = ADVANCED_FACE('',(#4729),#4740,.F.);
#4729 = FACE_BOUND('',#4730,.F.);
#4730 = EDGE_LOOP('',(#4731,#4732,#4738,#4739));
#4731 = ORIENTED_EDGE('',*,*,#4717,.T.);
#4732 = ORIENTED_EDGE('',*,*,#4733,.T.);
#4733 = EDGE_CURVE('',#4710,#4685,#4734,.T.);
#4734 = LINE('',#4735,#4736);
#4735 = CARTESIAN_POINT('',(6.688807406646,-18.18771309859,2.));
#4736 = VECTOR('',#4737,1.);
#4737 = DIRECTION('',(0.,1.,0.));
#4738 = ORIENTED_EDGE('',*,*,#4684,.F.);
#4739 = ORIENTED_EDGE('',*,*,#4181,.F.);
#4740 = PLANE('',#4741);
#4741 = AXIS2_PLACEMENT_3D('',#4742,#4743,#4744);
#4742 = CARTESIAN_POINT('',(6.688807406646,-18.18771309859,4.));
#4743 = DIRECTION('',(1.,0.,0.));
#4744 = DIRECTION('',(0.,1.,0.));
#4745 = ADVANCED_FACE('',(#4746),#4771,.F.);
#4746 = FACE_BOUND('',#4747,.F.);
#4747 = EDGE_LOOP('',(#4748,#4756,#4764,#4770));
#4748 = ORIENTED_EDGE('',*,*,#4749,.T.);
#4749 = EDGE_CURVE('',#4198,#4750,#4752,.T.);
#4750 = VERTEX_POINT('',#4751);
#4751 = CARTESIAN_POINT('',(12.257477593354,-12.18771309859,2.));
#4752 = LINE('',#4753,#4754);
#4753 = CARTESIAN_POINT('',(12.257477593354,-12.18771309859,4.));
#4754 = VECTOR('',#4755,1.);
#4755 = DIRECTION('',(-0.,-0.,-1.));
#4756 = ORIENTED_EDGE('',*,*,#4757,.T.);
#4757 = EDGE_CURVE('',#4750,#4758,#4760,.T.);
#4758 = VERTEX_POINT('',#4759);
#4759 = CARTESIAN_POINT('',(11.257477593353,-12.18771309859,2.));
#4760 = LINE('',#4761,#4762);
#4761 = CARTESIAN_POINT('',(12.257477593354,-12.18771309859,2.));
#4762 = VECTOR('',#4763,1.);
#4763 = DIRECTION('',(-1.,0.,0.));
#4764 = ORIENTED_EDGE('',*,*,#4765,.F.);
#4765 = EDGE_CURVE('',#4200,#4758,#4766,.T.);
#4766 = LINE('',#4767,#4768);
#4767 = CARTESIAN_POINT('',(11.257477593353,-12.18771309859,4.));
#4768 = VECTOR('',#4769,1.);
#4769 = DIRECTION('',(-0.,-0.,-1.));
#4770 = ORIENTED_EDGE('',*,*,#4197,.F.);
#4771 = PLANE('',#4772);
#4772 = AXIS2_PLACEMENT_3D('',#4773,#4774,#4775);
#4773 = CARTESIAN_POINT('',(12.257477593354,-12.18771309859,4.));
#4774 = DIRECTION('',(0.,1.,0.));
#4775 = DIRECTION('',(-1.,0.,0.));
#4776 = ADVANCED_FACE('',(#4777),#4795,.F.);
#4777 = FACE_BOUND('',#4778,.F.);
#4778 = EDGE_LOOP('',(#4779,#4787,#4793,#4794));
#4779 = ORIENTED_EDGE('',*,*,#4780,.T.);
#4780 = EDGE_CURVE('',#4208,#4781,#4783,.T.);
#4781 = VERTEX_POINT('',#4782);
#4782 = CARTESIAN_POINT('',(12.257477593354,-18.18771309859,2.));
#4783 = LINE('',#4784,#4785);
#4784 = CARTESIAN_POINT('',(12.257477593354,-18.18771309859,4.));
#4785 = VECTOR('',#4786,1.);
#4786 = DIRECTION('',(-0.,-0.,-1.));
#4787 = ORIENTED_EDGE('',*,*,#4788,.T.);
#4788 = EDGE_CURVE('',#4781,#4750,#4789,.T.);
#4789 = LINE('',#4790,#4791);
#4790 = CARTESIAN_POINT('',(12.257477593354,-18.18771309859,2.));
#4791 = VECTOR('',#4792,1.);
#4792 = DIRECTION('',(0.,1.,0.));
#4793 = ORIENTED_EDGE('',*,*,#4749,.F.);
#4794 = ORIENTED_EDGE('',*,*,#4207,.F.);
#4795 = PLANE('',#4796);
#4796 = AXIS2_PLACEMENT_3D('',#4797,#4798,#4799);
#4797 = CARTESIAN_POINT('',(12.257477593354,-18.18771309859,4.));
#4798 = DIRECTION('',(1.,0.,0.));
#4799 = DIRECTION('',(0.,1.,0.));
#4800 = ADVANCED_FACE('',(#4801),#4819,.F.);
#4801 = FACE_BOUND('',#4802,.F.);
#4802 = EDGE_LOOP('',(#4803,#4804,#4812,#4818));
#4803 = ORIENTED_EDGE('',*,*,#4765,.T.);
#4804 = ORIENTED_EDGE('',*,*,#4805,.T.);
#4805 = EDGE_CURVE('',#4758,#4806,#4808,.T.);
#4806 = VERTEX_POINT('',#4807);
#4807 = CARTESIAN_POINT('',(11.257477593353,-18.18771309859,2.));
#4808 = LINE('',#4809,#4810);
#4809 = CARTESIAN_POINT('',(11.257477593353,-12.18771309859,2.));
#4810 = VECTOR('',#4811,1.);
#4811 = DIRECTION('',(0.,-1.,0.));
#4812 = ORIENTED_EDGE('',*,*,#4813,.F.);
#4813 = EDGE_CURVE('',#4216,#4806,#4814,.T.);
#4814 = LINE('',#4815,#4816);
#4815 = CARTESIAN_POINT('',(11.257477593353,-18.18771309859,4.));
#4816 = VECTOR('',#4817,1.);
#4817 = DIRECTION('',(-0.,-0.,-1.));
#4818 = ORIENTED_EDGE('',*,*,#4223,.F.);
#4819 = PLANE('',#4820);
#4820 = AXIS2_PLACEMENT_3D('',#4821,#4822,#4823);
#4821 = CARTESIAN_POINT('',(11.257477593353,-12.18771309859,4.));
#4822 = DIRECTION('',(-1.,0.,0.));
#4823 = DIRECTION('',(0.,-1.,0.));
#4824 = ADVANCED_FACE('',(#4825),#4836,.F.);
#4825 = FACE_BOUND('',#4826,.F.);
#4826 = EDGE_LOOP('',(#4827,#4828,#4834,#4835));
#4827 = ORIENTED_EDGE('',*,*,#4813,.T.);
#4828 = ORIENTED_EDGE('',*,*,#4829,.T.);
#4829 = EDGE_CURVE('',#4806,#4781,#4830,.T.);
#4830 = LINE('',#4831,#4832);
#4831 = CARTESIAN_POINT('',(11.257477593353,-18.18771309859,2.));
#4832 = VECTOR('',#4833,1.);
#4833 = DIRECTION('',(1.,0.,0.));
#4834 = ORIENTED_EDGE('',*,*,#4780,.F.);
#4835 = ORIENTED_EDGE('',*,*,#4215,.F.);
#4836 = PLANE('',#4837);
#4837 = AXIS2_PLACEMENT_3D('',#4838,#4839,#4840);
#4838 = CARTESIAN_POINT('',(11.257477593353,-18.18771309859,4.));
#4839 = DIRECTION('',(0.,-1.,0.));
#4840 = DIRECTION('',(1.,0.,0.));
#4841 = ADVANCED_FACE('',(#4842),#4858,.F.);
#4842 = FACE_BOUND('',#4843,.F.);
#4843 = EDGE_LOOP('',(#4844,#4850,#4851,#4857));
#4844 = ORIENTED_EDGE('',*,*,#4845,.T.);
#4845 = EDGE_CURVE('',#4410,#4261,#4846,.T.);
#4846 = LINE('',#4847,#4848);
#4847 = CARTESIAN_POINT('',(-11.1,5.800000357628,-24.5));
#4848 = VECTOR('',#4849,1.);
#4849 = DIRECTION('',(0.,0.,1.));
#4850 = ORIENTED_EDGE('',*,*,#4260,.T.);
#4851 = ORIENTED_EDGE('',*,*,#4852,.F.);
#4852 = EDGE_CURVE('',#4412,#4263,#4853,.T.);
#4853 = LINE('',#4854,#4855);
#4854 = CARTESIAN_POINT('',(11.1,5.800000357628,-24.5));
#4855 = VECTOR('',#4856,1.);
#4856 = DIRECTION('',(0.,0.,1.));
#4857 = ORIENTED_EDGE('',*,*,#4409,.F.);
#4858 = PLANE('',#4859);
#4859 = AXIS2_PLACEMENT_3D('',#4860,#4861,#4862);
#4860 = CARTESIAN_POINT('',(-11.1,5.800000357628,-24.5));
#4861 = DIRECTION('',(0.,1.,0.));
#4862 = DIRECTION('',(1.,0.,0.));
#4863 = ADVANCED_FACE('',(#4864),#4875,.F.);
#4864 = FACE_BOUND('',#4865,.F.);
#4865 = EDGE_LOOP('',(#4866,#4867,#4868,#4874));
#4866 = ORIENTED_EDGE('',*,*,#4852,.T.);
#4867 = ORIENTED_EDGE('',*,*,#4270,.T.);
#4868 = ORIENTED_EDGE('',*,*,#4869,.F.);
#4869 = EDGE_CURVE('',#4428,#4271,#4870,.T.);
#4870 = LINE('',#4871,#4872);
#4871 = CARTESIAN_POINT('',(11.1,-5.800000357628,-24.5));
#4872 = VECTOR('',#4873,1.);
#4873 = DIRECTION('',(0.,0.,1.));
#4874 = ORIENTED_EDGE('',*,*,#4435,.F.);
#4875 = PLANE('',#4876);
#4876 = AXIS2_PLACEMENT_3D('',#4877,#4878,#4879);
#4877 = CARTESIAN_POINT('',(11.1,5.800000357628,-24.5));
#4878 = DIRECTION('',(1.,0.,0.));
#4879 = DIRECTION('',(0.,-1.,0.));
#4880 = ADVANCED_FACE('',(#4881),#4892,.F.);
#4881 = FACE_BOUND('',#4882,.F.);
#4882 = EDGE_LOOP('',(#4883,#4884,#4885,#4891));
#4883 = ORIENTED_EDGE('',*,*,#4869,.T.);
#4884 = ORIENTED_EDGE('',*,*,#4278,.T.);
#4885 = ORIENTED_EDGE('',*,*,#4886,.F.);
#4886 = EDGE_CURVE('',#4420,#4279,#4887,.T.);
#4887 = LINE('',#4888,#4889);
#4888 = CARTESIAN_POINT('',(-11.1,-5.800000357628,-24.5));
#4889 = VECTOR('',#4890,1.);
#4890 = DIRECTION('',(0.,0.,1.));
#4891 = ORIENTED_EDGE('',*,*,#4427,.F.);
#4892 = PLANE('',#4893);
#4893 = AXIS2_PLACEMENT_3D('',#4894,#4895,#4896);
#4894 = CARTESIAN_POINT('',(11.1,-5.800000357628,-24.5));
#4895 = DIRECTION('',(-0.,-1.,-0.));
#4896 = DIRECTION('',(-1.,0.,0.));
#4897 = ADVANCED_FACE('',(#4898),#4904,.F.);
#4898 = FACE_BOUND('',#4899,.F.);
#4899 = EDGE_LOOP('',(#4900,#4901,#4902,#4903));
#4900 = ORIENTED_EDGE('',*,*,#4886,.T.);
#4901 = ORIENTED_EDGE('',*,*,#4286,.T.);
#4902 = ORIENTED_EDGE('',*,*,#4845,.F.);
#4903 = ORIENTED_EDGE('',*,*,#4419,.F.);
#4904 = PLANE('',#4905);
#4905 = AXIS2_PLACEMENT_3D('',#4906,#4907,#4908);
#4906 = CARTESIAN_POINT('',(-11.1,-5.800000357628,-24.5));
#4907 = DIRECTION('',(-1.,0.,0.));
#4908 = DIRECTION('',(0.,1.,0.));
#4909 = ADVANCED_FACE('',(#4910),#4916,.T.);
#4910 = FACE_BOUND('',#4911,.T.);
#4911 = EDGE_LOOP('',(#4912,#4913,#4914,#4915));
#4912 = ORIENTED_EDGE('',*,*,#4469,.T.);
#4913 = ORIENTED_EDGE('',*,*,#4517,.T.);
#4914 = ORIENTED_EDGE('',*,*,#4541,.T.);
#4915 = ORIENTED_EDGE('',*,*,#4500,.T.);
#4916 = PLANE('',#4917);
#4917 = AXIS2_PLACEMENT_3D('',#4918,#4919,#4920);
#4918 = CARTESIAN_POINT('',(-4.71231666663E-02,-15.18771309859,2.));
#4919 = DIRECTION('',(0.,0.,1.));
#4920 = DIRECTION('',(1.,0.,0.));
#4921 = ADVANCED_FACE('',(#4922),#4928,.T.);
#4922 = FACE_BOUND('',#4923,.T.);
#4923 = EDGE_LOOP('',(#4924,#4925,#4926,#4927));
#4924 = ORIENTED_EDGE('',*,*,#4565,.T.);
#4925 = ORIENTED_EDGE('',*,*,#4613,.T.);
#4926 = ORIENTED_EDGE('',*,*,#4637,.T.);
#4927 = ORIENTED_EDGE('',*,*,#4596,.T.);
#4928 = PLANE('',#4929);
#4929 = AXIS2_PLACEMENT_3D('',#4930,#4931,#4932);
#4930 = CARTESIAN_POINT('',(-4.71231666663E-02,-15.18771309859,2.));
#4931 = DIRECTION('',(0.,0.,1.));
#4932 = DIRECTION('',(1.,0.,0.));
#4933 = ADVANCED_FACE('',(#4934),#4940,.T.);
#4934 = FACE_BOUND('',#4935,.T.);
#4935 = EDGE_LOOP('',(#4936,#4937,#4938,#4939));
#4936 = ORIENTED_EDGE('',*,*,#4661,.T.);
#4937 = ORIENTED_EDGE('',*,*,#4709,.T.);
#4938 = ORIENTED_EDGE('',*,*,#4733,.T.);
#4939 = ORIENTED_EDGE('',*,*,#4692,.T.);
#4940 = PLANE('',#4941);
#4941 = AXIS2_PLACEMENT_3D('',#4942,#4943,#4944);
#4942 = CARTESIAN_POINT('',(-4.71231666663E-02,-15.18771309859,2.));
#4943 = DIRECTION('',(0.,0.,1.));
#4944 = DIRECTION('',(1.,0.,0.));
#4945 = ADVANCED_FACE('',(#4946),#4952,.T.);
#4946 = FACE_BOUND('',#4947,.T.);
#4947 = EDGE_LOOP('',(#4948,#4949,#4950,#4951));
#4948 = ORIENTED_EDGE('',*,*,#4757,.T.);
#4949 = ORIENTED_EDGE('',*,*,#4805,.T.);
#4950 = ORIENTED_EDGE('',*,*,#4829,.T.);
#4951 = ORIENTED_EDGE('',*,*,#4788,.T.);
#4952 = PLANE('',#4953);
#4953 = AXIS2_PLACEMENT_3D('',#4954,#4955,#4956);
#4954 = CARTESIAN_POINT('',(-4.71231666663E-02,-15.18771309859,2.));
#4955 = DIRECTION('',(0.,0.,1.));
#4956 = DIRECTION('',(1.,0.,0.));
#4957 = ADVANCED_FACE('',(#4958),#4985,.F.);
#4958 = FACE_BOUND('',#4959,.T.);
#4959 = EDGE_LOOP('',(#4960,#4961,#4962,#4970,#4978,#4984));
#4960 = ORIENTED_EDGE('',*,*,#3693,.F.);
#4961 = ORIENTED_EDGE('',*,*,#2421,.F.);
#4962 = ORIENTED_EDGE('',*,*,#4963,.T.);
#4963 = EDGE_CURVE('',#2414,#4964,#4966,.T.);
#4964 = VERTEX_POINT('',#4965);
#4965 = CARTESIAN_POINT('',(-2.26707,-20.9305,4.));
#4966 = LINE('',#4967,#4968);
#4967 = CARTESIAN_POINT('',(-2.26707,-20.9305,0.5));
#4968 = VECTOR('',#4969,1.);
#4969 = DIRECTION('',(0.,0.,1.));
#4970 = ORIENTED_EDGE('',*,*,#4971,.F.);
#4971 = EDGE_CURVE('',#4972,#4964,#4974,.T.);
#4972 = VERTEX_POINT('',#4973);
#4973 = CARTESIAN_POINT('',(-2.26707,-10.1117,4.));
#4974 = LINE('',#4975,#4976);
#4975 = CARTESIAN_POINT('',(-2.26707,-12.90791120755,4.));
#4976 = VECTOR('',#4977,1.);
#4977 = DIRECTION('',(0.,-1.,0.));
#4978 = ORIENTED_EDGE('',*,*,#4979,.F.);
#4979 = EDGE_CURVE('',#4373,#4972,#4980,.T.);
#4980 = LINE('',#4981,#4982);
#4981 = CARTESIAN_POINT('',(-2.26707,-10.1117,0.5));
#4982 = VECTOR('',#4983,1.);
#4983 = DIRECTION('',(0.,0.,1.));
#4984 = ORIENTED_EDGE('',*,*,#4372,.F.);
#4985 = PLANE('',#4986);
#4986 = AXIS2_PLACEMENT_3D('',#4987,#4988,#4989);
#4987 = CARTESIAN_POINT('',(-2.26707,-10.1117,0.5));
#4988 = DIRECTION('',(1.,0.,0.));
#4989 = DIRECTION('',(0.,-1.,0.));
#4990 = ADVANCED_FACE('',(#4991),#5016,.T.);
#4991 = FACE_BOUND('',#4992,.T.);
#4992 = EDGE_LOOP('',(#4993,#5001,#5002,#5010));
#4993 = ORIENTED_EDGE('',*,*,#4994,.T.);
#4994 = EDGE_CURVE('',#4995,#4972,#4997,.T.);
#4995 = VERTEX_POINT('',#4996);
#4996 = CARTESIAN_POINT('',(2.61144,-10.1117,4.));
#4997 = LINE('',#4998,#4999);
#4998 = CARTESIAN_POINT('',(1.30572,-10.1117,4.));
#4999 = VECTOR('',#5000,1.);
#5000 = DIRECTION('',(-1.,0.,0.));
#5001 = ORIENTED_EDGE('',*,*,#4971,.T.);
#5002 = ORIENTED_EDGE('',*,*,#5003,.T.);
#5003 = EDGE_CURVE('',#4964,#5004,#5006,.T.);
#5004 = VERTEX_POINT('',#5005);
#5005 = CARTESIAN_POINT('',(2.61144,-20.9305,4.));
#5006 = LINE('',#5007,#5008);
#5007 = CARTESIAN_POINT('',(-1.133535,-20.9305,4.));
#5008 = VECTOR('',#5009,1.);
#5009 = DIRECTION('',(1.,0.,0.));
#5010 = ORIENTED_EDGE('',*,*,#5011,.T.);
#5011 = EDGE_CURVE('',#5004,#4995,#5012,.T.);
#5012 = LINE('',#5013,#5014);
#5013 = CARTESIAN_POINT('',(2.61144,-18.31731120755,4.));
#5014 = VECTOR('',#5015,1.);
#5015 = DIRECTION('',(0.,1.,0.));
#5016 = PLANE('',#5017);
#5017 = AXIS2_PLACEMENT_3D('',#5018,#5019,#5020);
#5018 = CARTESIAN_POINT('',(1.258768054721E-15,-15.7041224151,4.));
#5019 = DIRECTION('',(0.,0.,1.));
#5020 = DIRECTION('',(1.,0.,0.));
#5021 = ADVANCED_FACE('',(#5022),#5033,.F.);
#5022 = FACE_BOUND('',#5023,.T.);
#5023 = EDGE_LOOP('',(#5024,#5030,#5031,#5032));
#5024 = ORIENTED_EDGE('',*,*,#5025,.T.);
#5025 = EDGE_CURVE('',#2406,#5004,#5026,.T.);
#5026 = LINE('',#5027,#5028);
#5027 = CARTESIAN_POINT('',(2.61144,-20.9305,0.5));
#5028 = VECTOR('',#5029,1.);
#5029 = DIRECTION('',(0.,0.,1.));
#5030 = ORIENTED_EDGE('',*,*,#5003,.F.);
#5031 = ORIENTED_EDGE('',*,*,#4963,.F.);
#5032 = ORIENTED_EDGE('',*,*,#2413,.F.);
#5033 = PLANE('',#5034);
#5034 = AXIS2_PLACEMENT_3D('',#5035,#5036,#5037);
#5035 = CARTESIAN_POINT('',(-2.26707,-20.9305,0.5));
#5036 = DIRECTION('',(0.,1.,0.));
#5037 = DIRECTION('',(1.,0.,0.));
#5038 = ADVANCED_FACE('',(#5039),#5052,.F.);
#5039 = FACE_BOUND('',#5040,.T.);
#5040 = EDGE_LOOP('',(#5041,#5042,#5043,#5049,#5050,#5051));
#5041 = ORIENTED_EDGE('',*,*,#3715,.F.);
#5042 = ORIENTED_EDGE('',*,*,#4354,.F.);
#5043 = ORIENTED_EDGE('',*,*,#5044,.T.);
#5044 = EDGE_CURVE('',#4355,#4995,#5045,.T.);
#5045 = LINE('',#5046,#5047);
#5046 = CARTESIAN_POINT('',(2.61144,-10.1117,0.5));
#5047 = VECTOR('',#5048,1.);
#5048 = DIRECTION('',(0.,0.,1.));
#5049 = ORIENTED_EDGE('',*,*,#5011,.F.);
#5050 = ORIENTED_EDGE('',*,*,#5025,.F.);
#5051 = ORIENTED_EDGE('',*,*,#2405,.F.);
#5052 = PLANE('',#5053);
#5053 = AXIS2_PLACEMENT_3D('',#5054,#5055,#5056);
#5054 = CARTESIAN_POINT('',(2.61144,-20.9305,0.5));
#5055 = DIRECTION('',(-1.,0.,0.));
#5056 = DIRECTION('',(0.,1.,0.));
#5057 = ADVANCED_FACE('',(#5058),#5064,.F.);
#5058 = FACE_BOUND('',#5059,.T.);
#5059 = EDGE_LOOP('',(#5060,#5061,#5062,#5063));
#5060 = ORIENTED_EDGE('',*,*,#4979,.T.);
#5061 = ORIENTED_EDGE('',*,*,#4994,.F.);
#5062 = ORIENTED_EDGE('',*,*,#5044,.F.);
#5063 = ORIENTED_EDGE('',*,*,#4380,.F.);
#5064 = PLANE('',#5065);
#5065 = AXIS2_PLACEMENT_3D('',#5066,#5067,#5068);
#5066 = CARTESIAN_POINT('',(2.61144,-10.1117,0.5));
#5067 = DIRECTION('',(0.,-1.,0.));
#5068 = DIRECTION('',(-1.,0.,0.));
#5069 = ORIENTED_CLOSED_SHELL('',*,#5070,.F.);
#5070 = CLOSED_SHELL('',(#5071,#5127,#5158,#5214,#5238,#5296,#5320,#5369
    ,#5402,#5426,#5457,#5474,#5488,#5519,#5543,#5567,#5584,#5601));
#5071 = ADVANCED_FACE('',(#5072),#5122,.F.);
#5072 = FACE_BOUND('',#5073,.F.);
#5073 = EDGE_LOOP('',(#5074,#5084,#5092,#5100,#5108,#5116));
#5074 = ORIENTED_EDGE('',*,*,#5075,.T.);
#5075 = EDGE_CURVE('',#5076,#5078,#5080,.T.);
#5076 = VERTEX_POINT('',#5077);
#5077 = CARTESIAN_POINT('',(-2.06707,-18.8614,1.5));
#5078 = VERTEX_POINT('',#5079);
#5079 = CARTESIAN_POINT('',(-2.06707,-18.8614,2.3));
#5080 = LINE('',#5081,#5082);
#5081 = CARTESIAN_POINT('',(-2.06707,-18.8614,1.2));
#5082 = VECTOR('',#5083,1.);
#5083 = DIRECTION('',(0.,0.,1.));
#5084 = ORIENTED_EDGE('',*,*,#5085,.T.);
#5085 = EDGE_CURVE('',#5078,#5086,#5088,.T.);
#5086 = VERTEX_POINT('',#5087);
#5087 = CARTESIAN_POINT('',(-2.06707,-10.3117,2.3));
#5088 = LINE('',#5089,#5090);
#5089 = CARTESIAN_POINT('',(-2.06707,-11.76454873433,2.3));
#5090 = VECTOR('',#5091,1.);
#5091 = DIRECTION('',(0.,1.,0.));
#5092 = ORIENTED_EDGE('',*,*,#5093,.T.);
#5093 = EDGE_CURVE('',#5086,#5094,#5096,.T.);
#5094 = VERTEX_POINT('',#5095);
#5095 = CARTESIAN_POINT('',(-2.06707,-10.3117,3.6));
#5096 = LINE('',#5097,#5098);
#5097 = CARTESIAN_POINT('',(-2.06707,-10.3117,0.5));
#5098 = VECTOR('',#5099,1.);
#5099 = DIRECTION('',(0.,0.,1.));
#5100 = ORIENTED_EDGE('',*,*,#5101,.T.);
#5101 = EDGE_CURVE('',#5094,#5102,#5104,.T.);
#5102 = VERTEX_POINT('',#5103);
#5103 = CARTESIAN_POINT('',(-2.06707,-20.7305,3.6));
#5104 = LINE('',#5105,#5106);
#5105 = CARTESIAN_POINT('',(-2.06707,-12.9164,3.6));
#5106 = VECTOR('',#5107,1.);
#5107 = DIRECTION('',(0.,-1.,0.));
#5108 = ORIENTED_EDGE('',*,*,#5109,.F.);
#5109 = EDGE_CURVE('',#5110,#5102,#5112,.T.);
#5110 = VERTEX_POINT('',#5111);
#5111 = CARTESIAN_POINT('',(-2.06707,-20.7305,1.5));
#5112 = LINE('',#5113,#5114);
#5113 = CARTESIAN_POINT('',(-2.06707,-20.7305,0.5));
#5114 = VECTOR('',#5115,1.);
#5115 = DIRECTION('',(0.,0.,1.));
#5116 = ORIENTED_EDGE('',*,*,#5117,.T.);
#5117 = EDGE_CURVE('',#5110,#5076,#5118,.T.);
#5118 = LINE('',#5119,#5120);
#5119 = CARTESIAN_POINT('',(-2.06707,-14.8551012425,1.5));
#5120 = VECTOR('',#5121,1.);
#5121 = DIRECTION('',(0.,1.,0.));
#5122 = PLANE('',#5123);
#5123 = AXIS2_PLACEMENT_3D('',#5124,#5125,#5126);
#5124 = CARTESIAN_POINT('',(-2.06707,-10.3117,0.5));
#5125 = DIRECTION('',(1.,0.,0.));
#5126 = DIRECTION('',(0.,-1.,0.));
#5127 = ADVANCED_FACE('',(#5128),#5153,.F.);
#5128 = FACE_BOUND('',#5129,.F.);
#5129 = EDGE_LOOP('',(#5130,#5131,#5139,#5147));
#5130 = ORIENTED_EDGE('',*,*,#5075,.F.);
#5131 = ORIENTED_EDGE('',*,*,#5132,.F.);
#5132 = EDGE_CURVE('',#5133,#5076,#5135,.T.);
#5133 = VERTEX_POINT('',#5134);
#5134 = CARTESIAN_POINT('',(-2.041563091153,-18.8614,1.5));
#5135 = LINE('',#5136,#5137);
#5136 = CARTESIAN_POINT('',(-2.041563091153,-18.8614,1.5));
#5137 = VECTOR('',#5138,1.);
#5138 = DIRECTION('',(-1.,1.612830524705E-13,0.));
#5139 = ORIENTED_EDGE('',*,*,#5140,.T.);
#5140 = EDGE_CURVE('',#5133,#5141,#5143,.T.);
#5141 = VERTEX_POINT('',#5142);
#5142 = CARTESIAN_POINT('',(-2.041563091153,-18.8614,2.3));
#5143 = LINE('',#5144,#5145);
#5144 = CARTESIAN_POINT('',(-2.041563091153,-18.8614,1.5));
#5145 = VECTOR('',#5146,1.);
#5146 = DIRECTION('',(0.,0.,1.));
#5147 = ORIENTED_EDGE('',*,*,#5148,.F.);
#5148 = EDGE_CURVE('',#5078,#5141,#5149,.T.);
#5149 = LINE('',#5150,#5151);
#5150 = CARTESIAN_POINT('',(-4.041563091153,-18.8614,2.3));
#5151 = VECTOR('',#5152,1.);
#5152 = DIRECTION('',(1.,0.,0.));
#5153 = PLANE('',#5154);
#5154 = AXIS2_PLACEMENT_3D('',#5155,#5156,#5157);
#5155 = CARTESIAN_POINT('',(-3.041563091153,-18.8614,1.9));
#5156 = DIRECTION('',(-1.390879459838E-13,-1.,-0.));
#5157 = DIRECTION('',(-1.,1.390879459838E-13,0.));
#5158 = ADVANCED_FACE('',(#5159),#5209,.F.);
#5159 = FACE_BOUND('',#5160,.F.);
#5160 = EDGE_LOOP('',(#5161,#5162,#5163,#5171,#5179,#5187,#5195,#5203));
#5161 = ORIENTED_EDGE('',*,*,#5132,.T.);
#5162 = ORIENTED_EDGE('',*,*,#5117,.F.);
#5163 = ORIENTED_EDGE('',*,*,#5164,.F.);
#5164 = EDGE_CURVE('',#5165,#5110,#5167,.T.);
#5165 = VERTEX_POINT('',#5166);
#5166 = CARTESIAN_POINT('',(2.41144,-20.7305,1.5));
#5167 = LINE('',#5168,#5169);
#5168 = CARTESIAN_POINT('',(-0.9501345189,-20.7305,1.5));
#5169 = VECTOR('',#5170,1.);
#5170 = DIRECTION('',(-1.,0.,0.));
#5171 = ORIENTED_EDGE('',*,*,#5172,.F.);
#5172 = EDGE_CURVE('',#5173,#5165,#5175,.T.);
#5173 = VERTEX_POINT('',#5174);
#5174 = CARTESIAN_POINT('',(2.41144,-18.8614,1.5));
#5175 = LINE('',#5176,#5177);
#5176 = CARTESIAN_POINT('',(2.41144,-20.0645012425,1.5));
#5177 = VECTOR('',#5178,1.);
#5178 = DIRECTION('',(0.,-1.,0.));
#5179 = ORIENTED_EDGE('',*,*,#5180,.F.);
#5180 = EDGE_CURVE('',#5181,#5173,#5183,.T.);
#5181 = VERTEX_POINT('',#5182);
#5182 = CARTESIAN_POINT('',(2.355972760618,-18.8614,1.5));
#5183 = LINE('',#5184,#5185);
#5184 = CARTESIAN_POINT('',(3.89792,-18.8614,1.5));
#5185 = VECTOR('',#5186,1.);
#5186 = DIRECTION('',(1.,-3.102449310868E-14,0.));
#5187 = ORIENTED_EDGE('',*,*,#5188,.F.);
#5188 = EDGE_CURVE('',#5189,#5181,#5191,.T.);
#5189 = VERTEX_POINT('',#5190);
#5190 = CARTESIAN_POINT('',(2.355972760618,-20.71518934931,1.5));
#5191 = LINE('',#5192,#5193);
#5192 = CARTESIAN_POINT('',(2.355972760618,-20.71518934931,1.5));
#5193 = VECTOR('',#5194,1.);
#5194 = DIRECTION('',(0.,1.,0.));
#5195 = ORIENTED_EDGE('',*,*,#5196,.F.);
#5196 = EDGE_CURVE('',#5197,#5189,#5199,.T.);
#5197 = VERTEX_POINT('',#5198);
#5198 = CARTESIAN_POINT('',(-2.041563091153,-20.71518934931,1.5));
#5199 = LINE('',#5200,#5201);
#5200 = CARTESIAN_POINT('',(-2.041563091153,-20.71518934931,1.5));
#5201 = VECTOR('',#5202,1.);
#5202 = DIRECTION('',(1.,0.,0.));
#5203 = ORIENTED_EDGE('',*,*,#5204,.F.);
#5204 = EDGE_CURVE('',#5133,#5197,#5205,.T.);
#5205 = LINE('',#5206,#5207);
#5206 = CARTESIAN_POINT('',(-2.041563091153,-10.31863865068,1.5));
#5207 = VECTOR('',#5208,1.);
#5208 = DIRECTION('',(0.,-1.,0.));
#5209 = PLANE('',#5210);
#5210 = AXIS2_PLACEMENT_3D('',#5211,#5212,#5213);
#5211 = CARTESIAN_POINT('',(0.166800962201,-19.39850248501,1.5));
#5212 = DIRECTION('',(0.,0.,1.));
#5213 = DIRECTION('',(1.,0.,0.));
#5214 = ADVANCED_FACE('',(#5215),#5233,.F.);
#5215 = FACE_BOUND('',#5216,.F.);
#5216 = EDGE_LOOP('',(#5217,#5225,#5226,#5227));
#5217 = ORIENTED_EDGE('',*,*,#5218,.F.);
#5218 = EDGE_CURVE('',#5165,#5219,#5221,.T.);
#5219 = VERTEX_POINT('',#5220);
#5220 = CARTESIAN_POINT('',(2.41144,-20.7305,3.6));
#5221 = LINE('',#5222,#5223);
#5222 = CARTESIAN_POINT('',(2.41144,-20.7305,0.5));
#5223 = VECTOR('',#5224,1.);
#5224 = DIRECTION('',(0.,0.,1.));
#5225 = ORIENTED_EDGE('',*,*,#5164,.T.);
#5226 = ORIENTED_EDGE('',*,*,#5109,.T.);
#5227 = ORIENTED_EDGE('',*,*,#5228,.T.);
#5228 = EDGE_CURVE('',#5102,#5219,#5229,.T.);
#5229 = LINE('',#5230,#5231);
#5230 = CARTESIAN_POINT('',(-0.9474425,-20.7305,3.6));
#5231 = VECTOR('',#5232,1.);
#5232 = DIRECTION('',(1.,0.,0.));
#5233 = PLANE('',#5234);
#5234 = AXIS2_PLACEMENT_3D('',#5235,#5236,#5237);
#5235 = CARTESIAN_POINT('',(-2.06707,-20.7305,0.5));
#5236 = DIRECTION('',(0.,1.,0.));
#5237 = DIRECTION('',(1.,0.,0.));
#5238 = ADVANCED_FACE('',(#5239,#5257),#5291,.T.);
#5239 = FACE_BOUND('',#5240,.T.);
#5240 = EDGE_LOOP('',(#5241,#5249,#5250,#5251));
#5241 = ORIENTED_EDGE('',*,*,#5242,.T.);
#5242 = EDGE_CURVE('',#5243,#5094,#5245,.T.);
#5243 = VERTEX_POINT('',#5244);
#5244 = CARTESIAN_POINT('',(2.41144,-10.3117,3.6));
#5245 = LINE('',#5246,#5247);
#5246 = CARTESIAN_POINT('',(1.2918125,-10.3117,3.6));
#5247 = VECTOR('',#5248,1.);
#5248 = DIRECTION('',(-1.,0.,0.));
#5249 = ORIENTED_EDGE('',*,*,#5101,.T.);
#5250 = ORIENTED_EDGE('',*,*,#5228,.T.);
#5251 = ORIENTED_EDGE('',*,*,#5252,.T.);
#5252 = EDGE_CURVE('',#5219,#5243,#5253,.T.);
#5253 = LINE('',#5254,#5255);
#5254 = CARTESIAN_POINT('',(2.41144,-18.1258,3.6));
#5255 = VECTOR('',#5256,1.);
#5256 = DIRECTION('',(0.,1.,0.));
#5257 = FACE_BOUND('',#5258,.T.);
#5258 = EDGE_LOOP('',(#5259,#5269,#5277,#5285));
#5259 = ORIENTED_EDGE('',*,*,#5260,.F.);
#5260 = EDGE_CURVE('',#5261,#5263,#5265,.T.);
#5261 = VERTEX_POINT('',#5262);
#5262 = CARTESIAN_POINT('',(0.725007,-13.615081,3.6));
#5263 = VERTEX_POINT('',#5264);
#5264 = CARTESIAN_POINT('',(-0.485034,-13.615081,3.6));
#5265 = LINE('',#5266,#5267);
#5266 = CARTESIAN_POINT('',(0.448596,-13.615081,3.6));
#5267 = VECTOR('',#5268,1.);
#5268 = DIRECTION('',(-1.,0.,0.));
#5269 = ORIENTED_EDGE('',*,*,#5270,.F.);
#5270 = EDGE_CURVE('',#5271,#5261,#5273,.T.);
#5271 = VERTEX_POINT('',#5272);
#5272 = CARTESIAN_POINT('',(0.725007,-16.929366,3.6));
#5273 = LINE('',#5274,#5275);
#5274 = CARTESIAN_POINT('',(0.725007,-16.225233,3.6));
#5275 = VECTOR('',#5276,1.);
#5276 = DIRECTION('',(0.,1.,0.));
#5277 = ORIENTED_EDGE('',*,*,#5278,.F.);
#5278 = EDGE_CURVE('',#5279,#5271,#5281,.T.);
#5279 = VERTEX_POINT('',#5280);
#5280 = CARTESIAN_POINT('',(-0.485034,-16.929366,3.6));
#5281 = LINE('',#5282,#5283);
#5282 = CARTESIAN_POINT('',(-0.1564245,-16.929366,3.6));
#5283 = VECTOR('',#5284,1.);
#5284 = DIRECTION('',(1.,0.,0.));
#5285 = ORIENTED_EDGE('',*,*,#5286,.F.);
#5286 = EDGE_CURVE('',#5263,#5279,#5287,.T.);
#5287 = LINE('',#5288,#5289);
#5288 = CARTESIAN_POINT('',(-0.485034,-14.5680905,3.6));
#5289 = VECTOR('',#5290,1.);
#5290 = DIRECTION('',(0.,-1.,0.));
#5291 = PLANE('',#5292);
#5292 = AXIS2_PLACEMENT_3D('',#5293,#5294,#5295);
#5293 = CARTESIAN_POINT('',(0.172185,-15.5211,3.6));
#5294 = DIRECTION('',(0.,0.,1.));
#5295 = DIRECTION('',(1.,0.,0.));
#5296 = ADVANCED_FACE('',(#5297),#5315,.F.);
#5297 = FACE_BOUND('',#5298,.F.);
#5298 = EDGE_LOOP('',(#5299,#5300,#5308,#5314));
#5299 = ORIENTED_EDGE('',*,*,#5093,.F.);
#5300 = ORIENTED_EDGE('',*,*,#5301,.T.);
#5301 = EDGE_CURVE('',#5086,#5302,#5304,.T.);
#5302 = VERTEX_POINT('',#5303);
#5303 = CARTESIAN_POINT('',(2.41144,-10.3117,2.3));
#5304 = LINE('',#5305,#5306);
#5305 = CARTESIAN_POINT('',(1.284322417366,-10.3117,2.3));
#5306 = VECTOR('',#5307,1.);
#5307 = DIRECTION('',(1.,0.,0.));
#5308 = ORIENTED_EDGE('',*,*,#5309,.T.);
#5309 = EDGE_CURVE('',#5302,#5243,#5310,.T.);
#5310 = LINE('',#5311,#5312);
#5311 = CARTESIAN_POINT('',(2.41144,-10.3117,0.5));
#5312 = VECTOR('',#5313,1.);
#5313 = DIRECTION('',(0.,0.,1.));
#5314 = ORIENTED_EDGE('',*,*,#5242,.T.);
#5315 = PLANE('',#5316);
#5316 = AXIS2_PLACEMENT_3D('',#5317,#5318,#5319);
#5317 = CARTESIAN_POINT('',(2.41144,-10.3117,0.5));
#5318 = DIRECTION('',(0.,-1.,0.));
#5319 = DIRECTION('',(-1.,0.,0.));
#5320 = ADVANCED_FACE('',(#5321),#5364,.F.);
#5321 = FACE_BOUND('',#5322,.F.);
#5322 = EDGE_LOOP('',(#5323,#5333,#5341,#5347,#5348,#5349,#5350,#5358));
#5323 = ORIENTED_EDGE('',*,*,#5324,.F.);
#5324 = EDGE_CURVE('',#5325,#5327,#5329,.T.);
#5325 = VERTEX_POINT('',#5326);
#5326 = CARTESIAN_POINT('',(2.355972760618,-18.8614,2.3));
#5327 = VERTEX_POINT('',#5328);
#5328 = CARTESIAN_POINT('',(2.355972760618,-10.31863865068,2.3));
#5329 = LINE('',#5330,#5331);
#5330 = CARTESIAN_POINT('',(2.355972760618,-18.8614,2.3));
#5331 = VECTOR('',#5332,1.);
#5332 = DIRECTION('',(0.,1.,0.));
#5333 = ORIENTED_EDGE('',*,*,#5334,.T.);
#5334 = EDGE_CURVE('',#5325,#5335,#5337,.T.);
#5335 = VERTEX_POINT('',#5336);
#5336 = CARTESIAN_POINT('',(2.41144,-18.8614,2.3));
#5337 = LINE('',#5338,#5339);
#5338 = CARTESIAN_POINT('',(2.355972760618,-18.8614,2.3));
#5339 = VECTOR('',#5340,1.);
#5340 = DIRECTION('',(1.,0.,0.));
#5341 = ORIENTED_EDGE('',*,*,#5342,.F.);
#5342 = EDGE_CURVE('',#5302,#5335,#5343,.T.);
#5343 = LINE('',#5344,#5345);
#5344 = CARTESIAN_POINT('',(2.41144,-16.97394873433,2.3));
#5345 = VECTOR('',#5346,1.);
#5346 = DIRECTION('',(0.,-1.,0.));
#5347 = ORIENTED_EDGE('',*,*,#5301,.F.);
#5348 = ORIENTED_EDGE('',*,*,#5085,.F.);
#5349 = ORIENTED_EDGE('',*,*,#5148,.T.);
#5350 = ORIENTED_EDGE('',*,*,#5351,.F.);
#5351 = EDGE_CURVE('',#5352,#5141,#5354,.T.);
#5352 = VERTEX_POINT('',#5353);
#5353 = CARTESIAN_POINT('',(-2.041563091153,-10.31863865068,2.3));
#5354 = LINE('',#5355,#5356);
#5355 = CARTESIAN_POINT('',(-2.041563091153,-10.31863865068,2.3));
#5356 = VECTOR('',#5357,1.);
#5357 = DIRECTION('',(0.,-1.,0.));
#5358 = ORIENTED_EDGE('',*,*,#5359,.F.);
#5359 = EDGE_CURVE('',#5327,#5352,#5360,.T.);
#5360 = LINE('',#5361,#5362);
#5361 = CARTESIAN_POINT('',(2.355972760618,-10.31863865068,2.3));
#5362 = VECTOR('',#5363,1.);
#5363 = DIRECTION('',(-1.,0.,0.));
#5364 = PLANE('',#5365);
#5365 = AXIS2_PLACEMENT_3D('',#5366,#5367,#5368);
#5366 = CARTESIAN_POINT('',(0.157204834733,-13.21739746867,2.3));
#5367 = DIRECTION('',(0.,0.,1.));
#5368 = DIRECTION('',(1.,0.,0.));
#5369 = ADVANCED_FACE('',(#5370),#5397,.F.);
#5370 = FACE_BOUND('',#5371,.F.);
#5371 = EDGE_LOOP('',(#5372,#5380,#5381,#5382,#5383,#5391));
#5372 = ORIENTED_EDGE('',*,*,#5373,.F.);
#5373 = EDGE_CURVE('',#5352,#5374,#5376,.T.);
#5374 = VERTEX_POINT('',#5375);
#5375 = CARTESIAN_POINT('',(-2.041563091153,-10.31863865068,0.5));
#5376 = LINE('',#5377,#5378);
#5377 = CARTESIAN_POINT('',(-2.041563091153,-10.31863865068,1.5));
#5378 = VECTOR('',#5379,1.);
#5379 = DIRECTION('',(-0.,-0.,-1.));
#5380 = ORIENTED_EDGE('',*,*,#5351,.T.);
#5381 = ORIENTED_EDGE('',*,*,#5140,.F.);
#5382 = ORIENTED_EDGE('',*,*,#5204,.T.);
#5383 = ORIENTED_EDGE('',*,*,#5384,.T.);
#5384 = EDGE_CURVE('',#5197,#5385,#5387,.T.);
#5385 = VERTEX_POINT('',#5386);
#5386 = CARTESIAN_POINT('',(-2.041563091153,-20.71518934931,0.5));
#5387 = LINE('',#5388,#5389);
#5388 = CARTESIAN_POINT('',(-2.041563091153,-20.71518934931,1.5));
#5389 = VECTOR('',#5390,1.);
#5390 = DIRECTION('',(-0.,-0.,-1.));
#5391 = ORIENTED_EDGE('',*,*,#5392,.F.);
#5392 = EDGE_CURVE('',#5374,#5385,#5393,.T.);
#5393 = LINE('',#5394,#5395);
#5394 = CARTESIAN_POINT('',(-2.041563091153,-10.31863865068,0.5));
#5395 = VECTOR('',#5396,1.);
#5396 = DIRECTION('',(0.,-1.,0.));
#5397 = PLANE('',#5398);
#5398 = AXIS2_PLACEMENT_3D('',#5399,#5400,#5401);
#5399 = CARTESIAN_POINT('',(-2.041563091153,-15.45611683217,
    1.339202832174));
#5400 = DIRECTION('',(1.,0.,9.592624078467E-16));
#5401 = DIRECTION('',(-9.592624078467E-16,0.,1.));
#5402 = ADVANCED_FACE('',(#5403),#5421,.T.);
#5403 = FACE_BOUND('',#5404,.T.);
#5404 = EDGE_LOOP('',(#5405,#5406,#5414,#5420));
#5405 = ORIENTED_EDGE('',*,*,#5384,.T.);
#5406 = ORIENTED_EDGE('',*,*,#5407,.T.);
#5407 = EDGE_CURVE('',#5385,#5408,#5410,.T.);
#5408 = VERTEX_POINT('',#5409);
#5409 = CARTESIAN_POINT('',(2.355972760618,-20.71518934931,0.5));
#5410 = LINE('',#5411,#5412);
#5411 = CARTESIAN_POINT('',(-2.041563091153,-20.71518934931,0.5));
#5412 = VECTOR('',#5413,1.);
#5413 = DIRECTION('',(1.,0.,0.));
#5414 = ORIENTED_EDGE('',*,*,#5415,.F.);
#5415 = EDGE_CURVE('',#5189,#5408,#5416,.T.);
#5416 = LINE('',#5417,#5418);
#5417 = CARTESIAN_POINT('',(2.355972760618,-20.71518934931,1.5));
#5418 = VECTOR('',#5419,1.);
#5419 = DIRECTION('',(-0.,-0.,-1.));
#5420 = ORIENTED_EDGE('',*,*,#5196,.F.);
#5421 = PLANE('',#5422);
#5422 = AXIS2_PLACEMENT_3D('',#5423,#5424,#5425);
#5423 = CARTESIAN_POINT('',(-2.041563091153,-20.71518934931,1.5));
#5424 = DIRECTION('',(0.,-1.,0.));
#5425 = DIRECTION('',(1.,0.,0.));
#5426 = ADVANCED_FACE('',(#5427),#5452,.F.);
#5427 = FACE_BOUND('',#5428,.F.);
#5428 = EDGE_LOOP('',(#5429,#5430,#5431,#5437,#5438,#5446));
#5429 = ORIENTED_EDGE('',*,*,#5415,.F.);
#5430 = ORIENTED_EDGE('',*,*,#5188,.T.);
#5431 = ORIENTED_EDGE('',*,*,#5432,.T.);
#5432 = EDGE_CURVE('',#5181,#5325,#5433,.T.);
#5433 = LINE('',#5434,#5435);
#5434 = CARTESIAN_POINT('',(2.355972760618,-18.8614,1.5));
#5435 = VECTOR('',#5436,1.);
#5436 = DIRECTION('',(0.,0.,1.));
#5437 = ORIENTED_EDGE('',*,*,#5324,.T.);
#5438 = ORIENTED_EDGE('',*,*,#5439,.T.);
#5439 = EDGE_CURVE('',#5327,#5440,#5442,.T.);
#5440 = VERTEX_POINT('',#5441);
#5441 = CARTESIAN_POINT('',(2.355972760618,-10.31863865068,0.5));
#5442 = LINE('',#5443,#5444);
#5443 = CARTESIAN_POINT('',(2.355972760618,-10.31863865068,1.5));
#5444 = VECTOR('',#5445,1.);
#5445 = DIRECTION('',(-0.,-0.,-1.));
#5446 = ORIENTED_EDGE('',*,*,#5447,.F.);
#5447 = EDGE_CURVE('',#5408,#5440,#5448,.T.);
#5448 = LINE('',#5449,#5450);
#5449 = CARTESIAN_POINT('',(2.355972760618,-20.71518934931,0.5));
#5450 = VECTOR('',#5451,1.);
#5451 = DIRECTION('',(0.,1.,0.));
#5452 = PLANE('',#5453);
#5453 = AXIS2_PLACEMENT_3D('',#5454,#5455,#5456);
#5454 = CARTESIAN_POINT('',(2.355972760618,-15.45611683217,
    1.339202832174));
#5455 = DIRECTION('',(-1.,-0.,-4.796312039234E-16));
#5456 = DIRECTION('',(4.796312039234E-16,0.,-1.));
#5457 = ADVANCED_FACE('',(#5458),#5469,.F.);
#5458 = FACE_BOUND('',#5459,.F.);
#5459 = EDGE_LOOP('',(#5460,#5461,#5462,#5468));
#5460 = ORIENTED_EDGE('',*,*,#5432,.F.);
#5461 = ORIENTED_EDGE('',*,*,#5180,.T.);
#5462 = ORIENTED_EDGE('',*,*,#5463,.F.);
#5463 = EDGE_CURVE('',#5335,#5173,#5464,.T.);
#5464 = LINE('',#5465,#5466);
#5465 = CARTESIAN_POINT('',(2.41144,-18.8614,1.2));
#5466 = VECTOR('',#5467,1.);
#5467 = DIRECTION('',(0.,0.,-1.));
#5468 = ORIENTED_EDGE('',*,*,#5334,.F.);
#5469 = PLANE('',#5470);
#5470 = AXIS2_PLACEMENT_3D('',#5471,#5472,#5473);
#5471 = CARTESIAN_POINT('',(3.355972760618,-18.8614,1.9));
#5472 = DIRECTION('',(-4.269462399767E-15,-1.,-0.));
#5473 = DIRECTION('',(-1.,4.269462399767E-15,0.));
#5474 = ADVANCED_FACE('',(#5475),#5483,.F.);
#5475 = FACE_BOUND('',#5476,.F.);
#5476 = EDGE_LOOP('',(#5477,#5478,#5479,#5480,#5481,#5482));
#5477 = ORIENTED_EDGE('',*,*,#5463,.T.);
#5478 = ORIENTED_EDGE('',*,*,#5172,.T.);
#5479 = ORIENTED_EDGE('',*,*,#5218,.T.);
#5480 = ORIENTED_EDGE('',*,*,#5252,.T.);
#5481 = ORIENTED_EDGE('',*,*,#5309,.F.);
#5482 = ORIENTED_EDGE('',*,*,#5342,.T.);
#5483 = PLANE('',#5484);
#5484 = AXIS2_PLACEMENT_3D('',#5485,#5486,#5487);
#5485 = CARTESIAN_POINT('',(2.41144,-20.7305,0.5));
#5486 = DIRECTION('',(-1.,0.,0.));
#5487 = DIRECTION('',(0.,1.,0.));
#5488 = ADVANCED_FACE('',(#5489),#5514,.T.);
#5489 = FACE_BOUND('',#5490,.T.);
#5490 = EDGE_LOOP('',(#5491,#5501,#5507,#5508));
#5491 = ORIENTED_EDGE('',*,*,#5492,.F.);
#5492 = EDGE_CURVE('',#5493,#5495,#5497,.T.);
#5493 = VERTEX_POINT('',#5494);
#5494 = CARTESIAN_POINT('',(0.725007,-13.615081,0.5));
#5495 = VERTEX_POINT('',#5496);
#5496 = CARTESIAN_POINT('',(-0.485034,-13.615081,0.5));
#5497 = LINE('',#5498,#5499);
#5498 = CARTESIAN_POINT('',(0.725007,-13.615081,0.5));
#5499 = VECTOR('',#5500,1.);
#5500 = DIRECTION('',(-1.,0.,0.));
#5501 = ORIENTED_EDGE('',*,*,#5502,.T.);
#5502 = EDGE_CURVE('',#5493,#5261,#5503,.T.);
#5503 = LINE('',#5504,#5505);
#5504 = CARTESIAN_POINT('',(0.725007,-13.615081,0.5));
#5505 = VECTOR('',#5506,1.);
#5506 = DIRECTION('',(0.,0.,1.));
#5507 = ORIENTED_EDGE('',*,*,#5260,.T.);
#5508 = ORIENTED_EDGE('',*,*,#5509,.F.);
#5509 = EDGE_CURVE('',#5495,#5263,#5510,.T.);
#5510 = LINE('',#5511,#5512);
#5511 = CARTESIAN_POINT('',(-0.485034,-13.615081,0.5));
#5512 = VECTOR('',#5513,1.);
#5513 = DIRECTION('',(0.,0.,1.));
#5514 = PLANE('',#5515);
#5515 = AXIS2_PLACEMENT_3D('',#5516,#5517,#5518);
#5516 = CARTESIAN_POINT('',(0.725007,-13.615081,0.5));
#5517 = DIRECTION('',(0.,-1.,0.));
#5518 = DIRECTION('',(-1.,0.,0.));
#5519 = ADVANCED_FACE('',(#5520),#5538,.T.);
#5520 = FACE_BOUND('',#5521,.T.);
#5521 = EDGE_LOOP('',(#5522,#5530,#5531,#5532));
#5522 = ORIENTED_EDGE('',*,*,#5523,.F.);
#5523 = EDGE_CURVE('',#5495,#5524,#5526,.T.);
#5524 = VERTEX_POINT('',#5525);
#5525 = CARTESIAN_POINT('',(-0.485034,-16.929366,0.5));
#5526 = LINE('',#5527,#5528);
#5527 = CARTESIAN_POINT('',(-0.485034,-13.615081,0.5));
#5528 = VECTOR('',#5529,1.);
#5529 = DIRECTION('',(0.,-1.,0.));
#5530 = ORIENTED_EDGE('',*,*,#5509,.T.);
#5531 = ORIENTED_EDGE('',*,*,#5286,.T.);
#5532 = ORIENTED_EDGE('',*,*,#5533,.F.);
#5533 = EDGE_CURVE('',#5524,#5279,#5534,.T.);
#5534 = LINE('',#5535,#5536);
#5535 = CARTESIAN_POINT('',(-0.485034,-16.929366,0.5));
#5536 = VECTOR('',#5537,1.);
#5537 = DIRECTION('',(0.,0.,1.));
#5538 = PLANE('',#5539);
#5539 = AXIS2_PLACEMENT_3D('',#5540,#5541,#5542);
#5540 = CARTESIAN_POINT('',(-0.485034,-13.615081,0.5));
#5541 = DIRECTION('',(1.,0.,0.));
#5542 = DIRECTION('',(0.,-1.,0.));
#5543 = ADVANCED_FACE('',(#5544),#5562,.T.);
#5544 = FACE_BOUND('',#5545,.T.);
#5545 = EDGE_LOOP('',(#5546,#5554,#5555,#5556));
#5546 = ORIENTED_EDGE('',*,*,#5547,.F.);
#5547 = EDGE_CURVE('',#5524,#5548,#5550,.T.);
#5548 = VERTEX_POINT('',#5549);
#5549 = CARTESIAN_POINT('',(0.725007,-16.929366,0.5));
#5550 = LINE('',#5551,#5552);
#5551 = CARTESIAN_POINT('',(-0.485034,-16.929366,0.5));
#5552 = VECTOR('',#5553,1.);
#5553 = DIRECTION('',(1.,0.,0.));
#5554 = ORIENTED_EDGE('',*,*,#5533,.T.);
#5555 = ORIENTED_EDGE('',*,*,#5278,.T.);
#5556 = ORIENTED_EDGE('',*,*,#5557,.F.);
#5557 = EDGE_CURVE('',#5548,#5271,#5558,.T.);
#5558 = LINE('',#5559,#5560);
#5559 = CARTESIAN_POINT('',(0.725007,-16.929366,0.5));
#5560 = VECTOR('',#5561,1.);
#5561 = DIRECTION('',(0.,0.,1.));
#5562 = PLANE('',#5563);
#5563 = AXIS2_PLACEMENT_3D('',#5564,#5565,#5566);
#5564 = CARTESIAN_POINT('',(-0.485034,-16.929366,0.5));
#5565 = DIRECTION('',(0.,1.,0.));
#5566 = DIRECTION('',(1.,0.,0.));
#5567 = ADVANCED_FACE('',(#5568),#5579,.T.);
#5568 = FACE_BOUND('',#5569,.T.);
#5569 = EDGE_LOOP('',(#5570,#5576,#5577,#5578));
#5570 = ORIENTED_EDGE('',*,*,#5571,.F.);
#5571 = EDGE_CURVE('',#5548,#5493,#5572,.T.);
#5572 = LINE('',#5573,#5574);
#5573 = CARTESIAN_POINT('',(0.725007,-16.929366,0.5));
#5574 = VECTOR('',#5575,1.);
#5575 = DIRECTION('',(0.,1.,0.));
#5576 = ORIENTED_EDGE('',*,*,#5557,.T.);
#5577 = ORIENTED_EDGE('',*,*,#5270,.T.);
#5578 = ORIENTED_EDGE('',*,*,#5502,.F.);
#5579 = PLANE('',#5580);
#5580 = AXIS2_PLACEMENT_3D('',#5581,#5582,#5583);
#5581 = CARTESIAN_POINT('',(0.725007,-16.929366,0.5));
#5582 = DIRECTION('',(-1.,0.,0.));
#5583 = DIRECTION('',(0.,1.,0.));
#5584 = ADVANCED_FACE('',(#5585),#5596,.F.);
#5585 = FACE_BOUND('',#5586,.F.);
#5586 = EDGE_LOOP('',(#5587,#5588,#5589,#5590));
#5587 = ORIENTED_EDGE('',*,*,#5439,.F.);
#5588 = ORIENTED_EDGE('',*,*,#5359,.T.);
#5589 = ORIENTED_EDGE('',*,*,#5373,.T.);
#5590 = ORIENTED_EDGE('',*,*,#5591,.F.);
#5591 = EDGE_CURVE('',#5440,#5374,#5592,.T.);
#5592 = LINE('',#5593,#5594);
#5593 = CARTESIAN_POINT('',(2.355972760618,-10.31863865068,0.5));
#5594 = VECTOR('',#5595,1.);
#5595 = DIRECTION('',(-1.,0.,0.));
#5596 = PLANE('',#5597);
#5597 = AXIS2_PLACEMENT_3D('',#5598,#5599,#5600);
#5598 = CARTESIAN_POINT('',(0.157204834733,-10.31863865068,1.4));
#5599 = DIRECTION('',(-0.,-1.,-0.));
#5600 = DIRECTION('',(0.,0.,-1.));
#5601 = ADVANCED_FACE('',(#5602,#5608),#5614,.F.);
#5602 = FACE_BOUND('',#5603,.F.);
#5603 = EDGE_LOOP('',(#5604,#5605,#5606,#5607));
#5604 = ORIENTED_EDGE('',*,*,#5392,.T.);
#5605 = ORIENTED_EDGE('',*,*,#5407,.T.);
#5606 = ORIENTED_EDGE('',*,*,#5447,.T.);
#5607 = ORIENTED_EDGE('',*,*,#5591,.T.);
#5608 = FACE_BOUND('',#5609,.F.);
#5609 = EDGE_LOOP('',(#5610,#5611,#5612,#5613));
#5610 = ORIENTED_EDGE('',*,*,#5523,.F.);
#5611 = ORIENTED_EDGE('',*,*,#5492,.F.);
#5612 = ORIENTED_EDGE('',*,*,#5571,.F.);
#5613 = ORIENTED_EDGE('',*,*,#5547,.F.);
#5614 = PLANE('',#5615);
#5615 = AXIS2_PLACEMENT_3D('',#5616,#5617,#5618);
#5616 = CARTESIAN_POINT('',(0.157204834733,-15.516914,0.5));
#5617 = DIRECTION('',(0.,0.,1.));
#5618 = DIRECTION('',(1.,0.,0.));
#5619 = ( GEOMETRIC_REPRESENTATION_CONTEXT(3) 
GLOBAL_UNCERTAINTY_ASSIGNED_CONTEXT((#5623)) 
GLOBAL_UNIT_ASSIGNED_CONTEXT((#5620,#5621,#5622)) REPRESENTATION_CONTEXT
('Context #1','3D Context with UNIT and UNCERTAINTY') );
#5620 = ( LENGTH_UNIT() NAMED_UNIT(*) SI_UNIT(.MILLI.,.METRE.) );
#5621 = ( NAMED_UNIT(*) PLANE_ANGLE_UNIT() SI_UNIT($,.RADIAN.) );
#5622 = ( NAMED_UNIT(*) SI_UNIT($,.STERADIAN.) SOLID_ANGLE_UNIT() );
#5623 = UNCERTAINTY_MEASURE_WITH_UNIT(LENGTH_MEASURE(5.E-05),#5620,
  'distance_accuracy_value','confusion accuracy');
#5624 = CONTEXT_DEPENDENT_SHAPE_REPRESENTATION(#5625,#5627);
#5625 = ( REPRESENTATION_RELATIONSHIP('','',#36,#10) 
REPRESENTATION_RELATIONSHIP_WITH_TRANSFORMATION(#5626) 
SHAPE_REPRESENTATION_RELATIONSHIP() );
#5626 = ITEM_DEFINED_TRANSFORMATION('','',#11,#15);
#5627 = PRODUCT_DEFINITION_SHAPE('Placement','Placement of an item',
  #5628);
#5628 = NEXT_ASSEMBLY_USAGE_OCCURRENCE('9','Body012','',#5,#31,$);
#5629 = PRODUCT_RELATED_PRODUCT_CATEGORY('part',$,(#33));
#5630 = SHAPE_DEFINITION_REPRESENTATION(#5631,#5637);
#5631 = PRODUCT_DEFINITION_SHAPE('','',#5632);
#5632 = PRODUCT_DEFINITION('design','',#5633,#5636);
#5633 = PRODUCT_DEFINITION_FORMATION('','',#5634);
#5634 = PRODUCT('Body013','Body013','',(#5635));
#5635 = PRODUCT_CONTEXT('',#2,'mechanical');
#5636 = PRODUCT_DEFINITION_CONTEXT('part definition',#2,'design');
#5637 = ADVANCED_BREP_SHAPE_REPRESENTATION('',(#11,#5638),#6216);
#5638 = MANIFOLD_SOLID_BREP('',#5639);
#5639 = CLOSED_SHELL('',(#5640,#5714,#5761,#5803,#5827,#5867,#5915,#5939
    ,#5963,#5998,#6021,#6038,#6050,#6067,#6111,#6153,#6170,#6187,#6204)
  );
#5640 = ADVANCED_FACE('',(#5641),#5709,.T.);
#5641 = FACE_BOUND('',#5642,.T.);
#5642 = EDGE_LOOP('',(#5643,#5653,#5661,#5669,#5677,#5686,#5694,#5702));
#5643 = ORIENTED_EDGE('',*,*,#5644,.F.);
#5644 = EDGE_CURVE('',#5645,#5647,#5649,.T.);
#5645 = VERTEX_POINT('',#5646);
#5646 = CARTESIAN_POINT('',(20.,-2.348134800967,4.));
#5647 = VERTEX_POINT('',#5648);
#5648 = CARTESIAN_POINT('',(20.,16.830691854238,4.));
#5649 = LINE('',#5650,#5651);
#5650 = CARTESIAN_POINT('',(20.,16.9,4.));
#5651 = VECTOR('',#5652,1.);
#5652 = DIRECTION('',(0.,1.,0.));
#5653 = ORIENTED_EDGE('',*,*,#5654,.T.);
#5654 = EDGE_CURVE('',#5645,#5655,#5657,.T.);
#5655 = VERTEX_POINT('',#5656);
#5656 = CARTESIAN_POINT('',(20.,-2.348134800967,0.));
#5657 = LINE('',#5658,#5659);
#5658 = CARTESIAN_POINT('',(20.,-2.348134800967,4.));
#5659 = VECTOR('',#5660,1.);
#5660 = DIRECTION('',(-0.,-0.,-1.));
#5661 = ORIENTED_EDGE('',*,*,#5662,.T.);
#5662 = EDGE_CURVE('',#5655,#5663,#5665,.T.);
#5663 = VERTEX_POINT('',#5664);
#5664 = CARTESIAN_POINT('',(20.,16.9,0.));
#5665 = LINE('',#5666,#5667);
#5666 = CARTESIAN_POINT('',(20.,-2.348134800967,0.));
#5667 = VECTOR('',#5668,1.);
#5668 = DIRECTION('',(0.,1.,0.));
#5669 = ORIENTED_EDGE('',*,*,#5670,.T.);
#5670 = EDGE_CURVE('',#5663,#5671,#5673,.T.);
#5671 = VERTEX_POINT('',#5672);
#5672 = CARTESIAN_POINT('',(20.,18.364642364393,-5.466121052659));
#5673 = LINE('',#5674,#5675);
#5674 = CARTESIAN_POINT('',(20.,16.9,0.));
#5675 = VECTOR('',#5676,1.);
#5676 = DIRECTION('',(0.,0.258818986177,-0.965925842078));
#5677 = ORIENTED_EDGE('',*,*,#5678,.T.);
#5678 = EDGE_CURVE('',#5671,#5679,#5681,.T.);
#5679 = VERTEX_POINT('',#5680);
#5680 = CARTESIAN_POINT('',(20.,18.498119327294,-6.651561572961));
#5681 = CIRCLE('',#5682,4.);
#5682 = AXIS2_PLACEMENT_3D('',#5683,#5684,#5685);
#5683 = CARTESIAN_POINT('',(20.,14.50093899608,-6.501396997367));
#5684 = DIRECTION('',(-1.,-0.,-0.));
#5685 = DIRECTION('',(0.,0.,-1.));
#5686 = ORIENTED_EDGE('',*,*,#5687,.F.);
#5687 = EDGE_CURVE('',#5688,#5679,#5690,.T.);
#5688 = VERTEX_POINT('',#5689);
#5689 = CARTESIAN_POINT('',(20.,22.619273075345,-6.148467753242));
#5690 = LINE('',#5691,#5692);
#5691 = CARTESIAN_POINT('',(20.,23.32033242795,-6.062885256418));
#5692 = VECTOR('',#5693,1.);
#5693 = DIRECTION('',(0.,-0.992630990609,-0.12117638583));
#5694 = ORIENTED_EDGE('',*,*,#5695,.F.);
#5695 = EDGE_CURVE('',#5696,#5688,#5698,.T.);
#5696 = VERTEX_POINT('',#5697);
#5697 = CARTESIAN_POINT('',(20.,20.694395222551,1.035275944708));
#5698 = LINE('',#5699,#5700);
#5699 = CARTESIAN_POINT('',(20.,19.9,4.));
#5700 = VECTOR('',#5701,1.);
#5701 = DIRECTION('',(0.,0.258818986177,-0.965925842078));
#5702 = ORIENTED_EDGE('',*,*,#5703,.F.);
#5703 = EDGE_CURVE('',#5647,#5696,#5704,.T.);
#5704 = CIRCLE('',#5705,4.);
#5705 = AXIS2_PLACEMENT_3D('',#5706,#5707,#5708);
#5706 = CARTESIAN_POINT('',(20.,16.830691854238,4.440892098501E-16));
#5707 = DIRECTION('',(-1.,-0.,-0.));
#5708 = DIRECTION('',(0.,0.,-1.));
#5709 = PLANE('',#5710);
#5710 = AXIS2_PLACEMENT_3D('',#5711,#5712,#5713);
#5711 = CARTESIAN_POINT('',(20.,13.000817676421,-2.120584723895));
#5712 = DIRECTION('',(1.,0.,0.));
#5713 = DIRECTION('',(0.,0.,1.));
#5714 = ADVANCED_FACE('',(#5715),#5756,.T.);
#5715 = FACE_BOUND('',#5716,.T.);
#5716 = EDGE_LOOP('',(#5717,#5718,#5726,#5734,#5742,#5750));
#5717 = ORIENTED_EDGE('',*,*,#5644,.T.);
#5718 = ORIENTED_EDGE('',*,*,#5719,.T.);
#5719 = EDGE_CURVE('',#5647,#5720,#5722,.T.);
#5720 = VERTEX_POINT('',#5721);
#5721 = CARTESIAN_POINT('',(0.819232,16.830691854238,4.));
#5722 = LINE('',#5723,#5724);
#5723 = CARTESIAN_POINT('',(20.,16.830691854238,4.));
#5724 = VECTOR('',#5725,1.);
#5725 = DIRECTION('',(-1.,-0.,-0.));
#5726 = ORIENTED_EDGE('',*,*,#5727,.T.);
#5727 = EDGE_CURVE('',#5720,#5728,#5730,.T.);
#5728 = VERTEX_POINT('',#5729);
#5729 = CARTESIAN_POINT('',(0.819232,14.399999999943,4.));
#5730 = LINE('',#5731,#5732);
#5731 = CARTESIAN_POINT('',(0.819232,16.9,4.));
#5732 = VECTOR('',#5733,1.);
#5733 = DIRECTION('',(0.,-1.,0.));
#5734 = ORIENTED_EDGE('',*,*,#5735,.T.);
#5735 = EDGE_CURVE('',#5728,#5736,#5738,.T.);
#5736 = VERTEX_POINT('',#5737);
#5737 = CARTESIAN_POINT('',(17.5,14.399999999943,4.));
#5738 = LINE('',#5739,#5740);
#5739 = CARTESIAN_POINT('',(0.819232,14.399999999943,4.));
#5740 = VECTOR('',#5741,1.);
#5741 = DIRECTION('',(1.,0.,0.));
#5742 = ORIENTED_EDGE('',*,*,#5743,.F.);
#5743 = EDGE_CURVE('',#5744,#5736,#5746,.T.);
#5744 = VERTEX_POINT('',#5745);
#5745 = CARTESIAN_POINT('',(17.5,-2.348151685405,4.));
#5746 = LINE('',#5747,#5748);
#5747 = CARTESIAN_POINT('',(17.5,-2.348151685405,4.));
#5748 = VECTOR('',#5749,1.);
#5749 = DIRECTION('',(0.,1.,0.));
#5750 = ORIENTED_EDGE('',*,*,#5751,.F.);
#5751 = EDGE_CURVE('',#5645,#5744,#5752,.T.);
#5752 = LINE('',#5753,#5754);
#5753 = CARTESIAN_POINT('',(20.,-2.348134800967,4.));
#5754 = VECTOR('',#5755,1.);
#5755 = DIRECTION('',(-0.999999999977,-6.753775009673E-06,0.));
#5756 = PLANE('',#5757);
#5757 = AXIS2_PLACEMENT_3D('',#5758,#5759,#5760);
#5758 = CARTESIAN_POINT('',(14.403375005899,11.525573264453,4.));
#5759 = DIRECTION('',(0.,0.,1.));
#5760 = DIRECTION('',(1.,0.,0.));
#5761 = ADVANCED_FACE('',(#5762),#5798,.T.);
#5762 = FACE_BOUND('',#5763,.T.);
#5763 = EDGE_LOOP('',(#5764,#5773,#5774,#5775,#5783,#5792));
#5764 = ORIENTED_EDGE('',*,*,#5765,.F.);
#5765 = EDGE_CURVE('',#5720,#5766,#5768,.T.);
#5766 = VERTEX_POINT('',#5767);
#5767 = CARTESIAN_POINT('',(0.819232,16.9,3.999399502542));
#5768 = CIRCLE('',#5769,4.);
#5769 = AXIS2_PLACEMENT_3D('',#5770,#5771,#5772);
#5770 = CARTESIAN_POINT('',(0.819232,16.830691854238,4.440892098501E-16)
  );
#5771 = DIRECTION('',(-1.,-0.,-0.));
#5772 = DIRECTION('',(0.,0.,-1.));
#5773 = ORIENTED_EDGE('',*,*,#5719,.F.);
#5774 = ORIENTED_EDGE('',*,*,#5703,.T.);
#5775 = ORIENTED_EDGE('',*,*,#5776,.T.);
#5776 = EDGE_CURVE('',#5696,#5777,#5779,.T.);
#5777 = VERTEX_POINT('',#5778);
#5778 = CARTESIAN_POINT('',(18.,20.694395222551,1.035275944708));
#5779 = LINE('',#5780,#5781);
#5780 = CARTESIAN_POINT('',(20.,20.694395222551,1.035275944708));
#5781 = VECTOR('',#5782,1.);
#5782 = DIRECTION('',(-1.,-0.,-0.));
#5783 = ORIENTED_EDGE('',*,*,#5784,.F.);
#5784 = EDGE_CURVE('',#5785,#5777,#5787,.T.);
#5785 = VERTEX_POINT('',#5786);
#5786 = CARTESIAN_POINT('',(18.,16.9,3.999399502542));
#5787 = CIRCLE('',#5788,4.);
#5788 = AXIS2_PLACEMENT_3D('',#5789,#5790,#5791);
#5789 = CARTESIAN_POINT('',(18.,16.830691854238,4.440892098501E-16));
#5790 = DIRECTION('',(-1.,-0.,-0.));
#5791 = DIRECTION('',(0.,0.,-1.));
#5792 = ORIENTED_EDGE('',*,*,#5793,.F.);
#5793 = EDGE_CURVE('',#5766,#5785,#5794,.T.);
#5794 = LINE('',#5795,#5796);
#5795 = CARTESIAN_POINT('',(20.,16.9,3.999399502542));
#5796 = VECTOR('',#5797,1.);
#5797 = DIRECTION('',(1.,0.,0.));
#5798 = CYLINDRICAL_SURFACE('',#5799,4.);
#5799 = AXIS2_PLACEMENT_3D('',#5800,#5801,#5802);
#5800 = CARTESIAN_POINT('',(20.,16.830691854238,4.440892098501E-16));
#5801 = DIRECTION('',(-1.,-0.,-0.));
#5802 = DIRECTION('',(0.,0.,1.));
#5803 = ADVANCED_FACE('',(#5804),#5822,.F.);
#5804 = FACE_BOUND('',#5805,.F.);
#5805 = EDGE_LOOP('',(#5806,#5807,#5815,#5821));
#5806 = ORIENTED_EDGE('',*,*,#5654,.T.);
#5807 = ORIENTED_EDGE('',*,*,#5808,.T.);
#5808 = EDGE_CURVE('',#5655,#5809,#5811,.T.);
#5809 = VERTEX_POINT('',#5810);
#5810 = CARTESIAN_POINT('',(17.5,-2.348151685405,0.));
#5811 = LINE('',#5812,#5813);
#5812 = CARTESIAN_POINT('',(20.,-2.348134800967,0.));
#5813 = VECTOR('',#5814,1.);
#5814 = DIRECTION('',(-0.999999999977,-6.753775009673E-06,0.));
#5815 = ORIENTED_EDGE('',*,*,#5816,.F.);
#5816 = EDGE_CURVE('',#5744,#5809,#5817,.T.);
#5817 = LINE('',#5818,#5819);
#5818 = CARTESIAN_POINT('',(17.5,-2.348151685405,4.));
#5819 = VECTOR('',#5820,1.);
#5820 = DIRECTION('',(-0.,-0.,-1.));
#5821 = ORIENTED_EDGE('',*,*,#5751,.F.);
#5822 = PLANE('',#5823);
#5823 = AXIS2_PLACEMENT_3D('',#5824,#5825,#5826);
#5824 = CARTESIAN_POINT('',(20.,-2.348134800967,4.));
#5825 = DIRECTION('',(-6.753775009673E-06,0.999999999977,0.));
#5826 = DIRECTION('',(-0.999999999977,-6.753775009673E-06,0.));
#5827 = ADVANCED_FACE('',(#5828),#5862,.F.);
#5828 = FACE_BOUND('',#5829,.F.);
#5829 = EDGE_LOOP('',(#5830,#5831,#5832,#5840,#5848,#5856));
#5830 = ORIENTED_EDGE('',*,*,#5695,.F.);
#5831 = ORIENTED_EDGE('',*,*,#5776,.T.);
#5832 = ORIENTED_EDGE('',*,*,#5833,.T.);
#5833 = EDGE_CURVE('',#5777,#5834,#5836,.T.);
#5834 = VERTEX_POINT('',#5835);
#5835 = CARTESIAN_POINT('',(18.,22.734425743561,-6.578223466517));
#5836 = LINE('',#5837,#5838);
#5837 = CARTESIAN_POINT('',(18.,19.9,4.));
#5838 = VECTOR('',#5839,1.);
#5839 = DIRECTION('',(0.,0.258818986177,-0.965925842078));
#5840 = ORIENTED_EDGE('',*,*,#5841,.F.);
#5841 = EDGE_CURVE('',#5842,#5834,#5844,.T.);
#5842 = VERTEX_POINT('',#5843);
#5843 = CARTESIAN_POINT('',(19.897981028605,22.734425743561,
    -6.578223466517));
#5844 = LINE('',#5845,#5846);
#5845 = CARTESIAN_POINT('',(20.,22.734425743561,-6.578223466517));
#5846 = VECTOR('',#5847,1.);
#5847 = DIRECTION('',(-1.,-0.,-0.));
#5848 = ORIENTED_EDGE('',*,*,#5849,.F.);
#5849 = EDGE_CURVE('',#5850,#5842,#5852,.T.);
#5850 = VERTEX_POINT('',#5851);
#5851 = CARTESIAN_POINT('',(19.888123779902,22.619273075345,
    -6.148467753242));
#5852 = LINE('',#5853,#5854);
#5853 = CARTESIAN_POINT('',(19.811724975668,21.726780005401,
    -2.817637458029));
#5854 = VECTOR('',#5855,1.);
#5855 = DIRECTION('',(2.214987491759E-02,0.258755487896,-0.965688863209)
  );
#5856 = ORIENTED_EDGE('',*,*,#5857,.F.);
#5857 = EDGE_CURVE('',#5688,#5850,#5858,.T.);
#5858 = LINE('',#5859,#5860);
#5859 = CARTESIAN_POINT('',(19.784257571056,22.619273075345,
    -6.148467753242));
#5860 = VECTOR('',#5861,1.);
#5861 = DIRECTION('',(-1.,-4.540931835469E-17,1.694699245903E-16));
#5862 = PLANE('',#5863);
#5863 = AXIS2_PLACEMENT_3D('',#5864,#5865,#5866);
#5864 = CARTESIAN_POINT('',(20.,19.9,4.));
#5865 = DIRECTION('',(0.,-0.965925842078,-0.258818986177));
#5866 = DIRECTION('',(0.,0.258818986177,-0.965925842078));
#5867 = ADVANCED_FACE('',(#5868),#5910,.F.);
#5868 = FACE_BOUND('',#5869,.F.);
#5869 = EDGE_LOOP('',(#5870,#5871,#5879,#5887,#5895,#5903,#5909));
#5870 = ORIENTED_EDGE('',*,*,#5662,.T.);
#5871 = ORIENTED_EDGE('',*,*,#5872,.T.);
#5872 = EDGE_CURVE('',#5663,#5873,#5875,.T.);
#5873 = VERTEX_POINT('',#5874);
#5874 = CARTESIAN_POINT('',(18.,16.9,0.));
#5875 = LINE('',#5876,#5877);
#5876 = CARTESIAN_POINT('',(20.,16.9,0.));
#5877 = VECTOR('',#5878,1.);
#5878 = DIRECTION('',(-1.,0.,0.));
#5879 = ORIENTED_EDGE('',*,*,#5880,.T.);
#5880 = EDGE_CURVE('',#5873,#5881,#5883,.T.);
#5881 = VERTEX_POINT('',#5882);
#5882 = CARTESIAN_POINT('',(0.819232,16.9,0.));
#5883 = LINE('',#5884,#5885);
#5884 = CARTESIAN_POINT('',(20.,16.9,0.));
#5885 = VECTOR('',#5886,1.);
#5886 = DIRECTION('',(-1.,0.,0.));
#5887 = ORIENTED_EDGE('',*,*,#5888,.T.);
#5888 = EDGE_CURVE('',#5881,#5889,#5891,.T.);
#5889 = VERTEX_POINT('',#5890);
#5890 = CARTESIAN_POINT('',(0.819232,14.399999999943,0.));
#5891 = LINE('',#5892,#5893);
#5892 = CARTESIAN_POINT('',(0.819232,16.9,0.));
#5893 = VECTOR('',#5894,1.);
#5894 = DIRECTION('',(0.,-1.,0.));
#5895 = ORIENTED_EDGE('',*,*,#5896,.T.);
#5896 = EDGE_CURVE('',#5889,#5897,#5899,.T.);
#5897 = VERTEX_POINT('',#5898);
#5898 = CARTESIAN_POINT('',(17.5,14.399999999943,0.));
#5899 = LINE('',#5900,#5901);
#5900 = CARTESIAN_POINT('',(0.819232,14.399999999943,0.));
#5901 = VECTOR('',#5902,1.);
#5902 = DIRECTION('',(1.,0.,0.));
#5903 = ORIENTED_EDGE('',*,*,#5904,.F.);
#5904 = EDGE_CURVE('',#5809,#5897,#5905,.T.);
#5905 = LINE('',#5906,#5907);
#5906 = CARTESIAN_POINT('',(17.5,-2.348151685405,0.));
#5907 = VECTOR('',#5908,1.);
#5908 = DIRECTION('',(0.,1.,0.));
#5909 = ORIENTED_EDGE('',*,*,#5808,.F.);
#5910 = PLANE('',#5911);
#5911 = AXIS2_PLACEMENT_3D('',#5912,#5913,#5914);
#5912 = CARTESIAN_POINT('',(14.04453384865,10.910846501648,0.));
#5913 = DIRECTION('',(0.,0.,1.));
#5914 = DIRECTION('',(1.,0.,0.));
#5915 = ADVANCED_FACE('',(#5916),#5934,.F.);
#5916 = FACE_BOUND('',#5917,.F.);
#5917 = EDGE_LOOP('',(#5918,#5926,#5932,#5933));
#5918 = ORIENTED_EDGE('',*,*,#5919,.F.);
#5919 = EDGE_CURVE('',#5920,#5850,#5922,.T.);
#5920 = VERTEX_POINT('',#5921);
#5921 = CARTESIAN_POINT('',(19.230463195155,18.498119327294,
    -6.651561572961));
#5922 = LINE('',#5923,#5924);
#5923 = CARTESIAN_POINT('',(18.4,13.294118070852,-7.286845046955));
#5924 = VECTOR('',#5925,1.);
#5925 = DIRECTION('',(0.156454956838,0.980406834056,0.119684110125));
#5926 = ORIENTED_EDGE('',*,*,#5927,.F.);
#5927 = EDGE_CURVE('',#5679,#5920,#5928,.T.);
#5928 = LINE('',#5929,#5930);
#5929 = CARTESIAN_POINT('',(19.305153975213,18.498119327294,
    -6.651561572961));
#5930 = VECTOR('',#5931,1.);
#5931 = DIRECTION('',(-1.,-0.,-0.));
#5932 = ORIENTED_EDGE('',*,*,#5687,.F.);
#5933 = ORIENTED_EDGE('',*,*,#5857,.T.);
#5934 = PLANE('',#5935);
#5935 = AXIS2_PLACEMENT_3D('',#5936,#5937,#5938);
#5936 = CARTESIAN_POINT('',(19.568515142112,17.941425698832,
    -6.719520484731));
#5937 = DIRECTION('',(1.737236362057E-16,-0.12117638583,0.992630990609)
  );
#5938 = DIRECTION('',(-3.08148791102E-33,0.992630990609,0.12117638583));
#5939 = ADVANCED_FACE('',(#5940),#5958,.T.);
#5940 = FACE_BOUND('',#5941,.T.);
#5941 = EDGE_LOOP('',(#5942,#5943,#5944,#5952));
#5942 = ORIENTED_EDGE('',*,*,#5670,.F.);
#5943 = ORIENTED_EDGE('',*,*,#5872,.T.);
#5944 = ORIENTED_EDGE('',*,*,#5945,.T.);
#5945 = EDGE_CURVE('',#5873,#5946,#5948,.T.);
#5946 = VERTEX_POINT('',#5947);
#5947 = CARTESIAN_POINT('',(18.,18.364642364393,-5.466121052659));
#5948 = LINE('',#5949,#5950);
#5949 = CARTESIAN_POINT('',(18.,16.9,0.));
#5950 = VECTOR('',#5951,1.);
#5951 = DIRECTION('',(0.,0.258818986177,-0.965925842078));
#5952 = ORIENTED_EDGE('',*,*,#5953,.F.);
#5953 = EDGE_CURVE('',#5671,#5946,#5954,.T.);
#5954 = LINE('',#5955,#5956);
#5955 = CARTESIAN_POINT('',(19.305153975213,18.364642364393,
    -5.466121052659));
#5956 = VECTOR('',#5957,1.);
#5957 = DIRECTION('',(-1.,-0.,-0.));
#5958 = PLANE('',#5959);
#5959 = AXIS2_PLACEMENT_3D('',#5960,#5961,#5962);
#5960 = CARTESIAN_POINT('',(20.,16.9,0.));
#5961 = DIRECTION('',(0.,-0.965925842078,-0.258818986177));
#5962 = DIRECTION('',(0.,0.258818986177,-0.965925842078));
#5963 = ADVANCED_FACE('',(#5964),#5993,.F.);
#5964 = FACE_BOUND('',#5965,.F.);
#5965 = EDGE_LOOP('',(#5966,#5967,#5968,#5977,#5985,#5992));
#5966 = ORIENTED_EDGE('',*,*,#5678,.T.);
#5967 = ORIENTED_EDGE('',*,*,#5927,.T.);
#5968 = ORIENTED_EDGE('',*,*,#5969,.T.);
#5969 = EDGE_CURVE('',#5920,#5970,#5972,.T.);
#5970 = VERTEX_POINT('',#5971);
#5971 = CARTESIAN_POINT('',(18.812585954379,16.26069545637,
    -10.09350740776));
#5972 = ELLIPSE('',#5973,4.049873812087,4.);
#5973 = AXIS2_PLACEMENT_3D('',#5974,#5975,#5976);
#5974 = CARTESIAN_POINT('',(18.604835309253,14.50093899608,
    -6.501396997367));
#5975 = DIRECTION('',(-0.987685094795,0.155302038792,1.895864621479E-02)
  );
#5976 = DIRECTION('',(-0.156454956838,-0.980406834056,-0.119684110125));
#5977 = ORIENTED_EDGE('',*,*,#5978,.T.);
#5978 = EDGE_CURVE('',#5970,#5979,#5981,.T.);
#5979 = VERTEX_POINT('',#5980);
#5980 = CARTESIAN_POINT('',(18.,16.26069545637,-10.09350740776));
#5981 = LINE('',#5982,#5983);
#5982 = CARTESIAN_POINT('',(19.305153975213,16.26069545637,
    -10.09350740776));
#5983 = VECTOR('',#5984,1.);
#5984 = DIRECTION('',(-1.,-0.,-0.));
#5985 = ORIENTED_EDGE('',*,*,#5986,.F.);
#5986 = EDGE_CURVE('',#5946,#5979,#5987,.T.);
#5987 = CIRCLE('',#5988,4.);
#5988 = AXIS2_PLACEMENT_3D('',#5989,#5990,#5991);
#5989 = CARTESIAN_POINT('',(18.,14.50093899608,-6.501396997367));
#5990 = DIRECTION('',(-1.,-0.,-0.));
#5991 = DIRECTION('',(0.,0.,-1.));
#5992 = ORIENTED_EDGE('',*,*,#5953,.F.);
#5993 = CYLINDRICAL_SURFACE('',#5994,4.);
#5994 = AXIS2_PLACEMENT_3D('',#5995,#5996,#5997);
#5995 = CARTESIAN_POINT('',(19.305153975213,14.50093899608,
    -6.501396997367));
#5996 = DIRECTION('',(-1.,-0.,-0.));
#5997 = DIRECTION('',(0.,0.965925842078,0.258818986177));
#5998 = ADVANCED_FACE('',(#5999),#6016,.T.);
#5999 = FACE_BOUND('',#6000,.T.);
#6000 = EDGE_LOOP('',(#6001,#6007,#6008,#6014,#6015));
#6001 = ORIENTED_EDGE('',*,*,#6002,.T.);
#6002 = EDGE_CURVE('',#5766,#5881,#6003,.T.);
#6003 = LINE('',#6004,#6005);
#6004 = CARTESIAN_POINT('',(0.819232,16.9,4.));
#6005 = VECTOR('',#6006,1.);
#6006 = DIRECTION('',(-0.,-0.,-1.));
#6007 = ORIENTED_EDGE('',*,*,#5888,.T.);
#6008 = ORIENTED_EDGE('',*,*,#6009,.F.);
#6009 = EDGE_CURVE('',#5728,#5889,#6010,.T.);
#6010 = LINE('',#6011,#6012);
#6011 = CARTESIAN_POINT('',(0.819232,14.399999999943,4.));
#6012 = VECTOR('',#6013,1.);
#6013 = DIRECTION('',(-0.,-0.,-1.));
#6014 = ORIENTED_EDGE('',*,*,#5727,.F.);
#6015 = ORIENTED_EDGE('',*,*,#5765,.T.);
#6016 = PLANE('',#6017);
#6017 = AXIS2_PLACEMENT_3D('',#6018,#6019,#6020);
#6018 = CARTESIAN_POINT('',(0.819232,16.9,4.));
#6019 = DIRECTION('',(-1.,0.,0.));
#6020 = DIRECTION('',(0.,-1.,0.));
#6021 = ADVANCED_FACE('',(#6022),#6033,.F.);
#6022 = FACE_BOUND('',#6023,.F.);
#6023 = EDGE_LOOP('',(#6024,#6025,#6026,#6032));
#6024 = ORIENTED_EDGE('',*,*,#5816,.T.);
#6025 = ORIENTED_EDGE('',*,*,#5904,.T.);
#6026 = ORIENTED_EDGE('',*,*,#6027,.F.);
#6027 = EDGE_CURVE('',#5736,#5897,#6028,.T.);
#6028 = LINE('',#6029,#6030);
#6029 = CARTESIAN_POINT('',(17.5,14.399999999943,4.));
#6030 = VECTOR('',#6031,1.);
#6031 = DIRECTION('',(-0.,-0.,-1.));
#6032 = ORIENTED_EDGE('',*,*,#5743,.F.);
#6033 = PLANE('',#6034);
#6034 = AXIS2_PLACEMENT_3D('',#6035,#6036,#6037);
#6035 = CARTESIAN_POINT('',(17.5,-2.348151685405,4.));
#6036 = DIRECTION('',(1.,0.,0.));
#6037 = DIRECTION('',(0.,1.,0.));
#6038 = ADVANCED_FACE('',(#6039),#6045,.T.);
#6039 = FACE_BOUND('',#6040,.T.);
#6040 = EDGE_LOOP('',(#6041,#6042,#6043,#6044));
#6041 = ORIENTED_EDGE('',*,*,#6009,.T.);
#6042 = ORIENTED_EDGE('',*,*,#5896,.T.);
#6043 = ORIENTED_EDGE('',*,*,#6027,.F.);
#6044 = ORIENTED_EDGE('',*,*,#5735,.F.);
#6045 = PLANE('',#6046);
#6046 = AXIS2_PLACEMENT_3D('',#6047,#6048,#6049);
#6047 = CARTESIAN_POINT('',(0.819232,14.399999999943,4.));
#6048 = DIRECTION('',(0.,-1.,0.));
#6049 = DIRECTION('',(1.,0.,0.));
#6050 = ADVANCED_FACE('',(#6051),#6062,.T.);
#6051 = FACE_BOUND('',#6052,.T.);
#6052 = EDGE_LOOP('',(#6053,#6054,#6055,#6061));
#6053 = ORIENTED_EDGE('',*,*,#6002,.F.);
#6054 = ORIENTED_EDGE('',*,*,#5793,.T.);
#6055 = ORIENTED_EDGE('',*,*,#6056,.T.);
#6056 = EDGE_CURVE('',#5785,#5873,#6057,.T.);
#6057 = LINE('',#6058,#6059);
#6058 = CARTESIAN_POINT('',(18.,16.9,4.));
#6059 = VECTOR('',#6060,1.);
#6060 = DIRECTION('',(0.,0.,-1.));
#6061 = ORIENTED_EDGE('',*,*,#5880,.T.);
#6062 = PLANE('',#6063);
#6063 = AXIS2_PLACEMENT_3D('',#6064,#6065,#6066);
#6064 = CARTESIAN_POINT('',(20.,16.9,4.));
#6065 = DIRECTION('',(0.,1.,0.));
#6066 = DIRECTION('',(-1.,0.,0.));
#6067 = ADVANCED_FACE('',(#6068),#6106,.F.);
#6068 = FACE_BOUND('',#6069,.F.);
#6069 = EDGE_LOOP('',(#6070,#6071,#6072,#6073,#6081,#6089,#6097,#6104,
    #6105));
#6070 = ORIENTED_EDGE('',*,*,#6056,.T.);
#6071 = ORIENTED_EDGE('',*,*,#5945,.T.);
#6072 = ORIENTED_EDGE('',*,*,#5986,.T.);
#6073 = ORIENTED_EDGE('',*,*,#6074,.T.);
#6074 = EDGE_CURVE('',#5979,#6075,#6077,.T.);
#6075 = VERTEX_POINT('',#6076);
#6076 = CARTESIAN_POINT('',(18.,13.9,-11.25));
#6077 = LINE('',#6078,#6079);
#6078 = CARTESIAN_POINT('',(18.,19.216541715739,-8.645453490629));
#6079 = VECTOR('',#6080,1.);
#6080 = DIRECTION('',(0.,-0.898027602599,-0.439939115072));
#6081 = ORIENTED_EDGE('',*,*,#6082,.T.);
#6082 = EDGE_CURVE('',#6075,#6083,#6085,.T.);
#6083 = VERTEX_POINT('',#6084);
#6084 = CARTESIAN_POINT('',(18.,13.9,-12.25));
#6085 = LINE('',#6086,#6087);
#6086 = CARTESIAN_POINT('',(18.,13.9,-11.25));
#6087 = VECTOR('',#6088,1.);
#6088 = DIRECTION('',(0.,0.,-1.));
#6089 = ORIENTED_EDGE('',*,*,#6090,.F.);
#6090 = EDGE_CURVE('',#6091,#6083,#6093,.T.);
#6091 = VERTEX_POINT('',#6092);
#6092 = CARTESIAN_POINT('',(18.,19.355427918567,-11.58402337366));
#6093 = LINE('',#6094,#6095);
#6094 = CARTESIAN_POINT('',(18.,23.926214357098,-11.02604020946));
#6095 = VECTOR('',#6096,1.);
#6096 = DIRECTION('',(0.,-0.992630990609,-0.12117638583));
#6097 = ORIENTED_EDGE('',*,*,#6098,.F.);
#6098 = EDGE_CURVE('',#5834,#6091,#6099,.T.);
#6099 = CIRCLE('',#6100,4.);
#6100 = AXIS2_PLACEMENT_3D('',#6101,#6102,#6103);
#6101 = CARTESIAN_POINT('',(18.,18.870722375248,-7.613499411224));
#6102 = DIRECTION('',(-1.,-0.,-0.));
#6103 = DIRECTION('',(0.,0.,-1.));
#6104 = ORIENTED_EDGE('',*,*,#5833,.F.);
#6105 = ORIENTED_EDGE('',*,*,#5784,.F.);
#6106 = PLANE('',#6107);
#6107 = AXIS2_PLACEMENT_3D('',#6108,#6109,#6110);
#6108 = CARTESIAN_POINT('',(18.,19.128883909953,-5.389399192657));
#6109 = DIRECTION('',(1.,0.,0.));
#6110 = DIRECTION('',(0.,0.,1.));
#6111 = ADVANCED_FACE('',(#6112),#6148,.F.);
#6112 = FACE_BOUND('',#6113,.F.);
#6113 = EDGE_LOOP('',(#6114,#6124,#6132,#6138,#6139,#6140,#6141));
#6114 = ORIENTED_EDGE('',*,*,#6115,.F.);
#6115 = EDGE_CURVE('',#6116,#6118,#6120,.T.);
#6116 = VERTEX_POINT('',#6117);
#6117 = CARTESIAN_POINT('',(18.4,13.9,-12.25));
#6118 = VERTEX_POINT('',#6119);
#6119 = CARTESIAN_POINT('',(19.270586281005,19.355427918567,
    -11.58402337366));
#6120 = LINE('',#6121,#6122);
#6121 = CARTESIAN_POINT('',(18.4,13.9,-12.25));
#6122 = VECTOR('',#6123,1.);
#6123 = DIRECTION('',(0.156454956838,0.980406834056,0.119684110125));
#6124 = ORIENTED_EDGE('',*,*,#6125,.F.);
#6125 = EDGE_CURVE('',#6126,#6116,#6128,.T.);
#6126 = VERTEX_POINT('',#6127);
#6127 = CARTESIAN_POINT('',(18.419195031204,13.9,-11.25));
#6128 = LINE('',#6129,#6130);
#6129 = CARTESIAN_POINT('',(18.409888631522,13.9,-11.73483378762));
#6130 = VECTOR('',#6131,1.);
#6131 = DIRECTION('',(-1.919149598419E-02,-0.,-0.999815826281));
#6132 = ORIENTED_EDGE('',*,*,#6133,.F.);
#6133 = EDGE_CURVE('',#5970,#6126,#6134,.T.);
#6134 = LINE('',#6135,#6136);
#6135 = CARTESIAN_POINT('',(18.837377144507,16.409464648654,
    -10.02062614374));
#6136 = VECTOR('',#6137,1.);
#6137 = DIRECTION('',(-0.148001027528,-0.888137810612,-0.435094156719));
#6138 = ORIENTED_EDGE('',*,*,#5969,.F.);
#6139 = ORIENTED_EDGE('',*,*,#5919,.T.);
#6140 = ORIENTED_EDGE('',*,*,#5849,.T.);
#6141 = ORIENTED_EDGE('',*,*,#6142,.T.);
#6142 = EDGE_CURVE('',#5842,#6118,#6143,.T.);
#6143 = ELLIPSE('',#6144,4.049873812087,4.);
#6144 = AXIS2_PLACEMENT_3D('',#6145,#6146,#6147);
#6145 = CARTESIAN_POINT('',(19.270586281005,18.870722375248,
    -7.613499411224));
#6146 = DIRECTION('',(-0.987685094795,0.155302038792,1.895864621479E-02)
  );
#6147 = DIRECTION('',(-0.156454956838,-0.980406834056,-0.119684110125));
#6148 = PLANE('',#6149);
#6149 = AXIS2_PLACEMENT_3D('',#6150,#6151,#6152);
#6150 = CARTESIAN_POINT('',(18.4,13.9,-12.25));
#6151 = DIRECTION('',(-0.987685094795,0.155302038792,1.895864621479E-02)
  );
#6152 = DIRECTION('',(0.156454956838,0.980406834056,0.119684110125));
#6153 = ADVANCED_FACE('',(#6154),#6165,.T.);
#6154 = FACE_BOUND('',#6155,.T.);
#6155 = EDGE_LOOP('',(#6156,#6157,#6163,#6164));
#6156 = ORIENTED_EDGE('',*,*,#6142,.T.);
#6157 = ORIENTED_EDGE('',*,*,#6158,.T.);
#6158 = EDGE_CURVE('',#6118,#6091,#6159,.T.);
#6159 = LINE('',#6160,#6161);
#6160 = CARTESIAN_POINT('',(20.,19.355427918567,-11.58402337366));
#6161 = VECTOR('',#6162,1.);
#6162 = DIRECTION('',(-1.,-0.,-0.));
#6163 = ORIENTED_EDGE('',*,*,#6098,.F.);
#6164 = ORIENTED_EDGE('',*,*,#5841,.F.);
#6165 = CYLINDRICAL_SURFACE('',#6166,4.);
#6166 = AXIS2_PLACEMENT_3D('',#6167,#6168,#6169);
#6167 = CARTESIAN_POINT('',(20.,18.870722375248,-7.613499411224));
#6168 = DIRECTION('',(-1.,-0.,-0.));
#6169 = DIRECTION('',(0.,0.965925842078,0.258818986177));
#6170 = ADVANCED_FACE('',(#6171),#6182,.T.);
#6171 = FACE_BOUND('',#6172,.T.);
#6172 = EDGE_LOOP('',(#6173,#6174,#6175,#6176));
#6173 = ORIENTED_EDGE('',*,*,#6133,.F.);
#6174 = ORIENTED_EDGE('',*,*,#5978,.T.);
#6175 = ORIENTED_EDGE('',*,*,#6074,.T.);
#6176 = ORIENTED_EDGE('',*,*,#6177,.F.);
#6177 = EDGE_CURVE('',#6126,#6075,#6178,.T.);
#6178 = LINE('',#6179,#6180);
#6179 = CARTESIAN_POINT('',(20.,13.9,-11.25));
#6180 = VECTOR('',#6181,1.);
#6181 = DIRECTION('',(-1.,-0.,-0.));
#6182 = PLANE('',#6183);
#6183 = AXIS2_PLACEMENT_3D('',#6184,#6185,#6186);
#6184 = CARTESIAN_POINT('',(20.,19.216541715739,-8.645453490629));
#6185 = DIRECTION('',(0.,-0.439939115072,0.898027602599));
#6186 = DIRECTION('',(0.,-0.898027602599,-0.439939115072));
#6187 = ADVANCED_FACE('',(#6188),#6199,.F.);
#6188 = FACE_BOUND('',#6189,.F.);
#6189 = EDGE_LOOP('',(#6190,#6191,#6192,#6193));
#6190 = ORIENTED_EDGE('',*,*,#6115,.T.);
#6191 = ORIENTED_EDGE('',*,*,#6158,.T.);
#6192 = ORIENTED_EDGE('',*,*,#6090,.T.);
#6193 = ORIENTED_EDGE('',*,*,#6194,.F.);
#6194 = EDGE_CURVE('',#6116,#6083,#6195,.T.);
#6195 = LINE('',#6196,#6197);
#6196 = CARTESIAN_POINT('',(20.,13.9,-12.25));
#6197 = VECTOR('',#6198,1.);
#6198 = DIRECTION('',(-1.,-0.,-0.));
#6199 = PLANE('',#6200);
#6200 = AXIS2_PLACEMENT_3D('',#6201,#6202,#6203);
#6201 = CARTESIAN_POINT('',(20.,23.926214357098,-11.02604020946));
#6202 = DIRECTION('',(0.,-0.12117638583,0.992630990609));
#6203 = DIRECTION('',(0.,-0.992630990609,-0.12117638583));
#6204 = ADVANCED_FACE('',(#6205),#6211,.T.);
#6205 = FACE_BOUND('',#6206,.T.);
#6206 = EDGE_LOOP('',(#6207,#6208,#6209,#6210));
#6207 = ORIENTED_EDGE('',*,*,#6125,.F.);
#6208 = ORIENTED_EDGE('',*,*,#6177,.T.);
#6209 = ORIENTED_EDGE('',*,*,#6082,.T.);
#6210 = ORIENTED_EDGE('',*,*,#6194,.F.);
#6211 = PLANE('',#6212);
#6212 = AXIS2_PLACEMENT_3D('',#6213,#6214,#6215);
#6213 = CARTESIAN_POINT('',(20.,13.9,-11.25));
#6214 = DIRECTION('',(0.,-1.,0.));
#6215 = DIRECTION('',(0.,0.,-1.));
#6216 = ( GEOMETRIC_REPRESENTATION_CONTEXT(3) 
GLOBAL_UNCERTAINTY_ASSIGNED_CONTEXT((#6220)) 
GLOBAL_UNIT_ASSIGNED_CONTEXT((#6217,#6218,#6219)) REPRESENTATION_CONTEXT
('Context #1','3D Context with UNIT and UNCERTAINTY') );
#6217 = ( LENGTH_UNIT() NAMED_UNIT(*) SI_UNIT(.MILLI.,.METRE.) );
#6218 = ( NAMED_UNIT(*) PLANE_ANGLE_UNIT() SI_UNIT($,.RADIAN.) );
#6219 = ( NAMED_UNIT(*) SI_UNIT($,.STERADIAN.) SOLID_ANGLE_UNIT() );
#6220 = UNCERTAINTY_MEASURE_WITH_UNIT(LENGTH_MEASURE(5.E-06),#6217,
  'distance_accuracy_value','confusion accuracy');
#6221 = CONTEXT_DEPENDENT_SHAPE_REPRESENTATION(#6222,#6224);
#6222 = ( REPRESENTATION_RELATIONSHIP('','',#5637,#10) 
REPRESENTATION_RELATIONSHIP_WITH_TRANSFORMATION(#6223) 
SHAPE_REPRESENTATION_RELATIONSHIP() );
#6223 = ITEM_DEFINED_TRANSFORMATION('','',#11,#19);
#6224 = PRODUCT_DEFINITION_SHAPE('Placement','Placement of an item',
  #6225);
#6225 = NEXT_ASSEMBLY_USAGE_OCCURRENCE('10','Body013','',#5,#5632,$);
#6226 = PRODUCT_RELATED_PRODUCT_CATEGORY('part',$,(#5634));
#6227 = MECHANICAL_DESIGN_GEOMETRIC_PRESENTATION_REPRESENTATION('',(
    #6228),#6216);
#6228 = STYLED_ITEM('color',(#6229),#5638);
#6229 = PRESENTATION_STYLE_ASSIGNMENT((#6230,#6236));
#6230 = SURFACE_STYLE_USAGE(.BOTH.,#6231);
#6231 = SURFACE_SIDE_STYLE('',(#6232));
#6232 = SURFACE_STYLE_FILL_AREA(#6233);
#6233 = FILL_AREA_STYLE('',(#6234));
#6234 = FILL_AREA_STYLE_COLOUR('',#6235);
#6235 = COLOUR_RGB('',0.447058818107,0.474509808674,0.501960817233);
#6236 = CURVE_STYLE('',#6237,POSITIVE_LENGTH_MEASURE(0.1),#6238);
#6237 = DRAUGHTING_PRE_DEFINED_CURVE_FONT('continuous');
#6238 = COLOUR_RGB('',9.803921802644E-02,9.803921802644E-02,
  9.803921802644E-02);
#6239 = MECHANICAL_DESIGN_GEOMETRIC_PRESENTATION_REPRESENTATION('',(
    #6240),#5619);
#6240 = STYLED_ITEM('color',(#6241),#37);
#6241 = PRESENTATION_STYLE_ASSIGNMENT((#6242,#6247));
#6242 = SURFACE_STYLE_USAGE(.BOTH.,#6243);
#6243 = SURFACE_SIDE_STYLE('',(#6244));
#6244 = SURFACE_STYLE_FILL_AREA(#6245);
#6245 = FILL_AREA_STYLE('',(#6246));
#6246 = FILL_AREA_STYLE_COLOUR('',#6235);
#6247 = CURVE_STYLE('',#6248,POSITIVE_LENGTH_MEASURE(0.1),#6238);
#6248 = DRAUGHTING_PRE_DEFINED_CURVE_FONT('continuous');
ENDSEC;
END-ISO-10303-21;
