ISO-10303-21;
HEADER;
FILE_DESCRIPTION(('FreeCAD Model'),'2;1');
FILE_NAME('Open CASCADE Shape Model','2026-08-17T00:44:12',(''),(''),
  'Open CASCADE STEP processor 7.8','FreeCAD','Unknown');
FILE_SCHEMA(('AUTOMOTIVE_DESIGN { 1 0 10303 214 1 1 1 1 }'));
ENDSEC;
DATA;
#1 = APPLICATION_PROTOCOL_DEFINITION('international standard',
  'automotive_design',2000,#2);
#2 = APPLICATION_CONTEXT(
  'core data for automotive mechanical design processes');
#3 = SHAPE_DEFINITION_REPRESENTATION(#4,#10);
#4 = PRODUCT_DEFINITION_SHAPE('','',#5);
#5 = PRODUCT_DEFINITION('design','',#6,#9);
#6 = PRODUCT_DEFINITION_FORMATION('','',#7);
#7 = PRODUCT('StatorWithDovetail','StatorWithDovetail','',(#8));
#8 = PRODUCT_CONTEXT('',#2,'mechanical');
#9 = PRODUCT_DEFINITION_CONTEXT('part definition',#2,'design');
#10 = SHAPE_REPRESENTATION('',(#11,#15,#19),#23);
#11 = AXIS2_PLACEMENT_3D('',#12,#13,#14);
#12 = CARTESIAN_POINT('',(0.,0.,0.));
#13 = DIRECTION('',(0.,0.,1.));
#14 = DIRECTION('',(1.,0.,-0.));
#15 = AXIS2_PLACEMENT_3D('',#16,#17,#18);
#16 = CARTESIAN_POINT('',(0.,0.,0.));
#17 = DIRECTION('',(0.,0.,1.));
#18 = DIRECTION('',(1.,0.,0.));
#19 = AXIS2_PLACEMENT_3D('',#20,#21,#22);
#20 = CARTESIAN_POINT('',(0.,0.,0.));
#21 = DIRECTION('',(0.,0.,1.));
#22 = DIRECTION('',(1.,0.,0.));
#23 = ( GEOMETRIC_REPRESENTATION_CONTEXT(3) 
GLOBAL_UNCERTAINTY_ASSIGNED_CONTEXT((#27)) GLOBAL_UNIT_ASSIGNED_CONTEXT(
(#24,#25,#26)) REPRESENTATION_CONTEXT('Context #1',
  '3D Context with UNIT and UNCERTAINTY') );
#24 = ( LENGTH_UNIT() NAMED_UNIT(*) SI_UNIT(.MILLI.,.METRE.) );
#25 = ( NAMED_UNIT(*) PLANE_ANGLE_UNIT() SI_UNIT($,.RADIAN.) );
#26 = ( NAMED_UNIT(*) SI_UNIT($,.STERADIAN.) SOLID_ANGLE_UNIT() );
#27 = UNCERTAINTY_MEASURE_WITH_UNIT(LENGTH_MEASURE(1.E-04),#24,
  'distance_accuracy_value','confusion accuracy');
#28 = PRODUCT_RELATED_PRODUCT_CATEGORY('part',$,(#7));
#29 = SHAPE_DEFINITION_REPRESENTATION(#30,#36);
#30 = PRODUCT_DEFINITION_SHAPE('','',#31);
#31 = PRODUCT_DEFINITION('design','',#32,#35);
#32 = PRODUCT_DEFINITION_FORMATION('','',#33);
#33 = PRODUCT('Body012','Body012','',(#34));
#34 = PRODUCT_CONTEXT('',#2,'mechanical');
#35 = PRODUCT_DEFINITION_CONTEXT('part definition',#2,'design');
#36 = ADVANCED_BREP_SHAPE_REPRESENTATION('',(#11,#37),#4987);
#37 = MANIFOLD_SOLID_BREP('',#38);
#38 = CLOSED_SHELL('',(#39,#103,#134,#158,#182,#364,#388,#412,#565,#585,
    #754,#779,#796,#820,#861,#886,#1085,#1109,#1126,#1165,#1206,#1223,
    #1247,#1281,#1314,#1353,#1377,#1409,#1488,#1512,#1584,#1601,#1618,
    #1643,#1668,#1709,#1726,#1743,#1760,#1777,#1794,#1843,#1867,#1891,
    #1915,#1939,#1963,#1987,#2011,#2035,#2059,#2083,#2227,#2244,#2256,
    #2280,#2495,#2528,#2553,#2577,#2601,#2625,#2649,#2673,#2697,#2721,
    #2745,#2769,#2786,#2803,#2815,#2841,#2858,#2909,#2921,#2937,#2954,
    #2965,#2981,#2998,#3009,#3029,#3049,#3066,#3083,#3110,#3132,#3165,
    #3221,#3245,#3301,#3332,#3344,#3375,#3399,#3423,#3440,#3471,#3495,
    #3519,#3536,#3560,#3584,#3615,#3639,#3663,#3687,#3727,#3751,#3775,
    #3806,#3823,#3856,#3880,#3904,#3944,#3968,#3992,#4016,#4040,#4065,
    #4082,#4099,#4117,#4292,#4309,#4355,#4373,#4385,#4397,#4409,#4426,
    #4444,#4487,#4518,#4542,#4566,#4583,#4614,#4638,#4662,#4679,#4710,
    #4734,#4758,#4775,#4806,#4830,#4854,#4871,#4893,#4910,#4927,#4939,
    #4951,#4963,#4975));
#39 = ADVANCED_FACE('',(#40),#98,.T.);
#40 = FACE_BOUND('',#41,.T.);
#41 = EDGE_LOOP('',(#42,#52,#60,#68,#76,#84,#92));
#42 = ORIENTED_EDGE('',*,*,#43,.F.);
#43 = EDGE_CURVE('',#44,#46,#48,.T.);
#44 = VERTEX_POINT('',#45);
#45 = CARTESIAN_POINT('',(9.,-23.,-1.45));
#46 = VERTEX_POINT('',#47);
#47 = CARTESIAN_POINT('',(9.,-23.,-1.5));
#48 = LINE('',#49,#50);
#49 = CARTESIAN_POINT('',(9.,-23.,0.));
#50 = VECTOR('',#51,1.);
#51 = DIRECTION('',(-0.,-0.,-1.));
#52 = ORIENTED_EDGE('',*,*,#53,.F.);
#53 = EDGE_CURVE('',#54,#44,#56,.T.);
#54 = VERTEX_POINT('',#55);
#55 = CARTESIAN_POINT('',(9.,-21.55,0.));
#56 = LINE('',#57,#58);
#57 = CARTESIAN_POINT('',(9.,-25.275,-3.725));
#58 = VECTOR('',#59,1.);
#59 = DIRECTION('',(0.,-0.707106781187,-0.707106781187));
#60 = ORIENTED_EDGE('',*,*,#61,.F.);
#61 = EDGE_CURVE('',#62,#54,#64,.T.);
#62 = VERTEX_POINT('',#63);
#63 = CARTESIAN_POINT('',(9.,-34.,-9.436895709314E-16));
#64 = LINE('',#65,#66);
#65 = CARTESIAN_POINT('',(9.,-25.35206120755,0.));
#66 = VECTOR('',#67,1.);
#67 = DIRECTION('',(0.,1.,0.));
#68 = ORIENTED_EDGE('',*,*,#69,.F.);
#69 = EDGE_CURVE('',#70,#62,#72,.T.);
#70 = VERTEX_POINT('',#71);
#71 = CARTESIAN_POINT('',(9.,-35.,-1.));
#72 = LINE('',#73,#74);
#73 = CARTESIAN_POINT('',(9.,-34.5,-0.5));
#74 = VECTOR('',#75,1.);
#75 = DIRECTION('',(0.,0.707106781187,0.707106781187));
#76 = ORIENTED_EDGE('',*,*,#77,.T.);
#77 = EDGE_CURVE('',#70,#78,#80,.T.);
#78 = VERTEX_POINT('',#79);
#79 = CARTESIAN_POINT('',(9.,-35.,-2.5));
#80 = LINE('',#81,#82);
#81 = CARTESIAN_POINT('',(9.,-35.,0.));
#82 = VECTOR('',#83,1.);
#83 = DIRECTION('',(-0.,-0.,-1.));
#84 = ORIENTED_EDGE('',*,*,#85,.T.);
#85 = EDGE_CURVE('',#78,#86,#88,.T.);
#86 = VERTEX_POINT('',#87);
#87 = CARTESIAN_POINT('',(9.,-34.,-1.5));
#88 = LINE('',#89,#90);
#89 = CARTESIAN_POINT('',(9.,-34.125,-1.625));
#90 = VECTOR('',#91,1.);
#91 = DIRECTION('',(0.,0.707106781187,0.707106781187));
#92 = ORIENTED_EDGE('',*,*,#93,.T.);
#93 = EDGE_CURVE('',#86,#46,#94,.T.);
#94 = LINE('',#95,#96);
#95 = CARTESIAN_POINT('',(9.,-35.,-1.5));
#96 = VECTOR('',#97,1.);
#97 = DIRECTION('',(0.,1.,0.));
#98 = PLANE('',#99);
#99 = AXIS2_PLACEMENT_3D('',#100,#101,#102);
#100 = CARTESIAN_POINT('',(9.,-35.,0.));
#101 = DIRECTION('',(1.,0.,0.));
#102 = DIRECTION('',(0.,1.,0.));
#103 = ADVANCED_FACE('',(#104),#129,.T.);
#104 = FACE_BOUND('',#105,.T.);
#105 = EDGE_LOOP('',(#106,#107,#115,#123));
#106 = ORIENTED_EDGE('',*,*,#43,.T.);
#107 = ORIENTED_EDGE('',*,*,#108,.T.);
#108 = EDGE_CURVE('',#46,#109,#111,.T.);
#109 = VERTEX_POINT('',#110);
#110 = CARTESIAN_POINT('',(6.,-23.,-1.5));
#111 = LINE('',#112,#113);
#112 = CARTESIAN_POINT('',(9.,-23.,-1.5));
#113 = VECTOR('',#114,1.);
#114 = DIRECTION('',(-1.,0.,0.));
#115 = ORIENTED_EDGE('',*,*,#116,.F.);
#116 = EDGE_CURVE('',#117,#109,#119,.T.);
#117 = VERTEX_POINT('',#118);
#118 = CARTESIAN_POINT('',(6.,-23.,-1.45));
#119 = LINE('',#120,#121);
#120 = CARTESIAN_POINT('',(6.,-23.,0.));
#121 = VECTOR('',#122,1.);
#122 = DIRECTION('',(-0.,-0.,-1.));
#123 = ORIENTED_EDGE('',*,*,#124,.F.);
#124 = EDGE_CURVE('',#44,#117,#125,.T.);
#125 = LINE('',#126,#127);
#126 = CARTESIAN_POINT('',(9.,-23.,-1.45));
#127 = VECTOR('',#128,1.);
#128 = DIRECTION('',(-1.,0.,0.));
#129 = PLANE('',#130);
#130 = AXIS2_PLACEMENT_3D('',#131,#132,#133);
#131 = CARTESIAN_POINT('',(9.,-23.,0.));
#132 = DIRECTION('',(0.,1.,0.));
#133 = DIRECTION('',(-1.,0.,0.));
#134 = ADVANCED_FACE('',(#135),#153,.T.);
#135 = FACE_BOUND('',#136,.F.);
#136 = EDGE_LOOP('',(#137,#138,#146,#152));
#137 = ORIENTED_EDGE('',*,*,#53,.F.);
#138 = ORIENTED_EDGE('',*,*,#139,.T.);
#139 = EDGE_CURVE('',#54,#140,#142,.T.);
#140 = VERTEX_POINT('',#141);
#141 = CARTESIAN_POINT('',(6.,-21.55,0.));
#142 = LINE('',#143,#144);
#143 = CARTESIAN_POINT('',(9.,-21.55,0.));
#144 = VECTOR('',#145,1.);
#145 = DIRECTION('',(-1.,0.,0.));
#146 = ORIENTED_EDGE('',*,*,#147,.T.);
#147 = EDGE_CURVE('',#140,#117,#148,.T.);
#148 = LINE('',#149,#150);
#149 = CARTESIAN_POINT('',(6.,-22.275,-0.725));
#150 = VECTOR('',#151,1.);
#151 = DIRECTION('',(-0.,-0.707106781187,-0.707106781187));
#152 = ORIENTED_EDGE('',*,*,#124,.F.);
#153 = PLANE('',#154);
#154 = AXIS2_PLACEMENT_3D('',#155,#156,#157);
#155 = CARTESIAN_POINT('',(9.,-22.275,-0.725));
#156 = DIRECTION('',(0.,0.707106781187,-0.707106781187));
#157 = DIRECTION('',(1.,0.,0.));
#158 = ADVANCED_FACE('',(#159),#177,.F.);
#159 = FACE_BOUND('',#160,.F.);
#160 = EDGE_LOOP('',(#161,#162,#163,#171));
#161 = ORIENTED_EDGE('',*,*,#93,.T.);
#162 = ORIENTED_EDGE('',*,*,#108,.T.);
#163 = ORIENTED_EDGE('',*,*,#164,.T.);
#164 = EDGE_CURVE('',#109,#165,#167,.T.);
#165 = VERTEX_POINT('',#166);
#166 = CARTESIAN_POINT('',(6.,-34.,-1.5));
#167 = LINE('',#168,#169);
#168 = CARTESIAN_POINT('',(6.,-23.,-1.5));
#169 = VECTOR('',#170,1.);
#170 = DIRECTION('',(0.,-1.,0.));
#171 = ORIENTED_EDGE('',*,*,#172,.T.);
#172 = EDGE_CURVE('',#165,#86,#173,.T.);
#173 = LINE('',#174,#175);
#174 = CARTESIAN_POINT('',(6.,-34.,-1.5));
#175 = VECTOR('',#176,1.);
#176 = DIRECTION('',(1.,0.,0.));
#177 = PLANE('',#178);
#178 = AXIS2_PLACEMENT_3D('',#179,#180,#181);
#179 = CARTESIAN_POINT('',(0.,-29.,-1.5));
#180 = DIRECTION('',(0.,0.,1.));
#181 = DIRECTION('',(1.,0.,0.));
#182 = ADVANCED_FACE('',(#183,#315),#359,.F.);
#183 = FACE_BOUND('',#184,.F.);
#184 = EDGE_LOOP('',(#185,#186,#194,#202,#211,#219,#228,#236,#244,#252,
    #260,#268,#276,#284,#292,#300,#308,#314));
#185 = ORIENTED_EDGE('',*,*,#61,.F.);
#186 = ORIENTED_EDGE('',*,*,#187,.F.);
#187 = EDGE_CURVE('',#188,#62,#190,.T.);
#188 = VERTEX_POINT('',#189);
#189 = CARTESIAN_POINT('',(20.,-34.,-9.436895709314E-16));
#190 = LINE('',#191,#192);
#191 = CARTESIAN_POINT('',(20.,-34.,0.));
#192 = VECTOR('',#193,1.);
#193 = DIRECTION('',(-1.,0.,0.));
#194 = ORIENTED_EDGE('',*,*,#195,.T.);
#195 = EDGE_CURVE('',#188,#196,#198,.T.);
#196 = VERTEX_POINT('',#197);
#197 = CARTESIAN_POINT('',(20.,-2.3,0.));
#198 = LINE('',#199,#200);
#199 = CARTESIAN_POINT('',(20.,-42.,0.));
#200 = VECTOR('',#201,1.);
#201 = DIRECTION('',(0.,1.,0.));
#202 = ORIENTED_EDGE('',*,*,#203,.T.);
#203 = EDGE_CURVE('',#196,#204,#206,.T.);
#204 = VERTEX_POINT('',#205);
#205 = CARTESIAN_POINT('',(0.8,16.9,0.));
#206 = CIRCLE('',#207,19.2);
#207 = AXIS2_PLACEMENT_3D('',#208,#209,#210);
#208 = CARTESIAN_POINT('',(0.8,-2.3,0.));
#209 = DIRECTION('',(0.,0.,1.));
#210 = DIRECTION('',(1.,0.,0.));
#211 = ORIENTED_EDGE('',*,*,#212,.T.);
#212 = EDGE_CURVE('',#204,#213,#215,.T.);
#213 = VERTEX_POINT('',#214);
#214 = CARTESIAN_POINT('',(-0.8,16.9,0.));
#215 = LINE('',#216,#217);
#216 = CARTESIAN_POINT('',(0.8,16.9,0.));
#217 = VECTOR('',#218,1.);
#218 = DIRECTION('',(-1.,0.,0.));
#219 = ORIENTED_EDGE('',*,*,#220,.T.);
#220 = EDGE_CURVE('',#213,#221,#223,.T.);
#221 = VERTEX_POINT('',#222);
#222 = CARTESIAN_POINT('',(-20.,-2.3,0.));
#223 = CIRCLE('',#224,19.2);
#224 = AXIS2_PLACEMENT_3D('',#225,#226,#227);
#225 = CARTESIAN_POINT('',(-0.8,-2.3,0.));
#226 = DIRECTION('',(0.,0.,1.));
#227 = DIRECTION('',(1.,0.,0.));
#228 = ORIENTED_EDGE('',*,*,#229,.T.);
#229 = EDGE_CURVE('',#221,#230,#232,.T.);
#230 = VERTEX_POINT('',#231);
#231 = CARTESIAN_POINT('',(-20.,-34.,-9.436895709314E-16));
#232 = LINE('',#233,#234);
#233 = CARTESIAN_POINT('',(-20.,-2.3,0.));
#234 = VECTOR('',#235,1.);
#235 = DIRECTION('',(0.,-1.,0.));
#236 = ORIENTED_EDGE('',*,*,#237,.F.);
#237 = EDGE_CURVE('',#238,#230,#240,.T.);
#238 = VERTEX_POINT('',#239);
#239 = CARTESIAN_POINT('',(-9.,-34.,-9.436895709314E-16));
#240 = LINE('',#241,#242);
#241 = CARTESIAN_POINT('',(-9.,-34.,0.));
#242 = VECTOR('',#243,1.);
#243 = DIRECTION('',(-1.,0.,0.));
#244 = ORIENTED_EDGE('',*,*,#245,.T.);
#245 = EDGE_CURVE('',#238,#246,#248,.T.);
#246 = VERTEX_POINT('',#247);
#247 = CARTESIAN_POINT('',(-9.,-21.55,0.));
#248 = LINE('',#249,#250);
#249 = CARTESIAN_POINT('',(-9.,-19.35206120755,0.));
#250 = VECTOR('',#251,1.);
#251 = DIRECTION('',(0.,1.,0.));
#252 = ORIENTED_EDGE('',*,*,#253,.F.);
#253 = EDGE_CURVE('',#254,#246,#256,.T.);
#254 = VERTEX_POINT('',#255);
#255 = CARTESIAN_POINT('',(-6.,-21.55,0.));
#256 = LINE('',#257,#258);
#257 = CARTESIAN_POINT('',(-6.,-21.55,0.));
#258 = VECTOR('',#259,1.);
#259 = DIRECTION('',(-1.,0.,0.));
#260 = ORIENTED_EDGE('',*,*,#261,.F.);
#261 = EDGE_CURVE('',#262,#254,#264,.T.);
#262 = VERTEX_POINT('',#263);
#263 = CARTESIAN_POINT('',(-6.,-34.,-9.436895709314E-16));
#264 = LINE('',#265,#266);
#265 = CARTESIAN_POINT('',(-6.,-35.,0.));
#266 = VECTOR('',#267,1.);
#267 = DIRECTION('',(0.,1.,0.));
#268 = ORIENTED_EDGE('',*,*,#269,.F.);
#269 = EDGE_CURVE('',#270,#262,#272,.T.);
#270 = VERTEX_POINT('',#271);
#271 = CARTESIAN_POINT('',(-1.5,-34.,-9.436895709314E-16));
#272 = LINE('',#273,#274);
#273 = CARTESIAN_POINT('',(-1.5,-34.,0.));
#274 = VECTOR('',#275,1.);
#275 = DIRECTION('',(-1.,0.,0.));
#276 = ORIENTED_EDGE('',*,*,#277,.T.);
#277 = EDGE_CURVE('',#270,#278,#280,.T.);
#278 = VERTEX_POINT('',#279);
#279 = CARTESIAN_POINT('',(-1.5,-21.55,0.));
#280 = LINE('',#281,#282);
#281 = CARTESIAN_POINT('',(-1.5,-19.35206120755,0.));
#282 = VECTOR('',#283,1.);
#283 = DIRECTION('',(0.,1.,0.));
#284 = ORIENTED_EDGE('',*,*,#285,.F.);
#285 = EDGE_CURVE('',#286,#278,#288,.T.);
#286 = VERTEX_POINT('',#287);
#287 = CARTESIAN_POINT('',(1.5,-21.55,0.));
#288 = LINE('',#289,#290);
#289 = CARTESIAN_POINT('',(1.5,-21.55,0.));
#290 = VECTOR('',#291,1.);
#291 = DIRECTION('',(-1.,0.,0.));
#292 = ORIENTED_EDGE('',*,*,#293,.F.);
#293 = EDGE_CURVE('',#294,#286,#296,.T.);
#294 = VERTEX_POINT('',#295);
#295 = CARTESIAN_POINT('',(1.5,-34.,-9.436895709314E-16));
#296 = LINE('',#297,#298);
#297 = CARTESIAN_POINT('',(1.5,-35.,0.));
#298 = VECTOR('',#299,1.);
#299 = DIRECTION('',(0.,1.,0.));
#300 = ORIENTED_EDGE('',*,*,#301,.F.);
#301 = EDGE_CURVE('',#302,#294,#304,.T.);
#302 = VERTEX_POINT('',#303);
#303 = CARTESIAN_POINT('',(6.,-34.,-9.436895709314E-16));
#304 = LINE('',#305,#306);
#305 = CARTESIAN_POINT('',(6.,-34.,0.));
#306 = VECTOR('',#307,1.);
#307 = DIRECTION('',(-1.,0.,0.));
#308 = ORIENTED_EDGE('',*,*,#309,.T.);
#309 = EDGE_CURVE('',#302,#140,#310,.T.);
#310 = LINE('',#311,#312);
#311 = CARTESIAN_POINT('',(6.,-19.35206120755,0.));
#312 = VECTOR('',#313,1.);
#313 = DIRECTION('',(0.,1.,0.));
#314 = ORIENTED_EDGE('',*,*,#139,.F.);
#315 = FACE_BOUND('',#316,.F.);
#316 = EDGE_LOOP('',(#317,#328,#337,#345,#353));
#317 = ORIENTED_EDGE('',*,*,#318,.F.);
#318 = EDGE_CURVE('',#319,#321,#323,.T.);
#319 = VERTEX_POINT('',#320);
#320 = CARTESIAN_POINT('',(13.9,-3.3677500899E-33,0.));
#321 = VERTEX_POINT('',#322);
#322 = CARTESIAN_POINT('',(-0.241563091153,-13.89790082253,0.));
#323 = CIRCLE('',#324,13.9);
#324 = AXIS2_PLACEMENT_3D('',#325,#326,#327);
#325 = CARTESIAN_POINT('',(2.390288366635E-33,-3.3677500899E-33,0.));
#326 = DIRECTION('',(0.,0.,1.));
#327 = DIRECTION('',(1.,0.,0.));
#328 = ORIENTED_EDGE('',*,*,#329,.F.);
#329 = EDGE_CURVE('',#330,#319,#332,.T.);
#330 = VERTEX_POINT('',#331);
#331 = CARTESIAN_POINT('',(0.458436908847,-13.89243807258,0.));
#332 = CIRCLE('',#333,13.9);
#333 = AXIS2_PLACEMENT_3D('',#334,#335,#336);
#334 = CARTESIAN_POINT('',(2.390288366635E-33,-3.3677500899E-33,0.));
#335 = DIRECTION('',(0.,0.,1.));
#336 = DIRECTION('',(1.,0.,0.));
#337 = ORIENTED_EDGE('',*,*,#338,.F.);
#338 = EDGE_CURVE('',#339,#330,#341,.T.);
#339 = VERTEX_POINT('',#340);
#340 = CARTESIAN_POINT('',(0.458436908847,-19.066914,0.));
#341 = LINE('',#342,#343);
#342 = CARTESIAN_POINT('',(0.458436908847,-13.83551820755,0.));
#343 = VECTOR('',#344,1.);
#344 = DIRECTION('',(0.,1.,0.));
#345 = ORIENTED_EDGE('',*,*,#346,.T.);
#346 = EDGE_CURVE('',#339,#347,#349,.T.);
#347 = VERTEX_POINT('',#348);
#348 = CARTESIAN_POINT('',(-0.241563091153,-19.066914,0.));
#349 = LINE('',#350,#351);
#350 = CARTESIAN_POINT('',(-0.120781545576,-19.066914,0.));
#351 = VECTOR('',#352,1.);
#352 = DIRECTION('',(-1.,0.,0.));
#353 = ORIENTED_EDGE('',*,*,#354,.T.);
#354 = EDGE_CURVE('',#347,#321,#355,.T.);
#355 = LINE('',#356,#357);
#356 = CARTESIAN_POINT('',(-0.241563091153,-13.83551820755,0.));
#357 = VECTOR('',#358,1.);
#358 = DIRECTION('',(0.,1.,0.));
#359 = PLANE('',#360);
#360 = AXIS2_PLACEMENT_3D('',#361,#362,#363);
#361 = CARTESIAN_POINT('',(1.258768054721E-15,-15.7041224151,0.));
#362 = DIRECTION('',(0.,0.,1.));
#363 = DIRECTION('',(1.,0.,0.));
#364 = ADVANCED_FACE('',(#365),#383,.T.);
#365 = FACE_BOUND('',#366,.F.);
#366 = EDGE_LOOP('',(#367,#375,#381,#382));
#367 = ORIENTED_EDGE('',*,*,#368,.F.);
#368 = EDGE_CURVE('',#369,#165,#371,.T.);
#369 = VERTEX_POINT('',#370);
#370 = CARTESIAN_POINT('',(6.,-35.,-2.5));
#371 = LINE('',#372,#373);
#372 = CARTESIAN_POINT('',(6.,-31.125,1.375));
#373 = VECTOR('',#374,1.);
#374 = DIRECTION('',(0.,0.707106781187,0.707106781187));
#375 = ORIENTED_EDGE('',*,*,#376,.T.);
#376 = EDGE_CURVE('',#369,#78,#377,.T.);
#377 = LINE('',#378,#379);
#378 = CARTESIAN_POINT('',(6.,-35.,-2.5));
#379 = VECTOR('',#380,1.);
#380 = DIRECTION('',(1.,0.,0.));
#381 = ORIENTED_EDGE('',*,*,#85,.T.);
#382 = ORIENTED_EDGE('',*,*,#172,.F.);
#383 = PLANE('',#384);
#384 = AXIS2_PLACEMENT_3D('',#385,#386,#387);
#385 = CARTESIAN_POINT('',(6.,-34.5,-2.));
#386 = DIRECTION('',(0.,0.707106781187,-0.707106781187));
#387 = DIRECTION('',(-1.,-0.,-0.));
#388 = ADVANCED_FACE('',(#389),#407,.T.);
#389 = FACE_BOUND('',#390,.T.);
#390 = EDGE_LOOP('',(#391,#399,#405,#406));
#391 = ORIENTED_EDGE('',*,*,#392,.F.);
#392 = EDGE_CURVE('',#393,#188,#395,.T.);
#393 = VERTEX_POINT('',#394);
#394 = CARTESIAN_POINT('',(20.,-35.,-1.));
#395 = LINE('',#396,#397);
#396 = CARTESIAN_POINT('',(20.,-33.9125,8.75E-02));
#397 = VECTOR('',#398,1.);
#398 = DIRECTION('',(0.,0.707106781187,0.707106781187));
#399 = ORIENTED_EDGE('',*,*,#400,.T.);
#400 = EDGE_CURVE('',#393,#70,#401,.T.);
#401 = LINE('',#402,#403);
#402 = CARTESIAN_POINT('',(20.,-35.,-1.));
#403 = VECTOR('',#404,1.);
#404 = DIRECTION('',(-1.,0.,0.));
#405 = ORIENTED_EDGE('',*,*,#69,.T.);
#406 = ORIENTED_EDGE('',*,*,#187,.F.);
#407 = PLANE('',#408);
#408 = AXIS2_PLACEMENT_3D('',#409,#410,#411);
#409 = CARTESIAN_POINT('',(20.,-34.5,-0.5));
#410 = DIRECTION('',(0.,0.707106781187,-0.707106781187));
#411 = DIRECTION('',(-1.,0.,0.));
#412 = ADVANCED_FACE('',(#413,#538,#549),#560,.T.);
#413 = FACE_BOUND('',#414,.T.);
#414 = EDGE_LOOP('',(#415,#423,#432,#440,#449,#457,#465,#473,#481,#489,
    #497,#505,#513,#521,#529,#535,#536,#537));
#415 = ORIENTED_EDGE('',*,*,#416,.F.);
#416 = EDGE_CURVE('',#417,#393,#419,.T.);
#417 = VERTEX_POINT('',#418);
#418 = CARTESIAN_POINT('',(20.,-35.,-25.));
#419 = LINE('',#420,#421);
#420 = CARTESIAN_POINT('',(20.,-35.,-25.));
#421 = VECTOR('',#422,1.);
#422 = DIRECTION('',(0.,2.22044604925E-16,1.));
#423 = ORIENTED_EDGE('',*,*,#424,.F.);
#424 = EDGE_CURVE('',#425,#417,#427,.T.);
#425 = VERTEX_POINT('',#426);
#426 = CARTESIAN_POINT('',(12.,-35.,-25.));
#427 = CIRCLE('',#428,4.);
#428 = AXIS2_PLACEMENT_3D('',#429,#430,#431);
#429 = CARTESIAN_POINT('',(16.,-35.,-25.));
#430 = DIRECTION('',(0.,-1.,2.22044604925E-16));
#431 = DIRECTION('',(1.,0.,0.));
#432 = ORIENTED_EDGE('',*,*,#433,.F.);
#433 = EDGE_CURVE('',#434,#425,#436,.T.);
#434 = VERTEX_POINT('',#435);
#435 = CARTESIAN_POINT('',(-12.,-35.,-25.));
#436 = LINE('',#437,#438);
#437 = CARTESIAN_POINT('',(-12.,-35.,-25.));
#438 = VECTOR('',#439,1.);
#439 = DIRECTION('',(1.,0.,0.));
#440 = ORIENTED_EDGE('',*,*,#441,.F.);
#441 = EDGE_CURVE('',#442,#434,#444,.T.);
#442 = VERTEX_POINT('',#443);
#443 = CARTESIAN_POINT('',(-20.,-35.,-25.));
#444 = CIRCLE('',#445,4.);
#445 = AXIS2_PLACEMENT_3D('',#446,#447,#448);
#446 = CARTESIAN_POINT('',(-16.,-35.,-25.));
#447 = DIRECTION('',(0.,-1.,2.22044604925E-16));
#448 = DIRECTION('',(1.,0.,0.));
#449 = ORIENTED_EDGE('',*,*,#450,.T.);
#450 = EDGE_CURVE('',#442,#451,#453,.T.);
#451 = VERTEX_POINT('',#452);
#452 = CARTESIAN_POINT('',(-20.,-35.,-1.));
#453 = LINE('',#454,#455);
#454 = CARTESIAN_POINT('',(-20.,-35.,-25.));
#455 = VECTOR('',#456,1.);
#456 = DIRECTION('',(0.,2.22044604925E-16,1.));
#457 = ORIENTED_EDGE('',*,*,#458,.F.);
#458 = EDGE_CURVE('',#459,#451,#461,.T.);
#459 = VERTEX_POINT('',#460);
#460 = CARTESIAN_POINT('',(-9.,-35.,-1.));
#461 = LINE('',#462,#463);
#462 = CARTESIAN_POINT('',(-9.,-35.,-1.));
#463 = VECTOR('',#464,1.);
#464 = DIRECTION('',(-1.,0.,0.));
#465 = ORIENTED_EDGE('',*,*,#466,.T.);
#466 = EDGE_CURVE('',#459,#467,#469,.T.);
#467 = VERTEX_POINT('',#468);
#468 = CARTESIAN_POINT('',(-9.,-35.,-2.5));
#469 = LINE('',#470,#471);
#470 = CARTESIAN_POINT('',(-9.,-35.,0.));
#471 = VECTOR('',#472,1.);
#472 = DIRECTION('',(-0.,-0.,-1.));
#473 = ORIENTED_EDGE('',*,*,#474,.T.);
#474 = EDGE_CURVE('',#467,#475,#477,.T.);
#475 = VERTEX_POINT('',#476);
#476 = CARTESIAN_POINT('',(-6.,-35.,-2.5));
#477 = LINE('',#478,#479);
#478 = CARTESIAN_POINT('',(-9.,-35.,-2.5));
#479 = VECTOR('',#480,1.);
#480 = DIRECTION('',(1.,0.,0.));
#481 = ORIENTED_EDGE('',*,*,#482,.F.);
#482 = EDGE_CURVE('',#483,#475,#485,.T.);
#483 = VERTEX_POINT('',#484);
#484 = CARTESIAN_POINT('',(-6.,-35.,-1.));
#485 = LINE('',#486,#487);
#486 = CARTESIAN_POINT('',(-6.,-35.,-6.518317541608));
#487 = VECTOR('',#488,1.);
#488 = DIRECTION('',(0.,-2.388739962631E-16,-1.));
#489 = ORIENTED_EDGE('',*,*,#490,.F.);
#490 = EDGE_CURVE('',#491,#483,#493,.T.);
#491 = VERTEX_POINT('',#492);
#492 = CARTESIAN_POINT('',(-1.5,-35.,-1.));
#493 = LINE('',#494,#495);
#494 = CARTESIAN_POINT('',(-1.5,-35.,-1.));
#495 = VECTOR('',#496,1.);
#496 = DIRECTION('',(-1.,0.,0.));
#497 = ORIENTED_EDGE('',*,*,#498,.T.);
#498 = EDGE_CURVE('',#491,#499,#501,.T.);
#499 = VERTEX_POINT('',#500);
#500 = CARTESIAN_POINT('',(-1.5,-35.,-2.5));
#501 = LINE('',#502,#503);
#502 = CARTESIAN_POINT('',(-1.5,-35.,0.));
#503 = VECTOR('',#504,1.);
#504 = DIRECTION('',(-0.,-0.,-1.));
#505 = ORIENTED_EDGE('',*,*,#506,.T.);
#506 = EDGE_CURVE('',#499,#507,#509,.T.);
#507 = VERTEX_POINT('',#508);
#508 = CARTESIAN_POINT('',(1.5,-35.,-2.5));
#509 = LINE('',#510,#511);
#510 = CARTESIAN_POINT('',(-1.5,-35.,-2.5));
#511 = VECTOR('',#512,1.);
#512 = DIRECTION('',(1.,0.,0.));
#513 = ORIENTED_EDGE('',*,*,#514,.F.);
#514 = EDGE_CURVE('',#515,#507,#517,.T.);
#515 = VERTEX_POINT('',#516);
#516 = CARTESIAN_POINT('',(1.5,-35.,-1.));
#517 = LINE('',#518,#519);
#518 = CARTESIAN_POINT('',(1.5,-35.,-6.518317541608));
#519 = VECTOR('',#520,1.);
#520 = DIRECTION('',(0.,-2.388739962631E-16,-1.));
#521 = ORIENTED_EDGE('',*,*,#522,.F.);
#522 = EDGE_CURVE('',#523,#515,#525,.T.);
#523 = VERTEX_POINT('',#524);
#524 = CARTESIAN_POINT('',(6.,-35.,-1.));
#525 = LINE('',#526,#527);
#526 = CARTESIAN_POINT('',(6.,-35.,-1.));
#527 = VECTOR('',#528,1.);
#528 = DIRECTION('',(-1.,0.,0.));
#529 = ORIENTED_EDGE('',*,*,#530,.T.);
#530 = EDGE_CURVE('',#523,#369,#531,.T.);
#531 = LINE('',#532,#533);
#532 = CARTESIAN_POINT('',(6.,-35.,0.));
#533 = VECTOR('',#534,1.);
#534 = DIRECTION('',(-0.,-0.,-1.));
#535 = ORIENTED_EDGE('',*,*,#376,.T.);
#536 = ORIENTED_EDGE('',*,*,#77,.F.);
#537 = ORIENTED_EDGE('',*,*,#400,.F.);
#538 = FACE_BOUND('',#539,.T.);
#539 = EDGE_LOOP('',(#540));
#540 = ORIENTED_EDGE('',*,*,#541,.F.);
#541 = EDGE_CURVE('',#542,#542,#544,.T.);
#542 = VERTEX_POINT('',#543);
#543 = CARTESIAN_POINT('',(-18.95,-35.,-25.));
#544 = CIRCLE('',#545,2.95);
#545 = AXIS2_PLACEMENT_3D('',#546,#547,#548);
#546 = CARTESIAN_POINT('',(-16.,-35.,-25.));
#547 = DIRECTION('',(0.,1.,-2.22044604925E-16));
#548 = DIRECTION('',(-1.,0.,0.));
#549 = FACE_BOUND('',#550,.T.);
#550 = EDGE_LOOP('',(#551));
#551 = ORIENTED_EDGE('',*,*,#552,.F.);
#552 = EDGE_CURVE('',#553,#553,#555,.T.);
#553 = VERTEX_POINT('',#554);
#554 = CARTESIAN_POINT('',(13.05,-35.,-25.));
#555 = CIRCLE('',#556,2.95);
#556 = AXIS2_PLACEMENT_3D('',#557,#558,#559);
#557 = CARTESIAN_POINT('',(16.,-35.,-25.));
#558 = DIRECTION('',(0.,1.,-2.22044604925E-16));
#559 = DIRECTION('',(-1.,0.,0.));
#560 = PLANE('',#561);
#561 = AXIS2_PLACEMENT_3D('',#562,#563,#564);
#562 = CARTESIAN_POINT('',(-1.529198139337E-16,-35.,-13.03663508321));
#563 = DIRECTION('',(0.,1.,-2.388739962631E-16));
#564 = DIRECTION('',(0.,2.388739962631E-16,1.));
#565 = ADVANCED_FACE('',(#566),#580,.T.);
#566 = FACE_BOUND('',#567,.T.);
#567 = EDGE_LOOP('',(#568,#569,#570,#571,#572,#578,#579));
#568 = ORIENTED_EDGE('',*,*,#116,.T.);
#569 = ORIENTED_EDGE('',*,*,#164,.T.);
#570 = ORIENTED_EDGE('',*,*,#368,.F.);
#571 = ORIENTED_EDGE('',*,*,#530,.F.);
#572 = ORIENTED_EDGE('',*,*,#573,.T.);
#573 = EDGE_CURVE('',#523,#302,#574,.T.);
#574 = LINE('',#575,#576);
#575 = CARTESIAN_POINT('',(6.,-31.5,2.5));
#576 = VECTOR('',#577,1.);
#577 = DIRECTION('',(0.,0.707106781187,0.707106781187));
#578 = ORIENTED_EDGE('',*,*,#309,.T.);
#579 = ORIENTED_EDGE('',*,*,#147,.T.);
#580 = PLANE('',#581);
#581 = AXIS2_PLACEMENT_3D('',#582,#583,#584);
#582 = CARTESIAN_POINT('',(6.,-23.,0.));
#583 = DIRECTION('',(-1.,0.,0.));
#584 = DIRECTION('',(0.,-1.,0.));
#585 = ADVANCED_FACE('',(#586),#749,.T.);
#586 = FACE_BOUND('',#587,.T.);
#587 = EDGE_LOOP('',(#588,#589,#590,#591,#599,#607,#615,#623,#631,#639,
    #647,#655,#663,#671,#679,#687,#695,#703,#711,#719,#727,#735,#743));
#588 = ORIENTED_EDGE('',*,*,#416,.T.);
#589 = ORIENTED_EDGE('',*,*,#392,.T.);
#590 = ORIENTED_EDGE('',*,*,#195,.T.);
#591 = ORIENTED_EDGE('',*,*,#592,.T.);
#592 = EDGE_CURVE('',#196,#593,#595,.T.);
#593 = VERTEX_POINT('',#594);
#594 = CARTESIAN_POINT('',(20.,-2.3,4.));
#595 = LINE('',#596,#597);
#596 = CARTESIAN_POINT('',(20.,-2.3,0.));
#597 = VECTOR('',#598,1.);
#598 = DIRECTION('',(0.,0.,1.));
#599 = ORIENTED_EDGE('',*,*,#600,.F.);
#600 = EDGE_CURVE('',#601,#593,#603,.T.);
#601 = VERTEX_POINT('',#602);
#602 = CARTESIAN_POINT('',(20.,-39.,4.));
#603 = LINE('',#604,#605);
#604 = CARTESIAN_POINT('',(20.,-42.,4.));
#605 = VECTOR('',#606,1.);
#606 = DIRECTION('',(0.,1.,0.));
#607 = ORIENTED_EDGE('',*,*,#608,.T.);
#608 = EDGE_CURVE('',#601,#609,#611,.T.);
#609 = VERTEX_POINT('',#610);
#610 = CARTESIAN_POINT('',(20.,-39.,3.));
#611 = LINE('',#612,#613);
#612 = CARTESIAN_POINT('',(20.,-39.,4.));
#613 = VECTOR('',#614,1.);
#614 = DIRECTION('',(0.,0.,-1.));
#615 = ORIENTED_EDGE('',*,*,#616,.T.);
#616 = EDGE_CURVE('',#609,#617,#619,.T.);
#617 = VERTEX_POINT('',#618);
#618 = CARTESIAN_POINT('',(20.,-40.,3.));
#619 = LINE('',#620,#621);
#620 = CARTESIAN_POINT('',(20.,-39.,3.));
#621 = VECTOR('',#622,1.);
#622 = DIRECTION('',(0.,-1.,0.));
#623 = ORIENTED_EDGE('',*,*,#624,.T.);
#624 = EDGE_CURVE('',#617,#625,#627,.T.);
#625 = VERTEX_POINT('',#626);
#626 = CARTESIAN_POINT('',(20.,-40.,4.));
#627 = LINE('',#628,#629);
#628 = CARTESIAN_POINT('',(20.,-40.,3.));
#629 = VECTOR('',#630,1.);
#630 = DIRECTION('',(0.,0.,1.));
#631 = ORIENTED_EDGE('',*,*,#632,.F.);
#632 = EDGE_CURVE('',#633,#625,#635,.T.);
#633 = VERTEX_POINT('',#634);
#634 = CARTESIAN_POINT('',(20.,-42.,4.));
#635 = LINE('',#636,#637);
#636 = CARTESIAN_POINT('',(20.,-42.,4.));
#637 = VECTOR('',#638,1.);
#638 = DIRECTION('',(0.,1.,0.));
#639 = ORIENTED_EDGE('',*,*,#640,.F.);
#640 = EDGE_CURVE('',#641,#633,#643,.T.);
#641 = VERTEX_POINT('',#642);
#642 = CARTESIAN_POINT('',(20.,-42.,1.043891789502E-14));
#643 = LINE('',#644,#645);
#644 = CARTESIAN_POINT('',(20.,-42.,0.));
#645 = VECTOR('',#646,1.);
#646 = DIRECTION('',(0.,0.,1.));
#647 = ORIENTED_EDGE('',*,*,#648,.T.);
#648 = EDGE_CURVE('',#641,#649,#651,.T.);
#649 = VERTEX_POINT('',#650);
#650 = CARTESIAN_POINT('',(20.,-38.5,9.660351046012E-15));
#651 = LINE('',#652,#653);
#652 = CARTESIAN_POINT('',(20.,-42.,1.043891789502E-14));
#653 = VECTOR('',#654,1.);
#654 = DIRECTION('',(0.,1.,-2.22044604925E-16));
#655 = ORIENTED_EDGE('',*,*,#656,.F.);
#656 = EDGE_CURVE('',#657,#649,#659,.T.);
#657 = VERTEX_POINT('',#658);
#658 = CARTESIAN_POINT('',(20.,-38.5,0.5));
#659 = LINE('',#660,#661);
#660 = CARTESIAN_POINT('',(20.,-38.5,0.5));
#661 = VECTOR('',#662,1.);
#662 = DIRECTION('',(0.,0.,-1.));
#663 = ORIENTED_EDGE('',*,*,#664,.F.);
#664 = EDGE_CURVE('',#665,#657,#667,.T.);
#665 = VERTEX_POINT('',#666);
#666 = CARTESIAN_POINT('',(20.,-36.9,0.5));
#667 = LINE('',#668,#669);
#668 = CARTESIAN_POINT('',(20.,-36.9,0.5));
#669 = VECTOR('',#670,1.);
#670 = DIRECTION('',(0.,-1.,0.));
#671 = ORIENTED_EDGE('',*,*,#672,.F.);
#672 = EDGE_CURVE('',#673,#665,#675,.T.);
#673 = VERTEX_POINT('',#674);
#674 = CARTESIAN_POINT('',(20.,-36.9,9.982315723153E-15));
#675 = LINE('',#676,#677);
#676 = CARTESIAN_POINT('',(20.,-36.9,-17.5));
#677 = VECTOR('',#678,1.);
#678 = DIRECTION('',(0.,0.,1.));
#679 = ORIENTED_EDGE('',*,*,#680,.T.);
#680 = EDGE_CURVE('',#673,#681,#683,.T.);
#681 = VERTEX_POINT('',#682);
#682 = CARTESIAN_POINT('',(20.,-36.5,9.217672567935E-15));
#683 = LINE('',#684,#685);
#684 = CARTESIAN_POINT('',(20.,-42.,1.043891789502E-14));
#685 = VECTOR('',#686,1.);
#686 = DIRECTION('',(0.,1.,-2.22044604925E-16));
#687 = ORIENTED_EDGE('',*,*,#688,.F.);
#688 = EDGE_CURVE('',#689,#681,#691,.T.);
#689 = VERTEX_POINT('',#690);
#690 = CARTESIAN_POINT('',(20.,-36.5,-17.));
#691 = LINE('',#692,#693);
#692 = CARTESIAN_POINT('',(20.,-36.5,-17.));
#693 = VECTOR('',#694,1.);
#694 = DIRECTION('',(0.,2.22044604925E-16,1.));
#695 = ORIENTED_EDGE('',*,*,#696,.F.);
#696 = EDGE_CURVE('',#697,#689,#699,.T.);
#697 = VERTEX_POINT('',#698);
#698 = CARTESIAN_POINT('',(20.,-36.9,-17.));
#699 = LINE('',#700,#701);
#700 = CARTESIAN_POINT('',(20.,-42.,-17.));
#701 = VECTOR('',#702,1.);
#702 = DIRECTION('',(0.,1.,-2.22044604925E-16));
#703 = ORIENTED_EDGE('',*,*,#704,.F.);
#704 = EDGE_CURVE('',#705,#697,#707,.T.);
#705 = VERTEX_POINT('',#706);
#706 = CARTESIAN_POINT('',(20.,-36.9,-17.5));
#707 = LINE('',#708,#709);
#708 = CARTESIAN_POINT('',(20.,-36.9,-17.5));
#709 = VECTOR('',#710,1.);
#710 = DIRECTION('',(0.,0.,1.));
#711 = ORIENTED_EDGE('',*,*,#712,.F.);
#712 = EDGE_CURVE('',#713,#705,#715,.T.);
#713 = VERTEX_POINT('',#714);
#714 = CARTESIAN_POINT('',(20.,-38.5,-17.5));
#715 = LINE('',#716,#717);
#716 = CARTESIAN_POINT('',(20.,-38.5,-17.5));
#717 = VECTOR('',#718,1.);
#718 = DIRECTION('',(0.,1.,0.));
#719 = ORIENTED_EDGE('',*,*,#720,.F.);
#720 = EDGE_CURVE('',#721,#713,#723,.T.);
#721 = VERTEX_POINT('',#722);
#722 = CARTESIAN_POINT('',(20.,-38.5,-17.));
#723 = LINE('',#724,#725);
#724 = CARTESIAN_POINT('',(20.,-38.5,0.5));
#725 = VECTOR('',#726,1.);
#726 = DIRECTION('',(0.,0.,-1.));
#727 = ORIENTED_EDGE('',*,*,#728,.F.);
#728 = EDGE_CURVE('',#729,#721,#731,.T.);
#729 = VERTEX_POINT('',#730);
#730 = CARTESIAN_POINT('',(20.,-42.,-17.));
#731 = LINE('',#732,#733);
#732 = CARTESIAN_POINT('',(20.,-42.,-17.));
#733 = VECTOR('',#734,1.);
#734 = DIRECTION('',(0.,1.,-2.22044604925E-16));
#735 = ORIENTED_EDGE('',*,*,#736,.F.);
#736 = EDGE_CURVE('',#737,#729,#739,.T.);
#737 = VERTEX_POINT('',#738);
#738 = CARTESIAN_POINT('',(20.,-42.,-25.));
#739 = LINE('',#740,#741);
#740 = CARTESIAN_POINT('',(20.,-42.,0.));
#741 = VECTOR('',#742,1.);
#742 = DIRECTION('',(0.,0.,1.));
#743 = ORIENTED_EDGE('',*,*,#744,.T.);
#744 = EDGE_CURVE('',#737,#417,#745,.T.);
#745 = LINE('',#746,#747);
#746 = CARTESIAN_POINT('',(20.,-42.,-25.));
#747 = VECTOR('',#748,1.);
#748 = DIRECTION('',(0.,1.,-2.22044604925E-16));
#749 = PLANE('',#750);
#750 = AXIS2_PLACEMENT_3D('',#751,#752,#753);
#751 = CARTESIAN_POINT('',(20.,-28.09978165938,-4.550218340611));
#752 = DIRECTION('',(1.,0.,0.));
#753 = DIRECTION('',(0.,0.,1.));
#754 = ADVANCED_FACE('',(#755),#774,.T.);
#755 = FACE_BOUND('',#756,.F.);
#756 = EDGE_LOOP('',(#757,#758,#767,#773));
#757 = ORIENTED_EDGE('',*,*,#592,.T.);
#758 = ORIENTED_EDGE('',*,*,#759,.T.);
#759 = EDGE_CURVE('',#593,#760,#762,.T.);
#760 = VERTEX_POINT('',#761);
#761 = CARTESIAN_POINT('',(0.8,16.9,4.));
#762 = CIRCLE('',#763,19.2);
#763 = AXIS2_PLACEMENT_3D('',#764,#765,#766);
#764 = CARTESIAN_POINT('',(0.8,-2.3,4.));
#765 = DIRECTION('',(0.,0.,1.));
#766 = DIRECTION('',(1.,0.,0.));
#767 = ORIENTED_EDGE('',*,*,#768,.F.);
#768 = EDGE_CURVE('',#204,#760,#769,.T.);
#769 = LINE('',#770,#771);
#770 = CARTESIAN_POINT('',(0.8,16.9,0.));
#771 = VECTOR('',#772,1.);
#772 = DIRECTION('',(0.,0.,1.));
#773 = ORIENTED_EDGE('',*,*,#203,.F.);
#774 = CYLINDRICAL_SURFACE('',#775,19.2);
#775 = AXIS2_PLACEMENT_3D('',#776,#777,#778);
#776 = CARTESIAN_POINT('',(0.8,-2.3,0.));
#777 = DIRECTION('',(-0.,-0.,-1.));
#778 = DIRECTION('',(1.,0.,0.));
#779 = ADVANCED_FACE('',(#780),#791,.T.);
#780 = FACE_BOUND('',#781,.T.);
#781 = EDGE_LOOP('',(#782,#783,#784,#790));
#782 = ORIENTED_EDGE('',*,*,#573,.F.);
#783 = ORIENTED_EDGE('',*,*,#522,.T.);
#784 = ORIENTED_EDGE('',*,*,#785,.T.);
#785 = EDGE_CURVE('',#515,#294,#786,.T.);
#786 = LINE('',#787,#788);
#787 = CARTESIAN_POINT('',(1.5,-34.5,-0.5));
#788 = VECTOR('',#789,1.);
#789 = DIRECTION('',(0.,0.707106781187,0.707106781187));
#790 = ORIENTED_EDGE('',*,*,#301,.F.);
#791 = PLANE('',#792);
#792 = AXIS2_PLACEMENT_3D('',#793,#794,#795);
#793 = CARTESIAN_POINT('',(6.,-34.5,-0.5));
#794 = DIRECTION('',(0.,0.707106781187,-0.707106781187));
#795 = DIRECTION('',(-1.,0.,0.));
#796 = ADVANCED_FACE('',(#797),#815,.F.);
#797 = FACE_BOUND('',#798,.F.);
#798 = EDGE_LOOP('',(#799,#800,#808,#814));
#799 = ORIENTED_EDGE('',*,*,#768,.T.);
#800 = ORIENTED_EDGE('',*,*,#801,.T.);
#801 = EDGE_CURVE('',#760,#802,#804,.T.);
#802 = VERTEX_POINT('',#803);
#803 = CARTESIAN_POINT('',(-0.8,16.9,4.));
#804 = LINE('',#805,#806);
#805 = CARTESIAN_POINT('',(0.8,16.9,4.));
#806 = VECTOR('',#807,1.);
#807 = DIRECTION('',(-1.,0.,0.));
#808 = ORIENTED_EDGE('',*,*,#809,.F.);
#809 = EDGE_CURVE('',#213,#802,#810,.T.);
#810 = LINE('',#811,#812);
#811 = CARTESIAN_POINT('',(-0.8,16.9,0.));
#812 = VECTOR('',#813,1.);
#813 = DIRECTION('',(0.,0.,1.));
#814 = ORIENTED_EDGE('',*,*,#212,.F.);
#815 = PLANE('',#816);
#816 = AXIS2_PLACEMENT_3D('',#817,#818,#819);
#817 = CARTESIAN_POINT('',(0.8,16.9,0.));
#818 = DIRECTION('',(0.,-1.,0.));
#819 = DIRECTION('',(-1.,0.,0.));
#820 = ADVANCED_FACE('',(#821),#856,.T.);
#821 = FACE_BOUND('',#822,.T.);
#822 = EDGE_LOOP('',(#823,#833,#839,#840,#841,#842,#850));
#823 = ORIENTED_EDGE('',*,*,#824,.F.);
#824 = EDGE_CURVE('',#825,#827,#829,.T.);
#825 = VERTEX_POINT('',#826);
#826 = CARTESIAN_POINT('',(1.5,-23.,-1.45));
#827 = VERTEX_POINT('',#828);
#828 = CARTESIAN_POINT('',(1.5,-23.,-1.5));
#829 = LINE('',#830,#831);
#830 = CARTESIAN_POINT('',(1.5,-23.,0.));
#831 = VECTOR('',#832,1.);
#832 = DIRECTION('',(-0.,-0.,-1.));
#833 = ORIENTED_EDGE('',*,*,#834,.F.);
#834 = EDGE_CURVE('',#286,#825,#835,.T.);
#835 = LINE('',#836,#837);
#836 = CARTESIAN_POINT('',(1.5,-25.275,-3.725));
#837 = VECTOR('',#838,1.);
#838 = DIRECTION('',(0.,-0.707106781187,-0.707106781187));
#839 = ORIENTED_EDGE('',*,*,#293,.F.);
#840 = ORIENTED_EDGE('',*,*,#785,.F.);
#841 = ORIENTED_EDGE('',*,*,#514,.T.);
#842 = ORIENTED_EDGE('',*,*,#843,.T.);
#843 = EDGE_CURVE('',#507,#844,#846,.T.);
#844 = VERTEX_POINT('',#845);
#845 = CARTESIAN_POINT('',(1.5,-34.,-1.5));
#846 = LINE('',#847,#848);
#847 = CARTESIAN_POINT('',(1.5,-34.125,-1.625));
#848 = VECTOR('',#849,1.);
#849 = DIRECTION('',(0.,0.707106781187,0.707106781187));
#850 = ORIENTED_EDGE('',*,*,#851,.T.);
#851 = EDGE_CURVE('',#844,#827,#852,.T.);
#852 = LINE('',#853,#854);
#853 = CARTESIAN_POINT('',(1.5,-35.,-1.5));
#854 = VECTOR('',#855,1.);
#855 = DIRECTION('',(0.,1.,0.));
#856 = PLANE('',#857);
#857 = AXIS2_PLACEMENT_3D('',#858,#859,#860);
#858 = CARTESIAN_POINT('',(1.5,-35.,0.));
#859 = DIRECTION('',(1.,0.,0.));
#860 = DIRECTION('',(0.,1.,0.));
#861 = ADVANCED_FACE('',(#862),#881,.T.);
#862 = FACE_BOUND('',#863,.F.);
#863 = EDGE_LOOP('',(#864,#865,#874,#880));
#864 = ORIENTED_EDGE('',*,*,#809,.T.);
#865 = ORIENTED_EDGE('',*,*,#866,.T.);
#866 = EDGE_CURVE('',#802,#867,#869,.T.);
#867 = VERTEX_POINT('',#868);
#868 = CARTESIAN_POINT('',(-20.,-2.3,4.));
#869 = CIRCLE('',#870,19.2);
#870 = AXIS2_PLACEMENT_3D('',#871,#872,#873);
#871 = CARTESIAN_POINT('',(-0.8,-2.3,4.));
#872 = DIRECTION('',(0.,0.,1.));
#873 = DIRECTION('',(1.,0.,0.));
#874 = ORIENTED_EDGE('',*,*,#875,.F.);
#875 = EDGE_CURVE('',#221,#867,#876,.T.);
#876 = LINE('',#877,#878);
#877 = CARTESIAN_POINT('',(-20.,-2.3,0.));
#878 = VECTOR('',#879,1.);
#879 = DIRECTION('',(0.,0.,1.));
#880 = ORIENTED_EDGE('',*,*,#220,.F.);
#881 = CYLINDRICAL_SURFACE('',#882,19.2);
#882 = AXIS2_PLACEMENT_3D('',#883,#884,#885);
#883 = CARTESIAN_POINT('',(-0.8,-2.3,0.));
#884 = DIRECTION('',(-0.,-0.,-1.));
#885 = DIRECTION('',(1.,0.,0.));
#886 = ADVANCED_FACE('',(#887),#1080,.T.);
#887 = FACE_BOUND('',#888,.T.);
#888 = EDGE_LOOP('',(#889,#895,#896,#904,#912,#920,#928,#936,#944,#952,
    #960,#968,#976,#984,#992,#1000,#1008,#1016,#1024,#1032,#1040,#1048,
    #1056,#1064,#1072,#1078,#1079));
#889 = ORIENTED_EDGE('',*,*,#890,.F.);
#890 = EDGE_CURVE('',#451,#230,#891,.T.);
#891 = LINE('',#892,#893);
#892 = CARTESIAN_POINT('',(-20.,-33.9125,8.75E-02));
#893 = VECTOR('',#894,1.);
#894 = DIRECTION('',(0.,0.707106781187,0.707106781187));
#895 = ORIENTED_EDGE('',*,*,#450,.F.);
#896 = ORIENTED_EDGE('',*,*,#897,.F.);
#897 = EDGE_CURVE('',#898,#442,#900,.T.);
#898 = VERTEX_POINT('',#899);
#899 = CARTESIAN_POINT('',(-20.,-42.,-25.));
#900 = LINE('',#901,#902);
#901 = CARTESIAN_POINT('',(-20.,-42.,-25.));
#902 = VECTOR('',#903,1.);
#903 = DIRECTION('',(0.,1.,-2.22044604925E-16));
#904 = ORIENTED_EDGE('',*,*,#905,.T.);
#905 = EDGE_CURVE('',#898,#906,#908,.T.);
#906 = VERTEX_POINT('',#907);
#907 = CARTESIAN_POINT('',(-20.,-42.,-17.));
#908 = LINE('',#909,#910);
#909 = CARTESIAN_POINT('',(-20.,-42.,0.));
#910 = VECTOR('',#911,1.);
#911 = DIRECTION('',(0.,0.,1.));
#912 = ORIENTED_EDGE('',*,*,#913,.T.);
#913 = EDGE_CURVE('',#906,#914,#916,.T.);
#914 = VERTEX_POINT('',#915);
#915 = CARTESIAN_POINT('',(-20.,-38.5,-17.));
#916 = LINE('',#917,#918);
#917 = CARTESIAN_POINT('',(-20.,-42.,-17.));
#918 = VECTOR('',#919,1.);
#919 = DIRECTION('',(0.,1.,-2.22044604925E-16));
#920 = ORIENTED_EDGE('',*,*,#921,.F.);
#921 = EDGE_CURVE('',#922,#914,#924,.T.);
#922 = VERTEX_POINT('',#923);
#923 = CARTESIAN_POINT('',(-20.,-38.5,-17.5));
#924 = LINE('',#925,#926);
#925 = CARTESIAN_POINT('',(-20.,-38.5,-2.025109170306));
#926 = VECTOR('',#927,1.);
#927 = DIRECTION('',(0.,0.,1.));
#928 = ORIENTED_EDGE('',*,*,#929,.F.);
#929 = EDGE_CURVE('',#930,#922,#932,.T.);
#930 = VERTEX_POINT('',#931);
#931 = CARTESIAN_POINT('',(-20.,-36.9,-17.5));
#932 = LINE('',#933,#934);
#933 = CARTESIAN_POINT('',(-20.,-33.29989082969,-17.5));
#934 = VECTOR('',#935,1.);
#935 = DIRECTION('',(0.,-1.,0.));
#936 = ORIENTED_EDGE('',*,*,#937,.F.);
#937 = EDGE_CURVE('',#938,#930,#940,.T.);
#938 = VERTEX_POINT('',#939);
#939 = CARTESIAN_POINT('',(-20.,-36.9,-17.));
#940 = LINE('',#941,#942);
#941 = CARTESIAN_POINT('',(-20.,-36.9,-11.0251091703));
#942 = VECTOR('',#943,1.);
#943 = DIRECTION('',(0.,0.,-1.));
#944 = ORIENTED_EDGE('',*,*,#945,.T.);
#945 = EDGE_CURVE('',#938,#946,#948,.T.);
#946 = VERTEX_POINT('',#947);
#947 = CARTESIAN_POINT('',(-20.,-36.5,-17.));
#948 = LINE('',#949,#950);
#949 = CARTESIAN_POINT('',(-20.,-42.,-17.));
#950 = VECTOR('',#951,1.);
#951 = DIRECTION('',(0.,1.,-2.22044604925E-16));
#952 = ORIENTED_EDGE('',*,*,#953,.F.);
#953 = EDGE_CURVE('',#954,#946,#956,.T.);
#954 = VERTEX_POINT('',#955);
#955 = CARTESIAN_POINT('',(-20.,-36.5,9.217672567935E-15));
#956 = LINE('',#957,#958);
#957 = CARTESIAN_POINT('',(-20.,-36.5,9.217672567935E-15));
#958 = VECTOR('',#959,1.);
#959 = DIRECTION('',(0.,-2.22044604925E-16,-1.));
#960 = ORIENTED_EDGE('',*,*,#961,.F.);
#961 = EDGE_CURVE('',#962,#954,#964,.T.);
#962 = VERTEX_POINT('',#963);
#963 = CARTESIAN_POINT('',(-20.,-36.9,9.306490409905E-15));
#964 = LINE('',#965,#966);
#965 = CARTESIAN_POINT('',(-20.,-42.,1.043891789502E-14));
#966 = VECTOR('',#967,1.);
#967 = DIRECTION('',(0.,1.,-2.22044604925E-16));
#968 = ORIENTED_EDGE('',*,*,#969,.F.);
#969 = EDGE_CURVE('',#970,#962,#972,.T.);
#970 = VERTEX_POINT('',#971);
#971 = CARTESIAN_POINT('',(-20.,-36.9,0.5));
#972 = LINE('',#973,#974);
#973 = CARTESIAN_POINT('',(-20.,-36.9,-11.0251091703));
#974 = VECTOR('',#975,1.);
#975 = DIRECTION('',(0.,0.,-1.));
#976 = ORIENTED_EDGE('',*,*,#977,.F.);
#977 = EDGE_CURVE('',#978,#970,#980,.T.);
#978 = VERTEX_POINT('',#979);
#979 = CARTESIAN_POINT('',(-20.,-38.5,0.5));
#980 = LINE('',#981,#982);
#981 = CARTESIAN_POINT('',(-20.,-32.49989082969,0.5));
#982 = VECTOR('',#983,1.);
#983 = DIRECTION('',(0.,1.,0.));
#984 = ORIENTED_EDGE('',*,*,#985,.F.);
#985 = EDGE_CURVE('',#986,#978,#988,.T.);
#986 = VERTEX_POINT('',#987);
#987 = CARTESIAN_POINT('',(-20.,-38.5,9.661761777785E-15));
#988 = LINE('',#989,#990);
#989 = CARTESIAN_POINT('',(-20.,-38.5,-2.025109170306));
#990 = VECTOR('',#991,1.);
#991 = DIRECTION('',(0.,0.,1.));
#992 = ORIENTED_EDGE('',*,*,#993,.F.);
#993 = EDGE_CURVE('',#994,#986,#996,.T.);
#994 = VERTEX_POINT('',#995);
#995 = CARTESIAN_POINT('',(-20.,-42.,1.043891789502E-14));
#996 = LINE('',#997,#998);
#997 = CARTESIAN_POINT('',(-20.,-42.,1.043891789502E-14));
#998 = VECTOR('',#999,1.);
#999 = DIRECTION('',(0.,1.,-2.22044604925E-16));
#1000 = ORIENTED_EDGE('',*,*,#1001,.T.);
#1001 = EDGE_CURVE('',#994,#1002,#1004,.T.);
#1002 = VERTEX_POINT('',#1003);
#1003 = CARTESIAN_POINT('',(-20.,-42.,4.));
#1004 = LINE('',#1005,#1006);
#1005 = CARTESIAN_POINT('',(-20.,-42.,0.));
#1006 = VECTOR('',#1007,1.);
#1007 = DIRECTION('',(0.,0.,1.));
#1008 = ORIENTED_EDGE('',*,*,#1009,.F.);
#1009 = EDGE_CURVE('',#1010,#1002,#1012,.T.);
#1010 = VERTEX_POINT('',#1011);
#1011 = CARTESIAN_POINT('',(-20.,-40.,4.));
#1012 = LINE('',#1013,#1014);
#1013 = CARTESIAN_POINT('',(-20.,-2.3,4.));
#1014 = VECTOR('',#1015,1.);
#1015 = DIRECTION('',(0.,-1.,0.));
#1016 = ORIENTED_EDGE('',*,*,#1017,.T.);
#1017 = EDGE_CURVE('',#1010,#1018,#1020,.T.);
#1018 = VERTEX_POINT('',#1019);
#1019 = CARTESIAN_POINT('',(-20.,-40.,3.));
#1020 = LINE('',#1021,#1022);
#1021 = CARTESIAN_POINT('',(-20.,-40.,-0.775109170306));
#1022 = VECTOR('',#1023,1.);
#1023 = DIRECTION('',(0.,0.,-1.));
#1024 = ORIENTED_EDGE('',*,*,#1025,.T.);
#1025 = EDGE_CURVE('',#1018,#1026,#1028,.T.);
#1026 = VERTEX_POINT('',#1027);
#1027 = CARTESIAN_POINT('',(-20.,-39.,3.));
#1028 = LINE('',#1029,#1030);
#1029 = CARTESIAN_POINT('',(-20.,-33.54989082969,3.));
#1030 = VECTOR('',#1031,1.);
#1031 = DIRECTION('',(0.,1.,0.));
#1032 = ORIENTED_EDGE('',*,*,#1033,.T.);
#1033 = EDGE_CURVE('',#1026,#1034,#1036,.T.);
#1034 = VERTEX_POINT('',#1035);
#1035 = CARTESIAN_POINT('',(-20.,-39.,4.));
#1036 = LINE('',#1037,#1038);
#1037 = CARTESIAN_POINT('',(-20.,-39.,-0.275109170306));
#1038 = VECTOR('',#1039,1.);
#1039 = DIRECTION('',(0.,0.,1.));
#1040 = ORIENTED_EDGE('',*,*,#1041,.F.);
#1041 = EDGE_CURVE('',#1042,#1034,#1044,.T.);
#1042 = VERTEX_POINT('',#1043);
#1043 = CARTESIAN_POINT('',(-20.,-32.,4.));
#1044 = LINE('',#1045,#1046);
#1045 = CARTESIAN_POINT('',(-20.,-2.3,4.));
#1046 = VECTOR('',#1047,1.);
#1047 = DIRECTION('',(0.,-1.,0.));
#1048 = ORIENTED_EDGE('',*,*,#1049,.T.);
#1049 = EDGE_CURVE('',#1042,#1050,#1052,.T.);
#1050 = VERTEX_POINT('',#1051);
#1051 = CARTESIAN_POINT('',(-20.,-32.,1.5));
#1052 = LINE('',#1053,#1054);
#1053 = CARTESIAN_POINT('',(-20.,-32.,4.));
#1054 = VECTOR('',#1055,1.);
#1055 = DIRECTION('',(-0.,-0.,-1.));
#1056 = ORIENTED_EDGE('',*,*,#1057,.T.);
#1057 = EDGE_CURVE('',#1050,#1058,#1060,.T.);
#1058 = VERTEX_POINT('',#1059);
#1059 = CARTESIAN_POINT('',(-20.,-28.,1.5));
#1060 = LINE('',#1061,#1062);
#1061 = CARTESIAN_POINT('',(-20.,-32.,1.5));
#1062 = VECTOR('',#1063,1.);
#1063 = DIRECTION('',(0.,1.,0.));
#1064 = ORIENTED_EDGE('',*,*,#1065,.F.);
#1065 = EDGE_CURVE('',#1066,#1058,#1068,.T.);
#1066 = VERTEX_POINT('',#1067);
#1067 = CARTESIAN_POINT('',(-20.,-28.,4.));
#1068 = LINE('',#1069,#1070);
#1069 = CARTESIAN_POINT('',(-20.,-28.,4.));
#1070 = VECTOR('',#1071,1.);
#1071 = DIRECTION('',(-0.,-0.,-1.));
#1072 = ORIENTED_EDGE('',*,*,#1073,.F.);
#1073 = EDGE_CURVE('',#867,#1066,#1074,.T.);
#1074 = LINE('',#1075,#1076);
#1075 = CARTESIAN_POINT('',(-20.,-2.3,4.));
#1076 = VECTOR('',#1077,1.);
#1077 = DIRECTION('',(0.,-1.,0.));
#1078 = ORIENTED_EDGE('',*,*,#875,.F.);
#1079 = ORIENTED_EDGE('',*,*,#229,.T.);
#1080 = PLANE('',#1081);
#1081 = AXIS2_PLACEMENT_3D('',#1082,#1083,#1084);
#1082 = CARTESIAN_POINT('',(-20.,-28.09978165938,-4.550218340611));
#1083 = DIRECTION('',(-1.,-0.,-0.));
#1084 = DIRECTION('',(0.,0.,-1.));
#1085 = ADVANCED_FACE('',(#1086),#1104,.T.);
#1086 = FACE_BOUND('',#1087,.F.);
#1087 = EDGE_LOOP('',(#1088,#1089,#1090,#1098));
#1088 = ORIENTED_EDGE('',*,*,#834,.F.);
#1089 = ORIENTED_EDGE('',*,*,#285,.T.);
#1090 = ORIENTED_EDGE('',*,*,#1091,.T.);
#1091 = EDGE_CURVE('',#278,#1092,#1094,.T.);
#1092 = VERTEX_POINT('',#1093);
#1093 = CARTESIAN_POINT('',(-1.5,-23.,-1.45));
#1094 = LINE('',#1095,#1096);
#1095 = CARTESIAN_POINT('',(-1.5,-22.275,-0.725));
#1096 = VECTOR('',#1097,1.);
#1097 = DIRECTION('',(-0.,-0.707106781187,-0.707106781187));
#1098 = ORIENTED_EDGE('',*,*,#1099,.F.);
#1099 = EDGE_CURVE('',#825,#1092,#1100,.T.);
#1100 = LINE('',#1101,#1102);
#1101 = CARTESIAN_POINT('',(1.5,-23.,-1.45));
#1102 = VECTOR('',#1103,1.);
#1103 = DIRECTION('',(-1.,0.,0.));
#1104 = PLANE('',#1105);
#1105 = AXIS2_PLACEMENT_3D('',#1106,#1107,#1108);
#1106 = CARTESIAN_POINT('',(1.5,-22.275,-0.725));
#1107 = DIRECTION('',(0.,0.707106781187,-0.707106781187));
#1108 = DIRECTION('',(1.,0.,0.));
#1109 = ADVANCED_FACE('',(#1110),#1121,.T.);
#1110 = FACE_BOUND('',#1111,.T.);
#1111 = EDGE_LOOP('',(#1112,#1118,#1119,#1120));
#1112 = ORIENTED_EDGE('',*,*,#1113,.F.);
#1113 = EDGE_CURVE('',#459,#238,#1114,.T.);
#1114 = LINE('',#1115,#1116);
#1115 = CARTESIAN_POINT('',(-9.,-31.5,2.5));
#1116 = VECTOR('',#1117,1.);
#1117 = DIRECTION('',(0.,0.707106781187,0.707106781187));
#1118 = ORIENTED_EDGE('',*,*,#458,.T.);
#1119 = ORIENTED_EDGE('',*,*,#890,.T.);
#1120 = ORIENTED_EDGE('',*,*,#237,.F.);
#1121 = PLANE('',#1122);
#1122 = AXIS2_PLACEMENT_3D('',#1123,#1124,#1125);
#1123 = CARTESIAN_POINT('',(-9.,-34.5,-0.5));
#1124 = DIRECTION('',(0.,0.707106781187,-0.707106781187));
#1125 = DIRECTION('',(-1.,0.,0.));
#1126 = ADVANCED_FACE('',(#1127),#1160,.T.);
#1127 = FACE_BOUND('',#1128,.T.);
#1128 = EDGE_LOOP('',(#1129,#1137,#1145,#1151,#1152,#1158,#1159));
#1129 = ORIENTED_EDGE('',*,*,#1130,.T.);
#1130 = EDGE_CURVE('',#1092,#1131,#1133,.T.);
#1131 = VERTEX_POINT('',#1132);
#1132 = CARTESIAN_POINT('',(-1.5,-23.,-1.5));
#1133 = LINE('',#1134,#1135);
#1134 = CARTESIAN_POINT('',(-1.5,-23.,0.));
#1135 = VECTOR('',#1136,1.);
#1136 = DIRECTION('',(-0.,-0.,-1.));
#1137 = ORIENTED_EDGE('',*,*,#1138,.T.);
#1138 = EDGE_CURVE('',#1131,#1139,#1141,.T.);
#1139 = VERTEX_POINT('',#1140);
#1140 = CARTESIAN_POINT('',(-1.5,-34.,-1.5));
#1141 = LINE('',#1142,#1143);
#1142 = CARTESIAN_POINT('',(-1.5,-23.,-1.5));
#1143 = VECTOR('',#1144,1.);
#1144 = DIRECTION('',(0.,-1.,0.));
#1145 = ORIENTED_EDGE('',*,*,#1146,.F.);
#1146 = EDGE_CURVE('',#499,#1139,#1147,.T.);
#1147 = LINE('',#1148,#1149);
#1148 = CARTESIAN_POINT('',(-1.5,-31.125,1.375));
#1149 = VECTOR('',#1150,1.);
#1150 = DIRECTION('',(0.,0.707106781187,0.707106781187));
#1151 = ORIENTED_EDGE('',*,*,#498,.F.);
#1152 = ORIENTED_EDGE('',*,*,#1153,.T.);
#1153 = EDGE_CURVE('',#491,#270,#1154,.T.);
#1154 = LINE('',#1155,#1156);
#1155 = CARTESIAN_POINT('',(-1.5,-31.5,2.5));
#1156 = VECTOR('',#1157,1.);
#1157 = DIRECTION('',(0.,0.707106781187,0.707106781187));
#1158 = ORIENTED_EDGE('',*,*,#277,.T.);
#1159 = ORIENTED_EDGE('',*,*,#1091,.T.);
#1160 = PLANE('',#1161);
#1161 = AXIS2_PLACEMENT_3D('',#1162,#1163,#1164);
#1162 = CARTESIAN_POINT('',(-1.5,-23.,0.));
#1163 = DIRECTION('',(-1.,0.,0.));
#1164 = DIRECTION('',(0.,-1.,0.));
#1165 = ADVANCED_FACE('',(#1166),#1201,.T.);
#1166 = FACE_BOUND('',#1167,.T.);
#1167 = EDGE_LOOP('',(#1168,#1178,#1186,#1192,#1193,#1194,#1195));
#1168 = ORIENTED_EDGE('',*,*,#1169,.T.);
#1169 = EDGE_CURVE('',#1170,#1172,#1174,.T.);
#1170 = VERTEX_POINT('',#1171);
#1171 = CARTESIAN_POINT('',(-9.,-23.,-1.45));
#1172 = VERTEX_POINT('',#1173);
#1173 = CARTESIAN_POINT('',(-9.,-23.,-1.5));
#1174 = LINE('',#1175,#1176);
#1175 = CARTESIAN_POINT('',(-9.,-23.,0.));
#1176 = VECTOR('',#1177,1.);
#1177 = DIRECTION('',(-0.,-0.,-1.));
#1178 = ORIENTED_EDGE('',*,*,#1179,.T.);
#1179 = EDGE_CURVE('',#1172,#1180,#1182,.T.);
#1180 = VERTEX_POINT('',#1181);
#1181 = CARTESIAN_POINT('',(-9.,-34.,-1.5));
#1182 = LINE('',#1183,#1184);
#1183 = CARTESIAN_POINT('',(-9.,-23.,-1.5));
#1184 = VECTOR('',#1185,1.);
#1185 = DIRECTION('',(0.,-1.,0.));
#1186 = ORIENTED_EDGE('',*,*,#1187,.F.);
#1187 = EDGE_CURVE('',#467,#1180,#1188,.T.);
#1188 = LINE('',#1189,#1190);
#1189 = CARTESIAN_POINT('',(-9.,-31.125,1.375));
#1190 = VECTOR('',#1191,1.);
#1191 = DIRECTION('',(0.,0.707106781187,0.707106781187));
#1192 = ORIENTED_EDGE('',*,*,#466,.F.);
#1193 = ORIENTED_EDGE('',*,*,#1113,.T.);
#1194 = ORIENTED_EDGE('',*,*,#245,.T.);
#1195 = ORIENTED_EDGE('',*,*,#1196,.T.);
#1196 = EDGE_CURVE('',#246,#1170,#1197,.T.);
#1197 = LINE('',#1198,#1199);
#1198 = CARTESIAN_POINT('',(-9.,-22.275,-0.725));
#1199 = VECTOR('',#1200,1.);
#1200 = DIRECTION('',(-0.,-0.707106781187,-0.707106781187));
#1201 = PLANE('',#1202);
#1202 = AXIS2_PLACEMENT_3D('',#1203,#1204,#1205);
#1203 = CARTESIAN_POINT('',(-9.,-23.,0.));
#1204 = DIRECTION('',(-1.,0.,0.));
#1205 = DIRECTION('',(0.,-1.,0.));
#1206 = ADVANCED_FACE('',(#1207),#1218,.T.);
#1207 = FACE_BOUND('',#1208,.T.);
#1208 = EDGE_LOOP('',(#1209,#1210,#1211,#1217));
#1209 = ORIENTED_EDGE('',*,*,#1153,.F.);
#1210 = ORIENTED_EDGE('',*,*,#490,.T.);
#1211 = ORIENTED_EDGE('',*,*,#1212,.T.);
#1212 = EDGE_CURVE('',#483,#262,#1213,.T.);
#1213 = LINE('',#1214,#1215);
#1214 = CARTESIAN_POINT('',(-6.,-34.5,-0.5));
#1215 = VECTOR('',#1216,1.);
#1216 = DIRECTION('',(0.,0.707106781187,0.707106781187));
#1217 = ORIENTED_EDGE('',*,*,#269,.F.);
#1218 = PLANE('',#1219);
#1219 = AXIS2_PLACEMENT_3D('',#1220,#1221,#1222);
#1220 = CARTESIAN_POINT('',(-1.5,-34.5,-0.5));
#1221 = DIRECTION('',(0.,0.707106781187,-0.707106781187));
#1222 = DIRECTION('',(-1.,0.,0.));
#1223 = ADVANCED_FACE('',(#1224),#1242,.T.);
#1224 = FACE_BOUND('',#1225,.F.);
#1225 = EDGE_LOOP('',(#1226,#1234,#1235,#1236));
#1226 = ORIENTED_EDGE('',*,*,#1227,.F.);
#1227 = EDGE_CURVE('',#254,#1228,#1230,.T.);
#1228 = VERTEX_POINT('',#1229);
#1229 = CARTESIAN_POINT('',(-6.,-23.,-1.45));
#1230 = LINE('',#1231,#1232);
#1231 = CARTESIAN_POINT('',(-6.,-25.275,-3.725));
#1232 = VECTOR('',#1233,1.);
#1233 = DIRECTION('',(0.,-0.707106781187,-0.707106781187));
#1234 = ORIENTED_EDGE('',*,*,#253,.T.);
#1235 = ORIENTED_EDGE('',*,*,#1196,.T.);
#1236 = ORIENTED_EDGE('',*,*,#1237,.F.);
#1237 = EDGE_CURVE('',#1228,#1170,#1238,.T.);
#1238 = LINE('',#1239,#1240);
#1239 = CARTESIAN_POINT('',(-6.,-23.,-1.45));
#1240 = VECTOR('',#1241,1.);
#1241 = DIRECTION('',(-1.,0.,0.));
#1242 = PLANE('',#1243);
#1243 = AXIS2_PLACEMENT_3D('',#1244,#1245,#1246);
#1244 = CARTESIAN_POINT('',(-6.,-22.275,-0.725));
#1245 = DIRECTION('',(0.,0.707106781187,-0.707106781187));
#1246 = DIRECTION('',(1.,0.,0.));
#1247 = ADVANCED_FACE('',(#1248),#1276,.T.);
#1248 = FACE_BOUND('',#1249,.T.);
#1249 = EDGE_LOOP('',(#1250,#1258,#1259,#1260,#1261,#1262,#1270));
#1250 = ORIENTED_EDGE('',*,*,#1251,.F.);
#1251 = EDGE_CURVE('',#1228,#1252,#1254,.T.);
#1252 = VERTEX_POINT('',#1253);
#1253 = CARTESIAN_POINT('',(-6.,-23.,-1.5));
#1254 = LINE('',#1255,#1256);
#1255 = CARTESIAN_POINT('',(-6.,-23.,0.));
#1256 = VECTOR('',#1257,1.);
#1257 = DIRECTION('',(-0.,-0.,-1.));
#1258 = ORIENTED_EDGE('',*,*,#1227,.F.);
#1259 = ORIENTED_EDGE('',*,*,#261,.F.);
#1260 = ORIENTED_EDGE('',*,*,#1212,.F.);
#1261 = ORIENTED_EDGE('',*,*,#482,.T.);
#1262 = ORIENTED_EDGE('',*,*,#1263,.T.);
#1263 = EDGE_CURVE('',#475,#1264,#1266,.T.);
#1264 = VERTEX_POINT('',#1265);
#1265 = CARTESIAN_POINT('',(-6.,-34.,-1.5));
#1266 = LINE('',#1267,#1268);
#1267 = CARTESIAN_POINT('',(-6.,-34.125,-1.625));
#1268 = VECTOR('',#1269,1.);
#1269 = DIRECTION('',(0.,0.707106781187,0.707106781187));
#1270 = ORIENTED_EDGE('',*,*,#1271,.T.);
#1271 = EDGE_CURVE('',#1264,#1252,#1272,.T.);
#1272 = LINE('',#1273,#1274);
#1273 = CARTESIAN_POINT('',(-6.,-35.,-1.5));
#1274 = VECTOR('',#1275,1.);
#1275 = DIRECTION('',(0.,1.,0.));
#1276 = PLANE('',#1277);
#1277 = AXIS2_PLACEMENT_3D('',#1278,#1279,#1280);
#1278 = CARTESIAN_POINT('',(-6.,-35.,0.));
#1279 = DIRECTION('',(1.,0.,0.));
#1280 = DIRECTION('',(0.,1.,0.));
#1281 = ADVANCED_FACE('',(#1282),#1309,.T.);
#1282 = FACE_BOUND('',#1283,.T.);
#1283 = EDGE_LOOP('',(#1284,#1292,#1293,#1300,#1301,#1302));
#1284 = ORIENTED_EDGE('',*,*,#1285,.F.);
#1285 = EDGE_CURVE('',#319,#1286,#1288,.T.);
#1286 = VERTEX_POINT('',#1287);
#1287 = CARTESIAN_POINT('',(13.9,-2.312039448782E-15,-20.825));
#1288 = LINE('',#1289,#1290);
#1289 = CARTESIAN_POINT('',(13.9,-3.3677500899E-33,0.));
#1290 = VECTOR('',#1291,1.);
#1291 = DIRECTION('',(-0.,-0.,-1.));
#1292 = ORIENTED_EDGE('',*,*,#329,.F.);
#1293 = ORIENTED_EDGE('',*,*,#1294,.F.);
#1294 = EDGE_CURVE('',#321,#330,#1295,.T.);
#1295 = CIRCLE('',#1296,13.9);
#1296 = AXIS2_PLACEMENT_3D('',#1297,#1298,#1299);
#1297 = CARTESIAN_POINT('',(2.390288366635E-33,-3.3677500899E-33,0.));
#1298 = DIRECTION('',(0.,0.,1.));
#1299 = DIRECTION('',(1.,0.,0.));
#1300 = ORIENTED_EDGE('',*,*,#318,.F.);
#1301 = ORIENTED_EDGE('',*,*,#1285,.T.);
#1302 = ORIENTED_EDGE('',*,*,#1303,.T.);
#1303 = EDGE_CURVE('',#1286,#1286,#1304,.T.);
#1304 = CIRCLE('',#1305,13.9);
#1305 = AXIS2_PLACEMENT_3D('',#1306,#1307,#1308);
#1306 = CARTESIAN_POINT('',(0.,-4.624078897564E-15,-20.825));
#1307 = DIRECTION('',(-0.,2.22044604925E-16,1.));
#1308 = DIRECTION('',(0.,-1.,2.22044604925E-16));
#1309 = CYLINDRICAL_SURFACE('',#1310,13.9);
#1310 = AXIS2_PLACEMENT_3D('',#1311,#1312,#1313);
#1311 = CARTESIAN_POINT('',(2.390288366635E-33,-3.3677500899E-33,0.));
#1312 = DIRECTION('',(0.,0.,1.));
#1313 = DIRECTION('',(1.,0.,0.));
#1314 = ADVANCED_FACE('',(#1315),#1348,.F.);
#1315 = FACE_BOUND('',#1316,.F.);
#1316 = EDGE_LOOP('',(#1317,#1327,#1335,#1341,#1342));
#1317 = ORIENTED_EDGE('',*,*,#1318,.T.);
#1318 = EDGE_CURVE('',#1319,#1321,#1323,.T.);
#1319 = VERTEX_POINT('',#1320);
#1320 = CARTESIAN_POINT('',(-0.241563091153,-19.066914,0.5));
#1321 = VERTEX_POINT('',#1322);
#1322 = CARTESIAN_POINT('',(-0.241563091153,-11.966914,0.5));
#1323 = LINE('',#1324,#1325);
#1324 = CARTESIAN_POINT('',(-0.241563091153,-13.741914,0.5));
#1325 = VECTOR('',#1326,1.);
#1326 = DIRECTION('',(0.,1.,0.));
#1327 = ORIENTED_EDGE('',*,*,#1328,.T.);
#1328 = EDGE_CURVE('',#1321,#1329,#1331,.T.);
#1329 = VERTEX_POINT('',#1330);
#1330 = CARTESIAN_POINT('',(-0.241563091153,-11.966914,0.));
#1331 = LINE('',#1332,#1333);
#1332 = CARTESIAN_POINT('',(-0.241563091153,-11.966914,4.));
#1333 = VECTOR('',#1334,1.);
#1334 = DIRECTION('',(-0.,-0.,-1.));
#1335 = ORIENTED_EDGE('',*,*,#1336,.F.);
#1336 = EDGE_CURVE('',#321,#1329,#1337,.T.);
#1337 = LINE('',#1338,#1339);
#1338 = CARTESIAN_POINT('',(-0.241563091153,-13.83551820755,0.));
#1339 = VECTOR('',#1340,1.);
#1340 = DIRECTION('',(0.,1.,0.));
#1341 = ORIENTED_EDGE('',*,*,#354,.F.);
#1342 = ORIENTED_EDGE('',*,*,#1343,.F.);
#1343 = EDGE_CURVE('',#1319,#347,#1344,.T.);
#1344 = LINE('',#1345,#1346);
#1345 = CARTESIAN_POINT('',(-0.241563091153,-19.066914,4.));
#1346 = VECTOR('',#1347,1.);
#1347 = DIRECTION('',(-0.,-0.,-1.));
#1348 = PLANE('',#1349);
#1349 = AXIS2_PLACEMENT_3D('',#1350,#1351,#1352);
#1350 = CARTESIAN_POINT('',(-0.241563091153,-11.966914,4.));
#1351 = DIRECTION('',(-1.,0.,0.));
#1352 = DIRECTION('',(0.,-1.,0.));
#1353 = ADVANCED_FACE('',(#1354),#1372,.F.);
#1354 = FACE_BOUND('',#1355,.F.);
#1355 = EDGE_LOOP('',(#1356,#1364,#1365,#1366));
#1356 = ORIENTED_EDGE('',*,*,#1357,.T.);
#1357 = EDGE_CURVE('',#1358,#1319,#1360,.T.);
#1358 = VERTEX_POINT('',#1359);
#1359 = CARTESIAN_POINT('',(0.458436908847,-19.066914,0.5));
#1360 = LINE('',#1361,#1362);
#1361 = CARTESIAN_POINT('',(-4.217912820996E-02,-19.066914,0.5));
#1362 = VECTOR('',#1363,1.);
#1363 = DIRECTION('',(-1.,0.,0.));
#1364 = ORIENTED_EDGE('',*,*,#1343,.T.);
#1365 = ORIENTED_EDGE('',*,*,#346,.F.);
#1366 = ORIENTED_EDGE('',*,*,#1367,.F.);
#1367 = EDGE_CURVE('',#1358,#339,#1368,.T.);
#1368 = LINE('',#1369,#1370);
#1369 = CARTESIAN_POINT('',(0.458436908847,-19.066914,4.));
#1370 = VECTOR('',#1371,1.);
#1371 = DIRECTION('',(-0.,-0.,-1.));
#1372 = PLANE('',#1373);
#1373 = AXIS2_PLACEMENT_3D('',#1374,#1375,#1376);
#1374 = CARTESIAN_POINT('',(-0.241563091153,-19.066914,4.));
#1375 = DIRECTION('',(0.,-1.,0.));
#1376 = DIRECTION('',(1.,0.,0.));
#1377 = ADVANCED_FACE('',(#1378),#1404,.T.);
#1378 = FACE_BOUND('',#1379,.T.);
#1379 = EDGE_LOOP('',(#1380,#1388,#1396,#1402,#1403));
#1380 = ORIENTED_EDGE('',*,*,#1381,.T.);
#1381 = EDGE_CURVE('',#1358,#1382,#1384,.T.);
#1382 = VERTEX_POINT('',#1383);
#1383 = CARTESIAN_POINT('',(0.458436908847,-11.966914,0.5));
#1384 = LINE('',#1385,#1386);
#1385 = CARTESIAN_POINT('',(0.458436908847,-13.741914,0.5));
#1386 = VECTOR('',#1387,1.);
#1387 = DIRECTION('',(0.,1.,0.));
#1388 = ORIENTED_EDGE('',*,*,#1389,.T.);
#1389 = EDGE_CURVE('',#1382,#1390,#1392,.T.);
#1390 = VERTEX_POINT('',#1391);
#1391 = CARTESIAN_POINT('',(0.458436908847,-11.966914,0.));
#1392 = LINE('',#1393,#1394);
#1393 = CARTESIAN_POINT('',(0.458436908847,-11.966914,4.));
#1394 = VECTOR('',#1395,1.);
#1395 = DIRECTION('',(-0.,-0.,-1.));
#1396 = ORIENTED_EDGE('',*,*,#1397,.F.);
#1397 = EDGE_CURVE('',#330,#1390,#1398,.T.);
#1398 = LINE('',#1399,#1400);
#1399 = CARTESIAN_POINT('',(0.458436908847,-13.83551820755,0.));
#1400 = VECTOR('',#1401,1.);
#1401 = DIRECTION('',(0.,1.,0.));
#1402 = ORIENTED_EDGE('',*,*,#338,.F.);
#1403 = ORIENTED_EDGE('',*,*,#1367,.F.);
#1404 = PLANE('',#1405);
#1405 = AXIS2_PLACEMENT_3D('',#1406,#1407,#1408);
#1406 = CARTESIAN_POINT('',(0.458436908847,-11.966914,4.));
#1407 = DIRECTION('',(-1.,0.,0.));
#1408 = DIRECTION('',(0.,-1.,0.));
#1409 = ADVANCED_FACE('',(#1410,#1429),#1483,.T.);
#1410 = FACE_BOUND('',#1411,.T.);
#1411 = EDGE_LOOP('',(#1412,#1420,#1421,#1422));
#1412 = ORIENTED_EDGE('',*,*,#1413,.T.);
#1413 = EDGE_CURVE('',#1414,#425,#1416,.T.);
#1414 = VERTEX_POINT('',#1415);
#1415 = CARTESIAN_POINT('',(12.,-42.,-25.));
#1416 = LINE('',#1417,#1418);
#1417 = CARTESIAN_POINT('',(12.,-42.,-25.));
#1418 = VECTOR('',#1419,1.);
#1419 = DIRECTION('',(0.,1.,-2.22044604925E-16));
#1420 = ORIENTED_EDGE('',*,*,#424,.T.);
#1421 = ORIENTED_EDGE('',*,*,#744,.F.);
#1422 = ORIENTED_EDGE('',*,*,#1423,.F.);
#1423 = EDGE_CURVE('',#1414,#737,#1424,.T.);
#1424 = CIRCLE('',#1425,4.);
#1425 = AXIS2_PLACEMENT_3D('',#1426,#1427,#1428);
#1426 = CARTESIAN_POINT('',(16.,-42.,-25.));
#1427 = DIRECTION('',(0.,-1.,2.22044604925E-16));
#1428 = DIRECTION('',(1.,0.,0.));
#1429 = FACE_BOUND('',#1430,.T.);
#1430 = EDGE_LOOP('',(#1431,#1442,#1450,#1459,#1468,#1476));
#1431 = ORIENTED_EDGE('',*,*,#1432,.F.);
#1432 = EDGE_CURVE('',#1433,#1435,#1437,.T.);
#1433 = VERTEX_POINT('',#1434);
#1434 = CARTESIAN_POINT('',(13.354248688935,-39.,-28.));
#1435 = VERTEX_POINT('',#1436);
#1436 = CARTESIAN_POINT('',(16.,-39.,-29.));
#1437 = CIRCLE('',#1438,4.);
#1438 = AXIS2_PLACEMENT_3D('',#1439,#1440,#1441);
#1439 = CARTESIAN_POINT('',(16.,-39.,-25.));
#1440 = DIRECTION('',(0.,-1.,2.22044604925E-16));
#1441 = DIRECTION('',(1.,0.,0.));
#1442 = ORIENTED_EDGE('',*,*,#1443,.T.);
#1443 = EDGE_CURVE('',#1433,#1444,#1446,.T.);
#1444 = VERTEX_POINT('',#1445);
#1445 = CARTESIAN_POINT('',(13.354248688935,-40.,-28.));
#1446 = LINE('',#1447,#1448);
#1447 = CARTESIAN_POINT('',(13.354248688935,-42.,-28.));
#1448 = VECTOR('',#1449,1.);
#1449 = DIRECTION('',(0.,-1.,2.22044604925E-16));
#1450 = ORIENTED_EDGE('',*,*,#1451,.T.);
#1451 = EDGE_CURVE('',#1444,#1452,#1454,.T.);
#1452 = VERTEX_POINT('',#1453);
#1453 = CARTESIAN_POINT('',(16.,-40.,-29.));
#1454 = CIRCLE('',#1455,4.);
#1455 = AXIS2_PLACEMENT_3D('',#1456,#1457,#1458);
#1456 = CARTESIAN_POINT('',(16.,-40.,-25.));
#1457 = DIRECTION('',(0.,-1.,2.22044604925E-16));
#1458 = DIRECTION('',(1.,0.,0.));
#1459 = ORIENTED_EDGE('',*,*,#1460,.T.);
#1460 = EDGE_CURVE('',#1452,#1461,#1463,.T.);
#1461 = VERTEX_POINT('',#1462);
#1462 = CARTESIAN_POINT('',(18.645751311065,-40.,-28.));
#1463 = CIRCLE('',#1464,4.);
#1464 = AXIS2_PLACEMENT_3D('',#1465,#1466,#1467);
#1465 = CARTESIAN_POINT('',(16.,-40.,-25.));
#1466 = DIRECTION('',(0.,-1.,2.22044604925E-16));
#1467 = DIRECTION('',(1.,0.,0.));
#1468 = ORIENTED_EDGE('',*,*,#1469,.F.);
#1469 = EDGE_CURVE('',#1470,#1461,#1472,.T.);
#1470 = VERTEX_POINT('',#1471);
#1471 = CARTESIAN_POINT('',(18.645751311065,-39.,-28.));
#1472 = LINE('',#1473,#1474);
#1473 = CARTESIAN_POINT('',(18.645751311065,-42.,-28.));
#1474 = VECTOR('',#1475,1.);
#1475 = DIRECTION('',(0.,-1.,2.22044604925E-16));
#1476 = ORIENTED_EDGE('',*,*,#1477,.F.);
#1477 = EDGE_CURVE('',#1435,#1470,#1478,.T.);
#1478 = CIRCLE('',#1479,4.);
#1479 = AXIS2_PLACEMENT_3D('',#1480,#1481,#1482);
#1480 = CARTESIAN_POINT('',(16.,-39.,-25.));
#1481 = DIRECTION('',(0.,-1.,2.22044604925E-16));
#1482 = DIRECTION('',(1.,0.,0.));
#1483 = CYLINDRICAL_SURFACE('',#1484,4.);
#1484 = AXIS2_PLACEMENT_3D('',#1485,#1486,#1487);
#1485 = CARTESIAN_POINT('',(16.,-42.,-25.));
#1486 = DIRECTION('',(0.,-1.,2.22044604925E-16));
#1487 = DIRECTION('',(1.,0.,0.));
#1488 = ADVANCED_FACE('',(#1489),#1507,.T.);
#1489 = FACE_BOUND('',#1490,.T.);
#1490 = EDGE_LOOP('',(#1491,#1499,#1500,#1501));
#1491 = ORIENTED_EDGE('',*,*,#1492,.T.);
#1492 = EDGE_CURVE('',#1493,#434,#1495,.T.);
#1493 = VERTEX_POINT('',#1494);
#1494 = CARTESIAN_POINT('',(-12.,-42.,-25.));
#1495 = LINE('',#1496,#1497);
#1496 = CARTESIAN_POINT('',(-12.,-42.,-25.));
#1497 = VECTOR('',#1498,1.);
#1498 = DIRECTION('',(0.,1.,-2.22044604925E-16));
#1499 = ORIENTED_EDGE('',*,*,#433,.T.);
#1500 = ORIENTED_EDGE('',*,*,#1413,.F.);
#1501 = ORIENTED_EDGE('',*,*,#1502,.F.);
#1502 = EDGE_CURVE('',#1493,#1414,#1503,.T.);
#1503 = LINE('',#1504,#1505);
#1504 = CARTESIAN_POINT('',(-12.,-42.,-25.));
#1505 = VECTOR('',#1506,1.);
#1506 = DIRECTION('',(1.,0.,0.));
#1507 = PLANE('',#1508);
#1508 = AXIS2_PLACEMENT_3D('',#1509,#1510,#1511);
#1509 = CARTESIAN_POINT('',(-12.,-42.,-25.));
#1510 = DIRECTION('',(0.,-2.22044604925E-16,-1.));
#1511 = DIRECTION('',(1.,0.,0.));
#1512 = ADVANCED_FACE('',(#1513,#1525),#1579,.T.);
#1513 = FACE_BOUND('',#1514,.T.);
#1514 = EDGE_LOOP('',(#1515,#1516,#1517,#1518));
#1515 = ORIENTED_EDGE('',*,*,#897,.T.);
#1516 = ORIENTED_EDGE('',*,*,#441,.T.);
#1517 = ORIENTED_EDGE('',*,*,#1492,.F.);
#1518 = ORIENTED_EDGE('',*,*,#1519,.F.);
#1519 = EDGE_CURVE('',#898,#1493,#1520,.T.);
#1520 = CIRCLE('',#1521,4.);
#1521 = AXIS2_PLACEMENT_3D('',#1522,#1523,#1524);
#1522 = CARTESIAN_POINT('',(-16.,-42.,-25.));
#1523 = DIRECTION('',(0.,-1.,2.22044604925E-16));
#1524 = DIRECTION('',(1.,0.,0.));
#1525 = FACE_BOUND('',#1526,.T.);
#1526 = EDGE_LOOP('',(#1527,#1538,#1546,#1555,#1564,#1572));
#1527 = ORIENTED_EDGE('',*,*,#1528,.F.);
#1528 = EDGE_CURVE('',#1529,#1531,#1533,.T.);
#1529 = VERTEX_POINT('',#1530);
#1530 = CARTESIAN_POINT('',(-18.64575131106,-39.,-28.));
#1531 = VERTEX_POINT('',#1532);
#1532 = CARTESIAN_POINT('',(-16.,-39.,-29.));
#1533 = CIRCLE('',#1534,4.);
#1534 = AXIS2_PLACEMENT_3D('',#1535,#1536,#1537);
#1535 = CARTESIAN_POINT('',(-16.,-39.,-25.));
#1536 = DIRECTION('',(0.,-1.,2.22044604925E-16));
#1537 = DIRECTION('',(1.,0.,0.));
#1538 = ORIENTED_EDGE('',*,*,#1539,.T.);
#1539 = EDGE_CURVE('',#1529,#1540,#1542,.T.);
#1540 = VERTEX_POINT('',#1541);
#1541 = CARTESIAN_POINT('',(-18.64575131106,-40.,-28.));
#1542 = LINE('',#1543,#1544);
#1543 = CARTESIAN_POINT('',(-18.64575131106,-42.,-28.));
#1544 = VECTOR('',#1545,1.);
#1545 = DIRECTION('',(0.,-1.,2.22044604925E-16));
#1546 = ORIENTED_EDGE('',*,*,#1547,.T.);
#1547 = EDGE_CURVE('',#1540,#1548,#1550,.T.);
#1548 = VERTEX_POINT('',#1549);
#1549 = CARTESIAN_POINT('',(-16.,-40.,-29.));
#1550 = CIRCLE('',#1551,4.);
#1551 = AXIS2_PLACEMENT_3D('',#1552,#1553,#1554);
#1552 = CARTESIAN_POINT('',(-16.,-40.,-25.));
#1553 = DIRECTION('',(0.,-1.,2.22044604925E-16));
#1554 = DIRECTION('',(1.,0.,0.));
#1555 = ORIENTED_EDGE('',*,*,#1556,.T.);
#1556 = EDGE_CURVE('',#1548,#1557,#1559,.T.);
#1557 = VERTEX_POINT('',#1558);
#1558 = CARTESIAN_POINT('',(-13.35424868893,-40.,-28.));
#1559 = CIRCLE('',#1560,4.);
#1560 = AXIS2_PLACEMENT_3D('',#1561,#1562,#1563);
#1561 = CARTESIAN_POINT('',(-16.,-40.,-25.));
#1562 = DIRECTION('',(0.,-1.,2.22044604925E-16));
#1563 = DIRECTION('',(1.,0.,0.));
#1564 = ORIENTED_EDGE('',*,*,#1565,.F.);
#1565 = EDGE_CURVE('',#1566,#1557,#1568,.T.);
#1566 = VERTEX_POINT('',#1567);
#1567 = CARTESIAN_POINT('',(-13.35424868893,-39.,-28.));
#1568 = LINE('',#1569,#1570);
#1569 = CARTESIAN_POINT('',(-13.35424868893,-42.,-28.));
#1570 = VECTOR('',#1571,1.);
#1571 = DIRECTION('',(0.,-1.,2.22044604925E-16));
#1572 = ORIENTED_EDGE('',*,*,#1573,.F.);
#1573 = EDGE_CURVE('',#1531,#1566,#1574,.T.);
#1574 = CIRCLE('',#1575,4.);
#1575 = AXIS2_PLACEMENT_3D('',#1576,#1577,#1578);
#1576 = CARTESIAN_POINT('',(-16.,-39.,-25.));
#1577 = DIRECTION('',(0.,-1.,2.22044604925E-16));
#1578 = DIRECTION('',(1.,0.,0.));
#1579 = CYLINDRICAL_SURFACE('',#1580,4.);
#1580 = AXIS2_PLACEMENT_3D('',#1581,#1582,#1583);
#1581 = CARTESIAN_POINT('',(-16.,-42.,-25.));
#1582 = DIRECTION('',(0.,-1.,2.22044604925E-16));
#1583 = DIRECTION('',(1.,0.,0.));
#1584 = ADVANCED_FACE('',(#1585),#1596,.T.);
#1585 = FACE_BOUND('',#1586,.F.);
#1586 = EDGE_LOOP('',(#1587,#1588,#1589,#1590));
#1587 = ORIENTED_EDGE('',*,*,#1187,.F.);
#1588 = ORIENTED_EDGE('',*,*,#474,.T.);
#1589 = ORIENTED_EDGE('',*,*,#1263,.T.);
#1590 = ORIENTED_EDGE('',*,*,#1591,.F.);
#1591 = EDGE_CURVE('',#1180,#1264,#1592,.T.);
#1592 = LINE('',#1593,#1594);
#1593 = CARTESIAN_POINT('',(-9.,-34.,-1.5));
#1594 = VECTOR('',#1595,1.);
#1595 = DIRECTION('',(1.,0.,0.));
#1596 = PLANE('',#1597);
#1597 = AXIS2_PLACEMENT_3D('',#1598,#1599,#1600);
#1598 = CARTESIAN_POINT('',(-9.,-34.5,-2.));
#1599 = DIRECTION('',(0.,0.707106781187,-0.707106781187));
#1600 = DIRECTION('',(-1.,-0.,-0.));
#1601 = ADVANCED_FACE('',(#1602),#1613,.T.);
#1602 = FACE_BOUND('',#1603,.F.);
#1603 = EDGE_LOOP('',(#1604,#1605,#1606,#1607));
#1604 = ORIENTED_EDGE('',*,*,#1146,.F.);
#1605 = ORIENTED_EDGE('',*,*,#506,.T.);
#1606 = ORIENTED_EDGE('',*,*,#843,.T.);
#1607 = ORIENTED_EDGE('',*,*,#1608,.F.);
#1608 = EDGE_CURVE('',#1139,#844,#1609,.T.);
#1609 = LINE('',#1610,#1611);
#1610 = CARTESIAN_POINT('',(-1.5,-34.,-1.5));
#1611 = VECTOR('',#1612,1.);
#1612 = DIRECTION('',(1.,0.,0.));
#1613 = PLANE('',#1614);
#1614 = AXIS2_PLACEMENT_3D('',#1615,#1616,#1617);
#1615 = CARTESIAN_POINT('',(-1.5,-34.5,-2.));
#1616 = DIRECTION('',(0.,0.707106781187,-0.707106781187));
#1617 = DIRECTION('',(-1.,-0.,-0.));
#1618 = ADVANCED_FACE('',(#1619),#1638,.F.);
#1619 = FACE_BOUND('',#1620,.F.);
#1620 = EDGE_LOOP('',(#1621,#1629,#1636,#1637));
#1621 = ORIENTED_EDGE('',*,*,#1622,.T.);
#1622 = EDGE_CURVE('',#542,#1623,#1625,.T.);
#1623 = VERTEX_POINT('',#1624);
#1624 = CARTESIAN_POINT('',(-18.95,-37.,-25.));
#1625 = LINE('',#1626,#1627);
#1626 = CARTESIAN_POINT('',(-18.95,-35.,-25.));
#1627 = VECTOR('',#1628,1.);
#1628 = DIRECTION('',(0.,-1.,2.22044604925E-16));
#1629 = ORIENTED_EDGE('',*,*,#1630,.T.);
#1630 = EDGE_CURVE('',#1623,#1623,#1631,.T.);
#1631 = CIRCLE('',#1632,2.95);
#1632 = AXIS2_PLACEMENT_3D('',#1633,#1634,#1635);
#1633 = CARTESIAN_POINT('',(-16.,-37.,-25.));
#1634 = DIRECTION('',(0.,1.,-2.22044604925E-16));
#1635 = DIRECTION('',(-1.,0.,0.));
#1636 = ORIENTED_EDGE('',*,*,#1622,.F.);
#1637 = ORIENTED_EDGE('',*,*,#541,.F.);
#1638 = CYLINDRICAL_SURFACE('',#1639,2.95);
#1639 = AXIS2_PLACEMENT_3D('',#1640,#1641,#1642);
#1640 = CARTESIAN_POINT('',(-16.,-35.,-25.));
#1641 = DIRECTION('',(0.,1.,-2.22044604925E-16));
#1642 = DIRECTION('',(-1.,0.,0.));
#1643 = ADVANCED_FACE('',(#1644),#1663,.F.);
#1644 = FACE_BOUND('',#1645,.F.);
#1645 = EDGE_LOOP('',(#1646,#1654,#1661,#1662));
#1646 = ORIENTED_EDGE('',*,*,#1647,.T.);
#1647 = EDGE_CURVE('',#553,#1648,#1650,.T.);
#1648 = VERTEX_POINT('',#1649);
#1649 = CARTESIAN_POINT('',(13.05,-37.,-25.));
#1650 = LINE('',#1651,#1652);
#1651 = CARTESIAN_POINT('',(13.05,-35.,-25.));
#1652 = VECTOR('',#1653,1.);
#1653 = DIRECTION('',(0.,-1.,2.22044604925E-16));
#1654 = ORIENTED_EDGE('',*,*,#1655,.T.);
#1655 = EDGE_CURVE('',#1648,#1648,#1656,.T.);
#1656 = CIRCLE('',#1657,2.95);
#1657 = AXIS2_PLACEMENT_3D('',#1658,#1659,#1660);
#1658 = CARTESIAN_POINT('',(16.,-37.,-25.));
#1659 = DIRECTION('',(0.,1.,-2.22044604925E-16));
#1660 = DIRECTION('',(-1.,0.,0.));
#1661 = ORIENTED_EDGE('',*,*,#1647,.F.);
#1662 = ORIENTED_EDGE('',*,*,#552,.F.);
#1663 = CYLINDRICAL_SURFACE('',#1664,2.95);
#1664 = AXIS2_PLACEMENT_3D('',#1665,#1666,#1667);
#1665 = CARTESIAN_POINT('',(16.,-35.,-25.));
#1666 = DIRECTION('',(0.,1.,-2.22044604925E-16));
#1667 = DIRECTION('',(-1.,0.,0.));
#1668 = ADVANCED_FACE('',(#1669,#1682,#1693),#1704,.T.);
#1669 = FACE_BOUND('',#1670,.T.);
#1670 = EDGE_LOOP('',(#1671,#1672,#1673,#1674,#1675,#1676));
#1671 = ORIENTED_EDGE('',*,*,#905,.F.);
#1672 = ORIENTED_EDGE('',*,*,#1519,.T.);
#1673 = ORIENTED_EDGE('',*,*,#1502,.T.);
#1674 = ORIENTED_EDGE('',*,*,#1423,.T.);
#1675 = ORIENTED_EDGE('',*,*,#736,.T.);
#1676 = ORIENTED_EDGE('',*,*,#1677,.F.);
#1677 = EDGE_CURVE('',#906,#729,#1678,.T.);
#1678 = LINE('',#1679,#1680);
#1679 = CARTESIAN_POINT('',(-20.,-42.,-17.));
#1680 = VECTOR('',#1681,1.);
#1681 = DIRECTION('',(1.,0.,0.));
#1682 = FACE_BOUND('',#1683,.T.);
#1683 = EDGE_LOOP('',(#1684));
#1684 = ORIENTED_EDGE('',*,*,#1685,.F.);
#1685 = EDGE_CURVE('',#1686,#1686,#1688,.T.);
#1686 = VERTEX_POINT('',#1687);
#1687 = CARTESIAN_POINT('',(-14.4,-42.,-25.));
#1688 = CIRCLE('',#1689,1.6);
#1689 = AXIS2_PLACEMENT_3D('',#1690,#1691,#1692);
#1690 = CARTESIAN_POINT('',(-16.,-42.,-25.));
#1691 = DIRECTION('',(0.,-1.,2.22044604925E-16));
#1692 = DIRECTION('',(1.,0.,0.));
#1693 = FACE_BOUND('',#1694,.T.);
#1694 = EDGE_LOOP('',(#1695));
#1695 = ORIENTED_EDGE('',*,*,#1696,.F.);
#1696 = EDGE_CURVE('',#1697,#1697,#1699,.T.);
#1697 = VERTEX_POINT('',#1698);
#1698 = CARTESIAN_POINT('',(17.6,-42.,-25.));
#1699 = CIRCLE('',#1700,1.6);
#1700 = AXIS2_PLACEMENT_3D('',#1701,#1702,#1703);
#1701 = CARTESIAN_POINT('',(16.,-42.,-25.));
#1702 = DIRECTION('',(0.,-1.,2.22044604925E-16));
#1703 = DIRECTION('',(1.,0.,0.));
#1704 = PLANE('',#1705);
#1705 = AXIS2_PLACEMENT_3D('',#1706,#1707,#1708);
#1706 = CARTESIAN_POINT('',(0.,-42.,-11.6741481222));
#1707 = DIRECTION('',(0.,-1.,2.485456641672E-16));
#1708 = DIRECTION('',(0.,-2.485456641672E-16,-1.));
#1709 = ADVANCED_FACE('',(#1710),#1721,.F.);
#1710 = FACE_BOUND('',#1711,.F.);
#1711 = EDGE_LOOP('',(#1712,#1713,#1714,#1720));
#1712 = ORIENTED_EDGE('',*,*,#1677,.F.);
#1713 = ORIENTED_EDGE('',*,*,#913,.T.);
#1714 = ORIENTED_EDGE('',*,*,#1715,.F.);
#1715 = EDGE_CURVE('',#721,#914,#1716,.T.);
#1716 = LINE('',#1717,#1718);
#1717 = CARTESIAN_POINT('',(1.7763568394E-15,-38.5,-17.));
#1718 = VECTOR('',#1719,1.);
#1719 = DIRECTION('',(-1.,0.,0.));
#1720 = ORIENTED_EDGE('',*,*,#728,.F.);
#1721 = PLANE('',#1722);
#1722 = AXIS2_PLACEMENT_3D('',#1723,#1724,#1725);
#1723 = CARTESIAN_POINT('',(-20.,-42.,-17.));
#1724 = DIRECTION('',(0.,-2.22044604925E-16,-1.));
#1725 = DIRECTION('',(1.,0.,0.));
#1726 = ADVANCED_FACE('',(#1727),#1738,.F.);
#1727 = FACE_BOUND('',#1728,.F.);
#1728 = EDGE_LOOP('',(#1729,#1730,#1731,#1732));
#1729 = ORIENTED_EDGE('',*,*,#720,.F.);
#1730 = ORIENTED_EDGE('',*,*,#1715,.T.);
#1731 = ORIENTED_EDGE('',*,*,#921,.F.);
#1732 = ORIENTED_EDGE('',*,*,#1733,.F.);
#1733 = EDGE_CURVE('',#713,#922,#1734,.T.);
#1734 = LINE('',#1735,#1736);
#1735 = CARTESIAN_POINT('',(20.,-38.5,-17.5));
#1736 = VECTOR('',#1737,1.);
#1737 = DIRECTION('',(-1.,-0.,-0.));
#1738 = PLANE('',#1739);
#1739 = AXIS2_PLACEMENT_3D('',#1740,#1741,#1742);
#1740 = CARTESIAN_POINT('',(20.,-38.5,0.5));
#1741 = DIRECTION('',(0.,-1.,0.));
#1742 = DIRECTION('',(0.,0.,-1.));
#1743 = ADVANCED_FACE('',(#1744),#1755,.F.);
#1744 = FACE_BOUND('',#1745,.F.);
#1745 = EDGE_LOOP('',(#1746,#1747,#1748,#1749));
#1746 = ORIENTED_EDGE('',*,*,#712,.F.);
#1747 = ORIENTED_EDGE('',*,*,#1733,.T.);
#1748 = ORIENTED_EDGE('',*,*,#929,.F.);
#1749 = ORIENTED_EDGE('',*,*,#1750,.F.);
#1750 = EDGE_CURVE('',#705,#930,#1751,.T.);
#1751 = LINE('',#1752,#1753);
#1752 = CARTESIAN_POINT('',(20.,-36.9,-17.5));
#1753 = VECTOR('',#1754,1.);
#1754 = DIRECTION('',(-1.,-0.,-0.));
#1755 = PLANE('',#1756);
#1756 = AXIS2_PLACEMENT_3D('',#1757,#1758,#1759);
#1757 = CARTESIAN_POINT('',(20.,-38.5,-17.5));
#1758 = DIRECTION('',(0.,0.,-1.));
#1759 = DIRECTION('',(0.,1.,0.));
#1760 = ADVANCED_FACE('',(#1761),#1772,.F.);
#1761 = FACE_BOUND('',#1762,.F.);
#1762 = EDGE_LOOP('',(#1763,#1764,#1765,#1766));
#1763 = ORIENTED_EDGE('',*,*,#704,.F.);
#1764 = ORIENTED_EDGE('',*,*,#1750,.T.);
#1765 = ORIENTED_EDGE('',*,*,#937,.F.);
#1766 = ORIENTED_EDGE('',*,*,#1767,.T.);
#1767 = EDGE_CURVE('',#938,#697,#1768,.T.);
#1768 = LINE('',#1769,#1770);
#1769 = CARTESIAN_POINT('',(1.7763568394E-15,-36.9,-17.));
#1770 = VECTOR('',#1771,1.);
#1771 = DIRECTION('',(1.,0.,0.));
#1772 = PLANE('',#1773);
#1773 = AXIS2_PLACEMENT_3D('',#1774,#1775,#1776);
#1774 = CARTESIAN_POINT('',(20.,-36.9,-17.5));
#1775 = DIRECTION('',(0.,1.,0.));
#1776 = DIRECTION('',(0.,0.,1.));
#1777 = ADVANCED_FACE('',(#1778),#1789,.F.);
#1778 = FACE_BOUND('',#1779,.F.);
#1779 = EDGE_LOOP('',(#1780,#1781,#1782,#1788));
#1780 = ORIENTED_EDGE('',*,*,#1767,.F.);
#1781 = ORIENTED_EDGE('',*,*,#945,.T.);
#1782 = ORIENTED_EDGE('',*,*,#1783,.T.);
#1783 = EDGE_CURVE('',#946,#689,#1784,.T.);
#1784 = LINE('',#1785,#1786);
#1785 = CARTESIAN_POINT('',(-20.,-36.5,-17.));
#1786 = VECTOR('',#1787,1.);
#1787 = DIRECTION('',(1.,0.,0.));
#1788 = ORIENTED_EDGE('',*,*,#696,.F.);
#1789 = PLANE('',#1790);
#1790 = AXIS2_PLACEMENT_3D('',#1791,#1792,#1793);
#1791 = CARTESIAN_POINT('',(-20.,-42.,-17.));
#1792 = DIRECTION('',(0.,-2.22044604925E-16,-1.));
#1793 = DIRECTION('',(1.,0.,0.));
#1794 = ADVANCED_FACE('',(#1795),#1838,.T.);
#1795 = FACE_BOUND('',#1796,.T.);
#1796 = EDGE_LOOP('',(#1797,#1805,#1813,#1821,#1829,#1835,#1836,#1837));
#1797 = ORIENTED_EDGE('',*,*,#1798,.T.);
#1798 = EDGE_CURVE('',#681,#1799,#1801,.T.);
#1799 = VERTEX_POINT('',#1800);
#1800 = CARTESIAN_POINT('',(17.5,-36.5,1.113044488171E-15));
#1801 = LINE('',#1802,#1803);
#1802 = CARTESIAN_POINT('',(20.,-36.5,9.217672567935E-15));
#1803 = VECTOR('',#1804,1.);
#1804 = DIRECTION('',(-1.,0.,0.));
#1805 = ORIENTED_EDGE('',*,*,#1806,.T.);
#1806 = EDGE_CURVE('',#1799,#1807,#1809,.T.);
#1807 = VERTEX_POINT('',#1808);
#1808 = CARTESIAN_POINT('',(17.5,-36.5,1.5));
#1809 = LINE('',#1810,#1811);
#1810 = CARTESIAN_POINT('',(17.5,-36.5,1.113044488171E-15));
#1811 = VECTOR('',#1812,1.);
#1812 = DIRECTION('',(0.,0.,1.));
#1813 = ORIENTED_EDGE('',*,*,#1814,.T.);
#1814 = EDGE_CURVE('',#1807,#1815,#1817,.T.);
#1815 = VERTEX_POINT('',#1816);
#1816 = CARTESIAN_POINT('',(13.5,-36.5,1.5));
#1817 = LINE('',#1818,#1819);
#1818 = CARTESIAN_POINT('',(7.208333333333,-36.5,1.5));
#1819 = VECTOR('',#1820,1.);
#1820 = DIRECTION('',(-1.,0.,0.));
#1821 = ORIENTED_EDGE('',*,*,#1822,.F.);
#1822 = EDGE_CURVE('',#1823,#1815,#1825,.T.);
#1823 = VERTEX_POINT('',#1824);
#1824 = CARTESIAN_POINT('',(13.5,-36.5,1.113044488171E-15));
#1825 = LINE('',#1826,#1827);
#1826 = CARTESIAN_POINT('',(13.5,-36.5,1.113044488171E-15));
#1827 = VECTOR('',#1828,1.);
#1828 = DIRECTION('',(0.,0.,1.));
#1829 = ORIENTED_EDGE('',*,*,#1830,.T.);
#1830 = EDGE_CURVE('',#1823,#954,#1831,.T.);
#1831 = LINE('',#1832,#1833);
#1832 = CARTESIAN_POINT('',(20.,-36.5,9.217672567935E-15));
#1833 = VECTOR('',#1834,1.);
#1834 = DIRECTION('',(-1.,0.,0.));
#1835 = ORIENTED_EDGE('',*,*,#953,.T.);
#1836 = ORIENTED_EDGE('',*,*,#1783,.T.);
#1837 = ORIENTED_EDGE('',*,*,#688,.T.);
#1838 = PLANE('',#1839);
#1839 = AXIS2_PLACEMENT_3D('',#1840,#1841,#1842);
#1840 = CARTESIAN_POINT('',(0.397435897436,-36.5,-8.211538461538));
#1841 = DIRECTION('',(0.,-1.,4.141415595381E-16));
#1842 = DIRECTION('',(0.,-4.141415595381E-16,-1.));
#1843 = ADVANCED_FACE('',(#1844),#1862,.F.);
#1844 = FACE_BOUND('',#1845,.F.);
#1845 = EDGE_LOOP('',(#1846,#1854,#1855,#1856));
#1846 = ORIENTED_EDGE('',*,*,#1847,.F.);
#1847 = EDGE_CURVE('',#673,#1848,#1850,.T.);
#1848 = VERTEX_POINT('',#1849);
#1849 = CARTESIAN_POINT('',(17.5,-36.9,1.113044488171E-15));
#1850 = LINE('',#1851,#1852);
#1851 = CARTESIAN_POINT('',(20.,-36.9,8.205958883753E-15));
#1852 = VECTOR('',#1853,1.);
#1853 = DIRECTION('',(-1.,0.,0.));
#1854 = ORIENTED_EDGE('',*,*,#680,.T.);
#1855 = ORIENTED_EDGE('',*,*,#1798,.T.);
#1856 = ORIENTED_EDGE('',*,*,#1857,.T.);
#1857 = EDGE_CURVE('',#1799,#1848,#1858,.T.);
#1858 = LINE('',#1859,#1860);
#1859 = CARTESIAN_POINT('',(17.5,-36.5,1.113044488171E-15));
#1860 = VECTOR('',#1861,1.);
#1861 = DIRECTION('',(0.,-1.,0.));
#1862 = PLANE('',#1863);
#1863 = AXIS2_PLACEMENT_3D('',#1864,#1865,#1866);
#1864 = CARTESIAN_POINT('',(20.,-42.,1.043891789502E-14));
#1865 = DIRECTION('',(0.,2.22044604925E-16,1.));
#1866 = DIRECTION('',(-1.,0.,0.));
#1867 = ADVANCED_FACE('',(#1868),#1886,.F.);
#1868 = FACE_BOUND('',#1869,.F.);
#1869 = EDGE_LOOP('',(#1870,#1871,#1872,#1880));
#1870 = ORIENTED_EDGE('',*,*,#672,.F.);
#1871 = ORIENTED_EDGE('',*,*,#1847,.T.);
#1872 = ORIENTED_EDGE('',*,*,#1873,.F.);
#1873 = EDGE_CURVE('',#1874,#1848,#1876,.T.);
#1874 = VERTEX_POINT('',#1875);
#1875 = CARTESIAN_POINT('',(17.5,-36.9,0.5));
#1876 = LINE('',#1877,#1878);
#1877 = CARTESIAN_POINT('',(17.5,-36.9,-7.448453608247));
#1878 = VECTOR('',#1879,1.);
#1879 = DIRECTION('',(0.,0.,-1.));
#1880 = ORIENTED_EDGE('',*,*,#1881,.F.);
#1881 = EDGE_CURVE('',#665,#1874,#1882,.T.);
#1882 = LINE('',#1883,#1884);
#1883 = CARTESIAN_POINT('',(20.,-36.9,0.5));
#1884 = VECTOR('',#1885,1.);
#1885 = DIRECTION('',(-1.,-0.,-0.));
#1886 = PLANE('',#1887);
#1887 = AXIS2_PLACEMENT_3D('',#1888,#1889,#1890);
#1888 = CARTESIAN_POINT('',(20.,-36.9,-17.5));
#1889 = DIRECTION('',(0.,1.,0.));
#1890 = DIRECTION('',(0.,0.,1.));
#1891 = ADVANCED_FACE('',(#1892),#1910,.F.);
#1892 = FACE_BOUND('',#1893,.F.);
#1893 = EDGE_LOOP('',(#1894,#1895,#1896,#1904));
#1894 = ORIENTED_EDGE('',*,*,#664,.F.);
#1895 = ORIENTED_EDGE('',*,*,#1881,.T.);
#1896 = ORIENTED_EDGE('',*,*,#1897,.F.);
#1897 = EDGE_CURVE('',#1898,#1874,#1900,.T.);
#1898 = VERTEX_POINT('',#1899);
#1899 = CARTESIAN_POINT('',(17.5,-38.5,0.5));
#1900 = LINE('',#1901,#1902);
#1901 = CARTESIAN_POINT('',(17.5,-28.62654639175,0.5));
#1902 = VECTOR('',#1903,1.);
#1903 = DIRECTION('',(0.,1.,0.));
#1904 = ORIENTED_EDGE('',*,*,#1905,.F.);
#1905 = EDGE_CURVE('',#657,#1898,#1906,.T.);
#1906 = LINE('',#1907,#1908);
#1907 = CARTESIAN_POINT('',(20.,-38.5,0.5));
#1908 = VECTOR('',#1909,1.);
#1909 = DIRECTION('',(-1.,-0.,-0.));
#1910 = PLANE('',#1911);
#1911 = AXIS2_PLACEMENT_3D('',#1912,#1913,#1914);
#1912 = CARTESIAN_POINT('',(20.,-36.9,0.5));
#1913 = DIRECTION('',(0.,0.,1.));
#1914 = DIRECTION('',(0.,-1.,0.));
#1915 = ADVANCED_FACE('',(#1916),#1934,.F.);
#1916 = FACE_BOUND('',#1917,.F.);
#1917 = EDGE_LOOP('',(#1918,#1919,#1920,#1928));
#1918 = ORIENTED_EDGE('',*,*,#656,.F.);
#1919 = ORIENTED_EDGE('',*,*,#1905,.T.);
#1920 = ORIENTED_EDGE('',*,*,#1921,.F.);
#1921 = EDGE_CURVE('',#1922,#1898,#1924,.T.);
#1922 = VERTEX_POINT('',#1923);
#1923 = CARTESIAN_POINT('',(17.5,-38.5,1.113044488171E-15));
#1924 = LINE('',#1925,#1926);
#1925 = CARTESIAN_POINT('',(17.5,-38.5,1.551546391753));
#1926 = VECTOR('',#1927,1.);
#1927 = DIRECTION('',(0.,0.,1.));
#1928 = ORIENTED_EDGE('',*,*,#1929,.T.);
#1929 = EDGE_CURVE('',#1922,#649,#1930,.T.);
#1930 = LINE('',#1931,#1932);
#1931 = CARTESIAN_POINT('',(20.,-38.5,9.660351046012E-15));
#1932 = VECTOR('',#1933,1.);
#1933 = DIRECTION('',(1.,0.,0.));
#1934 = PLANE('',#1935);
#1935 = AXIS2_PLACEMENT_3D('',#1936,#1937,#1938);
#1936 = CARTESIAN_POINT('',(20.,-38.5,0.5));
#1937 = DIRECTION('',(0.,-1.,0.));
#1938 = DIRECTION('',(0.,0.,-1.));
#1939 = ADVANCED_FACE('',(#1940),#1958,.F.);
#1940 = FACE_BOUND('',#1941,.F.);
#1941 = EDGE_LOOP('',(#1942,#1950,#1951,#1952));
#1942 = ORIENTED_EDGE('',*,*,#1943,.F.);
#1943 = EDGE_CURVE('',#641,#1944,#1946,.T.);
#1944 = VERTEX_POINT('',#1945);
#1945 = CARTESIAN_POINT('',(17.5,-42.,1.113044488171E-15));
#1946 = LINE('',#1947,#1948);
#1947 = CARTESIAN_POINT('',(20.,-42.,1.043891789502E-14));
#1948 = VECTOR('',#1949,1.);
#1949 = DIRECTION('',(-1.,0.,0.));
#1950 = ORIENTED_EDGE('',*,*,#648,.T.);
#1951 = ORIENTED_EDGE('',*,*,#1929,.F.);
#1952 = ORIENTED_EDGE('',*,*,#1953,.T.);
#1953 = EDGE_CURVE('',#1922,#1944,#1954,.T.);
#1954 = LINE('',#1955,#1956);
#1955 = CARTESIAN_POINT('',(17.5,-36.5,1.113044488171E-15));
#1956 = VECTOR('',#1957,1.);
#1957 = DIRECTION('',(0.,-1.,0.));
#1958 = PLANE('',#1959);
#1959 = AXIS2_PLACEMENT_3D('',#1960,#1961,#1962);
#1960 = CARTESIAN_POINT('',(20.,-42.,1.043891789502E-14));
#1961 = DIRECTION('',(0.,2.22044604925E-16,1.));
#1962 = DIRECTION('',(-1.,0.,0.));
#1963 = ADVANCED_FACE('',(#1964),#1982,.T.);
#1964 = FACE_BOUND('',#1965,.T.);
#1965 = EDGE_LOOP('',(#1966,#1974,#1975,#1976));
#1966 = ORIENTED_EDGE('',*,*,#1967,.T.);
#1967 = EDGE_CURVE('',#1968,#1944,#1970,.T.);
#1968 = VERTEX_POINT('',#1969);
#1969 = CARTESIAN_POINT('',(17.5,-42.,4.));
#1970 = LINE('',#1971,#1972);
#1971 = CARTESIAN_POINT('',(17.5,-42.,4.));
#1972 = VECTOR('',#1973,1.);
#1973 = DIRECTION('',(-0.,-0.,-1.));
#1974 = ORIENTED_EDGE('',*,*,#1943,.F.);
#1975 = ORIENTED_EDGE('',*,*,#640,.T.);
#1976 = ORIENTED_EDGE('',*,*,#1977,.F.);
#1977 = EDGE_CURVE('',#1968,#633,#1978,.T.);
#1978 = LINE('',#1979,#1980);
#1979 = CARTESIAN_POINT('',(-20.,-42.,4.));
#1980 = VECTOR('',#1981,1.);
#1981 = DIRECTION('',(1.,0.,0.));
#1982 = PLANE('',#1983);
#1983 = AXIS2_PLACEMENT_3D('',#1984,#1985,#1986);
#1984 = CARTESIAN_POINT('',(0.,-42.,-11.6741481222));
#1985 = DIRECTION('',(0.,-1.,2.485456641672E-16));
#1986 = DIRECTION('',(0.,-2.485456641672E-16,-1.));
#1987 = ADVANCED_FACE('',(#1988),#2006,.T.);
#1988 = FACE_BOUND('',#1989,.T.);
#1989 = EDGE_LOOP('',(#1990,#1998,#2004,#2005));
#1990 = ORIENTED_EDGE('',*,*,#1991,.T.);
#1991 = EDGE_CURVE('',#625,#1992,#1994,.T.);
#1992 = VERTEX_POINT('',#1993);
#1993 = CARTESIAN_POINT('',(17.5,-40.,4.));
#1994 = LINE('',#1995,#1996);
#1995 = CARTESIAN_POINT('',(20.,-40.,4.));
#1996 = VECTOR('',#1997,1.);
#1997 = DIRECTION('',(-1.,-0.,-0.));
#1998 = ORIENTED_EDGE('',*,*,#1999,.T.);
#1999 = EDGE_CURVE('',#1992,#1968,#2000,.T.);
#2000 = LINE('',#2001,#2002);
#2001 = CARTESIAN_POINT('',(17.5,2.5,4.));
#2002 = VECTOR('',#2003,1.);
#2003 = DIRECTION('',(0.,-1.,0.));
#2004 = ORIENTED_EDGE('',*,*,#1977,.T.);
#2005 = ORIENTED_EDGE('',*,*,#632,.T.);
#2006 = PLANE('',#2007);
#2007 = AXIS2_PLACEMENT_3D('',#2008,#2009,#2010);
#2008 = CARTESIAN_POINT('',(1.258768054721E-15,-15.7041224151,4.));
#2009 = DIRECTION('',(0.,0.,1.));
#2010 = DIRECTION('',(1.,0.,0.));
#2011 = ADVANCED_FACE('',(#2012),#2030,.T.);
#2012 = FACE_BOUND('',#2013,.T.);
#2013 = EDGE_LOOP('',(#2014,#2015,#2023,#2029));
#2014 = ORIENTED_EDGE('',*,*,#624,.F.);
#2015 = ORIENTED_EDGE('',*,*,#2016,.T.);
#2016 = EDGE_CURVE('',#617,#2017,#2019,.T.);
#2017 = VERTEX_POINT('',#2018);
#2018 = CARTESIAN_POINT('',(17.5,-40.,3.));
#2019 = LINE('',#2020,#2021);
#2020 = CARTESIAN_POINT('',(20.,-40.,3.));
#2021 = VECTOR('',#2022,1.);
#2022 = DIRECTION('',(-1.,-0.,-0.));
#2023 = ORIENTED_EDGE('',*,*,#2024,.F.);
#2024 = EDGE_CURVE('',#1992,#2017,#2025,.T.);
#2025 = LINE('',#2026,#2027);
#2026 = CARTESIAN_POINT('',(17.5,-40.,2.801546391753));
#2027 = VECTOR('',#2028,1.);
#2028 = DIRECTION('',(0.,0.,-1.));
#2029 = ORIENTED_EDGE('',*,*,#1991,.F.);
#2030 = PLANE('',#2031);
#2031 = AXIS2_PLACEMENT_3D('',#2032,#2033,#2034);
#2032 = CARTESIAN_POINT('',(20.,-40.,3.));
#2033 = DIRECTION('',(0.,1.,0.));
#2034 = DIRECTION('',(0.,0.,1.));
#2035 = ADVANCED_FACE('',(#2036),#2054,.T.);
#2036 = FACE_BOUND('',#2037,.T.);
#2037 = EDGE_LOOP('',(#2038,#2039,#2047,#2053));
#2038 = ORIENTED_EDGE('',*,*,#616,.F.);
#2039 = ORIENTED_EDGE('',*,*,#2040,.T.);
#2040 = EDGE_CURVE('',#609,#2041,#2043,.T.);
#2041 = VERTEX_POINT('',#2042);
#2042 = CARTESIAN_POINT('',(17.5,-39.,3.));
#2043 = LINE('',#2044,#2045);
#2044 = CARTESIAN_POINT('',(20.,-39.,3.));
#2045 = VECTOR('',#2046,1.);
#2046 = DIRECTION('',(-1.,-0.,-0.));
#2047 = ORIENTED_EDGE('',*,*,#2048,.F.);
#2048 = EDGE_CURVE('',#2017,#2041,#2049,.T.);
#2049 = LINE('',#2050,#2051);
#2050 = CARTESIAN_POINT('',(17.5,-29.67654639175,3.));
#2051 = VECTOR('',#2052,1.);
#2052 = DIRECTION('',(0.,1.,0.));
#2053 = ORIENTED_EDGE('',*,*,#2016,.F.);
#2054 = PLANE('',#2055);
#2055 = AXIS2_PLACEMENT_3D('',#2056,#2057,#2058);
#2056 = CARTESIAN_POINT('',(20.,-39.,3.));
#2057 = DIRECTION('',(0.,0.,1.));
#2058 = DIRECTION('',(0.,-1.,0.));
#2059 = ADVANCED_FACE('',(#2060),#2078,.T.);
#2060 = FACE_BOUND('',#2061,.T.);
#2061 = EDGE_LOOP('',(#2062,#2063,#2071,#2077));
#2062 = ORIENTED_EDGE('',*,*,#608,.F.);
#2063 = ORIENTED_EDGE('',*,*,#2064,.T.);
#2064 = EDGE_CURVE('',#601,#2065,#2067,.T.);
#2065 = VERTEX_POINT('',#2066);
#2066 = CARTESIAN_POINT('',(17.5,-39.,4.));
#2067 = LINE('',#2068,#2069);
#2068 = CARTESIAN_POINT('',(20.,-39.,4.));
#2069 = VECTOR('',#2070,1.);
#2070 = DIRECTION('',(-1.,-0.,-0.));
#2071 = ORIENTED_EDGE('',*,*,#2072,.F.);
#2072 = EDGE_CURVE('',#2041,#2065,#2073,.T.);
#2073 = LINE('',#2074,#2075);
#2074 = CARTESIAN_POINT('',(17.5,-39.,3.301546391753));
#2075 = VECTOR('',#2076,1.);
#2076 = DIRECTION('',(0.,0.,1.));
#2077 = ORIENTED_EDGE('',*,*,#2040,.F.);
#2078 = PLANE('',#2079);
#2079 = AXIS2_PLACEMENT_3D('',#2080,#2081,#2082);
#2080 = CARTESIAN_POINT('',(20.,-39.,4.));
#2081 = DIRECTION('',(0.,-1.,0.));
#2082 = DIRECTION('',(0.,0.,-1.));
#2083 = ADVANCED_FACE('',(#2084,#2154,#2188),#2222,.T.);
#2084 = FACE_BOUND('',#2085,.T.);
#2085 = EDGE_LOOP('',(#2086,#2096,#2102,#2103,#2104,#2105,#2106,#2107,
    #2108,#2116,#2124,#2132,#2140,#2148));
#2086 = ORIENTED_EDGE('',*,*,#2087,.F.);
#2087 = EDGE_CURVE('',#2088,#2090,#2092,.T.);
#2088 = VERTEX_POINT('',#2089);
#2089 = CARTESIAN_POINT('',(17.5,2.5,4.));
#2090 = VERTEX_POINT('',#2091);
#2091 = CARTESIAN_POINT('',(11.5,2.5,4.));
#2092 = LINE('',#2093,#2094);
#2093 = CARTESIAN_POINT('',(13.5,2.5,4.));
#2094 = VECTOR('',#2095,1.);
#2095 = DIRECTION('',(-1.,0.,0.));
#2096 = ORIENTED_EDGE('',*,*,#2097,.T.);
#2097 = EDGE_CURVE('',#2088,#2065,#2098,.T.);
#2098 = LINE('',#2099,#2100);
#2099 = CARTESIAN_POINT('',(17.5,2.5,4.));
#2100 = VECTOR('',#2101,1.);
#2101 = DIRECTION('',(0.,-1.,0.));
#2102 = ORIENTED_EDGE('',*,*,#2064,.F.);
#2103 = ORIENTED_EDGE('',*,*,#600,.T.);
#2104 = ORIENTED_EDGE('',*,*,#759,.T.);
#2105 = ORIENTED_EDGE('',*,*,#801,.T.);
#2106 = ORIENTED_EDGE('',*,*,#866,.T.);
#2107 = ORIENTED_EDGE('',*,*,#1073,.T.);
#2108 = ORIENTED_EDGE('',*,*,#2109,.F.);
#2109 = EDGE_CURVE('',#2110,#1066,#2112,.T.);
#2110 = VERTEX_POINT('',#2111);
#2111 = CARTESIAN_POINT('',(-17.5,-28.,4.));
#2112 = LINE('',#2113,#2114);
#2113 = CARTESIAN_POINT('',(-17.5,-28.,4.));
#2114 = VECTOR('',#2115,1.);
#2115 = DIRECTION('',(-1.,0.,0.));
#2116 = ORIENTED_EDGE('',*,*,#2117,.F.);
#2117 = EDGE_CURVE('',#2118,#2110,#2120,.T.);
#2118 = VERTEX_POINT('',#2119);
#2119 = CARTESIAN_POINT('',(-17.5,2.5,4.));
#2120 = LINE('',#2121,#2122);
#2121 = CARTESIAN_POINT('',(-17.5,2.5,4.));
#2122 = VECTOR('',#2123,1.);
#2123 = DIRECTION('',(0.,-1.,0.));
#2124 = ORIENTED_EDGE('',*,*,#2125,.F.);
#2125 = EDGE_CURVE('',#2126,#2118,#2128,.T.);
#2126 = VERTEX_POINT('',#2127);
#2127 = CARTESIAN_POINT('',(-11.5,2.5,4.));
#2128 = LINE('',#2129,#2130);
#2129 = CARTESIAN_POINT('',(-13.5,2.5,4.));
#2130 = VECTOR('',#2131,1.);
#2131 = DIRECTION('',(-1.,0.,0.));
#2132 = ORIENTED_EDGE('',*,*,#2133,.T.);
#2133 = EDGE_CURVE('',#2126,#2134,#2136,.T.);
#2134 = VERTEX_POINT('',#2135);
#2135 = CARTESIAN_POINT('',(-11.5,6.200000357628,4.));
#2136 = LINE('',#2137,#2138);
#2137 = CARTESIAN_POINT('',(-11.5,-4.752061028738,4.));
#2138 = VECTOR('',#2139,1.);
#2139 = DIRECTION('',(0.,1.,0.));
#2140 = ORIENTED_EDGE('',*,*,#2141,.T.);
#2141 = EDGE_CURVE('',#2134,#2142,#2144,.T.);
#2142 = VERTEX_POINT('',#2143);
#2143 = CARTESIAN_POINT('',(11.5,6.200000357628,4.));
#2144 = LINE('',#2145,#2146);
#2145 = CARTESIAN_POINT('',(5.75,6.200000357628,4.));
#2146 = VECTOR('',#2147,1.);
#2147 = DIRECTION('',(1.,0.,0.));
#2148 = ORIENTED_EDGE('',*,*,#2149,.T.);
#2149 = EDGE_CURVE('',#2142,#2090,#2150,.T.);
#2150 = LINE('',#2151,#2152);
#2151 = CARTESIAN_POINT('',(11.5,-10.95206138636,4.));
#2152 = VECTOR('',#2153,1.);
#2153 = DIRECTION('',(0.,-1.,0.));
#2154 = FACE_BOUND('',#2155,.T.);
#2155 = EDGE_LOOP('',(#2156,#2166,#2174,#2182));
#2156 = ORIENTED_EDGE('',*,*,#2157,.F.);
#2157 = EDGE_CURVE('',#2158,#2160,#2162,.T.);
#2158 = VERTEX_POINT('',#2159);
#2159 = CARTESIAN_POINT('',(-19.3,-12.18771309859,4.));
#2160 = VERTEX_POINT('',#2161);
#2161 = CARTESIAN_POINT('',(-19.3,-18.18771309859,4.));
#2162 = LINE('',#2163,#2164);
#2163 = CARTESIAN_POINT('',(-19.3,-12.18771309859,4.));
#2164 = VECTOR('',#2165,1.);
#2165 = DIRECTION('',(0.,-1.,0.));
#2166 = ORIENTED_EDGE('',*,*,#2167,.F.);
#2167 = EDGE_CURVE('',#2168,#2158,#2170,.T.);
#2168 = VERTEX_POINT('',#2169);
#2169 = CARTESIAN_POINT('',(-18.3,-12.18771309859,4.));
#2170 = LINE('',#2171,#2172);
#2171 = CARTESIAN_POINT('',(-18.3,-12.18771309859,4.));
#2172 = VECTOR('',#2173,1.);
#2173 = DIRECTION('',(-1.,0.,0.));
#2174 = ORIENTED_EDGE('',*,*,#2175,.F.);
#2175 = EDGE_CURVE('',#2176,#2168,#2178,.T.);
#2176 = VERTEX_POINT('',#2177);
#2177 = CARTESIAN_POINT('',(-18.3,-18.18771309859,4.));
#2178 = LINE('',#2179,#2180);
#2179 = CARTESIAN_POINT('',(-18.3,-18.18771309859,4.));
#2180 = VECTOR('',#2181,1.);
#2181 = DIRECTION('',(0.,1.,0.));
#2182 = ORIENTED_EDGE('',*,*,#2183,.F.);
#2183 = EDGE_CURVE('',#2160,#2176,#2184,.T.);
#2184 = LINE('',#2185,#2186);
#2185 = CARTESIAN_POINT('',(-19.3,-18.18771309859,4.));
#2186 = VECTOR('',#2187,1.);
#2187 = DIRECTION('',(1.,0.,0.));
#2188 = FACE_BOUND('',#2189,.T.);
#2189 = EDGE_LOOP('',(#2190,#2200,#2208,#2216));
#2190 = ORIENTED_EDGE('',*,*,#2191,.F.);
#2191 = EDGE_CURVE('',#2192,#2194,#2196,.T.);
#2192 = VERTEX_POINT('',#2193);
#2193 = CARTESIAN_POINT('',(19.3,-12.18771309859,4.));
#2194 = VERTEX_POINT('',#2195);
#2195 = CARTESIAN_POINT('',(18.3,-12.18771309859,4.));
#2196 = LINE('',#2197,#2198);
#2197 = CARTESIAN_POINT('',(19.3,-12.18771309859,4.));
#2198 = VECTOR('',#2199,1.);
#2199 = DIRECTION('',(-1.,0.,0.));
#2200 = ORIENTED_EDGE('',*,*,#2201,.F.);
#2201 = EDGE_CURVE('',#2202,#2192,#2204,.T.);
#2202 = VERTEX_POINT('',#2203);
#2203 = CARTESIAN_POINT('',(19.3,-18.18771309859,4.));
#2204 = LINE('',#2205,#2206);
#2205 = CARTESIAN_POINT('',(19.3,-18.18771309859,4.));
#2206 = VECTOR('',#2207,1.);
#2207 = DIRECTION('',(0.,1.,0.));
#2208 = ORIENTED_EDGE('',*,*,#2209,.F.);
#2209 = EDGE_CURVE('',#2210,#2202,#2212,.T.);
#2210 = VERTEX_POINT('',#2211);
#2211 = CARTESIAN_POINT('',(18.3,-18.18771309859,4.));
#2212 = LINE('',#2213,#2214);
#2213 = CARTESIAN_POINT('',(18.3,-18.18771309859,4.));
#2214 = VECTOR('',#2215,1.);
#2215 = DIRECTION('',(1.,0.,0.));
#2216 = ORIENTED_EDGE('',*,*,#2217,.F.);
#2217 = EDGE_CURVE('',#2194,#2210,#2218,.T.);
#2218 = LINE('',#2219,#2220);
#2219 = CARTESIAN_POINT('',(18.3,-12.18771309859,4.));
#2220 = VECTOR('',#2221,1.);
#2221 = DIRECTION('',(0.,-1.,0.));
#2222 = PLANE('',#2223);
#2223 = AXIS2_PLACEMENT_3D('',#2224,#2225,#2226);
#2224 = CARTESIAN_POINT('',(1.258768054721E-15,-15.7041224151,4.));
#2225 = DIRECTION('',(0.,0.,1.));
#2226 = DIRECTION('',(1.,0.,0.));
#2227 = ADVANCED_FACE('',(#2228),#2239,.T.);
#2228 = FACE_BOUND('',#2229,.T.);
#2229 = EDGE_LOOP('',(#2230,#2231,#2237,#2238));
#2230 = ORIENTED_EDGE('',*,*,#824,.T.);
#2231 = ORIENTED_EDGE('',*,*,#2232,.T.);
#2232 = EDGE_CURVE('',#827,#1131,#2233,.T.);
#2233 = LINE('',#2234,#2235);
#2234 = CARTESIAN_POINT('',(1.5,-23.,-1.5));
#2235 = VECTOR('',#2236,1.);
#2236 = DIRECTION('',(-1.,0.,0.));
#2237 = ORIENTED_EDGE('',*,*,#1130,.F.);
#2238 = ORIENTED_EDGE('',*,*,#1099,.F.);
#2239 = PLANE('',#2240);
#2240 = AXIS2_PLACEMENT_3D('',#2241,#2242,#2243);
#2241 = CARTESIAN_POINT('',(1.5,-23.,0.));
#2242 = DIRECTION('',(0.,1.,0.));
#2243 = DIRECTION('',(-1.,0.,0.));
#2244 = ADVANCED_FACE('',(#2245),#2251,.F.);
#2245 = FACE_BOUND('',#2246,.F.);
#2246 = EDGE_LOOP('',(#2247,#2248,#2249,#2250));
#2247 = ORIENTED_EDGE('',*,*,#851,.T.);
#2248 = ORIENTED_EDGE('',*,*,#2232,.T.);
#2249 = ORIENTED_EDGE('',*,*,#1138,.T.);
#2250 = ORIENTED_EDGE('',*,*,#1608,.T.);
#2251 = PLANE('',#2252);
#2252 = AXIS2_PLACEMENT_3D('',#2253,#2254,#2255);
#2253 = CARTESIAN_POINT('',(0.,-29.,-1.5));
#2254 = DIRECTION('',(0.,0.,1.));
#2255 = DIRECTION('',(1.,0.,0.));
#2256 = ADVANCED_FACE('',(#2257),#2275,.F.);
#2257 = FACE_BOUND('',#2258,.F.);
#2258 = EDGE_LOOP('',(#2259,#2267,#2273,#2274));
#2259 = ORIENTED_EDGE('',*,*,#2260,.T.);
#2260 = EDGE_CURVE('',#2110,#2261,#2263,.T.);
#2261 = VERTEX_POINT('',#2262);
#2262 = CARTESIAN_POINT('',(-17.5,-28.,1.5));
#2263 = LINE('',#2264,#2265);
#2264 = CARTESIAN_POINT('',(-17.5,-28.,4.));
#2265 = VECTOR('',#2266,1.);
#2266 = DIRECTION('',(-0.,-0.,-1.));
#2267 = ORIENTED_EDGE('',*,*,#2268,.T.);
#2268 = EDGE_CURVE('',#2261,#1058,#2269,.T.);
#2269 = LINE('',#2270,#2271);
#2270 = CARTESIAN_POINT('',(-17.5,-28.,1.5));
#2271 = VECTOR('',#2272,1.);
#2272 = DIRECTION('',(-1.,0.,0.));
#2273 = ORIENTED_EDGE('',*,*,#1065,.F.);
#2274 = ORIENTED_EDGE('',*,*,#2109,.F.);
#2275 = PLANE('',#2276);
#2276 = AXIS2_PLACEMENT_3D('',#2277,#2278,#2279);
#2277 = CARTESIAN_POINT('',(-17.5,-28.,4.));
#2278 = DIRECTION('',(0.,1.,0.));
#2279 = DIRECTION('',(-1.,0.,0.));
#2280 = ADVANCED_FACE('',(#2281),#2490,.T.);
#2281 = FACE_BOUND('',#2282,.T.);
#2282 = EDGE_LOOP('',(#2283,#2293,#2301,#2307,#2308,#2309,#2317,#2325,
    #2331,#2332,#2340,#2348,#2356,#2364,#2372,#2380,#2388,#2396,#2404,
    #2412,#2420,#2428,#2436,#2444,#2452,#2460,#2468,#2476,#2484));
#2283 = ORIENTED_EDGE('',*,*,#2284,.F.);
#2284 = EDGE_CURVE('',#2285,#2287,#2289,.T.);
#2285 = VERTEX_POINT('',#2286);
#2286 = CARTESIAN_POINT('',(-13.5,2.5,1.5));
#2287 = VERTEX_POINT('',#2288);
#2288 = CARTESIAN_POINT('',(-13.5,-2.5,1.5));
#2289 = LINE('',#2290,#2291);
#2290 = CARTESIAN_POINT('',(-13.5,2.5,1.5));
#2291 = VECTOR('',#2292,1.);
#2292 = DIRECTION('',(0.,-1.,0.));
#2293 = ORIENTED_EDGE('',*,*,#2294,.T.);
#2294 = EDGE_CURVE('',#2285,#2295,#2297,.T.);
#2295 = VERTEX_POINT('',#2296);
#2296 = CARTESIAN_POINT('',(-17.5,2.5,1.5));
#2297 = LINE('',#2298,#2299);
#2298 = CARTESIAN_POINT('',(-13.5,2.5,1.5));
#2299 = VECTOR('',#2300,1.);
#2300 = DIRECTION('',(-1.,0.,0.));
#2301 = ORIENTED_EDGE('',*,*,#2302,.T.);
#2302 = EDGE_CURVE('',#2295,#2261,#2303,.T.);
#2303 = LINE('',#2304,#2305);
#2304 = CARTESIAN_POINT('',(-17.5,2.5,1.5));
#2305 = VECTOR('',#2306,1.);
#2306 = DIRECTION('',(0.,-1.,0.));
#2307 = ORIENTED_EDGE('',*,*,#2268,.T.);
#2308 = ORIENTED_EDGE('',*,*,#1057,.F.);
#2309 = ORIENTED_EDGE('',*,*,#2310,.T.);
#2310 = EDGE_CURVE('',#1050,#2311,#2313,.T.);
#2311 = VERTEX_POINT('',#2312);
#2312 = CARTESIAN_POINT('',(0.,-32.,1.5));
#2313 = LINE('',#2314,#2315);
#2314 = CARTESIAN_POINT('',(-20.,-32.,1.5));
#2315 = VECTOR('',#2316,1.);
#2316 = DIRECTION('',(1.,0.,0.));
#2317 = ORIENTED_EDGE('',*,*,#2318,.T.);
#2318 = EDGE_CURVE('',#2311,#2319,#2321,.T.);
#2319 = VERTEX_POINT('',#2320);
#2320 = CARTESIAN_POINT('',(13.5,-32.00000000007,1.5));
#2321 = LINE('',#2322,#2323);
#2322 = CARTESIAN_POINT('',(0.,-32.,1.5));
#2323 = VECTOR('',#2324,1.);
#2324 = DIRECTION('',(1.,-4.15972018735E-12,0.));
#2325 = ORIENTED_EDGE('',*,*,#2326,.F.);
#2326 = EDGE_CURVE('',#1815,#2319,#2327,.T.);
#2327 = LINE('',#2328,#2329);
#2328 = CARTESIAN_POINT('',(13.5,-25.27195121955,1.5));
#2329 = VECTOR('',#2330,1.);
#2330 = DIRECTION('',(0.,1.,0.));
#2331 = ORIENTED_EDGE('',*,*,#1814,.F.);
#2332 = ORIENTED_EDGE('',*,*,#2333,.F.);
#2333 = EDGE_CURVE('',#2334,#1807,#2336,.T.);
#2334 = VERTEX_POINT('',#2335);
#2335 = CARTESIAN_POINT('',(17.5,2.5,1.5));
#2336 = LINE('',#2337,#2338);
#2337 = CARTESIAN_POINT('',(17.5,-30.27195121951,1.5));
#2338 = VECTOR('',#2339,1.);
#2339 = DIRECTION('',(0.,-1.,0.));
#2340 = ORIENTED_EDGE('',*,*,#2341,.F.);
#2341 = EDGE_CURVE('',#2342,#2334,#2344,.T.);
#2342 = VERTEX_POINT('',#2343);
#2343 = CARTESIAN_POINT('',(13.5,2.5,1.5));
#2344 = LINE('',#2345,#2346);
#2345 = CARTESIAN_POINT('',(13.5,2.5,1.5));
#2346 = VECTOR('',#2347,1.);
#2347 = DIRECTION('',(1.,0.,0.));
#2348 = ORIENTED_EDGE('',*,*,#2349,.F.);
#2349 = EDGE_CURVE('',#2350,#2342,#2352,.T.);
#2350 = VERTEX_POINT('',#2351);
#2351 = CARTESIAN_POINT('',(13.5,-2.5,1.5));
#2352 = LINE('',#2353,#2354);
#2353 = CARTESIAN_POINT('',(13.5,-28.00000000005,1.5));
#2354 = VECTOR('',#2355,1.);
#2355 = DIRECTION('',(0.,1.,0.));
#2356 = ORIENTED_EDGE('',*,*,#2357,.F.);
#2357 = EDGE_CURVE('',#2358,#2350,#2360,.T.);
#2358 = VERTEX_POINT('',#2359);
#2359 = CARTESIAN_POINT('',(13.5,-28.00000000005,1.5));
#2360 = LINE('',#2361,#2362);
#2361 = CARTESIAN_POINT('',(13.5,-28.00000000005,1.5));
#2362 = VECTOR('',#2363,1.);
#2363 = DIRECTION('',(0.,1.,0.));
#2364 = ORIENTED_EDGE('',*,*,#2365,.F.);
#2365 = EDGE_CURVE('',#2366,#2358,#2368,.T.);
#2366 = VERTEX_POINT('',#2367);
#2367 = CARTESIAN_POINT('',(3.558112,-28.00000000001,1.5));
#2368 = LINE('',#2369,#2370);
#2369 = CARTESIAN_POINT('',(-0.181069926984,-28.,1.5));
#2370 = VECTOR('',#2371,1.);
#2371 = DIRECTION('',(1.,-4.159829656923E-12,0.));
#2372 = ORIENTED_EDGE('',*,*,#2373,.F.);
#2373 = EDGE_CURVE('',#2374,#2366,#2376,.T.);
#2374 = VERTEX_POINT('',#2375);
#2375 = CARTESIAN_POINT('',(3.558112,-22.71518934931,1.5));
#2376 = LINE('',#2377,#2378);
#2377 = CARTESIAN_POINT('',(3.558112,-22.13702536023,1.5));
#2378 = VECTOR('',#2379,1.);
#2379 = DIRECTION('',(0.,-1.,0.));
#2380 = ORIENTED_EDGE('',*,*,#2381,.T.);
#2381 = EDGE_CURVE('',#2374,#2382,#2384,.T.);
#2382 = VERTEX_POINT('',#2383);
#2383 = CARTESIAN_POINT('',(4.355972760618,-22.71518934931,1.5));
#2384 = LINE('',#2385,#2386);
#2385 = CARTESIAN_POINT('',(3.558112,-22.71518934931,1.5));
#2386 = VECTOR('',#2387,1.);
#2387 = DIRECTION('',(1.,0.,0.));
#2388 = ORIENTED_EDGE('',*,*,#2389,.T.);
#2389 = EDGE_CURVE('',#2382,#2390,#2392,.T.);
#2390 = VERTEX_POINT('',#2391);
#2391 = CARTESIAN_POINT('',(4.355972760618,-19.8983,1.5));
#2392 = LINE('',#2393,#2394);
#2393 = CARTESIAN_POINT('',(4.355972760618,-22.71518934931,1.5));
#2394 = VECTOR('',#2395,1.);
#2395 = DIRECTION('',(0.,1.,0.));
#2396 = ORIENTED_EDGE('',*,*,#2397,.F.);
#2397 = EDGE_CURVE('',#2398,#2390,#2400,.T.);
#2398 = VERTEX_POINT('',#2399);
#2399 = CARTESIAN_POINT('',(4.047679669465,-19.8983,1.5));
#2400 = LINE('',#2401,#2402);
#2401 = CARTESIAN_POINT('',(4.047679669465,-19.8983,1.5));
#2402 = VECTOR('',#2403,1.);
#2403 = DIRECTION('',(1.,-4.60952746689E-14,0.));
#2404 = ORIENTED_EDGE('',*,*,#2405,.F.);
#2405 = EDGE_CURVE('',#2406,#2398,#2408,.T.);
#2406 = VERTEX_POINT('',#2407);
#2407 = CARTESIAN_POINT('',(2.355972760618,-19.3983,1.5));
#2408 = LINE('',#2409,#2410);
#2409 = CARTESIAN_POINT('',(2.355972760618,-19.3983,1.5));
#2410 = VECTOR('',#2411,1.);
#2411 = DIRECTION('',(0.958990360875,-0.283438684284,0.));
#2412 = ORIENTED_EDGE('',*,*,#2413,.F.);
#2413 = EDGE_CURVE('',#2414,#2406,#2416,.T.);
#2414 = VERTEX_POINT('',#2415);
#2415 = CARTESIAN_POINT('',(2.355972760618,-20.71518934931,1.5));
#2416 = LINE('',#2417,#2418);
#2417 = CARTESIAN_POINT('',(2.355972760618,-20.71518934931,1.5));
#2418 = VECTOR('',#2419,1.);
#2419 = DIRECTION('',(0.,1.,0.));
#2420 = ORIENTED_EDGE('',*,*,#2421,.F.);
#2421 = EDGE_CURVE('',#2422,#2414,#2424,.T.);
#2422 = VERTEX_POINT('',#2423);
#2423 = CARTESIAN_POINT('',(-2.041563091153,-20.71518934931,1.5));
#2424 = LINE('',#2425,#2426);
#2425 = CARTESIAN_POINT('',(-2.041563091153,-20.71518934931,1.5));
#2426 = VECTOR('',#2427,1.);
#2427 = DIRECTION('',(1.,0.,0.));
#2428 = ORIENTED_EDGE('',*,*,#2429,.F.);
#2429 = EDGE_CURVE('',#2430,#2422,#2432,.T.);
#2430 = VERTEX_POINT('',#2431);
#2431 = CARTESIAN_POINT('',(-2.041563091153,-19.3983,1.5));
#2432 = LINE('',#2433,#2434);
#2433 = CARTESIAN_POINT('',(-2.041563091153,-10.31863865068,1.5));
#2434 = VECTOR('',#2435,1.);
#2435 = DIRECTION('',(0.,-1.,0.));
#2436 = ORIENTED_EDGE('',*,*,#2437,.T.);
#2437 = EDGE_CURVE('',#2430,#2438,#2440,.T.);
#2438 = VERTEX_POINT('',#2439);
#2439 = CARTESIAN_POINT('',(-3.73327,-19.8983,1.5));
#2440 = LINE('',#2441,#2442);
#2441 = CARTESIAN_POINT('',(-2.041563091153,-19.3983,1.5));
#2442 = VECTOR('',#2443,1.);
#2443 = DIRECTION('',(-0.958990360875,-0.283438684284,0.));
#2444 = ORIENTED_EDGE('',*,*,#2445,.F.);
#2445 = EDGE_CURVE('',#2446,#2438,#2448,.T.);
#2446 = VERTEX_POINT('',#2447);
#2447 = CARTESIAN_POINT('',(-4.041563091153,-19.8983,1.5));
#2448 = LINE('',#2449,#2450);
#2449 = CARTESIAN_POINT('',(-4.041563091153,-19.8983,1.5));
#2450 = VECTOR('',#2451,1.);
#2451 = DIRECTION('',(1.,0.,0.));
#2452 = ORIENTED_EDGE('',*,*,#2453,.T.);
#2453 = EDGE_CURVE('',#2446,#2454,#2456,.T.);
#2454 = VERTEX_POINT('',#2455);
#2455 = CARTESIAN_POINT('',(-4.041563091153,-22.91863865068,1.5));
#2456 = LINE('',#2457,#2458);
#2457 = CARTESIAN_POINT('',(-4.041563091153,-19.11863865068,1.5));
#2458 = VECTOR('',#2459,1.);
#2459 = DIRECTION('',(0.,-1.,0.));
#2460 = ORIENTED_EDGE('',*,*,#2461,.T.);
#2461 = EDGE_CURVE('',#2454,#2462,#2464,.T.);
#2462 = VERTEX_POINT('',#2463);
#2463 = CARTESIAN_POINT('',(-3.425505,-22.91863865068,1.5));
#2464 = LINE('',#2465,#2466);
#2465 = CARTESIAN_POINT('',(-4.041563091153,-22.91863865068,1.5));
#2466 = VECTOR('',#2467,1.);
#2467 = DIRECTION('',(1.,0.,0.));
#2468 = ORIENTED_EDGE('',*,*,#2469,.T.);
#2469 = EDGE_CURVE('',#2462,#2470,#2472,.T.);
#2470 = VERTEX_POINT('',#2471);
#2471 = CARTESIAN_POINT('',(-3.425505,-28.00000000001,1.5));
#2472 = LINE('',#2473,#2474);
#2473 = CARTESIAN_POINT('',(-3.425505,-22.91863865068,1.5));
#2474 = VECTOR('',#2475,1.);
#2475 = DIRECTION('',(0.,-1.,0.));
#2476 = ORIENTED_EDGE('',*,*,#2477,.F.);
#2477 = EDGE_CURVE('',#2478,#2470,#2480,.T.);
#2478 = VERTEX_POINT('',#2479);
#2479 = CARTESIAN_POINT('',(-13.5,-28.,1.5));
#2480 = LINE('',#2481,#2482);
#2481 = CARTESIAN_POINT('',(-13.5,-28.,1.5));
#2482 = VECTOR('',#2483,1.);
#2483 = DIRECTION('',(1.,0.,0.));
#2484 = ORIENTED_EDGE('',*,*,#2485,.F.);
#2485 = EDGE_CURVE('',#2287,#2478,#2486,.T.);
#2486 = LINE('',#2487,#2488);
#2487 = CARTESIAN_POINT('',(-13.5,2.5,1.5));
#2488 = VECTOR('',#2489,1.);
#2489 = DIRECTION('',(0.,-1.,0.));
#2490 = PLANE('',#2491);
#2491 = AXIS2_PLACEMENT_3D('',#2492,#2493,#2494);
#2492 = CARTESIAN_POINT('',(0.166923163892,-19.41404488762,1.5));
#2493 = DIRECTION('',(0.,0.,1.));
#2494 = DIRECTION('',(1.,0.,0.));
#2495 = ADVANCED_FACE('',(#2496),#2523,.F.);
#2496 = FACE_BOUND('',#2497,.F.);
#2497 = EDGE_LOOP('',(#2498,#2506,#2514,#2520,#2521,#2522));
#2498 = ORIENTED_EDGE('',*,*,#2499,.F.);
#2499 = EDGE_CURVE('',#2500,#2319,#2502,.T.);
#2500 = VERTEX_POINT('',#2501);
#2501 = CARTESIAN_POINT('',(13.5,-32.00000000007,4.));
#2502 = LINE('',#2503,#2504);
#2503 = CARTESIAN_POINT('',(13.5,-32.00000000007,4.));
#2504 = VECTOR('',#2505,1.);
#2505 = DIRECTION('',(-0.,-0.,-1.));
#2506 = ORIENTED_EDGE('',*,*,#2507,.F.);
#2507 = EDGE_CURVE('',#2508,#2500,#2510,.T.);
#2508 = VERTEX_POINT('',#2509);
#2509 = CARTESIAN_POINT('',(0.,-32.,4.));
#2510 = LINE('',#2511,#2512);
#2511 = CARTESIAN_POINT('',(0.,-32.,4.));
#2512 = VECTOR('',#2513,1.);
#2513 = DIRECTION('',(1.,-4.15972018735E-12,0.));
#2514 = ORIENTED_EDGE('',*,*,#2515,.F.);
#2515 = EDGE_CURVE('',#1042,#2508,#2516,.T.);
#2516 = LINE('',#2517,#2518);
#2517 = CARTESIAN_POINT('',(-20.,-32.,4.));
#2518 = VECTOR('',#2519,1.);
#2519 = DIRECTION('',(1.,0.,0.));
#2520 = ORIENTED_EDGE('',*,*,#1049,.T.);
#2521 = ORIENTED_EDGE('',*,*,#2310,.T.);
#2522 = ORIENTED_EDGE('',*,*,#2318,.T.);
#2523 = PLANE('',#2524);
#2524 = AXIS2_PLACEMENT_3D('',#2525,#2526,#2527);
#2525 = CARTESIAN_POINT('',(-1.25,-32.00000000001,2.75));
#2526 = DIRECTION('',(-1.819877581966E-12,-1.,-0.));
#2527 = DIRECTION('',(-1.,1.819877581966E-12,0.));
#2528 = ADVANCED_FACE('',(#2529),#2548,.T.);
#2529 = FACE_BOUND('',#2530,.T.);
#2530 = EDGE_LOOP('',(#2531,#2532,#2533,#2541,#2547));
#2531 = ORIENTED_EDGE('',*,*,#2515,.F.);
#2532 = ORIENTED_EDGE('',*,*,#1041,.T.);
#2533 = ORIENTED_EDGE('',*,*,#2534,.F.);
#2534 = EDGE_CURVE('',#2535,#1034,#2537,.T.);
#2535 = VERTEX_POINT('',#2536);
#2536 = CARTESIAN_POINT('',(13.5,-39.,4.));
#2537 = LINE('',#2538,#2539);
#2538 = CARTESIAN_POINT('',(20.,-39.,4.));
#2539 = VECTOR('',#2540,1.);
#2540 = DIRECTION('',(-1.,-0.,-0.));
#2541 = ORIENTED_EDGE('',*,*,#2542,.F.);
#2542 = EDGE_CURVE('',#2500,#2535,#2543,.T.);
#2543 = LINE('',#2544,#2545);
#2544 = CARTESIAN_POINT('',(13.5,-32.00000000007,4.));
#2545 = VECTOR('',#2546,1.);
#2546 = DIRECTION('',(0.,-1.,0.));
#2547 = ORIENTED_EDGE('',*,*,#2507,.F.);
#2548 = PLANE('',#2549);
#2549 = AXIS2_PLACEMENT_3D('',#2550,#2551,#2552);
#2550 = CARTESIAN_POINT('',(1.258768054721E-15,-15.7041224151,4.));
#2551 = DIRECTION('',(0.,0.,1.));
#2552 = DIRECTION('',(1.,0.,0.));
#2553 = ADVANCED_FACE('',(#2554),#2572,.T.);
#2554 = FACE_BOUND('',#2555,.T.);
#2555 = EDGE_LOOP('',(#2556,#2564,#2565,#2566));
#2556 = ORIENTED_EDGE('',*,*,#2557,.F.);
#2557 = EDGE_CURVE('',#2535,#2558,#2560,.T.);
#2558 = VERTEX_POINT('',#2559);
#2559 = CARTESIAN_POINT('',(13.5,-39.,3.));
#2560 = LINE('',#2561,#2562);
#2561 = CARTESIAN_POINT('',(13.5,-39.,3.120535714284));
#2562 = VECTOR('',#2563,1.);
#2563 = DIRECTION('',(3.625659369569E-16,0.,-1.));
#2564 = ORIENTED_EDGE('',*,*,#2534,.T.);
#2565 = ORIENTED_EDGE('',*,*,#1033,.F.);
#2566 = ORIENTED_EDGE('',*,*,#2567,.F.);
#2567 = EDGE_CURVE('',#2558,#1026,#2568,.T.);
#2568 = LINE('',#2569,#2570);
#2569 = CARTESIAN_POINT('',(20.,-39.,3.));
#2570 = VECTOR('',#2571,1.);
#2571 = DIRECTION('',(-1.,-0.,-0.));
#2572 = PLANE('',#2573);
#2573 = AXIS2_PLACEMENT_3D('',#2574,#2575,#2576);
#2574 = CARTESIAN_POINT('',(20.,-39.,4.));
#2575 = DIRECTION('',(0.,-1.,0.));
#2576 = DIRECTION('',(0.,0.,-1.));
#2577 = ADVANCED_FACE('',(#2578),#2596,.T.);
#2578 = FACE_BOUND('',#2579,.T.);
#2579 = EDGE_LOOP('',(#2580,#2588,#2589,#2590));
#2580 = ORIENTED_EDGE('',*,*,#2581,.F.);
#2581 = EDGE_CURVE('',#2558,#2582,#2584,.T.);
#2582 = VERTEX_POINT('',#2583);
#2583 = CARTESIAN_POINT('',(13.5,-40.,3.));
#2584 = LINE('',#2585,#2586);
#2585 = CARTESIAN_POINT('',(13.5,-38.1205357143,3.));
#2586 = VECTOR('',#2587,1.);
#2587 = DIRECTION('',(0.,-1.,0.));
#2588 = ORIENTED_EDGE('',*,*,#2567,.T.);
#2589 = ORIENTED_EDGE('',*,*,#1025,.F.);
#2590 = ORIENTED_EDGE('',*,*,#2591,.F.);
#2591 = EDGE_CURVE('',#2582,#1018,#2592,.T.);
#2592 = LINE('',#2593,#2594);
#2593 = CARTESIAN_POINT('',(20.,-40.,3.));
#2594 = VECTOR('',#2595,1.);
#2595 = DIRECTION('',(-1.,-0.,-0.));
#2596 = PLANE('',#2597);
#2597 = AXIS2_PLACEMENT_3D('',#2598,#2599,#2600);
#2598 = CARTESIAN_POINT('',(20.,-39.,3.));
#2599 = DIRECTION('',(0.,0.,1.));
#2600 = DIRECTION('',(0.,-1.,0.));
#2601 = ADVANCED_FACE('',(#2602),#2620,.T.);
#2602 = FACE_BOUND('',#2603,.T.);
#2603 = EDGE_LOOP('',(#2604,#2612,#2613,#2614));
#2604 = ORIENTED_EDGE('',*,*,#2605,.F.);
#2605 = EDGE_CURVE('',#2582,#2606,#2608,.T.);
#2606 = VERTEX_POINT('',#2607);
#2607 = CARTESIAN_POINT('',(13.5,-40.,4.));
#2608 = LINE('',#2609,#2610);
#2609 = CARTESIAN_POINT('',(13.5,-40.,2.620535714284));
#2610 = VECTOR('',#2611,1.);
#2611 = DIRECTION('',(-3.625659369569E-16,0.,1.));
#2612 = ORIENTED_EDGE('',*,*,#2591,.T.);
#2613 = ORIENTED_EDGE('',*,*,#1017,.F.);
#2614 = ORIENTED_EDGE('',*,*,#2615,.F.);
#2615 = EDGE_CURVE('',#2606,#1010,#2616,.T.);
#2616 = LINE('',#2617,#2618);
#2617 = CARTESIAN_POINT('',(20.,-40.,4.));
#2618 = VECTOR('',#2619,1.);
#2619 = DIRECTION('',(-1.,-0.,-0.));
#2620 = PLANE('',#2621);
#2621 = AXIS2_PLACEMENT_3D('',#2622,#2623,#2624);
#2622 = CARTESIAN_POINT('',(20.,-40.,3.));
#2623 = DIRECTION('',(0.,1.,0.));
#2624 = DIRECTION('',(0.,0.,1.));
#2625 = ADVANCED_FACE('',(#2626),#2644,.T.);
#2626 = FACE_BOUND('',#2627,.T.);
#2627 = EDGE_LOOP('',(#2628,#2629,#2630,#2638));
#2628 = ORIENTED_EDGE('',*,*,#2615,.T.);
#2629 = ORIENTED_EDGE('',*,*,#1009,.T.);
#2630 = ORIENTED_EDGE('',*,*,#2631,.T.);
#2631 = EDGE_CURVE('',#1002,#2632,#2634,.T.);
#2632 = VERTEX_POINT('',#2633);
#2633 = CARTESIAN_POINT('',(13.5,-42.,4.));
#2634 = LINE('',#2635,#2636);
#2635 = CARTESIAN_POINT('',(-20.,-42.,4.));
#2636 = VECTOR('',#2637,1.);
#2637 = DIRECTION('',(1.,0.,0.));
#2638 = ORIENTED_EDGE('',*,*,#2639,.F.);
#2639 = EDGE_CURVE('',#2606,#2632,#2640,.T.);
#2640 = LINE('',#2641,#2642);
#2641 = CARTESIAN_POINT('',(13.5,-32.00000000007,4.));
#2642 = VECTOR('',#2643,1.);
#2643 = DIRECTION('',(0.,-1.,0.));
#2644 = PLANE('',#2645);
#2645 = AXIS2_PLACEMENT_3D('',#2646,#2647,#2648);
#2646 = CARTESIAN_POINT('',(1.258768054721E-15,-15.7041224151,4.));
#2647 = DIRECTION('',(0.,0.,1.));
#2648 = DIRECTION('',(1.,0.,0.));
#2649 = ADVANCED_FACE('',(#2650),#2668,.T.);
#2650 = FACE_BOUND('',#2651,.T.);
#2651 = EDGE_LOOP('',(#2652,#2653,#2661,#2667));
#2652 = ORIENTED_EDGE('',*,*,#1001,.F.);
#2653 = ORIENTED_EDGE('',*,*,#2654,.F.);
#2654 = EDGE_CURVE('',#2655,#994,#2657,.T.);
#2655 = VERTEX_POINT('',#2656);
#2656 = CARTESIAN_POINT('',(13.5,-42.,1.113044488171E-15));
#2657 = LINE('',#2658,#2659);
#2658 = CARTESIAN_POINT('',(20.,-42.,1.043891789502E-14));
#2659 = VECTOR('',#2660,1.);
#2660 = DIRECTION('',(-1.,0.,0.));
#2661 = ORIENTED_EDGE('',*,*,#2662,.T.);
#2662 = EDGE_CURVE('',#2655,#2632,#2663,.T.);
#2663 = LINE('',#2664,#2665);
#2664 = CARTESIAN_POINT('',(13.5,-42.,1.113044488171E-15));
#2665 = VECTOR('',#2666,1.);
#2666 = DIRECTION('',(0.,0.,1.));
#2667 = ORIENTED_EDGE('',*,*,#2631,.F.);
#2668 = PLANE('',#2669);
#2669 = AXIS2_PLACEMENT_3D('',#2670,#2671,#2672);
#2670 = CARTESIAN_POINT('',(0.,-42.,-11.6741481222));
#2671 = DIRECTION('',(0.,-1.,2.485456641672E-16));
#2672 = DIRECTION('',(0.,-2.485456641672E-16,-1.));
#2673 = ADVANCED_FACE('',(#2674),#2692,.F.);
#2674 = FACE_BOUND('',#2675,.F.);
#2675 = EDGE_LOOP('',(#2676,#2677,#2685,#2691));
#2676 = ORIENTED_EDGE('',*,*,#2654,.F.);
#2677 = ORIENTED_EDGE('',*,*,#2678,.T.);
#2678 = EDGE_CURVE('',#2655,#2679,#2681,.T.);
#2679 = VERTEX_POINT('',#2680);
#2680 = CARTESIAN_POINT('',(13.5,-38.5,1.113044488171E-15));
#2681 = LINE('',#2682,#2683);
#2682 = CARTESIAN_POINT('',(13.5,-42.,1.113044488171E-15));
#2683 = VECTOR('',#2684,1.);
#2684 = DIRECTION('',(0.,1.,0.));
#2685 = ORIENTED_EDGE('',*,*,#2686,.F.);
#2686 = EDGE_CURVE('',#986,#2679,#2687,.T.);
#2687 = LINE('',#2688,#2689);
#2688 = CARTESIAN_POINT('',(20.,-38.5,9.660351046012E-15));
#2689 = VECTOR('',#2690,1.);
#2690 = DIRECTION('',(1.,0.,0.));
#2691 = ORIENTED_EDGE('',*,*,#993,.F.);
#2692 = PLANE('',#2693);
#2693 = AXIS2_PLACEMENT_3D('',#2694,#2695,#2696);
#2694 = CARTESIAN_POINT('',(20.,-42.,1.043891789502E-14));
#2695 = DIRECTION('',(0.,2.22044604925E-16,1.));
#2696 = DIRECTION('',(-1.,0.,0.));
#2697 = ADVANCED_FACE('',(#2698),#2716,.F.);
#2698 = FACE_BOUND('',#2699,.F.);
#2699 = EDGE_LOOP('',(#2700,#2708,#2714,#2715));
#2700 = ORIENTED_EDGE('',*,*,#2701,.F.);
#2701 = EDGE_CURVE('',#2702,#2679,#2704,.T.);
#2702 = VERTEX_POINT('',#2703);
#2703 = CARTESIAN_POINT('',(13.5,-38.5,0.5));
#2704 = LINE('',#2705,#2706);
#2705 = CARTESIAN_POINT('',(13.5,-38.5,1.370535714284));
#2706 = VECTOR('',#2707,1.);
#2707 = DIRECTION('',(3.625659369569E-16,0.,-1.));
#2708 = ORIENTED_EDGE('',*,*,#2709,.T.);
#2709 = EDGE_CURVE('',#2702,#978,#2710,.T.);
#2710 = LINE('',#2711,#2712);
#2711 = CARTESIAN_POINT('',(20.,-38.5,0.5));
#2712 = VECTOR('',#2713,1.);
#2713 = DIRECTION('',(-1.,-0.,-0.));
#2714 = ORIENTED_EDGE('',*,*,#985,.F.);
#2715 = ORIENTED_EDGE('',*,*,#2686,.T.);
#2716 = PLANE('',#2717);
#2717 = AXIS2_PLACEMENT_3D('',#2718,#2719,#2720);
#2718 = CARTESIAN_POINT('',(20.,-38.5,0.5));
#2719 = DIRECTION('',(0.,-1.,0.));
#2720 = DIRECTION('',(0.,0.,-1.));
#2721 = ADVANCED_FACE('',(#2722),#2740,.F.);
#2722 = FACE_BOUND('',#2723,.F.);
#2723 = EDGE_LOOP('',(#2724,#2732,#2738,#2739));
#2724 = ORIENTED_EDGE('',*,*,#2725,.F.);
#2725 = EDGE_CURVE('',#2726,#2702,#2728,.T.);
#2726 = VERTEX_POINT('',#2727);
#2727 = CARTESIAN_POINT('',(13.5,-36.9,0.5));
#2728 = LINE('',#2729,#2730);
#2729 = CARTESIAN_POINT('',(13.5,-37.0705357143,0.5));
#2730 = VECTOR('',#2731,1.);
#2731 = DIRECTION('',(0.,-1.,0.));
#2732 = ORIENTED_EDGE('',*,*,#2733,.T.);
#2733 = EDGE_CURVE('',#2726,#970,#2734,.T.);
#2734 = LINE('',#2735,#2736);
#2735 = CARTESIAN_POINT('',(20.,-36.9,0.5));
#2736 = VECTOR('',#2737,1.);
#2737 = DIRECTION('',(-1.,-0.,-0.));
#2738 = ORIENTED_EDGE('',*,*,#977,.F.);
#2739 = ORIENTED_EDGE('',*,*,#2709,.F.);
#2740 = PLANE('',#2741);
#2741 = AXIS2_PLACEMENT_3D('',#2742,#2743,#2744);
#2742 = CARTESIAN_POINT('',(20.,-36.9,0.5));
#2743 = DIRECTION('',(0.,0.,1.));
#2744 = DIRECTION('',(0.,-1.,0.));
#2745 = ADVANCED_FACE('',(#2746),#2764,.F.);
#2746 = FACE_BOUND('',#2747,.F.);
#2747 = EDGE_LOOP('',(#2748,#2749,#2750,#2758));
#2748 = ORIENTED_EDGE('',*,*,#969,.F.);
#2749 = ORIENTED_EDGE('',*,*,#2733,.F.);
#2750 = ORIENTED_EDGE('',*,*,#2751,.F.);
#2751 = EDGE_CURVE('',#2752,#2726,#2754,.T.);
#2752 = VERTEX_POINT('',#2753);
#2753 = CARTESIAN_POINT('',(13.5,-36.9,1.113044488171E-15));
#2754 = LINE('',#2755,#2756);
#2755 = CARTESIAN_POINT('',(13.5,-36.9,-7.629464285716));
#2756 = VECTOR('',#2757,1.);
#2757 = DIRECTION('',(-3.625659369569E-16,0.,1.));
#2758 = ORIENTED_EDGE('',*,*,#2759,.T.);
#2759 = EDGE_CURVE('',#2752,#962,#2760,.T.);
#2760 = LINE('',#2761,#2762);
#2761 = CARTESIAN_POINT('',(20.,-36.9,8.205958883753E-15));
#2762 = VECTOR('',#2763,1.);
#2763 = DIRECTION('',(-1.,0.,0.));
#2764 = PLANE('',#2765);
#2765 = AXIS2_PLACEMENT_3D('',#2766,#2767,#2768);
#2766 = CARTESIAN_POINT('',(20.,-36.9,-17.5));
#2767 = DIRECTION('',(0.,1.,0.));
#2768 = DIRECTION('',(0.,0.,1.));
#2769 = ADVANCED_FACE('',(#2770),#2781,.F.);
#2770 = FACE_BOUND('',#2771,.F.);
#2771 = EDGE_LOOP('',(#2772,#2773,#2779,#2780));
#2772 = ORIENTED_EDGE('',*,*,#2759,.F.);
#2773 = ORIENTED_EDGE('',*,*,#2774,.T.);
#2774 = EDGE_CURVE('',#2752,#1823,#2775,.T.);
#2775 = LINE('',#2776,#2777);
#2776 = CARTESIAN_POINT('',(13.5,-42.,1.113044488171E-15));
#2777 = VECTOR('',#2778,1.);
#2778 = DIRECTION('',(0.,1.,0.));
#2779 = ORIENTED_EDGE('',*,*,#1830,.T.);
#2780 = ORIENTED_EDGE('',*,*,#961,.F.);
#2781 = PLANE('',#2782);
#2782 = AXIS2_PLACEMENT_3D('',#2783,#2784,#2785);
#2783 = CARTESIAN_POINT('',(20.,-42.,1.043891789502E-14));
#2784 = DIRECTION('',(0.,2.22044604925E-16,1.));
#2785 = DIRECTION('',(-1.,0.,0.));
#2786 = ADVANCED_FACE('',(#2787),#2798,.T.);
#2787 = FACE_BOUND('',#2788,.T.);
#2788 = EDGE_LOOP('',(#2789,#2790,#2796,#2797));
#2789 = ORIENTED_EDGE('',*,*,#1251,.T.);
#2790 = ORIENTED_EDGE('',*,*,#2791,.T.);
#2791 = EDGE_CURVE('',#1252,#1172,#2792,.T.);
#2792 = LINE('',#2793,#2794);
#2793 = CARTESIAN_POINT('',(-6.,-23.,-1.5));
#2794 = VECTOR('',#2795,1.);
#2795 = DIRECTION('',(-1.,0.,0.));
#2796 = ORIENTED_EDGE('',*,*,#1169,.F.);
#2797 = ORIENTED_EDGE('',*,*,#1237,.F.);
#2798 = PLANE('',#2799);
#2799 = AXIS2_PLACEMENT_3D('',#2800,#2801,#2802);
#2800 = CARTESIAN_POINT('',(-6.,-23.,0.));
#2801 = DIRECTION('',(0.,1.,0.));
#2802 = DIRECTION('',(-1.,0.,0.));
#2803 = ADVANCED_FACE('',(#2804),#2810,.F.);
#2804 = FACE_BOUND('',#2805,.F.);
#2805 = EDGE_LOOP('',(#2806,#2807,#2808,#2809));
#2806 = ORIENTED_EDGE('',*,*,#1271,.T.);
#2807 = ORIENTED_EDGE('',*,*,#2791,.T.);
#2808 = ORIENTED_EDGE('',*,*,#1179,.T.);
#2809 = ORIENTED_EDGE('',*,*,#1591,.T.);
#2810 = PLANE('',#2811);
#2811 = AXIS2_PLACEMENT_3D('',#2812,#2813,#2814);
#2812 = CARTESIAN_POINT('',(0.,-29.,-1.5));
#2813 = DIRECTION('',(0.,0.,1.));
#2814 = DIRECTION('',(1.,0.,0.));
#2815 = ADVANCED_FACE('',(#2816),#2836,.F.);
#2816 = FACE_BOUND('',#2817,.F.);
#2817 = EDGE_LOOP('',(#2818,#2819,#2828,#2835));
#2818 = ORIENTED_EDGE('',*,*,#1303,.T.);
#2819 = ORIENTED_EDGE('',*,*,#2820,.T.);
#2820 = EDGE_CURVE('',#1286,#2821,#2823,.T.);
#2821 = VERTEX_POINT('',#2822);
#2822 = CARTESIAN_POINT('',(13.9,-2.395306175629E-15,-21.575));
#2823 = CIRCLE('',#2824,0.375);
#2824 = AXIS2_PLACEMENT_3D('',#2825,#2826,#2827);
#2825 = CARTESIAN_POINT('',(13.9,-4.707345624411E-15,-21.2));
#2826 = DIRECTION('',(0.,-1.,2.22044604925E-16));
#2827 = DIRECTION('',(1.,0.,0.));
#2828 = ORIENTED_EDGE('',*,*,#2829,.F.);
#2829 = EDGE_CURVE('',#2821,#2821,#2830,.T.);
#2830 = CIRCLE('',#2831,13.9);
#2831 = AXIS2_PLACEMENT_3D('',#2832,#2833,#2834);
#2832 = CARTESIAN_POINT('',(0.,-4.790612351258E-15,-21.575));
#2833 = DIRECTION('',(-0.,2.22044604925E-16,1.));
#2834 = DIRECTION('',(0.,-1.,2.22044604925E-16));
#2835 = ORIENTED_EDGE('',*,*,#2820,.F.);
#2836 = TOROIDAL_SURFACE('',#2837,13.9,0.375);
#2837 = AXIS2_PLACEMENT_3D('',#2838,#2839,#2840);
#2838 = CARTESIAN_POINT('',(0.,-4.707345624411E-15,-21.2));
#2839 = DIRECTION('',(0.,2.22044604925E-16,1.));
#2840 = DIRECTION('',(1.,0.,0.));
#2841 = ADVANCED_FACE('',(#2842),#2853,.T.);
#2842 = FACE_BOUND('',#2843,.T.);
#2843 = EDGE_LOOP('',(#2844,#2845,#2846,#2847));
#2844 = ORIENTED_EDGE('',*,*,#1336,.F.);
#2845 = ORIENTED_EDGE('',*,*,#1294,.T.);
#2846 = ORIENTED_EDGE('',*,*,#1397,.T.);
#2847 = ORIENTED_EDGE('',*,*,#2848,.F.);
#2848 = EDGE_CURVE('',#1329,#1390,#2849,.T.);
#2849 = LINE('',#2850,#2851);
#2850 = CARTESIAN_POINT('',(0.229218454424,-11.966914,0.));
#2851 = VECTOR('',#2852,1.);
#2852 = DIRECTION('',(1.,0.,0.));
#2853 = PLANE('',#2854);
#2854 = AXIS2_PLACEMENT_3D('',#2855,#2856,#2857);
#2855 = CARTESIAN_POINT('',(1.258768054721E-15,-15.7041224151,0.));
#2856 = DIRECTION('',(0.,0.,1.));
#2857 = DIRECTION('',(1.,0.,0.));
#2858 = ADVANCED_FACE('',(#2859,#2893),#2904,.T.);
#2859 = FACE_BOUND('',#2860,.T.);
#2860 = EDGE_LOOP('',(#2861,#2871,#2879,#2887));
#2861 = ORIENTED_EDGE('',*,*,#2862,.T.);
#2862 = EDGE_CURVE('',#2863,#2865,#2867,.T.);
#2863 = VERTEX_POINT('',#2864);
#2864 = CARTESIAN_POINT('',(-2.041563091153,-10.31863865068,0.5));
#2865 = VERTEX_POINT('',#2866);
#2866 = CARTESIAN_POINT('',(-2.041563091153,-20.71518934931,0.5));
#2867 = LINE('',#2868,#2869);
#2868 = CARTESIAN_POINT('',(-2.041563091153,-10.31863865068,0.5));
#2869 = VECTOR('',#2870,1.);
#2870 = DIRECTION('',(0.,-1.,0.));
#2871 = ORIENTED_EDGE('',*,*,#2872,.T.);
#2872 = EDGE_CURVE('',#2865,#2873,#2875,.T.);
#2873 = VERTEX_POINT('',#2874);
#2874 = CARTESIAN_POINT('',(2.355972760618,-20.71518934931,0.5));
#2875 = LINE('',#2876,#2877);
#2876 = CARTESIAN_POINT('',(-2.041563091153,-20.71518934931,0.5));
#2877 = VECTOR('',#2878,1.);
#2878 = DIRECTION('',(1.,0.,0.));
#2879 = ORIENTED_EDGE('',*,*,#2880,.T.);
#2880 = EDGE_CURVE('',#2873,#2881,#2883,.T.);
#2881 = VERTEX_POINT('',#2882);
#2882 = CARTESIAN_POINT('',(2.355972760618,-10.31863865068,0.5));
#2883 = LINE('',#2884,#2885);
#2884 = CARTESIAN_POINT('',(2.355972760618,-20.71518934931,0.5));
#2885 = VECTOR('',#2886,1.);
#2886 = DIRECTION('',(0.,1.,0.));
#2887 = ORIENTED_EDGE('',*,*,#2888,.T.);
#2888 = EDGE_CURVE('',#2881,#2863,#2889,.T.);
#2889 = LINE('',#2890,#2891);
#2890 = CARTESIAN_POINT('',(2.355972760618,-10.31863865068,0.5));
#2891 = VECTOR('',#2892,1.);
#2892 = DIRECTION('',(-1.,0.,0.));
#2893 = FACE_BOUND('',#2894,.T.);
#2894 = EDGE_LOOP('',(#2895,#2896,#2897,#2903));
#2895 = ORIENTED_EDGE('',*,*,#1357,.T.);
#2896 = ORIENTED_EDGE('',*,*,#1318,.T.);
#2897 = ORIENTED_EDGE('',*,*,#2898,.T.);
#2898 = EDGE_CURVE('',#1321,#1382,#2899,.T.);
#2899 = LINE('',#2900,#2901);
#2900 = CARTESIAN_POINT('',(0.30782087179,-11.966914,0.5));
#2901 = VECTOR('',#2902,1.);
#2902 = DIRECTION('',(1.,0.,0.));
#2903 = ORIENTED_EDGE('',*,*,#1381,.F.);
#2904 = PLANE('',#2905);
#2905 = AXIS2_PLACEMENT_3D('',#2906,#2907,#2908);
#2906 = CARTESIAN_POINT('',(0.157204834733,-15.516914,0.5));
#2907 = DIRECTION('',(0.,0.,1.));
#2908 = DIRECTION('',(1.,0.,0.));
#2909 = ADVANCED_FACE('',(#2910),#2916,.F.);
#2910 = FACE_BOUND('',#2911,.F.);
#2911 = EDGE_LOOP('',(#2912,#2913,#2914,#2915));
#2912 = ORIENTED_EDGE('',*,*,#2898,.T.);
#2913 = ORIENTED_EDGE('',*,*,#1389,.T.);
#2914 = ORIENTED_EDGE('',*,*,#2848,.F.);
#2915 = ORIENTED_EDGE('',*,*,#1328,.F.);
#2916 = PLANE('',#2917);
#2917 = AXIS2_PLACEMENT_3D('',#2918,#2919,#2920);
#2918 = CARTESIAN_POINT('',(0.458436908847,-11.966914,4.));
#2919 = DIRECTION('',(0.,1.,0.));
#2920 = DIRECTION('',(-1.,0.,0.));
#2921 = ADVANCED_FACE('',(#2922),#2932,.F.);
#2922 = FACE_BOUND('',#2923,.F.);
#2923 = EDGE_LOOP('',(#2924,#2925,#2926));
#2924 = ORIENTED_EDGE('',*,*,#1477,.F.);
#2925 = ORIENTED_EDGE('',*,*,#1432,.F.);
#2926 = ORIENTED_EDGE('',*,*,#2927,.F.);
#2927 = EDGE_CURVE('',#1470,#1433,#2928,.T.);
#2928 = LINE('',#2929,#2930);
#2929 = CARTESIAN_POINT('',(20.,-39.,-28.));
#2930 = VECTOR('',#2931,1.);
#2931 = DIRECTION('',(-1.,-0.,-0.));
#2932 = PLANE('',#2933);
#2933 = AXIS2_PLACEMENT_3D('',#2934,#2935,#2936);
#2934 = CARTESIAN_POINT('',(20.,-39.,-29.));
#2935 = DIRECTION('',(0.,1.,0.));
#2936 = DIRECTION('',(0.,0.,1.));
#2937 = ADVANCED_FACE('',(#2938),#2949,.F.);
#2938 = FACE_BOUND('',#2939,.F.);
#2939 = EDGE_LOOP('',(#2940,#2941,#2942,#2943));
#2940 = ORIENTED_EDGE('',*,*,#1469,.F.);
#2941 = ORIENTED_EDGE('',*,*,#2927,.T.);
#2942 = ORIENTED_EDGE('',*,*,#1443,.T.);
#2943 = ORIENTED_EDGE('',*,*,#2944,.F.);
#2944 = EDGE_CURVE('',#1461,#1444,#2945,.T.);
#2945 = LINE('',#2946,#2947);
#2946 = CARTESIAN_POINT('',(20.,-40.,-28.));
#2947 = VECTOR('',#2948,1.);
#2948 = DIRECTION('',(-1.,-0.,-0.));
#2949 = PLANE('',#2950);
#2950 = AXIS2_PLACEMENT_3D('',#2951,#2952,#2953);
#2951 = CARTESIAN_POINT('',(20.,-39.,-28.));
#2952 = DIRECTION('',(0.,0.,1.));
#2953 = DIRECTION('',(0.,-1.,0.));
#2954 = ADVANCED_FACE('',(#2955),#2960,.F.);
#2955 = FACE_BOUND('',#2956,.F.);
#2956 = EDGE_LOOP('',(#2957,#2958,#2959));
#2957 = ORIENTED_EDGE('',*,*,#1460,.T.);
#2958 = ORIENTED_EDGE('',*,*,#2944,.T.);
#2959 = ORIENTED_EDGE('',*,*,#1451,.T.);
#2960 = PLANE('',#2961);
#2961 = AXIS2_PLACEMENT_3D('',#2962,#2963,#2964);
#2962 = CARTESIAN_POINT('',(20.,-40.,-28.));
#2963 = DIRECTION('',(0.,-1.,0.));
#2964 = DIRECTION('',(0.,0.,-1.));
#2965 = ADVANCED_FACE('',(#2966),#2976,.F.);
#2966 = FACE_BOUND('',#2967,.F.);
#2967 = EDGE_LOOP('',(#2968,#2969,#2970));
#2968 = ORIENTED_EDGE('',*,*,#1573,.F.);
#2969 = ORIENTED_EDGE('',*,*,#1528,.F.);
#2970 = ORIENTED_EDGE('',*,*,#2971,.F.);
#2971 = EDGE_CURVE('',#1566,#1529,#2972,.T.);
#2972 = LINE('',#2973,#2974);
#2973 = CARTESIAN_POINT('',(20.,-39.,-28.));
#2974 = VECTOR('',#2975,1.);
#2975 = DIRECTION('',(-1.,-0.,-0.));
#2976 = PLANE('',#2977);
#2977 = AXIS2_PLACEMENT_3D('',#2978,#2979,#2980);
#2978 = CARTESIAN_POINT('',(20.,-39.,-29.));
#2979 = DIRECTION('',(0.,1.,0.));
#2980 = DIRECTION('',(0.,0.,1.));
#2981 = ADVANCED_FACE('',(#2982),#2993,.F.);
#2982 = FACE_BOUND('',#2983,.F.);
#2983 = EDGE_LOOP('',(#2984,#2985,#2986,#2987));
#2984 = ORIENTED_EDGE('',*,*,#1565,.F.);
#2985 = ORIENTED_EDGE('',*,*,#2971,.T.);
#2986 = ORIENTED_EDGE('',*,*,#1539,.T.);
#2987 = ORIENTED_EDGE('',*,*,#2988,.F.);
#2988 = EDGE_CURVE('',#1557,#1540,#2989,.T.);
#2989 = LINE('',#2990,#2991);
#2990 = CARTESIAN_POINT('',(20.,-40.,-28.));
#2991 = VECTOR('',#2992,1.);
#2992 = DIRECTION('',(-1.,-0.,-0.));
#2993 = PLANE('',#2994);
#2994 = AXIS2_PLACEMENT_3D('',#2995,#2996,#2997);
#2995 = CARTESIAN_POINT('',(20.,-39.,-28.));
#2996 = DIRECTION('',(0.,0.,1.));
#2997 = DIRECTION('',(0.,-1.,0.));
#2998 = ADVANCED_FACE('',(#2999),#3004,.F.);
#2999 = FACE_BOUND('',#3000,.F.);
#3000 = EDGE_LOOP('',(#3001,#3002,#3003));
#3001 = ORIENTED_EDGE('',*,*,#1556,.T.);
#3002 = ORIENTED_EDGE('',*,*,#2988,.T.);
#3003 = ORIENTED_EDGE('',*,*,#1547,.T.);
#3004 = PLANE('',#3005);
#3005 = AXIS2_PLACEMENT_3D('',#3006,#3007,#3008);
#3006 = CARTESIAN_POINT('',(20.,-40.,-28.));
#3007 = DIRECTION('',(0.,-1.,0.));
#3008 = DIRECTION('',(0.,0.,-1.));
#3009 = ADVANCED_FACE('',(#3010,#3013),#3024,.T.);
#3010 = FACE_BOUND('',#3011,.T.);
#3011 = EDGE_LOOP('',(#3012));
#3012 = ORIENTED_EDGE('',*,*,#1630,.T.);
#3013 = FACE_BOUND('',#3014,.T.);
#3014 = EDGE_LOOP('',(#3015));
#3015 = ORIENTED_EDGE('',*,*,#3016,.T.);
#3016 = EDGE_CURVE('',#3017,#3017,#3019,.T.);
#3017 = VERTEX_POINT('',#3018);
#3018 = CARTESIAN_POINT('',(-14.4,-37.,-25.));
#3019 = CIRCLE('',#3020,1.6);
#3020 = AXIS2_PLACEMENT_3D('',#3021,#3022,#3023);
#3021 = CARTESIAN_POINT('',(-16.,-37.,-25.));
#3022 = DIRECTION('',(0.,-1.,2.22044604925E-16));
#3023 = DIRECTION('',(1.,0.,0.));
#3024 = PLANE('',#3025);
#3025 = AXIS2_PLACEMENT_3D('',#3026,#3027,#3028);
#3026 = CARTESIAN_POINT('',(0.,-37.,-25.));
#3027 = DIRECTION('',(0.,1.,0.));
#3028 = DIRECTION('',(0.,0.,1.));
#3029 = ADVANCED_FACE('',(#3030,#3033),#3044,.T.);
#3030 = FACE_BOUND('',#3031,.T.);
#3031 = EDGE_LOOP('',(#3032));
#3032 = ORIENTED_EDGE('',*,*,#1655,.T.);
#3033 = FACE_BOUND('',#3034,.T.);
#3034 = EDGE_LOOP('',(#3035));
#3035 = ORIENTED_EDGE('',*,*,#3036,.T.);
#3036 = EDGE_CURVE('',#3037,#3037,#3039,.T.);
#3037 = VERTEX_POINT('',#3038);
#3038 = CARTESIAN_POINT('',(17.6,-37.,-25.));
#3039 = CIRCLE('',#3040,1.6);
#3040 = AXIS2_PLACEMENT_3D('',#3041,#3042,#3043);
#3041 = CARTESIAN_POINT('',(16.,-37.,-25.));
#3042 = DIRECTION('',(0.,-1.,2.22044604925E-16));
#3043 = DIRECTION('',(1.,0.,0.));
#3044 = PLANE('',#3045);
#3045 = AXIS2_PLACEMENT_3D('',#3046,#3047,#3048);
#3046 = CARTESIAN_POINT('',(0.,-37.,-25.));
#3047 = DIRECTION('',(0.,1.,0.));
#3048 = DIRECTION('',(0.,0.,1.));
#3049 = ADVANCED_FACE('',(#3050),#3061,.F.);
#3050 = FACE_BOUND('',#3051,.F.);
#3051 = EDGE_LOOP('',(#3052,#3053,#3059,#3060));
#3052 = ORIENTED_EDGE('',*,*,#1685,.F.);
#3053 = ORIENTED_EDGE('',*,*,#3054,.T.);
#3054 = EDGE_CURVE('',#1686,#3017,#3055,.T.);
#3055 = LINE('',#3056,#3057);
#3056 = CARTESIAN_POINT('',(-14.4,-42.,-25.));
#3057 = VECTOR('',#3058,1.);
#3058 = DIRECTION('',(0.,1.,-2.22044604925E-16));
#3059 = ORIENTED_EDGE('',*,*,#3016,.T.);
#3060 = ORIENTED_EDGE('',*,*,#3054,.F.);
#3061 = CYLINDRICAL_SURFACE('',#3062,1.6);
#3062 = AXIS2_PLACEMENT_3D('',#3063,#3064,#3065);
#3063 = CARTESIAN_POINT('',(-16.,-42.,-25.));
#3064 = DIRECTION('',(0.,-1.,2.22044604925E-16));
#3065 = DIRECTION('',(1.,0.,0.));
#3066 = ADVANCED_FACE('',(#3067),#3078,.F.);
#3067 = FACE_BOUND('',#3068,.F.);
#3068 = EDGE_LOOP('',(#3069,#3070,#3076,#3077));
#3069 = ORIENTED_EDGE('',*,*,#1696,.F.);
#3070 = ORIENTED_EDGE('',*,*,#3071,.T.);
#3071 = EDGE_CURVE('',#1697,#3037,#3072,.T.);
#3072 = LINE('',#3073,#3074);
#3073 = CARTESIAN_POINT('',(17.6,-42.,-25.));
#3074 = VECTOR('',#3075,1.);
#3075 = DIRECTION('',(0.,1.,-2.22044604925E-16));
#3076 = ORIENTED_EDGE('',*,*,#3036,.T.);
#3077 = ORIENTED_EDGE('',*,*,#3071,.F.);
#3078 = CYLINDRICAL_SURFACE('',#3079,1.6);
#3079 = AXIS2_PLACEMENT_3D('',#3080,#3081,#3082);
#3080 = CARTESIAN_POINT('',(16.,-42.,-25.));
#3081 = DIRECTION('',(0.,-1.,2.22044604925E-16));
#3082 = DIRECTION('',(1.,0.,0.));
#3083 = ADVANCED_FACE('',(#3084),#3105,.T.);
#3084 = FACE_BOUND('',#3085,.T.);
#3085 = EDGE_LOOP('',(#3086,#3087,#3088,#3089,#3090,#3091,#3092,#3093,
    #3094,#3095,#3096,#3097,#3098,#3104));
#3086 = ORIENTED_EDGE('',*,*,#1806,.F.);
#3087 = ORIENTED_EDGE('',*,*,#1857,.T.);
#3088 = ORIENTED_EDGE('',*,*,#1873,.F.);
#3089 = ORIENTED_EDGE('',*,*,#1897,.F.);
#3090 = ORIENTED_EDGE('',*,*,#1921,.F.);
#3091 = ORIENTED_EDGE('',*,*,#1953,.T.);
#3092 = ORIENTED_EDGE('',*,*,#1967,.F.);
#3093 = ORIENTED_EDGE('',*,*,#1999,.F.);
#3094 = ORIENTED_EDGE('',*,*,#2024,.T.);
#3095 = ORIENTED_EDGE('',*,*,#2048,.T.);
#3096 = ORIENTED_EDGE('',*,*,#2072,.T.);
#3097 = ORIENTED_EDGE('',*,*,#2097,.F.);
#3098 = ORIENTED_EDGE('',*,*,#3099,.T.);
#3099 = EDGE_CURVE('',#2088,#2334,#3100,.T.);
#3100 = LINE('',#3101,#3102);
#3101 = CARTESIAN_POINT('',(17.5,2.5,4.));
#3102 = VECTOR('',#3103,1.);
#3103 = DIRECTION('',(-0.,-0.,-1.));
#3104 = ORIENTED_EDGE('',*,*,#2333,.T.);
#3105 = PLANE('',#3106);
#3106 = AXIS2_PLACEMENT_3D('',#3107,#3108,#3109);
#3107 = CARTESIAN_POINT('',(17.5,-20.3530927835,2.603092783505));
#3108 = DIRECTION('',(-1.,-0.,-0.));
#3109 = DIRECTION('',(0.,0.,-1.));
#3110 = ADVANCED_FACE('',(#3111),#3127,.T.);
#3111 = FACE_BOUND('',#3112,.T.);
#3112 = EDGE_LOOP('',(#3113,#3114,#3115,#3116,#3117,#3118,#3119,#3120,
    #3121,#3122,#3123,#3124,#3125,#3126));
#3113 = ORIENTED_EDGE('',*,*,#2499,.F.);
#3114 = ORIENTED_EDGE('',*,*,#2542,.T.);
#3115 = ORIENTED_EDGE('',*,*,#2557,.T.);
#3116 = ORIENTED_EDGE('',*,*,#2581,.T.);
#3117 = ORIENTED_EDGE('',*,*,#2605,.T.);
#3118 = ORIENTED_EDGE('',*,*,#2639,.T.);
#3119 = ORIENTED_EDGE('',*,*,#2662,.F.);
#3120 = ORIENTED_EDGE('',*,*,#2678,.T.);
#3121 = ORIENTED_EDGE('',*,*,#2701,.F.);
#3122 = ORIENTED_EDGE('',*,*,#2725,.F.);
#3123 = ORIENTED_EDGE('',*,*,#2751,.F.);
#3124 = ORIENTED_EDGE('',*,*,#2774,.T.);
#3125 = ORIENTED_EDGE('',*,*,#1822,.T.);
#3126 = ORIENTED_EDGE('',*,*,#2326,.T.);
#3127 = PLANE('',#3128);
#3128 = AXIS2_PLACEMENT_3D('',#3129,#3130,#3131);
#3129 = CARTESIAN_POINT('',(13.5,-37.2410714286,2.241071428569));
#3130 = DIRECTION('',(1.,0.,3.625659369569E-16));
#3131 = DIRECTION('',(-3.625659369569E-16,0.,1.));
#3132 = ADVANCED_FACE('',(#3133),#3160,.T.);
#3133 = FACE_BOUND('',#3134,.T.);
#3134 = EDGE_LOOP('',(#3135,#3136,#3137,#3145,#3153,#3159));
#3135 = ORIENTED_EDGE('',*,*,#3099,.F.);
#3136 = ORIENTED_EDGE('',*,*,#2087,.T.);
#3137 = ORIENTED_EDGE('',*,*,#3138,.T.);
#3138 = EDGE_CURVE('',#2090,#3139,#3141,.T.);
#3139 = VERTEX_POINT('',#3140);
#3140 = CARTESIAN_POINT('',(11.5,2.5,-6.));
#3141 = LINE('',#3142,#3143);
#3142 = CARTESIAN_POINT('',(11.5,2.5,4.));
#3143 = VECTOR('',#3144,1.);
#3144 = DIRECTION('',(-0.,-0.,-1.));
#3145 = ORIENTED_EDGE('',*,*,#3146,.F.);
#3146 = EDGE_CURVE('',#3147,#3139,#3149,.T.);
#3147 = VERTEX_POINT('',#3148);
#3148 = CARTESIAN_POINT('',(13.5,2.5,-6.));
#3149 = LINE('',#3150,#3151);
#3150 = CARTESIAN_POINT('',(13.5,2.5,-6.));
#3151 = VECTOR('',#3152,1.);
#3152 = DIRECTION('',(-1.,0.,0.));
#3153 = ORIENTED_EDGE('',*,*,#3154,.F.);
#3154 = EDGE_CURVE('',#2342,#3147,#3155,.T.);
#3155 = LINE('',#3156,#3157);
#3156 = CARTESIAN_POINT('',(13.5,2.5,4.));
#3157 = VECTOR('',#3158,1.);
#3158 = DIRECTION('',(-0.,-0.,-1.));
#3159 = ORIENTED_EDGE('',*,*,#2341,.T.);
#3160 = PLANE('',#3161);
#3161 = AXIS2_PLACEMENT_3D('',#3162,#3163,#3164);
#3162 = CARTESIAN_POINT('',(13.5625,2.5,-6.25E-02));
#3163 = DIRECTION('',(-0.,-1.,-0.));
#3164 = DIRECTION('',(0.,0.,-1.));
#3165 = ADVANCED_FACE('',(#3166),#3216,.T.);
#3166 = FACE_BOUND('',#3167,.T.);
#3167 = EDGE_LOOP('',(#3168,#3176,#3184,#3192,#3200,#3208,#3214,#3215));
#3168 = ORIENTED_EDGE('',*,*,#3169,.F.);
#3169 = EDGE_CURVE('',#3170,#2142,#3172,.T.);
#3170 = VERTEX_POINT('',#3171);
#3171 = CARTESIAN_POINT('',(11.5,6.200000357628,-20.3));
#3172 = LINE('',#3173,#3174);
#3173 = CARTESIAN_POINT('',(11.5,6.200000357628,0.));
#3174 = VECTOR('',#3175,1.);
#3175 = DIRECTION('',(0.,0.,1.));
#3176 = ORIENTED_EDGE('',*,*,#3177,.T.);
#3177 = EDGE_CURVE('',#3170,#3178,#3180,.T.);
#3178 = VERTEX_POINT('',#3179);
#3179 = CARTESIAN_POINT('',(11.5,-6.200000357721,-20.3));
#3180 = LINE('',#3181,#3182);
#3181 = CARTESIAN_POINT('',(11.5,6.200000357628,-20.3));
#3182 = VECTOR('',#3183,1.);
#3183 = DIRECTION('',(0.,-1.,0.));
#3184 = ORIENTED_EDGE('',*,*,#3185,.T.);
#3185 = EDGE_CURVE('',#3178,#3186,#3188,.T.);
#3186 = VERTEX_POINT('',#3187);
#3187 = CARTESIAN_POINT('',(11.5,-6.200000357628,4.));
#3188 = LINE('',#3189,#3190);
#3189 = CARTESIAN_POINT('',(11.5,-6.200000357628,0.));
#3190 = VECTOR('',#3191,1.);
#3191 = DIRECTION('',(0.,0.,1.));
#3192 = ORIENTED_EDGE('',*,*,#3193,.F.);
#3193 = EDGE_CURVE('',#3194,#3186,#3196,.T.);
#3194 = VERTEX_POINT('',#3195);
#3195 = CARTESIAN_POINT('',(11.5,-2.5,4.));
#3196 = LINE('',#3197,#3198);
#3197 = CARTESIAN_POINT('',(11.5,-10.95206138636,4.));
#3198 = VECTOR('',#3199,1.);
#3199 = DIRECTION('',(0.,-1.,0.));
#3200 = ORIENTED_EDGE('',*,*,#3201,.T.);
#3201 = EDGE_CURVE('',#3194,#3202,#3204,.T.);
#3202 = VERTEX_POINT('',#3203);
#3203 = CARTESIAN_POINT('',(11.5,-2.5,-6.));
#3204 = LINE('',#3205,#3206);
#3205 = CARTESIAN_POINT('',(11.5,-2.5,4.));
#3206 = VECTOR('',#3207,1.);
#3207 = DIRECTION('',(-0.,-0.,-1.));
#3208 = ORIENTED_EDGE('',*,*,#3209,.F.);
#3209 = EDGE_CURVE('',#3139,#3202,#3210,.T.);
#3210 = LINE('',#3211,#3212);
#3211 = CARTESIAN_POINT('',(11.5,2.5,-6.));
#3212 = VECTOR('',#3213,1.);
#3213 = DIRECTION('',(0.,-1.,0.));
#3214 = ORIENTED_EDGE('',*,*,#3138,.F.);
#3215 = ORIENTED_EDGE('',*,*,#2149,.F.);
#3216 = PLANE('',#3217);
#3217 = AXIS2_PLACEMENT_3D('',#3218,#3219,#3220);
#3218 = CARTESIAN_POINT('',(11.5,-1.737268272211E-16,-10.25));
#3219 = DIRECTION('',(-1.,-0.,-0.));
#3220 = DIRECTION('',(0.,0.,-1.));
#3221 = ADVANCED_FACE('',(#3222),#3240,.T.);
#3222 = FACE_BOUND('',#3223,.T.);
#3223 = EDGE_LOOP('',(#3224,#3225,#3233,#3239));
#3224 = ORIENTED_EDGE('',*,*,#2141,.F.);
#3225 = ORIENTED_EDGE('',*,*,#3226,.T.);
#3226 = EDGE_CURVE('',#2134,#3227,#3229,.T.);
#3227 = VERTEX_POINT('',#3228);
#3228 = CARTESIAN_POINT('',(-11.5,6.200000357628,-20.3));
#3229 = LINE('',#3230,#3231);
#3230 = CARTESIAN_POINT('',(-11.5,6.200000357628,0.));
#3231 = VECTOR('',#3232,1.);
#3232 = DIRECTION('',(-0.,-0.,-1.));
#3233 = ORIENTED_EDGE('',*,*,#3234,.T.);
#3234 = EDGE_CURVE('',#3227,#3170,#3235,.T.);
#3235 = LINE('',#3236,#3237);
#3236 = CARTESIAN_POINT('',(-11.5,6.200000357628,-20.3));
#3237 = VECTOR('',#3238,1.);
#3238 = DIRECTION('',(1.,0.,0.));
#3239 = ORIENTED_EDGE('',*,*,#3169,.T.);
#3240 = PLANE('',#3241);
#3241 = AXIS2_PLACEMENT_3D('',#3242,#3243,#3244);
#3242 = CARTESIAN_POINT('',(0.,6.200000357628,-10.25));
#3243 = DIRECTION('',(-0.,-1.,-0.));
#3244 = DIRECTION('',(0.,0.,-1.));
#3245 = ADVANCED_FACE('',(#3246),#3296,.T.);
#3246 = FACE_BOUND('',#3247,.T.);
#3247 = EDGE_LOOP('',(#3248,#3258,#3264,#3265,#3266,#3274,#3282,#3290));
#3248 = ORIENTED_EDGE('',*,*,#3249,.F.);
#3249 = EDGE_CURVE('',#3250,#3252,#3254,.T.);
#3250 = VERTEX_POINT('',#3251);
#3251 = CARTESIAN_POINT('',(-11.5,-6.200000357721,-20.3));
#3252 = VERTEX_POINT('',#3253);
#3253 = CARTESIAN_POINT('',(-11.5,-6.200000357628,4.));
#3254 = LINE('',#3255,#3256);
#3255 = CARTESIAN_POINT('',(-11.5,-6.200000357628,0.));
#3256 = VECTOR('',#3257,1.);
#3257 = DIRECTION('',(0.,0.,1.));
#3258 = ORIENTED_EDGE('',*,*,#3259,.T.);
#3259 = EDGE_CURVE('',#3250,#3227,#3260,.T.);
#3260 = LINE('',#3261,#3262);
#3261 = CARTESIAN_POINT('',(-11.5,-6.200000357721,-20.3));
#3262 = VECTOR('',#3263,1.);
#3263 = DIRECTION('',(0.,1.,0.));
#3264 = ORIENTED_EDGE('',*,*,#3226,.F.);
#3265 = ORIENTED_EDGE('',*,*,#2133,.F.);
#3266 = ORIENTED_EDGE('',*,*,#3267,.T.);
#3267 = EDGE_CURVE('',#2126,#3268,#3270,.T.);
#3268 = VERTEX_POINT('',#3269);
#3269 = CARTESIAN_POINT('',(-11.5,2.5,-6.));
#3270 = LINE('',#3271,#3272);
#3271 = CARTESIAN_POINT('',(-11.5,2.5,4.));
#3272 = VECTOR('',#3273,1.);
#3273 = DIRECTION('',(-0.,-0.,-1.));
#3274 = ORIENTED_EDGE('',*,*,#3275,.F.);
#3275 = EDGE_CURVE('',#3276,#3268,#3278,.T.);
#3276 = VERTEX_POINT('',#3277);
#3277 = CARTESIAN_POINT('',(-11.5,-2.5,-6.));
#3278 = LINE('',#3279,#3280);
#3279 = CARTESIAN_POINT('',(-11.5,-2.5,-6.));
#3280 = VECTOR('',#3281,1.);
#3281 = DIRECTION('',(0.,1.,0.));
#3282 = ORIENTED_EDGE('',*,*,#3283,.F.);
#3283 = EDGE_CURVE('',#3284,#3276,#3286,.T.);
#3284 = VERTEX_POINT('',#3285);
#3285 = CARTESIAN_POINT('',(-11.5,-2.5,4.));
#3286 = LINE('',#3287,#3288);
#3287 = CARTESIAN_POINT('',(-11.5,-2.5,4.));
#3288 = VECTOR('',#3289,1.);
#3289 = DIRECTION('',(-0.,-0.,-1.));
#3290 = ORIENTED_EDGE('',*,*,#3291,.F.);
#3291 = EDGE_CURVE('',#3252,#3284,#3292,.T.);
#3292 = LINE('',#3293,#3294);
#3293 = CARTESIAN_POINT('',(-11.5,-4.752061028738,4.));
#3294 = VECTOR('',#3295,1.);
#3295 = DIRECTION('',(0.,1.,0.));
#3296 = PLANE('',#3297);
#3297 = AXIS2_PLACEMENT_3D('',#3298,#3299,#3300);
#3298 = CARTESIAN_POINT('',(-11.5,3.474536544421E-16,-10.25));
#3299 = DIRECTION('',(1.,0.,0.));
#3300 = DIRECTION('',(0.,0.,1.));
#3301 = ADVANCED_FACE('',(#3302),#3327,.T.);
#3302 = FACE_BOUND('',#3303,.T.);
#3303 = EDGE_LOOP('',(#3304,#3305,#3306,#3312,#3313,#3321));
#3304 = ORIENTED_EDGE('',*,*,#3267,.F.);
#3305 = ORIENTED_EDGE('',*,*,#2125,.T.);
#3306 = ORIENTED_EDGE('',*,*,#3307,.T.);
#3307 = EDGE_CURVE('',#2118,#2295,#3308,.T.);
#3308 = LINE('',#3309,#3310);
#3309 = CARTESIAN_POINT('',(-17.5,2.5,4.));
#3310 = VECTOR('',#3311,1.);
#3311 = DIRECTION('',(-0.,-0.,-1.));
#3312 = ORIENTED_EDGE('',*,*,#2294,.F.);
#3313 = ORIENTED_EDGE('',*,*,#3314,.T.);
#3314 = EDGE_CURVE('',#2285,#3315,#3317,.T.);
#3315 = VERTEX_POINT('',#3316);
#3316 = CARTESIAN_POINT('',(-13.5,2.5,-6.));
#3317 = LINE('',#3318,#3319);
#3318 = CARTESIAN_POINT('',(-13.5,2.5,4.));
#3319 = VECTOR('',#3320,1.);
#3320 = DIRECTION('',(-0.,-0.,-1.));
#3321 = ORIENTED_EDGE('',*,*,#3322,.F.);
#3322 = EDGE_CURVE('',#3268,#3315,#3323,.T.);
#3323 = LINE('',#3324,#3325);
#3324 = CARTESIAN_POINT('',(-11.5,2.5,-6.));
#3325 = VECTOR('',#3326,1.);
#3326 = DIRECTION('',(-1.,0.,0.));
#3327 = PLANE('',#3328);
#3328 = AXIS2_PLACEMENT_3D('',#3329,#3330,#3331);
#3329 = CARTESIAN_POINT('',(-13.5625,2.5,-6.25E-02));
#3330 = DIRECTION('',(-0.,-1.,-0.));
#3331 = DIRECTION('',(0.,0.,-1.));
#3332 = ADVANCED_FACE('',(#3333),#3339,.F.);
#3333 = FACE_BOUND('',#3334,.F.);
#3334 = EDGE_LOOP('',(#3335,#3336,#3337,#3338));
#3335 = ORIENTED_EDGE('',*,*,#3307,.T.);
#3336 = ORIENTED_EDGE('',*,*,#2302,.T.);
#3337 = ORIENTED_EDGE('',*,*,#2260,.F.);
#3338 = ORIENTED_EDGE('',*,*,#2117,.F.);
#3339 = PLANE('',#3340);
#3340 = AXIS2_PLACEMENT_3D('',#3341,#3342,#3343);
#3341 = CARTESIAN_POINT('',(-17.5,2.5,4.));
#3342 = DIRECTION('',(-1.,0.,0.));
#3343 = DIRECTION('',(0.,-1.,0.));
#3344 = ADVANCED_FACE('',(#3345),#3370,.F.);
#3345 = FACE_BOUND('',#3346,.F.);
#3346 = EDGE_LOOP('',(#3347,#3355,#3363,#3369));
#3347 = ORIENTED_EDGE('',*,*,#3348,.T.);
#3348 = EDGE_CURVE('',#2158,#3349,#3351,.T.);
#3349 = VERTEX_POINT('',#3350);
#3350 = CARTESIAN_POINT('',(-19.3,-12.18771309859,2.));
#3351 = LINE('',#3352,#3353);
#3352 = CARTESIAN_POINT('',(-19.3,-12.18771309859,4.));
#3353 = VECTOR('',#3354,1.);
#3354 = DIRECTION('',(-0.,-0.,-1.));
#3355 = ORIENTED_EDGE('',*,*,#3356,.T.);
#3356 = EDGE_CURVE('',#3349,#3357,#3359,.T.);
#3357 = VERTEX_POINT('',#3358);
#3358 = CARTESIAN_POINT('',(-19.3,-18.18771309859,2.));
#3359 = LINE('',#3360,#3361);
#3360 = CARTESIAN_POINT('',(-19.3,-12.18771309859,2.));
#3361 = VECTOR('',#3362,1.);
#3362 = DIRECTION('',(0.,-1.,0.));
#3363 = ORIENTED_EDGE('',*,*,#3364,.F.);
#3364 = EDGE_CURVE('',#2160,#3357,#3365,.T.);
#3365 = LINE('',#3366,#3367);
#3366 = CARTESIAN_POINT('',(-19.3,-18.18771309859,4.));
#3367 = VECTOR('',#3368,1.);
#3368 = DIRECTION('',(-0.,-0.,-1.));
#3369 = ORIENTED_EDGE('',*,*,#2157,.F.);
#3370 = PLANE('',#3371);
#3371 = AXIS2_PLACEMENT_3D('',#3372,#3373,#3374);
#3372 = CARTESIAN_POINT('',(-19.3,-12.18771309859,4.));
#3373 = DIRECTION('',(-1.,0.,0.));
#3374 = DIRECTION('',(0.,-1.,0.));
#3375 = ADVANCED_FACE('',(#3376),#3394,.F.);
#3376 = FACE_BOUND('',#3377,.F.);
#3377 = EDGE_LOOP('',(#3378,#3386,#3392,#3393));
#3378 = ORIENTED_EDGE('',*,*,#3379,.T.);
#3379 = EDGE_CURVE('',#2168,#3380,#3382,.T.);
#3380 = VERTEX_POINT('',#3381);
#3381 = CARTESIAN_POINT('',(-18.3,-12.18771309859,2.));
#3382 = LINE('',#3383,#3384);
#3383 = CARTESIAN_POINT('',(-18.3,-12.18771309859,4.));
#3384 = VECTOR('',#3385,1.);
#3385 = DIRECTION('',(-0.,-0.,-1.));
#3386 = ORIENTED_EDGE('',*,*,#3387,.T.);
#3387 = EDGE_CURVE('',#3380,#3349,#3388,.T.);
#3388 = LINE('',#3389,#3390);
#3389 = CARTESIAN_POINT('',(-18.3,-12.18771309859,2.));
#3390 = VECTOR('',#3391,1.);
#3391 = DIRECTION('',(-1.,0.,0.));
#3392 = ORIENTED_EDGE('',*,*,#3348,.F.);
#3393 = ORIENTED_EDGE('',*,*,#2167,.F.);
#3394 = PLANE('',#3395);
#3395 = AXIS2_PLACEMENT_3D('',#3396,#3397,#3398);
#3396 = CARTESIAN_POINT('',(-18.3,-12.18771309859,4.));
#3397 = DIRECTION('',(0.,1.,0.));
#3398 = DIRECTION('',(-1.,0.,0.));
#3399 = ADVANCED_FACE('',(#3400),#3418,.F.);
#3400 = FACE_BOUND('',#3401,.F.);
#3401 = EDGE_LOOP('',(#3402,#3403,#3411,#3417));
#3402 = ORIENTED_EDGE('',*,*,#3364,.T.);
#3403 = ORIENTED_EDGE('',*,*,#3404,.T.);
#3404 = EDGE_CURVE('',#3357,#3405,#3407,.T.);
#3405 = VERTEX_POINT('',#3406);
#3406 = CARTESIAN_POINT('',(-18.3,-18.18771309859,2.));
#3407 = LINE('',#3408,#3409);
#3408 = CARTESIAN_POINT('',(-19.3,-18.18771309859,2.));
#3409 = VECTOR('',#3410,1.);
#3410 = DIRECTION('',(1.,0.,0.));
#3411 = ORIENTED_EDGE('',*,*,#3412,.F.);
#3412 = EDGE_CURVE('',#2176,#3405,#3413,.T.);
#3413 = LINE('',#3414,#3415);
#3414 = CARTESIAN_POINT('',(-18.3,-18.18771309859,4.));
#3415 = VECTOR('',#3416,1.);
#3416 = DIRECTION('',(-0.,-0.,-1.));
#3417 = ORIENTED_EDGE('',*,*,#2183,.F.);
#3418 = PLANE('',#3419);
#3419 = AXIS2_PLACEMENT_3D('',#3420,#3421,#3422);
#3420 = CARTESIAN_POINT('',(-19.3,-18.18771309859,4.));
#3421 = DIRECTION('',(0.,-1.,0.));
#3422 = DIRECTION('',(1.,0.,0.));
#3423 = ADVANCED_FACE('',(#3424),#3435,.F.);
#3424 = FACE_BOUND('',#3425,.F.);
#3425 = EDGE_LOOP('',(#3426,#3427,#3433,#3434));
#3426 = ORIENTED_EDGE('',*,*,#3412,.T.);
#3427 = ORIENTED_EDGE('',*,*,#3428,.T.);
#3428 = EDGE_CURVE('',#3405,#3380,#3429,.T.);
#3429 = LINE('',#3430,#3431);
#3430 = CARTESIAN_POINT('',(-18.3,-18.18771309859,2.));
#3431 = VECTOR('',#3432,1.);
#3432 = DIRECTION('',(0.,1.,0.));
#3433 = ORIENTED_EDGE('',*,*,#3379,.F.);
#3434 = ORIENTED_EDGE('',*,*,#2175,.F.);
#3435 = PLANE('',#3436);
#3436 = AXIS2_PLACEMENT_3D('',#3437,#3438,#3439);
#3437 = CARTESIAN_POINT('',(-18.3,-18.18771309859,4.));
#3438 = DIRECTION('',(1.,0.,0.));
#3439 = DIRECTION('',(0.,1.,0.));
#3440 = ADVANCED_FACE('',(#3441),#3466,.F.);
#3441 = FACE_BOUND('',#3442,.F.);
#3442 = EDGE_LOOP('',(#3443,#3451,#3459,#3465));
#3443 = ORIENTED_EDGE('',*,*,#3444,.T.);
#3444 = EDGE_CURVE('',#2192,#3445,#3447,.T.);
#3445 = VERTEX_POINT('',#3446);
#3446 = CARTESIAN_POINT('',(19.3,-12.18771309859,2.));
#3447 = LINE('',#3448,#3449);
#3448 = CARTESIAN_POINT('',(19.3,-12.18771309859,4.));
#3449 = VECTOR('',#3450,1.);
#3450 = DIRECTION('',(-0.,-0.,-1.));
#3451 = ORIENTED_EDGE('',*,*,#3452,.T.);
#3452 = EDGE_CURVE('',#3445,#3453,#3455,.T.);
#3453 = VERTEX_POINT('',#3454);
#3454 = CARTESIAN_POINT('',(18.3,-12.18771309859,2.));
#3455 = LINE('',#3456,#3457);
#3456 = CARTESIAN_POINT('',(19.3,-12.18771309859,2.));
#3457 = VECTOR('',#3458,1.);
#3458 = DIRECTION('',(-1.,0.,0.));
#3459 = ORIENTED_EDGE('',*,*,#3460,.F.);
#3460 = EDGE_CURVE('',#2194,#3453,#3461,.T.);
#3461 = LINE('',#3462,#3463);
#3462 = CARTESIAN_POINT('',(18.3,-12.18771309859,4.));
#3463 = VECTOR('',#3464,1.);
#3464 = DIRECTION('',(-0.,-0.,-1.));
#3465 = ORIENTED_EDGE('',*,*,#2191,.F.);
#3466 = PLANE('',#3467);
#3467 = AXIS2_PLACEMENT_3D('',#3468,#3469,#3470);
#3468 = CARTESIAN_POINT('',(19.3,-12.18771309859,4.));
#3469 = DIRECTION('',(0.,1.,0.));
#3470 = DIRECTION('',(-1.,0.,0.));
#3471 = ADVANCED_FACE('',(#3472),#3490,.F.);
#3472 = FACE_BOUND('',#3473,.F.);
#3473 = EDGE_LOOP('',(#3474,#3482,#3488,#3489));
#3474 = ORIENTED_EDGE('',*,*,#3475,.T.);
#3475 = EDGE_CURVE('',#2202,#3476,#3478,.T.);
#3476 = VERTEX_POINT('',#3477);
#3477 = CARTESIAN_POINT('',(19.3,-18.18771309859,2.));
#3478 = LINE('',#3479,#3480);
#3479 = CARTESIAN_POINT('',(19.3,-18.18771309859,4.));
#3480 = VECTOR('',#3481,1.);
#3481 = DIRECTION('',(-0.,-0.,-1.));
#3482 = ORIENTED_EDGE('',*,*,#3483,.T.);
#3483 = EDGE_CURVE('',#3476,#3445,#3484,.T.);
#3484 = LINE('',#3485,#3486);
#3485 = CARTESIAN_POINT('',(19.3,-18.18771309859,2.));
#3486 = VECTOR('',#3487,1.);
#3487 = DIRECTION('',(0.,1.,0.));
#3488 = ORIENTED_EDGE('',*,*,#3444,.F.);
#3489 = ORIENTED_EDGE('',*,*,#2201,.F.);
#3490 = PLANE('',#3491);
#3491 = AXIS2_PLACEMENT_3D('',#3492,#3493,#3494);
#3492 = CARTESIAN_POINT('',(19.3,-18.18771309859,4.));
#3493 = DIRECTION('',(1.,0.,0.));
#3494 = DIRECTION('',(0.,1.,0.));
#3495 = ADVANCED_FACE('',(#3496),#3514,.F.);
#3496 = FACE_BOUND('',#3497,.F.);
#3497 = EDGE_LOOP('',(#3498,#3499,#3507,#3513));
#3498 = ORIENTED_EDGE('',*,*,#3460,.T.);
#3499 = ORIENTED_EDGE('',*,*,#3500,.T.);
#3500 = EDGE_CURVE('',#3453,#3501,#3503,.T.);
#3501 = VERTEX_POINT('',#3502);
#3502 = CARTESIAN_POINT('',(18.3,-18.18771309859,2.));
#3503 = LINE('',#3504,#3505);
#3504 = CARTESIAN_POINT('',(18.3,-12.18771309859,2.));
#3505 = VECTOR('',#3506,1.);
#3506 = DIRECTION('',(0.,-1.,0.));
#3507 = ORIENTED_EDGE('',*,*,#3508,.F.);
#3508 = EDGE_CURVE('',#2210,#3501,#3509,.T.);
#3509 = LINE('',#3510,#3511);
#3510 = CARTESIAN_POINT('',(18.3,-18.18771309859,4.));
#3511 = VECTOR('',#3512,1.);
#3512 = DIRECTION('',(-0.,-0.,-1.));
#3513 = ORIENTED_EDGE('',*,*,#2217,.F.);
#3514 = PLANE('',#3515);
#3515 = AXIS2_PLACEMENT_3D('',#3516,#3517,#3518);
#3516 = CARTESIAN_POINT('',(18.3,-12.18771309859,4.));
#3517 = DIRECTION('',(-1.,0.,0.));
#3518 = DIRECTION('',(0.,-1.,0.));
#3519 = ADVANCED_FACE('',(#3520),#3531,.F.);
#3520 = FACE_BOUND('',#3521,.F.);
#3521 = EDGE_LOOP('',(#3522,#3523,#3529,#3530));
#3522 = ORIENTED_EDGE('',*,*,#3508,.T.);
#3523 = ORIENTED_EDGE('',*,*,#3524,.T.);
#3524 = EDGE_CURVE('',#3501,#3476,#3525,.T.);
#3525 = LINE('',#3526,#3527);
#3526 = CARTESIAN_POINT('',(18.3,-18.18771309859,2.));
#3527 = VECTOR('',#3528,1.);
#3528 = DIRECTION('',(1.,0.,0.));
#3529 = ORIENTED_EDGE('',*,*,#3475,.F.);
#3530 = ORIENTED_EDGE('',*,*,#2209,.F.);
#3531 = PLANE('',#3532);
#3532 = AXIS2_PLACEMENT_3D('',#3533,#3534,#3535);
#3533 = CARTESIAN_POINT('',(18.3,-18.18771309859,4.));
#3534 = DIRECTION('',(0.,-1.,0.));
#3535 = DIRECTION('',(1.,0.,0.));
#3536 = ADVANCED_FACE('',(#3537),#3555,.F.);
#3537 = FACE_BOUND('',#3538,.F.);
#3538 = EDGE_LOOP('',(#3539,#3540,#3541,#3549));
#3539 = ORIENTED_EDGE('',*,*,#2284,.F.);
#3540 = ORIENTED_EDGE('',*,*,#3314,.T.);
#3541 = ORIENTED_EDGE('',*,*,#3542,.T.);
#3542 = EDGE_CURVE('',#3315,#3543,#3545,.T.);
#3543 = VERTEX_POINT('',#3544);
#3544 = CARTESIAN_POINT('',(-13.5,-2.5,-6.));
#3545 = LINE('',#3546,#3547);
#3546 = CARTESIAN_POINT('',(-13.5,2.5,-6.));
#3547 = VECTOR('',#3548,1.);
#3548 = DIRECTION('',(0.,-1.,0.));
#3549 = ORIENTED_EDGE('',*,*,#3550,.F.);
#3550 = EDGE_CURVE('',#2287,#3543,#3551,.T.);
#3551 = LINE('',#3552,#3553);
#3552 = CARTESIAN_POINT('',(-13.5,-2.5,4.));
#3553 = VECTOR('',#3554,1.);
#3554 = DIRECTION('',(-0.,-0.,-1.));
#3555 = PLANE('',#3556);
#3556 = AXIS2_PLACEMENT_3D('',#3557,#3558,#3559);
#3557 = CARTESIAN_POINT('',(-13.5,2.5,4.));
#3558 = DIRECTION('',(-1.,0.,0.));
#3559 = DIRECTION('',(0.,-1.,0.));
#3560 = ADVANCED_FACE('',(#3561),#3579,.F.);
#3561 = FACE_BOUND('',#3562,.F.);
#3562 = EDGE_LOOP('',(#3563,#3564,#3572,#3578));
#3563 = ORIENTED_EDGE('',*,*,#2349,.F.);
#3564 = ORIENTED_EDGE('',*,*,#3565,.T.);
#3565 = EDGE_CURVE('',#2350,#3566,#3568,.T.);
#3566 = VERTEX_POINT('',#3567);
#3567 = CARTESIAN_POINT('',(13.5,-2.5,-6.));
#3568 = LINE('',#3569,#3570);
#3569 = CARTESIAN_POINT('',(13.5,-2.5,4.));
#3570 = VECTOR('',#3571,1.);
#3571 = DIRECTION('',(-0.,-0.,-1.));
#3572 = ORIENTED_EDGE('',*,*,#3573,.T.);
#3573 = EDGE_CURVE('',#3566,#3147,#3574,.T.);
#3574 = LINE('',#3575,#3576);
#3575 = CARTESIAN_POINT('',(13.5,-2.5,-6.));
#3576 = VECTOR('',#3577,1.);
#3577 = DIRECTION('',(0.,1.,0.));
#3578 = ORIENTED_EDGE('',*,*,#3154,.F.);
#3579 = PLANE('',#3580);
#3580 = AXIS2_PLACEMENT_3D('',#3581,#3582,#3583);
#3581 = CARTESIAN_POINT('',(13.5,-2.5,4.));
#3582 = DIRECTION('',(1.,0.,0.));
#3583 = DIRECTION('',(0.,1.,0.));
#3584 = ADVANCED_FACE('',(#3585),#3610,.T.);
#3585 = FACE_BOUND('',#3586,.T.);
#3586 = EDGE_LOOP('',(#3587,#3597,#3603,#3604));
#3587 = ORIENTED_EDGE('',*,*,#3588,.F.);
#3588 = EDGE_CURVE('',#3589,#3591,#3593,.T.);
#3589 = VERTEX_POINT('',#3590);
#3590 = CARTESIAN_POINT('',(13.5,-28.00000000005,4.));
#3591 = VERTEX_POINT('',#3592);
#3592 = CARTESIAN_POINT('',(13.5,-2.5,4.));
#3593 = LINE('',#3594,#3595);
#3594 = CARTESIAN_POINT('',(13.5,-28.00000000005,4.));
#3595 = VECTOR('',#3596,1.);
#3596 = DIRECTION('',(0.,1.,0.));
#3597 = ORIENTED_EDGE('',*,*,#3598,.T.);
#3598 = EDGE_CURVE('',#3589,#2358,#3599,.T.);
#3599 = LINE('',#3600,#3601);
#3600 = CARTESIAN_POINT('',(13.5,-28.00000000005,4.));
#3601 = VECTOR('',#3602,1.);
#3602 = DIRECTION('',(-0.,-0.,-1.));
#3603 = ORIENTED_EDGE('',*,*,#2357,.T.);
#3604 = ORIENTED_EDGE('',*,*,#3605,.F.);
#3605 = EDGE_CURVE('',#3591,#2350,#3606,.T.);
#3606 = LINE('',#3607,#3608);
#3607 = CARTESIAN_POINT('',(13.5,-2.5,4.));
#3608 = VECTOR('',#3609,1.);
#3609 = DIRECTION('',(-0.,-0.,-1.));
#3610 = PLANE('',#3611);
#3611 = AXIS2_PLACEMENT_3D('',#3612,#3613,#3614);
#3612 = CARTESIAN_POINT('',(13.5,-28.00000000005,4.));
#3613 = DIRECTION('',(1.,0.,0.));
#3614 = DIRECTION('',(0.,1.,0.));
#3615 = ADVANCED_FACE('',(#3616),#3634,.F.);
#3616 = FACE_BOUND('',#3617,.F.);
#3617 = EDGE_LOOP('',(#3618,#3626,#3632,#3633));
#3618 = ORIENTED_EDGE('',*,*,#3619,.F.);
#3619 = EDGE_CURVE('',#3620,#2366,#3622,.T.);
#3620 = VERTEX_POINT('',#3621);
#3621 = CARTESIAN_POINT('',(3.558112,-28.00000000001,4.));
#3622 = LINE('',#3623,#3624);
#3623 = CARTESIAN_POINT('',(3.558112,-28.00000000001,4.));
#3624 = VECTOR('',#3625,1.);
#3625 = DIRECTION('',(-0.,-0.,-1.));
#3626 = ORIENTED_EDGE('',*,*,#3627,.T.);
#3627 = EDGE_CURVE('',#3620,#3589,#3628,.T.);
#3628 = LINE('',#3629,#3630);
#3629 = CARTESIAN_POINT('',(-0.181069926984,-28.,4.));
#3630 = VECTOR('',#3631,1.);
#3631 = DIRECTION('',(1.,-4.159829656923E-12,0.));
#3632 = ORIENTED_EDGE('',*,*,#3598,.T.);
#3633 = ORIENTED_EDGE('',*,*,#2365,.F.);
#3634 = PLANE('',#3635);
#3635 = AXIS2_PLACEMENT_3D('',#3636,#3637,#3638);
#3636 = CARTESIAN_POINT('',(4.102179989293E-16,-28.00000000001,2.75));
#3637 = DIRECTION('',(2.131342187984E-12,1.,0.));
#3638 = DIRECTION('',(1.,-2.131342187984E-12,0.));
#3639 = ADVANCED_FACE('',(#3640),#3658,.T.);
#3640 = FACE_BOUND('',#3641,.T.);
#3641 = EDGE_LOOP('',(#3642,#3650,#3656,#3657));
#3642 = ORIENTED_EDGE('',*,*,#3643,.T.);
#3643 = EDGE_CURVE('',#3620,#3644,#3646,.T.);
#3644 = VERTEX_POINT('',#3645);
#3645 = CARTESIAN_POINT('',(3.558112,-22.71518934931,4.));
#3646 = LINE('',#3647,#3648);
#3647 = CARTESIAN_POINT('',(3.558112,-24.317171,4.));
#3648 = VECTOR('',#3649,1.);
#3649 = DIRECTION('',(0.,1.,0.));
#3650 = ORIENTED_EDGE('',*,*,#3651,.T.);
#3651 = EDGE_CURVE('',#3644,#2374,#3652,.T.);
#3652 = LINE('',#3653,#3654);
#3653 = CARTESIAN_POINT('',(3.558112,-22.71518934931,4.));
#3654 = VECTOR('',#3655,1.);
#3655 = DIRECTION('',(-0.,-0.,-1.));
#3656 = ORIENTED_EDGE('',*,*,#2373,.T.);
#3657 = ORIENTED_EDGE('',*,*,#3619,.F.);
#3658 = PLANE('',#3659);
#3659 = AXIS2_PLACEMENT_3D('',#3660,#3661,#3662);
#3660 = CARTESIAN_POINT('',(3.558112,-25.35759467466,2.75));
#3661 = DIRECTION('',(-1.,-8.595695284402E-16,-0.));
#3662 = DIRECTION('',(8.595695284402E-16,-1.,0.));
#3663 = ADVANCED_FACE('',(#3664),#3682,.F.);
#3664 = FACE_BOUND('',#3665,.F.);
#3665 = EDGE_LOOP('',(#3666,#3667,#3668,#3676));
#3666 = ORIENTED_EDGE('',*,*,#3651,.T.);
#3667 = ORIENTED_EDGE('',*,*,#2381,.T.);
#3668 = ORIENTED_EDGE('',*,*,#3669,.F.);
#3669 = EDGE_CURVE('',#3670,#2382,#3672,.T.);
#3670 = VERTEX_POINT('',#3671);
#3671 = CARTESIAN_POINT('',(4.355972760618,-22.71518934931,4.));
#3672 = LINE('',#3673,#3674);
#3673 = CARTESIAN_POINT('',(4.355972760618,-22.71518934931,4.));
#3674 = VECTOR('',#3675,1.);
#3675 = DIRECTION('',(-0.,-0.,-1.));
#3676 = ORIENTED_EDGE('',*,*,#3677,.F.);
#3677 = EDGE_CURVE('',#3644,#3670,#3678,.T.);
#3678 = LINE('',#3679,#3680);
#3679 = CARTESIAN_POINT('',(3.558112,-22.71518934931,4.));
#3680 = VECTOR('',#3681,1.);
#3681 = DIRECTION('',(1.,0.,0.));
#3682 = PLANE('',#3683);
#3683 = AXIS2_PLACEMENT_3D('',#3684,#3685,#3686);
#3684 = CARTESIAN_POINT('',(3.558112,-22.71518934931,4.));
#3685 = DIRECTION('',(0.,-1.,0.));
#3686 = DIRECTION('',(1.,0.,0.));
#3687 = ADVANCED_FACE('',(#3688),#3722,.F.);
#3688 = FACE_BOUND('',#3689,.F.);
#3689 = EDGE_LOOP('',(#3690,#3698,#3699,#3700,#3708,#3716));
#3690 = ORIENTED_EDGE('',*,*,#3691,.F.);
#3691 = EDGE_CURVE('',#3670,#3692,#3694,.T.);
#3692 = VERTEX_POINT('',#3693);
#3693 = CARTESIAN_POINT('',(4.355972760618,-8.318638650686,4.));
#3694 = LINE('',#3695,#3696);
#3695 = CARTESIAN_POINT('',(4.355972760618,-22.71518934931,4.));
#3696 = VECTOR('',#3697,1.);
#3697 = DIRECTION('',(0.,1.,0.));
#3698 = ORIENTED_EDGE('',*,*,#3669,.T.);
#3699 = ORIENTED_EDGE('',*,*,#2389,.T.);
#3700 = ORIENTED_EDGE('',*,*,#3701,.T.);
#3701 = EDGE_CURVE('',#2390,#3702,#3704,.T.);
#3702 = VERTEX_POINT('',#3703);
#3703 = CARTESIAN_POINT('',(4.355972760618,-19.8983,2.3));
#3704 = LINE('',#3705,#3706);
#3705 = CARTESIAN_POINT('',(4.355972760618,-19.8983,1.5));
#3706 = VECTOR('',#3707,1.);
#3707 = DIRECTION('',(0.,0.,1.));
#3708 = ORIENTED_EDGE('',*,*,#3709,.T.);
#3709 = EDGE_CURVE('',#3702,#3710,#3712,.T.);
#3710 = VERTEX_POINT('',#3711);
#3711 = CARTESIAN_POINT('',(4.355972760618,-8.318638650686,2.3));
#3712 = LINE('',#3713,#3714);
#3713 = CARTESIAN_POINT('',(4.355972760618,-19.8983,2.3));
#3714 = VECTOR('',#3715,1.);
#3715 = DIRECTION('',(0.,1.,0.));
#3716 = ORIENTED_EDGE('',*,*,#3717,.F.);
#3717 = EDGE_CURVE('',#3692,#3710,#3718,.T.);
#3718 = LINE('',#3719,#3720);
#3719 = CARTESIAN_POINT('',(4.355972760618,-8.318638650686,4.));
#3720 = VECTOR('',#3721,1.);
#3721 = DIRECTION('',(-0.,-0.,-1.));
#3722 = PLANE('',#3723);
#3723 = AXIS2_PLACEMENT_3D('',#3724,#3725,#3726);
#3724 = CARTESIAN_POINT('',(4.355972760618,-22.71518934931,4.));
#3725 = DIRECTION('',(1.,0.,0.));
#3726 = DIRECTION('',(0.,1.,0.));
#3727 = ADVANCED_FACE('',(#3728),#3746,.F.);
#3728 = FACE_BOUND('',#3729,.F.);
#3729 = EDGE_LOOP('',(#3730,#3738,#3744,#3745));
#3730 = ORIENTED_EDGE('',*,*,#3731,.T.);
#3731 = EDGE_CURVE('',#2398,#3732,#3734,.T.);
#3732 = VERTEX_POINT('',#3733);
#3733 = CARTESIAN_POINT('',(4.047679669465,-19.8983,2.3));
#3734 = LINE('',#3735,#3736);
#3735 = CARTESIAN_POINT('',(4.047679669465,-19.8983,1.5));
#3736 = VECTOR('',#3737,1.);
#3737 = DIRECTION('',(0.,0.,1.));
#3738 = ORIENTED_EDGE('',*,*,#3739,.T.);
#3739 = EDGE_CURVE('',#3732,#3702,#3740,.T.);
#3740 = LINE('',#3741,#3742);
#3741 = CARTESIAN_POINT('',(4.047679669465,-19.8983,2.3));
#3742 = VECTOR('',#3743,1.);
#3743 = DIRECTION('',(1.,-4.60952746689E-14,0.));
#3744 = ORIENTED_EDGE('',*,*,#3701,.F.);
#3745 = ORIENTED_EDGE('',*,*,#2397,.F.);
#3746 = PLANE('',#3747);
#3747 = AXIS2_PLACEMENT_3D('',#3748,#3749,#3750);
#3748 = CARTESIAN_POINT('',(4.047679669465,-19.8983,1.5));
#3749 = DIRECTION('',(4.60952746689E-14,1.,0.));
#3750 = DIRECTION('',(1.,-4.60952746689E-14,0.));
#3751 = ADVANCED_FACE('',(#3752),#3770,.F.);
#3752 = FACE_BOUND('',#3753,.F.);
#3753 = EDGE_LOOP('',(#3754,#3762,#3768,#3769));
#3754 = ORIENTED_EDGE('',*,*,#3755,.T.);
#3755 = EDGE_CURVE('',#2406,#3756,#3758,.T.);
#3756 = VERTEX_POINT('',#3757);
#3757 = CARTESIAN_POINT('',(2.355972760618,-19.3983,2.3));
#3758 = LINE('',#3759,#3760);
#3759 = CARTESIAN_POINT('',(2.355972760618,-19.3983,1.5));
#3760 = VECTOR('',#3761,1.);
#3761 = DIRECTION('',(0.,0.,1.));
#3762 = ORIENTED_EDGE('',*,*,#3763,.T.);
#3763 = EDGE_CURVE('',#3756,#3732,#3764,.T.);
#3764 = LINE('',#3765,#3766);
#3765 = CARTESIAN_POINT('',(2.355972760618,-19.3983,2.3));
#3766 = VECTOR('',#3767,1.);
#3767 = DIRECTION('',(0.958990360875,-0.283438684284,0.));
#3768 = ORIENTED_EDGE('',*,*,#3731,.F.);
#3769 = ORIENTED_EDGE('',*,*,#2405,.F.);
#3770 = PLANE('',#3771);
#3771 = AXIS2_PLACEMENT_3D('',#3772,#3773,#3774);
#3772 = CARTESIAN_POINT('',(2.355972760618,-19.3983,1.5));
#3773 = DIRECTION('',(0.283438684284,0.958990360875,0.));
#3774 = DIRECTION('',(0.958990360875,-0.283438684284,0.));
#3775 = ADVANCED_FACE('',(#3776),#3801,.T.);
#3776 = FACE_BOUND('',#3777,.T.);
#3777 = EDGE_LOOP('',(#3778,#3784,#3785,#3786,#3794,#3800));
#3778 = ORIENTED_EDGE('',*,*,#3779,.F.);
#3779 = EDGE_CURVE('',#2414,#2873,#3780,.T.);
#3780 = LINE('',#3781,#3782);
#3781 = CARTESIAN_POINT('',(2.355972760618,-20.71518934931,1.5));
#3782 = VECTOR('',#3783,1.);
#3783 = DIRECTION('',(-0.,-0.,-1.));
#3784 = ORIENTED_EDGE('',*,*,#2413,.T.);
#3785 = ORIENTED_EDGE('',*,*,#3755,.T.);
#3786 = ORIENTED_EDGE('',*,*,#3787,.T.);
#3787 = EDGE_CURVE('',#3756,#3788,#3790,.T.);
#3788 = VERTEX_POINT('',#3789);
#3789 = CARTESIAN_POINT('',(2.355972760618,-10.31863865068,2.3));
#3790 = LINE('',#3791,#3792);
#3791 = CARTESIAN_POINT('',(2.355972760618,-19.3983,2.3));
#3792 = VECTOR('',#3793,1.);
#3793 = DIRECTION('',(0.,1.,0.));
#3794 = ORIENTED_EDGE('',*,*,#3795,.T.);
#3795 = EDGE_CURVE('',#3788,#2881,#3796,.T.);
#3796 = LINE('',#3797,#3798);
#3797 = CARTESIAN_POINT('',(2.355972760618,-10.31863865068,1.5));
#3798 = VECTOR('',#3799,1.);
#3799 = DIRECTION('',(-0.,-0.,-1.));
#3800 = ORIENTED_EDGE('',*,*,#2880,.F.);
#3801 = PLANE('',#3802);
#3802 = AXIS2_PLACEMENT_3D('',#3803,#3804,#3805);
#3803 = CARTESIAN_POINT('',(2.355972760618,-15.47372508923,
    1.356811089238));
#3804 = DIRECTION('',(-1.,-0.,-2.424183403736E-16));
#3805 = DIRECTION('',(2.424183403736E-16,0.,-1.));
#3806 = ADVANCED_FACE('',(#3807),#3818,.F.);
#3807 = FACE_BOUND('',#3808,.F.);
#3808 = EDGE_LOOP('',(#3809,#3815,#3816,#3817));
#3809 = ORIENTED_EDGE('',*,*,#3810,.T.);
#3810 = EDGE_CURVE('',#2422,#2865,#3811,.T.);
#3811 = LINE('',#3812,#3813);
#3812 = CARTESIAN_POINT('',(-2.041563091153,-20.71518934931,1.5));
#3813 = VECTOR('',#3814,1.);
#3814 = DIRECTION('',(-0.,-0.,-1.));
#3815 = ORIENTED_EDGE('',*,*,#2872,.T.);
#3816 = ORIENTED_EDGE('',*,*,#3779,.F.);
#3817 = ORIENTED_EDGE('',*,*,#2421,.F.);
#3818 = PLANE('',#3819);
#3819 = AXIS2_PLACEMENT_3D('',#3820,#3821,#3822);
#3820 = CARTESIAN_POINT('',(-2.041563091153,-20.71518934931,1.5));
#3821 = DIRECTION('',(0.,-1.,0.));
#3822 = DIRECTION('',(1.,0.,0.));
#3823 = ADVANCED_FACE('',(#3824),#3851,.T.);
#3824 = FACE_BOUND('',#3825,.T.);
#3825 = EDGE_LOOP('',(#3826,#3834,#3842,#3848,#3849,#3850));
#3826 = ORIENTED_EDGE('',*,*,#3827,.F.);
#3827 = EDGE_CURVE('',#3828,#2863,#3830,.T.);
#3828 = VERTEX_POINT('',#3829);
#3829 = CARTESIAN_POINT('',(-2.041563091153,-10.31863865068,2.3));
#3830 = LINE('',#3831,#3832);
#3831 = CARTESIAN_POINT('',(-2.041563091153,-10.31863865068,1.5));
#3832 = VECTOR('',#3833,1.);
#3833 = DIRECTION('',(-0.,-0.,-1.));
#3834 = ORIENTED_EDGE('',*,*,#3835,.T.);
#3835 = EDGE_CURVE('',#3828,#3836,#3838,.T.);
#3836 = VERTEX_POINT('',#3837);
#3837 = CARTESIAN_POINT('',(-2.041563091153,-19.3983,2.3));
#3838 = LINE('',#3839,#3840);
#3839 = CARTESIAN_POINT('',(-2.041563091153,-10.31863865068,2.3));
#3840 = VECTOR('',#3841,1.);
#3841 = DIRECTION('',(0.,-1.,0.));
#3842 = ORIENTED_EDGE('',*,*,#3843,.F.);
#3843 = EDGE_CURVE('',#2430,#3836,#3844,.T.);
#3844 = LINE('',#3845,#3846);
#3845 = CARTESIAN_POINT('',(-2.041563091153,-19.3983,1.5));
#3846 = VECTOR('',#3847,1.);
#3847 = DIRECTION('',(0.,0.,1.));
#3848 = ORIENTED_EDGE('',*,*,#2429,.T.);
#3849 = ORIENTED_EDGE('',*,*,#3810,.T.);
#3850 = ORIENTED_EDGE('',*,*,#2862,.F.);
#3851 = PLANE('',#3852);
#3852 = AXIS2_PLACEMENT_3D('',#3853,#3854,#3855);
#3853 = CARTESIAN_POINT('',(-2.041563091153,-15.47372508923,
    1.356811089238));
#3854 = DIRECTION('',(1.,0.,4.951032319148E-16));
#3855 = DIRECTION('',(-4.951032319148E-16,0.,1.));
#3856 = ADVANCED_FACE('',(#3857),#3875,.T.);
#3857 = FACE_BOUND('',#3858,.T.);
#3858 = EDGE_LOOP('',(#3859,#3860,#3868,#3874));
#3859 = ORIENTED_EDGE('',*,*,#3843,.T.);
#3860 = ORIENTED_EDGE('',*,*,#3861,.T.);
#3861 = EDGE_CURVE('',#3836,#3862,#3864,.T.);
#3862 = VERTEX_POINT('',#3863);
#3863 = CARTESIAN_POINT('',(-3.73327,-19.8983,2.3));
#3864 = LINE('',#3865,#3866);
#3865 = CARTESIAN_POINT('',(-2.041563091153,-19.3983,2.3));
#3866 = VECTOR('',#3867,1.);
#3867 = DIRECTION('',(-0.958990360875,-0.283438684284,0.));
#3868 = ORIENTED_EDGE('',*,*,#3869,.F.);
#3869 = EDGE_CURVE('',#2438,#3862,#3870,.T.);
#3870 = LINE('',#3871,#3872);
#3871 = CARTESIAN_POINT('',(-3.73327,-19.8983,1.5));
#3872 = VECTOR('',#3873,1.);
#3873 = DIRECTION('',(0.,0.,1.));
#3874 = ORIENTED_EDGE('',*,*,#2437,.F.);
#3875 = PLANE('',#3876);
#3876 = AXIS2_PLACEMENT_3D('',#3877,#3878,#3879);
#3877 = CARTESIAN_POINT('',(-2.041563091153,-19.3983,1.5));
#3878 = DIRECTION('',(0.283438684284,-0.958990360875,0.));
#3879 = DIRECTION('',(-0.958990360875,-0.283438684284,0.));
#3880 = ADVANCED_FACE('',(#3881),#3899,.F.);
#3881 = FACE_BOUND('',#3882,.F.);
#3882 = EDGE_LOOP('',(#3883,#3891,#3897,#3898));
#3883 = ORIENTED_EDGE('',*,*,#3884,.T.);
#3884 = EDGE_CURVE('',#2446,#3885,#3887,.T.);
#3885 = VERTEX_POINT('',#3886);
#3886 = CARTESIAN_POINT('',(-4.041563091153,-19.8983,2.3));
#3887 = LINE('',#3888,#3889);
#3888 = CARTESIAN_POINT('',(-4.041563091153,-19.8983,1.5));
#3889 = VECTOR('',#3890,1.);
#3890 = DIRECTION('',(0.,0.,1.));
#3891 = ORIENTED_EDGE('',*,*,#3892,.T.);
#3892 = EDGE_CURVE('',#3885,#3862,#3893,.T.);
#3893 = LINE('',#3894,#3895);
#3894 = CARTESIAN_POINT('',(-4.041563091153,-19.8983,2.3));
#3895 = VECTOR('',#3896,1.);
#3896 = DIRECTION('',(1.,0.,0.));
#3897 = ORIENTED_EDGE('',*,*,#3869,.F.);
#3898 = ORIENTED_EDGE('',*,*,#2445,.F.);
#3899 = PLANE('',#3900);
#3900 = AXIS2_PLACEMENT_3D('',#3901,#3902,#3903);
#3901 = CARTESIAN_POINT('',(-4.041563091153,-19.8983,1.5));
#3902 = DIRECTION('',(0.,1.,0.));
#3903 = DIRECTION('',(1.,0.,0.));
#3904 = ADVANCED_FACE('',(#3905),#3939,.F.);
#3905 = FACE_BOUND('',#3906,.F.);
#3906 = EDGE_LOOP('',(#3907,#3917,#3925,#3931,#3932,#3933));
#3907 = ORIENTED_EDGE('',*,*,#3908,.F.);
#3908 = EDGE_CURVE('',#3909,#3911,#3913,.T.);
#3909 = VERTEX_POINT('',#3910);
#3910 = CARTESIAN_POINT('',(-4.041563091153,-8.318638650686,4.));
#3911 = VERTEX_POINT('',#3912);
#3912 = CARTESIAN_POINT('',(-4.041563091153,-22.91863865068,4.));
#3913 = LINE('',#3914,#3915);
#3914 = CARTESIAN_POINT('',(-4.041563091153,-8.318638650686,4.));
#3915 = VECTOR('',#3916,1.);
#3916 = DIRECTION('',(0.,-1.,0.));
#3917 = ORIENTED_EDGE('',*,*,#3918,.T.);
#3918 = EDGE_CURVE('',#3909,#3919,#3921,.T.);
#3919 = VERTEX_POINT('',#3920);
#3920 = CARTESIAN_POINT('',(-4.041563091153,-8.318638650686,2.3));
#3921 = LINE('',#3922,#3923);
#3922 = CARTESIAN_POINT('',(-4.041563091153,-8.318638650686,4.));
#3923 = VECTOR('',#3924,1.);
#3924 = DIRECTION('',(-0.,-0.,-1.));
#3925 = ORIENTED_EDGE('',*,*,#3926,.T.);
#3926 = EDGE_CURVE('',#3919,#3885,#3927,.T.);
#3927 = LINE('',#3928,#3929);
#3928 = CARTESIAN_POINT('',(-4.041563091153,-8.318638650686,2.3));
#3929 = VECTOR('',#3930,1.);
#3930 = DIRECTION('',(0.,-1.,0.));
#3931 = ORIENTED_EDGE('',*,*,#3884,.F.);
#3932 = ORIENTED_EDGE('',*,*,#2453,.T.);
#3933 = ORIENTED_EDGE('',*,*,#3934,.F.);
#3934 = EDGE_CURVE('',#3911,#2454,#3935,.T.);
#3935 = LINE('',#3936,#3937);
#3936 = CARTESIAN_POINT('',(-4.041563091153,-22.91863865068,4.));
#3937 = VECTOR('',#3938,1.);
#3938 = DIRECTION('',(-0.,-0.,-1.));
#3939 = PLANE('',#3940);
#3940 = AXIS2_PLACEMENT_3D('',#3941,#3942,#3943);
#3941 = CARTESIAN_POINT('',(-4.041563091153,-15.61863865068,2.75));
#3942 = DIRECTION('',(-1.,-0.,-0.));
#3943 = DIRECTION('',(0.,0.,-1.));
#3944 = ADVANCED_FACE('',(#3945),#3963,.F.);
#3945 = FACE_BOUND('',#3946,.F.);
#3946 = EDGE_LOOP('',(#3947,#3948,#3949,#3957));
#3947 = ORIENTED_EDGE('',*,*,#3934,.T.);
#3948 = ORIENTED_EDGE('',*,*,#2461,.T.);
#3949 = ORIENTED_EDGE('',*,*,#3950,.F.);
#3950 = EDGE_CURVE('',#3951,#2462,#3953,.T.);
#3951 = VERTEX_POINT('',#3952);
#3952 = CARTESIAN_POINT('',(-3.425505,-22.91863865068,4.));
#3953 = LINE('',#3954,#3955);
#3954 = CARTESIAN_POINT('',(-3.425505,-22.91863865068,4.));
#3955 = VECTOR('',#3956,1.);
#3956 = DIRECTION('',(-0.,-0.,-1.));
#3957 = ORIENTED_EDGE('',*,*,#3958,.F.);
#3958 = EDGE_CURVE('',#3911,#3951,#3959,.T.);
#3959 = LINE('',#3960,#3961);
#3960 = CARTESIAN_POINT('',(-4.041563091153,-22.91863865068,4.));
#3961 = VECTOR('',#3962,1.);
#3962 = DIRECTION('',(1.,0.,0.));
#3963 = PLANE('',#3964);
#3964 = AXIS2_PLACEMENT_3D('',#3965,#3966,#3967);
#3965 = CARTESIAN_POINT('',(-4.041563091153,-22.91863865068,4.));
#3966 = DIRECTION('',(0.,-1.,0.));
#3967 = DIRECTION('',(1.,0.,0.));
#3968 = ADVANCED_FACE('',(#3969),#3987,.T.);
#3969 = FACE_BOUND('',#3970,.T.);
#3970 = EDGE_LOOP('',(#3971,#3979,#3985,#3986));
#3971 = ORIENTED_EDGE('',*,*,#3972,.T.);
#3972 = EDGE_CURVE('',#3951,#3973,#3975,.T.);
#3973 = VERTEX_POINT('',#3974);
#3974 = CARTESIAN_POINT('',(-3.425505,-28.00000000001,4.));
#3975 = LINE('',#3976,#3977);
#3976 = CARTESIAN_POINT('',(-3.425505,-24.317171,4.));
#3977 = VECTOR('',#3978,1.);
#3978 = DIRECTION('',(0.,-1.,0.));
#3979 = ORIENTED_EDGE('',*,*,#3980,.T.);
#3980 = EDGE_CURVE('',#3973,#2470,#3981,.T.);
#3981 = LINE('',#3982,#3983);
#3982 = CARTESIAN_POINT('',(-3.425505,-28.00000000001,4.));
#3983 = VECTOR('',#3984,1.);
#3984 = DIRECTION('',(-0.,-0.,-1.));
#3985 = ORIENTED_EDGE('',*,*,#2469,.F.);
#3986 = ORIENTED_EDGE('',*,*,#3950,.F.);
#3987 = PLANE('',#3988);
#3988 = AXIS2_PLACEMENT_3D('',#3989,#3990,#3991);
#3989 = CARTESIAN_POINT('',(-3.425505,-25.45931932535,2.75));
#3990 = DIRECTION('',(1.,0.,0.));
#3991 = DIRECTION('',(0.,0.,1.));
#3992 = ADVANCED_FACE('',(#3993),#4011,.F.);
#3993 = FACE_BOUND('',#3994,.F.);
#3994 = EDGE_LOOP('',(#3995,#4003,#4009,#4010));
#3995 = ORIENTED_EDGE('',*,*,#3996,.F.);
#3996 = EDGE_CURVE('',#3997,#2478,#3999,.T.);
#3997 = VERTEX_POINT('',#3998);
#3998 = CARTESIAN_POINT('',(-13.5,-28.,4.));
#3999 = LINE('',#4000,#4001);
#4000 = CARTESIAN_POINT('',(-13.5,-28.,4.));
#4001 = VECTOR('',#4002,1.);
#4002 = DIRECTION('',(-0.,-0.,-1.));
#4003 = ORIENTED_EDGE('',*,*,#4004,.T.);
#4004 = EDGE_CURVE('',#3997,#3973,#4005,.T.);
#4005 = LINE('',#4006,#4007);
#4006 = CARTESIAN_POINT('',(-13.5,-28.,4.));
#4007 = VECTOR('',#4008,1.);
#4008 = DIRECTION('',(1.,0.,0.));
#4009 = ORIENTED_EDGE('',*,*,#3980,.T.);
#4010 = ORIENTED_EDGE('',*,*,#2477,.F.);
#4011 = PLANE('',#4012);
#4012 = AXIS2_PLACEMENT_3D('',#4013,#4014,#4015);
#4013 = CARTESIAN_POINT('',(4.102179989293E-16,-28.00000000001,2.75));
#4014 = DIRECTION('',(2.131342187984E-12,1.,0.));
#4015 = DIRECTION('',(1.,-2.131342187984E-12,0.));
#4016 = ADVANCED_FACE('',(#4017),#4035,.T.);
#4017 = FACE_BOUND('',#4018,.T.);
#4018 = EDGE_LOOP('',(#4019,#4027,#4033,#4034));
#4019 = ORIENTED_EDGE('',*,*,#4020,.F.);
#4020 = EDGE_CURVE('',#4021,#3997,#4023,.T.);
#4021 = VERTEX_POINT('',#4022);
#4022 = CARTESIAN_POINT('',(-13.5,-2.5,4.));
#4023 = LINE('',#4024,#4025);
#4024 = CARTESIAN_POINT('',(-13.5,2.5,4.));
#4025 = VECTOR('',#4026,1.);
#4026 = DIRECTION('',(0.,-1.,0.));
#4027 = ORIENTED_EDGE('',*,*,#4028,.T.);
#4028 = EDGE_CURVE('',#4021,#2287,#4029,.T.);
#4029 = LINE('',#4030,#4031);
#4030 = CARTESIAN_POINT('',(-13.5,-2.5,4.));
#4031 = VECTOR('',#4032,1.);
#4032 = DIRECTION('',(-0.,-0.,-1.));
#4033 = ORIENTED_EDGE('',*,*,#2485,.T.);
#4034 = ORIENTED_EDGE('',*,*,#3996,.F.);
#4035 = PLANE('',#4036);
#4036 = AXIS2_PLACEMENT_3D('',#4037,#4038,#4039);
#4037 = CARTESIAN_POINT('',(-13.5,2.5,4.));
#4038 = DIRECTION('',(-1.,0.,0.));
#4039 = DIRECTION('',(0.,-1.,0.));
#4040 = ADVANCED_FACE('',(#4041),#4060,.T.);
#4041 = FACE_BOUND('',#4042,.T.);
#4042 = EDGE_LOOP('',(#4043,#4044,#4052,#4059));
#4043 = ORIENTED_EDGE('',*,*,#2829,.F.);
#4044 = ORIENTED_EDGE('',*,*,#4045,.T.);
#4045 = EDGE_CURVE('',#2821,#4046,#4048,.T.);
#4046 = VERTEX_POINT('',#4047);
#4047 = CARTESIAN_POINT('',(13.9,-3.3677500899E-33,-24.5));
#4048 = LINE('',#4049,#4050);
#4049 = CARTESIAN_POINT('',(13.9,-3.3677500899E-33,0.));
#4050 = VECTOR('',#4051,1.);
#4051 = DIRECTION('',(-0.,-0.,-1.));
#4052 = ORIENTED_EDGE('',*,*,#4053,.T.);
#4053 = EDGE_CURVE('',#4046,#4046,#4054,.T.);
#4054 = CIRCLE('',#4055,13.9);
#4055 = AXIS2_PLACEMENT_3D('',#4056,#4057,#4058);
#4056 = CARTESIAN_POINT('',(2.390288366635E-33,-3.3677500899E-33,-24.5)
  );
#4057 = DIRECTION('',(0.,0.,1.));
#4058 = DIRECTION('',(1.,0.,0.));
#4059 = ORIENTED_EDGE('',*,*,#4045,.F.);
#4060 = CYLINDRICAL_SURFACE('',#4061,13.9);
#4061 = AXIS2_PLACEMENT_3D('',#4062,#4063,#4064);
#4062 = CARTESIAN_POINT('',(2.390288366635E-33,-3.3677500899E-33,0.));
#4063 = DIRECTION('',(0.,0.,1.));
#4064 = DIRECTION('',(1.,0.,0.));
#4065 = ADVANCED_FACE('',(#4066),#4077,.T.);
#4066 = FACE_BOUND('',#4067,.T.);
#4067 = EDGE_LOOP('',(#4068,#4069,#4075,#4076));
#4068 = ORIENTED_EDGE('',*,*,#3795,.F.);
#4069 = ORIENTED_EDGE('',*,*,#4070,.T.);
#4070 = EDGE_CURVE('',#3788,#3828,#4071,.T.);
#4071 = LINE('',#4072,#4073);
#4072 = CARTESIAN_POINT('',(2.355972760618,-10.31863865068,2.3));
#4073 = VECTOR('',#4074,1.);
#4074 = DIRECTION('',(-1.,0.,0.));
#4075 = ORIENTED_EDGE('',*,*,#3827,.T.);
#4076 = ORIENTED_EDGE('',*,*,#2888,.F.);
#4077 = PLANE('',#4078);
#4078 = AXIS2_PLACEMENT_3D('',#4079,#4080,#4081);
#4079 = CARTESIAN_POINT('',(0.157204834733,-10.31863865068,1.4));
#4080 = DIRECTION('',(-0.,-1.,-0.));
#4081 = DIRECTION('',(0.,0.,-1.));
#4082 = ADVANCED_FACE('',(#4083),#4094,.T.);
#4083 = FACE_BOUND('',#4084,.T.);
#4084 = EDGE_LOOP('',(#4085,#4086,#4092,#4093));
#4085 = ORIENTED_EDGE('',*,*,#3209,.T.);
#4086 = ORIENTED_EDGE('',*,*,#4087,.T.);
#4087 = EDGE_CURVE('',#3202,#3566,#4088,.T.);
#4088 = LINE('',#4089,#4090);
#4089 = CARTESIAN_POINT('',(11.5,-2.5,-6.));
#4090 = VECTOR('',#4091,1.);
#4091 = DIRECTION('',(1.,0.,0.));
#4092 = ORIENTED_EDGE('',*,*,#3573,.T.);
#4093 = ORIENTED_EDGE('',*,*,#3146,.T.);
#4094 = PLANE('',#4095);
#4095 = AXIS2_PLACEMENT_3D('',#4096,#4097,#4098);
#4096 = CARTESIAN_POINT('',(0.,0.,-6.));
#4097 = DIRECTION('',(0.,0.,1.));
#4098 = DIRECTION('',(1.,0.,0.));
#4099 = ADVANCED_FACE('',(#4100),#4112,.F.);
#4100 = FACE_BOUND('',#4101,.F.);
#4101 = EDGE_LOOP('',(#4102,#4103,#4104,#4105,#4106));
#4102 = ORIENTED_EDGE('',*,*,#3201,.T.);
#4103 = ORIENTED_EDGE('',*,*,#4087,.T.);
#4104 = ORIENTED_EDGE('',*,*,#3565,.F.);
#4105 = ORIENTED_EDGE('',*,*,#3605,.F.);
#4106 = ORIENTED_EDGE('',*,*,#4107,.F.);
#4107 = EDGE_CURVE('',#3194,#3591,#4108,.T.);
#4108 = LINE('',#4109,#4110);
#4109 = CARTESIAN_POINT('',(11.5,-2.5,4.));
#4110 = VECTOR('',#4111,1.);
#4111 = DIRECTION('',(1.,0.,0.));
#4112 = PLANE('',#4113);
#4113 = AXIS2_PLACEMENT_3D('',#4114,#4115,#4116);
#4114 = CARTESIAN_POINT('',(11.5,-2.5,4.));
#4115 = DIRECTION('',(0.,-1.,0.));
#4116 = DIRECTION('',(1.,0.,0.));
#4117 = ADVANCED_FACE('',(#4118,#4151,#4185,#4219,#4253),#4287,.T.);
#4118 = FACE_BOUND('',#4119,.T.);
#4119 = EDGE_LOOP('',(#4120,#4126,#4127,#4128,#4129,#4130,#4131,#4137,
    #4138,#4139,#4140,#4141,#4142,#4143,#4144,#4150));
#4120 = ORIENTED_EDGE('',*,*,#4121,.F.);
#4121 = EDGE_CURVE('',#4021,#3284,#4122,.T.);
#4122 = LINE('',#4123,#4124);
#4123 = CARTESIAN_POINT('',(-13.5,-2.5,4.));
#4124 = VECTOR('',#4125,1.);
#4125 = DIRECTION('',(1.,0.,0.));
#4126 = ORIENTED_EDGE('',*,*,#4020,.T.);
#4127 = ORIENTED_EDGE('',*,*,#4004,.T.);
#4128 = ORIENTED_EDGE('',*,*,#3972,.F.);
#4129 = ORIENTED_EDGE('',*,*,#3958,.F.);
#4130 = ORIENTED_EDGE('',*,*,#3908,.F.);
#4131 = ORIENTED_EDGE('',*,*,#4132,.F.);
#4132 = EDGE_CURVE('',#3692,#3909,#4133,.T.);
#4133 = LINE('',#4134,#4135);
#4134 = CARTESIAN_POINT('',(4.355972760618,-8.318638650686,4.));
#4135 = VECTOR('',#4136,1.);
#4136 = DIRECTION('',(-1.,0.,0.));
#4137 = ORIENTED_EDGE('',*,*,#3691,.F.);
#4138 = ORIENTED_EDGE('',*,*,#3677,.F.);
#4139 = ORIENTED_EDGE('',*,*,#3643,.F.);
#4140 = ORIENTED_EDGE('',*,*,#3627,.T.);
#4141 = ORIENTED_EDGE('',*,*,#3588,.T.);
#4142 = ORIENTED_EDGE('',*,*,#4107,.F.);
#4143 = ORIENTED_EDGE('',*,*,#3193,.T.);
#4144 = ORIENTED_EDGE('',*,*,#4145,.T.);
#4145 = EDGE_CURVE('',#3186,#3252,#4146,.T.);
#4146 = LINE('',#4147,#4148);
#4147 = CARTESIAN_POINT('',(-5.75,-6.200000357628,4.));
#4148 = VECTOR('',#4149,1.);
#4149 = DIRECTION('',(-1.,0.,0.));
#4150 = ORIENTED_EDGE('',*,*,#3291,.T.);
#4151 = FACE_BOUND('',#4152,.T.);
#4152 = EDGE_LOOP('',(#4153,#4163,#4171,#4179));
#4153 = ORIENTED_EDGE('',*,*,#4154,.F.);
#4154 = EDGE_CURVE('',#4155,#4157,#4159,.T.);
#4155 = VERTEX_POINT('',#4156);
#4156 = CARTESIAN_POINT('',(-12.22034699999,-12.18771309859,4.));
#4157 = VERTEX_POINT('',#4158);
#4158 = CARTESIAN_POINT('',(-12.22034699999,-18.18771309859,4.));
#4159 = LINE('',#4160,#4161);
#4160 = CARTESIAN_POINT('',(-12.22034699999,-12.18771309859,4.));
#4161 = VECTOR('',#4162,1.);
#4162 = DIRECTION('',(0.,-1.,0.));
#4163 = ORIENTED_EDGE('',*,*,#4164,.F.);
#4164 = EDGE_CURVE('',#4165,#4155,#4167,.T.);
#4165 = VERTEX_POINT('',#4166);
#4166 = CARTESIAN_POINT('',(-11.22034699999,-12.18771309859,4.));
#4167 = LINE('',#4168,#4169);
#4168 = CARTESIAN_POINT('',(-11.22034699999,-12.18771309859,4.));
#4169 = VECTOR('',#4170,1.);
#4170 = DIRECTION('',(-1.,0.,0.));
#4171 = ORIENTED_EDGE('',*,*,#4172,.F.);
#4172 = EDGE_CURVE('',#4173,#4165,#4175,.T.);
#4173 = VERTEX_POINT('',#4174);
#4174 = CARTESIAN_POINT('',(-11.22034699999,-18.18771309859,4.));
#4175 = LINE('',#4176,#4177);
#4176 = CARTESIAN_POINT('',(-11.22034699999,-18.18771309859,4.));
#4177 = VECTOR('',#4178,1.);
#4178 = DIRECTION('',(0.,1.,0.));
#4179 = ORIENTED_EDGE('',*,*,#4180,.F.);
#4180 = EDGE_CURVE('',#4157,#4173,#4181,.T.);
#4181 = LINE('',#4182,#4183);
#4182 = CARTESIAN_POINT('',(-12.22034699999,-18.18771309859,4.));
#4183 = VECTOR('',#4184,1.);
#4184 = DIRECTION('',(1.,0.,0.));
#4185 = FACE_BOUND('',#4186,.T.);
#4186 = EDGE_LOOP('',(#4187,#4197,#4205,#4213));
#4187 = ORIENTED_EDGE('',*,*,#4188,.F.);
#4188 = EDGE_CURVE('',#4189,#4191,#4193,.T.);
#4189 = VERTEX_POINT('',#4190);
#4190 = CARTESIAN_POINT('',(-6.008677000001,-12.18771309859,4.));
#4191 = VERTEX_POINT('',#4192);
#4192 = CARTESIAN_POINT('',(-7.008677,-12.18771309859,4.));
#4193 = LINE('',#4194,#4195);
#4194 = CARTESIAN_POINT('',(-6.008677000001,-12.18771309859,4.));
#4195 = VECTOR('',#4196,1.);
#4196 = DIRECTION('',(-1.,0.,0.));
#4197 = ORIENTED_EDGE('',*,*,#4198,.F.);
#4198 = EDGE_CURVE('',#4199,#4189,#4201,.T.);
#4199 = VERTEX_POINT('',#4200);
#4200 = CARTESIAN_POINT('',(-6.008677000001,-18.18771309859,4.));
#4201 = LINE('',#4202,#4203);
#4202 = CARTESIAN_POINT('',(-6.008677000001,-18.18771309859,4.));
#4203 = VECTOR('',#4204,1.);
#4204 = DIRECTION('',(0.,1.,0.));
#4205 = ORIENTED_EDGE('',*,*,#4206,.F.);
#4206 = EDGE_CURVE('',#4207,#4199,#4209,.T.);
#4207 = VERTEX_POINT('',#4208);
#4208 = CARTESIAN_POINT('',(-7.008677,-18.18771309859,4.));
#4209 = LINE('',#4210,#4211);
#4210 = CARTESIAN_POINT('',(-7.008677,-18.18771309859,4.));
#4211 = VECTOR('',#4212,1.);
#4212 = DIRECTION('',(1.,0.,0.));
#4213 = ORIENTED_EDGE('',*,*,#4214,.F.);
#4214 = EDGE_CURVE('',#4191,#4207,#4215,.T.);
#4215 = LINE('',#4216,#4217);
#4216 = CARTESIAN_POINT('',(-7.008677,-12.18771309859,4.));
#4217 = VECTOR('',#4218,1.);
#4218 = DIRECTION('',(0.,-1.,0.));
#4219 = FACE_BOUND('',#4220,.T.);
#4220 = EDGE_LOOP('',(#4221,#4231,#4239,#4247));
#4221 = ORIENTED_EDGE('',*,*,#4222,.F.);
#4222 = EDGE_CURVE('',#4223,#4225,#4227,.T.);
#4223 = VERTEX_POINT('',#4224);
#4224 = CARTESIAN_POINT('',(5.688807406646,-12.18771309859,4.));
#4225 = VERTEX_POINT('',#4226);
#4226 = CARTESIAN_POINT('',(5.688807406646,-18.18771309859,4.));
#4227 = LINE('',#4228,#4229);
#4228 = CARTESIAN_POINT('',(5.688807406646,-12.18771309859,4.));
#4229 = VECTOR('',#4230,1.);
#4230 = DIRECTION('',(0.,-1.,0.));
#4231 = ORIENTED_EDGE('',*,*,#4232,.F.);
#4232 = EDGE_CURVE('',#4233,#4223,#4235,.T.);
#4233 = VERTEX_POINT('',#4234);
#4234 = CARTESIAN_POINT('',(6.688807406646,-12.18771309859,4.));
#4235 = LINE('',#4236,#4237);
#4236 = CARTESIAN_POINT('',(6.688807406646,-12.18771309859,4.));
#4237 = VECTOR('',#4238,1.);
#4238 = DIRECTION('',(-1.,0.,0.));
#4239 = ORIENTED_EDGE('',*,*,#4240,.F.);
#4240 = EDGE_CURVE('',#4241,#4233,#4243,.T.);
#4241 = VERTEX_POINT('',#4242);
#4242 = CARTESIAN_POINT('',(6.688807406646,-18.18771309859,4.));
#4243 = LINE('',#4244,#4245);
#4244 = CARTESIAN_POINT('',(6.688807406646,-18.18771309859,4.));
#4245 = VECTOR('',#4246,1.);
#4246 = DIRECTION('',(0.,1.,0.));
#4247 = ORIENTED_EDGE('',*,*,#4248,.F.);
#4248 = EDGE_CURVE('',#4225,#4241,#4249,.T.);
#4249 = LINE('',#4250,#4251);
#4250 = CARTESIAN_POINT('',(5.688807406646,-18.18771309859,4.));
#4251 = VECTOR('',#4252,1.);
#4252 = DIRECTION('',(1.,0.,0.));
#4253 = FACE_BOUND('',#4254,.T.);
#4254 = EDGE_LOOP('',(#4255,#4265,#4273,#4281));
#4255 = ORIENTED_EDGE('',*,*,#4256,.F.);
#4256 = EDGE_CURVE('',#4257,#4259,#4261,.T.);
#4257 = VERTEX_POINT('',#4258);
#4258 = CARTESIAN_POINT('',(12.257477593354,-12.18771309859,4.));
#4259 = VERTEX_POINT('',#4260);
#4260 = CARTESIAN_POINT('',(11.257477593353,-12.18771309859,4.));
#4261 = LINE('',#4262,#4263);
#4262 = CARTESIAN_POINT('',(12.257477593354,-12.18771309859,4.));
#4263 = VECTOR('',#4264,1.);
#4264 = DIRECTION('',(-1.,0.,0.));
#4265 = ORIENTED_EDGE('',*,*,#4266,.F.);
#4266 = EDGE_CURVE('',#4267,#4257,#4269,.T.);
#4267 = VERTEX_POINT('',#4268);
#4268 = CARTESIAN_POINT('',(12.257477593354,-18.18771309859,4.));
#4269 = LINE('',#4270,#4271);
#4270 = CARTESIAN_POINT('',(12.257477593354,-18.18771309859,4.));
#4271 = VECTOR('',#4272,1.);
#4272 = DIRECTION('',(0.,1.,0.));
#4273 = ORIENTED_EDGE('',*,*,#4274,.F.);
#4274 = EDGE_CURVE('',#4275,#4267,#4277,.T.);
#4275 = VERTEX_POINT('',#4276);
#4276 = CARTESIAN_POINT('',(11.257477593353,-18.18771309859,4.));
#4277 = LINE('',#4278,#4279);
#4278 = CARTESIAN_POINT('',(11.257477593353,-18.18771309859,4.));
#4279 = VECTOR('',#4280,1.);
#4280 = DIRECTION('',(1.,0.,0.));
#4281 = ORIENTED_EDGE('',*,*,#4282,.F.);
#4282 = EDGE_CURVE('',#4259,#4275,#4283,.T.);
#4283 = LINE('',#4284,#4285);
#4284 = CARTESIAN_POINT('',(11.257477593353,-12.18771309859,4.));
#4285 = VECTOR('',#4286,1.);
#4286 = DIRECTION('',(0.,-1.,0.));
#4287 = PLANE('',#4288);
#4288 = AXIS2_PLACEMENT_3D('',#4289,#4290,#4291);
#4289 = CARTESIAN_POINT('',(1.258768054721E-15,-15.7041224151,4.));
#4290 = DIRECTION('',(0.,0.,1.));
#4291 = DIRECTION('',(1.,0.,0.));
#4292 = ADVANCED_FACE('',(#4293),#4304,.T.);
#4293 = FACE_BOUND('',#4294,.T.);
#4294 = EDGE_LOOP('',(#4295,#4296,#4302,#4303));
#4295 = ORIENTED_EDGE('',*,*,#3185,.F.);
#4296 = ORIENTED_EDGE('',*,*,#4297,.T.);
#4297 = EDGE_CURVE('',#3178,#3250,#4298,.T.);
#4298 = LINE('',#4299,#4300);
#4299 = CARTESIAN_POINT('',(11.5,-6.200000357721,-20.3));
#4300 = VECTOR('',#4301,1.);
#4301 = DIRECTION('',(-1.,0.,0.));
#4302 = ORIENTED_EDGE('',*,*,#3249,.T.);
#4303 = ORIENTED_EDGE('',*,*,#4145,.F.);
#4304 = PLANE('',#4305);
#4305 = AXIS2_PLACEMENT_3D('',#4306,#4307,#4308);
#4306 = CARTESIAN_POINT('',(0.,-6.200000357628,-10.25));
#4307 = DIRECTION('',(0.,1.,0.));
#4308 = DIRECTION('',(0.,0.,1.));
#4309 = ADVANCED_FACE('',(#4310,#4316),#4350,.T.);
#4310 = FACE_BOUND('',#4311,.F.);
#4311 = EDGE_LOOP('',(#4312,#4313,#4314,#4315));
#4312 = ORIENTED_EDGE('',*,*,#3259,.T.);
#4313 = ORIENTED_EDGE('',*,*,#3234,.T.);
#4314 = ORIENTED_EDGE('',*,*,#3177,.T.);
#4315 = ORIENTED_EDGE('',*,*,#4297,.T.);
#4316 = FACE_BOUND('',#4317,.T.);
#4317 = EDGE_LOOP('',(#4318,#4328,#4336,#4344));
#4318 = ORIENTED_EDGE('',*,*,#4319,.T.);
#4319 = EDGE_CURVE('',#4320,#4322,#4324,.T.);
#4320 = VERTEX_POINT('',#4321);
#4321 = CARTESIAN_POINT('',(-11.1,5.800000357628,-20.3));
#4322 = VERTEX_POINT('',#4323);
#4323 = CARTESIAN_POINT('',(11.1,5.800000357628,-20.3));
#4324 = LINE('',#4325,#4326);
#4325 = CARTESIAN_POINT('',(-11.1,5.800000357628,-20.3));
#4326 = VECTOR('',#4327,1.);
#4327 = DIRECTION('',(1.,0.,0.));
#4328 = ORIENTED_EDGE('',*,*,#4329,.T.);
#4329 = EDGE_CURVE('',#4322,#4330,#4332,.T.);
#4330 = VERTEX_POINT('',#4331);
#4331 = CARTESIAN_POINT('',(11.1,-5.800000357628,-20.3));
#4332 = LINE('',#4333,#4334);
#4333 = CARTESIAN_POINT('',(11.1,5.800000357628,-20.3));
#4334 = VECTOR('',#4335,1.);
#4335 = DIRECTION('',(0.,-1.,0.));
#4336 = ORIENTED_EDGE('',*,*,#4337,.T.);
#4337 = EDGE_CURVE('',#4330,#4338,#4340,.T.);
#4338 = VERTEX_POINT('',#4339);
#4339 = CARTESIAN_POINT('',(-11.1,-5.800000357628,-20.3));
#4340 = LINE('',#4341,#4342);
#4341 = CARTESIAN_POINT('',(11.1,-5.800000357628,-20.3));
#4342 = VECTOR('',#4343,1.);
#4343 = DIRECTION('',(-1.,0.,0.));
#4344 = ORIENTED_EDGE('',*,*,#4345,.T.);
#4345 = EDGE_CURVE('',#4338,#4320,#4346,.T.);
#4346 = LINE('',#4347,#4348);
#4347 = CARTESIAN_POINT('',(-11.1,-5.800000357628,-20.3));
#4348 = VECTOR('',#4349,1.);
#4349 = DIRECTION('',(0.,1.,0.));
#4350 = PLANE('',#4351);
#4351 = AXIS2_PLACEMENT_3D('',#4352,#4353,#4354);
#4352 = CARTESIAN_POINT('',(2.053591679395E-16,-2.385185127867E-11,-20.3
    ));
#4353 = DIRECTION('',(0.,0.,1.));
#4354 = DIRECTION('',(1.,0.,0.));
#4355 = ADVANCED_FACE('',(#4356),#4368,.F.);
#4356 = FACE_BOUND('',#4357,.F.);
#4357 = EDGE_LOOP('',(#4358,#4359,#4360,#4366,#4367));
#4358 = ORIENTED_EDGE('',*,*,#4028,.T.);
#4359 = ORIENTED_EDGE('',*,*,#3550,.T.);
#4360 = ORIENTED_EDGE('',*,*,#4361,.T.);
#4361 = EDGE_CURVE('',#3543,#3276,#4362,.T.);
#4362 = LINE('',#4363,#4364);
#4363 = CARTESIAN_POINT('',(-13.5,-2.5,-6.));
#4364 = VECTOR('',#4365,1.);
#4365 = DIRECTION('',(1.,0.,0.));
#4366 = ORIENTED_EDGE('',*,*,#3283,.F.);
#4367 = ORIENTED_EDGE('',*,*,#4121,.F.);
#4368 = PLANE('',#4369);
#4369 = AXIS2_PLACEMENT_3D('',#4370,#4371,#4372);
#4370 = CARTESIAN_POINT('',(-13.5,-2.5,4.));
#4371 = DIRECTION('',(0.,-1.,0.));
#4372 = DIRECTION('',(1.,0.,0.));
#4373 = ADVANCED_FACE('',(#4374),#4380,.T.);
#4374 = FACE_BOUND('',#4375,.T.);
#4375 = EDGE_LOOP('',(#4376,#4377,#4378,#4379));
#4376 = ORIENTED_EDGE('',*,*,#3322,.T.);
#4377 = ORIENTED_EDGE('',*,*,#3542,.T.);
#4378 = ORIENTED_EDGE('',*,*,#4361,.T.);
#4379 = ORIENTED_EDGE('',*,*,#3275,.T.);
#4380 = PLANE('',#4381);
#4381 = AXIS2_PLACEMENT_3D('',#4382,#4383,#4384);
#4382 = CARTESIAN_POINT('',(0.,0.,-6.));
#4383 = DIRECTION('',(0.,0.,1.));
#4384 = DIRECTION('',(1.,0.,0.));
#4385 = ADVANCED_FACE('',(#4386),#4392,.T.);
#4386 = FACE_BOUND('',#4387,.T.);
#4387 = EDGE_LOOP('',(#4388,#4389,#4390,#4391));
#4388 = ORIENTED_EDGE('',*,*,#3356,.T.);
#4389 = ORIENTED_EDGE('',*,*,#3404,.T.);
#4390 = ORIENTED_EDGE('',*,*,#3428,.T.);
#4391 = ORIENTED_EDGE('',*,*,#3387,.T.);
#4392 = PLANE('',#4393);
#4393 = AXIS2_PLACEMENT_3D('',#4394,#4395,#4396);
#4394 = CARTESIAN_POINT('',(-4.71231666663E-02,-15.18771309859,2.));
#4395 = DIRECTION('',(0.,0.,1.));
#4396 = DIRECTION('',(1.,0.,0.));
#4397 = ADVANCED_FACE('',(#4398),#4404,.T.);
#4398 = FACE_BOUND('',#4399,.T.);
#4399 = EDGE_LOOP('',(#4400,#4401,#4402,#4403));
#4400 = ORIENTED_EDGE('',*,*,#3452,.T.);
#4401 = ORIENTED_EDGE('',*,*,#3500,.T.);
#4402 = ORIENTED_EDGE('',*,*,#3524,.T.);
#4403 = ORIENTED_EDGE('',*,*,#3483,.T.);
#4404 = PLANE('',#4405);
#4405 = AXIS2_PLACEMENT_3D('',#4406,#4407,#4408);
#4406 = CARTESIAN_POINT('',(-4.71231666663E-02,-15.18771309859,2.));
#4407 = DIRECTION('',(0.,0.,1.));
#4408 = DIRECTION('',(1.,0.,0.));
#4409 = ADVANCED_FACE('',(#4410),#4421,.F.);
#4410 = FACE_BOUND('',#4411,.F.);
#4411 = EDGE_LOOP('',(#4412,#4413,#4414,#4420));
#4412 = ORIENTED_EDGE('',*,*,#4132,.F.);
#4413 = ORIENTED_EDGE('',*,*,#3717,.T.);
#4414 = ORIENTED_EDGE('',*,*,#4415,.T.);
#4415 = EDGE_CURVE('',#3710,#3919,#4416,.T.);
#4416 = LINE('',#4417,#4418);
#4417 = CARTESIAN_POINT('',(4.355972760618,-8.318638650686,2.3));
#4418 = VECTOR('',#4419,1.);
#4419 = DIRECTION('',(-1.,0.,0.));
#4420 = ORIENTED_EDGE('',*,*,#3918,.F.);
#4421 = PLANE('',#4422);
#4422 = AXIS2_PLACEMENT_3D('',#4423,#4424,#4425);
#4423 = CARTESIAN_POINT('',(4.355972760618,-8.318638650686,4.));
#4424 = DIRECTION('',(0.,1.,0.));
#4425 = DIRECTION('',(-1.,0.,0.));
#4426 = ADVANCED_FACE('',(#4427),#4439,.T.);
#4427 = FACE_BOUND('',#4428,.T.);
#4428 = EDGE_LOOP('',(#4429,#4430,#4431,#4432,#4433,#4434,#4435,#4436,
    #4437,#4438));
#4429 = ORIENTED_EDGE('',*,*,#3763,.T.);
#4430 = ORIENTED_EDGE('',*,*,#3739,.T.);
#4431 = ORIENTED_EDGE('',*,*,#3709,.T.);
#4432 = ORIENTED_EDGE('',*,*,#4415,.T.);
#4433 = ORIENTED_EDGE('',*,*,#3926,.T.);
#4434 = ORIENTED_EDGE('',*,*,#3892,.T.);
#4435 = ORIENTED_EDGE('',*,*,#3861,.F.);
#4436 = ORIENTED_EDGE('',*,*,#3835,.F.);
#4437 = ORIENTED_EDGE('',*,*,#4070,.F.);
#4438 = ORIENTED_EDGE('',*,*,#3787,.F.);
#4439 = PLANE('',#4440);
#4440 = AXIS2_PLACEMENT_3D('',#4441,#4442,#4443);
#4441 = CARTESIAN_POINT('',(0.157204834733,-13.61838158571,2.3));
#4442 = DIRECTION('',(0.,0.,1.));
#4443 = DIRECTION('',(1.,0.,0.));
#4444 = ADVANCED_FACE('',(#4445,#4448),#4482,.T.);
#4445 = FACE_BOUND('',#4446,.T.);
#4446 = EDGE_LOOP('',(#4447));
#4447 = ORIENTED_EDGE('',*,*,#4053,.F.);
#4448 = FACE_BOUND('',#4449,.T.);
#4449 = EDGE_LOOP('',(#4450,#4460,#4468,#4476));
#4450 = ORIENTED_EDGE('',*,*,#4451,.F.);
#4451 = EDGE_CURVE('',#4452,#4454,#4456,.T.);
#4452 = VERTEX_POINT('',#4453);
#4453 = CARTESIAN_POINT('',(-11.1,5.800000357628,-24.5));
#4454 = VERTEX_POINT('',#4455);
#4455 = CARTESIAN_POINT('',(11.1,5.800000357628,-24.5));
#4456 = LINE('',#4457,#4458);
#4457 = CARTESIAN_POINT('',(-11.1,5.800000357628,-24.5));
#4458 = VECTOR('',#4459,1.);
#4459 = DIRECTION('',(1.,0.,0.));
#4460 = ORIENTED_EDGE('',*,*,#4461,.F.);
#4461 = EDGE_CURVE('',#4462,#4452,#4464,.T.);
#4462 = VERTEX_POINT('',#4463);
#4463 = CARTESIAN_POINT('',(-11.1,-5.800000357628,-24.5));
#4464 = LINE('',#4465,#4466);
#4465 = CARTESIAN_POINT('',(-11.1,-5.800000357628,-24.5));
#4466 = VECTOR('',#4467,1.);
#4467 = DIRECTION('',(0.,1.,0.));
#4468 = ORIENTED_EDGE('',*,*,#4469,.F.);
#4469 = EDGE_CURVE('',#4470,#4462,#4472,.T.);
#4470 = VERTEX_POINT('',#4471);
#4471 = CARTESIAN_POINT('',(11.1,-5.800000357628,-24.5));
#4472 = LINE('',#4473,#4474);
#4473 = CARTESIAN_POINT('',(11.1,-5.800000357628,-24.5));
#4474 = VECTOR('',#4475,1.);
#4475 = DIRECTION('',(-1.,0.,0.));
#4476 = ORIENTED_EDGE('',*,*,#4477,.F.);
#4477 = EDGE_CURVE('',#4454,#4470,#4478,.T.);
#4478 = LINE('',#4479,#4480);
#4479 = CARTESIAN_POINT('',(11.1,5.800000357628,-24.5));
#4480 = VECTOR('',#4481,1.);
#4481 = DIRECTION('',(0.,-1.,0.));
#4482 = PLANE('',#4483);
#4483 = AXIS2_PLACEMENT_3D('',#4484,#4485,#4486);
#4484 = CARTESIAN_POINT('',(-1.18052385543E-15,2.195962200149E-16,-24.5)
  );
#4485 = DIRECTION('',(-0.,-0.,-1.));
#4486 = DIRECTION('',(-1.,0.,0.));
#4487 = ADVANCED_FACE('',(#4488),#4513,.F.);
#4488 = FACE_BOUND('',#4489,.F.);
#4489 = EDGE_LOOP('',(#4490,#4498,#4506,#4512));
#4490 = ORIENTED_EDGE('',*,*,#4491,.T.);
#4491 = EDGE_CURVE('',#4155,#4492,#4494,.T.);
#4492 = VERTEX_POINT('',#4493);
#4493 = CARTESIAN_POINT('',(-12.22034699999,-12.18771309859,2.));
#4494 = LINE('',#4495,#4496);
#4495 = CARTESIAN_POINT('',(-12.22034699999,-12.18771309859,4.));
#4496 = VECTOR('',#4497,1.);
#4497 = DIRECTION('',(-0.,-0.,-1.));
#4498 = ORIENTED_EDGE('',*,*,#4499,.T.);
#4499 = EDGE_CURVE('',#4492,#4500,#4502,.T.);
#4500 = VERTEX_POINT('',#4501);
#4501 = CARTESIAN_POINT('',(-12.22034699999,-18.18771309859,2.));
#4502 = LINE('',#4503,#4504);
#4503 = CARTESIAN_POINT('',(-12.22034699999,-12.18771309859,2.));
#4504 = VECTOR('',#4505,1.);
#4505 = DIRECTION('',(0.,-1.,0.));
#4506 = ORIENTED_EDGE('',*,*,#4507,.F.);
#4507 = EDGE_CURVE('',#4157,#4500,#4508,.T.);
#4508 = LINE('',#4509,#4510);
#4509 = CARTESIAN_POINT('',(-12.22034699999,-18.18771309859,4.));
#4510 = VECTOR('',#4511,1.);
#4511 = DIRECTION('',(-0.,-0.,-1.));
#4512 = ORIENTED_EDGE('',*,*,#4154,.F.);
#4513 = PLANE('',#4514);
#4514 = AXIS2_PLACEMENT_3D('',#4515,#4516,#4517);
#4515 = CARTESIAN_POINT('',(-12.22034699999,-12.18771309859,4.));
#4516 = DIRECTION('',(-1.,0.,0.));
#4517 = DIRECTION('',(0.,-1.,0.));
#4518 = ADVANCED_FACE('',(#4519),#4537,.F.);
#4519 = FACE_BOUND('',#4520,.F.);
#4520 = EDGE_LOOP('',(#4521,#4529,#4535,#4536));
#4521 = ORIENTED_EDGE('',*,*,#4522,.T.);
#4522 = EDGE_CURVE('',#4165,#4523,#4525,.T.);
#4523 = VERTEX_POINT('',#4524);
#4524 = CARTESIAN_POINT('',(-11.22034699999,-12.18771309859,2.));
#4525 = LINE('',#4526,#4527);
#4526 = CARTESIAN_POINT('',(-11.22034699999,-12.18771309859,4.));
#4527 = VECTOR('',#4528,1.);
#4528 = DIRECTION('',(-0.,-0.,-1.));
#4529 = ORIENTED_EDGE('',*,*,#4530,.T.);
#4530 = EDGE_CURVE('',#4523,#4492,#4531,.T.);
#4531 = LINE('',#4532,#4533);
#4532 = CARTESIAN_POINT('',(-11.22034699999,-12.18771309859,2.));
#4533 = VECTOR('',#4534,1.);
#4534 = DIRECTION('',(-1.,0.,0.));
#4535 = ORIENTED_EDGE('',*,*,#4491,.F.);
#4536 = ORIENTED_EDGE('',*,*,#4164,.F.);
#4537 = PLANE('',#4538);
#4538 = AXIS2_PLACEMENT_3D('',#4539,#4540,#4541);
#4539 = CARTESIAN_POINT('',(-11.22034699999,-12.18771309859,4.));
#4540 = DIRECTION('',(0.,1.,0.));
#4541 = DIRECTION('',(-1.,0.,0.));
#4542 = ADVANCED_FACE('',(#4543),#4561,.F.);
#4543 = FACE_BOUND('',#4544,.F.);
#4544 = EDGE_LOOP('',(#4545,#4546,#4554,#4560));
#4545 = ORIENTED_EDGE('',*,*,#4507,.T.);
#4546 = ORIENTED_EDGE('',*,*,#4547,.T.);
#4547 = EDGE_CURVE('',#4500,#4548,#4550,.T.);
#4548 = VERTEX_POINT('',#4549);
#4549 = CARTESIAN_POINT('',(-11.22034699999,-18.18771309859,2.));
#4550 = LINE('',#4551,#4552);
#4551 = CARTESIAN_POINT('',(-12.22034699999,-18.18771309859,2.));
#4552 = VECTOR('',#4553,1.);
#4553 = DIRECTION('',(1.,0.,0.));
#4554 = ORIENTED_EDGE('',*,*,#4555,.F.);
#4555 = EDGE_CURVE('',#4173,#4548,#4556,.T.);
#4556 = LINE('',#4557,#4558);
#4557 = CARTESIAN_POINT('',(-11.22034699999,-18.18771309859,4.));
#4558 = VECTOR('',#4559,1.);
#4559 = DIRECTION('',(-0.,-0.,-1.));
#4560 = ORIENTED_EDGE('',*,*,#4180,.F.);
#4561 = PLANE('',#4562);
#4562 = AXIS2_PLACEMENT_3D('',#4563,#4564,#4565);
#4563 = CARTESIAN_POINT('',(-12.22034699999,-18.18771309859,4.));
#4564 = DIRECTION('',(0.,-1.,0.));
#4565 = DIRECTION('',(1.,0.,0.));
#4566 = ADVANCED_FACE('',(#4567),#4578,.F.);
#4567 = FACE_BOUND('',#4568,.F.);
#4568 = EDGE_LOOP('',(#4569,#4570,#4576,#4577));
#4569 = ORIENTED_EDGE('',*,*,#4555,.T.);
#4570 = ORIENTED_EDGE('',*,*,#4571,.T.);
#4571 = EDGE_CURVE('',#4548,#4523,#4572,.T.);
#4572 = LINE('',#4573,#4574);
#4573 = CARTESIAN_POINT('',(-11.22034699999,-18.18771309859,2.));
#4574 = VECTOR('',#4575,1.);
#4575 = DIRECTION('',(0.,1.,0.));
#4576 = ORIENTED_EDGE('',*,*,#4522,.F.);
#4577 = ORIENTED_EDGE('',*,*,#4172,.F.);
#4578 = PLANE('',#4579);
#4579 = AXIS2_PLACEMENT_3D('',#4580,#4581,#4582);
#4580 = CARTESIAN_POINT('',(-11.22034699999,-18.18771309859,4.));
#4581 = DIRECTION('',(1.,0.,0.));
#4582 = DIRECTION('',(0.,1.,0.));
#4583 = ADVANCED_FACE('',(#4584),#4609,.F.);
#4584 = FACE_BOUND('',#4585,.F.);
#4585 = EDGE_LOOP('',(#4586,#4594,#4602,#4608));
#4586 = ORIENTED_EDGE('',*,*,#4587,.T.);
#4587 = EDGE_CURVE('',#4189,#4588,#4590,.T.);
#4588 = VERTEX_POINT('',#4589);
#4589 = CARTESIAN_POINT('',(-6.008677000001,-12.18771309859,2.));
#4590 = LINE('',#4591,#4592);
#4591 = CARTESIAN_POINT('',(-6.008677000001,-12.18771309859,4.));
#4592 = VECTOR('',#4593,1.);
#4593 = DIRECTION('',(-0.,-0.,-1.));
#4594 = ORIENTED_EDGE('',*,*,#4595,.T.);
#4595 = EDGE_CURVE('',#4588,#4596,#4598,.T.);
#4596 = VERTEX_POINT('',#4597);
#4597 = CARTESIAN_POINT('',(-7.008677,-12.18771309859,2.));
#4598 = LINE('',#4599,#4600);
#4599 = CARTESIAN_POINT('',(-6.008677000001,-12.18771309859,2.));
#4600 = VECTOR('',#4601,1.);
#4601 = DIRECTION('',(-1.,0.,0.));
#4602 = ORIENTED_EDGE('',*,*,#4603,.F.);
#4603 = EDGE_CURVE('',#4191,#4596,#4604,.T.);
#4604 = LINE('',#4605,#4606);
#4605 = CARTESIAN_POINT('',(-7.008677,-12.18771309859,4.));
#4606 = VECTOR('',#4607,1.);
#4607 = DIRECTION('',(-0.,-0.,-1.));
#4608 = ORIENTED_EDGE('',*,*,#4188,.F.);
#4609 = PLANE('',#4610);
#4610 = AXIS2_PLACEMENT_3D('',#4611,#4612,#4613);
#4611 = CARTESIAN_POINT('',(-6.008677000001,-12.18771309859,4.));
#4612 = DIRECTION('',(0.,1.,0.));
#4613 = DIRECTION('',(-1.,0.,0.));
#4614 = ADVANCED_FACE('',(#4615),#4633,.F.);
#4615 = FACE_BOUND('',#4616,.F.);
#4616 = EDGE_LOOP('',(#4617,#4625,#4631,#4632));
#4617 = ORIENTED_EDGE('',*,*,#4618,.T.);
#4618 = EDGE_CURVE('',#4199,#4619,#4621,.T.);
#4619 = VERTEX_POINT('',#4620);
#4620 = CARTESIAN_POINT('',(-6.008677000001,-18.18771309859,2.));
#4621 = LINE('',#4622,#4623);
#4622 = CARTESIAN_POINT('',(-6.008677000001,-18.18771309859,4.));
#4623 = VECTOR('',#4624,1.);
#4624 = DIRECTION('',(-0.,-0.,-1.));
#4625 = ORIENTED_EDGE('',*,*,#4626,.T.);
#4626 = EDGE_CURVE('',#4619,#4588,#4627,.T.);
#4627 = LINE('',#4628,#4629);
#4628 = CARTESIAN_POINT('',(-6.008677000001,-18.18771309859,2.));
#4629 = VECTOR('',#4630,1.);
#4630 = DIRECTION('',(0.,1.,0.));
#4631 = ORIENTED_EDGE('',*,*,#4587,.F.);
#4632 = ORIENTED_EDGE('',*,*,#4198,.F.);
#4633 = PLANE('',#4634);
#4634 = AXIS2_PLACEMENT_3D('',#4635,#4636,#4637);
#4635 = CARTESIAN_POINT('',(-6.008677000001,-18.18771309859,4.));
#4636 = DIRECTION('',(1.,0.,0.));
#4637 = DIRECTION('',(0.,1.,0.));
#4638 = ADVANCED_FACE('',(#4639),#4657,.F.);
#4639 = FACE_BOUND('',#4640,.F.);
#4640 = EDGE_LOOP('',(#4641,#4642,#4650,#4656));
#4641 = ORIENTED_EDGE('',*,*,#4603,.T.);
#4642 = ORIENTED_EDGE('',*,*,#4643,.T.);
#4643 = EDGE_CURVE('',#4596,#4644,#4646,.T.);
#4644 = VERTEX_POINT('',#4645);
#4645 = CARTESIAN_POINT('',(-7.008677,-18.18771309859,2.));
#4646 = LINE('',#4647,#4648);
#4647 = CARTESIAN_POINT('',(-7.008677,-12.18771309859,2.));
#4648 = VECTOR('',#4649,1.);
#4649 = DIRECTION('',(0.,-1.,0.));
#4650 = ORIENTED_EDGE('',*,*,#4651,.F.);
#4651 = EDGE_CURVE('',#4207,#4644,#4652,.T.);
#4652 = LINE('',#4653,#4654);
#4653 = CARTESIAN_POINT('',(-7.008677,-18.18771309859,4.));
#4654 = VECTOR('',#4655,1.);
#4655 = DIRECTION('',(-0.,-0.,-1.));
#4656 = ORIENTED_EDGE('',*,*,#4214,.F.);
#4657 = PLANE('',#4658);
#4658 = AXIS2_PLACEMENT_3D('',#4659,#4660,#4661);
#4659 = CARTESIAN_POINT('',(-7.008677,-12.18771309859,4.));
#4660 = DIRECTION('',(-1.,0.,0.));
#4661 = DIRECTION('',(0.,-1.,0.));
#4662 = ADVANCED_FACE('',(#4663),#4674,.F.);
#4663 = FACE_BOUND('',#4664,.F.);
#4664 = EDGE_LOOP('',(#4665,#4666,#4672,#4673));
#4665 = ORIENTED_EDGE('',*,*,#4651,.T.);
#4666 = ORIENTED_EDGE('',*,*,#4667,.T.);
#4667 = EDGE_CURVE('',#4644,#4619,#4668,.T.);
#4668 = LINE('',#4669,#4670);
#4669 = CARTESIAN_POINT('',(-7.008677,-18.18771309859,2.));
#4670 = VECTOR('',#4671,1.);
#4671 = DIRECTION('',(1.,0.,0.));
#4672 = ORIENTED_EDGE('',*,*,#4618,.F.);
#4673 = ORIENTED_EDGE('',*,*,#4206,.F.);
#4674 = PLANE('',#4675);
#4675 = AXIS2_PLACEMENT_3D('',#4676,#4677,#4678);
#4676 = CARTESIAN_POINT('',(-7.008677,-18.18771309859,4.));
#4677 = DIRECTION('',(0.,-1.,0.));
#4678 = DIRECTION('',(1.,0.,0.));
#4679 = ADVANCED_FACE('',(#4680),#4705,.F.);
#4680 = FACE_BOUND('',#4681,.F.);
#4681 = EDGE_LOOP('',(#4682,#4690,#4698,#4704));
#4682 = ORIENTED_EDGE('',*,*,#4683,.T.);
#4683 = EDGE_CURVE('',#4223,#4684,#4686,.T.);
#4684 = VERTEX_POINT('',#4685);
#4685 = CARTESIAN_POINT('',(5.688807406646,-12.18771309859,2.));
#4686 = LINE('',#4687,#4688);
#4687 = CARTESIAN_POINT('',(5.688807406646,-12.18771309859,4.));
#4688 = VECTOR('',#4689,1.);
#4689 = DIRECTION('',(-0.,-0.,-1.));
#4690 = ORIENTED_EDGE('',*,*,#4691,.T.);
#4691 = EDGE_CURVE('',#4684,#4692,#4694,.T.);
#4692 = VERTEX_POINT('',#4693);
#4693 = CARTESIAN_POINT('',(5.688807406646,-18.18771309859,2.));
#4694 = LINE('',#4695,#4696);
#4695 = CARTESIAN_POINT('',(5.688807406646,-12.18771309859,2.));
#4696 = VECTOR('',#4697,1.);
#4697 = DIRECTION('',(0.,-1.,0.));
#4698 = ORIENTED_EDGE('',*,*,#4699,.F.);
#4699 = EDGE_CURVE('',#4225,#4692,#4700,.T.);
#4700 = LINE('',#4701,#4702);
#4701 = CARTESIAN_POINT('',(5.688807406646,-18.18771309859,4.));
#4702 = VECTOR('',#4703,1.);
#4703 = DIRECTION('',(-0.,-0.,-1.));
#4704 = ORIENTED_EDGE('',*,*,#4222,.F.);
#4705 = PLANE('',#4706);
#4706 = AXIS2_PLACEMENT_3D('',#4707,#4708,#4709);
#4707 = CARTESIAN_POINT('',(5.688807406646,-12.18771309859,4.));
#4708 = DIRECTION('',(-1.,0.,0.));
#4709 = DIRECTION('',(0.,-1.,0.));
#4710 = ADVANCED_FACE('',(#4711),#4729,.F.);
#4711 = FACE_BOUND('',#4712,.F.);
#4712 = EDGE_LOOP('',(#4713,#4721,#4727,#4728));
#4713 = ORIENTED_EDGE('',*,*,#4714,.T.);
#4714 = EDGE_CURVE('',#4233,#4715,#4717,.T.);
#4715 = VERTEX_POINT('',#4716);
#4716 = CARTESIAN_POINT('',(6.688807406646,-12.18771309859,2.));
#4717 = LINE('',#4718,#4719);
#4718 = CARTESIAN_POINT('',(6.688807406646,-12.18771309859,4.));
#4719 = VECTOR('',#4720,1.);
#4720 = DIRECTION('',(-0.,-0.,-1.));
#4721 = ORIENTED_EDGE('',*,*,#4722,.T.);
#4722 = EDGE_CURVE('',#4715,#4684,#4723,.T.);
#4723 = LINE('',#4724,#4725);
#4724 = CARTESIAN_POINT('',(6.688807406646,-12.18771309859,2.));
#4725 = VECTOR('',#4726,1.);
#4726 = DIRECTION('',(-1.,0.,0.));
#4727 = ORIENTED_EDGE('',*,*,#4683,.F.);
#4728 = ORIENTED_EDGE('',*,*,#4232,.F.);
#4729 = PLANE('',#4730);
#4730 = AXIS2_PLACEMENT_3D('',#4731,#4732,#4733);
#4731 = CARTESIAN_POINT('',(6.688807406646,-12.18771309859,4.));
#4732 = DIRECTION('',(0.,1.,0.));
#4733 = DIRECTION('',(-1.,0.,0.));
#4734 = ADVANCED_FACE('',(#4735),#4753,.F.);
#4735 = FACE_BOUND('',#4736,.F.);
#4736 = EDGE_LOOP('',(#4737,#4738,#4746,#4752));
#4737 = ORIENTED_EDGE('',*,*,#4699,.T.);
#4738 = ORIENTED_EDGE('',*,*,#4739,.T.);
#4739 = EDGE_CURVE('',#4692,#4740,#4742,.T.);
#4740 = VERTEX_POINT('',#4741);
#4741 = CARTESIAN_POINT('',(6.688807406646,-18.18771309859,2.));
#4742 = LINE('',#4743,#4744);
#4743 = CARTESIAN_POINT('',(5.688807406646,-18.18771309859,2.));
#4744 = VECTOR('',#4745,1.);
#4745 = DIRECTION('',(1.,0.,0.));
#4746 = ORIENTED_EDGE('',*,*,#4747,.F.);
#4747 = EDGE_CURVE('',#4241,#4740,#4748,.T.);
#4748 = LINE('',#4749,#4750);
#4749 = CARTESIAN_POINT('',(6.688807406646,-18.18771309859,4.));
#4750 = VECTOR('',#4751,1.);
#4751 = DIRECTION('',(-0.,-0.,-1.));
#4752 = ORIENTED_EDGE('',*,*,#4248,.F.);
#4753 = PLANE('',#4754);
#4754 = AXIS2_PLACEMENT_3D('',#4755,#4756,#4757);
#4755 = CARTESIAN_POINT('',(5.688807406646,-18.18771309859,4.));
#4756 = DIRECTION('',(0.,-1.,0.));
#4757 = DIRECTION('',(1.,0.,0.));
#4758 = ADVANCED_FACE('',(#4759),#4770,.F.);
#4759 = FACE_BOUND('',#4760,.F.);
#4760 = EDGE_LOOP('',(#4761,#4762,#4768,#4769));
#4761 = ORIENTED_EDGE('',*,*,#4747,.T.);
#4762 = ORIENTED_EDGE('',*,*,#4763,.T.);
#4763 = EDGE_CURVE('',#4740,#4715,#4764,.T.);
#4764 = LINE('',#4765,#4766);
#4765 = CARTESIAN_POINT('',(6.688807406646,-18.18771309859,2.));
#4766 = VECTOR('',#4767,1.);
#4767 = DIRECTION('',(0.,1.,0.));
#4768 = ORIENTED_EDGE('',*,*,#4714,.F.);
#4769 = ORIENTED_EDGE('',*,*,#4240,.F.);
#4770 = PLANE('',#4771);
#4771 = AXIS2_PLACEMENT_3D('',#4772,#4773,#4774);
#4772 = CARTESIAN_POINT('',(6.688807406646,-18.18771309859,4.));
#4773 = DIRECTION('',(1.,0.,0.));
#4774 = DIRECTION('',(0.,1.,0.));
#4775 = ADVANCED_FACE('',(#4776),#4801,.F.);
#4776 = FACE_BOUND('',#4777,.F.);
#4777 = EDGE_LOOP('',(#4778,#4786,#4794,#4800));
#4778 = ORIENTED_EDGE('',*,*,#4779,.T.);
#4779 = EDGE_CURVE('',#4257,#4780,#4782,.T.);
#4780 = VERTEX_POINT('',#4781);
#4781 = CARTESIAN_POINT('',(12.257477593354,-12.18771309859,2.));
#4782 = LINE('',#4783,#4784);
#4783 = CARTESIAN_POINT('',(12.257477593354,-12.18771309859,4.));
#4784 = VECTOR('',#4785,1.);
#4785 = DIRECTION('',(-0.,-0.,-1.));
#4786 = ORIENTED_EDGE('',*,*,#4787,.T.);
#4787 = EDGE_CURVE('',#4780,#4788,#4790,.T.);
#4788 = VERTEX_POINT('',#4789);
#4789 = CARTESIAN_POINT('',(11.257477593353,-12.18771309859,2.));
#4790 = LINE('',#4791,#4792);
#4791 = CARTESIAN_POINT('',(12.257477593354,-12.18771309859,2.));
#4792 = VECTOR('',#4793,1.);
#4793 = DIRECTION('',(-1.,0.,0.));
#4794 = ORIENTED_EDGE('',*,*,#4795,.F.);
#4795 = EDGE_CURVE('',#4259,#4788,#4796,.T.);
#4796 = LINE('',#4797,#4798);
#4797 = CARTESIAN_POINT('',(11.257477593353,-12.18771309859,4.));
#4798 = VECTOR('',#4799,1.);
#4799 = DIRECTION('',(-0.,-0.,-1.));
#4800 = ORIENTED_EDGE('',*,*,#4256,.F.);
#4801 = PLANE('',#4802);
#4802 = AXIS2_PLACEMENT_3D('',#4803,#4804,#4805);
#4803 = CARTESIAN_POINT('',(12.257477593354,-12.18771309859,4.));
#4804 = DIRECTION('',(0.,1.,0.));
#4805 = DIRECTION('',(-1.,0.,0.));
#4806 = ADVANCED_FACE('',(#4807),#4825,.F.);
#4807 = FACE_BOUND('',#4808,.F.);
#4808 = EDGE_LOOP('',(#4809,#4817,#4823,#4824));
#4809 = ORIENTED_EDGE('',*,*,#4810,.T.);
#4810 = EDGE_CURVE('',#4267,#4811,#4813,.T.);
#4811 = VERTEX_POINT('',#4812);
#4812 = CARTESIAN_POINT('',(12.257477593354,-18.18771309859,2.));
#4813 = LINE('',#4814,#4815);
#4814 = CARTESIAN_POINT('',(12.257477593354,-18.18771309859,4.));
#4815 = VECTOR('',#4816,1.);
#4816 = DIRECTION('',(-0.,-0.,-1.));
#4817 = ORIENTED_EDGE('',*,*,#4818,.T.);
#4818 = EDGE_CURVE('',#4811,#4780,#4819,.T.);
#4819 = LINE('',#4820,#4821);
#4820 = CARTESIAN_POINT('',(12.257477593354,-18.18771309859,2.));
#4821 = VECTOR('',#4822,1.);
#4822 = DIRECTION('',(0.,1.,0.));
#4823 = ORIENTED_EDGE('',*,*,#4779,.F.);
#4824 = ORIENTED_EDGE('',*,*,#4266,.F.);
#4825 = PLANE('',#4826);
#4826 = AXIS2_PLACEMENT_3D('',#4827,#4828,#4829);
#4827 = CARTESIAN_POINT('',(12.257477593354,-18.18771309859,4.));
#4828 = DIRECTION('',(1.,0.,0.));
#4829 = DIRECTION('',(0.,1.,0.));
#4830 = ADVANCED_FACE('',(#4831),#4849,.F.);
#4831 = FACE_BOUND('',#4832,.F.);
#4832 = EDGE_LOOP('',(#4833,#4834,#4842,#4848));
#4833 = ORIENTED_EDGE('',*,*,#4795,.T.);
#4834 = ORIENTED_EDGE('',*,*,#4835,.T.);
#4835 = EDGE_CURVE('',#4788,#4836,#4838,.T.);
#4836 = VERTEX_POINT('',#4837);
#4837 = CARTESIAN_POINT('',(11.257477593353,-18.18771309859,2.));
#4838 = LINE('',#4839,#4840);
#4839 = CARTESIAN_POINT('',(11.257477593353,-12.18771309859,2.));
#4840 = VECTOR('',#4841,1.);
#4841 = DIRECTION('',(0.,-1.,0.));
#4842 = ORIENTED_EDGE('',*,*,#4843,.F.);
#4843 = EDGE_CURVE('',#4275,#4836,#4844,.T.);
#4844 = LINE('',#4845,#4846);
#4845 = CARTESIAN_POINT('',(11.257477593353,-18.18771309859,4.));
#4846 = VECTOR('',#4847,1.);
#4847 = DIRECTION('',(-0.,-0.,-1.));
#4848 = ORIENTED_EDGE('',*,*,#4282,.F.);
#4849 = PLANE('',#4850);
#4850 = AXIS2_PLACEMENT_3D('',#4851,#4852,#4853);
#4851 = CARTESIAN_POINT('',(11.257477593353,-12.18771309859,4.));
#4852 = DIRECTION('',(-1.,0.,0.));
#4853 = DIRECTION('',(0.,-1.,0.));
#4854 = ADVANCED_FACE('',(#4855),#4866,.F.);
#4855 = FACE_BOUND('',#4856,.F.);
#4856 = EDGE_LOOP('',(#4857,#4858,#4864,#4865));
#4857 = ORIENTED_EDGE('',*,*,#4843,.T.);
#4858 = ORIENTED_EDGE('',*,*,#4859,.T.);
#4859 = EDGE_CURVE('',#4836,#4811,#4860,.T.);
#4860 = LINE('',#4861,#4862);
#4861 = CARTESIAN_POINT('',(11.257477593353,-18.18771309859,2.));
#4862 = VECTOR('',#4863,1.);
#4863 = DIRECTION('',(1.,0.,0.));
#4864 = ORIENTED_EDGE('',*,*,#4810,.F.);
#4865 = ORIENTED_EDGE('',*,*,#4274,.F.);
#4866 = PLANE('',#4867);
#4867 = AXIS2_PLACEMENT_3D('',#4868,#4869,#4870);
#4868 = CARTESIAN_POINT('',(11.257477593353,-18.18771309859,4.));
#4869 = DIRECTION('',(0.,-1.,0.));
#4870 = DIRECTION('',(1.,0.,0.));
#4871 = ADVANCED_FACE('',(#4872),#4888,.F.);
#4872 = FACE_BOUND('',#4873,.F.);
#4873 = EDGE_LOOP('',(#4874,#4880,#4881,#4887));
#4874 = ORIENTED_EDGE('',*,*,#4875,.T.);
#4875 = EDGE_CURVE('',#4452,#4320,#4876,.T.);
#4876 = LINE('',#4877,#4878);
#4877 = CARTESIAN_POINT('',(-11.1,5.800000357628,-24.5));
#4878 = VECTOR('',#4879,1.);
#4879 = DIRECTION('',(0.,0.,1.));
#4880 = ORIENTED_EDGE('',*,*,#4319,.T.);
#4881 = ORIENTED_EDGE('',*,*,#4882,.F.);
#4882 = EDGE_CURVE('',#4454,#4322,#4883,.T.);
#4883 = LINE('',#4884,#4885);
#4884 = CARTESIAN_POINT('',(11.1,5.800000357628,-24.5));
#4885 = VECTOR('',#4886,1.);
#4886 = DIRECTION('',(0.,0.,1.));
#4887 = ORIENTED_EDGE('',*,*,#4451,.F.);
#4888 = PLANE('',#4889);
#4889 = AXIS2_PLACEMENT_3D('',#4890,#4891,#4892);
#4890 = CARTESIAN_POINT('',(-11.1,5.800000357628,-24.5));
#4891 = DIRECTION('',(0.,1.,0.));
#4892 = DIRECTION('',(1.,0.,0.));
#4893 = ADVANCED_FACE('',(#4894),#4905,.F.);
#4894 = FACE_BOUND('',#4895,.F.);
#4895 = EDGE_LOOP('',(#4896,#4897,#4898,#4904));
#4896 = ORIENTED_EDGE('',*,*,#4882,.T.);
#4897 = ORIENTED_EDGE('',*,*,#4329,.T.);
#4898 = ORIENTED_EDGE('',*,*,#4899,.F.);
#4899 = EDGE_CURVE('',#4470,#4330,#4900,.T.);
#4900 = LINE('',#4901,#4902);
#4901 = CARTESIAN_POINT('',(11.1,-5.800000357628,-24.5));
#4902 = VECTOR('',#4903,1.);
#4903 = DIRECTION('',(0.,0.,1.));
#4904 = ORIENTED_EDGE('',*,*,#4477,.F.);
#4905 = PLANE('',#4906);
#4906 = AXIS2_PLACEMENT_3D('',#4907,#4908,#4909);
#4907 = CARTESIAN_POINT('',(11.1,5.800000357628,-24.5));
#4908 = DIRECTION('',(1.,0.,0.));
#4909 = DIRECTION('',(0.,-1.,0.));
#4910 = ADVANCED_FACE('',(#4911),#4922,.F.);
#4911 = FACE_BOUND('',#4912,.F.);
#4912 = EDGE_LOOP('',(#4913,#4914,#4915,#4921));
#4913 = ORIENTED_EDGE('',*,*,#4899,.T.);
#4914 = ORIENTED_EDGE('',*,*,#4337,.T.);
#4915 = ORIENTED_EDGE('',*,*,#4916,.F.);
#4916 = EDGE_CURVE('',#4462,#4338,#4917,.T.);
#4917 = LINE('',#4918,#4919);
#4918 = CARTESIAN_POINT('',(-11.1,-5.800000357628,-24.5));
#4919 = VECTOR('',#4920,1.);
#4920 = DIRECTION('',(0.,0.,1.));
#4921 = ORIENTED_EDGE('',*,*,#4469,.F.);
#4922 = PLANE('',#4923);
#4923 = AXIS2_PLACEMENT_3D('',#4924,#4925,#4926);
#4924 = CARTESIAN_POINT('',(11.1,-5.800000357628,-24.5));
#4925 = DIRECTION('',(-0.,-1.,-0.));
#4926 = DIRECTION('',(-1.,0.,0.));
#4927 = ADVANCED_FACE('',(#4928),#4934,.F.);
#4928 = FACE_BOUND('',#4929,.F.);
#4929 = EDGE_LOOP('',(#4930,#4931,#4932,#4933));
#4930 = ORIENTED_EDGE('',*,*,#4916,.T.);
#4931 = ORIENTED_EDGE('',*,*,#4345,.T.);
#4932 = ORIENTED_EDGE('',*,*,#4875,.F.);
#4933 = ORIENTED_EDGE('',*,*,#4461,.F.);
#4934 = PLANE('',#4935);
#4935 = AXIS2_PLACEMENT_3D('',#4936,#4937,#4938);
#4936 = CARTESIAN_POINT('',(-11.1,-5.800000357628,-24.5));
#4937 = DIRECTION('',(-1.,0.,0.));
#4938 = DIRECTION('',(0.,1.,0.));
#4939 = ADVANCED_FACE('',(#4940),#4946,.T.);
#4940 = FACE_BOUND('',#4941,.T.);
#4941 = EDGE_LOOP('',(#4942,#4943,#4944,#4945));
#4942 = ORIENTED_EDGE('',*,*,#4499,.T.);
#4943 = ORIENTED_EDGE('',*,*,#4547,.T.);
#4944 = ORIENTED_EDGE('',*,*,#4571,.T.);
#4945 = ORIENTED_EDGE('',*,*,#4530,.T.);
#4946 = PLANE('',#4947);
#4947 = AXIS2_PLACEMENT_3D('',#4948,#4949,#4950);
#4948 = CARTESIAN_POINT('',(-4.71231666663E-02,-15.18771309859,2.));
#4949 = DIRECTION('',(0.,0.,1.));
#4950 = DIRECTION('',(1.,0.,0.));
#4951 = ADVANCED_FACE('',(#4952),#4958,.T.);
#4952 = FACE_BOUND('',#4953,.T.);
#4953 = EDGE_LOOP('',(#4954,#4955,#4956,#4957));
#4954 = ORIENTED_EDGE('',*,*,#4595,.T.);
#4955 = ORIENTED_EDGE('',*,*,#4643,.T.);
#4956 = ORIENTED_EDGE('',*,*,#4667,.T.);
#4957 = ORIENTED_EDGE('',*,*,#4626,.T.);
#4958 = PLANE('',#4959);
#4959 = AXIS2_PLACEMENT_3D('',#4960,#4961,#4962);
#4960 = CARTESIAN_POINT('',(-4.71231666663E-02,-15.18771309859,2.));
#4961 = DIRECTION('',(0.,0.,1.));
#4962 = DIRECTION('',(1.,0.,0.));
#4963 = ADVANCED_FACE('',(#4964),#4970,.T.);
#4964 = FACE_BOUND('',#4965,.T.);
#4965 = EDGE_LOOP('',(#4966,#4967,#4968,#4969));
#4966 = ORIENTED_EDGE('',*,*,#4691,.T.);
#4967 = ORIENTED_EDGE('',*,*,#4739,.T.);
#4968 = ORIENTED_EDGE('',*,*,#4763,.T.);
#4969 = ORIENTED_EDGE('',*,*,#4722,.T.);
#4970 = PLANE('',#4971);
#4971 = AXIS2_PLACEMENT_3D('',#4972,#4973,#4974);
#4972 = CARTESIAN_POINT('',(-4.71231666663E-02,-15.18771309859,2.));
#4973 = DIRECTION('',(0.,0.,1.));
#4974 = DIRECTION('',(1.,0.,0.));
#4975 = ADVANCED_FACE('',(#4976),#4982,.T.);
#4976 = FACE_BOUND('',#4977,.T.);
#4977 = EDGE_LOOP('',(#4978,#4979,#4980,#4981));
#4978 = ORIENTED_EDGE('',*,*,#4787,.T.);
#4979 = ORIENTED_EDGE('',*,*,#4835,.T.);
#4980 = ORIENTED_EDGE('',*,*,#4859,.T.);
#4981 = ORIENTED_EDGE('',*,*,#4818,.T.);
#4982 = PLANE('',#4983);
#4983 = AXIS2_PLACEMENT_3D('',#4984,#4985,#4986);
#4984 = CARTESIAN_POINT('',(-4.71231666663E-02,-15.18771309859,2.));
#4985 = DIRECTION('',(0.,0.,1.));
#4986 = DIRECTION('',(1.,0.,0.));
#4987 = ( GEOMETRIC_REPRESENTATION_CONTEXT(3) 
GLOBAL_UNCERTAINTY_ASSIGNED_CONTEXT((#4991)) 
GLOBAL_UNIT_ASSIGNED_CONTEXT((#4988,#4989,#4990)) REPRESENTATION_CONTEXT
('Context #1','3D Context with UNIT and UNCERTAINTY') );
#4988 = ( LENGTH_UNIT() NAMED_UNIT(*) SI_UNIT(.MILLI.,.METRE.) );
#4989 = ( NAMED_UNIT(*) PLANE_ANGLE_UNIT() SI_UNIT($,.RADIAN.) );
#4990 = ( NAMED_UNIT(*) SI_UNIT($,.STERADIAN.) SOLID_ANGLE_UNIT() );
#4991 = UNCERTAINTY_MEASURE_WITH_UNIT(LENGTH_MEASURE(1.E-04),#4988,
  'distance_accuracy_value','confusion accuracy');
#4992 = CONTEXT_DEPENDENT_SHAPE_REPRESENTATION(#4993,#4995);
#4993 = ( REPRESENTATION_RELATIONSHIP('','',#36,#10) 
REPRESENTATION_RELATIONSHIP_WITH_TRANSFORMATION(#4994) 
SHAPE_REPRESENTATION_RELATIONSHIP() );
#4994 = ITEM_DEFINED_TRANSFORMATION('','',#11,#15);
#4995 = PRODUCT_DEFINITION_SHAPE('Placement','Placement of an item',
  #4996);
#4996 = NEXT_ASSEMBLY_USAGE_OCCURRENCE('7','Body012','',#5,#31,$);
#4997 = PRODUCT_RELATED_PRODUCT_CATEGORY('part',$,(#33));
#4998 = SHAPE_DEFINITION_REPRESENTATION(#4999,#5005);
#4999 = PRODUCT_DEFINITION_SHAPE('','',#5000);
#5000 = PRODUCT_DEFINITION('design','',#5001,#5004);
#5001 = PRODUCT_DEFINITION_FORMATION('','',#5002);
#5002 = PRODUCT('Body013','Body013','',(#5003));
#5003 = PRODUCT_CONTEXT('',#2,'mechanical');
#5004 = PRODUCT_DEFINITION_CONTEXT('part definition',#2,'design');
#5005 = ADVANCED_BREP_SHAPE_REPRESENTATION('',(#11,#5006),#5584);
#5006 = MANIFOLD_SOLID_BREP('',#5007);
#5007 = CLOSED_SHELL('',(#5008,#5082,#5129,#5171,#5195,#5235,#5283,#5307
    ,#5331,#5366,#5389,#5406,#5418,#5435,#5479,#5521,#5538,#5555,#5572)
  );
#5008 = ADVANCED_FACE('',(#5009),#5077,.T.);
#5009 = FACE_BOUND('',#5010,.T.);
#5010 = EDGE_LOOP('',(#5011,#5021,#5029,#5037,#5045,#5054,#5062,#5070));
#5011 = ORIENTED_EDGE('',*,*,#5012,.F.);
#5012 = EDGE_CURVE('',#5013,#5015,#5017,.T.);
#5013 = VERTEX_POINT('',#5014);
#5014 = CARTESIAN_POINT('',(20.,-2.348134800967,4.));
#5015 = VERTEX_POINT('',#5016);
#5016 = CARTESIAN_POINT('',(20.,16.830691854238,4.));
#5017 = LINE('',#5018,#5019);
#5018 = CARTESIAN_POINT('',(20.,16.9,4.));
#5019 = VECTOR('',#5020,1.);
#5020 = DIRECTION('',(0.,1.,0.));
#5021 = ORIENTED_EDGE('',*,*,#5022,.T.);
#5022 = EDGE_CURVE('',#5013,#5023,#5025,.T.);
#5023 = VERTEX_POINT('',#5024);
#5024 = CARTESIAN_POINT('',(20.,-2.348134800967,0.));
#5025 = LINE('',#5026,#5027);
#5026 = CARTESIAN_POINT('',(20.,-2.348134800967,4.));
#5027 = VECTOR('',#5028,1.);
#5028 = DIRECTION('',(-0.,-0.,-1.));
#5029 = ORIENTED_EDGE('',*,*,#5030,.T.);
#5030 = EDGE_CURVE('',#5023,#5031,#5033,.T.);
#5031 = VERTEX_POINT('',#5032);
#5032 = CARTESIAN_POINT('',(20.,16.9,0.));
#5033 = LINE('',#5034,#5035);
#5034 = CARTESIAN_POINT('',(20.,-2.348134800967,0.));
#5035 = VECTOR('',#5036,1.);
#5036 = DIRECTION('',(0.,1.,0.));
#5037 = ORIENTED_EDGE('',*,*,#5038,.T.);
#5038 = EDGE_CURVE('',#5031,#5039,#5041,.T.);
#5039 = VERTEX_POINT('',#5040);
#5040 = CARTESIAN_POINT('',(20.,18.364642364393,-5.466121052659));
#5041 = LINE('',#5042,#5043);
#5042 = CARTESIAN_POINT('',(20.,16.9,0.));
#5043 = VECTOR('',#5044,1.);
#5044 = DIRECTION('',(0.,0.258818986177,-0.965925842078));
#5045 = ORIENTED_EDGE('',*,*,#5046,.T.);
#5046 = EDGE_CURVE('',#5039,#5047,#5049,.T.);
#5047 = VERTEX_POINT('',#5048);
#5048 = CARTESIAN_POINT('',(20.,18.498119327294,-6.651561572961));
#5049 = CIRCLE('',#5050,4.);
#5050 = AXIS2_PLACEMENT_3D('',#5051,#5052,#5053);
#5051 = CARTESIAN_POINT('',(20.,14.50093899608,-6.501396997367));
#5052 = DIRECTION('',(-1.,-0.,-0.));
#5053 = DIRECTION('',(0.,0.,-1.));
#5054 = ORIENTED_EDGE('',*,*,#5055,.F.);
#5055 = EDGE_CURVE('',#5056,#5047,#5058,.T.);
#5056 = VERTEX_POINT('',#5057);
#5057 = CARTESIAN_POINT('',(20.,22.619273075345,-6.148467753242));
#5058 = LINE('',#5059,#5060);
#5059 = CARTESIAN_POINT('',(20.,23.32033242795,-6.062885256418));
#5060 = VECTOR('',#5061,1.);
#5061 = DIRECTION('',(0.,-0.992630990609,-0.12117638583));
#5062 = ORIENTED_EDGE('',*,*,#5063,.F.);
#5063 = EDGE_CURVE('',#5064,#5056,#5066,.T.);
#5064 = VERTEX_POINT('',#5065);
#5065 = CARTESIAN_POINT('',(20.,20.694395222551,1.035275944708));
#5066 = LINE('',#5067,#5068);
#5067 = CARTESIAN_POINT('',(20.,19.9,4.));
#5068 = VECTOR('',#5069,1.);
#5069 = DIRECTION('',(0.,0.258818986177,-0.965925842078));
#5070 = ORIENTED_EDGE('',*,*,#5071,.F.);
#5071 = EDGE_CURVE('',#5015,#5064,#5072,.T.);
#5072 = CIRCLE('',#5073,4.);
#5073 = AXIS2_PLACEMENT_3D('',#5074,#5075,#5076);
#5074 = CARTESIAN_POINT('',(20.,16.830691854238,4.440892098501E-16));
#5075 = DIRECTION('',(-1.,-0.,-0.));
#5076 = DIRECTION('',(0.,0.,-1.));
#5077 = PLANE('',#5078);
#5078 = AXIS2_PLACEMENT_3D('',#5079,#5080,#5081);
#5079 = CARTESIAN_POINT('',(20.,13.000817676421,-2.120584723895));
#5080 = DIRECTION('',(1.,0.,0.));
#5081 = DIRECTION('',(0.,0.,1.));
#5082 = ADVANCED_FACE('',(#5083),#5124,.T.);
#5083 = FACE_BOUND('',#5084,.T.);
#5084 = EDGE_LOOP('',(#5085,#5086,#5094,#5102,#5110,#5118));
#5085 = ORIENTED_EDGE('',*,*,#5012,.T.);
#5086 = ORIENTED_EDGE('',*,*,#5087,.T.);
#5087 = EDGE_CURVE('',#5015,#5088,#5090,.T.);
#5088 = VERTEX_POINT('',#5089);
#5089 = CARTESIAN_POINT('',(0.819232,16.830691854238,4.));
#5090 = LINE('',#5091,#5092);
#5091 = CARTESIAN_POINT('',(20.,16.830691854238,4.));
#5092 = VECTOR('',#5093,1.);
#5093 = DIRECTION('',(-1.,-0.,-0.));
#5094 = ORIENTED_EDGE('',*,*,#5095,.T.);
#5095 = EDGE_CURVE('',#5088,#5096,#5098,.T.);
#5096 = VERTEX_POINT('',#5097);
#5097 = CARTESIAN_POINT('',(0.819232,14.399999999943,4.));
#5098 = LINE('',#5099,#5100);
#5099 = CARTESIAN_POINT('',(0.819232,16.9,4.));
#5100 = VECTOR('',#5101,1.);
#5101 = DIRECTION('',(0.,-1.,0.));
#5102 = ORIENTED_EDGE('',*,*,#5103,.T.);
#5103 = EDGE_CURVE('',#5096,#5104,#5106,.T.);
#5104 = VERTEX_POINT('',#5105);
#5105 = CARTESIAN_POINT('',(17.5,14.399999999943,4.));
#5106 = LINE('',#5107,#5108);
#5107 = CARTESIAN_POINT('',(0.819232,14.399999999943,4.));
#5108 = VECTOR('',#5109,1.);
#5109 = DIRECTION('',(1.,0.,0.));
#5110 = ORIENTED_EDGE('',*,*,#5111,.F.);
#5111 = EDGE_CURVE('',#5112,#5104,#5114,.T.);
#5112 = VERTEX_POINT('',#5113);
#5113 = CARTESIAN_POINT('',(17.5,-2.348151685405,4.));
#5114 = LINE('',#5115,#5116);
#5115 = CARTESIAN_POINT('',(17.5,-2.348151685405,4.));
#5116 = VECTOR('',#5117,1.);
#5117 = DIRECTION('',(0.,1.,0.));
#5118 = ORIENTED_EDGE('',*,*,#5119,.F.);
#5119 = EDGE_CURVE('',#5013,#5112,#5120,.T.);
#5120 = LINE('',#5121,#5122);
#5121 = CARTESIAN_POINT('',(20.,-2.348134800967,4.));
#5122 = VECTOR('',#5123,1.);
#5123 = DIRECTION('',(-0.999999999977,-6.753775009673E-06,0.));
#5124 = PLANE('',#5125);
#5125 = AXIS2_PLACEMENT_3D('',#5126,#5127,#5128);
#5126 = CARTESIAN_POINT('',(14.403375005899,11.525573264453,4.));
#5127 = DIRECTION('',(0.,0.,1.));
#5128 = DIRECTION('',(1.,0.,0.));
#5129 = ADVANCED_FACE('',(#5130),#5166,.T.);
#5130 = FACE_BOUND('',#5131,.T.);
#5131 = EDGE_LOOP('',(#5132,#5141,#5142,#5143,#5151,#5160));
#5132 = ORIENTED_EDGE('',*,*,#5133,.F.);
#5133 = EDGE_CURVE('',#5088,#5134,#5136,.T.);
#5134 = VERTEX_POINT('',#5135);
#5135 = CARTESIAN_POINT('',(0.819232,16.9,3.999399502542));
#5136 = CIRCLE('',#5137,4.);
#5137 = AXIS2_PLACEMENT_3D('',#5138,#5139,#5140);
#5138 = CARTESIAN_POINT('',(0.819232,16.830691854238,4.440892098501E-16)
  );
#5139 = DIRECTION('',(-1.,-0.,-0.));
#5140 = DIRECTION('',(0.,0.,-1.));
#5141 = ORIENTED_EDGE('',*,*,#5087,.F.);
#5142 = ORIENTED_EDGE('',*,*,#5071,.T.);
#5143 = ORIENTED_EDGE('',*,*,#5144,.T.);
#5144 = EDGE_CURVE('',#5064,#5145,#5147,.T.);
#5145 = VERTEX_POINT('',#5146);
#5146 = CARTESIAN_POINT('',(18.,20.694395222551,1.035275944708));
#5147 = LINE('',#5148,#5149);
#5148 = CARTESIAN_POINT('',(20.,20.694395222551,1.035275944708));
#5149 = VECTOR('',#5150,1.);
#5150 = DIRECTION('',(-1.,-0.,-0.));
#5151 = ORIENTED_EDGE('',*,*,#5152,.F.);
#5152 = EDGE_CURVE('',#5153,#5145,#5155,.T.);
#5153 = VERTEX_POINT('',#5154);
#5154 = CARTESIAN_POINT('',(18.,16.9,3.999399502542));
#5155 = CIRCLE('',#5156,4.);
#5156 = AXIS2_PLACEMENT_3D('',#5157,#5158,#5159);
#5157 = CARTESIAN_POINT('',(18.,16.830691854238,4.440892098501E-16));
#5158 = DIRECTION('',(-1.,-0.,-0.));
#5159 = DIRECTION('',(0.,0.,-1.));
#5160 = ORIENTED_EDGE('',*,*,#5161,.F.);
#5161 = EDGE_CURVE('',#5134,#5153,#5162,.T.);
#5162 = LINE('',#5163,#5164);
#5163 = CARTESIAN_POINT('',(20.,16.9,3.999399502542));
#5164 = VECTOR('',#5165,1.);
#5165 = DIRECTION('',(1.,0.,0.));
#5166 = CYLINDRICAL_SURFACE('',#5167,4.);
#5167 = AXIS2_PLACEMENT_3D('',#5168,#5169,#5170);
#5168 = CARTESIAN_POINT('',(20.,16.830691854238,4.440892098501E-16));
#5169 = DIRECTION('',(-1.,-0.,-0.));
#5170 = DIRECTION('',(0.,0.,1.));
#5171 = ADVANCED_FACE('',(#5172),#5190,.F.);
#5172 = FACE_BOUND('',#5173,.F.);
#5173 = EDGE_LOOP('',(#5174,#5175,#5183,#5189));
#5174 = ORIENTED_EDGE('',*,*,#5022,.T.);
#5175 = ORIENTED_EDGE('',*,*,#5176,.T.);
#5176 = EDGE_CURVE('',#5023,#5177,#5179,.T.);
#5177 = VERTEX_POINT('',#5178);
#5178 = CARTESIAN_POINT('',(17.5,-2.348151685405,0.));
#5179 = LINE('',#5180,#5181);
#5180 = CARTESIAN_POINT('',(20.,-2.348134800967,0.));
#5181 = VECTOR('',#5182,1.);
#5182 = DIRECTION('',(-0.999999999977,-6.753775009673E-06,0.));
#5183 = ORIENTED_EDGE('',*,*,#5184,.F.);
#5184 = EDGE_CURVE('',#5112,#5177,#5185,.T.);
#5185 = LINE('',#5186,#5187);
#5186 = CARTESIAN_POINT('',(17.5,-2.348151685405,4.));
#5187 = VECTOR('',#5188,1.);
#5188 = DIRECTION('',(-0.,-0.,-1.));
#5189 = ORIENTED_EDGE('',*,*,#5119,.F.);
#5190 = PLANE('',#5191);
#5191 = AXIS2_PLACEMENT_3D('',#5192,#5193,#5194);
#5192 = CARTESIAN_POINT('',(20.,-2.348134800967,4.));
#5193 = DIRECTION('',(-6.753775009673E-06,0.999999999977,0.));
#5194 = DIRECTION('',(-0.999999999977,-6.753775009673E-06,0.));
#5195 = ADVANCED_FACE('',(#5196),#5230,.F.);
#5196 = FACE_BOUND('',#5197,.F.);
#5197 = EDGE_LOOP('',(#5198,#5199,#5200,#5208,#5216,#5224));
#5198 = ORIENTED_EDGE('',*,*,#5063,.F.);
#5199 = ORIENTED_EDGE('',*,*,#5144,.T.);
#5200 = ORIENTED_EDGE('',*,*,#5201,.T.);
#5201 = EDGE_CURVE('',#5145,#5202,#5204,.T.);
#5202 = VERTEX_POINT('',#5203);
#5203 = CARTESIAN_POINT('',(18.,22.734425743561,-6.578223466517));
#5204 = LINE('',#5205,#5206);
#5205 = CARTESIAN_POINT('',(18.,19.9,4.));
#5206 = VECTOR('',#5207,1.);
#5207 = DIRECTION('',(0.,0.258818986177,-0.965925842078));
#5208 = ORIENTED_EDGE('',*,*,#5209,.F.);
#5209 = EDGE_CURVE('',#5210,#5202,#5212,.T.);
#5210 = VERTEX_POINT('',#5211);
#5211 = CARTESIAN_POINT('',(19.897981028605,22.734425743561,
    -6.578223466517));
#5212 = LINE('',#5213,#5214);
#5213 = CARTESIAN_POINT('',(20.,22.734425743561,-6.578223466517));
#5214 = VECTOR('',#5215,1.);
#5215 = DIRECTION('',(-1.,-0.,-0.));
#5216 = ORIENTED_EDGE('',*,*,#5217,.F.);
#5217 = EDGE_CURVE('',#5218,#5210,#5220,.T.);
#5218 = VERTEX_POINT('',#5219);
#5219 = CARTESIAN_POINT('',(19.888123779902,22.619273075345,
    -6.148467753242));
#5220 = LINE('',#5221,#5222);
#5221 = CARTESIAN_POINT('',(19.811724975668,21.726780005401,
    -2.817637458029));
#5222 = VECTOR('',#5223,1.);
#5223 = DIRECTION('',(2.214987491759E-02,0.258755487896,-0.965688863209)
  );
#5224 = ORIENTED_EDGE('',*,*,#5225,.F.);
#5225 = EDGE_CURVE('',#5056,#5218,#5226,.T.);
#5226 = LINE('',#5227,#5228);
#5227 = CARTESIAN_POINT('',(19.784257571056,22.619273075345,
    -6.148467753242));
#5228 = VECTOR('',#5229,1.);
#5229 = DIRECTION('',(-1.,-4.540931835469E-17,1.694699245903E-16));
#5230 = PLANE('',#5231);
#5231 = AXIS2_PLACEMENT_3D('',#5232,#5233,#5234);
#5232 = CARTESIAN_POINT('',(20.,19.9,4.));
#5233 = DIRECTION('',(0.,-0.965925842078,-0.258818986177));
#5234 = DIRECTION('',(0.,0.258818986177,-0.965925842078));
#5235 = ADVANCED_FACE('',(#5236),#5278,.F.);
#5236 = FACE_BOUND('',#5237,.F.);
#5237 = EDGE_LOOP('',(#5238,#5239,#5247,#5255,#5263,#5271,#5277));
#5238 = ORIENTED_EDGE('',*,*,#5030,.T.);
#5239 = ORIENTED_EDGE('',*,*,#5240,.T.);
#5240 = EDGE_CURVE('',#5031,#5241,#5243,.T.);
#5241 = VERTEX_POINT('',#5242);
#5242 = CARTESIAN_POINT('',(18.,16.9,0.));
#5243 = LINE('',#5244,#5245);
#5244 = CARTESIAN_POINT('',(20.,16.9,0.));
#5245 = VECTOR('',#5246,1.);
#5246 = DIRECTION('',(-1.,0.,0.));
#5247 = ORIENTED_EDGE('',*,*,#5248,.T.);
#5248 = EDGE_CURVE('',#5241,#5249,#5251,.T.);
#5249 = VERTEX_POINT('',#5250);
#5250 = CARTESIAN_POINT('',(0.819232,16.9,0.));
#5251 = LINE('',#5252,#5253);
#5252 = CARTESIAN_POINT('',(20.,16.9,0.));
#5253 = VECTOR('',#5254,1.);
#5254 = DIRECTION('',(-1.,0.,0.));
#5255 = ORIENTED_EDGE('',*,*,#5256,.T.);
#5256 = EDGE_CURVE('',#5249,#5257,#5259,.T.);
#5257 = VERTEX_POINT('',#5258);
#5258 = CARTESIAN_POINT('',(0.819232,14.399999999943,0.));
#5259 = LINE('',#5260,#5261);
#5260 = CARTESIAN_POINT('',(0.819232,16.9,0.));
#5261 = VECTOR('',#5262,1.);
#5262 = DIRECTION('',(0.,-1.,0.));
#5263 = ORIENTED_EDGE('',*,*,#5264,.T.);
#5264 = EDGE_CURVE('',#5257,#5265,#5267,.T.);
#5265 = VERTEX_POINT('',#5266);
#5266 = CARTESIAN_POINT('',(17.5,14.399999999943,0.));
#5267 = LINE('',#5268,#5269);
#5268 = CARTESIAN_POINT('',(0.819232,14.399999999943,0.));
#5269 = VECTOR('',#5270,1.);
#5270 = DIRECTION('',(1.,0.,0.));
#5271 = ORIENTED_EDGE('',*,*,#5272,.F.);
#5272 = EDGE_CURVE('',#5177,#5265,#5273,.T.);
#5273 = LINE('',#5274,#5275);
#5274 = CARTESIAN_POINT('',(17.5,-2.348151685405,0.));
#5275 = VECTOR('',#5276,1.);
#5276 = DIRECTION('',(0.,1.,0.));
#5277 = ORIENTED_EDGE('',*,*,#5176,.F.);
#5278 = PLANE('',#5279);
#5279 = AXIS2_PLACEMENT_3D('',#5280,#5281,#5282);
#5280 = CARTESIAN_POINT('',(14.04453384865,10.910846501648,0.));
#5281 = DIRECTION('',(0.,0.,1.));
#5282 = DIRECTION('',(1.,0.,0.));
#5283 = ADVANCED_FACE('',(#5284),#5302,.F.);
#5284 = FACE_BOUND('',#5285,.F.);
#5285 = EDGE_LOOP('',(#5286,#5294,#5300,#5301));
#5286 = ORIENTED_EDGE('',*,*,#5287,.F.);
#5287 = EDGE_CURVE('',#5288,#5218,#5290,.T.);
#5288 = VERTEX_POINT('',#5289);
#5289 = CARTESIAN_POINT('',(19.230463195155,18.498119327294,
    -6.651561572961));
#5290 = LINE('',#5291,#5292);
#5291 = CARTESIAN_POINT('',(18.4,13.294118070852,-7.286845046955));
#5292 = VECTOR('',#5293,1.);
#5293 = DIRECTION('',(0.156454956838,0.980406834056,0.119684110125));
#5294 = ORIENTED_EDGE('',*,*,#5295,.F.);
#5295 = EDGE_CURVE('',#5047,#5288,#5296,.T.);
#5296 = LINE('',#5297,#5298);
#5297 = CARTESIAN_POINT('',(19.305153975213,18.498119327294,
    -6.651561572961));
#5298 = VECTOR('',#5299,1.);
#5299 = DIRECTION('',(-1.,-0.,-0.));
#5300 = ORIENTED_EDGE('',*,*,#5055,.F.);
#5301 = ORIENTED_EDGE('',*,*,#5225,.T.);
#5302 = PLANE('',#5303);
#5303 = AXIS2_PLACEMENT_3D('',#5304,#5305,#5306);
#5304 = CARTESIAN_POINT('',(19.568515142112,17.941425698832,
    -6.719520484731));
#5305 = DIRECTION('',(1.737236362057E-16,-0.12117638583,0.992630990609)
  );
#5306 = DIRECTION('',(-3.08148791102E-33,0.992630990609,0.12117638583));
#5307 = ADVANCED_FACE('',(#5308),#5326,.T.);
#5308 = FACE_BOUND('',#5309,.T.);
#5309 = EDGE_LOOP('',(#5310,#5311,#5312,#5320));
#5310 = ORIENTED_EDGE('',*,*,#5038,.F.);
#5311 = ORIENTED_EDGE('',*,*,#5240,.T.);
#5312 = ORIENTED_EDGE('',*,*,#5313,.T.);
#5313 = EDGE_CURVE('',#5241,#5314,#5316,.T.);
#5314 = VERTEX_POINT('',#5315);
#5315 = CARTESIAN_POINT('',(18.,18.364642364393,-5.466121052659));
#5316 = LINE('',#5317,#5318);
#5317 = CARTESIAN_POINT('',(18.,16.9,0.));
#5318 = VECTOR('',#5319,1.);
#5319 = DIRECTION('',(0.,0.258818986177,-0.965925842078));
#5320 = ORIENTED_EDGE('',*,*,#5321,.F.);
#5321 = EDGE_CURVE('',#5039,#5314,#5322,.T.);
#5322 = LINE('',#5323,#5324);
#5323 = CARTESIAN_POINT('',(19.305153975213,18.364642364393,
    -5.466121052659));
#5324 = VECTOR('',#5325,1.);
#5325 = DIRECTION('',(-1.,-0.,-0.));
#5326 = PLANE('',#5327);
#5327 = AXIS2_PLACEMENT_3D('',#5328,#5329,#5330);
#5328 = CARTESIAN_POINT('',(20.,16.9,0.));
#5329 = DIRECTION('',(0.,-0.965925842078,-0.258818986177));
#5330 = DIRECTION('',(0.,0.258818986177,-0.965925842078));
#5331 = ADVANCED_FACE('',(#5332),#5361,.F.);
#5332 = FACE_BOUND('',#5333,.F.);
#5333 = EDGE_LOOP('',(#5334,#5335,#5336,#5345,#5353,#5360));
#5334 = ORIENTED_EDGE('',*,*,#5046,.T.);
#5335 = ORIENTED_EDGE('',*,*,#5295,.T.);
#5336 = ORIENTED_EDGE('',*,*,#5337,.T.);
#5337 = EDGE_CURVE('',#5288,#5338,#5340,.T.);
#5338 = VERTEX_POINT('',#5339);
#5339 = CARTESIAN_POINT('',(18.812585954379,16.26069545637,
    -10.09350740776));
#5340 = ELLIPSE('',#5341,4.049873812087,4.);
#5341 = AXIS2_PLACEMENT_3D('',#5342,#5343,#5344);
#5342 = CARTESIAN_POINT('',(18.604835309253,14.50093899608,
    -6.501396997367));
#5343 = DIRECTION('',(-0.987685094795,0.155302038792,1.895864621479E-02)
  );
#5344 = DIRECTION('',(-0.156454956838,-0.980406834056,-0.119684110125));
#5345 = ORIENTED_EDGE('',*,*,#5346,.T.);
#5346 = EDGE_CURVE('',#5338,#5347,#5349,.T.);
#5347 = VERTEX_POINT('',#5348);
#5348 = CARTESIAN_POINT('',(18.,16.26069545637,-10.09350740776));
#5349 = LINE('',#5350,#5351);
#5350 = CARTESIAN_POINT('',(19.305153975213,16.26069545637,
    -10.09350740776));
#5351 = VECTOR('',#5352,1.);
#5352 = DIRECTION('',(-1.,-0.,-0.));
#5353 = ORIENTED_EDGE('',*,*,#5354,.F.);
#5354 = EDGE_CURVE('',#5314,#5347,#5355,.T.);
#5355 = CIRCLE('',#5356,4.);
#5356 = AXIS2_PLACEMENT_3D('',#5357,#5358,#5359);
#5357 = CARTESIAN_POINT('',(18.,14.50093899608,-6.501396997367));
#5358 = DIRECTION('',(-1.,-0.,-0.));
#5359 = DIRECTION('',(0.,0.,-1.));
#5360 = ORIENTED_EDGE('',*,*,#5321,.F.);
#5361 = CYLINDRICAL_SURFACE('',#5362,4.);
#5362 = AXIS2_PLACEMENT_3D('',#5363,#5364,#5365);
#5363 = CARTESIAN_POINT('',(19.305153975213,14.50093899608,
    -6.501396997367));
#5364 = DIRECTION('',(-1.,-0.,-0.));
#5365 = DIRECTION('',(0.,0.965925842078,0.258818986177));
#5366 = ADVANCED_FACE('',(#5367),#5384,.T.);
#5367 = FACE_BOUND('',#5368,.T.);
#5368 = EDGE_LOOP('',(#5369,#5375,#5376,#5382,#5383));
#5369 = ORIENTED_EDGE('',*,*,#5370,.T.);
#5370 = EDGE_CURVE('',#5134,#5249,#5371,.T.);
#5371 = LINE('',#5372,#5373);
#5372 = CARTESIAN_POINT('',(0.819232,16.9,4.));
#5373 = VECTOR('',#5374,1.);
#5374 = DIRECTION('',(-0.,-0.,-1.));
#5375 = ORIENTED_EDGE('',*,*,#5256,.T.);
#5376 = ORIENTED_EDGE('',*,*,#5377,.F.);
#5377 = EDGE_CURVE('',#5096,#5257,#5378,.T.);
#5378 = LINE('',#5379,#5380);
#5379 = CARTESIAN_POINT('',(0.819232,14.399999999943,4.));
#5380 = VECTOR('',#5381,1.);
#5381 = DIRECTION('',(-0.,-0.,-1.));
#5382 = ORIENTED_EDGE('',*,*,#5095,.F.);
#5383 = ORIENTED_EDGE('',*,*,#5133,.T.);
#5384 = PLANE('',#5385);
#5385 = AXIS2_PLACEMENT_3D('',#5386,#5387,#5388);
#5386 = CARTESIAN_POINT('',(0.819232,16.9,4.));
#5387 = DIRECTION('',(-1.,0.,0.));
#5388 = DIRECTION('',(0.,-1.,0.));
#5389 = ADVANCED_FACE('',(#5390),#5401,.F.);
#5390 = FACE_BOUND('',#5391,.F.);
#5391 = EDGE_LOOP('',(#5392,#5393,#5394,#5400));
#5392 = ORIENTED_EDGE('',*,*,#5184,.T.);
#5393 = ORIENTED_EDGE('',*,*,#5272,.T.);
#5394 = ORIENTED_EDGE('',*,*,#5395,.F.);
#5395 = EDGE_CURVE('',#5104,#5265,#5396,.T.);
#5396 = LINE('',#5397,#5398);
#5397 = CARTESIAN_POINT('',(17.5,14.399999999943,4.));
#5398 = VECTOR('',#5399,1.);
#5399 = DIRECTION('',(-0.,-0.,-1.));
#5400 = ORIENTED_EDGE('',*,*,#5111,.F.);
#5401 = PLANE('',#5402);
#5402 = AXIS2_PLACEMENT_3D('',#5403,#5404,#5405);
#5403 = CARTESIAN_POINT('',(17.5,-2.348151685405,4.));
#5404 = DIRECTION('',(1.,0.,0.));
#5405 = DIRECTION('',(0.,1.,0.));
#5406 = ADVANCED_FACE('',(#5407),#5413,.T.);
#5407 = FACE_BOUND('',#5408,.T.);
#5408 = EDGE_LOOP('',(#5409,#5410,#5411,#5412));
#5409 = ORIENTED_EDGE('',*,*,#5377,.T.);
#5410 = ORIENTED_EDGE('',*,*,#5264,.T.);
#5411 = ORIENTED_EDGE('',*,*,#5395,.F.);
#5412 = ORIENTED_EDGE('',*,*,#5103,.F.);
#5413 = PLANE('',#5414);
#5414 = AXIS2_PLACEMENT_3D('',#5415,#5416,#5417);
#5415 = CARTESIAN_POINT('',(0.819232,14.399999999943,4.));
#5416 = DIRECTION('',(0.,-1.,0.));
#5417 = DIRECTION('',(1.,0.,0.));
#5418 = ADVANCED_FACE('',(#5419),#5430,.T.);
#5419 = FACE_BOUND('',#5420,.T.);
#5420 = EDGE_LOOP('',(#5421,#5422,#5423,#5429));
#5421 = ORIENTED_EDGE('',*,*,#5370,.F.);
#5422 = ORIENTED_EDGE('',*,*,#5161,.T.);
#5423 = ORIENTED_EDGE('',*,*,#5424,.T.);
#5424 = EDGE_CURVE('',#5153,#5241,#5425,.T.);
#5425 = LINE('',#5426,#5427);
#5426 = CARTESIAN_POINT('',(18.,16.9,4.));
#5427 = VECTOR('',#5428,1.);
#5428 = DIRECTION('',(0.,0.,-1.));
#5429 = ORIENTED_EDGE('',*,*,#5248,.T.);
#5430 = PLANE('',#5431);
#5431 = AXIS2_PLACEMENT_3D('',#5432,#5433,#5434);
#5432 = CARTESIAN_POINT('',(20.,16.9,4.));
#5433 = DIRECTION('',(0.,1.,0.));
#5434 = DIRECTION('',(-1.,0.,0.));
#5435 = ADVANCED_FACE('',(#5436),#5474,.F.);
#5436 = FACE_BOUND('',#5437,.F.);
#5437 = EDGE_LOOP('',(#5438,#5439,#5440,#5441,#5449,#5457,#5465,#5472,
    #5473));
#5438 = ORIENTED_EDGE('',*,*,#5424,.T.);
#5439 = ORIENTED_EDGE('',*,*,#5313,.T.);
#5440 = ORIENTED_EDGE('',*,*,#5354,.T.);
#5441 = ORIENTED_EDGE('',*,*,#5442,.T.);
#5442 = EDGE_CURVE('',#5347,#5443,#5445,.T.);
#5443 = VERTEX_POINT('',#5444);
#5444 = CARTESIAN_POINT('',(18.,13.9,-11.25));
#5445 = LINE('',#5446,#5447);
#5446 = CARTESIAN_POINT('',(18.,19.216541715739,-8.645453490629));
#5447 = VECTOR('',#5448,1.);
#5448 = DIRECTION('',(0.,-0.898027602599,-0.439939115072));
#5449 = ORIENTED_EDGE('',*,*,#5450,.T.);
#5450 = EDGE_CURVE('',#5443,#5451,#5453,.T.);
#5451 = VERTEX_POINT('',#5452);
#5452 = CARTESIAN_POINT('',(18.,13.9,-12.25));
#5453 = LINE('',#5454,#5455);
#5454 = CARTESIAN_POINT('',(18.,13.9,-11.25));
#5455 = VECTOR('',#5456,1.);
#5456 = DIRECTION('',(0.,0.,-1.));
#5457 = ORIENTED_EDGE('',*,*,#5458,.F.);
#5458 = EDGE_CURVE('',#5459,#5451,#5461,.T.);
#5459 = VERTEX_POINT('',#5460);
#5460 = CARTESIAN_POINT('',(18.,19.355427918567,-11.58402337366));
#5461 = LINE('',#5462,#5463);
#5462 = CARTESIAN_POINT('',(18.,23.926214357098,-11.02604020946));
#5463 = VECTOR('',#5464,1.);
#5464 = DIRECTION('',(0.,-0.992630990609,-0.12117638583));
#5465 = ORIENTED_EDGE('',*,*,#5466,.F.);
#5466 = EDGE_CURVE('',#5202,#5459,#5467,.T.);
#5467 = CIRCLE('',#5468,4.);
#5468 = AXIS2_PLACEMENT_3D('',#5469,#5470,#5471);
#5469 = CARTESIAN_POINT('',(18.,18.870722375248,-7.613499411224));
#5470 = DIRECTION('',(-1.,-0.,-0.));
#5471 = DIRECTION('',(0.,0.,-1.));
#5472 = ORIENTED_EDGE('',*,*,#5201,.F.);
#5473 = ORIENTED_EDGE('',*,*,#5152,.F.);
#5474 = PLANE('',#5475);
#5475 = AXIS2_PLACEMENT_3D('',#5476,#5477,#5478);
#5476 = CARTESIAN_POINT('',(18.,19.128883909953,-5.389399192657));
#5477 = DIRECTION('',(1.,0.,0.));
#5478 = DIRECTION('',(0.,0.,1.));
#5479 = ADVANCED_FACE('',(#5480),#5516,.F.);
#5480 = FACE_BOUND('',#5481,.F.);
#5481 = EDGE_LOOP('',(#5482,#5492,#5500,#5506,#5507,#5508,#5509));
#5482 = ORIENTED_EDGE('',*,*,#5483,.F.);
#5483 = EDGE_CURVE('',#5484,#5486,#5488,.T.);
#5484 = VERTEX_POINT('',#5485);
#5485 = CARTESIAN_POINT('',(18.4,13.9,-12.25));
#5486 = VERTEX_POINT('',#5487);
#5487 = CARTESIAN_POINT('',(19.270586281005,19.355427918567,
    -11.58402337366));
#5488 = LINE('',#5489,#5490);
#5489 = CARTESIAN_POINT('',(18.4,13.9,-12.25));
#5490 = VECTOR('',#5491,1.);
#5491 = DIRECTION('',(0.156454956838,0.980406834056,0.119684110125));
#5492 = ORIENTED_EDGE('',*,*,#5493,.F.);
#5493 = EDGE_CURVE('',#5494,#5484,#5496,.T.);
#5494 = VERTEX_POINT('',#5495);
#5495 = CARTESIAN_POINT('',(18.419195031204,13.9,-11.25));
#5496 = LINE('',#5497,#5498);
#5497 = CARTESIAN_POINT('',(18.409888631522,13.9,-11.73483378762));
#5498 = VECTOR('',#5499,1.);
#5499 = DIRECTION('',(-1.919149598419E-02,-0.,-0.999815826281));
#5500 = ORIENTED_EDGE('',*,*,#5501,.F.);
#5501 = EDGE_CURVE('',#5338,#5494,#5502,.T.);
#5502 = LINE('',#5503,#5504);
#5503 = CARTESIAN_POINT('',(18.837377144507,16.409464648654,
    -10.02062614374));
#5504 = VECTOR('',#5505,1.);
#5505 = DIRECTION('',(-0.148001027528,-0.888137810612,-0.435094156719));
#5506 = ORIENTED_EDGE('',*,*,#5337,.F.);
#5507 = ORIENTED_EDGE('',*,*,#5287,.T.);
#5508 = ORIENTED_EDGE('',*,*,#5217,.T.);
#5509 = ORIENTED_EDGE('',*,*,#5510,.T.);
#5510 = EDGE_CURVE('',#5210,#5486,#5511,.T.);
#5511 = ELLIPSE('',#5512,4.049873812087,4.);
#5512 = AXIS2_PLACEMENT_3D('',#5513,#5514,#5515);
#5513 = CARTESIAN_POINT('',(19.270586281005,18.870722375248,
    -7.613499411224));
#5514 = DIRECTION('',(-0.987685094795,0.155302038792,1.895864621479E-02)
  );
#5515 = DIRECTION('',(-0.156454956838,-0.980406834056,-0.119684110125));
#5516 = PLANE('',#5517);
#5517 = AXIS2_PLACEMENT_3D('',#5518,#5519,#5520);
#5518 = CARTESIAN_POINT('',(18.4,13.9,-12.25));
#5519 = DIRECTION('',(-0.987685094795,0.155302038792,1.895864621479E-02)
  );
#5520 = DIRECTION('',(0.156454956838,0.980406834056,0.119684110125));
#5521 = ADVANCED_FACE('',(#5522),#5533,.T.);
#5522 = FACE_BOUND('',#5523,.T.);
#5523 = EDGE_LOOP('',(#5524,#5525,#5531,#5532));
#5524 = ORIENTED_EDGE('',*,*,#5510,.T.);
#5525 = ORIENTED_EDGE('',*,*,#5526,.T.);
#5526 = EDGE_CURVE('',#5486,#5459,#5527,.T.);
#5527 = LINE('',#5528,#5529);
#5528 = CARTESIAN_POINT('',(20.,19.355427918567,-11.58402337366));
#5529 = VECTOR('',#5530,1.);
#5530 = DIRECTION('',(-1.,-0.,-0.));
#5531 = ORIENTED_EDGE('',*,*,#5466,.F.);
#5532 = ORIENTED_EDGE('',*,*,#5209,.F.);
#5533 = CYLINDRICAL_SURFACE('',#5534,4.);
#5534 = AXIS2_PLACEMENT_3D('',#5535,#5536,#5537);
#5535 = CARTESIAN_POINT('',(20.,18.870722375248,-7.613499411224));
#5536 = DIRECTION('',(-1.,-0.,-0.));
#5537 = DIRECTION('',(0.,0.965925842078,0.258818986177));
#5538 = ADVANCED_FACE('',(#5539),#5550,.T.);
#5539 = FACE_BOUND('',#5540,.T.);
#5540 = EDGE_LOOP('',(#5541,#5542,#5543,#5544));
#5541 = ORIENTED_EDGE('',*,*,#5501,.F.);
#5542 = ORIENTED_EDGE('',*,*,#5346,.T.);
#5543 = ORIENTED_EDGE('',*,*,#5442,.T.);
#5544 = ORIENTED_EDGE('',*,*,#5545,.F.);
#5545 = EDGE_CURVE('',#5494,#5443,#5546,.T.);
#5546 = LINE('',#5547,#5548);
#5547 = CARTESIAN_POINT('',(20.,13.9,-11.25));
#5548 = VECTOR('',#5549,1.);
#5549 = DIRECTION('',(-1.,-0.,-0.));
#5550 = PLANE('',#5551);
#5551 = AXIS2_PLACEMENT_3D('',#5552,#5553,#5554);
#5552 = CARTESIAN_POINT('',(20.,19.216541715739,-8.645453490629));
#5553 = DIRECTION('',(0.,-0.439939115072,0.898027602599));
#5554 = DIRECTION('',(0.,-0.898027602599,-0.439939115072));
#5555 = ADVANCED_FACE('',(#5556),#5567,.F.);
#5556 = FACE_BOUND('',#5557,.F.);
#5557 = EDGE_LOOP('',(#5558,#5559,#5560,#5561));
#5558 = ORIENTED_EDGE('',*,*,#5483,.T.);
#5559 = ORIENTED_EDGE('',*,*,#5526,.T.);
#5560 = ORIENTED_EDGE('',*,*,#5458,.T.);
#5561 = ORIENTED_EDGE('',*,*,#5562,.F.);
#5562 = EDGE_CURVE('',#5484,#5451,#5563,.T.);
#5563 = LINE('',#5564,#5565);
#5564 = CARTESIAN_POINT('',(20.,13.9,-12.25));
#5565 = VECTOR('',#5566,1.);
#5566 = DIRECTION('',(-1.,-0.,-0.));
#5567 = PLANE('',#5568);
#5568 = AXIS2_PLACEMENT_3D('',#5569,#5570,#5571);
#5569 = CARTESIAN_POINT('',(20.,23.926214357098,-11.02604020946));
#5570 = DIRECTION('',(0.,-0.12117638583,0.992630990609));
#5571 = DIRECTION('',(0.,-0.992630990609,-0.12117638583));
#5572 = ADVANCED_FACE('',(#5573),#5579,.T.);
#5573 = FACE_BOUND('',#5574,.T.);
#5574 = EDGE_LOOP('',(#5575,#5576,#5577,#5578));
#5575 = ORIENTED_EDGE('',*,*,#5493,.F.);
#5576 = ORIENTED_EDGE('',*,*,#5545,.T.);
#5577 = ORIENTED_EDGE('',*,*,#5450,.T.);
#5578 = ORIENTED_EDGE('',*,*,#5562,.F.);
#5579 = PLANE('',#5580);
#5580 = AXIS2_PLACEMENT_3D('',#5581,#5582,#5583);
#5581 = CARTESIAN_POINT('',(20.,13.9,-11.25));
#5582 = DIRECTION('',(0.,-1.,0.));
#5583 = DIRECTION('',(0.,0.,-1.));
#5584 = ( GEOMETRIC_REPRESENTATION_CONTEXT(3) 
GLOBAL_UNCERTAINTY_ASSIGNED_CONTEXT((#5588)) 
GLOBAL_UNIT_ASSIGNED_CONTEXT((#5585,#5586,#5587)) REPRESENTATION_CONTEXT
('Context #1','3D Context with UNIT and UNCERTAINTY') );
#5585 = ( LENGTH_UNIT() NAMED_UNIT(*) SI_UNIT(.MILLI.,.METRE.) );
#5586 = ( NAMED_UNIT(*) PLANE_ANGLE_UNIT() SI_UNIT($,.RADIAN.) );
#5587 = ( NAMED_UNIT(*) SI_UNIT($,.STERADIAN.) SOLID_ANGLE_UNIT() );
#5588 = UNCERTAINTY_MEASURE_WITH_UNIT(LENGTH_MEASURE(5.E-06),#5585,
  'distance_accuracy_value','confusion accuracy');
#5589 = CONTEXT_DEPENDENT_SHAPE_REPRESENTATION(#5590,#5592);
#5590 = ( REPRESENTATION_RELATIONSHIP('','',#5005,#10) 
REPRESENTATION_RELATIONSHIP_WITH_TRANSFORMATION(#5591) 
SHAPE_REPRESENTATION_RELATIONSHIP() );
#5591 = ITEM_DEFINED_TRANSFORMATION('','',#11,#19);
#5592 = PRODUCT_DEFINITION_SHAPE('Placement','Placement of an item',
  #5593);
#5593 = NEXT_ASSEMBLY_USAGE_OCCURRENCE('8','Body013','',#5,#5000,$);
#5594 = PRODUCT_RELATED_PRODUCT_CATEGORY('part',$,(#5002));
#5595 = MECHANICAL_DESIGN_GEOMETRIC_PRESENTATION_REPRESENTATION('',(
    #5596),#5584);
#5596 = STYLED_ITEM('color',(#5597),#5006);
#5597 = PRESENTATION_STYLE_ASSIGNMENT((#5598,#5604));
#5598 = SURFACE_STYLE_USAGE(.BOTH.,#5599);
#5599 = SURFACE_SIDE_STYLE('',(#5600));
#5600 = SURFACE_STYLE_FILL_AREA(#5601);
#5601 = FILL_AREA_STYLE('',(#5602));
#5602 = FILL_AREA_STYLE_COLOUR('',#5603);
#5603 = COLOUR_RGB('',0.447058818107,0.474509808674,0.501960817233);
#5604 = CURVE_STYLE('',#5605,POSITIVE_LENGTH_MEASURE(0.1),#5606);
#5605 = DRAUGHTING_PRE_DEFINED_CURVE_FONT('continuous');
#5606 = COLOUR_RGB('',9.803921802644E-02,9.803921802644E-02,
  9.803921802644E-02);
#5607 = MECHANICAL_DESIGN_GEOMETRIC_PRESENTATION_REPRESENTATION('',(
    #5608),#4987);
#5608 = STYLED_ITEM('color',(#5609),#37);
#5609 = PRESENTATION_STYLE_ASSIGNMENT((#5610,#5615));
#5610 = SURFACE_STYLE_USAGE(.BOTH.,#5611);
#5611 = SURFACE_SIDE_STYLE('',(#5612));
#5612 = SURFACE_STYLE_FILL_AREA(#5613);
#5613 = FILL_AREA_STYLE('',(#5614));
#5614 = FILL_AREA_STYLE_COLOUR('',#5603);
#5615 = CURVE_STYLE('',#5616,POSITIVE_LENGTH_MEASURE(0.1),#5606);
#5616 = DRAUGHTING_PRE_DEFINED_CURVE_FONT('continuous');
ENDSEC;
END-ISO-10303-21;
