ISO-10303-21;
HEADER;
FILE_DESCRIPTION(('FreeCAD Model'),'2;1');
FILE_NAME('Open CASCADE Shape Model','2026-08-25T23:29:24',(''),(''),
  'Open CASCADE STEP processor 7.8','FreeCAD','Unknown');
FILE_SCHEMA(('AUTOMOTIVE_DESIGN { 1 0 10303 214 1 1 1 1 }'));
ENDSEC;
DATA;
#1 = APPLICATION_PROTOCOL_DEFINITION('international standard',
  'automotive_design',2000,#2);
#2 = APPLICATION_CONTEXT(
  'core data for automotive mechanical design processes');
#3 = SHAPE_DEFINITION_REPRESENTATION(#4,#10);
#4 = PRODUCT_DEFINITION_SHAPE('','',#5);
#5 = PRODUCT_DEFINITION('design','',#6,#9);
#6 = PRODUCT_DEFINITION_FORMATION('','',#7);
#7 = PRODUCT('wheel_exp4_qre1113v3','wheel_exp4_qre1113v3','',(#8));
#8 = PRODUCT_CONTEXT('',#2,'mechanical');
#9 = PRODUCT_DEFINITION_CONTEXT('part definition',#2,'design');
#10 = SHAPE_REPRESENTATION('',(#11,#15,#19),#23);
#11 = AXIS2_PLACEMENT_3D('',#12,#13,#14);
#12 = CARTESIAN_POINT('',(0.,0.,0.));
#13 = DIRECTION('',(0.,0.,1.));
#14 = DIRECTION('',(1.,0.,-0.));
#15 = AXIS2_PLACEMENT_3D('',#16,#17,#18);
#16 = CARTESIAN_POINT('',(0.,0.,0.));
#17 = DIRECTION('',(0.,0.,1.));
#18 = DIRECTION('',(1.,0.,0.));
#19 = AXIS2_PLACEMENT_3D('',#20,#21,#22);
#20 = CARTESIAN_POINT('',(0.,0.,0.));
#21 = DIRECTION('',(0.,0.,1.));
#22 = DIRECTION('',(1.,0.,0.));
#23 = ( GEOMETRIC_REPRESENTATION_CONTEXT(3) 
GLOBAL_UNCERTAINTY_ASSIGNED_CONTEXT((#27)) GLOBAL_UNIT_ASSIGNED_CONTEXT(
(#24,#25,#26)) REPRESENTATION_CONTEXT('Context #1',
  '3D Context with UNIT and UNCERTAINTY') );
#24 = ( LENGTH_UNIT() NAMED_UNIT(*) SI_UNIT(.MILLI.,.METRE.) );
#25 = ( NAMED_UNIT(*) PLANE_ANGLE_UNIT() SI_UNIT($,.RADIAN.) );
#26 = ( NAMED_UNIT(*) SI_UNIT($,.STERADIAN.) SOLID_ANGLE_UNIT() );
#27 = UNCERTAINTY_MEASURE_WITH_UNIT(LENGTH_MEASURE(5.E-05),#24,
  'distance_accuracy_value','confusion accuracy');
#28 = PRODUCT_RELATED_PRODUCT_CATEGORY('part',$,(#7));
#29 = SHAPE_DEFINITION_REPRESENTATION(#30,#36);
#30 = PRODUCT_DEFINITION_SHAPE('','',#31);
#31 = PRODUCT_DEFINITION('design','',#32,#35);
#32 = PRODUCT_DEFINITION_FORMATION('','',#33);
#33 = PRODUCT('Main','Main','',(#34));
#34 = PRODUCT_CONTEXT('',#2,'mechanical');
#35 = PRODUCT_DEFINITION_CONTEXT('part definition',#2,'design');
#36 = ADVANCED_BREP_SHAPE_REPRESENTATION('',(#11,#37),#5046);
#37 = MANIFOLD_SOLID_BREP('',#38);
#38 = CLOSED_SHELL('',(#39,#73,#98,#141,#172,#213,#244,#308,#339,#363,
    #387,#569,#593,#617,#770,#790,#959,#984,#1001,#1025,#1066,#1091,
    #1115,#1314,#1353,#1370,#1387,#1428,#1469,#1486,#1517,#1541,#1565,
    #1644,#1668,#1740,#1757,#1774,#1799,#1824,#1865,#1882,#1899,#1916,
    #1933,#1950,#1999,#2023,#2047,#2071,#2095,#2119,#2143,#2167,#2191,
    #2215,#2239,#2383,#2400,#2412,#2436,#2635,#2668,#2693,#2717,#2741,
    #2765,#2789,#2813,#2837,#2861,#2885,#2909,#2926,#2943,#2955,#3006,
    #3022,#3039,#3050,#3066,#3083,#3094,#3114,#3134,#3151,#3168,#3195,
    #3217,#3250,#3306,#3330,#3386,#3417,#3429,#3460,#3484,#3508,#3525,
    #3556,#3580,#3604,#3621,#3645,#3669,#3700,#3724,#3748,#3772,#3812,
    #3836,#3875,#3892,#3933,#3957,#3997,#4021,#4045,#4069,#4093,#4140,
    #4157,#4174,#4191,#4209,#4384,#4401,#4438,#4456,#4468,#4480,#4492,
    #4509,#4530,#4542,#4573,#4597,#4621,#4638,#4669,#4693,#4717,#4734,
    #4765,#4789,#4813,#4830,#4861,#4885,#4909,#4926,#4943,#4960,#4972,
    #4984,#4996,#5008,#5020));
#39 = ADVANCED_FACE('',(#40),#68,.F.);
#40 = FACE_BOUND('',#41,.F.);
#41 = EDGE_LOOP('',(#42,#51,#60,#67));
#42 = ORIENTED_EDGE('',*,*,#43,.T.);
#43 = EDGE_CURVE('',#44,#44,#46,.T.);
#44 = VERTEX_POINT('',#45);
#45 = CARTESIAN_POINT('',(13.9,-2.312039448782E-15,-20.825));
#46 = CIRCLE('',#47,13.9);
#47 = AXIS2_PLACEMENT_3D('',#48,#49,#50);
#48 = CARTESIAN_POINT('',(0.,-4.624078897564E-15,-20.825));
#49 = DIRECTION('',(-0.,2.22044604925E-16,1.));
#50 = DIRECTION('',(0.,-1.,2.22044604925E-16));
#51 = ORIENTED_EDGE('',*,*,#52,.T.);
#52 = EDGE_CURVE('',#44,#53,#55,.T.);
#53 = VERTEX_POINT('',#54);
#54 = CARTESIAN_POINT('',(13.9,-2.395306175629E-15,-21.575));
#55 = CIRCLE('',#56,0.375);
#56 = AXIS2_PLACEMENT_3D('',#57,#58,#59);
#57 = CARTESIAN_POINT('',(13.9,-4.707345624411E-15,-21.2));
#58 = DIRECTION('',(0.,-1.,2.22044604925E-16));
#59 = DIRECTION('',(1.,0.,0.));
#60 = ORIENTED_EDGE('',*,*,#61,.F.);
#61 = EDGE_CURVE('',#53,#53,#62,.T.);
#62 = CIRCLE('',#63,13.9);
#63 = AXIS2_PLACEMENT_3D('',#64,#65,#66);
#64 = CARTESIAN_POINT('',(0.,-4.790612351258E-15,-21.575));
#65 = DIRECTION('',(-0.,2.22044604925E-16,1.));
#66 = DIRECTION('',(0.,-1.,2.22044604925E-16));
#67 = ORIENTED_EDGE('',*,*,#52,.F.);
#68 = TOROIDAL_SURFACE('',#69,13.9,0.375);
#69 = AXIS2_PLACEMENT_3D('',#70,#71,#72);
#70 = CARTESIAN_POINT('',(0.,-4.707345624411E-15,-21.2));
#71 = DIRECTION('',(0.,2.22044604925E-16,1.));
#72 = DIRECTION('',(1.,0.,0.));
#73 = ADVANCED_FACE('',(#74),#93,.T.);
#74 = FACE_BOUND('',#75,.T.);
#75 = EDGE_LOOP('',(#76,#77,#85,#92));
#76 = ORIENTED_EDGE('',*,*,#61,.F.);
#77 = ORIENTED_EDGE('',*,*,#78,.T.);
#78 = EDGE_CURVE('',#53,#79,#81,.T.);
#79 = VERTEX_POINT('',#80);
#80 = CARTESIAN_POINT('',(13.9,0.,-24.5));
#81 = LINE('',#82,#83);
#82 = CARTESIAN_POINT('',(13.9,0.,0.));
#83 = VECTOR('',#84,1.);
#84 = DIRECTION('',(-0.,-0.,-1.));
#85 = ORIENTED_EDGE('',*,*,#86,.T.);
#86 = EDGE_CURVE('',#79,#79,#87,.T.);
#87 = CIRCLE('',#88,13.9);
#88 = AXIS2_PLACEMENT_3D('',#89,#90,#91);
#89 = CARTESIAN_POINT('',(0.,0.,-24.5));
#90 = DIRECTION('',(0.,0.,1.));
#91 = DIRECTION('',(1.,0.,0.));
#92 = ORIENTED_EDGE('',*,*,#78,.F.);
#93 = CYLINDRICAL_SURFACE('',#94,13.9);
#94 = AXIS2_PLACEMENT_3D('',#95,#96,#97);
#95 = CARTESIAN_POINT('',(0.,0.,0.));
#96 = DIRECTION('',(0.,0.,1.));
#97 = DIRECTION('',(1.,0.,0.));
#98 = ADVANCED_FACE('',(#99,#102),#136,.T.);
#99 = FACE_BOUND('',#100,.T.);
#100 = EDGE_LOOP('',(#101));
#101 = ORIENTED_EDGE('',*,*,#86,.F.);
#102 = FACE_BOUND('',#103,.T.);
#103 = EDGE_LOOP('',(#104,#114,#122,#130));
#104 = ORIENTED_EDGE('',*,*,#105,.F.);
#105 = EDGE_CURVE('',#106,#108,#110,.T.);
#106 = VERTEX_POINT('',#107);
#107 = CARTESIAN_POINT('',(-11.1,5.800000357628,-24.5));
#108 = VERTEX_POINT('',#109);
#109 = CARTESIAN_POINT('',(11.1,5.800000357628,-24.5));
#110 = LINE('',#111,#112);
#111 = CARTESIAN_POINT('',(-11.1,5.800000357628,-24.5));
#112 = VECTOR('',#113,1.);
#113 = DIRECTION('',(1.,0.,0.));
#114 = ORIENTED_EDGE('',*,*,#115,.F.);
#115 = EDGE_CURVE('',#116,#106,#118,.T.);
#116 = VERTEX_POINT('',#117);
#117 = CARTESIAN_POINT('',(-11.1,-5.800000357628,-24.5));
#118 = LINE('',#119,#120);
#119 = CARTESIAN_POINT('',(-11.1,-5.800000357628,-24.5));
#120 = VECTOR('',#121,1.);
#121 = DIRECTION('',(0.,1.,0.));
#122 = ORIENTED_EDGE('',*,*,#123,.F.);
#123 = EDGE_CURVE('',#124,#116,#126,.T.);
#124 = VERTEX_POINT('',#125);
#125 = CARTESIAN_POINT('',(11.1,-5.800000357628,-24.5));
#126 = LINE('',#127,#128);
#127 = CARTESIAN_POINT('',(11.1,-5.800000357628,-24.5));
#128 = VECTOR('',#129,1.);
#129 = DIRECTION('',(-1.,0.,0.));
#130 = ORIENTED_EDGE('',*,*,#131,.F.);
#131 = EDGE_CURVE('',#108,#124,#132,.T.);
#132 = LINE('',#133,#134);
#133 = CARTESIAN_POINT('',(11.1,5.800000357628,-24.5));
#134 = VECTOR('',#135,1.);
#135 = DIRECTION('',(0.,-1.,0.));
#136 = PLANE('',#137);
#137 = AXIS2_PLACEMENT_3D('',#138,#139,#140);
#138 = CARTESIAN_POINT('',(-1.18052385543E-15,2.195962200149E-16,-24.5)
  );
#139 = DIRECTION('',(-0.,-0.,-1.));
#140 = DIRECTION('',(-1.,0.,0.));
#141 = ADVANCED_FACE('',(#142),#167,.F.);
#142 = FACE_BOUND('',#143,.F.);
#143 = EDGE_LOOP('',(#144,#152,#160,#166));
#144 = ORIENTED_EDGE('',*,*,#145,.T.);
#145 = EDGE_CURVE('',#106,#146,#148,.T.);
#146 = VERTEX_POINT('',#147);
#147 = CARTESIAN_POINT('',(-11.1,5.800000357628,-20.3));
#148 = LINE('',#149,#150);
#149 = CARTESIAN_POINT('',(-11.1,5.800000357628,-24.5));
#150 = VECTOR('',#151,1.);
#151 = DIRECTION('',(0.,0.,1.));
#152 = ORIENTED_EDGE('',*,*,#153,.T.);
#153 = EDGE_CURVE('',#146,#154,#156,.T.);
#154 = VERTEX_POINT('',#155);
#155 = CARTESIAN_POINT('',(11.1,5.800000357628,-20.3));
#156 = LINE('',#157,#158);
#157 = CARTESIAN_POINT('',(-11.1,5.800000357628,-20.3));
#158 = VECTOR('',#159,1.);
#159 = DIRECTION('',(1.,0.,0.));
#160 = ORIENTED_EDGE('',*,*,#161,.F.);
#161 = EDGE_CURVE('',#108,#154,#162,.T.);
#162 = LINE('',#163,#164);
#163 = CARTESIAN_POINT('',(11.1,5.800000357628,-24.5));
#164 = VECTOR('',#165,1.);
#165 = DIRECTION('',(0.,0.,1.));
#166 = ORIENTED_EDGE('',*,*,#105,.F.);
#167 = PLANE('',#168);
#168 = AXIS2_PLACEMENT_3D('',#169,#170,#171);
#169 = CARTESIAN_POINT('',(-11.1,5.800000357628,-24.5));
#170 = DIRECTION('',(0.,1.,0.));
#171 = DIRECTION('',(1.,0.,0.));
#172 = ADVANCED_FACE('',(#173),#208,.T.);
#173 = FACE_BOUND('',#174,.T.);
#174 = EDGE_LOOP('',(#175,#185,#194,#202));
#175 = ORIENTED_EDGE('',*,*,#176,.F.);
#176 = EDGE_CURVE('',#177,#179,#181,.T.);
#177 = VERTEX_POINT('',#178);
#178 = CARTESIAN_POINT('',(-0.241563091153,-13.89790082253,0.));
#179 = VERTEX_POINT('',#180);
#180 = CARTESIAN_POINT('',(-0.241563091153,-13.866914,0.));
#181 = LINE('',#182,#183);
#182 = CARTESIAN_POINT('',(-0.241563091153,-14.78551820755,0.));
#183 = VECTOR('',#184,1.);
#184 = DIRECTION('',(0.,1.,0.));
#185 = ORIENTED_EDGE('',*,*,#186,.T.);
#186 = EDGE_CURVE('',#177,#187,#189,.T.);
#187 = VERTEX_POINT('',#188);
#188 = CARTESIAN_POINT('',(0.458436908847,-13.89243807258,0.));
#189 = CIRCLE('',#190,13.9);
#190 = AXIS2_PLACEMENT_3D('',#191,#192,#193);
#191 = CARTESIAN_POINT('',(0.,0.,0.));
#192 = DIRECTION('',(0.,0.,1.));
#193 = DIRECTION('',(1.,0.,0.));
#194 = ORIENTED_EDGE('',*,*,#195,.T.);
#195 = EDGE_CURVE('',#187,#196,#198,.T.);
#196 = VERTEX_POINT('',#197);
#197 = CARTESIAN_POINT('',(0.458436908847,-13.866914,0.));
#198 = LINE('',#199,#200);
#199 = CARTESIAN_POINT('',(0.458436908847,-14.78551820755,0.));
#200 = VECTOR('',#201,1.);
#201 = DIRECTION('',(0.,1.,0.));
#202 = ORIENTED_EDGE('',*,*,#203,.F.);
#203 = EDGE_CURVE('',#179,#196,#204,.T.);
#204 = LINE('',#205,#206);
#205 = CARTESIAN_POINT('',(0.229218454424,-13.866914,0.));
#206 = VECTOR('',#207,1.);
#207 = DIRECTION('',(1.,0.,0.));
#208 = PLANE('',#209);
#209 = AXIS2_PLACEMENT_3D('',#210,#211,#212);
#210 = CARTESIAN_POINT('',(1.258768054721E-15,-15.7041224151,0.));
#211 = DIRECTION('',(0.,0.,1.));
#212 = DIRECTION('',(1.,0.,0.));
#213 = ADVANCED_FACE('',(#214),#239,.F.);
#214 = FACE_BOUND('',#215,.F.);
#215 = EDGE_LOOP('',(#216,#224,#232,#238));
#216 = ORIENTED_EDGE('',*,*,#217,.F.);
#217 = EDGE_CURVE('',#218,#177,#220,.T.);
#218 = VERTEX_POINT('',#219);
#219 = CARTESIAN_POINT('',(-0.241563091153,-13.89790082253,0.5));
#220 = LINE('',#221,#222);
#221 = CARTESIAN_POINT('',(-0.241563091153,-13.89790082253,0.));
#222 = VECTOR('',#223,1.);
#223 = DIRECTION('',(0.,0.,-1.));
#224 = ORIENTED_EDGE('',*,*,#225,.T.);
#225 = EDGE_CURVE('',#218,#226,#228,.T.);
#226 = VERTEX_POINT('',#227);
#227 = CARTESIAN_POINT('',(-0.241563091153,-13.866914,0.5));
#228 = LINE('',#229,#230);
#229 = CARTESIAN_POINT('',(-0.241563091153,-14.691914,0.5));
#230 = VECTOR('',#231,1.);
#231 = DIRECTION('',(0.,1.,0.));
#232 = ORIENTED_EDGE('',*,*,#233,.T.);
#233 = EDGE_CURVE('',#226,#179,#234,.T.);
#234 = LINE('',#235,#236);
#235 = CARTESIAN_POINT('',(-0.241563091153,-13.866914,4.));
#236 = VECTOR('',#237,1.);
#237 = DIRECTION('',(-0.,-0.,-1.));
#238 = ORIENTED_EDGE('',*,*,#176,.F.);
#239 = PLANE('',#240);
#240 = AXIS2_PLACEMENT_3D('',#241,#242,#243);
#241 = CARTESIAN_POINT('',(-0.241563091153,-13.866914,4.));
#242 = DIRECTION('',(-1.,0.,0.));
#243 = DIRECTION('',(0.,-1.,0.));
#244 = ADVANCED_FACE('',(#245),#303,.T.);
#245 = FACE_BOUND('',#246,.T.);
#246 = EDGE_LOOP('',(#247,#257,#265,#273,#281,#289,#297));
#247 = ORIENTED_EDGE('',*,*,#248,.F.);
#248 = EDGE_CURVE('',#249,#251,#253,.T.);
#249 = VERTEX_POINT('',#250);
#250 = CARTESIAN_POINT('',(9.,-23.,-1.45));
#251 = VERTEX_POINT('',#252);
#252 = CARTESIAN_POINT('',(9.,-23.,-1.5));
#253 = LINE('',#254,#255);
#254 = CARTESIAN_POINT('',(9.,-23.,0.));
#255 = VECTOR('',#256,1.);
#256 = DIRECTION('',(-0.,-0.,-1.));
#257 = ORIENTED_EDGE('',*,*,#258,.F.);
#258 = EDGE_CURVE('',#259,#249,#261,.T.);
#259 = VERTEX_POINT('',#260);
#260 = CARTESIAN_POINT('',(9.,-21.55,0.));
#261 = LINE('',#262,#263);
#262 = CARTESIAN_POINT('',(9.,-25.275,-3.725));
#263 = VECTOR('',#264,1.);
#264 = DIRECTION('',(0.,-0.707106781187,-0.707106781187));
#265 = ORIENTED_EDGE('',*,*,#266,.F.);
#266 = EDGE_CURVE('',#267,#259,#269,.T.);
#267 = VERTEX_POINT('',#268);
#268 = CARTESIAN_POINT('',(9.,-34.,-9.436895709314E-16));
#269 = LINE('',#270,#271);
#270 = CARTESIAN_POINT('',(9.,-25.35206120755,0.));
#271 = VECTOR('',#272,1.);
#272 = DIRECTION('',(0.,1.,0.));
#273 = ORIENTED_EDGE('',*,*,#274,.F.);
#274 = EDGE_CURVE('',#275,#267,#277,.T.);
#275 = VERTEX_POINT('',#276);
#276 = CARTESIAN_POINT('',(9.,-35.,-1.));
#277 = LINE('',#278,#279);
#278 = CARTESIAN_POINT('',(9.,-34.5,-0.5));
#279 = VECTOR('',#280,1.);
#280 = DIRECTION('',(0.,0.707106781187,0.707106781187));
#281 = ORIENTED_EDGE('',*,*,#282,.T.);
#282 = EDGE_CURVE('',#275,#283,#285,.T.);
#283 = VERTEX_POINT('',#284);
#284 = CARTESIAN_POINT('',(9.,-35.,-2.5));
#285 = LINE('',#286,#287);
#286 = CARTESIAN_POINT('',(9.,-35.,0.));
#287 = VECTOR('',#288,1.);
#288 = DIRECTION('',(-0.,-0.,-1.));
#289 = ORIENTED_EDGE('',*,*,#290,.T.);
#290 = EDGE_CURVE('',#283,#291,#293,.T.);
#291 = VERTEX_POINT('',#292);
#292 = CARTESIAN_POINT('',(9.,-34.,-1.5));
#293 = LINE('',#294,#295);
#294 = CARTESIAN_POINT('',(9.,-34.125,-1.625));
#295 = VECTOR('',#296,1.);
#296 = DIRECTION('',(0.,0.707106781187,0.707106781187));
#297 = ORIENTED_EDGE('',*,*,#298,.T.);
#298 = EDGE_CURVE('',#291,#251,#299,.T.);
#299 = LINE('',#300,#301);
#300 = CARTESIAN_POINT('',(9.,-35.,-1.5));
#301 = VECTOR('',#302,1.);
#302 = DIRECTION('',(0.,1.,0.));
#303 = PLANE('',#304);
#304 = AXIS2_PLACEMENT_3D('',#305,#306,#307);
#305 = CARTESIAN_POINT('',(9.,-35.,0.));
#306 = DIRECTION('',(1.,0.,0.));
#307 = DIRECTION('',(0.,1.,0.));
#308 = ADVANCED_FACE('',(#309),#334,.T.);
#309 = FACE_BOUND('',#310,.T.);
#310 = EDGE_LOOP('',(#311,#312,#320,#328));
#311 = ORIENTED_EDGE('',*,*,#248,.T.);
#312 = ORIENTED_EDGE('',*,*,#313,.T.);
#313 = EDGE_CURVE('',#251,#314,#316,.T.);
#314 = VERTEX_POINT('',#315);
#315 = CARTESIAN_POINT('',(6.,-23.,-1.5));
#316 = LINE('',#317,#318);
#317 = CARTESIAN_POINT('',(9.,-23.,-1.5));
#318 = VECTOR('',#319,1.);
#319 = DIRECTION('',(-1.,0.,0.));
#320 = ORIENTED_EDGE('',*,*,#321,.F.);
#321 = EDGE_CURVE('',#322,#314,#324,.T.);
#322 = VERTEX_POINT('',#323);
#323 = CARTESIAN_POINT('',(6.,-23.,-1.45));
#324 = LINE('',#325,#326);
#325 = CARTESIAN_POINT('',(6.,-23.,0.));
#326 = VECTOR('',#327,1.);
#327 = DIRECTION('',(-0.,-0.,-1.));
#328 = ORIENTED_EDGE('',*,*,#329,.F.);
#329 = EDGE_CURVE('',#249,#322,#330,.T.);
#330 = LINE('',#331,#332);
#331 = CARTESIAN_POINT('',(9.,-23.,-1.45));
#332 = VECTOR('',#333,1.);
#333 = DIRECTION('',(-1.,0.,0.));
#334 = PLANE('',#335);
#335 = AXIS2_PLACEMENT_3D('',#336,#337,#338);
#336 = CARTESIAN_POINT('',(9.,-23.,0.));
#337 = DIRECTION('',(0.,1.,0.));
#338 = DIRECTION('',(-1.,0.,0.));
#339 = ADVANCED_FACE('',(#340),#358,.T.);
#340 = FACE_BOUND('',#341,.F.);
#341 = EDGE_LOOP('',(#342,#343,#351,#357));
#342 = ORIENTED_EDGE('',*,*,#258,.F.);
#343 = ORIENTED_EDGE('',*,*,#344,.T.);
#344 = EDGE_CURVE('',#259,#345,#347,.T.);
#345 = VERTEX_POINT('',#346);
#346 = CARTESIAN_POINT('',(6.,-21.55,0.));
#347 = LINE('',#348,#349);
#348 = CARTESIAN_POINT('',(9.,-21.55,0.));
#349 = VECTOR('',#350,1.);
#350 = DIRECTION('',(-1.,0.,0.));
#351 = ORIENTED_EDGE('',*,*,#352,.T.);
#352 = EDGE_CURVE('',#345,#322,#353,.T.);
#353 = LINE('',#354,#355);
#354 = CARTESIAN_POINT('',(6.,-22.275,-0.725));
#355 = VECTOR('',#356,1.);
#356 = DIRECTION('',(-0.,-0.707106781187,-0.707106781187));
#357 = ORIENTED_EDGE('',*,*,#329,.F.);
#358 = PLANE('',#359);
#359 = AXIS2_PLACEMENT_3D('',#360,#361,#362);
#360 = CARTESIAN_POINT('',(9.,-22.275,-0.725));
#361 = DIRECTION('',(0.,0.707106781187,-0.707106781187));
#362 = DIRECTION('',(1.,0.,0.));
#363 = ADVANCED_FACE('',(#364),#382,.F.);
#364 = FACE_BOUND('',#365,.F.);
#365 = EDGE_LOOP('',(#366,#367,#368,#376));
#366 = ORIENTED_EDGE('',*,*,#298,.T.);
#367 = ORIENTED_EDGE('',*,*,#313,.T.);
#368 = ORIENTED_EDGE('',*,*,#369,.T.);
#369 = EDGE_CURVE('',#314,#370,#372,.T.);
#370 = VERTEX_POINT('',#371);
#371 = CARTESIAN_POINT('',(6.,-34.,-1.5));
#372 = LINE('',#373,#374);
#373 = CARTESIAN_POINT('',(6.,-23.,-1.5));
#374 = VECTOR('',#375,1.);
#375 = DIRECTION('',(0.,-1.,0.));
#376 = ORIENTED_EDGE('',*,*,#377,.T.);
#377 = EDGE_CURVE('',#370,#291,#378,.T.);
#378 = LINE('',#379,#380);
#379 = CARTESIAN_POINT('',(6.,-34.,-1.5));
#380 = VECTOR('',#381,1.);
#381 = DIRECTION('',(1.,0.,0.));
#382 = PLANE('',#383);
#383 = AXIS2_PLACEMENT_3D('',#384,#385,#386);
#384 = CARTESIAN_POINT('',(0.,-29.,-1.5));
#385 = DIRECTION('',(0.,0.,1.));
#386 = DIRECTION('',(1.,0.,0.));
#387 = ADVANCED_FACE('',(#388,#520),#564,.F.);
#388 = FACE_BOUND('',#389,.F.);
#389 = EDGE_LOOP('',(#390,#391,#399,#407,#416,#424,#433,#441,#449,#457,
    #465,#473,#481,#489,#497,#505,#513,#519));
#390 = ORIENTED_EDGE('',*,*,#266,.F.);
#391 = ORIENTED_EDGE('',*,*,#392,.F.);
#392 = EDGE_CURVE('',#393,#267,#395,.T.);
#393 = VERTEX_POINT('',#394);
#394 = CARTESIAN_POINT('',(20.,-34.,-9.436895709314E-16));
#395 = LINE('',#396,#397);
#396 = CARTESIAN_POINT('',(20.,-34.,0.));
#397 = VECTOR('',#398,1.);
#398 = DIRECTION('',(-1.,0.,0.));
#399 = ORIENTED_EDGE('',*,*,#400,.T.);
#400 = EDGE_CURVE('',#393,#401,#403,.T.);
#401 = VERTEX_POINT('',#402);
#402 = CARTESIAN_POINT('',(20.,-2.3,0.));
#403 = LINE('',#404,#405);
#404 = CARTESIAN_POINT('',(20.,-42.,0.));
#405 = VECTOR('',#406,1.);
#406 = DIRECTION('',(0.,1.,0.));
#407 = ORIENTED_EDGE('',*,*,#408,.T.);
#408 = EDGE_CURVE('',#401,#409,#411,.T.);
#409 = VERTEX_POINT('',#410);
#410 = CARTESIAN_POINT('',(0.8,16.9,0.));
#411 = CIRCLE('',#412,19.2);
#412 = AXIS2_PLACEMENT_3D('',#413,#414,#415);
#413 = CARTESIAN_POINT('',(0.8,-2.3,0.));
#414 = DIRECTION('',(0.,0.,1.));
#415 = DIRECTION('',(1.,0.,0.));
#416 = ORIENTED_EDGE('',*,*,#417,.T.);
#417 = EDGE_CURVE('',#409,#418,#420,.T.);
#418 = VERTEX_POINT('',#419);
#419 = CARTESIAN_POINT('',(-0.8,16.9,0.));
#420 = LINE('',#421,#422);
#421 = CARTESIAN_POINT('',(0.8,16.9,0.));
#422 = VECTOR('',#423,1.);
#423 = DIRECTION('',(-1.,0.,0.));
#424 = ORIENTED_EDGE('',*,*,#425,.T.);
#425 = EDGE_CURVE('',#418,#426,#428,.T.);
#426 = VERTEX_POINT('',#427);
#427 = CARTESIAN_POINT('',(-20.,-2.3,0.));
#428 = CIRCLE('',#429,19.2);
#429 = AXIS2_PLACEMENT_3D('',#430,#431,#432);
#430 = CARTESIAN_POINT('',(-0.8,-2.3,0.));
#431 = DIRECTION('',(0.,0.,1.));
#432 = DIRECTION('',(1.,0.,0.));
#433 = ORIENTED_EDGE('',*,*,#434,.T.);
#434 = EDGE_CURVE('',#426,#435,#437,.T.);
#435 = VERTEX_POINT('',#436);
#436 = CARTESIAN_POINT('',(-20.,-34.,-9.436895709314E-16));
#437 = LINE('',#438,#439);
#438 = CARTESIAN_POINT('',(-20.,-2.3,0.));
#439 = VECTOR('',#440,1.);
#440 = DIRECTION('',(0.,-1.,0.));
#441 = ORIENTED_EDGE('',*,*,#442,.F.);
#442 = EDGE_CURVE('',#443,#435,#445,.T.);
#443 = VERTEX_POINT('',#444);
#444 = CARTESIAN_POINT('',(-9.,-34.,-9.436895709314E-16));
#445 = LINE('',#446,#447);
#446 = CARTESIAN_POINT('',(-9.,-34.,0.));
#447 = VECTOR('',#448,1.);
#448 = DIRECTION('',(-1.,0.,0.));
#449 = ORIENTED_EDGE('',*,*,#450,.T.);
#450 = EDGE_CURVE('',#443,#451,#453,.T.);
#451 = VERTEX_POINT('',#452);
#452 = CARTESIAN_POINT('',(-9.,-21.55,0.));
#453 = LINE('',#454,#455);
#454 = CARTESIAN_POINT('',(-9.,-19.35206120755,0.));
#455 = VECTOR('',#456,1.);
#456 = DIRECTION('',(0.,1.,0.));
#457 = ORIENTED_EDGE('',*,*,#458,.F.);
#458 = EDGE_CURVE('',#459,#451,#461,.T.);
#459 = VERTEX_POINT('',#460);
#460 = CARTESIAN_POINT('',(-6.,-21.55,0.));
#461 = LINE('',#462,#463);
#462 = CARTESIAN_POINT('',(-6.,-21.55,0.));
#463 = VECTOR('',#464,1.);
#464 = DIRECTION('',(-1.,0.,0.));
#465 = ORIENTED_EDGE('',*,*,#466,.F.);
#466 = EDGE_CURVE('',#467,#459,#469,.T.);
#467 = VERTEX_POINT('',#468);
#468 = CARTESIAN_POINT('',(-6.,-34.,-9.436895709314E-16));
#469 = LINE('',#470,#471);
#470 = CARTESIAN_POINT('',(-6.,-35.,0.));
#471 = VECTOR('',#472,1.);
#472 = DIRECTION('',(0.,1.,0.));
#473 = ORIENTED_EDGE('',*,*,#474,.F.);
#474 = EDGE_CURVE('',#475,#467,#477,.T.);
#475 = VERTEX_POINT('',#476);
#476 = CARTESIAN_POINT('',(-1.5,-34.,-9.436895709314E-16));
#477 = LINE('',#478,#479);
#478 = CARTESIAN_POINT('',(-1.5,-34.,0.));
#479 = VECTOR('',#480,1.);
#480 = DIRECTION('',(-1.,0.,0.));
#481 = ORIENTED_EDGE('',*,*,#482,.T.);
#482 = EDGE_CURVE('',#475,#483,#485,.T.);
#483 = VERTEX_POINT('',#484);
#484 = CARTESIAN_POINT('',(-1.5,-21.55,0.));
#485 = LINE('',#486,#487);
#486 = CARTESIAN_POINT('',(-1.5,-19.35206120755,0.));
#487 = VECTOR('',#488,1.);
#488 = DIRECTION('',(0.,1.,0.));
#489 = ORIENTED_EDGE('',*,*,#490,.F.);
#490 = EDGE_CURVE('',#491,#483,#493,.T.);
#491 = VERTEX_POINT('',#492);
#492 = CARTESIAN_POINT('',(1.5,-21.55,0.));
#493 = LINE('',#494,#495);
#494 = CARTESIAN_POINT('',(1.5,-21.55,0.));
#495 = VECTOR('',#496,1.);
#496 = DIRECTION('',(-1.,0.,0.));
#497 = ORIENTED_EDGE('',*,*,#498,.F.);
#498 = EDGE_CURVE('',#499,#491,#501,.T.);
#499 = VERTEX_POINT('',#500);
#500 = CARTESIAN_POINT('',(1.5,-34.,-9.436895709314E-16));
#501 = LINE('',#502,#503);
#502 = CARTESIAN_POINT('',(1.5,-35.,0.));
#503 = VECTOR('',#504,1.);
#504 = DIRECTION('',(0.,1.,0.));
#505 = ORIENTED_EDGE('',*,*,#506,.F.);
#506 = EDGE_CURVE('',#507,#499,#509,.T.);
#507 = VERTEX_POINT('',#508);
#508 = CARTESIAN_POINT('',(6.,-34.,-9.436895709314E-16));
#509 = LINE('',#510,#511);
#510 = CARTESIAN_POINT('',(6.,-34.,0.));
#511 = VECTOR('',#512,1.);
#512 = DIRECTION('',(-1.,0.,0.));
#513 = ORIENTED_EDGE('',*,*,#514,.T.);
#514 = EDGE_CURVE('',#507,#345,#515,.T.);
#515 = LINE('',#516,#517);
#516 = CARTESIAN_POINT('',(6.,-19.35206120755,0.));
#517 = VECTOR('',#518,1.);
#518 = DIRECTION('',(0.,1.,0.));
#519 = ORIENTED_EDGE('',*,*,#344,.F.);
#520 = FACE_BOUND('',#521,.F.);
#521 = EDGE_LOOP('',(#522,#533,#542,#550,#558));
#522 = ORIENTED_EDGE('',*,*,#523,.F.);
#523 = EDGE_CURVE('',#524,#526,#528,.T.);
#524 = VERTEX_POINT('',#525);
#525 = CARTESIAN_POINT('',(13.9,0.,0.));
#526 = VERTEX_POINT('',#527);
#527 = CARTESIAN_POINT('',(-5.2391776,-12.87482108907,0.));
#528 = CIRCLE('',#529,13.9);
#529 = AXIS2_PLACEMENT_3D('',#530,#531,#532);
#530 = CARTESIAN_POINT('',(0.,0.,0.));
#531 = DIRECTION('',(0.,0.,1.));
#532 = DIRECTION('',(1.,0.,0.));
#533 = ORIENTED_EDGE('',*,*,#534,.F.);
#534 = EDGE_CURVE('',#535,#524,#537,.T.);
#535 = VERTEX_POINT('',#536);
#536 = CARTESIAN_POINT('',(5.1436634,-12.91327715289,0.));
#537 = CIRCLE('',#538,13.9);
#538 = AXIS2_PLACEMENT_3D('',#539,#540,#541);
#539 = CARTESIAN_POINT('',(0.,0.,0.));
#540 = DIRECTION('',(0.,0.,1.));
#541 = DIRECTION('',(1.,0.,0.));
#542 = ORIENTED_EDGE('',*,*,#543,.T.);
#543 = EDGE_CURVE('',#535,#544,#546,.T.);
#544 = VERTEX_POINT('',#545);
#545 = CARTESIAN_POINT('',(5.1436634,-21.3528347,0.));
#546 = LINE('',#547,#548);
#547 = CARTESIAN_POINT('',(5.1436634,-12.91327715289,0.));
#548 = VECTOR('',#549,1.);
#549 = DIRECTION('',(0.,-1.,0.));
#550 = ORIENTED_EDGE('',*,*,#551,.T.);
#551 = EDGE_CURVE('',#544,#552,#554,.T.);
#552 = VERTEX_POINT('',#553);
#553 = CARTESIAN_POINT('',(-5.2391776,-21.3528347,0.));
#554 = LINE('',#555,#556);
#555 = CARTESIAN_POINT('',(5.1436634,-21.3528347,0.));
#556 = VECTOR('',#557,1.);
#557 = DIRECTION('',(-1.,0.,0.));
#558 = ORIENTED_EDGE('',*,*,#559,.T.);
#559 = EDGE_CURVE('',#552,#526,#560,.T.);
#560 = LINE('',#561,#562);
#561 = CARTESIAN_POINT('',(-5.2391776,-21.3528347,0.));
#562 = VECTOR('',#563,1.);
#563 = DIRECTION('',(0.,1.,0.));
#564 = PLANE('',#565);
#565 = AXIS2_PLACEMENT_3D('',#566,#567,#568);
#566 = CARTESIAN_POINT('',(1.258768054721E-15,-15.7041224151,0.));
#567 = DIRECTION('',(0.,0.,1.));
#568 = DIRECTION('',(1.,0.,0.));
#569 = ADVANCED_FACE('',(#570),#588,.T.);
#570 = FACE_BOUND('',#571,.F.);
#571 = EDGE_LOOP('',(#572,#580,#586,#587));
#572 = ORIENTED_EDGE('',*,*,#573,.F.);
#573 = EDGE_CURVE('',#574,#370,#576,.T.);
#574 = VERTEX_POINT('',#575);
#575 = CARTESIAN_POINT('',(6.,-35.,-2.5));
#576 = LINE('',#577,#578);
#577 = CARTESIAN_POINT('',(6.,-31.125,1.375));
#578 = VECTOR('',#579,1.);
#579 = DIRECTION('',(0.,0.707106781187,0.707106781187));
#580 = ORIENTED_EDGE('',*,*,#581,.T.);
#581 = EDGE_CURVE('',#574,#283,#582,.T.);
#582 = LINE('',#583,#584);
#583 = CARTESIAN_POINT('',(6.,-35.,-2.5));
#584 = VECTOR('',#585,1.);
#585 = DIRECTION('',(1.,0.,0.));
#586 = ORIENTED_EDGE('',*,*,#290,.T.);
#587 = ORIENTED_EDGE('',*,*,#377,.F.);
#588 = PLANE('',#589);
#589 = AXIS2_PLACEMENT_3D('',#590,#591,#592);
#590 = CARTESIAN_POINT('',(6.,-34.5,-2.));
#591 = DIRECTION('',(0.,0.707106781187,-0.707106781187));
#592 = DIRECTION('',(-1.,-0.,-0.));
#593 = ADVANCED_FACE('',(#594),#612,.T.);
#594 = FACE_BOUND('',#595,.T.);
#595 = EDGE_LOOP('',(#596,#604,#610,#611));
#596 = ORIENTED_EDGE('',*,*,#597,.F.);
#597 = EDGE_CURVE('',#598,#393,#600,.T.);
#598 = VERTEX_POINT('',#599);
#599 = CARTESIAN_POINT('',(20.,-35.,-1.));
#600 = LINE('',#601,#602);
#601 = CARTESIAN_POINT('',(20.,-33.9125,8.75E-02));
#602 = VECTOR('',#603,1.);
#603 = DIRECTION('',(0.,0.707106781187,0.707106781187));
#604 = ORIENTED_EDGE('',*,*,#605,.T.);
#605 = EDGE_CURVE('',#598,#275,#606,.T.);
#606 = LINE('',#607,#608);
#607 = CARTESIAN_POINT('',(20.,-35.,-1.));
#608 = VECTOR('',#609,1.);
#609 = DIRECTION('',(-1.,0.,0.));
#610 = ORIENTED_EDGE('',*,*,#274,.T.);
#611 = ORIENTED_EDGE('',*,*,#392,.F.);
#612 = PLANE('',#613);
#613 = AXIS2_PLACEMENT_3D('',#614,#615,#616);
#614 = CARTESIAN_POINT('',(20.,-34.5,-0.5));
#615 = DIRECTION('',(0.,0.707106781187,-0.707106781187));
#616 = DIRECTION('',(-1.,0.,0.));
#617 = ADVANCED_FACE('',(#618,#743,#754),#765,.T.);
#618 = FACE_BOUND('',#619,.T.);
#619 = EDGE_LOOP('',(#620,#628,#637,#645,#654,#662,#670,#678,#686,#694,
    #702,#710,#718,#726,#734,#740,#741,#742));
#620 = ORIENTED_EDGE('',*,*,#621,.F.);
#621 = EDGE_CURVE('',#622,#598,#624,.T.);
#622 = VERTEX_POINT('',#623);
#623 = CARTESIAN_POINT('',(20.,-35.,-25.));
#624 = LINE('',#625,#626);
#625 = CARTESIAN_POINT('',(20.,-35.,-25.));
#626 = VECTOR('',#627,1.);
#627 = DIRECTION('',(0.,2.22044604925E-16,1.));
#628 = ORIENTED_EDGE('',*,*,#629,.F.);
#629 = EDGE_CURVE('',#630,#622,#632,.T.);
#630 = VERTEX_POINT('',#631);
#631 = CARTESIAN_POINT('',(12.,-35.,-25.));
#632 = CIRCLE('',#633,4.);
#633 = AXIS2_PLACEMENT_3D('',#634,#635,#636);
#634 = CARTESIAN_POINT('',(16.,-35.,-25.));
#635 = DIRECTION('',(0.,-1.,2.22044604925E-16));
#636 = DIRECTION('',(1.,0.,0.));
#637 = ORIENTED_EDGE('',*,*,#638,.F.);
#638 = EDGE_CURVE('',#639,#630,#641,.T.);
#639 = VERTEX_POINT('',#640);
#640 = CARTESIAN_POINT('',(-12.,-35.,-25.));
#641 = LINE('',#642,#643);
#642 = CARTESIAN_POINT('',(-12.,-35.,-25.));
#643 = VECTOR('',#644,1.);
#644 = DIRECTION('',(1.,0.,0.));
#645 = ORIENTED_EDGE('',*,*,#646,.F.);
#646 = EDGE_CURVE('',#647,#639,#649,.T.);
#647 = VERTEX_POINT('',#648);
#648 = CARTESIAN_POINT('',(-20.,-35.,-25.));
#649 = CIRCLE('',#650,4.);
#650 = AXIS2_PLACEMENT_3D('',#651,#652,#653);
#651 = CARTESIAN_POINT('',(-16.,-35.,-25.));
#652 = DIRECTION('',(0.,-1.,2.22044604925E-16));
#653 = DIRECTION('',(1.,0.,0.));
#654 = ORIENTED_EDGE('',*,*,#655,.T.);
#655 = EDGE_CURVE('',#647,#656,#658,.T.);
#656 = VERTEX_POINT('',#657);
#657 = CARTESIAN_POINT('',(-20.,-35.,-1.));
#658 = LINE('',#659,#660);
#659 = CARTESIAN_POINT('',(-20.,-35.,-25.));
#660 = VECTOR('',#661,1.);
#661 = DIRECTION('',(0.,2.22044604925E-16,1.));
#662 = ORIENTED_EDGE('',*,*,#663,.F.);
#663 = EDGE_CURVE('',#664,#656,#666,.T.);
#664 = VERTEX_POINT('',#665);
#665 = CARTESIAN_POINT('',(-9.,-35.,-1.));
#666 = LINE('',#667,#668);
#667 = CARTESIAN_POINT('',(-9.,-35.,-1.));
#668 = VECTOR('',#669,1.);
#669 = DIRECTION('',(-1.,0.,0.));
#670 = ORIENTED_EDGE('',*,*,#671,.T.);
#671 = EDGE_CURVE('',#664,#672,#674,.T.);
#672 = VERTEX_POINT('',#673);
#673 = CARTESIAN_POINT('',(-9.,-35.,-2.5));
#674 = LINE('',#675,#676);
#675 = CARTESIAN_POINT('',(-9.,-35.,0.));
#676 = VECTOR('',#677,1.);
#677 = DIRECTION('',(-0.,-0.,-1.));
#678 = ORIENTED_EDGE('',*,*,#679,.T.);
#679 = EDGE_CURVE('',#672,#680,#682,.T.);
#680 = VERTEX_POINT('',#681);
#681 = CARTESIAN_POINT('',(-6.,-35.,-2.5));
#682 = LINE('',#683,#684);
#683 = CARTESIAN_POINT('',(-9.,-35.,-2.5));
#684 = VECTOR('',#685,1.);
#685 = DIRECTION('',(1.,0.,0.));
#686 = ORIENTED_EDGE('',*,*,#687,.F.);
#687 = EDGE_CURVE('',#688,#680,#690,.T.);
#688 = VERTEX_POINT('',#689);
#689 = CARTESIAN_POINT('',(-6.,-35.,-1.));
#690 = LINE('',#691,#692);
#691 = CARTESIAN_POINT('',(-6.,-35.,-6.518317541608));
#692 = VECTOR('',#693,1.);
#693 = DIRECTION('',(0.,-2.388739962631E-16,-1.));
#694 = ORIENTED_EDGE('',*,*,#695,.F.);
#695 = EDGE_CURVE('',#696,#688,#698,.T.);
#696 = VERTEX_POINT('',#697);
#697 = CARTESIAN_POINT('',(-1.5,-35.,-1.));
#698 = LINE('',#699,#700);
#699 = CARTESIAN_POINT('',(-1.5,-35.,-1.));
#700 = VECTOR('',#701,1.);
#701 = DIRECTION('',(-1.,0.,0.));
#702 = ORIENTED_EDGE('',*,*,#703,.T.);
#703 = EDGE_CURVE('',#696,#704,#706,.T.);
#704 = VERTEX_POINT('',#705);
#705 = CARTESIAN_POINT('',(-1.5,-35.,-2.5));
#706 = LINE('',#707,#708);
#707 = CARTESIAN_POINT('',(-1.5,-35.,0.));
#708 = VECTOR('',#709,1.);
#709 = DIRECTION('',(-0.,-0.,-1.));
#710 = ORIENTED_EDGE('',*,*,#711,.T.);
#711 = EDGE_CURVE('',#704,#712,#714,.T.);
#712 = VERTEX_POINT('',#713);
#713 = CARTESIAN_POINT('',(1.5,-35.,-2.5));
#714 = LINE('',#715,#716);
#715 = CARTESIAN_POINT('',(-1.5,-35.,-2.5));
#716 = VECTOR('',#717,1.);
#717 = DIRECTION('',(1.,0.,0.));
#718 = ORIENTED_EDGE('',*,*,#719,.F.);
#719 = EDGE_CURVE('',#720,#712,#722,.T.);
#720 = VERTEX_POINT('',#721);
#721 = CARTESIAN_POINT('',(1.5,-35.,-1.));
#722 = LINE('',#723,#724);
#723 = CARTESIAN_POINT('',(1.5,-35.,-6.518317541608));
#724 = VECTOR('',#725,1.);
#725 = DIRECTION('',(0.,-2.388739962631E-16,-1.));
#726 = ORIENTED_EDGE('',*,*,#727,.F.);
#727 = EDGE_CURVE('',#728,#720,#730,.T.);
#728 = VERTEX_POINT('',#729);
#729 = CARTESIAN_POINT('',(6.,-35.,-1.));
#730 = LINE('',#731,#732);
#731 = CARTESIAN_POINT('',(6.,-35.,-1.));
#732 = VECTOR('',#733,1.);
#733 = DIRECTION('',(-1.,0.,0.));
#734 = ORIENTED_EDGE('',*,*,#735,.T.);
#735 = EDGE_CURVE('',#728,#574,#736,.T.);
#736 = LINE('',#737,#738);
#737 = CARTESIAN_POINT('',(6.,-35.,0.));
#738 = VECTOR('',#739,1.);
#739 = DIRECTION('',(-0.,-0.,-1.));
#740 = ORIENTED_EDGE('',*,*,#581,.T.);
#741 = ORIENTED_EDGE('',*,*,#282,.F.);
#742 = ORIENTED_EDGE('',*,*,#605,.F.);
#743 = FACE_BOUND('',#744,.T.);
#744 = EDGE_LOOP('',(#745));
#745 = ORIENTED_EDGE('',*,*,#746,.F.);
#746 = EDGE_CURVE('',#747,#747,#749,.T.);
#747 = VERTEX_POINT('',#748);
#748 = CARTESIAN_POINT('',(-18.95,-35.,-25.));
#749 = CIRCLE('',#750,2.95);
#750 = AXIS2_PLACEMENT_3D('',#751,#752,#753);
#751 = CARTESIAN_POINT('',(-16.,-35.,-25.));
#752 = DIRECTION('',(0.,1.,-2.22044604925E-16));
#753 = DIRECTION('',(-1.,0.,0.));
#754 = FACE_BOUND('',#755,.T.);
#755 = EDGE_LOOP('',(#756));
#756 = ORIENTED_EDGE('',*,*,#757,.F.);
#757 = EDGE_CURVE('',#758,#758,#760,.T.);
#758 = VERTEX_POINT('',#759);
#759 = CARTESIAN_POINT('',(13.05,-35.,-25.));
#760 = CIRCLE('',#761,2.95);
#761 = AXIS2_PLACEMENT_3D('',#762,#763,#764);
#762 = CARTESIAN_POINT('',(16.,-35.,-25.));
#763 = DIRECTION('',(0.,1.,-2.22044604925E-16));
#764 = DIRECTION('',(-1.,0.,0.));
#765 = PLANE('',#766);
#766 = AXIS2_PLACEMENT_3D('',#767,#768,#769);
#767 = CARTESIAN_POINT('',(-1.529198139337E-16,-35.,-13.03663508321));
#768 = DIRECTION('',(0.,1.,-2.388739962631E-16));
#769 = DIRECTION('',(0.,2.388739962631E-16,1.));
#770 = ADVANCED_FACE('',(#771),#785,.T.);
#771 = FACE_BOUND('',#772,.T.);
#772 = EDGE_LOOP('',(#773,#774,#775,#776,#777,#783,#784));
#773 = ORIENTED_EDGE('',*,*,#321,.T.);
#774 = ORIENTED_EDGE('',*,*,#369,.T.);
#775 = ORIENTED_EDGE('',*,*,#573,.F.);
#776 = ORIENTED_EDGE('',*,*,#735,.F.);
#777 = ORIENTED_EDGE('',*,*,#778,.T.);
#778 = EDGE_CURVE('',#728,#507,#779,.T.);
#779 = LINE('',#780,#781);
#780 = CARTESIAN_POINT('',(6.,-31.5,2.5));
#781 = VECTOR('',#782,1.);
#782 = DIRECTION('',(0.,0.707106781187,0.707106781187));
#783 = ORIENTED_EDGE('',*,*,#514,.T.);
#784 = ORIENTED_EDGE('',*,*,#352,.T.);
#785 = PLANE('',#786);
#786 = AXIS2_PLACEMENT_3D('',#787,#788,#789);
#787 = CARTESIAN_POINT('',(6.,-23.,0.));
#788 = DIRECTION('',(-1.,0.,0.));
#789 = DIRECTION('',(0.,-1.,0.));
#790 = ADVANCED_FACE('',(#791),#954,.T.);
#791 = FACE_BOUND('',#792,.T.);
#792 = EDGE_LOOP('',(#793,#794,#795,#796,#804,#812,#820,#828,#836,#844,
    #852,#860,#868,#876,#884,#892,#900,#908,#916,#924,#932,#940,#948));
#793 = ORIENTED_EDGE('',*,*,#621,.T.);
#794 = ORIENTED_EDGE('',*,*,#597,.T.);
#795 = ORIENTED_EDGE('',*,*,#400,.T.);
#796 = ORIENTED_EDGE('',*,*,#797,.T.);
#797 = EDGE_CURVE('',#401,#798,#800,.T.);
#798 = VERTEX_POINT('',#799);
#799 = CARTESIAN_POINT('',(20.,-2.3,4.));
#800 = LINE('',#801,#802);
#801 = CARTESIAN_POINT('',(20.,-2.3,0.));
#802 = VECTOR('',#803,1.);
#803 = DIRECTION('',(0.,0.,1.));
#804 = ORIENTED_EDGE('',*,*,#805,.F.);
#805 = EDGE_CURVE('',#806,#798,#808,.T.);
#806 = VERTEX_POINT('',#807);
#807 = CARTESIAN_POINT('',(20.,-39.,4.));
#808 = LINE('',#809,#810);
#809 = CARTESIAN_POINT('',(20.,-42.,4.));
#810 = VECTOR('',#811,1.);
#811 = DIRECTION('',(0.,1.,0.));
#812 = ORIENTED_EDGE('',*,*,#813,.T.);
#813 = EDGE_CURVE('',#806,#814,#816,.T.);
#814 = VERTEX_POINT('',#815);
#815 = CARTESIAN_POINT('',(20.,-39.,3.));
#816 = LINE('',#817,#818);
#817 = CARTESIAN_POINT('',(20.,-39.,4.));
#818 = VECTOR('',#819,1.);
#819 = DIRECTION('',(0.,0.,-1.));
#820 = ORIENTED_EDGE('',*,*,#821,.T.);
#821 = EDGE_CURVE('',#814,#822,#824,.T.);
#822 = VERTEX_POINT('',#823);
#823 = CARTESIAN_POINT('',(20.,-40.,3.));
#824 = LINE('',#825,#826);
#825 = CARTESIAN_POINT('',(20.,-39.,3.));
#826 = VECTOR('',#827,1.);
#827 = DIRECTION('',(0.,-1.,0.));
#828 = ORIENTED_EDGE('',*,*,#829,.T.);
#829 = EDGE_CURVE('',#822,#830,#832,.T.);
#830 = VERTEX_POINT('',#831);
#831 = CARTESIAN_POINT('',(20.,-40.,4.));
#832 = LINE('',#833,#834);
#833 = CARTESIAN_POINT('',(20.,-40.,3.));
#834 = VECTOR('',#835,1.);
#835 = DIRECTION('',(0.,0.,1.));
#836 = ORIENTED_EDGE('',*,*,#837,.F.);
#837 = EDGE_CURVE('',#838,#830,#840,.T.);
#838 = VERTEX_POINT('',#839);
#839 = CARTESIAN_POINT('',(20.,-42.,4.));
#840 = LINE('',#841,#842);
#841 = CARTESIAN_POINT('',(20.,-42.,4.));
#842 = VECTOR('',#843,1.);
#843 = DIRECTION('',(0.,1.,0.));
#844 = ORIENTED_EDGE('',*,*,#845,.F.);
#845 = EDGE_CURVE('',#846,#838,#848,.T.);
#846 = VERTEX_POINT('',#847);
#847 = CARTESIAN_POINT('',(20.,-42.,1.043891789502E-14));
#848 = LINE('',#849,#850);
#849 = CARTESIAN_POINT('',(20.,-42.,0.));
#850 = VECTOR('',#851,1.);
#851 = DIRECTION('',(0.,0.,1.));
#852 = ORIENTED_EDGE('',*,*,#853,.T.);
#853 = EDGE_CURVE('',#846,#854,#856,.T.);
#854 = VERTEX_POINT('',#855);
#855 = CARTESIAN_POINT('',(20.,-38.5,9.660351046012E-15));
#856 = LINE('',#857,#858);
#857 = CARTESIAN_POINT('',(20.,-42.,1.043891789502E-14));
#858 = VECTOR('',#859,1.);
#859 = DIRECTION('',(0.,1.,-2.22044604925E-16));
#860 = ORIENTED_EDGE('',*,*,#861,.F.);
#861 = EDGE_CURVE('',#862,#854,#864,.T.);
#862 = VERTEX_POINT('',#863);
#863 = CARTESIAN_POINT('',(20.,-38.5,0.5));
#864 = LINE('',#865,#866);
#865 = CARTESIAN_POINT('',(20.,-38.5,0.5));
#866 = VECTOR('',#867,1.);
#867 = DIRECTION('',(0.,0.,-1.));
#868 = ORIENTED_EDGE('',*,*,#869,.F.);
#869 = EDGE_CURVE('',#870,#862,#872,.T.);
#870 = VERTEX_POINT('',#871);
#871 = CARTESIAN_POINT('',(20.,-36.9,0.5));
#872 = LINE('',#873,#874);
#873 = CARTESIAN_POINT('',(20.,-36.9,0.5));
#874 = VECTOR('',#875,1.);
#875 = DIRECTION('',(0.,-1.,0.));
#876 = ORIENTED_EDGE('',*,*,#877,.F.);
#877 = EDGE_CURVE('',#878,#870,#880,.T.);
#878 = VERTEX_POINT('',#879);
#879 = CARTESIAN_POINT('',(20.,-36.9,9.982315723153E-15));
#880 = LINE('',#881,#882);
#881 = CARTESIAN_POINT('',(20.,-36.9,-17.5));
#882 = VECTOR('',#883,1.);
#883 = DIRECTION('',(0.,0.,1.));
#884 = ORIENTED_EDGE('',*,*,#885,.T.);
#885 = EDGE_CURVE('',#878,#886,#888,.T.);
#886 = VERTEX_POINT('',#887);
#887 = CARTESIAN_POINT('',(20.,-36.5,9.217672567935E-15));
#888 = LINE('',#889,#890);
#889 = CARTESIAN_POINT('',(20.,-42.,1.043891789502E-14));
#890 = VECTOR('',#891,1.);
#891 = DIRECTION('',(0.,1.,-2.22044604925E-16));
#892 = ORIENTED_EDGE('',*,*,#893,.F.);
#893 = EDGE_CURVE('',#894,#886,#896,.T.);
#894 = VERTEX_POINT('',#895);
#895 = CARTESIAN_POINT('',(20.,-36.5,-17.));
#896 = LINE('',#897,#898);
#897 = CARTESIAN_POINT('',(20.,-36.5,-17.));
#898 = VECTOR('',#899,1.);
#899 = DIRECTION('',(0.,2.22044604925E-16,1.));
#900 = ORIENTED_EDGE('',*,*,#901,.F.);
#901 = EDGE_CURVE('',#902,#894,#904,.T.);
#902 = VERTEX_POINT('',#903);
#903 = CARTESIAN_POINT('',(20.,-36.9,-17.));
#904 = LINE('',#905,#906);
#905 = CARTESIAN_POINT('',(20.,-42.,-17.));
#906 = VECTOR('',#907,1.);
#907 = DIRECTION('',(0.,1.,-2.22044604925E-16));
#908 = ORIENTED_EDGE('',*,*,#909,.F.);
#909 = EDGE_CURVE('',#910,#902,#912,.T.);
#910 = VERTEX_POINT('',#911);
#911 = CARTESIAN_POINT('',(20.,-36.9,-17.5));
#912 = LINE('',#913,#914);
#913 = CARTESIAN_POINT('',(20.,-36.9,-17.5));
#914 = VECTOR('',#915,1.);
#915 = DIRECTION('',(0.,0.,1.));
#916 = ORIENTED_EDGE('',*,*,#917,.F.);
#917 = EDGE_CURVE('',#918,#910,#920,.T.);
#918 = VERTEX_POINT('',#919);
#919 = CARTESIAN_POINT('',(20.,-38.5,-17.5));
#920 = LINE('',#921,#922);
#921 = CARTESIAN_POINT('',(20.,-38.5,-17.5));
#922 = VECTOR('',#923,1.);
#923 = DIRECTION('',(0.,1.,0.));
#924 = ORIENTED_EDGE('',*,*,#925,.F.);
#925 = EDGE_CURVE('',#926,#918,#928,.T.);
#926 = VERTEX_POINT('',#927);
#927 = CARTESIAN_POINT('',(20.,-38.5,-17.));
#928 = LINE('',#929,#930);
#929 = CARTESIAN_POINT('',(20.,-38.5,0.5));
#930 = VECTOR('',#931,1.);
#931 = DIRECTION('',(0.,0.,-1.));
#932 = ORIENTED_EDGE('',*,*,#933,.F.);
#933 = EDGE_CURVE('',#934,#926,#936,.T.);
#934 = VERTEX_POINT('',#935);
#935 = CARTESIAN_POINT('',(20.,-42.,-17.));
#936 = LINE('',#937,#938);
#937 = CARTESIAN_POINT('',(20.,-42.,-17.));
#938 = VECTOR('',#939,1.);
#939 = DIRECTION('',(0.,1.,-2.22044604925E-16));
#940 = ORIENTED_EDGE('',*,*,#941,.F.);
#941 = EDGE_CURVE('',#942,#934,#944,.T.);
#942 = VERTEX_POINT('',#943);
#943 = CARTESIAN_POINT('',(20.,-42.,-25.));
#944 = LINE('',#945,#946);
#945 = CARTESIAN_POINT('',(20.,-42.,0.));
#946 = VECTOR('',#947,1.);
#947 = DIRECTION('',(0.,0.,1.));
#948 = ORIENTED_EDGE('',*,*,#949,.T.);
#949 = EDGE_CURVE('',#942,#622,#950,.T.);
#950 = LINE('',#951,#952);
#951 = CARTESIAN_POINT('',(20.,-42.,-25.));
#952 = VECTOR('',#953,1.);
#953 = DIRECTION('',(0.,1.,-2.22044604925E-16));
#954 = PLANE('',#955);
#955 = AXIS2_PLACEMENT_3D('',#956,#957,#958);
#956 = CARTESIAN_POINT('',(20.,-28.09978165938,-4.550218340611));
#957 = DIRECTION('',(1.,0.,0.));
#958 = DIRECTION('',(0.,0.,1.));
#959 = ADVANCED_FACE('',(#960),#979,.T.);
#960 = FACE_BOUND('',#961,.F.);
#961 = EDGE_LOOP('',(#962,#963,#972,#978));
#962 = ORIENTED_EDGE('',*,*,#797,.T.);
#963 = ORIENTED_EDGE('',*,*,#964,.T.);
#964 = EDGE_CURVE('',#798,#965,#967,.T.);
#965 = VERTEX_POINT('',#966);
#966 = CARTESIAN_POINT('',(0.8,16.9,4.));
#967 = CIRCLE('',#968,19.2);
#968 = AXIS2_PLACEMENT_3D('',#969,#970,#971);
#969 = CARTESIAN_POINT('',(0.8,-2.3,4.));
#970 = DIRECTION('',(0.,0.,1.));
#971 = DIRECTION('',(1.,0.,0.));
#972 = ORIENTED_EDGE('',*,*,#973,.F.);
#973 = EDGE_CURVE('',#409,#965,#974,.T.);
#974 = LINE('',#975,#976);
#975 = CARTESIAN_POINT('',(0.8,16.9,0.));
#976 = VECTOR('',#977,1.);
#977 = DIRECTION('',(0.,0.,1.));
#978 = ORIENTED_EDGE('',*,*,#408,.F.);
#979 = CYLINDRICAL_SURFACE('',#980,19.2);
#980 = AXIS2_PLACEMENT_3D('',#981,#982,#983);
#981 = CARTESIAN_POINT('',(0.8,-2.3,0.));
#982 = DIRECTION('',(-0.,-0.,-1.));
#983 = DIRECTION('',(1.,0.,0.));
#984 = ADVANCED_FACE('',(#985),#996,.T.);
#985 = FACE_BOUND('',#986,.T.);
#986 = EDGE_LOOP('',(#987,#988,#989,#995));
#987 = ORIENTED_EDGE('',*,*,#778,.F.);
#988 = ORIENTED_EDGE('',*,*,#727,.T.);
#989 = ORIENTED_EDGE('',*,*,#990,.T.);
#990 = EDGE_CURVE('',#720,#499,#991,.T.);
#991 = LINE('',#992,#993);
#992 = CARTESIAN_POINT('',(1.5,-34.5,-0.5));
#993 = VECTOR('',#994,1.);
#994 = DIRECTION('',(0.,0.707106781187,0.707106781187));
#995 = ORIENTED_EDGE('',*,*,#506,.F.);
#996 = PLANE('',#997);
#997 = AXIS2_PLACEMENT_3D('',#998,#999,#1000);
#998 = CARTESIAN_POINT('',(6.,-34.5,-0.5));
#999 = DIRECTION('',(0.,0.707106781187,-0.707106781187));
#1000 = DIRECTION('',(-1.,0.,0.));
#1001 = ADVANCED_FACE('',(#1002),#1020,.F.);
#1002 = FACE_BOUND('',#1003,.F.);
#1003 = EDGE_LOOP('',(#1004,#1005,#1013,#1019));
#1004 = ORIENTED_EDGE('',*,*,#973,.T.);
#1005 = ORIENTED_EDGE('',*,*,#1006,.T.);
#1006 = EDGE_CURVE('',#965,#1007,#1009,.T.);
#1007 = VERTEX_POINT('',#1008);
#1008 = CARTESIAN_POINT('',(-0.8,16.9,4.));
#1009 = LINE('',#1010,#1011);
#1010 = CARTESIAN_POINT('',(0.8,16.9,4.));
#1011 = VECTOR('',#1012,1.);
#1012 = DIRECTION('',(-1.,0.,0.));
#1013 = ORIENTED_EDGE('',*,*,#1014,.F.);
#1014 = EDGE_CURVE('',#418,#1007,#1015,.T.);
#1015 = LINE('',#1016,#1017);
#1016 = CARTESIAN_POINT('',(-0.8,16.9,0.));
#1017 = VECTOR('',#1018,1.);
#1018 = DIRECTION('',(0.,0.,1.));
#1019 = ORIENTED_EDGE('',*,*,#417,.F.);
#1020 = PLANE('',#1021);
#1021 = AXIS2_PLACEMENT_3D('',#1022,#1023,#1024);
#1022 = CARTESIAN_POINT('',(0.8,16.9,0.));
#1023 = DIRECTION('',(0.,-1.,0.));
#1024 = DIRECTION('',(-1.,0.,0.));
#1025 = ADVANCED_FACE('',(#1026),#1061,.T.);
#1026 = FACE_BOUND('',#1027,.T.);
#1027 = EDGE_LOOP('',(#1028,#1038,#1044,#1045,#1046,#1047,#1055));
#1028 = ORIENTED_EDGE('',*,*,#1029,.F.);
#1029 = EDGE_CURVE('',#1030,#1032,#1034,.T.);
#1030 = VERTEX_POINT('',#1031);
#1031 = CARTESIAN_POINT('',(1.5,-23.,-1.45));
#1032 = VERTEX_POINT('',#1033);
#1033 = CARTESIAN_POINT('',(1.5,-23.,-1.5));
#1034 = LINE('',#1035,#1036);
#1035 = CARTESIAN_POINT('',(1.5,-23.,0.));
#1036 = VECTOR('',#1037,1.);
#1037 = DIRECTION('',(-0.,-0.,-1.));
#1038 = ORIENTED_EDGE('',*,*,#1039,.F.);
#1039 = EDGE_CURVE('',#491,#1030,#1040,.T.);
#1040 = LINE('',#1041,#1042);
#1041 = CARTESIAN_POINT('',(1.5,-25.275,-3.725));
#1042 = VECTOR('',#1043,1.);
#1043 = DIRECTION('',(0.,-0.707106781187,-0.707106781187));
#1044 = ORIENTED_EDGE('',*,*,#498,.F.);
#1045 = ORIENTED_EDGE('',*,*,#990,.F.);
#1046 = ORIENTED_EDGE('',*,*,#719,.T.);
#1047 = ORIENTED_EDGE('',*,*,#1048,.T.);
#1048 = EDGE_CURVE('',#712,#1049,#1051,.T.);
#1049 = VERTEX_POINT('',#1050);
#1050 = CARTESIAN_POINT('',(1.5,-34.,-1.5));
#1051 = LINE('',#1052,#1053);
#1052 = CARTESIAN_POINT('',(1.5,-34.125,-1.625));
#1053 = VECTOR('',#1054,1.);
#1054 = DIRECTION('',(0.,0.707106781187,0.707106781187));
#1055 = ORIENTED_EDGE('',*,*,#1056,.T.);
#1056 = EDGE_CURVE('',#1049,#1032,#1057,.T.);
#1057 = LINE('',#1058,#1059);
#1058 = CARTESIAN_POINT('',(1.5,-35.,-1.5));
#1059 = VECTOR('',#1060,1.);
#1060 = DIRECTION('',(0.,1.,0.));
#1061 = PLANE('',#1062);
#1062 = AXIS2_PLACEMENT_3D('',#1063,#1064,#1065);
#1063 = CARTESIAN_POINT('',(1.5,-35.,0.));
#1064 = DIRECTION('',(1.,0.,0.));
#1065 = DIRECTION('',(0.,1.,0.));
#1066 = ADVANCED_FACE('',(#1067),#1086,.T.);
#1067 = FACE_BOUND('',#1068,.F.);
#1068 = EDGE_LOOP('',(#1069,#1070,#1079,#1085));
#1069 = ORIENTED_EDGE('',*,*,#1014,.T.);
#1070 = ORIENTED_EDGE('',*,*,#1071,.T.);
#1071 = EDGE_CURVE('',#1007,#1072,#1074,.T.);
#1072 = VERTEX_POINT('',#1073);
#1073 = CARTESIAN_POINT('',(-20.,-2.3,4.));
#1074 = CIRCLE('',#1075,19.2);
#1075 = AXIS2_PLACEMENT_3D('',#1076,#1077,#1078);
#1076 = CARTESIAN_POINT('',(-0.8,-2.3,4.));
#1077 = DIRECTION('',(0.,0.,1.));
#1078 = DIRECTION('',(1.,0.,0.));
#1079 = ORIENTED_EDGE('',*,*,#1080,.F.);
#1080 = EDGE_CURVE('',#426,#1072,#1081,.T.);
#1081 = LINE('',#1082,#1083);
#1082 = CARTESIAN_POINT('',(-20.,-2.3,0.));
#1083 = VECTOR('',#1084,1.);
#1084 = DIRECTION('',(0.,0.,1.));
#1085 = ORIENTED_EDGE('',*,*,#425,.F.);
#1086 = CYLINDRICAL_SURFACE('',#1087,19.2);
#1087 = AXIS2_PLACEMENT_3D('',#1088,#1089,#1090);
#1088 = CARTESIAN_POINT('',(-0.8,-2.3,0.));
#1089 = DIRECTION('',(-0.,-0.,-1.));
#1090 = DIRECTION('',(1.,0.,0.));
#1091 = ADVANCED_FACE('',(#1092),#1110,.T.);
#1092 = FACE_BOUND('',#1093,.F.);
#1093 = EDGE_LOOP('',(#1094,#1095,#1096,#1104));
#1094 = ORIENTED_EDGE('',*,*,#1039,.F.);
#1095 = ORIENTED_EDGE('',*,*,#490,.T.);
#1096 = ORIENTED_EDGE('',*,*,#1097,.T.);
#1097 = EDGE_CURVE('',#483,#1098,#1100,.T.);
#1098 = VERTEX_POINT('',#1099);
#1099 = CARTESIAN_POINT('',(-1.5,-23.,-1.45));
#1100 = LINE('',#1101,#1102);
#1101 = CARTESIAN_POINT('',(-1.5,-22.275,-0.725));
#1102 = VECTOR('',#1103,1.);
#1103 = DIRECTION('',(-0.,-0.707106781187,-0.707106781187));
#1104 = ORIENTED_EDGE('',*,*,#1105,.F.);
#1105 = EDGE_CURVE('',#1030,#1098,#1106,.T.);
#1106 = LINE('',#1107,#1108);
#1107 = CARTESIAN_POINT('',(1.5,-23.,-1.45));
#1108 = VECTOR('',#1109,1.);
#1109 = DIRECTION('',(-1.,0.,0.));
#1110 = PLANE('',#1111);
#1111 = AXIS2_PLACEMENT_3D('',#1112,#1113,#1114);
#1112 = CARTESIAN_POINT('',(1.5,-22.275,-0.725));
#1113 = DIRECTION('',(0.,0.707106781187,-0.707106781187));
#1114 = DIRECTION('',(1.,0.,0.));
#1115 = ADVANCED_FACE('',(#1116),#1309,.T.);
#1116 = FACE_BOUND('',#1117,.T.);
#1117 = EDGE_LOOP('',(#1118,#1124,#1125,#1133,#1141,#1149,#1157,#1165,
    #1173,#1181,#1189,#1197,#1205,#1213,#1221,#1229,#1237,#1245,#1253,
    #1261,#1269,#1277,#1285,#1293,#1301,#1307,#1308));
#1118 = ORIENTED_EDGE('',*,*,#1119,.F.);
#1119 = EDGE_CURVE('',#656,#435,#1120,.T.);
#1120 = LINE('',#1121,#1122);
#1121 = CARTESIAN_POINT('',(-20.,-33.9125,8.75E-02));
#1122 = VECTOR('',#1123,1.);
#1123 = DIRECTION('',(0.,0.707106781187,0.707106781187));
#1124 = ORIENTED_EDGE('',*,*,#655,.F.);
#1125 = ORIENTED_EDGE('',*,*,#1126,.F.);
#1126 = EDGE_CURVE('',#1127,#647,#1129,.T.);
#1127 = VERTEX_POINT('',#1128);
#1128 = CARTESIAN_POINT('',(-20.,-42.,-25.));
#1129 = LINE('',#1130,#1131);
#1130 = CARTESIAN_POINT('',(-20.,-42.,-25.));
#1131 = VECTOR('',#1132,1.);
#1132 = DIRECTION('',(0.,1.,-2.22044604925E-16));
#1133 = ORIENTED_EDGE('',*,*,#1134,.T.);
#1134 = EDGE_CURVE('',#1127,#1135,#1137,.T.);
#1135 = VERTEX_POINT('',#1136);
#1136 = CARTESIAN_POINT('',(-20.,-42.,-17.));
#1137 = LINE('',#1138,#1139);
#1138 = CARTESIAN_POINT('',(-20.,-42.,0.));
#1139 = VECTOR('',#1140,1.);
#1140 = DIRECTION('',(0.,0.,1.));
#1141 = ORIENTED_EDGE('',*,*,#1142,.T.);
#1142 = EDGE_CURVE('',#1135,#1143,#1145,.T.);
#1143 = VERTEX_POINT('',#1144);
#1144 = CARTESIAN_POINT('',(-20.,-38.5,-17.));
#1145 = LINE('',#1146,#1147);
#1146 = CARTESIAN_POINT('',(-20.,-42.,-17.));
#1147 = VECTOR('',#1148,1.);
#1148 = DIRECTION('',(0.,1.,-2.22044604925E-16));
#1149 = ORIENTED_EDGE('',*,*,#1150,.F.);
#1150 = EDGE_CURVE('',#1151,#1143,#1153,.T.);
#1151 = VERTEX_POINT('',#1152);
#1152 = CARTESIAN_POINT('',(-20.,-38.5,-17.5));
#1153 = LINE('',#1154,#1155);
#1154 = CARTESIAN_POINT('',(-20.,-38.5,-2.025109170306));
#1155 = VECTOR('',#1156,1.);
#1156 = DIRECTION('',(0.,0.,1.));
#1157 = ORIENTED_EDGE('',*,*,#1158,.F.);
#1158 = EDGE_CURVE('',#1159,#1151,#1161,.T.);
#1159 = VERTEX_POINT('',#1160);
#1160 = CARTESIAN_POINT('',(-20.,-36.9,-17.5));
#1161 = LINE('',#1162,#1163);
#1162 = CARTESIAN_POINT('',(-20.,-33.29989082969,-17.5));
#1163 = VECTOR('',#1164,1.);
#1164 = DIRECTION('',(0.,-1.,0.));
#1165 = ORIENTED_EDGE('',*,*,#1166,.F.);
#1166 = EDGE_CURVE('',#1167,#1159,#1169,.T.);
#1167 = VERTEX_POINT('',#1168);
#1168 = CARTESIAN_POINT('',(-20.,-36.9,-17.));
#1169 = LINE('',#1170,#1171);
#1170 = CARTESIAN_POINT('',(-20.,-36.9,-11.0251091703));
#1171 = VECTOR('',#1172,1.);
#1172 = DIRECTION('',(0.,0.,-1.));
#1173 = ORIENTED_EDGE('',*,*,#1174,.T.);
#1174 = EDGE_CURVE('',#1167,#1175,#1177,.T.);
#1175 = VERTEX_POINT('',#1176);
#1176 = CARTESIAN_POINT('',(-20.,-36.5,-17.));
#1177 = LINE('',#1178,#1179);
#1178 = CARTESIAN_POINT('',(-20.,-42.,-17.));
#1179 = VECTOR('',#1180,1.);
#1180 = DIRECTION('',(0.,1.,-2.22044604925E-16));
#1181 = ORIENTED_EDGE('',*,*,#1182,.F.);
#1182 = EDGE_CURVE('',#1183,#1175,#1185,.T.);
#1183 = VERTEX_POINT('',#1184);
#1184 = CARTESIAN_POINT('',(-20.,-36.5,9.217672567935E-15));
#1185 = LINE('',#1186,#1187);
#1186 = CARTESIAN_POINT('',(-20.,-36.5,9.217672567935E-15));
#1187 = VECTOR('',#1188,1.);
#1188 = DIRECTION('',(0.,-2.22044604925E-16,-1.));
#1189 = ORIENTED_EDGE('',*,*,#1190,.F.);
#1190 = EDGE_CURVE('',#1191,#1183,#1193,.T.);
#1191 = VERTEX_POINT('',#1192);
#1192 = CARTESIAN_POINT('',(-20.,-36.9,9.306490409905E-15));
#1193 = LINE('',#1194,#1195);
#1194 = CARTESIAN_POINT('',(-20.,-42.,1.043891789502E-14));
#1195 = VECTOR('',#1196,1.);
#1196 = DIRECTION('',(0.,1.,-2.22044604925E-16));
#1197 = ORIENTED_EDGE('',*,*,#1198,.F.);
#1198 = EDGE_CURVE('',#1199,#1191,#1201,.T.);
#1199 = VERTEX_POINT('',#1200);
#1200 = CARTESIAN_POINT('',(-20.,-36.9,0.5));
#1201 = LINE('',#1202,#1203);
#1202 = CARTESIAN_POINT('',(-20.,-36.9,-11.0251091703));
#1203 = VECTOR('',#1204,1.);
#1204 = DIRECTION('',(0.,0.,-1.));
#1205 = ORIENTED_EDGE('',*,*,#1206,.F.);
#1206 = EDGE_CURVE('',#1207,#1199,#1209,.T.);
#1207 = VERTEX_POINT('',#1208);
#1208 = CARTESIAN_POINT('',(-20.,-38.5,0.5));
#1209 = LINE('',#1210,#1211);
#1210 = CARTESIAN_POINT('',(-20.,-32.49989082969,0.5));
#1211 = VECTOR('',#1212,1.);
#1212 = DIRECTION('',(0.,1.,0.));
#1213 = ORIENTED_EDGE('',*,*,#1214,.F.);
#1214 = EDGE_CURVE('',#1215,#1207,#1217,.T.);
#1215 = VERTEX_POINT('',#1216);
#1216 = CARTESIAN_POINT('',(-20.,-38.5,9.661761777785E-15));
#1217 = LINE('',#1218,#1219);
#1218 = CARTESIAN_POINT('',(-20.,-38.5,-2.025109170306));
#1219 = VECTOR('',#1220,1.);
#1220 = DIRECTION('',(0.,0.,1.));
#1221 = ORIENTED_EDGE('',*,*,#1222,.F.);
#1222 = EDGE_CURVE('',#1223,#1215,#1225,.T.);
#1223 = VERTEX_POINT('',#1224);
#1224 = CARTESIAN_POINT('',(-20.,-42.,1.043891789502E-14));
#1225 = LINE('',#1226,#1227);
#1226 = CARTESIAN_POINT('',(-20.,-42.,1.043891789502E-14));
#1227 = VECTOR('',#1228,1.);
#1228 = DIRECTION('',(0.,1.,-2.22044604925E-16));
#1229 = ORIENTED_EDGE('',*,*,#1230,.T.);
#1230 = EDGE_CURVE('',#1223,#1231,#1233,.T.);
#1231 = VERTEX_POINT('',#1232);
#1232 = CARTESIAN_POINT('',(-20.,-42.,4.));
#1233 = LINE('',#1234,#1235);
#1234 = CARTESIAN_POINT('',(-20.,-42.,0.));
#1235 = VECTOR('',#1236,1.);
#1236 = DIRECTION('',(0.,0.,1.));
#1237 = ORIENTED_EDGE('',*,*,#1238,.F.);
#1238 = EDGE_CURVE('',#1239,#1231,#1241,.T.);
#1239 = VERTEX_POINT('',#1240);
#1240 = CARTESIAN_POINT('',(-20.,-40.,4.));
#1241 = LINE('',#1242,#1243);
#1242 = CARTESIAN_POINT('',(-20.,-2.3,4.));
#1243 = VECTOR('',#1244,1.);
#1244 = DIRECTION('',(0.,-1.,0.));
#1245 = ORIENTED_EDGE('',*,*,#1246,.T.);
#1246 = EDGE_CURVE('',#1239,#1247,#1249,.T.);
#1247 = VERTEX_POINT('',#1248);
#1248 = CARTESIAN_POINT('',(-20.,-40.,3.));
#1249 = LINE('',#1250,#1251);
#1250 = CARTESIAN_POINT('',(-20.,-40.,-0.775109170306));
#1251 = VECTOR('',#1252,1.);
#1252 = DIRECTION('',(0.,0.,-1.));
#1253 = ORIENTED_EDGE('',*,*,#1254,.T.);
#1254 = EDGE_CURVE('',#1247,#1255,#1257,.T.);
#1255 = VERTEX_POINT('',#1256);
#1256 = CARTESIAN_POINT('',(-20.,-39.,3.));
#1257 = LINE('',#1258,#1259);
#1258 = CARTESIAN_POINT('',(-20.,-33.54989082969,3.));
#1259 = VECTOR('',#1260,1.);
#1260 = DIRECTION('',(0.,1.,0.));
#1261 = ORIENTED_EDGE('',*,*,#1262,.T.);
#1262 = EDGE_CURVE('',#1255,#1263,#1265,.T.);
#1263 = VERTEX_POINT('',#1264);
#1264 = CARTESIAN_POINT('',(-20.,-39.,4.));
#1265 = LINE('',#1266,#1267);
#1266 = CARTESIAN_POINT('',(-20.,-39.,-0.275109170306));
#1267 = VECTOR('',#1268,1.);
#1268 = DIRECTION('',(0.,0.,1.));
#1269 = ORIENTED_EDGE('',*,*,#1270,.F.);
#1270 = EDGE_CURVE('',#1271,#1263,#1273,.T.);
#1271 = VERTEX_POINT('',#1272);
#1272 = CARTESIAN_POINT('',(-20.,-32.,4.));
#1273 = LINE('',#1274,#1275);
#1274 = CARTESIAN_POINT('',(-20.,-2.3,4.));
#1275 = VECTOR('',#1276,1.);
#1276 = DIRECTION('',(0.,-1.,0.));
#1277 = ORIENTED_EDGE('',*,*,#1278,.T.);
#1278 = EDGE_CURVE('',#1271,#1279,#1281,.T.);
#1279 = VERTEX_POINT('',#1280);
#1280 = CARTESIAN_POINT('',(-20.,-32.,1.5));
#1281 = LINE('',#1282,#1283);
#1282 = CARTESIAN_POINT('',(-20.,-32.,4.));
#1283 = VECTOR('',#1284,1.);
#1284 = DIRECTION('',(-0.,-0.,-1.));
#1285 = ORIENTED_EDGE('',*,*,#1286,.T.);
#1286 = EDGE_CURVE('',#1279,#1287,#1289,.T.);
#1287 = VERTEX_POINT('',#1288);
#1288 = CARTESIAN_POINT('',(-20.,-28.,1.5));
#1289 = LINE('',#1290,#1291);
#1290 = CARTESIAN_POINT('',(-20.,-32.,1.5));
#1291 = VECTOR('',#1292,1.);
#1292 = DIRECTION('',(0.,1.,0.));
#1293 = ORIENTED_EDGE('',*,*,#1294,.F.);
#1294 = EDGE_CURVE('',#1295,#1287,#1297,.T.);
#1295 = VERTEX_POINT('',#1296);
#1296 = CARTESIAN_POINT('',(-20.,-28.,4.));
#1297 = LINE('',#1298,#1299);
#1298 = CARTESIAN_POINT('',(-20.,-28.,4.));
#1299 = VECTOR('',#1300,1.);
#1300 = DIRECTION('',(-0.,-0.,-1.));
#1301 = ORIENTED_EDGE('',*,*,#1302,.F.);
#1302 = EDGE_CURVE('',#1072,#1295,#1303,.T.);
#1303 = LINE('',#1304,#1305);
#1304 = CARTESIAN_POINT('',(-20.,-2.3,4.));
#1305 = VECTOR('',#1306,1.);
#1306 = DIRECTION('',(0.,-1.,0.));
#1307 = ORIENTED_EDGE('',*,*,#1080,.F.);
#1308 = ORIENTED_EDGE('',*,*,#434,.T.);
#1309 = PLANE('',#1310);
#1310 = AXIS2_PLACEMENT_3D('',#1311,#1312,#1313);
#1311 = CARTESIAN_POINT('',(-20.,-28.09978165938,-4.550218340611));
#1312 = DIRECTION('',(-1.,-0.,-0.));
#1313 = DIRECTION('',(0.,0.,-1.));
#1314 = ADVANCED_FACE('',(#1315),#1348,.T.);
#1315 = FACE_BOUND('',#1316,.T.);
#1316 = EDGE_LOOP('',(#1317,#1325,#1333,#1339,#1340,#1346,#1347));
#1317 = ORIENTED_EDGE('',*,*,#1318,.T.);
#1318 = EDGE_CURVE('',#1098,#1319,#1321,.T.);
#1319 = VERTEX_POINT('',#1320);
#1320 = CARTESIAN_POINT('',(-1.5,-23.,-1.5));
#1321 = LINE('',#1322,#1323);
#1322 = CARTESIAN_POINT('',(-1.5,-23.,0.));
#1323 = VECTOR('',#1324,1.);
#1324 = DIRECTION('',(-0.,-0.,-1.));
#1325 = ORIENTED_EDGE('',*,*,#1326,.T.);
#1326 = EDGE_CURVE('',#1319,#1327,#1329,.T.);
#1327 = VERTEX_POINT('',#1328);
#1328 = CARTESIAN_POINT('',(-1.5,-34.,-1.5));
#1329 = LINE('',#1330,#1331);
#1330 = CARTESIAN_POINT('',(-1.5,-23.,-1.5));
#1331 = VECTOR('',#1332,1.);
#1332 = DIRECTION('',(0.,-1.,0.));
#1333 = ORIENTED_EDGE('',*,*,#1334,.F.);
#1334 = EDGE_CURVE('',#704,#1327,#1335,.T.);
#1335 = LINE('',#1336,#1337);
#1336 = CARTESIAN_POINT('',(-1.5,-31.125,1.375));
#1337 = VECTOR('',#1338,1.);
#1338 = DIRECTION('',(0.,0.707106781187,0.707106781187));
#1339 = ORIENTED_EDGE('',*,*,#703,.F.);
#1340 = ORIENTED_EDGE('',*,*,#1341,.T.);
#1341 = EDGE_CURVE('',#696,#475,#1342,.T.);
#1342 = LINE('',#1343,#1344);
#1343 = CARTESIAN_POINT('',(-1.5,-31.5,2.5));
#1344 = VECTOR('',#1345,1.);
#1345 = DIRECTION('',(0.,0.707106781187,0.707106781187));
#1346 = ORIENTED_EDGE('',*,*,#482,.T.);
#1347 = ORIENTED_EDGE('',*,*,#1097,.T.);
#1348 = PLANE('',#1349);
#1349 = AXIS2_PLACEMENT_3D('',#1350,#1351,#1352);
#1350 = CARTESIAN_POINT('',(-1.5,-23.,0.));
#1351 = DIRECTION('',(-1.,0.,0.));
#1352 = DIRECTION('',(0.,-1.,0.));
#1353 = ADVANCED_FACE('',(#1354),#1365,.T.);
#1354 = FACE_BOUND('',#1355,.T.);
#1355 = EDGE_LOOP('',(#1356,#1362,#1363,#1364));
#1356 = ORIENTED_EDGE('',*,*,#1357,.F.);
#1357 = EDGE_CURVE('',#664,#443,#1358,.T.);
#1358 = LINE('',#1359,#1360);
#1359 = CARTESIAN_POINT('',(-9.,-31.5,2.5));
#1360 = VECTOR('',#1361,1.);
#1361 = DIRECTION('',(0.,0.707106781187,0.707106781187));
#1362 = ORIENTED_EDGE('',*,*,#663,.T.);
#1363 = ORIENTED_EDGE('',*,*,#1119,.T.);
#1364 = ORIENTED_EDGE('',*,*,#442,.F.);
#1365 = PLANE('',#1366);
#1366 = AXIS2_PLACEMENT_3D('',#1367,#1368,#1369);
#1367 = CARTESIAN_POINT('',(-9.,-34.5,-0.5));
#1368 = DIRECTION('',(0.,0.707106781187,-0.707106781187));
#1369 = DIRECTION('',(-1.,0.,0.));
#1370 = ADVANCED_FACE('',(#1371),#1382,.T.);
#1371 = FACE_BOUND('',#1372,.T.);
#1372 = EDGE_LOOP('',(#1373,#1374,#1375,#1381));
#1373 = ORIENTED_EDGE('',*,*,#1341,.F.);
#1374 = ORIENTED_EDGE('',*,*,#695,.T.);
#1375 = ORIENTED_EDGE('',*,*,#1376,.T.);
#1376 = EDGE_CURVE('',#688,#467,#1377,.T.);
#1377 = LINE('',#1378,#1379);
#1378 = CARTESIAN_POINT('',(-6.,-34.5,-0.5));
#1379 = VECTOR('',#1380,1.);
#1380 = DIRECTION('',(0.,0.707106781187,0.707106781187));
#1381 = ORIENTED_EDGE('',*,*,#474,.F.);
#1382 = PLANE('',#1383);
#1383 = AXIS2_PLACEMENT_3D('',#1384,#1385,#1386);
#1384 = CARTESIAN_POINT('',(-1.5,-34.5,-0.5));
#1385 = DIRECTION('',(0.,0.707106781187,-0.707106781187));
#1386 = DIRECTION('',(-1.,0.,0.));
#1387 = ADVANCED_FACE('',(#1388),#1423,.T.);
#1388 = FACE_BOUND('',#1389,.T.);
#1389 = EDGE_LOOP('',(#1390,#1400,#1408,#1414,#1415,#1416,#1417));
#1390 = ORIENTED_EDGE('',*,*,#1391,.T.);
#1391 = EDGE_CURVE('',#1392,#1394,#1396,.T.);
#1392 = VERTEX_POINT('',#1393);
#1393 = CARTESIAN_POINT('',(-9.,-23.,-1.45));
#1394 = VERTEX_POINT('',#1395);
#1395 = CARTESIAN_POINT('',(-9.,-23.,-1.5));
#1396 = LINE('',#1397,#1398);
#1397 = CARTESIAN_POINT('',(-9.,-23.,0.));
#1398 = VECTOR('',#1399,1.);
#1399 = DIRECTION('',(-0.,-0.,-1.));
#1400 = ORIENTED_EDGE('',*,*,#1401,.T.);
#1401 = EDGE_CURVE('',#1394,#1402,#1404,.T.);
#1402 = VERTEX_POINT('',#1403);
#1403 = CARTESIAN_POINT('',(-9.,-34.,-1.5));
#1404 = LINE('',#1405,#1406);
#1405 = CARTESIAN_POINT('',(-9.,-23.,-1.5));
#1406 = VECTOR('',#1407,1.);
#1407 = DIRECTION('',(0.,-1.,0.));
#1408 = ORIENTED_EDGE('',*,*,#1409,.F.);
#1409 = EDGE_CURVE('',#672,#1402,#1410,.T.);
#1410 = LINE('',#1411,#1412);
#1411 = CARTESIAN_POINT('',(-9.,-31.125,1.375));
#1412 = VECTOR('',#1413,1.);
#1413 = DIRECTION('',(0.,0.707106781187,0.707106781187));
#1414 = ORIENTED_EDGE('',*,*,#671,.F.);
#1415 = ORIENTED_EDGE('',*,*,#1357,.T.);
#1416 = ORIENTED_EDGE('',*,*,#450,.T.);
#1417 = ORIENTED_EDGE('',*,*,#1418,.T.);
#1418 = EDGE_CURVE('',#451,#1392,#1419,.T.);
#1419 = LINE('',#1420,#1421);
#1420 = CARTESIAN_POINT('',(-9.,-22.275,-0.725));
#1421 = VECTOR('',#1422,1.);
#1422 = DIRECTION('',(-0.,-0.707106781187,-0.707106781187));
#1423 = PLANE('',#1424);
#1424 = AXIS2_PLACEMENT_3D('',#1425,#1426,#1427);
#1425 = CARTESIAN_POINT('',(-9.,-23.,0.));
#1426 = DIRECTION('',(-1.,0.,0.));
#1427 = DIRECTION('',(0.,-1.,0.));
#1428 = ADVANCED_FACE('',(#1429),#1464,.T.);
#1429 = FACE_BOUND('',#1430,.T.);
#1430 = EDGE_LOOP('',(#1431,#1441,#1447,#1448,#1449,#1450,#1458));
#1431 = ORIENTED_EDGE('',*,*,#1432,.F.);
#1432 = EDGE_CURVE('',#1433,#1435,#1437,.T.);
#1433 = VERTEX_POINT('',#1434);
#1434 = CARTESIAN_POINT('',(-6.,-23.,-1.45));
#1435 = VERTEX_POINT('',#1436);
#1436 = CARTESIAN_POINT('',(-6.,-23.,-1.5));
#1437 = LINE('',#1438,#1439);
#1438 = CARTESIAN_POINT('',(-6.,-23.,0.));
#1439 = VECTOR('',#1440,1.);
#1440 = DIRECTION('',(-0.,-0.,-1.));
#1441 = ORIENTED_EDGE('',*,*,#1442,.F.);
#1442 = EDGE_CURVE('',#459,#1433,#1443,.T.);
#1443 = LINE('',#1444,#1445);
#1444 = CARTESIAN_POINT('',(-6.,-25.275,-3.725));
#1445 = VECTOR('',#1446,1.);
#1446 = DIRECTION('',(0.,-0.707106781187,-0.707106781187));
#1447 = ORIENTED_EDGE('',*,*,#466,.F.);
#1448 = ORIENTED_EDGE('',*,*,#1376,.F.);
#1449 = ORIENTED_EDGE('',*,*,#687,.T.);
#1450 = ORIENTED_EDGE('',*,*,#1451,.T.);
#1451 = EDGE_CURVE('',#680,#1452,#1454,.T.);
#1452 = VERTEX_POINT('',#1453);
#1453 = CARTESIAN_POINT('',(-6.,-34.,-1.5));
#1454 = LINE('',#1455,#1456);
#1455 = CARTESIAN_POINT('',(-6.,-34.125,-1.625));
#1456 = VECTOR('',#1457,1.);
#1457 = DIRECTION('',(0.,0.707106781187,0.707106781187));
#1458 = ORIENTED_EDGE('',*,*,#1459,.T.);
#1459 = EDGE_CURVE('',#1452,#1435,#1460,.T.);
#1460 = LINE('',#1461,#1462);
#1461 = CARTESIAN_POINT('',(-6.,-35.,-1.5));
#1462 = VECTOR('',#1463,1.);
#1463 = DIRECTION('',(0.,1.,0.));
#1464 = PLANE('',#1465);
#1465 = AXIS2_PLACEMENT_3D('',#1466,#1467,#1468);
#1466 = CARTESIAN_POINT('',(-6.,-35.,0.));
#1467 = DIRECTION('',(1.,0.,0.));
#1468 = DIRECTION('',(0.,1.,0.));
#1469 = ADVANCED_FACE('',(#1470),#1481,.T.);
#1470 = FACE_BOUND('',#1471,.F.);
#1471 = EDGE_LOOP('',(#1472,#1473,#1474,#1475));
#1472 = ORIENTED_EDGE('',*,*,#1442,.F.);
#1473 = ORIENTED_EDGE('',*,*,#458,.T.);
#1474 = ORIENTED_EDGE('',*,*,#1418,.T.);
#1475 = ORIENTED_EDGE('',*,*,#1476,.F.);
#1476 = EDGE_CURVE('',#1433,#1392,#1477,.T.);
#1477 = LINE('',#1478,#1479);
#1478 = CARTESIAN_POINT('',(-6.,-23.,-1.45));
#1479 = VECTOR('',#1480,1.);
#1480 = DIRECTION('',(-1.,0.,0.));
#1481 = PLANE('',#1482);
#1482 = AXIS2_PLACEMENT_3D('',#1483,#1484,#1485);
#1483 = CARTESIAN_POINT('',(-6.,-22.275,-0.725));
#1484 = DIRECTION('',(0.,0.707106781187,-0.707106781187));
#1485 = DIRECTION('',(1.,0.,0.));
#1486 = ADVANCED_FACE('',(#1487),#1512,.F.);
#1487 = FACE_BOUND('',#1488,.F.);
#1488 = EDGE_LOOP('',(#1489,#1490,#1498,#1506));
#1489 = ORIENTED_EDGE('',*,*,#559,.F.);
#1490 = ORIENTED_EDGE('',*,*,#1491,.T.);
#1491 = EDGE_CURVE('',#552,#1492,#1494,.T.);
#1492 = VERTEX_POINT('',#1493);
#1493 = CARTESIAN_POINT('',(-5.2391776,-21.3528347,0.5));
#1494 = LINE('',#1495,#1496);
#1495 = CARTESIAN_POINT('',(-5.2391776,-21.3528347,0.));
#1496 = VECTOR('',#1497,1.);
#1497 = DIRECTION('',(0.,0.,1.));
#1498 = ORIENTED_EDGE('',*,*,#1499,.T.);
#1499 = EDGE_CURVE('',#1492,#1500,#1502,.T.);
#1500 = VERTEX_POINT('',#1501);
#1501 = CARTESIAN_POINT('',(-5.2391776,-12.87482108907,0.5));
#1502 = LINE('',#1503,#1504);
#1503 = CARTESIAN_POINT('',(-5.2391776,-18.43487435,0.5));
#1504 = VECTOR('',#1505,1.);
#1505 = DIRECTION('',(0.,1.,0.));
#1506 = ORIENTED_EDGE('',*,*,#1507,.F.);
#1507 = EDGE_CURVE('',#526,#1500,#1508,.T.);
#1508 = LINE('',#1509,#1510);
#1509 = CARTESIAN_POINT('',(-5.2391776,-12.87482108907,0.));
#1510 = VECTOR('',#1511,1.);
#1511 = DIRECTION('',(0.,0.,1.));
#1512 = PLANE('',#1513);
#1513 = AXIS2_PLACEMENT_3D('',#1514,#1515,#1516);
#1514 = CARTESIAN_POINT('',(-5.2391776,-21.3528347,0.));
#1515 = DIRECTION('',(-1.,0.,0.));
#1516 = DIRECTION('',(0.,1.,0.));
#1517 = ADVANCED_FACE('',(#1518),#1536,.F.);
#1518 = FACE_BOUND('',#1519,.F.);
#1519 = EDGE_LOOP('',(#1520,#1521,#1529,#1535));
#1520 = ORIENTED_EDGE('',*,*,#551,.F.);
#1521 = ORIENTED_EDGE('',*,*,#1522,.T.);
#1522 = EDGE_CURVE('',#544,#1523,#1525,.T.);
#1523 = VERTEX_POINT('',#1524);
#1524 = CARTESIAN_POINT('',(5.1436634,-21.3528347,0.5));
#1525 = LINE('',#1526,#1527);
#1526 = CARTESIAN_POINT('',(5.1436634,-21.3528347,0.));
#1527 = VECTOR('',#1528,1.);
#1528 = DIRECTION('',(0.,0.,1.));
#1529 = ORIENTED_EDGE('',*,*,#1530,.T.);
#1530 = EDGE_CURVE('',#1523,#1492,#1531,.T.);
#1531 = LINE('',#1532,#1533);
#1532 = CARTESIAN_POINT('',(2.650434117366,-21.3528347,0.5));
#1533 = VECTOR('',#1534,1.);
#1534 = DIRECTION('',(-1.,0.,0.));
#1535 = ORIENTED_EDGE('',*,*,#1491,.F.);
#1536 = PLANE('',#1537);
#1537 = AXIS2_PLACEMENT_3D('',#1538,#1539,#1540);
#1538 = CARTESIAN_POINT('',(5.1436634,-21.3528347,0.));
#1539 = DIRECTION('',(0.,-1.,0.));
#1540 = DIRECTION('',(-1.,0.,0.));
#1541 = ADVANCED_FACE('',(#1542),#1560,.F.);
#1542 = FACE_BOUND('',#1543,.F.);
#1543 = EDGE_LOOP('',(#1544,#1545,#1553,#1559));
#1544 = ORIENTED_EDGE('',*,*,#543,.F.);
#1545 = ORIENTED_EDGE('',*,*,#1546,.T.);
#1546 = EDGE_CURVE('',#535,#1547,#1549,.T.);
#1547 = VERTEX_POINT('',#1548);
#1548 = CARTESIAN_POINT('',(5.1436634,-12.91327715289,0.5));
#1549 = LINE('',#1550,#1551);
#1550 = CARTESIAN_POINT('',(5.1436634,-12.91327715289,0.));
#1551 = VECTOR('',#1552,1.);
#1552 = DIRECTION('',(0.,0.,1.));
#1553 = ORIENTED_EDGE('',*,*,#1554,.T.);
#1554 = EDGE_CURVE('',#1547,#1523,#1555,.T.);
#1555 = LINE('',#1556,#1557);
#1556 = CARTESIAN_POINT('',(5.1436634,-14.21509557644,0.5));
#1557 = VECTOR('',#1558,1.);
#1558 = DIRECTION('',(0.,-1.,0.));
#1559 = ORIENTED_EDGE('',*,*,#1522,.F.);
#1560 = PLANE('',#1561);
#1561 = AXIS2_PLACEMENT_3D('',#1562,#1563,#1564);
#1562 = CARTESIAN_POINT('',(5.1436634,-12.91327715289,0.));
#1563 = DIRECTION('',(1.,0.,0.));
#1564 = DIRECTION('',(0.,-1.,0.));
#1565 = ADVANCED_FACE('',(#1566,#1585),#1639,.T.);
#1566 = FACE_BOUND('',#1567,.T.);
#1567 = EDGE_LOOP('',(#1568,#1576,#1577,#1578));
#1568 = ORIENTED_EDGE('',*,*,#1569,.T.);
#1569 = EDGE_CURVE('',#1570,#630,#1572,.T.);
#1570 = VERTEX_POINT('',#1571);
#1571 = CARTESIAN_POINT('',(12.,-42.,-25.));
#1572 = LINE('',#1573,#1574);
#1573 = CARTESIAN_POINT('',(12.,-42.,-25.));
#1574 = VECTOR('',#1575,1.);
#1575 = DIRECTION('',(0.,1.,-2.22044604925E-16));
#1576 = ORIENTED_EDGE('',*,*,#629,.T.);
#1577 = ORIENTED_EDGE('',*,*,#949,.F.);
#1578 = ORIENTED_EDGE('',*,*,#1579,.F.);
#1579 = EDGE_CURVE('',#1570,#942,#1580,.T.);
#1580 = CIRCLE('',#1581,4.);
#1581 = AXIS2_PLACEMENT_3D('',#1582,#1583,#1584);
#1582 = CARTESIAN_POINT('',(16.,-42.,-25.));
#1583 = DIRECTION('',(0.,-1.,2.22044604925E-16));
#1584 = DIRECTION('',(1.,0.,0.));
#1585 = FACE_BOUND('',#1586,.T.);
#1586 = EDGE_LOOP('',(#1587,#1598,#1606,#1615,#1624,#1632));
#1587 = ORIENTED_EDGE('',*,*,#1588,.F.);
#1588 = EDGE_CURVE('',#1589,#1591,#1593,.T.);
#1589 = VERTEX_POINT('',#1590);
#1590 = CARTESIAN_POINT('',(13.354248688935,-39.,-28.));
#1591 = VERTEX_POINT('',#1592);
#1592 = CARTESIAN_POINT('',(16.,-39.,-29.));
#1593 = CIRCLE('',#1594,4.);
#1594 = AXIS2_PLACEMENT_3D('',#1595,#1596,#1597);
#1595 = CARTESIAN_POINT('',(16.,-39.,-25.));
#1596 = DIRECTION('',(0.,-1.,2.22044604925E-16));
#1597 = DIRECTION('',(1.,0.,0.));
#1598 = ORIENTED_EDGE('',*,*,#1599,.T.);
#1599 = EDGE_CURVE('',#1589,#1600,#1602,.T.);
#1600 = VERTEX_POINT('',#1601);
#1601 = CARTESIAN_POINT('',(13.354248688935,-40.,-28.));
#1602 = LINE('',#1603,#1604);
#1603 = CARTESIAN_POINT('',(13.354248688935,-42.,-28.));
#1604 = VECTOR('',#1605,1.);
#1605 = DIRECTION('',(0.,-1.,2.22044604925E-16));
#1606 = ORIENTED_EDGE('',*,*,#1607,.T.);
#1607 = EDGE_CURVE('',#1600,#1608,#1610,.T.);
#1608 = VERTEX_POINT('',#1609);
#1609 = CARTESIAN_POINT('',(16.,-40.,-29.));
#1610 = CIRCLE('',#1611,4.);
#1611 = AXIS2_PLACEMENT_3D('',#1612,#1613,#1614);
#1612 = CARTESIAN_POINT('',(16.,-40.,-25.));
#1613 = DIRECTION('',(0.,-1.,2.22044604925E-16));
#1614 = DIRECTION('',(1.,0.,0.));
#1615 = ORIENTED_EDGE('',*,*,#1616,.T.);
#1616 = EDGE_CURVE('',#1608,#1617,#1619,.T.);
#1617 = VERTEX_POINT('',#1618);
#1618 = CARTESIAN_POINT('',(18.645751311065,-40.,-28.));
#1619 = CIRCLE('',#1620,4.);
#1620 = AXIS2_PLACEMENT_3D('',#1621,#1622,#1623);
#1621 = CARTESIAN_POINT('',(16.,-40.,-25.));
#1622 = DIRECTION('',(0.,-1.,2.22044604925E-16));
#1623 = DIRECTION('',(1.,0.,0.));
#1624 = ORIENTED_EDGE('',*,*,#1625,.F.);
#1625 = EDGE_CURVE('',#1626,#1617,#1628,.T.);
#1626 = VERTEX_POINT('',#1627);
#1627 = CARTESIAN_POINT('',(18.645751311065,-39.,-28.));
#1628 = LINE('',#1629,#1630);
#1629 = CARTESIAN_POINT('',(18.645751311065,-42.,-28.));
#1630 = VECTOR('',#1631,1.);
#1631 = DIRECTION('',(0.,-1.,2.22044604925E-16));
#1632 = ORIENTED_EDGE('',*,*,#1633,.F.);
#1633 = EDGE_CURVE('',#1591,#1626,#1634,.T.);
#1634 = CIRCLE('',#1635,4.);
#1635 = AXIS2_PLACEMENT_3D('',#1636,#1637,#1638);
#1636 = CARTESIAN_POINT('',(16.,-39.,-25.));
#1637 = DIRECTION('',(0.,-1.,2.22044604925E-16));
#1638 = DIRECTION('',(1.,0.,0.));
#1639 = CYLINDRICAL_SURFACE('',#1640,4.);
#1640 = AXIS2_PLACEMENT_3D('',#1641,#1642,#1643);
#1641 = CARTESIAN_POINT('',(16.,-42.,-25.));
#1642 = DIRECTION('',(0.,-1.,2.22044604925E-16));
#1643 = DIRECTION('',(1.,0.,0.));
#1644 = ADVANCED_FACE('',(#1645),#1663,.T.);
#1645 = FACE_BOUND('',#1646,.T.);
#1646 = EDGE_LOOP('',(#1647,#1655,#1656,#1657));
#1647 = ORIENTED_EDGE('',*,*,#1648,.T.);
#1648 = EDGE_CURVE('',#1649,#639,#1651,.T.);
#1649 = VERTEX_POINT('',#1650);
#1650 = CARTESIAN_POINT('',(-12.,-42.,-25.));
#1651 = LINE('',#1652,#1653);
#1652 = CARTESIAN_POINT('',(-12.,-42.,-25.));
#1653 = VECTOR('',#1654,1.);
#1654 = DIRECTION('',(0.,1.,-2.22044604925E-16));
#1655 = ORIENTED_EDGE('',*,*,#638,.T.);
#1656 = ORIENTED_EDGE('',*,*,#1569,.F.);
#1657 = ORIENTED_EDGE('',*,*,#1658,.F.);
#1658 = EDGE_CURVE('',#1649,#1570,#1659,.T.);
#1659 = LINE('',#1660,#1661);
#1660 = CARTESIAN_POINT('',(-12.,-42.,-25.));
#1661 = VECTOR('',#1662,1.);
#1662 = DIRECTION('',(1.,0.,0.));
#1663 = PLANE('',#1664);
#1664 = AXIS2_PLACEMENT_3D('',#1665,#1666,#1667);
#1665 = CARTESIAN_POINT('',(-12.,-42.,-25.));
#1666 = DIRECTION('',(0.,-2.22044604925E-16,-1.));
#1667 = DIRECTION('',(1.,0.,0.));
#1668 = ADVANCED_FACE('',(#1669,#1681),#1735,.T.);
#1669 = FACE_BOUND('',#1670,.T.);
#1670 = EDGE_LOOP('',(#1671,#1672,#1673,#1674));
#1671 = ORIENTED_EDGE('',*,*,#1126,.T.);
#1672 = ORIENTED_EDGE('',*,*,#646,.T.);
#1673 = ORIENTED_EDGE('',*,*,#1648,.F.);
#1674 = ORIENTED_EDGE('',*,*,#1675,.F.);
#1675 = EDGE_CURVE('',#1127,#1649,#1676,.T.);
#1676 = CIRCLE('',#1677,4.);
#1677 = AXIS2_PLACEMENT_3D('',#1678,#1679,#1680);
#1678 = CARTESIAN_POINT('',(-16.,-42.,-25.));
#1679 = DIRECTION('',(0.,-1.,2.22044604925E-16));
#1680 = DIRECTION('',(1.,0.,0.));
#1681 = FACE_BOUND('',#1682,.T.);
#1682 = EDGE_LOOP('',(#1683,#1694,#1702,#1711,#1720,#1728));
#1683 = ORIENTED_EDGE('',*,*,#1684,.F.);
#1684 = EDGE_CURVE('',#1685,#1687,#1689,.T.);
#1685 = VERTEX_POINT('',#1686);
#1686 = CARTESIAN_POINT('',(-18.64575131106,-39.,-28.));
#1687 = VERTEX_POINT('',#1688);
#1688 = CARTESIAN_POINT('',(-16.,-39.,-29.));
#1689 = CIRCLE('',#1690,4.);
#1690 = AXIS2_PLACEMENT_3D('',#1691,#1692,#1693);
#1691 = CARTESIAN_POINT('',(-16.,-39.,-25.));
#1692 = DIRECTION('',(0.,-1.,2.22044604925E-16));
#1693 = DIRECTION('',(1.,0.,0.));
#1694 = ORIENTED_EDGE('',*,*,#1695,.T.);
#1695 = EDGE_CURVE('',#1685,#1696,#1698,.T.);
#1696 = VERTEX_POINT('',#1697);
#1697 = CARTESIAN_POINT('',(-18.64575131106,-40.,-28.));
#1698 = LINE('',#1699,#1700);
#1699 = CARTESIAN_POINT('',(-18.64575131106,-42.,-28.));
#1700 = VECTOR('',#1701,1.);
#1701 = DIRECTION('',(0.,-1.,2.22044604925E-16));
#1702 = ORIENTED_EDGE('',*,*,#1703,.T.);
#1703 = EDGE_CURVE('',#1696,#1704,#1706,.T.);
#1704 = VERTEX_POINT('',#1705);
#1705 = CARTESIAN_POINT('',(-16.,-40.,-29.));
#1706 = CIRCLE('',#1707,4.);
#1707 = AXIS2_PLACEMENT_3D('',#1708,#1709,#1710);
#1708 = CARTESIAN_POINT('',(-16.,-40.,-25.));
#1709 = DIRECTION('',(0.,-1.,2.22044604925E-16));
#1710 = DIRECTION('',(1.,0.,0.));
#1711 = ORIENTED_EDGE('',*,*,#1712,.T.);
#1712 = EDGE_CURVE('',#1704,#1713,#1715,.T.);
#1713 = VERTEX_POINT('',#1714);
#1714 = CARTESIAN_POINT('',(-13.35424868893,-40.,-28.));
#1715 = CIRCLE('',#1716,4.);
#1716 = AXIS2_PLACEMENT_3D('',#1717,#1718,#1719);
#1717 = CARTESIAN_POINT('',(-16.,-40.,-25.));
#1718 = DIRECTION('',(0.,-1.,2.22044604925E-16));
#1719 = DIRECTION('',(1.,0.,0.));
#1720 = ORIENTED_EDGE('',*,*,#1721,.F.);
#1721 = EDGE_CURVE('',#1722,#1713,#1724,.T.);
#1722 = VERTEX_POINT('',#1723);
#1723 = CARTESIAN_POINT('',(-13.35424868893,-39.,-28.));
#1724 = LINE('',#1725,#1726);
#1725 = CARTESIAN_POINT('',(-13.35424868893,-42.,-28.));
#1726 = VECTOR('',#1727,1.);
#1727 = DIRECTION('',(0.,-1.,2.22044604925E-16));
#1728 = ORIENTED_EDGE('',*,*,#1729,.F.);
#1729 = EDGE_CURVE('',#1687,#1722,#1730,.T.);
#1730 = CIRCLE('',#1731,4.);
#1731 = AXIS2_PLACEMENT_3D('',#1732,#1733,#1734);
#1732 = CARTESIAN_POINT('',(-16.,-39.,-25.));
#1733 = DIRECTION('',(0.,-1.,2.22044604925E-16));
#1734 = DIRECTION('',(1.,0.,0.));
#1735 = CYLINDRICAL_SURFACE('',#1736,4.);
#1736 = AXIS2_PLACEMENT_3D('',#1737,#1738,#1739);
#1737 = CARTESIAN_POINT('',(-16.,-42.,-25.));
#1738 = DIRECTION('',(0.,-1.,2.22044604925E-16));
#1739 = DIRECTION('',(1.,0.,0.));
#1740 = ADVANCED_FACE('',(#1741),#1752,.T.);
#1741 = FACE_BOUND('',#1742,.F.);
#1742 = EDGE_LOOP('',(#1743,#1744,#1745,#1746));
#1743 = ORIENTED_EDGE('',*,*,#1409,.F.);
#1744 = ORIENTED_EDGE('',*,*,#679,.T.);
#1745 = ORIENTED_EDGE('',*,*,#1451,.T.);
#1746 = ORIENTED_EDGE('',*,*,#1747,.F.);
#1747 = EDGE_CURVE('',#1402,#1452,#1748,.T.);
#1748 = LINE('',#1749,#1750);
#1749 = CARTESIAN_POINT('',(-9.,-34.,-1.5));
#1750 = VECTOR('',#1751,1.);
#1751 = DIRECTION('',(1.,0.,0.));
#1752 = PLANE('',#1753);
#1753 = AXIS2_PLACEMENT_3D('',#1754,#1755,#1756);
#1754 = CARTESIAN_POINT('',(-9.,-34.5,-2.));
#1755 = DIRECTION('',(0.,0.707106781187,-0.707106781187));
#1756 = DIRECTION('',(-1.,-0.,-0.));
#1757 = ADVANCED_FACE('',(#1758),#1769,.T.);
#1758 = FACE_BOUND('',#1759,.F.);
#1759 = EDGE_LOOP('',(#1760,#1761,#1762,#1763));
#1760 = ORIENTED_EDGE('',*,*,#1334,.F.);
#1761 = ORIENTED_EDGE('',*,*,#711,.T.);
#1762 = ORIENTED_EDGE('',*,*,#1048,.T.);
#1763 = ORIENTED_EDGE('',*,*,#1764,.F.);
#1764 = EDGE_CURVE('',#1327,#1049,#1765,.T.);
#1765 = LINE('',#1766,#1767);
#1766 = CARTESIAN_POINT('',(-1.5,-34.,-1.5));
#1767 = VECTOR('',#1768,1.);
#1768 = DIRECTION('',(1.,0.,0.));
#1769 = PLANE('',#1770);
#1770 = AXIS2_PLACEMENT_3D('',#1771,#1772,#1773);
#1771 = CARTESIAN_POINT('',(-1.5,-34.5,-2.));
#1772 = DIRECTION('',(0.,0.707106781187,-0.707106781187));
#1773 = DIRECTION('',(-1.,-0.,-0.));
#1774 = ADVANCED_FACE('',(#1775),#1794,.F.);
#1775 = FACE_BOUND('',#1776,.F.);
#1776 = EDGE_LOOP('',(#1777,#1785,#1792,#1793));
#1777 = ORIENTED_EDGE('',*,*,#1778,.T.);
#1778 = EDGE_CURVE('',#747,#1779,#1781,.T.);
#1779 = VERTEX_POINT('',#1780);
#1780 = CARTESIAN_POINT('',(-18.95,-37.,-25.));
#1781 = LINE('',#1782,#1783);
#1782 = CARTESIAN_POINT('',(-18.95,-35.,-25.));
#1783 = VECTOR('',#1784,1.);
#1784 = DIRECTION('',(0.,-1.,2.22044604925E-16));
#1785 = ORIENTED_EDGE('',*,*,#1786,.T.);
#1786 = EDGE_CURVE('',#1779,#1779,#1787,.T.);
#1787 = CIRCLE('',#1788,2.95);
#1788 = AXIS2_PLACEMENT_3D('',#1789,#1790,#1791);
#1789 = CARTESIAN_POINT('',(-16.,-37.,-25.));
#1790 = DIRECTION('',(0.,1.,-2.22044604925E-16));
#1791 = DIRECTION('',(-1.,0.,0.));
#1792 = ORIENTED_EDGE('',*,*,#1778,.F.);
#1793 = ORIENTED_EDGE('',*,*,#746,.F.);
#1794 = CYLINDRICAL_SURFACE('',#1795,2.95);
#1795 = AXIS2_PLACEMENT_3D('',#1796,#1797,#1798);
#1796 = CARTESIAN_POINT('',(-16.,-35.,-25.));
#1797 = DIRECTION('',(0.,1.,-2.22044604925E-16));
#1798 = DIRECTION('',(-1.,0.,0.));
#1799 = ADVANCED_FACE('',(#1800),#1819,.F.);
#1800 = FACE_BOUND('',#1801,.F.);
#1801 = EDGE_LOOP('',(#1802,#1810,#1817,#1818));
#1802 = ORIENTED_EDGE('',*,*,#1803,.T.);
#1803 = EDGE_CURVE('',#758,#1804,#1806,.T.);
#1804 = VERTEX_POINT('',#1805);
#1805 = CARTESIAN_POINT('',(13.05,-37.,-25.));
#1806 = LINE('',#1807,#1808);
#1807 = CARTESIAN_POINT('',(13.05,-35.,-25.));
#1808 = VECTOR('',#1809,1.);
#1809 = DIRECTION('',(0.,-1.,2.22044604925E-16));
#1810 = ORIENTED_EDGE('',*,*,#1811,.T.);
#1811 = EDGE_CURVE('',#1804,#1804,#1812,.T.);
#1812 = CIRCLE('',#1813,2.95);
#1813 = AXIS2_PLACEMENT_3D('',#1814,#1815,#1816);
#1814 = CARTESIAN_POINT('',(16.,-37.,-25.));
#1815 = DIRECTION('',(0.,1.,-2.22044604925E-16));
#1816 = DIRECTION('',(-1.,0.,0.));
#1817 = ORIENTED_EDGE('',*,*,#1803,.F.);
#1818 = ORIENTED_EDGE('',*,*,#757,.F.);
#1819 = CYLINDRICAL_SURFACE('',#1820,2.95);
#1820 = AXIS2_PLACEMENT_3D('',#1821,#1822,#1823);
#1821 = CARTESIAN_POINT('',(16.,-35.,-25.));
#1822 = DIRECTION('',(0.,1.,-2.22044604925E-16));
#1823 = DIRECTION('',(-1.,0.,0.));
#1824 = ADVANCED_FACE('',(#1825,#1838,#1849),#1860,.T.);
#1825 = FACE_BOUND('',#1826,.T.);
#1826 = EDGE_LOOP('',(#1827,#1828,#1829,#1830,#1831,#1832));
#1827 = ORIENTED_EDGE('',*,*,#1134,.F.);
#1828 = ORIENTED_EDGE('',*,*,#1675,.T.);
#1829 = ORIENTED_EDGE('',*,*,#1658,.T.);
#1830 = ORIENTED_EDGE('',*,*,#1579,.T.);
#1831 = ORIENTED_EDGE('',*,*,#941,.T.);
#1832 = ORIENTED_EDGE('',*,*,#1833,.F.);
#1833 = EDGE_CURVE('',#1135,#934,#1834,.T.);
#1834 = LINE('',#1835,#1836);
#1835 = CARTESIAN_POINT('',(-20.,-42.,-17.));
#1836 = VECTOR('',#1837,1.);
#1837 = DIRECTION('',(1.,0.,0.));
#1838 = FACE_BOUND('',#1839,.T.);
#1839 = EDGE_LOOP('',(#1840));
#1840 = ORIENTED_EDGE('',*,*,#1841,.F.);
#1841 = EDGE_CURVE('',#1842,#1842,#1844,.T.);
#1842 = VERTEX_POINT('',#1843);
#1843 = CARTESIAN_POINT('',(-14.4,-42.,-25.));
#1844 = CIRCLE('',#1845,1.6);
#1845 = AXIS2_PLACEMENT_3D('',#1846,#1847,#1848);
#1846 = CARTESIAN_POINT('',(-16.,-42.,-25.));
#1847 = DIRECTION('',(0.,-1.,2.22044604925E-16));
#1848 = DIRECTION('',(1.,0.,0.));
#1849 = FACE_BOUND('',#1850,.T.);
#1850 = EDGE_LOOP('',(#1851));
#1851 = ORIENTED_EDGE('',*,*,#1852,.F.);
#1852 = EDGE_CURVE('',#1853,#1853,#1855,.T.);
#1853 = VERTEX_POINT('',#1854);
#1854 = CARTESIAN_POINT('',(17.6,-42.,-25.));
#1855 = CIRCLE('',#1856,1.6);
#1856 = AXIS2_PLACEMENT_3D('',#1857,#1858,#1859);
#1857 = CARTESIAN_POINT('',(16.,-42.,-25.));
#1858 = DIRECTION('',(0.,-1.,2.22044604925E-16));
#1859 = DIRECTION('',(1.,0.,0.));
#1860 = PLANE('',#1861);
#1861 = AXIS2_PLACEMENT_3D('',#1862,#1863,#1864);
#1862 = CARTESIAN_POINT('',(0.,-42.,-11.6741481222));
#1863 = DIRECTION('',(0.,-1.,2.485456641672E-16));
#1864 = DIRECTION('',(0.,-2.485456641672E-16,-1.));
#1865 = ADVANCED_FACE('',(#1866),#1877,.F.);
#1866 = FACE_BOUND('',#1867,.F.);
#1867 = EDGE_LOOP('',(#1868,#1869,#1870,#1876));
#1868 = ORIENTED_EDGE('',*,*,#1833,.F.);
#1869 = ORIENTED_EDGE('',*,*,#1142,.T.);
#1870 = ORIENTED_EDGE('',*,*,#1871,.F.);
#1871 = EDGE_CURVE('',#926,#1143,#1872,.T.);
#1872 = LINE('',#1873,#1874);
#1873 = CARTESIAN_POINT('',(1.7763568394E-15,-38.5,-17.));
#1874 = VECTOR('',#1875,1.);
#1875 = DIRECTION('',(-1.,0.,0.));
#1876 = ORIENTED_EDGE('',*,*,#933,.F.);
#1877 = PLANE('',#1878);
#1878 = AXIS2_PLACEMENT_3D('',#1879,#1880,#1881);
#1879 = CARTESIAN_POINT('',(-20.,-42.,-17.));
#1880 = DIRECTION('',(0.,-2.22044604925E-16,-1.));
#1881 = DIRECTION('',(1.,0.,0.));
#1882 = ADVANCED_FACE('',(#1883),#1894,.F.);
#1883 = FACE_BOUND('',#1884,.F.);
#1884 = EDGE_LOOP('',(#1885,#1886,#1887,#1888));
#1885 = ORIENTED_EDGE('',*,*,#925,.F.);
#1886 = ORIENTED_EDGE('',*,*,#1871,.T.);
#1887 = ORIENTED_EDGE('',*,*,#1150,.F.);
#1888 = ORIENTED_EDGE('',*,*,#1889,.F.);
#1889 = EDGE_CURVE('',#918,#1151,#1890,.T.);
#1890 = LINE('',#1891,#1892);
#1891 = CARTESIAN_POINT('',(20.,-38.5,-17.5));
#1892 = VECTOR('',#1893,1.);
#1893 = DIRECTION('',(-1.,-0.,-0.));
#1894 = PLANE('',#1895);
#1895 = AXIS2_PLACEMENT_3D('',#1896,#1897,#1898);
#1896 = CARTESIAN_POINT('',(20.,-38.5,0.5));
#1897 = DIRECTION('',(0.,-1.,0.));
#1898 = DIRECTION('',(0.,0.,-1.));
#1899 = ADVANCED_FACE('',(#1900),#1911,.F.);
#1900 = FACE_BOUND('',#1901,.F.);
#1901 = EDGE_LOOP('',(#1902,#1903,#1904,#1905));
#1902 = ORIENTED_EDGE('',*,*,#917,.F.);
#1903 = ORIENTED_EDGE('',*,*,#1889,.T.);
#1904 = ORIENTED_EDGE('',*,*,#1158,.F.);
#1905 = ORIENTED_EDGE('',*,*,#1906,.F.);
#1906 = EDGE_CURVE('',#910,#1159,#1907,.T.);
#1907 = LINE('',#1908,#1909);
#1908 = CARTESIAN_POINT('',(20.,-36.9,-17.5));
#1909 = VECTOR('',#1910,1.);
#1910 = DIRECTION('',(-1.,-0.,-0.));
#1911 = PLANE('',#1912);
#1912 = AXIS2_PLACEMENT_3D('',#1913,#1914,#1915);
#1913 = CARTESIAN_POINT('',(20.,-38.5,-17.5));
#1914 = DIRECTION('',(0.,0.,-1.));
#1915 = DIRECTION('',(0.,1.,0.));
#1916 = ADVANCED_FACE('',(#1917),#1928,.F.);
#1917 = FACE_BOUND('',#1918,.F.);
#1918 = EDGE_LOOP('',(#1919,#1920,#1921,#1922));
#1919 = ORIENTED_EDGE('',*,*,#909,.F.);
#1920 = ORIENTED_EDGE('',*,*,#1906,.T.);
#1921 = ORIENTED_EDGE('',*,*,#1166,.F.);
#1922 = ORIENTED_EDGE('',*,*,#1923,.T.);
#1923 = EDGE_CURVE('',#1167,#902,#1924,.T.);
#1924 = LINE('',#1925,#1926);
#1925 = CARTESIAN_POINT('',(1.7763568394E-15,-36.9,-17.));
#1926 = VECTOR('',#1927,1.);
#1927 = DIRECTION('',(1.,0.,0.));
#1928 = PLANE('',#1929);
#1929 = AXIS2_PLACEMENT_3D('',#1930,#1931,#1932);
#1930 = CARTESIAN_POINT('',(20.,-36.9,-17.5));
#1931 = DIRECTION('',(0.,1.,0.));
#1932 = DIRECTION('',(0.,0.,1.));
#1933 = ADVANCED_FACE('',(#1934),#1945,.F.);
#1934 = FACE_BOUND('',#1935,.F.);
#1935 = EDGE_LOOP('',(#1936,#1937,#1938,#1944));
#1936 = ORIENTED_EDGE('',*,*,#1923,.F.);
#1937 = ORIENTED_EDGE('',*,*,#1174,.T.);
#1938 = ORIENTED_EDGE('',*,*,#1939,.T.);
#1939 = EDGE_CURVE('',#1175,#894,#1940,.T.);
#1940 = LINE('',#1941,#1942);
#1941 = CARTESIAN_POINT('',(-20.,-36.5,-17.));
#1942 = VECTOR('',#1943,1.);
#1943 = DIRECTION('',(1.,0.,0.));
#1944 = ORIENTED_EDGE('',*,*,#901,.F.);
#1945 = PLANE('',#1946);
#1946 = AXIS2_PLACEMENT_3D('',#1947,#1948,#1949);
#1947 = CARTESIAN_POINT('',(-20.,-42.,-17.));
#1948 = DIRECTION('',(0.,-2.22044604925E-16,-1.));
#1949 = DIRECTION('',(1.,0.,0.));
#1950 = ADVANCED_FACE('',(#1951),#1994,.T.);
#1951 = FACE_BOUND('',#1952,.T.);
#1952 = EDGE_LOOP('',(#1953,#1961,#1969,#1977,#1985,#1991,#1992,#1993));
#1953 = ORIENTED_EDGE('',*,*,#1954,.T.);
#1954 = EDGE_CURVE('',#886,#1955,#1957,.T.);
#1955 = VERTEX_POINT('',#1956);
#1956 = CARTESIAN_POINT('',(17.5,-36.5,1.113044488171E-15));
#1957 = LINE('',#1958,#1959);
#1958 = CARTESIAN_POINT('',(20.,-36.5,9.217672567935E-15));
#1959 = VECTOR('',#1960,1.);
#1960 = DIRECTION('',(-1.,0.,0.));
#1961 = ORIENTED_EDGE('',*,*,#1962,.T.);
#1962 = EDGE_CURVE('',#1955,#1963,#1965,.T.);
#1963 = VERTEX_POINT('',#1964);
#1964 = CARTESIAN_POINT('',(17.5,-36.5,1.5));
#1965 = LINE('',#1966,#1967);
#1966 = CARTESIAN_POINT('',(17.5,-36.5,1.113044488171E-15));
#1967 = VECTOR('',#1968,1.);
#1968 = DIRECTION('',(0.,0.,1.));
#1969 = ORIENTED_EDGE('',*,*,#1970,.T.);
#1970 = EDGE_CURVE('',#1963,#1971,#1973,.T.);
#1971 = VERTEX_POINT('',#1972);
#1972 = CARTESIAN_POINT('',(13.5,-36.5,1.5));
#1973 = LINE('',#1974,#1975);
#1974 = CARTESIAN_POINT('',(7.208333333333,-36.5,1.5));
#1975 = VECTOR('',#1976,1.);
#1976 = DIRECTION('',(-1.,0.,0.));
#1977 = ORIENTED_EDGE('',*,*,#1978,.F.);
#1978 = EDGE_CURVE('',#1979,#1971,#1981,.T.);
#1979 = VERTEX_POINT('',#1980);
#1980 = CARTESIAN_POINT('',(13.5,-36.5,1.113044488171E-15));
#1981 = LINE('',#1982,#1983);
#1982 = CARTESIAN_POINT('',(13.5,-36.5,1.113044488171E-15));
#1983 = VECTOR('',#1984,1.);
#1984 = DIRECTION('',(0.,0.,1.));
#1985 = ORIENTED_EDGE('',*,*,#1986,.T.);
#1986 = EDGE_CURVE('',#1979,#1183,#1987,.T.);
#1987 = LINE('',#1988,#1989);
#1988 = CARTESIAN_POINT('',(20.,-36.5,9.217672567935E-15));
#1989 = VECTOR('',#1990,1.);
#1990 = DIRECTION('',(-1.,0.,0.));
#1991 = ORIENTED_EDGE('',*,*,#1182,.T.);
#1992 = ORIENTED_EDGE('',*,*,#1939,.T.);
#1993 = ORIENTED_EDGE('',*,*,#893,.T.);
#1994 = PLANE('',#1995);
#1995 = AXIS2_PLACEMENT_3D('',#1996,#1997,#1998);
#1996 = CARTESIAN_POINT('',(0.397435897436,-36.5,-8.211538461538));
#1997 = DIRECTION('',(0.,-1.,4.141415595381E-16));
#1998 = DIRECTION('',(0.,-4.141415595381E-16,-1.));
#1999 = ADVANCED_FACE('',(#2000),#2018,.F.);
#2000 = FACE_BOUND('',#2001,.F.);
#2001 = EDGE_LOOP('',(#2002,#2010,#2011,#2012));
#2002 = ORIENTED_EDGE('',*,*,#2003,.F.);
#2003 = EDGE_CURVE('',#878,#2004,#2006,.T.);
#2004 = VERTEX_POINT('',#2005);
#2005 = CARTESIAN_POINT('',(17.5,-36.9,1.113044488171E-15));
#2006 = LINE('',#2007,#2008);
#2007 = CARTESIAN_POINT('',(20.,-36.9,8.205958883753E-15));
#2008 = VECTOR('',#2009,1.);
#2009 = DIRECTION('',(-1.,0.,0.));
#2010 = ORIENTED_EDGE('',*,*,#885,.T.);
#2011 = ORIENTED_EDGE('',*,*,#1954,.T.);
#2012 = ORIENTED_EDGE('',*,*,#2013,.T.);
#2013 = EDGE_CURVE('',#1955,#2004,#2014,.T.);
#2014 = LINE('',#2015,#2016);
#2015 = CARTESIAN_POINT('',(17.5,-36.5,1.113044488171E-15));
#2016 = VECTOR('',#2017,1.);
#2017 = DIRECTION('',(0.,-1.,0.));
#2018 = PLANE('',#2019);
#2019 = AXIS2_PLACEMENT_3D('',#2020,#2021,#2022);
#2020 = CARTESIAN_POINT('',(20.,-42.,1.043891789502E-14));
#2021 = DIRECTION('',(0.,2.22044604925E-16,1.));
#2022 = DIRECTION('',(-1.,0.,0.));
#2023 = ADVANCED_FACE('',(#2024),#2042,.F.);
#2024 = FACE_BOUND('',#2025,.F.);
#2025 = EDGE_LOOP('',(#2026,#2027,#2028,#2036));
#2026 = ORIENTED_EDGE('',*,*,#877,.F.);
#2027 = ORIENTED_EDGE('',*,*,#2003,.T.);
#2028 = ORIENTED_EDGE('',*,*,#2029,.F.);
#2029 = EDGE_CURVE('',#2030,#2004,#2032,.T.);
#2030 = VERTEX_POINT('',#2031);
#2031 = CARTESIAN_POINT('',(17.5,-36.9,0.5));
#2032 = LINE('',#2033,#2034);
#2033 = CARTESIAN_POINT('',(17.5,-36.9,-7.448453608247));
#2034 = VECTOR('',#2035,1.);
#2035 = DIRECTION('',(0.,0.,-1.));
#2036 = ORIENTED_EDGE('',*,*,#2037,.F.);
#2037 = EDGE_CURVE('',#870,#2030,#2038,.T.);
#2038 = LINE('',#2039,#2040);
#2039 = CARTESIAN_POINT('',(20.,-36.9,0.5));
#2040 = VECTOR('',#2041,1.);
#2041 = DIRECTION('',(-1.,-0.,-0.));
#2042 = PLANE('',#2043);
#2043 = AXIS2_PLACEMENT_3D('',#2044,#2045,#2046);
#2044 = CARTESIAN_POINT('',(20.,-36.9,-17.5));
#2045 = DIRECTION('',(0.,1.,0.));
#2046 = DIRECTION('',(0.,0.,1.));
#2047 = ADVANCED_FACE('',(#2048),#2066,.F.);
#2048 = FACE_BOUND('',#2049,.F.);
#2049 = EDGE_LOOP('',(#2050,#2051,#2052,#2060));
#2050 = ORIENTED_EDGE('',*,*,#869,.F.);
#2051 = ORIENTED_EDGE('',*,*,#2037,.T.);
#2052 = ORIENTED_EDGE('',*,*,#2053,.F.);
#2053 = EDGE_CURVE('',#2054,#2030,#2056,.T.);
#2054 = VERTEX_POINT('',#2055);
#2055 = CARTESIAN_POINT('',(17.5,-38.5,0.5));
#2056 = LINE('',#2057,#2058);
#2057 = CARTESIAN_POINT('',(17.5,-28.62654639175,0.5));
#2058 = VECTOR('',#2059,1.);
#2059 = DIRECTION('',(0.,1.,0.));
#2060 = ORIENTED_EDGE('',*,*,#2061,.F.);
#2061 = EDGE_CURVE('',#862,#2054,#2062,.T.);
#2062 = LINE('',#2063,#2064);
#2063 = CARTESIAN_POINT('',(20.,-38.5,0.5));
#2064 = VECTOR('',#2065,1.);
#2065 = DIRECTION('',(-1.,-0.,-0.));
#2066 = PLANE('',#2067);
#2067 = AXIS2_PLACEMENT_3D('',#2068,#2069,#2070);
#2068 = CARTESIAN_POINT('',(20.,-36.9,0.5));
#2069 = DIRECTION('',(0.,0.,1.));
#2070 = DIRECTION('',(0.,-1.,0.));
#2071 = ADVANCED_FACE('',(#2072),#2090,.F.);
#2072 = FACE_BOUND('',#2073,.F.);
#2073 = EDGE_LOOP('',(#2074,#2075,#2076,#2084));
#2074 = ORIENTED_EDGE('',*,*,#861,.F.);
#2075 = ORIENTED_EDGE('',*,*,#2061,.T.);
#2076 = ORIENTED_EDGE('',*,*,#2077,.F.);
#2077 = EDGE_CURVE('',#2078,#2054,#2080,.T.);
#2078 = VERTEX_POINT('',#2079);
#2079 = CARTESIAN_POINT('',(17.5,-38.5,1.113044488171E-15));
#2080 = LINE('',#2081,#2082);
#2081 = CARTESIAN_POINT('',(17.5,-38.5,1.551546391753));
#2082 = VECTOR('',#2083,1.);
#2083 = DIRECTION('',(0.,0.,1.));
#2084 = ORIENTED_EDGE('',*,*,#2085,.T.);
#2085 = EDGE_CURVE('',#2078,#854,#2086,.T.);
#2086 = LINE('',#2087,#2088);
#2087 = CARTESIAN_POINT('',(20.,-38.5,9.660351046012E-15));
#2088 = VECTOR('',#2089,1.);
#2089 = DIRECTION('',(1.,0.,0.));
#2090 = PLANE('',#2091);
#2091 = AXIS2_PLACEMENT_3D('',#2092,#2093,#2094);
#2092 = CARTESIAN_POINT('',(20.,-38.5,0.5));
#2093 = DIRECTION('',(0.,-1.,0.));
#2094 = DIRECTION('',(0.,0.,-1.));
#2095 = ADVANCED_FACE('',(#2096),#2114,.F.);
#2096 = FACE_BOUND('',#2097,.F.);
#2097 = EDGE_LOOP('',(#2098,#2106,#2107,#2108));
#2098 = ORIENTED_EDGE('',*,*,#2099,.F.);
#2099 = EDGE_CURVE('',#846,#2100,#2102,.T.);
#2100 = VERTEX_POINT('',#2101);
#2101 = CARTESIAN_POINT('',(17.5,-42.,1.113044488171E-15));
#2102 = LINE('',#2103,#2104);
#2103 = CARTESIAN_POINT('',(20.,-42.,1.043891789502E-14));
#2104 = VECTOR('',#2105,1.);
#2105 = DIRECTION('',(-1.,0.,0.));
#2106 = ORIENTED_EDGE('',*,*,#853,.T.);
#2107 = ORIENTED_EDGE('',*,*,#2085,.F.);
#2108 = ORIENTED_EDGE('',*,*,#2109,.T.);
#2109 = EDGE_CURVE('',#2078,#2100,#2110,.T.);
#2110 = LINE('',#2111,#2112);
#2111 = CARTESIAN_POINT('',(17.5,-36.5,1.113044488171E-15));
#2112 = VECTOR('',#2113,1.);
#2113 = DIRECTION('',(0.,-1.,0.));
#2114 = PLANE('',#2115);
#2115 = AXIS2_PLACEMENT_3D('',#2116,#2117,#2118);
#2116 = CARTESIAN_POINT('',(20.,-42.,1.043891789502E-14));
#2117 = DIRECTION('',(0.,2.22044604925E-16,1.));
#2118 = DIRECTION('',(-1.,0.,0.));
#2119 = ADVANCED_FACE('',(#2120),#2138,.T.);
#2120 = FACE_BOUND('',#2121,.T.);
#2121 = EDGE_LOOP('',(#2122,#2130,#2131,#2132));
#2122 = ORIENTED_EDGE('',*,*,#2123,.T.);
#2123 = EDGE_CURVE('',#2124,#2100,#2126,.T.);
#2124 = VERTEX_POINT('',#2125);
#2125 = CARTESIAN_POINT('',(17.5,-42.,4.));
#2126 = LINE('',#2127,#2128);
#2127 = CARTESIAN_POINT('',(17.5,-42.,4.));
#2128 = VECTOR('',#2129,1.);
#2129 = DIRECTION('',(-0.,-0.,-1.));
#2130 = ORIENTED_EDGE('',*,*,#2099,.F.);
#2131 = ORIENTED_EDGE('',*,*,#845,.T.);
#2132 = ORIENTED_EDGE('',*,*,#2133,.F.);
#2133 = EDGE_CURVE('',#2124,#838,#2134,.T.);
#2134 = LINE('',#2135,#2136);
#2135 = CARTESIAN_POINT('',(-20.,-42.,4.));
#2136 = VECTOR('',#2137,1.);
#2137 = DIRECTION('',(1.,0.,0.));
#2138 = PLANE('',#2139);
#2139 = AXIS2_PLACEMENT_3D('',#2140,#2141,#2142);
#2140 = CARTESIAN_POINT('',(0.,-42.,-11.6741481222));
#2141 = DIRECTION('',(0.,-1.,2.485456641672E-16));
#2142 = DIRECTION('',(0.,-2.485456641672E-16,-1.));
#2143 = ADVANCED_FACE('',(#2144),#2162,.T.);
#2144 = FACE_BOUND('',#2145,.T.);
#2145 = EDGE_LOOP('',(#2146,#2154,#2160,#2161));
#2146 = ORIENTED_EDGE('',*,*,#2147,.T.);
#2147 = EDGE_CURVE('',#830,#2148,#2150,.T.);
#2148 = VERTEX_POINT('',#2149);
#2149 = CARTESIAN_POINT('',(17.5,-40.,4.));
#2150 = LINE('',#2151,#2152);
#2151 = CARTESIAN_POINT('',(20.,-40.,4.));
#2152 = VECTOR('',#2153,1.);
#2153 = DIRECTION('',(-1.,-0.,-0.));
#2154 = ORIENTED_EDGE('',*,*,#2155,.T.);
#2155 = EDGE_CURVE('',#2148,#2124,#2156,.T.);
#2156 = LINE('',#2157,#2158);
#2157 = CARTESIAN_POINT('',(17.5,2.5,4.));
#2158 = VECTOR('',#2159,1.);
#2159 = DIRECTION('',(0.,-1.,0.));
#2160 = ORIENTED_EDGE('',*,*,#2133,.T.);
#2161 = ORIENTED_EDGE('',*,*,#837,.T.);
#2162 = PLANE('',#2163);
#2163 = AXIS2_PLACEMENT_3D('',#2164,#2165,#2166);
#2164 = CARTESIAN_POINT('',(1.258768054721E-15,-15.7041224151,4.));
#2165 = DIRECTION('',(0.,0.,1.));
#2166 = DIRECTION('',(1.,0.,0.));
#2167 = ADVANCED_FACE('',(#2168),#2186,.T.);
#2168 = FACE_BOUND('',#2169,.T.);
#2169 = EDGE_LOOP('',(#2170,#2171,#2179,#2185));
#2170 = ORIENTED_EDGE('',*,*,#829,.F.);
#2171 = ORIENTED_EDGE('',*,*,#2172,.T.);
#2172 = EDGE_CURVE('',#822,#2173,#2175,.T.);
#2173 = VERTEX_POINT('',#2174);
#2174 = CARTESIAN_POINT('',(17.5,-40.,3.));
#2175 = LINE('',#2176,#2177);
#2176 = CARTESIAN_POINT('',(20.,-40.,3.));
#2177 = VECTOR('',#2178,1.);
#2178 = DIRECTION('',(-1.,-0.,-0.));
#2179 = ORIENTED_EDGE('',*,*,#2180,.F.);
#2180 = EDGE_CURVE('',#2148,#2173,#2181,.T.);
#2181 = LINE('',#2182,#2183);
#2182 = CARTESIAN_POINT('',(17.5,-40.,2.801546391753));
#2183 = VECTOR('',#2184,1.);
#2184 = DIRECTION('',(0.,0.,-1.));
#2185 = ORIENTED_EDGE('',*,*,#2147,.F.);
#2186 = PLANE('',#2187);
#2187 = AXIS2_PLACEMENT_3D('',#2188,#2189,#2190);
#2188 = CARTESIAN_POINT('',(20.,-40.,3.));
#2189 = DIRECTION('',(0.,1.,0.));
#2190 = DIRECTION('',(0.,0.,1.));
#2191 = ADVANCED_FACE('',(#2192),#2210,.T.);
#2192 = FACE_BOUND('',#2193,.T.);
#2193 = EDGE_LOOP('',(#2194,#2195,#2203,#2209));
#2194 = ORIENTED_EDGE('',*,*,#821,.F.);
#2195 = ORIENTED_EDGE('',*,*,#2196,.T.);
#2196 = EDGE_CURVE('',#814,#2197,#2199,.T.);
#2197 = VERTEX_POINT('',#2198);
#2198 = CARTESIAN_POINT('',(17.5,-39.,3.));
#2199 = LINE('',#2200,#2201);
#2200 = CARTESIAN_POINT('',(20.,-39.,3.));
#2201 = VECTOR('',#2202,1.);
#2202 = DIRECTION('',(-1.,-0.,-0.));
#2203 = ORIENTED_EDGE('',*,*,#2204,.F.);
#2204 = EDGE_CURVE('',#2173,#2197,#2205,.T.);
#2205 = LINE('',#2206,#2207);
#2206 = CARTESIAN_POINT('',(17.5,-29.67654639175,3.));
#2207 = VECTOR('',#2208,1.);
#2208 = DIRECTION('',(0.,1.,0.));
#2209 = ORIENTED_EDGE('',*,*,#2172,.F.);
#2210 = PLANE('',#2211);
#2211 = AXIS2_PLACEMENT_3D('',#2212,#2213,#2214);
#2212 = CARTESIAN_POINT('',(20.,-39.,3.));
#2213 = DIRECTION('',(0.,0.,1.));
#2214 = DIRECTION('',(0.,-1.,0.));
#2215 = ADVANCED_FACE('',(#2216),#2234,.T.);
#2216 = FACE_BOUND('',#2217,.T.);
#2217 = EDGE_LOOP('',(#2218,#2219,#2227,#2233));
#2218 = ORIENTED_EDGE('',*,*,#813,.F.);
#2219 = ORIENTED_EDGE('',*,*,#2220,.T.);
#2220 = EDGE_CURVE('',#806,#2221,#2223,.T.);
#2221 = VERTEX_POINT('',#2222);
#2222 = CARTESIAN_POINT('',(17.5,-39.,4.));
#2223 = LINE('',#2224,#2225);
#2224 = CARTESIAN_POINT('',(20.,-39.,4.));
#2225 = VECTOR('',#2226,1.);
#2226 = DIRECTION('',(-1.,-0.,-0.));
#2227 = ORIENTED_EDGE('',*,*,#2228,.F.);
#2228 = EDGE_CURVE('',#2197,#2221,#2229,.T.);
#2229 = LINE('',#2230,#2231);
#2230 = CARTESIAN_POINT('',(17.5,-39.,3.301546391753));
#2231 = VECTOR('',#2232,1.);
#2232 = DIRECTION('',(0.,0.,1.));
#2233 = ORIENTED_EDGE('',*,*,#2196,.F.);
#2234 = PLANE('',#2235);
#2235 = AXIS2_PLACEMENT_3D('',#2236,#2237,#2238);
#2236 = CARTESIAN_POINT('',(20.,-39.,4.));
#2237 = DIRECTION('',(0.,-1.,0.));
#2238 = DIRECTION('',(0.,0.,-1.));
#2239 = ADVANCED_FACE('',(#2240,#2310,#2344),#2378,.T.);
#2240 = FACE_BOUND('',#2241,.T.);
#2241 = EDGE_LOOP('',(#2242,#2252,#2258,#2259,#2260,#2261,#2262,#2263,
    #2264,#2272,#2280,#2288,#2296,#2304));
#2242 = ORIENTED_EDGE('',*,*,#2243,.F.);
#2243 = EDGE_CURVE('',#2244,#2246,#2248,.T.);
#2244 = VERTEX_POINT('',#2245);
#2245 = CARTESIAN_POINT('',(17.5,2.5,4.));
#2246 = VERTEX_POINT('',#2247);
#2247 = CARTESIAN_POINT('',(11.5,2.5,4.));
#2248 = LINE('',#2249,#2250);
#2249 = CARTESIAN_POINT('',(13.5,2.5,4.));
#2250 = VECTOR('',#2251,1.);
#2251 = DIRECTION('',(-1.,0.,0.));
#2252 = ORIENTED_EDGE('',*,*,#2253,.T.);
#2253 = EDGE_CURVE('',#2244,#2221,#2254,.T.);
#2254 = LINE('',#2255,#2256);
#2255 = CARTESIAN_POINT('',(17.5,2.5,4.));
#2256 = VECTOR('',#2257,1.);
#2257 = DIRECTION('',(0.,-1.,0.));
#2258 = ORIENTED_EDGE('',*,*,#2220,.F.);
#2259 = ORIENTED_EDGE('',*,*,#805,.T.);
#2260 = ORIENTED_EDGE('',*,*,#964,.T.);
#2261 = ORIENTED_EDGE('',*,*,#1006,.T.);
#2262 = ORIENTED_EDGE('',*,*,#1071,.T.);
#2263 = ORIENTED_EDGE('',*,*,#1302,.T.);
#2264 = ORIENTED_EDGE('',*,*,#2265,.F.);
#2265 = EDGE_CURVE('',#2266,#1295,#2268,.T.);
#2266 = VERTEX_POINT('',#2267);
#2267 = CARTESIAN_POINT('',(-17.5,-28.,4.));
#2268 = LINE('',#2269,#2270);
#2269 = CARTESIAN_POINT('',(-17.5,-28.,4.));
#2270 = VECTOR('',#2271,1.);
#2271 = DIRECTION('',(-1.,0.,0.));
#2272 = ORIENTED_EDGE('',*,*,#2273,.F.);
#2273 = EDGE_CURVE('',#2274,#2266,#2276,.T.);
#2274 = VERTEX_POINT('',#2275);
#2275 = CARTESIAN_POINT('',(-17.5,2.5,4.));
#2276 = LINE('',#2277,#2278);
#2277 = CARTESIAN_POINT('',(-17.5,2.5,4.));
#2278 = VECTOR('',#2279,1.);
#2279 = DIRECTION('',(0.,-1.,0.));
#2280 = ORIENTED_EDGE('',*,*,#2281,.F.);
#2281 = EDGE_CURVE('',#2282,#2274,#2284,.T.);
#2282 = VERTEX_POINT('',#2283);
#2283 = CARTESIAN_POINT('',(-11.5,2.5,4.));
#2284 = LINE('',#2285,#2286);
#2285 = CARTESIAN_POINT('',(-13.5,2.5,4.));
#2286 = VECTOR('',#2287,1.);
#2287 = DIRECTION('',(-1.,0.,0.));
#2288 = ORIENTED_EDGE('',*,*,#2289,.T.);
#2289 = EDGE_CURVE('',#2282,#2290,#2292,.T.);
#2290 = VERTEX_POINT('',#2291);
#2291 = CARTESIAN_POINT('',(-11.5,6.200000357628,4.));
#2292 = LINE('',#2293,#2294);
#2293 = CARTESIAN_POINT('',(-11.5,-4.752061028738,4.));
#2294 = VECTOR('',#2295,1.);
#2295 = DIRECTION('',(0.,1.,0.));
#2296 = ORIENTED_EDGE('',*,*,#2297,.T.);
#2297 = EDGE_CURVE('',#2290,#2298,#2300,.T.);
#2298 = VERTEX_POINT('',#2299);
#2299 = CARTESIAN_POINT('',(11.5,6.200000357628,4.));
#2300 = LINE('',#2301,#2302);
#2301 = CARTESIAN_POINT('',(5.75,6.200000357628,4.));
#2302 = VECTOR('',#2303,1.);
#2303 = DIRECTION('',(1.,0.,0.));
#2304 = ORIENTED_EDGE('',*,*,#2305,.T.);
#2305 = EDGE_CURVE('',#2298,#2246,#2306,.T.);
#2306 = LINE('',#2307,#2308);
#2307 = CARTESIAN_POINT('',(11.5,-10.95206138636,4.));
#2308 = VECTOR('',#2309,1.);
#2309 = DIRECTION('',(0.,-1.,0.));
#2310 = FACE_BOUND('',#2311,.T.);
#2311 = EDGE_LOOP('',(#2312,#2322,#2330,#2338));
#2312 = ORIENTED_EDGE('',*,*,#2313,.F.);
#2313 = EDGE_CURVE('',#2314,#2316,#2318,.T.);
#2314 = VERTEX_POINT('',#2315);
#2315 = CARTESIAN_POINT('',(-19.3,-12.18771309859,4.));
#2316 = VERTEX_POINT('',#2317);
#2317 = CARTESIAN_POINT('',(-19.3,-18.18771309859,4.));
#2318 = LINE('',#2319,#2320);
#2319 = CARTESIAN_POINT('',(-19.3,-12.18771309859,4.));
#2320 = VECTOR('',#2321,1.);
#2321 = DIRECTION('',(0.,-1.,0.));
#2322 = ORIENTED_EDGE('',*,*,#2323,.F.);
#2323 = EDGE_CURVE('',#2324,#2314,#2326,.T.);
#2324 = VERTEX_POINT('',#2325);
#2325 = CARTESIAN_POINT('',(-18.3,-12.18771309859,4.));
#2326 = LINE('',#2327,#2328);
#2327 = CARTESIAN_POINT('',(-18.3,-12.18771309859,4.));
#2328 = VECTOR('',#2329,1.);
#2329 = DIRECTION('',(-1.,0.,0.));
#2330 = ORIENTED_EDGE('',*,*,#2331,.F.);
#2331 = EDGE_CURVE('',#2332,#2324,#2334,.T.);
#2332 = VERTEX_POINT('',#2333);
#2333 = CARTESIAN_POINT('',(-18.3,-18.18771309859,4.));
#2334 = LINE('',#2335,#2336);
#2335 = CARTESIAN_POINT('',(-18.3,-18.18771309859,4.));
#2336 = VECTOR('',#2337,1.);
#2337 = DIRECTION('',(0.,1.,0.));
#2338 = ORIENTED_EDGE('',*,*,#2339,.F.);
#2339 = EDGE_CURVE('',#2316,#2332,#2340,.T.);
#2340 = LINE('',#2341,#2342);
#2341 = CARTESIAN_POINT('',(-19.3,-18.18771309859,4.));
#2342 = VECTOR('',#2343,1.);
#2343 = DIRECTION('',(1.,0.,0.));
#2344 = FACE_BOUND('',#2345,.T.);
#2345 = EDGE_LOOP('',(#2346,#2356,#2364,#2372));
#2346 = ORIENTED_EDGE('',*,*,#2347,.F.);
#2347 = EDGE_CURVE('',#2348,#2350,#2352,.T.);
#2348 = VERTEX_POINT('',#2349);
#2349 = CARTESIAN_POINT('',(19.3,-12.18771309859,4.));
#2350 = VERTEX_POINT('',#2351);
#2351 = CARTESIAN_POINT('',(18.3,-12.18771309859,4.));
#2352 = LINE('',#2353,#2354);
#2353 = CARTESIAN_POINT('',(19.3,-12.18771309859,4.));
#2354 = VECTOR('',#2355,1.);
#2355 = DIRECTION('',(-1.,0.,0.));
#2356 = ORIENTED_EDGE('',*,*,#2357,.F.);
#2357 = EDGE_CURVE('',#2358,#2348,#2360,.T.);
#2358 = VERTEX_POINT('',#2359);
#2359 = CARTESIAN_POINT('',(19.3,-18.18771309859,4.));
#2360 = LINE('',#2361,#2362);
#2361 = CARTESIAN_POINT('',(19.3,-18.18771309859,4.));
#2362 = VECTOR('',#2363,1.);
#2363 = DIRECTION('',(0.,1.,0.));
#2364 = ORIENTED_EDGE('',*,*,#2365,.F.);
#2365 = EDGE_CURVE('',#2366,#2358,#2368,.T.);
#2366 = VERTEX_POINT('',#2367);
#2367 = CARTESIAN_POINT('',(18.3,-18.18771309859,4.));
#2368 = LINE('',#2369,#2370);
#2369 = CARTESIAN_POINT('',(18.3,-18.18771309859,4.));
#2370 = VECTOR('',#2371,1.);
#2371 = DIRECTION('',(1.,0.,0.));
#2372 = ORIENTED_EDGE('',*,*,#2373,.F.);
#2373 = EDGE_CURVE('',#2350,#2366,#2374,.T.);
#2374 = LINE('',#2375,#2376);
#2375 = CARTESIAN_POINT('',(18.3,-12.18771309859,4.));
#2376 = VECTOR('',#2377,1.);
#2377 = DIRECTION('',(0.,-1.,0.));
#2378 = PLANE('',#2379);
#2379 = AXIS2_PLACEMENT_3D('',#2380,#2381,#2382);
#2380 = CARTESIAN_POINT('',(1.258768054721E-15,-15.7041224151,4.));
#2381 = DIRECTION('',(0.,0.,1.));
#2382 = DIRECTION('',(1.,0.,0.));
#2383 = ADVANCED_FACE('',(#2384),#2395,.T.);
#2384 = FACE_BOUND('',#2385,.T.);
#2385 = EDGE_LOOP('',(#2386,#2387,#2393,#2394));
#2386 = ORIENTED_EDGE('',*,*,#1029,.T.);
#2387 = ORIENTED_EDGE('',*,*,#2388,.T.);
#2388 = EDGE_CURVE('',#1032,#1319,#2389,.T.);
#2389 = LINE('',#2390,#2391);
#2390 = CARTESIAN_POINT('',(1.5,-23.,-1.5));
#2391 = VECTOR('',#2392,1.);
#2392 = DIRECTION('',(-1.,0.,0.));
#2393 = ORIENTED_EDGE('',*,*,#1318,.F.);
#2394 = ORIENTED_EDGE('',*,*,#1105,.F.);
#2395 = PLANE('',#2396);
#2396 = AXIS2_PLACEMENT_3D('',#2397,#2398,#2399);
#2397 = CARTESIAN_POINT('',(1.5,-23.,0.));
#2398 = DIRECTION('',(0.,1.,0.));
#2399 = DIRECTION('',(-1.,0.,0.));
#2400 = ADVANCED_FACE('',(#2401),#2407,.F.);
#2401 = FACE_BOUND('',#2402,.F.);
#2402 = EDGE_LOOP('',(#2403,#2404,#2405,#2406));
#2403 = ORIENTED_EDGE('',*,*,#1056,.T.);
#2404 = ORIENTED_EDGE('',*,*,#2388,.T.);
#2405 = ORIENTED_EDGE('',*,*,#1326,.T.);
#2406 = ORIENTED_EDGE('',*,*,#1764,.T.);
#2407 = PLANE('',#2408);
#2408 = AXIS2_PLACEMENT_3D('',#2409,#2410,#2411);
#2409 = CARTESIAN_POINT('',(0.,-29.,-1.5));
#2410 = DIRECTION('',(0.,0.,1.));
#2411 = DIRECTION('',(1.,0.,0.));
#2412 = ADVANCED_FACE('',(#2413),#2431,.F.);
#2413 = FACE_BOUND('',#2414,.F.);
#2414 = EDGE_LOOP('',(#2415,#2423,#2429,#2430));
#2415 = ORIENTED_EDGE('',*,*,#2416,.T.);
#2416 = EDGE_CURVE('',#2266,#2417,#2419,.T.);
#2417 = VERTEX_POINT('',#2418);
#2418 = CARTESIAN_POINT('',(-17.5,-28.,1.5));
#2419 = LINE('',#2420,#2421);
#2420 = CARTESIAN_POINT('',(-17.5,-28.,4.));
#2421 = VECTOR('',#2422,1.);
#2422 = DIRECTION('',(-0.,-0.,-1.));
#2423 = ORIENTED_EDGE('',*,*,#2424,.T.);
#2424 = EDGE_CURVE('',#2417,#1287,#2425,.T.);
#2425 = LINE('',#2426,#2427);
#2426 = CARTESIAN_POINT('',(-17.5,-28.,1.5));
#2427 = VECTOR('',#2428,1.);
#2428 = DIRECTION('',(-1.,0.,0.));
#2429 = ORIENTED_EDGE('',*,*,#1294,.F.);
#2430 = ORIENTED_EDGE('',*,*,#2265,.F.);
#2431 = PLANE('',#2432);
#2432 = AXIS2_PLACEMENT_3D('',#2433,#2434,#2435);
#2433 = CARTESIAN_POINT('',(-17.5,-28.,4.));
#2434 = DIRECTION('',(0.,1.,0.));
#2435 = DIRECTION('',(-1.,0.,0.));
#2436 = ADVANCED_FACE('',(#2437),#2630,.T.);
#2437 = FACE_BOUND('',#2438,.T.);
#2438 = EDGE_LOOP('',(#2439,#2449,#2457,#2463,#2464,#2465,#2473,#2481,
    #2487,#2488,#2496,#2504,#2512,#2520,#2528,#2536,#2544,#2552,#2560,
    #2568,#2576,#2584,#2592,#2600,#2608,#2616,#2624));
#2439 = ORIENTED_EDGE('',*,*,#2440,.F.);
#2440 = EDGE_CURVE('',#2441,#2443,#2445,.T.);
#2441 = VERTEX_POINT('',#2442);
#2442 = CARTESIAN_POINT('',(-13.5,2.5,1.5));
#2443 = VERTEX_POINT('',#2444);
#2444 = CARTESIAN_POINT('',(-13.5,-2.5,1.5));
#2445 = LINE('',#2446,#2447);
#2446 = CARTESIAN_POINT('',(-13.5,2.5,1.5));
#2447 = VECTOR('',#2448,1.);
#2448 = DIRECTION('',(0.,-1.,0.));
#2449 = ORIENTED_EDGE('',*,*,#2450,.T.);
#2450 = EDGE_CURVE('',#2441,#2451,#2453,.T.);
#2451 = VERTEX_POINT('',#2452);
#2452 = CARTESIAN_POINT('',(-17.5,2.5,1.5));
#2453 = LINE('',#2454,#2455);
#2454 = CARTESIAN_POINT('',(-13.5,2.5,1.5));
#2455 = VECTOR('',#2456,1.);
#2456 = DIRECTION('',(-1.,0.,0.));
#2457 = ORIENTED_EDGE('',*,*,#2458,.T.);
#2458 = EDGE_CURVE('',#2451,#2417,#2459,.T.);
#2459 = LINE('',#2460,#2461);
#2460 = CARTESIAN_POINT('',(-17.5,2.5,1.5));
#2461 = VECTOR('',#2462,1.);
#2462 = DIRECTION('',(0.,-1.,0.));
#2463 = ORIENTED_EDGE('',*,*,#2424,.T.);
#2464 = ORIENTED_EDGE('',*,*,#1286,.F.);
#2465 = ORIENTED_EDGE('',*,*,#2466,.T.);
#2466 = EDGE_CURVE('',#1279,#2467,#2469,.T.);
#2467 = VERTEX_POINT('',#2468);
#2468 = CARTESIAN_POINT('',(0.,-32.,1.5));
#2469 = LINE('',#2470,#2471);
#2470 = CARTESIAN_POINT('',(-20.,-32.,1.5));
#2471 = VECTOR('',#2472,1.);
#2472 = DIRECTION('',(1.,0.,0.));
#2473 = ORIENTED_EDGE('',*,*,#2474,.T.);
#2474 = EDGE_CURVE('',#2467,#2475,#2477,.T.);
#2475 = VERTEX_POINT('',#2476);
#2476 = CARTESIAN_POINT('',(13.5,-32.00000000007,1.5));
#2477 = LINE('',#2478,#2479);
#2478 = CARTESIAN_POINT('',(0.,-32.,1.5));
#2479 = VECTOR('',#2480,1.);
#2480 = DIRECTION('',(1.,-4.15972018735E-12,0.));
#2481 = ORIENTED_EDGE('',*,*,#2482,.F.);
#2482 = EDGE_CURVE('',#1971,#2475,#2483,.T.);
#2483 = LINE('',#2484,#2485);
#2484 = CARTESIAN_POINT('',(13.5,-25.27195121955,1.5));
#2485 = VECTOR('',#2486,1.);
#2486 = DIRECTION('',(0.,1.,0.));
#2487 = ORIENTED_EDGE('',*,*,#1970,.F.);
#2488 = ORIENTED_EDGE('',*,*,#2489,.F.);
#2489 = EDGE_CURVE('',#2490,#1963,#2492,.T.);
#2490 = VERTEX_POINT('',#2491);
#2491 = CARTESIAN_POINT('',(17.5,2.5,1.5));
#2492 = LINE('',#2493,#2494);
#2493 = CARTESIAN_POINT('',(17.5,-30.27195121951,1.5));
#2494 = VECTOR('',#2495,1.);
#2495 = DIRECTION('',(0.,-1.,0.));
#2496 = ORIENTED_EDGE('',*,*,#2497,.F.);
#2497 = EDGE_CURVE('',#2498,#2490,#2500,.T.);
#2498 = VERTEX_POINT('',#2499);
#2499 = CARTESIAN_POINT('',(13.5,2.5,1.5));
#2500 = LINE('',#2501,#2502);
#2501 = CARTESIAN_POINT('',(13.5,2.5,1.5));
#2502 = VECTOR('',#2503,1.);
#2503 = DIRECTION('',(1.,0.,0.));
#2504 = ORIENTED_EDGE('',*,*,#2505,.F.);
#2505 = EDGE_CURVE('',#2506,#2498,#2508,.T.);
#2506 = VERTEX_POINT('',#2507);
#2507 = CARTESIAN_POINT('',(13.5,-2.5,1.5));
#2508 = LINE('',#2509,#2510);
#2509 = CARTESIAN_POINT('',(13.5,-28.00000000005,1.5));
#2510 = VECTOR('',#2511,1.);
#2511 = DIRECTION('',(0.,1.,0.));
#2512 = ORIENTED_EDGE('',*,*,#2513,.F.);
#2513 = EDGE_CURVE('',#2514,#2506,#2516,.T.);
#2514 = VERTEX_POINT('',#2515);
#2515 = CARTESIAN_POINT('',(13.5,-28.00000000005,1.5));
#2516 = LINE('',#2517,#2518);
#2517 = CARTESIAN_POINT('',(13.5,-28.00000000005,1.5));
#2518 = VECTOR('',#2519,1.);
#2519 = DIRECTION('',(0.,1.,0.));
#2520 = ORIENTED_EDGE('',*,*,#2521,.F.);
#2521 = EDGE_CURVE('',#2522,#2514,#2524,.T.);
#2522 = VERTEX_POINT('',#2523);
#2523 = CARTESIAN_POINT('',(3.558112,-28.00000000001,1.5));
#2524 = LINE('',#2525,#2526);
#2525 = CARTESIAN_POINT('',(-0.181069926984,-28.,1.5));
#2526 = VECTOR('',#2527,1.);
#2527 = DIRECTION('',(1.,-4.159829656923E-12,0.));
#2528 = ORIENTED_EDGE('',*,*,#2529,.F.);
#2529 = EDGE_CURVE('',#2530,#2522,#2532,.T.);
#2530 = VERTEX_POINT('',#2531);
#2531 = CARTESIAN_POINT('',(3.558112,-22.71518934931,1.5));
#2532 = LINE('',#2533,#2534);
#2533 = CARTESIAN_POINT('',(3.558112,-22.13702536023,1.5));
#2534 = VECTOR('',#2535,1.);
#2535 = DIRECTION('',(0.,-1.,0.));
#2536 = ORIENTED_EDGE('',*,*,#2537,.T.);
#2537 = EDGE_CURVE('',#2530,#2538,#2540,.T.);
#2538 = VERTEX_POINT('',#2539);
#2539 = CARTESIAN_POINT('',(4.355972760618,-22.71518934931,1.5));
#2540 = LINE('',#2541,#2542);
#2541 = CARTESIAN_POINT('',(3.558112,-22.71518934931,1.5));
#2542 = VECTOR('',#2543,1.);
#2543 = DIRECTION('',(1.,0.,0.));
#2544 = ORIENTED_EDGE('',*,*,#2545,.T.);
#2545 = EDGE_CURVE('',#2538,#2546,#2548,.T.);
#2546 = VERTEX_POINT('',#2547);
#2547 = CARTESIAN_POINT('',(4.355972760618,-18.8614,1.5));
#2548 = LINE('',#2549,#2550);
#2549 = CARTESIAN_POINT('',(4.355972760618,-22.71518934931,1.5));
#2550 = VECTOR('',#2551,1.);
#2551 = DIRECTION('',(0.,1.,0.));
#2552 = ORIENTED_EDGE('',*,*,#2553,.F.);
#2553 = EDGE_CURVE('',#2554,#2546,#2556,.T.);
#2554 = VERTEX_POINT('',#2555);
#2555 = CARTESIAN_POINT('',(2.355972760618,-18.8614,1.5));
#2556 = LINE('',#2557,#2558);
#2557 = CARTESIAN_POINT('',(3.89792,-18.8614,1.5));
#2558 = VECTOR('',#2559,1.);
#2559 = DIRECTION('',(1.,-3.102449310868E-14,0.));
#2560 = ORIENTED_EDGE('',*,*,#2561,.F.);
#2561 = EDGE_CURVE('',#2562,#2554,#2564,.T.);
#2562 = VERTEX_POINT('',#2563);
#2563 = CARTESIAN_POINT('',(2.355972760618,-20.71518934931,1.5));
#2564 = LINE('',#2565,#2566);
#2565 = CARTESIAN_POINT('',(2.355972760618,-20.71518934931,1.5));
#2566 = VECTOR('',#2567,1.);
#2567 = DIRECTION('',(0.,1.,0.));
#2568 = ORIENTED_EDGE('',*,*,#2569,.F.);
#2569 = EDGE_CURVE('',#2570,#2562,#2572,.T.);
#2570 = VERTEX_POINT('',#2571);
#2571 = CARTESIAN_POINT('',(-2.041563091153,-20.71518934931,1.5));
#2572 = LINE('',#2573,#2574);
#2573 = CARTESIAN_POINT('',(-2.041563091153,-20.71518934931,1.5));
#2574 = VECTOR('',#2575,1.);
#2575 = DIRECTION('',(1.,0.,0.));
#2576 = ORIENTED_EDGE('',*,*,#2577,.F.);
#2577 = EDGE_CURVE('',#2578,#2570,#2580,.T.);
#2578 = VERTEX_POINT('',#2579);
#2579 = CARTESIAN_POINT('',(-2.041563091153,-18.8614,1.5));
#2580 = LINE('',#2581,#2582);
#2581 = CARTESIAN_POINT('',(-2.041563091153,-10.31863865068,1.5));
#2582 = VECTOR('',#2583,1.);
#2583 = DIRECTION('',(0.,-1.,0.));
#2584 = ORIENTED_EDGE('',*,*,#2585,.T.);
#2585 = EDGE_CURVE('',#2578,#2586,#2588,.T.);
#2586 = VERTEX_POINT('',#2587);
#2587 = CARTESIAN_POINT('',(-4.041563091153,-18.8614,1.5));
#2588 = LINE('',#2589,#2590);
#2589 = CARTESIAN_POINT('',(-2.041563091153,-18.8614,1.5));
#2590 = VECTOR('',#2591,1.);
#2591 = DIRECTION('',(-1.,1.612830524705E-13,0.));
#2592 = ORIENTED_EDGE('',*,*,#2593,.T.);
#2593 = EDGE_CURVE('',#2586,#2594,#2596,.T.);
#2594 = VERTEX_POINT('',#2595);
#2595 = CARTESIAN_POINT('',(-4.041563091153,-22.91863865068,1.5));
#2596 = LINE('',#2597,#2598);
#2597 = CARTESIAN_POINT('',(-4.041563091153,-19.11863865068,1.5));
#2598 = VECTOR('',#2599,1.);
#2599 = DIRECTION('',(0.,-1.,0.));
#2600 = ORIENTED_EDGE('',*,*,#2601,.T.);
#2601 = EDGE_CURVE('',#2594,#2602,#2604,.T.);
#2602 = VERTEX_POINT('',#2603);
#2603 = CARTESIAN_POINT('',(-3.425505,-22.91863865068,1.5));
#2604 = LINE('',#2605,#2606);
#2605 = CARTESIAN_POINT('',(-4.041563091153,-22.91863865068,1.5));
#2606 = VECTOR('',#2607,1.);
#2607 = DIRECTION('',(1.,0.,0.));
#2608 = ORIENTED_EDGE('',*,*,#2609,.T.);
#2609 = EDGE_CURVE('',#2602,#2610,#2612,.T.);
#2610 = VERTEX_POINT('',#2611);
#2611 = CARTESIAN_POINT('',(-3.425505,-28.00000000001,1.5));
#2612 = LINE('',#2613,#2614);
#2613 = CARTESIAN_POINT('',(-3.425505,-22.91863865068,1.5));
#2614 = VECTOR('',#2615,1.);
#2615 = DIRECTION('',(0.,-1.,0.));
#2616 = ORIENTED_EDGE('',*,*,#2617,.F.);
#2617 = EDGE_CURVE('',#2618,#2610,#2620,.T.);
#2618 = VERTEX_POINT('',#2619);
#2619 = CARTESIAN_POINT('',(-13.5,-28.,1.5));
#2620 = LINE('',#2621,#2622);
#2621 = CARTESIAN_POINT('',(-13.5,-28.,1.5));
#2622 = VECTOR('',#2623,1.);
#2623 = DIRECTION('',(1.,0.,0.));
#2624 = ORIENTED_EDGE('',*,*,#2625,.F.);
#2625 = EDGE_CURVE('',#2443,#2618,#2626,.T.);
#2626 = LINE('',#2627,#2628);
#2627 = CARTESIAN_POINT('',(-13.5,2.5,1.5));
#2628 = VECTOR('',#2629,1.);
#2629 = DIRECTION('',(0.,-1.,0.));
#2630 = PLANE('',#2631);
#2631 = AXIS2_PLACEMENT_3D('',#2632,#2633,#2634);
#2632 = CARTESIAN_POINT('',(0.166800962201,-19.39850248501,1.5));
#2633 = DIRECTION('',(0.,0.,1.));
#2634 = DIRECTION('',(1.,0.,0.));
#2635 = ADVANCED_FACE('',(#2636),#2663,.F.);
#2636 = FACE_BOUND('',#2637,.F.);
#2637 = EDGE_LOOP('',(#2638,#2646,#2654,#2660,#2661,#2662));
#2638 = ORIENTED_EDGE('',*,*,#2639,.F.);
#2639 = EDGE_CURVE('',#2640,#2475,#2642,.T.);
#2640 = VERTEX_POINT('',#2641);
#2641 = CARTESIAN_POINT('',(13.5,-32.00000000007,4.));
#2642 = LINE('',#2643,#2644);
#2643 = CARTESIAN_POINT('',(13.5,-32.00000000007,4.));
#2644 = VECTOR('',#2645,1.);
#2645 = DIRECTION('',(-0.,-0.,-1.));
#2646 = ORIENTED_EDGE('',*,*,#2647,.F.);
#2647 = EDGE_CURVE('',#2648,#2640,#2650,.T.);
#2648 = VERTEX_POINT('',#2649);
#2649 = CARTESIAN_POINT('',(0.,-32.,4.));
#2650 = LINE('',#2651,#2652);
#2651 = CARTESIAN_POINT('',(0.,-32.,4.));
#2652 = VECTOR('',#2653,1.);
#2653 = DIRECTION('',(1.,-4.15972018735E-12,0.));
#2654 = ORIENTED_EDGE('',*,*,#2655,.F.);
#2655 = EDGE_CURVE('',#1271,#2648,#2656,.T.);
#2656 = LINE('',#2657,#2658);
#2657 = CARTESIAN_POINT('',(-20.,-32.,4.));
#2658 = VECTOR('',#2659,1.);
#2659 = DIRECTION('',(1.,0.,0.));
#2660 = ORIENTED_EDGE('',*,*,#1278,.T.);
#2661 = ORIENTED_EDGE('',*,*,#2466,.T.);
#2662 = ORIENTED_EDGE('',*,*,#2474,.T.);
#2663 = PLANE('',#2664);
#2664 = AXIS2_PLACEMENT_3D('',#2665,#2666,#2667);
#2665 = CARTESIAN_POINT('',(-1.25,-32.00000000001,2.75));
#2666 = DIRECTION('',(-1.819877581966E-12,-1.,-0.));
#2667 = DIRECTION('',(-1.,1.819877581966E-12,0.));
#2668 = ADVANCED_FACE('',(#2669),#2688,.T.);
#2669 = FACE_BOUND('',#2670,.T.);
#2670 = EDGE_LOOP('',(#2671,#2672,#2673,#2681,#2687));
#2671 = ORIENTED_EDGE('',*,*,#2655,.F.);
#2672 = ORIENTED_EDGE('',*,*,#1270,.T.);
#2673 = ORIENTED_EDGE('',*,*,#2674,.F.);
#2674 = EDGE_CURVE('',#2675,#1263,#2677,.T.);
#2675 = VERTEX_POINT('',#2676);
#2676 = CARTESIAN_POINT('',(13.5,-39.,4.));
#2677 = LINE('',#2678,#2679);
#2678 = CARTESIAN_POINT('',(20.,-39.,4.));
#2679 = VECTOR('',#2680,1.);
#2680 = DIRECTION('',(-1.,-0.,-0.));
#2681 = ORIENTED_EDGE('',*,*,#2682,.F.);
#2682 = EDGE_CURVE('',#2640,#2675,#2683,.T.);
#2683 = LINE('',#2684,#2685);
#2684 = CARTESIAN_POINT('',(13.5,-32.00000000007,4.));
#2685 = VECTOR('',#2686,1.);
#2686 = DIRECTION('',(0.,-1.,0.));
#2687 = ORIENTED_EDGE('',*,*,#2647,.F.);
#2688 = PLANE('',#2689);
#2689 = AXIS2_PLACEMENT_3D('',#2690,#2691,#2692);
#2690 = CARTESIAN_POINT('',(1.258768054721E-15,-15.7041224151,4.));
#2691 = DIRECTION('',(0.,0.,1.));
#2692 = DIRECTION('',(1.,0.,0.));
#2693 = ADVANCED_FACE('',(#2694),#2712,.T.);
#2694 = FACE_BOUND('',#2695,.T.);
#2695 = EDGE_LOOP('',(#2696,#2704,#2705,#2706));
#2696 = ORIENTED_EDGE('',*,*,#2697,.F.);
#2697 = EDGE_CURVE('',#2675,#2698,#2700,.T.);
#2698 = VERTEX_POINT('',#2699);
#2699 = CARTESIAN_POINT('',(13.5,-39.,3.));
#2700 = LINE('',#2701,#2702);
#2701 = CARTESIAN_POINT('',(13.5,-39.,3.120535714284));
#2702 = VECTOR('',#2703,1.);
#2703 = DIRECTION('',(3.625659369569E-16,0.,-1.));
#2704 = ORIENTED_EDGE('',*,*,#2674,.T.);
#2705 = ORIENTED_EDGE('',*,*,#1262,.F.);
#2706 = ORIENTED_EDGE('',*,*,#2707,.F.);
#2707 = EDGE_CURVE('',#2698,#1255,#2708,.T.);
#2708 = LINE('',#2709,#2710);
#2709 = CARTESIAN_POINT('',(20.,-39.,3.));
#2710 = VECTOR('',#2711,1.);
#2711 = DIRECTION('',(-1.,-0.,-0.));
#2712 = PLANE('',#2713);
#2713 = AXIS2_PLACEMENT_3D('',#2714,#2715,#2716);
#2714 = CARTESIAN_POINT('',(20.,-39.,4.));
#2715 = DIRECTION('',(0.,-1.,0.));
#2716 = DIRECTION('',(0.,0.,-1.));
#2717 = ADVANCED_FACE('',(#2718),#2736,.T.);
#2718 = FACE_BOUND('',#2719,.T.);
#2719 = EDGE_LOOP('',(#2720,#2728,#2729,#2730));
#2720 = ORIENTED_EDGE('',*,*,#2721,.F.);
#2721 = EDGE_CURVE('',#2698,#2722,#2724,.T.);
#2722 = VERTEX_POINT('',#2723);
#2723 = CARTESIAN_POINT('',(13.5,-40.,3.));
#2724 = LINE('',#2725,#2726);
#2725 = CARTESIAN_POINT('',(13.5,-38.1205357143,3.));
#2726 = VECTOR('',#2727,1.);
#2727 = DIRECTION('',(0.,-1.,0.));
#2728 = ORIENTED_EDGE('',*,*,#2707,.T.);
#2729 = ORIENTED_EDGE('',*,*,#1254,.F.);
#2730 = ORIENTED_EDGE('',*,*,#2731,.F.);
#2731 = EDGE_CURVE('',#2722,#1247,#2732,.T.);
#2732 = LINE('',#2733,#2734);
#2733 = CARTESIAN_POINT('',(20.,-40.,3.));
#2734 = VECTOR('',#2735,1.);
#2735 = DIRECTION('',(-1.,-0.,-0.));
#2736 = PLANE('',#2737);
#2737 = AXIS2_PLACEMENT_3D('',#2738,#2739,#2740);
#2738 = CARTESIAN_POINT('',(20.,-39.,3.));
#2739 = DIRECTION('',(0.,0.,1.));
#2740 = DIRECTION('',(0.,-1.,0.));
#2741 = ADVANCED_FACE('',(#2742),#2760,.T.);
#2742 = FACE_BOUND('',#2743,.T.);
#2743 = EDGE_LOOP('',(#2744,#2752,#2753,#2754));
#2744 = ORIENTED_EDGE('',*,*,#2745,.F.);
#2745 = EDGE_CURVE('',#2722,#2746,#2748,.T.);
#2746 = VERTEX_POINT('',#2747);
#2747 = CARTESIAN_POINT('',(13.5,-40.,4.));
#2748 = LINE('',#2749,#2750);
#2749 = CARTESIAN_POINT('',(13.5,-40.,2.620535714284));
#2750 = VECTOR('',#2751,1.);
#2751 = DIRECTION('',(-3.625659369569E-16,0.,1.));
#2752 = ORIENTED_EDGE('',*,*,#2731,.T.);
#2753 = ORIENTED_EDGE('',*,*,#1246,.F.);
#2754 = ORIENTED_EDGE('',*,*,#2755,.F.);
#2755 = EDGE_CURVE('',#2746,#1239,#2756,.T.);
#2756 = LINE('',#2757,#2758);
#2757 = CARTESIAN_POINT('',(20.,-40.,4.));
#2758 = VECTOR('',#2759,1.);
#2759 = DIRECTION('',(-1.,-0.,-0.));
#2760 = PLANE('',#2761);
#2761 = AXIS2_PLACEMENT_3D('',#2762,#2763,#2764);
#2762 = CARTESIAN_POINT('',(20.,-40.,3.));
#2763 = DIRECTION('',(0.,1.,0.));
#2764 = DIRECTION('',(0.,0.,1.));
#2765 = ADVANCED_FACE('',(#2766),#2784,.T.);
#2766 = FACE_BOUND('',#2767,.T.);
#2767 = EDGE_LOOP('',(#2768,#2769,#2770,#2778));
#2768 = ORIENTED_EDGE('',*,*,#2755,.T.);
#2769 = ORIENTED_EDGE('',*,*,#1238,.T.);
#2770 = ORIENTED_EDGE('',*,*,#2771,.T.);
#2771 = EDGE_CURVE('',#1231,#2772,#2774,.T.);
#2772 = VERTEX_POINT('',#2773);
#2773 = CARTESIAN_POINT('',(13.5,-42.,4.));
#2774 = LINE('',#2775,#2776);
#2775 = CARTESIAN_POINT('',(-20.,-42.,4.));
#2776 = VECTOR('',#2777,1.);
#2777 = DIRECTION('',(1.,0.,0.));
#2778 = ORIENTED_EDGE('',*,*,#2779,.F.);
#2779 = EDGE_CURVE('',#2746,#2772,#2780,.T.);
#2780 = LINE('',#2781,#2782);
#2781 = CARTESIAN_POINT('',(13.5,-32.00000000007,4.));
#2782 = VECTOR('',#2783,1.);
#2783 = DIRECTION('',(0.,-1.,0.));
#2784 = PLANE('',#2785);
#2785 = AXIS2_PLACEMENT_3D('',#2786,#2787,#2788);
#2786 = CARTESIAN_POINT('',(1.258768054721E-15,-15.7041224151,4.));
#2787 = DIRECTION('',(0.,0.,1.));
#2788 = DIRECTION('',(1.,0.,0.));
#2789 = ADVANCED_FACE('',(#2790),#2808,.T.);
#2790 = FACE_BOUND('',#2791,.T.);
#2791 = EDGE_LOOP('',(#2792,#2793,#2801,#2807));
#2792 = ORIENTED_EDGE('',*,*,#1230,.F.);
#2793 = ORIENTED_EDGE('',*,*,#2794,.F.);
#2794 = EDGE_CURVE('',#2795,#1223,#2797,.T.);
#2795 = VERTEX_POINT('',#2796);
#2796 = CARTESIAN_POINT('',(13.5,-42.,1.113044488171E-15));
#2797 = LINE('',#2798,#2799);
#2798 = CARTESIAN_POINT('',(20.,-42.,1.043891789502E-14));
#2799 = VECTOR('',#2800,1.);
#2800 = DIRECTION('',(-1.,0.,0.));
#2801 = ORIENTED_EDGE('',*,*,#2802,.T.);
#2802 = EDGE_CURVE('',#2795,#2772,#2803,.T.);
#2803 = LINE('',#2804,#2805);
#2804 = CARTESIAN_POINT('',(13.5,-42.,1.113044488171E-15));
#2805 = VECTOR('',#2806,1.);
#2806 = DIRECTION('',(0.,0.,1.));
#2807 = ORIENTED_EDGE('',*,*,#2771,.F.);
#2808 = PLANE('',#2809);
#2809 = AXIS2_PLACEMENT_3D('',#2810,#2811,#2812);
#2810 = CARTESIAN_POINT('',(0.,-42.,-11.6741481222));
#2811 = DIRECTION('',(0.,-1.,2.485456641672E-16));
#2812 = DIRECTION('',(0.,-2.485456641672E-16,-1.));
#2813 = ADVANCED_FACE('',(#2814),#2832,.F.);
#2814 = FACE_BOUND('',#2815,.F.);
#2815 = EDGE_LOOP('',(#2816,#2817,#2825,#2831));
#2816 = ORIENTED_EDGE('',*,*,#2794,.F.);
#2817 = ORIENTED_EDGE('',*,*,#2818,.T.);
#2818 = EDGE_CURVE('',#2795,#2819,#2821,.T.);
#2819 = VERTEX_POINT('',#2820);
#2820 = CARTESIAN_POINT('',(13.5,-38.5,1.113044488171E-15));
#2821 = LINE('',#2822,#2823);
#2822 = CARTESIAN_POINT('',(13.5,-42.,1.113044488171E-15));
#2823 = VECTOR('',#2824,1.);
#2824 = DIRECTION('',(0.,1.,0.));
#2825 = ORIENTED_EDGE('',*,*,#2826,.F.);
#2826 = EDGE_CURVE('',#1215,#2819,#2827,.T.);
#2827 = LINE('',#2828,#2829);
#2828 = CARTESIAN_POINT('',(20.,-38.5,9.660351046012E-15));
#2829 = VECTOR('',#2830,1.);
#2830 = DIRECTION('',(1.,0.,0.));
#2831 = ORIENTED_EDGE('',*,*,#1222,.F.);
#2832 = PLANE('',#2833);
#2833 = AXIS2_PLACEMENT_3D('',#2834,#2835,#2836);
#2834 = CARTESIAN_POINT('',(20.,-42.,1.043891789502E-14));
#2835 = DIRECTION('',(0.,2.22044604925E-16,1.));
#2836 = DIRECTION('',(-1.,0.,0.));
#2837 = ADVANCED_FACE('',(#2838),#2856,.F.);
#2838 = FACE_BOUND('',#2839,.F.);
#2839 = EDGE_LOOP('',(#2840,#2848,#2854,#2855));
#2840 = ORIENTED_EDGE('',*,*,#2841,.F.);
#2841 = EDGE_CURVE('',#2842,#2819,#2844,.T.);
#2842 = VERTEX_POINT('',#2843);
#2843 = CARTESIAN_POINT('',(13.5,-38.5,0.5));
#2844 = LINE('',#2845,#2846);
#2845 = CARTESIAN_POINT('',(13.5,-38.5,1.370535714284));
#2846 = VECTOR('',#2847,1.);
#2847 = DIRECTION('',(3.625659369569E-16,0.,-1.));
#2848 = ORIENTED_EDGE('',*,*,#2849,.T.);
#2849 = EDGE_CURVE('',#2842,#1207,#2850,.T.);
#2850 = LINE('',#2851,#2852);
#2851 = CARTESIAN_POINT('',(20.,-38.5,0.5));
#2852 = VECTOR('',#2853,1.);
#2853 = DIRECTION('',(-1.,-0.,-0.));
#2854 = ORIENTED_EDGE('',*,*,#1214,.F.);
#2855 = ORIENTED_EDGE('',*,*,#2826,.T.);
#2856 = PLANE('',#2857);
#2857 = AXIS2_PLACEMENT_3D('',#2858,#2859,#2860);
#2858 = CARTESIAN_POINT('',(20.,-38.5,0.5));
#2859 = DIRECTION('',(0.,-1.,0.));
#2860 = DIRECTION('',(0.,0.,-1.));
#2861 = ADVANCED_FACE('',(#2862),#2880,.F.);
#2862 = FACE_BOUND('',#2863,.F.);
#2863 = EDGE_LOOP('',(#2864,#2872,#2878,#2879));
#2864 = ORIENTED_EDGE('',*,*,#2865,.F.);
#2865 = EDGE_CURVE('',#2866,#2842,#2868,.T.);
#2866 = VERTEX_POINT('',#2867);
#2867 = CARTESIAN_POINT('',(13.5,-36.9,0.5));
#2868 = LINE('',#2869,#2870);
#2869 = CARTESIAN_POINT('',(13.5,-37.0705357143,0.5));
#2870 = VECTOR('',#2871,1.);
#2871 = DIRECTION('',(0.,-1.,0.));
#2872 = ORIENTED_EDGE('',*,*,#2873,.T.);
#2873 = EDGE_CURVE('',#2866,#1199,#2874,.T.);
#2874 = LINE('',#2875,#2876);
#2875 = CARTESIAN_POINT('',(20.,-36.9,0.5));
#2876 = VECTOR('',#2877,1.);
#2877 = DIRECTION('',(-1.,-0.,-0.));
#2878 = ORIENTED_EDGE('',*,*,#1206,.F.);
#2879 = ORIENTED_EDGE('',*,*,#2849,.F.);
#2880 = PLANE('',#2881);
#2881 = AXIS2_PLACEMENT_3D('',#2882,#2883,#2884);
#2882 = CARTESIAN_POINT('',(20.,-36.9,0.5));
#2883 = DIRECTION('',(0.,0.,1.));
#2884 = DIRECTION('',(0.,-1.,0.));
#2885 = ADVANCED_FACE('',(#2886),#2904,.F.);
#2886 = FACE_BOUND('',#2887,.F.);
#2887 = EDGE_LOOP('',(#2888,#2889,#2890,#2898));
#2888 = ORIENTED_EDGE('',*,*,#1198,.F.);
#2889 = ORIENTED_EDGE('',*,*,#2873,.F.);
#2890 = ORIENTED_EDGE('',*,*,#2891,.F.);
#2891 = EDGE_CURVE('',#2892,#2866,#2894,.T.);
#2892 = VERTEX_POINT('',#2893);
#2893 = CARTESIAN_POINT('',(13.5,-36.9,1.113044488171E-15));
#2894 = LINE('',#2895,#2896);
#2895 = CARTESIAN_POINT('',(13.5,-36.9,-7.629464285716));
#2896 = VECTOR('',#2897,1.);
#2897 = DIRECTION('',(-3.625659369569E-16,0.,1.));
#2898 = ORIENTED_EDGE('',*,*,#2899,.T.);
#2899 = EDGE_CURVE('',#2892,#1191,#2900,.T.);
#2900 = LINE('',#2901,#2902);
#2901 = CARTESIAN_POINT('',(20.,-36.9,8.205958883753E-15));
#2902 = VECTOR('',#2903,1.);
#2903 = DIRECTION('',(-1.,0.,0.));
#2904 = PLANE('',#2905);
#2905 = AXIS2_PLACEMENT_3D('',#2906,#2907,#2908);
#2906 = CARTESIAN_POINT('',(20.,-36.9,-17.5));
#2907 = DIRECTION('',(0.,1.,0.));
#2908 = DIRECTION('',(0.,0.,1.));
#2909 = ADVANCED_FACE('',(#2910),#2921,.F.);
#2910 = FACE_BOUND('',#2911,.F.);
#2911 = EDGE_LOOP('',(#2912,#2913,#2919,#2920));
#2912 = ORIENTED_EDGE('',*,*,#2899,.F.);
#2913 = ORIENTED_EDGE('',*,*,#2914,.T.);
#2914 = EDGE_CURVE('',#2892,#1979,#2915,.T.);
#2915 = LINE('',#2916,#2917);
#2916 = CARTESIAN_POINT('',(13.5,-42.,1.113044488171E-15));
#2917 = VECTOR('',#2918,1.);
#2918 = DIRECTION('',(0.,1.,0.));
#2919 = ORIENTED_EDGE('',*,*,#1986,.T.);
#2920 = ORIENTED_EDGE('',*,*,#1190,.F.);
#2921 = PLANE('',#2922);
#2922 = AXIS2_PLACEMENT_3D('',#2923,#2924,#2925);
#2923 = CARTESIAN_POINT('',(20.,-42.,1.043891789502E-14));
#2924 = DIRECTION('',(0.,2.22044604925E-16,1.));
#2925 = DIRECTION('',(-1.,0.,0.));
#2926 = ADVANCED_FACE('',(#2927),#2938,.T.);
#2927 = FACE_BOUND('',#2928,.T.);
#2928 = EDGE_LOOP('',(#2929,#2930,#2936,#2937));
#2929 = ORIENTED_EDGE('',*,*,#1432,.T.);
#2930 = ORIENTED_EDGE('',*,*,#2931,.T.);
#2931 = EDGE_CURVE('',#1435,#1394,#2932,.T.);
#2932 = LINE('',#2933,#2934);
#2933 = CARTESIAN_POINT('',(-6.,-23.,-1.5));
#2934 = VECTOR('',#2935,1.);
#2935 = DIRECTION('',(-1.,0.,0.));
#2936 = ORIENTED_EDGE('',*,*,#1391,.F.);
#2937 = ORIENTED_EDGE('',*,*,#1476,.F.);
#2938 = PLANE('',#2939);
#2939 = AXIS2_PLACEMENT_3D('',#2940,#2941,#2942);
#2940 = CARTESIAN_POINT('',(-6.,-23.,0.));
#2941 = DIRECTION('',(0.,1.,0.));
#2942 = DIRECTION('',(-1.,0.,0.));
#2943 = ADVANCED_FACE('',(#2944),#2950,.F.);
#2944 = FACE_BOUND('',#2945,.F.);
#2945 = EDGE_LOOP('',(#2946,#2947,#2948,#2949));
#2946 = ORIENTED_EDGE('',*,*,#1459,.T.);
#2947 = ORIENTED_EDGE('',*,*,#2931,.T.);
#2948 = ORIENTED_EDGE('',*,*,#1401,.T.);
#2949 = ORIENTED_EDGE('',*,*,#1747,.T.);
#2950 = PLANE('',#2951);
#2951 = AXIS2_PLACEMENT_3D('',#2952,#2953,#2954);
#2952 = CARTESIAN_POINT('',(0.,-29.,-1.5));
#2953 = DIRECTION('',(0.,0.,1.));
#2954 = DIRECTION('',(1.,0.,0.));
#2955 = ADVANCED_FACE('',(#2956),#3001,.F.);
#2956 = FACE_BOUND('',#2957,.F.);
#2957 = EDGE_LOOP('',(#2958,#2959,#2960,#2961,#2970,#2978,#2986,#2994));
#2958 = ORIENTED_EDGE('',*,*,#1499,.F.);
#2959 = ORIENTED_EDGE('',*,*,#1530,.F.);
#2960 = ORIENTED_EDGE('',*,*,#1554,.F.);
#2961 = ORIENTED_EDGE('',*,*,#2962,.T.);
#2962 = EDGE_CURVE('',#1547,#2963,#2965,.T.);
#2963 = VERTEX_POINT('',#2964);
#2964 = CARTESIAN_POINT('',(2.355972760618,-13.69888288698,0.5));
#2965 = CIRCLE('',#2966,13.9);
#2966 = AXIS2_PLACEMENT_3D('',#2967,#2968,#2969);
#2967 = CARTESIAN_POINT('',(1.064015017292E-15,-3.326346448591E-14,0.5)
  );
#2968 = DIRECTION('',(0.,0.,-1.));
#2969 = DIRECTION('',(1.,0.,0.));
#2970 = ORIENTED_EDGE('',*,*,#2971,.F.);
#2971 = EDGE_CURVE('',#2972,#2963,#2974,.T.);
#2972 = VERTEX_POINT('',#2973);
#2973 = CARTESIAN_POINT('',(2.355972760618,-20.71518934931,0.5));
#2974 = LINE('',#2975,#2976);
#2975 = CARTESIAN_POINT('',(2.355972760618,-20.71518934931,0.5));
#2976 = VECTOR('',#2977,1.);
#2977 = DIRECTION('',(0.,1.,0.));
#2978 = ORIENTED_EDGE('',*,*,#2979,.F.);
#2979 = EDGE_CURVE('',#2980,#2972,#2982,.T.);
#2980 = VERTEX_POINT('',#2981);
#2981 = CARTESIAN_POINT('',(-2.041563091153,-20.71518934931,0.5));
#2982 = LINE('',#2983,#2984);
#2983 = CARTESIAN_POINT('',(-2.041563091153,-20.71518934931,0.5));
#2984 = VECTOR('',#2985,1.);
#2985 = DIRECTION('',(1.,0.,0.));
#2986 = ORIENTED_EDGE('',*,*,#2987,.F.);
#2987 = EDGE_CURVE('',#2988,#2980,#2990,.T.);
#2988 = VERTEX_POINT('',#2989);
#2989 = CARTESIAN_POINT('',(-2.041563091152,-13.74925525782,0.5));
#2990 = LINE('',#2991,#2992);
#2991 = CARTESIAN_POINT('',(-2.041563091153,-10.31863865068,0.5));
#2992 = VECTOR('',#2993,1.);
#2993 = DIRECTION('',(0.,-1.,0.));
#2994 = ORIENTED_EDGE('',*,*,#2995,.T.);
#2995 = EDGE_CURVE('',#2988,#1500,#2996,.T.);
#2996 = CIRCLE('',#2997,13.9);
#2997 = AXIS2_PLACEMENT_3D('',#2998,#2999,#3000);
#2998 = CARTESIAN_POINT('',(1.064015017292E-15,-3.326346448591E-14,0.5)
  );
#2999 = DIRECTION('',(0.,0.,-1.));
#3000 = DIRECTION('',(1.,0.,0.));
#3001 = PLANE('',#3002);
#3002 = AXIS2_PLACEMENT_3D('',#3003,#3004,#3005);
#3003 = CARTESIAN_POINT('',(0.157204834733,-15.516914,0.5));
#3004 = DIRECTION('',(0.,0.,1.));
#3005 = DIRECTION('',(1.,0.,0.));
#3006 = ADVANCED_FACE('',(#3007),#3017,.F.);
#3007 = FACE_BOUND('',#3008,.F.);
#3008 = EDGE_LOOP('',(#3009,#3010,#3011));
#3009 = ORIENTED_EDGE('',*,*,#1633,.F.);
#3010 = ORIENTED_EDGE('',*,*,#1588,.F.);
#3011 = ORIENTED_EDGE('',*,*,#3012,.F.);
#3012 = EDGE_CURVE('',#1626,#1589,#3013,.T.);
#3013 = LINE('',#3014,#3015);
#3014 = CARTESIAN_POINT('',(20.,-39.,-28.));
#3015 = VECTOR('',#3016,1.);
#3016 = DIRECTION('',(-1.,-0.,-0.));
#3017 = PLANE('',#3018);
#3018 = AXIS2_PLACEMENT_3D('',#3019,#3020,#3021);
#3019 = CARTESIAN_POINT('',(20.,-39.,-29.));
#3020 = DIRECTION('',(0.,1.,0.));
#3021 = DIRECTION('',(0.,0.,1.));
#3022 = ADVANCED_FACE('',(#3023),#3034,.F.);
#3023 = FACE_BOUND('',#3024,.F.);
#3024 = EDGE_LOOP('',(#3025,#3026,#3027,#3028));
#3025 = ORIENTED_EDGE('',*,*,#1625,.F.);
#3026 = ORIENTED_EDGE('',*,*,#3012,.T.);
#3027 = ORIENTED_EDGE('',*,*,#1599,.T.);
#3028 = ORIENTED_EDGE('',*,*,#3029,.F.);
#3029 = EDGE_CURVE('',#1617,#1600,#3030,.T.);
#3030 = LINE('',#3031,#3032);
#3031 = CARTESIAN_POINT('',(20.,-40.,-28.));
#3032 = VECTOR('',#3033,1.);
#3033 = DIRECTION('',(-1.,-0.,-0.));
#3034 = PLANE('',#3035);
#3035 = AXIS2_PLACEMENT_3D('',#3036,#3037,#3038);
#3036 = CARTESIAN_POINT('',(20.,-39.,-28.));
#3037 = DIRECTION('',(0.,0.,1.));
#3038 = DIRECTION('',(0.,-1.,0.));
#3039 = ADVANCED_FACE('',(#3040),#3045,.F.);
#3040 = FACE_BOUND('',#3041,.F.);
#3041 = EDGE_LOOP('',(#3042,#3043,#3044));
#3042 = ORIENTED_EDGE('',*,*,#1616,.T.);
#3043 = ORIENTED_EDGE('',*,*,#3029,.T.);
#3044 = ORIENTED_EDGE('',*,*,#1607,.T.);
#3045 = PLANE('',#3046);
#3046 = AXIS2_PLACEMENT_3D('',#3047,#3048,#3049);
#3047 = CARTESIAN_POINT('',(20.,-40.,-28.));
#3048 = DIRECTION('',(0.,-1.,0.));
#3049 = DIRECTION('',(0.,0.,-1.));
#3050 = ADVANCED_FACE('',(#3051),#3061,.F.);
#3051 = FACE_BOUND('',#3052,.F.);
#3052 = EDGE_LOOP('',(#3053,#3054,#3055));
#3053 = ORIENTED_EDGE('',*,*,#1729,.F.);
#3054 = ORIENTED_EDGE('',*,*,#1684,.F.);
#3055 = ORIENTED_EDGE('',*,*,#3056,.F.);
#3056 = EDGE_CURVE('',#1722,#1685,#3057,.T.);
#3057 = LINE('',#3058,#3059);
#3058 = CARTESIAN_POINT('',(20.,-39.,-28.));
#3059 = VECTOR('',#3060,1.);
#3060 = DIRECTION('',(-1.,-0.,-0.));
#3061 = PLANE('',#3062);
#3062 = AXIS2_PLACEMENT_3D('',#3063,#3064,#3065);
#3063 = CARTESIAN_POINT('',(20.,-39.,-29.));
#3064 = DIRECTION('',(0.,1.,0.));
#3065 = DIRECTION('',(0.,0.,1.));
#3066 = ADVANCED_FACE('',(#3067),#3078,.F.);
#3067 = FACE_BOUND('',#3068,.F.);
#3068 = EDGE_LOOP('',(#3069,#3070,#3071,#3072));
#3069 = ORIENTED_EDGE('',*,*,#1721,.F.);
#3070 = ORIENTED_EDGE('',*,*,#3056,.T.);
#3071 = ORIENTED_EDGE('',*,*,#1695,.T.);
#3072 = ORIENTED_EDGE('',*,*,#3073,.F.);
#3073 = EDGE_CURVE('',#1713,#1696,#3074,.T.);
#3074 = LINE('',#3075,#3076);
#3075 = CARTESIAN_POINT('',(20.,-40.,-28.));
#3076 = VECTOR('',#3077,1.);
#3077 = DIRECTION('',(-1.,-0.,-0.));
#3078 = PLANE('',#3079);
#3079 = AXIS2_PLACEMENT_3D('',#3080,#3081,#3082);
#3080 = CARTESIAN_POINT('',(20.,-39.,-28.));
#3081 = DIRECTION('',(0.,0.,1.));
#3082 = DIRECTION('',(0.,-1.,0.));
#3083 = ADVANCED_FACE('',(#3084),#3089,.F.);
#3084 = FACE_BOUND('',#3085,.F.);
#3085 = EDGE_LOOP('',(#3086,#3087,#3088));
#3086 = ORIENTED_EDGE('',*,*,#1712,.T.);
#3087 = ORIENTED_EDGE('',*,*,#3073,.T.);
#3088 = ORIENTED_EDGE('',*,*,#1703,.T.);
#3089 = PLANE('',#3090);
#3090 = AXIS2_PLACEMENT_3D('',#3091,#3092,#3093);
#3091 = CARTESIAN_POINT('',(20.,-40.,-28.));
#3092 = DIRECTION('',(0.,-1.,0.));
#3093 = DIRECTION('',(0.,0.,-1.));
#3094 = ADVANCED_FACE('',(#3095,#3098),#3109,.T.);
#3095 = FACE_BOUND('',#3096,.T.);
#3096 = EDGE_LOOP('',(#3097));
#3097 = ORIENTED_EDGE('',*,*,#1786,.T.);
#3098 = FACE_BOUND('',#3099,.T.);
#3099 = EDGE_LOOP('',(#3100));
#3100 = ORIENTED_EDGE('',*,*,#3101,.T.);
#3101 = EDGE_CURVE('',#3102,#3102,#3104,.T.);
#3102 = VERTEX_POINT('',#3103);
#3103 = CARTESIAN_POINT('',(-14.4,-37.,-25.));
#3104 = CIRCLE('',#3105,1.6);
#3105 = AXIS2_PLACEMENT_3D('',#3106,#3107,#3108);
#3106 = CARTESIAN_POINT('',(-16.,-37.,-25.));
#3107 = DIRECTION('',(0.,-1.,2.22044604925E-16));
#3108 = DIRECTION('',(1.,0.,0.));
#3109 = PLANE('',#3110);
#3110 = AXIS2_PLACEMENT_3D('',#3111,#3112,#3113);
#3111 = CARTESIAN_POINT('',(0.,-37.,-25.));
#3112 = DIRECTION('',(0.,1.,0.));
#3113 = DIRECTION('',(0.,0.,1.));
#3114 = ADVANCED_FACE('',(#3115,#3118),#3129,.T.);
#3115 = FACE_BOUND('',#3116,.T.);
#3116 = EDGE_LOOP('',(#3117));
#3117 = ORIENTED_EDGE('',*,*,#1811,.T.);
#3118 = FACE_BOUND('',#3119,.T.);
#3119 = EDGE_LOOP('',(#3120));
#3120 = ORIENTED_EDGE('',*,*,#3121,.T.);
#3121 = EDGE_CURVE('',#3122,#3122,#3124,.T.);
#3122 = VERTEX_POINT('',#3123);
#3123 = CARTESIAN_POINT('',(17.6,-37.,-25.));
#3124 = CIRCLE('',#3125,1.6);
#3125 = AXIS2_PLACEMENT_3D('',#3126,#3127,#3128);
#3126 = CARTESIAN_POINT('',(16.,-37.,-25.));
#3127 = DIRECTION('',(0.,-1.,2.22044604925E-16));
#3128 = DIRECTION('',(1.,0.,0.));
#3129 = PLANE('',#3130);
#3130 = AXIS2_PLACEMENT_3D('',#3131,#3132,#3133);
#3131 = CARTESIAN_POINT('',(0.,-37.,-25.));
#3132 = DIRECTION('',(0.,1.,0.));
#3133 = DIRECTION('',(0.,0.,1.));
#3134 = ADVANCED_FACE('',(#3135),#3146,.F.);
#3135 = FACE_BOUND('',#3136,.F.);
#3136 = EDGE_LOOP('',(#3137,#3138,#3144,#3145));
#3137 = ORIENTED_EDGE('',*,*,#1841,.F.);
#3138 = ORIENTED_EDGE('',*,*,#3139,.T.);
#3139 = EDGE_CURVE('',#1842,#3102,#3140,.T.);
#3140 = LINE('',#3141,#3142);
#3141 = CARTESIAN_POINT('',(-14.4,-42.,-25.));
#3142 = VECTOR('',#3143,1.);
#3143 = DIRECTION('',(0.,1.,-2.22044604925E-16));
#3144 = ORIENTED_EDGE('',*,*,#3101,.T.);
#3145 = ORIENTED_EDGE('',*,*,#3139,.F.);
#3146 = CYLINDRICAL_SURFACE('',#3147,1.6);
#3147 = AXIS2_PLACEMENT_3D('',#3148,#3149,#3150);
#3148 = CARTESIAN_POINT('',(-16.,-42.,-25.));
#3149 = DIRECTION('',(0.,-1.,2.22044604925E-16));
#3150 = DIRECTION('',(1.,0.,0.));
#3151 = ADVANCED_FACE('',(#3152),#3163,.F.);
#3152 = FACE_BOUND('',#3153,.F.);
#3153 = EDGE_LOOP('',(#3154,#3155,#3161,#3162));
#3154 = ORIENTED_EDGE('',*,*,#1852,.F.);
#3155 = ORIENTED_EDGE('',*,*,#3156,.T.);
#3156 = EDGE_CURVE('',#1853,#3122,#3157,.T.);
#3157 = LINE('',#3158,#3159);
#3158 = CARTESIAN_POINT('',(17.6,-42.,-25.));
#3159 = VECTOR('',#3160,1.);
#3160 = DIRECTION('',(0.,1.,-2.22044604925E-16));
#3161 = ORIENTED_EDGE('',*,*,#3121,.T.);
#3162 = ORIENTED_EDGE('',*,*,#3156,.F.);
#3163 = CYLINDRICAL_SURFACE('',#3164,1.6);
#3164 = AXIS2_PLACEMENT_3D('',#3165,#3166,#3167);
#3165 = CARTESIAN_POINT('',(16.,-42.,-25.));
#3166 = DIRECTION('',(0.,-1.,2.22044604925E-16));
#3167 = DIRECTION('',(1.,0.,0.));
#3168 = ADVANCED_FACE('',(#3169),#3190,.T.);
#3169 = FACE_BOUND('',#3170,.T.);
#3170 = EDGE_LOOP('',(#3171,#3172,#3173,#3174,#3175,#3176,#3177,#3178,
    #3179,#3180,#3181,#3182,#3183,#3189));
#3171 = ORIENTED_EDGE('',*,*,#1962,.F.);
#3172 = ORIENTED_EDGE('',*,*,#2013,.T.);
#3173 = ORIENTED_EDGE('',*,*,#2029,.F.);
#3174 = ORIENTED_EDGE('',*,*,#2053,.F.);
#3175 = ORIENTED_EDGE('',*,*,#2077,.F.);
#3176 = ORIENTED_EDGE('',*,*,#2109,.T.);
#3177 = ORIENTED_EDGE('',*,*,#2123,.F.);
#3178 = ORIENTED_EDGE('',*,*,#2155,.F.);
#3179 = ORIENTED_EDGE('',*,*,#2180,.T.);
#3180 = ORIENTED_EDGE('',*,*,#2204,.T.);
#3181 = ORIENTED_EDGE('',*,*,#2228,.T.);
#3182 = ORIENTED_EDGE('',*,*,#2253,.F.);
#3183 = ORIENTED_EDGE('',*,*,#3184,.T.);
#3184 = EDGE_CURVE('',#2244,#2490,#3185,.T.);
#3185 = LINE('',#3186,#3187);
#3186 = CARTESIAN_POINT('',(17.5,2.5,4.));
#3187 = VECTOR('',#3188,1.);
#3188 = DIRECTION('',(-0.,-0.,-1.));
#3189 = ORIENTED_EDGE('',*,*,#2489,.T.);
#3190 = PLANE('',#3191);
#3191 = AXIS2_PLACEMENT_3D('',#3192,#3193,#3194);
#3192 = CARTESIAN_POINT('',(17.5,-20.3530927835,2.603092783505));
#3193 = DIRECTION('',(-1.,-0.,-0.));
#3194 = DIRECTION('',(0.,0.,-1.));
#3195 = ADVANCED_FACE('',(#3196),#3212,.T.);
#3196 = FACE_BOUND('',#3197,.T.);
#3197 = EDGE_LOOP('',(#3198,#3199,#3200,#3201,#3202,#3203,#3204,#3205,
    #3206,#3207,#3208,#3209,#3210,#3211));
#3198 = ORIENTED_EDGE('',*,*,#2639,.F.);
#3199 = ORIENTED_EDGE('',*,*,#2682,.T.);
#3200 = ORIENTED_EDGE('',*,*,#2697,.T.);
#3201 = ORIENTED_EDGE('',*,*,#2721,.T.);
#3202 = ORIENTED_EDGE('',*,*,#2745,.T.);
#3203 = ORIENTED_EDGE('',*,*,#2779,.T.);
#3204 = ORIENTED_EDGE('',*,*,#2802,.F.);
#3205 = ORIENTED_EDGE('',*,*,#2818,.T.);
#3206 = ORIENTED_EDGE('',*,*,#2841,.F.);
#3207 = ORIENTED_EDGE('',*,*,#2865,.F.);
#3208 = ORIENTED_EDGE('',*,*,#2891,.F.);
#3209 = ORIENTED_EDGE('',*,*,#2914,.T.);
#3210 = ORIENTED_EDGE('',*,*,#1978,.T.);
#3211 = ORIENTED_EDGE('',*,*,#2482,.T.);
#3212 = PLANE('',#3213);
#3213 = AXIS2_PLACEMENT_3D('',#3214,#3215,#3216);
#3214 = CARTESIAN_POINT('',(13.5,-37.2410714286,2.241071428569));
#3215 = DIRECTION('',(1.,0.,3.625659369569E-16));
#3216 = DIRECTION('',(-3.625659369569E-16,0.,1.));
#3217 = ADVANCED_FACE('',(#3218),#3245,.T.);
#3218 = FACE_BOUND('',#3219,.T.);
#3219 = EDGE_LOOP('',(#3220,#3221,#3222,#3230,#3238,#3244));
#3220 = ORIENTED_EDGE('',*,*,#3184,.F.);
#3221 = ORIENTED_EDGE('',*,*,#2243,.T.);
#3222 = ORIENTED_EDGE('',*,*,#3223,.T.);
#3223 = EDGE_CURVE('',#2246,#3224,#3226,.T.);
#3224 = VERTEX_POINT('',#3225);
#3225 = CARTESIAN_POINT('',(11.5,2.5,-6.));
#3226 = LINE('',#3227,#3228);
#3227 = CARTESIAN_POINT('',(11.5,2.5,4.));
#3228 = VECTOR('',#3229,1.);
#3229 = DIRECTION('',(-0.,-0.,-1.));
#3230 = ORIENTED_EDGE('',*,*,#3231,.F.);
#3231 = EDGE_CURVE('',#3232,#3224,#3234,.T.);
#3232 = VERTEX_POINT('',#3233);
#3233 = CARTESIAN_POINT('',(13.5,2.5,-6.));
#3234 = LINE('',#3235,#3236);
#3235 = CARTESIAN_POINT('',(13.5,2.5,-6.));
#3236 = VECTOR('',#3237,1.);
#3237 = DIRECTION('',(-1.,0.,0.));
#3238 = ORIENTED_EDGE('',*,*,#3239,.F.);
#3239 = EDGE_CURVE('',#2498,#3232,#3240,.T.);
#3240 = LINE('',#3241,#3242);
#3241 = CARTESIAN_POINT('',(13.5,2.5,4.));
#3242 = VECTOR('',#3243,1.);
#3243 = DIRECTION('',(-0.,-0.,-1.));
#3244 = ORIENTED_EDGE('',*,*,#2497,.T.);
#3245 = PLANE('',#3246);
#3246 = AXIS2_PLACEMENT_3D('',#3247,#3248,#3249);
#3247 = CARTESIAN_POINT('',(13.5625,2.5,-6.25E-02));
#3248 = DIRECTION('',(-0.,-1.,-0.));
#3249 = DIRECTION('',(0.,0.,-1.));
#3250 = ADVANCED_FACE('',(#3251),#3301,.T.);
#3251 = FACE_BOUND('',#3252,.T.);
#3252 = EDGE_LOOP('',(#3253,#3261,#3269,#3277,#3285,#3293,#3299,#3300));
#3253 = ORIENTED_EDGE('',*,*,#3254,.F.);
#3254 = EDGE_CURVE('',#3255,#2298,#3257,.T.);
#3255 = VERTEX_POINT('',#3256);
#3256 = CARTESIAN_POINT('',(11.5,6.200000357628,-20.3));
#3257 = LINE('',#3258,#3259);
#3258 = CARTESIAN_POINT('',(11.5,6.200000357628,0.));
#3259 = VECTOR('',#3260,1.);
#3260 = DIRECTION('',(0.,0.,1.));
#3261 = ORIENTED_EDGE('',*,*,#3262,.T.);
#3262 = EDGE_CURVE('',#3255,#3263,#3265,.T.);
#3263 = VERTEX_POINT('',#3264);
#3264 = CARTESIAN_POINT('',(11.5,-6.200000357721,-20.3));
#3265 = LINE('',#3266,#3267);
#3266 = CARTESIAN_POINT('',(11.5,6.200000357628,-20.3));
#3267 = VECTOR('',#3268,1.);
#3268 = DIRECTION('',(0.,-1.,0.));
#3269 = ORIENTED_EDGE('',*,*,#3270,.T.);
#3270 = EDGE_CURVE('',#3263,#3271,#3273,.T.);
#3271 = VERTEX_POINT('',#3272);
#3272 = CARTESIAN_POINT('',(11.5,-6.200000357628,4.));
#3273 = LINE('',#3274,#3275);
#3274 = CARTESIAN_POINT('',(11.5,-6.200000357628,0.));
#3275 = VECTOR('',#3276,1.);
#3276 = DIRECTION('',(0.,0.,1.));
#3277 = ORIENTED_EDGE('',*,*,#3278,.F.);
#3278 = EDGE_CURVE('',#3279,#3271,#3281,.T.);
#3279 = VERTEX_POINT('',#3280);
#3280 = CARTESIAN_POINT('',(11.5,-2.5,4.));
#3281 = LINE('',#3282,#3283);
#3282 = CARTESIAN_POINT('',(11.5,-10.95206138636,4.));
#3283 = VECTOR('',#3284,1.);
#3284 = DIRECTION('',(0.,-1.,0.));
#3285 = ORIENTED_EDGE('',*,*,#3286,.T.);
#3286 = EDGE_CURVE('',#3279,#3287,#3289,.T.);
#3287 = VERTEX_POINT('',#3288);
#3288 = CARTESIAN_POINT('',(11.5,-2.5,-6.));
#3289 = LINE('',#3290,#3291);
#3290 = CARTESIAN_POINT('',(11.5,-2.5,4.));
#3291 = VECTOR('',#3292,1.);
#3292 = DIRECTION('',(-0.,-0.,-1.));
#3293 = ORIENTED_EDGE('',*,*,#3294,.F.);
#3294 = EDGE_CURVE('',#3224,#3287,#3295,.T.);
#3295 = LINE('',#3296,#3297);
#3296 = CARTESIAN_POINT('',(11.5,2.5,-6.));
#3297 = VECTOR('',#3298,1.);
#3298 = DIRECTION('',(0.,-1.,0.));
#3299 = ORIENTED_EDGE('',*,*,#3223,.F.);
#3300 = ORIENTED_EDGE('',*,*,#2305,.F.);
#3301 = PLANE('',#3302);
#3302 = AXIS2_PLACEMENT_3D('',#3303,#3304,#3305);
#3303 = CARTESIAN_POINT('',(11.5,-1.737268272211E-16,-10.25));
#3304 = DIRECTION('',(-1.,-0.,-0.));
#3305 = DIRECTION('',(0.,0.,-1.));
#3306 = ADVANCED_FACE('',(#3307),#3325,.T.);
#3307 = FACE_BOUND('',#3308,.T.);
#3308 = EDGE_LOOP('',(#3309,#3310,#3318,#3324));
#3309 = ORIENTED_EDGE('',*,*,#2297,.F.);
#3310 = ORIENTED_EDGE('',*,*,#3311,.T.);
#3311 = EDGE_CURVE('',#2290,#3312,#3314,.T.);
#3312 = VERTEX_POINT('',#3313);
#3313 = CARTESIAN_POINT('',(-11.5,6.200000357628,-20.3));
#3314 = LINE('',#3315,#3316);
#3315 = CARTESIAN_POINT('',(-11.5,6.200000357628,0.));
#3316 = VECTOR('',#3317,1.);
#3317 = DIRECTION('',(-0.,-0.,-1.));
#3318 = ORIENTED_EDGE('',*,*,#3319,.T.);
#3319 = EDGE_CURVE('',#3312,#3255,#3320,.T.);
#3320 = LINE('',#3321,#3322);
#3321 = CARTESIAN_POINT('',(-11.5,6.200000357628,-20.3));
#3322 = VECTOR('',#3323,1.);
#3323 = DIRECTION('',(1.,0.,0.));
#3324 = ORIENTED_EDGE('',*,*,#3254,.T.);
#3325 = PLANE('',#3326);
#3326 = AXIS2_PLACEMENT_3D('',#3327,#3328,#3329);
#3327 = CARTESIAN_POINT('',(0.,6.200000357628,-10.25));
#3328 = DIRECTION('',(-0.,-1.,-0.));
#3329 = DIRECTION('',(0.,0.,-1.));
#3330 = ADVANCED_FACE('',(#3331),#3381,.T.);
#3331 = FACE_BOUND('',#3332,.T.);
#3332 = EDGE_LOOP('',(#3333,#3343,#3349,#3350,#3351,#3359,#3367,#3375));
#3333 = ORIENTED_EDGE('',*,*,#3334,.F.);
#3334 = EDGE_CURVE('',#3335,#3337,#3339,.T.);
#3335 = VERTEX_POINT('',#3336);
#3336 = CARTESIAN_POINT('',(-11.5,-6.200000357721,-20.3));
#3337 = VERTEX_POINT('',#3338);
#3338 = CARTESIAN_POINT('',(-11.5,-6.200000357628,4.));
#3339 = LINE('',#3340,#3341);
#3340 = CARTESIAN_POINT('',(-11.5,-6.200000357628,0.));
#3341 = VECTOR('',#3342,1.);
#3342 = DIRECTION('',(0.,0.,1.));
#3343 = ORIENTED_EDGE('',*,*,#3344,.T.);
#3344 = EDGE_CURVE('',#3335,#3312,#3345,.T.);
#3345 = LINE('',#3346,#3347);
#3346 = CARTESIAN_POINT('',(-11.5,-6.200000357721,-20.3));
#3347 = VECTOR('',#3348,1.);
#3348 = DIRECTION('',(0.,1.,0.));
#3349 = ORIENTED_EDGE('',*,*,#3311,.F.);
#3350 = ORIENTED_EDGE('',*,*,#2289,.F.);
#3351 = ORIENTED_EDGE('',*,*,#3352,.T.);
#3352 = EDGE_CURVE('',#2282,#3353,#3355,.T.);
#3353 = VERTEX_POINT('',#3354);
#3354 = CARTESIAN_POINT('',(-11.5,2.5,-6.));
#3355 = LINE('',#3356,#3357);
#3356 = CARTESIAN_POINT('',(-11.5,2.5,4.));
#3357 = VECTOR('',#3358,1.);
#3358 = DIRECTION('',(-0.,-0.,-1.));
#3359 = ORIENTED_EDGE('',*,*,#3360,.F.);
#3360 = EDGE_CURVE('',#3361,#3353,#3363,.T.);
#3361 = VERTEX_POINT('',#3362);
#3362 = CARTESIAN_POINT('',(-11.5,-2.5,-6.));
#3363 = LINE('',#3364,#3365);
#3364 = CARTESIAN_POINT('',(-11.5,-2.5,-6.));
#3365 = VECTOR('',#3366,1.);
#3366 = DIRECTION('',(0.,1.,0.));
#3367 = ORIENTED_EDGE('',*,*,#3368,.F.);
#3368 = EDGE_CURVE('',#3369,#3361,#3371,.T.);
#3369 = VERTEX_POINT('',#3370);
#3370 = CARTESIAN_POINT('',(-11.5,-2.5,4.));
#3371 = LINE('',#3372,#3373);
#3372 = CARTESIAN_POINT('',(-11.5,-2.5,4.));
#3373 = VECTOR('',#3374,1.);
#3374 = DIRECTION('',(-0.,-0.,-1.));
#3375 = ORIENTED_EDGE('',*,*,#3376,.F.);
#3376 = EDGE_CURVE('',#3337,#3369,#3377,.T.);
#3377 = LINE('',#3378,#3379);
#3378 = CARTESIAN_POINT('',(-11.5,-4.752061028738,4.));
#3379 = VECTOR('',#3380,1.);
#3380 = DIRECTION('',(0.,1.,0.));
#3381 = PLANE('',#3382);
#3382 = AXIS2_PLACEMENT_3D('',#3383,#3384,#3385);
#3383 = CARTESIAN_POINT('',(-11.5,3.474536544421E-16,-10.25));
#3384 = DIRECTION('',(1.,0.,0.));
#3385 = DIRECTION('',(0.,0.,1.));
#3386 = ADVANCED_FACE('',(#3387),#3412,.T.);
#3387 = FACE_BOUND('',#3388,.T.);
#3388 = EDGE_LOOP('',(#3389,#3390,#3391,#3397,#3398,#3406));
#3389 = ORIENTED_EDGE('',*,*,#3352,.F.);
#3390 = ORIENTED_EDGE('',*,*,#2281,.T.);
#3391 = ORIENTED_EDGE('',*,*,#3392,.T.);
#3392 = EDGE_CURVE('',#2274,#2451,#3393,.T.);
#3393 = LINE('',#3394,#3395);
#3394 = CARTESIAN_POINT('',(-17.5,2.5,4.));
#3395 = VECTOR('',#3396,1.);
#3396 = DIRECTION('',(-0.,-0.,-1.));
#3397 = ORIENTED_EDGE('',*,*,#2450,.F.);
#3398 = ORIENTED_EDGE('',*,*,#3399,.T.);
#3399 = EDGE_CURVE('',#2441,#3400,#3402,.T.);
#3400 = VERTEX_POINT('',#3401);
#3401 = CARTESIAN_POINT('',(-13.5,2.5,-6.));
#3402 = LINE('',#3403,#3404);
#3403 = CARTESIAN_POINT('',(-13.5,2.5,4.));
#3404 = VECTOR('',#3405,1.);
#3405 = DIRECTION('',(-0.,-0.,-1.));
#3406 = ORIENTED_EDGE('',*,*,#3407,.F.);
#3407 = EDGE_CURVE('',#3353,#3400,#3408,.T.);
#3408 = LINE('',#3409,#3410);
#3409 = CARTESIAN_POINT('',(-11.5,2.5,-6.));
#3410 = VECTOR('',#3411,1.);
#3411 = DIRECTION('',(-1.,0.,0.));
#3412 = PLANE('',#3413);
#3413 = AXIS2_PLACEMENT_3D('',#3414,#3415,#3416);
#3414 = CARTESIAN_POINT('',(-13.5625,2.5,-6.25E-02));
#3415 = DIRECTION('',(-0.,-1.,-0.));
#3416 = DIRECTION('',(0.,0.,-1.));
#3417 = ADVANCED_FACE('',(#3418),#3424,.F.);
#3418 = FACE_BOUND('',#3419,.F.);
#3419 = EDGE_LOOP('',(#3420,#3421,#3422,#3423));
#3420 = ORIENTED_EDGE('',*,*,#3392,.T.);
#3421 = ORIENTED_EDGE('',*,*,#2458,.T.);
#3422 = ORIENTED_EDGE('',*,*,#2416,.F.);
#3423 = ORIENTED_EDGE('',*,*,#2273,.F.);
#3424 = PLANE('',#3425);
#3425 = AXIS2_PLACEMENT_3D('',#3426,#3427,#3428);
#3426 = CARTESIAN_POINT('',(-17.5,2.5,4.));
#3427 = DIRECTION('',(-1.,0.,0.));
#3428 = DIRECTION('',(0.,-1.,0.));
#3429 = ADVANCED_FACE('',(#3430),#3455,.F.);
#3430 = FACE_BOUND('',#3431,.F.);
#3431 = EDGE_LOOP('',(#3432,#3440,#3448,#3454));
#3432 = ORIENTED_EDGE('',*,*,#3433,.T.);
#3433 = EDGE_CURVE('',#2314,#3434,#3436,.T.);
#3434 = VERTEX_POINT('',#3435);
#3435 = CARTESIAN_POINT('',(-19.3,-12.18771309859,2.));
#3436 = LINE('',#3437,#3438);
#3437 = CARTESIAN_POINT('',(-19.3,-12.18771309859,4.));
#3438 = VECTOR('',#3439,1.);
#3439 = DIRECTION('',(-0.,-0.,-1.));
#3440 = ORIENTED_EDGE('',*,*,#3441,.T.);
#3441 = EDGE_CURVE('',#3434,#3442,#3444,.T.);
#3442 = VERTEX_POINT('',#3443);
#3443 = CARTESIAN_POINT('',(-19.3,-18.18771309859,2.));
#3444 = LINE('',#3445,#3446);
#3445 = CARTESIAN_POINT('',(-19.3,-12.18771309859,2.));
#3446 = VECTOR('',#3447,1.);
#3447 = DIRECTION('',(0.,-1.,0.));
#3448 = ORIENTED_EDGE('',*,*,#3449,.F.);
#3449 = EDGE_CURVE('',#2316,#3442,#3450,.T.);
#3450 = LINE('',#3451,#3452);
#3451 = CARTESIAN_POINT('',(-19.3,-18.18771309859,4.));
#3452 = VECTOR('',#3453,1.);
#3453 = DIRECTION('',(-0.,-0.,-1.));
#3454 = ORIENTED_EDGE('',*,*,#2313,.F.);
#3455 = PLANE('',#3456);
#3456 = AXIS2_PLACEMENT_3D('',#3457,#3458,#3459);
#3457 = CARTESIAN_POINT('',(-19.3,-12.18771309859,4.));
#3458 = DIRECTION('',(-1.,0.,0.));
#3459 = DIRECTION('',(0.,-1.,0.));
#3460 = ADVANCED_FACE('',(#3461),#3479,.F.);
#3461 = FACE_BOUND('',#3462,.F.);
#3462 = EDGE_LOOP('',(#3463,#3471,#3477,#3478));
#3463 = ORIENTED_EDGE('',*,*,#3464,.T.);
#3464 = EDGE_CURVE('',#2324,#3465,#3467,.T.);
#3465 = VERTEX_POINT('',#3466);
#3466 = CARTESIAN_POINT('',(-18.3,-12.18771309859,2.));
#3467 = LINE('',#3468,#3469);
#3468 = CARTESIAN_POINT('',(-18.3,-12.18771309859,4.));
#3469 = VECTOR('',#3470,1.);
#3470 = DIRECTION('',(-0.,-0.,-1.));
#3471 = ORIENTED_EDGE('',*,*,#3472,.T.);
#3472 = EDGE_CURVE('',#3465,#3434,#3473,.T.);
#3473 = LINE('',#3474,#3475);
#3474 = CARTESIAN_POINT('',(-18.3,-12.18771309859,2.));
#3475 = VECTOR('',#3476,1.);
#3476 = DIRECTION('',(-1.,0.,0.));
#3477 = ORIENTED_EDGE('',*,*,#3433,.F.);
#3478 = ORIENTED_EDGE('',*,*,#2323,.F.);
#3479 = PLANE('',#3480);
#3480 = AXIS2_PLACEMENT_3D('',#3481,#3482,#3483);
#3481 = CARTESIAN_POINT('',(-18.3,-12.18771309859,4.));
#3482 = DIRECTION('',(0.,1.,0.));
#3483 = DIRECTION('',(-1.,0.,0.));
#3484 = ADVANCED_FACE('',(#3485),#3503,.F.);
#3485 = FACE_BOUND('',#3486,.F.);
#3486 = EDGE_LOOP('',(#3487,#3488,#3496,#3502));
#3487 = ORIENTED_EDGE('',*,*,#3449,.T.);
#3488 = ORIENTED_EDGE('',*,*,#3489,.T.);
#3489 = EDGE_CURVE('',#3442,#3490,#3492,.T.);
#3490 = VERTEX_POINT('',#3491);
#3491 = CARTESIAN_POINT('',(-18.3,-18.18771309859,2.));
#3492 = LINE('',#3493,#3494);
#3493 = CARTESIAN_POINT('',(-19.3,-18.18771309859,2.));
#3494 = VECTOR('',#3495,1.);
#3495 = DIRECTION('',(1.,0.,0.));
#3496 = ORIENTED_EDGE('',*,*,#3497,.F.);
#3497 = EDGE_CURVE('',#2332,#3490,#3498,.T.);
#3498 = LINE('',#3499,#3500);
#3499 = CARTESIAN_POINT('',(-18.3,-18.18771309859,4.));
#3500 = VECTOR('',#3501,1.);
#3501 = DIRECTION('',(-0.,-0.,-1.));
#3502 = ORIENTED_EDGE('',*,*,#2339,.F.);
#3503 = PLANE('',#3504);
#3504 = AXIS2_PLACEMENT_3D('',#3505,#3506,#3507);
#3505 = CARTESIAN_POINT('',(-19.3,-18.18771309859,4.));
#3506 = DIRECTION('',(0.,-1.,0.));
#3507 = DIRECTION('',(1.,0.,0.));
#3508 = ADVANCED_FACE('',(#3509),#3520,.F.);
#3509 = FACE_BOUND('',#3510,.F.);
#3510 = EDGE_LOOP('',(#3511,#3512,#3518,#3519));
#3511 = ORIENTED_EDGE('',*,*,#3497,.T.);
#3512 = ORIENTED_EDGE('',*,*,#3513,.T.);
#3513 = EDGE_CURVE('',#3490,#3465,#3514,.T.);
#3514 = LINE('',#3515,#3516);
#3515 = CARTESIAN_POINT('',(-18.3,-18.18771309859,2.));
#3516 = VECTOR('',#3517,1.);
#3517 = DIRECTION('',(0.,1.,0.));
#3518 = ORIENTED_EDGE('',*,*,#3464,.F.);
#3519 = ORIENTED_EDGE('',*,*,#2331,.F.);
#3520 = PLANE('',#3521);
#3521 = AXIS2_PLACEMENT_3D('',#3522,#3523,#3524);
#3522 = CARTESIAN_POINT('',(-18.3,-18.18771309859,4.));
#3523 = DIRECTION('',(1.,0.,0.));
#3524 = DIRECTION('',(0.,1.,0.));
#3525 = ADVANCED_FACE('',(#3526),#3551,.F.);
#3526 = FACE_BOUND('',#3527,.F.);
#3527 = EDGE_LOOP('',(#3528,#3536,#3544,#3550));
#3528 = ORIENTED_EDGE('',*,*,#3529,.T.);
#3529 = EDGE_CURVE('',#2348,#3530,#3532,.T.);
#3530 = VERTEX_POINT('',#3531);
#3531 = CARTESIAN_POINT('',(19.3,-12.18771309859,2.));
#3532 = LINE('',#3533,#3534);
#3533 = CARTESIAN_POINT('',(19.3,-12.18771309859,4.));
#3534 = VECTOR('',#3535,1.);
#3535 = DIRECTION('',(-0.,-0.,-1.));
#3536 = ORIENTED_EDGE('',*,*,#3537,.T.);
#3537 = EDGE_CURVE('',#3530,#3538,#3540,.T.);
#3538 = VERTEX_POINT('',#3539);
#3539 = CARTESIAN_POINT('',(18.3,-12.18771309859,2.));
#3540 = LINE('',#3541,#3542);
#3541 = CARTESIAN_POINT('',(19.3,-12.18771309859,2.));
#3542 = VECTOR('',#3543,1.);
#3543 = DIRECTION('',(-1.,0.,0.));
#3544 = ORIENTED_EDGE('',*,*,#3545,.F.);
#3545 = EDGE_CURVE('',#2350,#3538,#3546,.T.);
#3546 = LINE('',#3547,#3548);
#3547 = CARTESIAN_POINT('',(18.3,-12.18771309859,4.));
#3548 = VECTOR('',#3549,1.);
#3549 = DIRECTION('',(-0.,-0.,-1.));
#3550 = ORIENTED_EDGE('',*,*,#2347,.F.);
#3551 = PLANE('',#3552);
#3552 = AXIS2_PLACEMENT_3D('',#3553,#3554,#3555);
#3553 = CARTESIAN_POINT('',(19.3,-12.18771309859,4.));
#3554 = DIRECTION('',(0.,1.,0.));
#3555 = DIRECTION('',(-1.,0.,0.));
#3556 = ADVANCED_FACE('',(#3557),#3575,.F.);
#3557 = FACE_BOUND('',#3558,.F.);
#3558 = EDGE_LOOP('',(#3559,#3567,#3573,#3574));
#3559 = ORIENTED_EDGE('',*,*,#3560,.T.);
#3560 = EDGE_CURVE('',#2358,#3561,#3563,.T.);
#3561 = VERTEX_POINT('',#3562);
#3562 = CARTESIAN_POINT('',(19.3,-18.18771309859,2.));
#3563 = LINE('',#3564,#3565);
#3564 = CARTESIAN_POINT('',(19.3,-18.18771309859,4.));
#3565 = VECTOR('',#3566,1.);
#3566 = DIRECTION('',(-0.,-0.,-1.));
#3567 = ORIENTED_EDGE('',*,*,#3568,.T.);
#3568 = EDGE_CURVE('',#3561,#3530,#3569,.T.);
#3569 = LINE('',#3570,#3571);
#3570 = CARTESIAN_POINT('',(19.3,-18.18771309859,2.));
#3571 = VECTOR('',#3572,1.);
#3572 = DIRECTION('',(0.,1.,0.));
#3573 = ORIENTED_EDGE('',*,*,#3529,.F.);
#3574 = ORIENTED_EDGE('',*,*,#2357,.F.);
#3575 = PLANE('',#3576);
#3576 = AXIS2_PLACEMENT_3D('',#3577,#3578,#3579);
#3577 = CARTESIAN_POINT('',(19.3,-18.18771309859,4.));
#3578 = DIRECTION('',(1.,0.,0.));
#3579 = DIRECTION('',(0.,1.,0.));
#3580 = ADVANCED_FACE('',(#3581),#3599,.F.);
#3581 = FACE_BOUND('',#3582,.F.);
#3582 = EDGE_LOOP('',(#3583,#3584,#3592,#3598));
#3583 = ORIENTED_EDGE('',*,*,#3545,.T.);
#3584 = ORIENTED_EDGE('',*,*,#3585,.T.);
#3585 = EDGE_CURVE('',#3538,#3586,#3588,.T.);
#3586 = VERTEX_POINT('',#3587);
#3587 = CARTESIAN_POINT('',(18.3,-18.18771309859,2.));
#3588 = LINE('',#3589,#3590);
#3589 = CARTESIAN_POINT('',(18.3,-12.18771309859,2.));
#3590 = VECTOR('',#3591,1.);
#3591 = DIRECTION('',(0.,-1.,0.));
#3592 = ORIENTED_EDGE('',*,*,#3593,.F.);
#3593 = EDGE_CURVE('',#2366,#3586,#3594,.T.);
#3594 = LINE('',#3595,#3596);
#3595 = CARTESIAN_POINT('',(18.3,-18.18771309859,4.));
#3596 = VECTOR('',#3597,1.);
#3597 = DIRECTION('',(-0.,-0.,-1.));
#3598 = ORIENTED_EDGE('',*,*,#2373,.F.);
#3599 = PLANE('',#3600);
#3600 = AXIS2_PLACEMENT_3D('',#3601,#3602,#3603);
#3601 = CARTESIAN_POINT('',(18.3,-12.18771309859,4.));
#3602 = DIRECTION('',(-1.,0.,0.));
#3603 = DIRECTION('',(0.,-1.,0.));
#3604 = ADVANCED_FACE('',(#3605),#3616,.F.);
#3605 = FACE_BOUND('',#3606,.F.);
#3606 = EDGE_LOOP('',(#3607,#3608,#3614,#3615));
#3607 = ORIENTED_EDGE('',*,*,#3593,.T.);
#3608 = ORIENTED_EDGE('',*,*,#3609,.T.);
#3609 = EDGE_CURVE('',#3586,#3561,#3610,.T.);
#3610 = LINE('',#3611,#3612);
#3611 = CARTESIAN_POINT('',(18.3,-18.18771309859,2.));
#3612 = VECTOR('',#3613,1.);
#3613 = DIRECTION('',(1.,0.,0.));
#3614 = ORIENTED_EDGE('',*,*,#3560,.F.);
#3615 = ORIENTED_EDGE('',*,*,#2365,.F.);
#3616 = PLANE('',#3617);
#3617 = AXIS2_PLACEMENT_3D('',#3618,#3619,#3620);
#3618 = CARTESIAN_POINT('',(18.3,-18.18771309859,4.));
#3619 = DIRECTION('',(0.,-1.,0.));
#3620 = DIRECTION('',(1.,0.,0.));
#3621 = ADVANCED_FACE('',(#3622),#3640,.F.);
#3622 = FACE_BOUND('',#3623,.F.);
#3623 = EDGE_LOOP('',(#3624,#3625,#3626,#3634));
#3624 = ORIENTED_EDGE('',*,*,#2440,.F.);
#3625 = ORIENTED_EDGE('',*,*,#3399,.T.);
#3626 = ORIENTED_EDGE('',*,*,#3627,.T.);
#3627 = EDGE_CURVE('',#3400,#3628,#3630,.T.);
#3628 = VERTEX_POINT('',#3629);
#3629 = CARTESIAN_POINT('',(-13.5,-2.5,-6.));
#3630 = LINE('',#3631,#3632);
#3631 = CARTESIAN_POINT('',(-13.5,2.5,-6.));
#3632 = VECTOR('',#3633,1.);
#3633 = DIRECTION('',(0.,-1.,0.));
#3634 = ORIENTED_EDGE('',*,*,#3635,.F.);
#3635 = EDGE_CURVE('',#2443,#3628,#3636,.T.);
#3636 = LINE('',#3637,#3638);
#3637 = CARTESIAN_POINT('',(-13.5,-2.5,4.));
#3638 = VECTOR('',#3639,1.);
#3639 = DIRECTION('',(-0.,-0.,-1.));
#3640 = PLANE('',#3641);
#3641 = AXIS2_PLACEMENT_3D('',#3642,#3643,#3644);
#3642 = CARTESIAN_POINT('',(-13.5,2.5,4.));
#3643 = DIRECTION('',(-1.,0.,0.));
#3644 = DIRECTION('',(0.,-1.,0.));
#3645 = ADVANCED_FACE('',(#3646),#3664,.F.);
#3646 = FACE_BOUND('',#3647,.F.);
#3647 = EDGE_LOOP('',(#3648,#3649,#3657,#3663));
#3648 = ORIENTED_EDGE('',*,*,#2505,.F.);
#3649 = ORIENTED_EDGE('',*,*,#3650,.T.);
#3650 = EDGE_CURVE('',#2506,#3651,#3653,.T.);
#3651 = VERTEX_POINT('',#3652);
#3652 = CARTESIAN_POINT('',(13.5,-2.5,-6.));
#3653 = LINE('',#3654,#3655);
#3654 = CARTESIAN_POINT('',(13.5,-2.5,4.));
#3655 = VECTOR('',#3656,1.);
#3656 = DIRECTION('',(-0.,-0.,-1.));
#3657 = ORIENTED_EDGE('',*,*,#3658,.T.);
#3658 = EDGE_CURVE('',#3651,#3232,#3659,.T.);
#3659 = LINE('',#3660,#3661);
#3660 = CARTESIAN_POINT('',(13.5,-2.5,-6.));
#3661 = VECTOR('',#3662,1.);
#3662 = DIRECTION('',(0.,1.,0.));
#3663 = ORIENTED_EDGE('',*,*,#3239,.F.);
#3664 = PLANE('',#3665);
#3665 = AXIS2_PLACEMENT_3D('',#3666,#3667,#3668);
#3666 = CARTESIAN_POINT('',(13.5,-2.5,4.));
#3667 = DIRECTION('',(1.,0.,0.));
#3668 = DIRECTION('',(0.,1.,0.));
#3669 = ADVANCED_FACE('',(#3670),#3695,.T.);
#3670 = FACE_BOUND('',#3671,.T.);
#3671 = EDGE_LOOP('',(#3672,#3682,#3688,#3689));
#3672 = ORIENTED_EDGE('',*,*,#3673,.F.);
#3673 = EDGE_CURVE('',#3674,#3676,#3678,.T.);
#3674 = VERTEX_POINT('',#3675);
#3675 = CARTESIAN_POINT('',(13.5,-28.00000000005,4.));
#3676 = VERTEX_POINT('',#3677);
#3677 = CARTESIAN_POINT('',(13.5,-2.5,4.));
#3678 = LINE('',#3679,#3680);
#3679 = CARTESIAN_POINT('',(13.5,-28.00000000005,4.));
#3680 = VECTOR('',#3681,1.);
#3681 = DIRECTION('',(0.,1.,0.));
#3682 = ORIENTED_EDGE('',*,*,#3683,.T.);
#3683 = EDGE_CURVE('',#3674,#2514,#3684,.T.);
#3684 = LINE('',#3685,#3686);
#3685 = CARTESIAN_POINT('',(13.5,-28.00000000005,4.));
#3686 = VECTOR('',#3687,1.);
#3687 = DIRECTION('',(-0.,-0.,-1.));
#3688 = ORIENTED_EDGE('',*,*,#2513,.T.);
#3689 = ORIENTED_EDGE('',*,*,#3690,.F.);
#3690 = EDGE_CURVE('',#3676,#2506,#3691,.T.);
#3691 = LINE('',#3692,#3693);
#3692 = CARTESIAN_POINT('',(13.5,-2.5,4.));
#3693 = VECTOR('',#3694,1.);
#3694 = DIRECTION('',(-0.,-0.,-1.));
#3695 = PLANE('',#3696);
#3696 = AXIS2_PLACEMENT_3D('',#3697,#3698,#3699);
#3697 = CARTESIAN_POINT('',(13.5,-28.00000000005,4.));
#3698 = DIRECTION('',(1.,0.,0.));
#3699 = DIRECTION('',(0.,1.,0.));
#3700 = ADVANCED_FACE('',(#3701),#3719,.F.);
#3701 = FACE_BOUND('',#3702,.F.);
#3702 = EDGE_LOOP('',(#3703,#3711,#3717,#3718));
#3703 = ORIENTED_EDGE('',*,*,#3704,.F.);
#3704 = EDGE_CURVE('',#3705,#2522,#3707,.T.);
#3705 = VERTEX_POINT('',#3706);
#3706 = CARTESIAN_POINT('',(3.558112,-28.00000000001,4.));
#3707 = LINE('',#3708,#3709);
#3708 = CARTESIAN_POINT('',(3.558112,-28.00000000001,4.));
#3709 = VECTOR('',#3710,1.);
#3710 = DIRECTION('',(-0.,-0.,-1.));
#3711 = ORIENTED_EDGE('',*,*,#3712,.T.);
#3712 = EDGE_CURVE('',#3705,#3674,#3713,.T.);
#3713 = LINE('',#3714,#3715);
#3714 = CARTESIAN_POINT('',(-0.181069926984,-28.,4.));
#3715 = VECTOR('',#3716,1.);
#3716 = DIRECTION('',(1.,-4.159829656923E-12,0.));
#3717 = ORIENTED_EDGE('',*,*,#3683,.T.);
#3718 = ORIENTED_EDGE('',*,*,#2521,.F.);
#3719 = PLANE('',#3720);
#3720 = AXIS2_PLACEMENT_3D('',#3721,#3722,#3723);
#3721 = CARTESIAN_POINT('',(4.102179989293E-16,-28.00000000001,2.75));
#3722 = DIRECTION('',(2.131342187984E-12,1.,0.));
#3723 = DIRECTION('',(1.,-2.131342187984E-12,0.));
#3724 = ADVANCED_FACE('',(#3725),#3743,.T.);
#3725 = FACE_BOUND('',#3726,.T.);
#3726 = EDGE_LOOP('',(#3727,#3735,#3741,#3742));
#3727 = ORIENTED_EDGE('',*,*,#3728,.T.);
#3728 = EDGE_CURVE('',#3705,#3729,#3731,.T.);
#3729 = VERTEX_POINT('',#3730);
#3730 = CARTESIAN_POINT('',(3.558112,-22.71518934931,4.));
#3731 = LINE('',#3732,#3733);
#3732 = CARTESIAN_POINT('',(3.558112,-24.317171,4.));
#3733 = VECTOR('',#3734,1.);
#3734 = DIRECTION('',(0.,1.,0.));
#3735 = ORIENTED_EDGE('',*,*,#3736,.T.);
#3736 = EDGE_CURVE('',#3729,#2530,#3737,.T.);
#3737 = LINE('',#3738,#3739);
#3738 = CARTESIAN_POINT('',(3.558112,-22.71518934931,4.));
#3739 = VECTOR('',#3740,1.);
#3740 = DIRECTION('',(-0.,-0.,-1.));
#3741 = ORIENTED_EDGE('',*,*,#2529,.T.);
#3742 = ORIENTED_EDGE('',*,*,#3704,.F.);
#3743 = PLANE('',#3744);
#3744 = AXIS2_PLACEMENT_3D('',#3745,#3746,#3747);
#3745 = CARTESIAN_POINT('',(3.558112,-25.35759467466,2.75));
#3746 = DIRECTION('',(-1.,-8.595695284402E-16,-0.));
#3747 = DIRECTION('',(8.595695284402E-16,-1.,0.));
#3748 = ADVANCED_FACE('',(#3749),#3767,.F.);
#3749 = FACE_BOUND('',#3750,.F.);
#3750 = EDGE_LOOP('',(#3751,#3752,#3753,#3761));
#3751 = ORIENTED_EDGE('',*,*,#3736,.T.);
#3752 = ORIENTED_EDGE('',*,*,#2537,.T.);
#3753 = ORIENTED_EDGE('',*,*,#3754,.F.);
#3754 = EDGE_CURVE('',#3755,#2538,#3757,.T.);
#3755 = VERTEX_POINT('',#3756);
#3756 = CARTESIAN_POINT('',(4.355972760618,-22.71518934931,4.));
#3757 = LINE('',#3758,#3759);
#3758 = CARTESIAN_POINT('',(4.355972760618,-22.71518934931,4.));
#3759 = VECTOR('',#3760,1.);
#3760 = DIRECTION('',(-0.,-0.,-1.));
#3761 = ORIENTED_EDGE('',*,*,#3762,.F.);
#3762 = EDGE_CURVE('',#3729,#3755,#3763,.T.);
#3763 = LINE('',#3764,#3765);
#3764 = CARTESIAN_POINT('',(3.558112,-22.71518934931,4.));
#3765 = VECTOR('',#3766,1.);
#3766 = DIRECTION('',(1.,0.,0.));
#3767 = PLANE('',#3768);
#3768 = AXIS2_PLACEMENT_3D('',#3769,#3770,#3771);
#3769 = CARTESIAN_POINT('',(3.558112,-22.71518934931,4.));
#3770 = DIRECTION('',(0.,-1.,0.));
#3771 = DIRECTION('',(1.,0.,0.));
#3772 = ADVANCED_FACE('',(#3773),#3807,.F.);
#3773 = FACE_BOUND('',#3774,.F.);
#3774 = EDGE_LOOP('',(#3775,#3783,#3784,#3785,#3793,#3801));
#3775 = ORIENTED_EDGE('',*,*,#3776,.F.);
#3776 = EDGE_CURVE('',#3755,#3777,#3779,.T.);
#3777 = VERTEX_POINT('',#3778);
#3778 = CARTESIAN_POINT('',(4.355972760618,-8.318638650686,4.));
#3779 = LINE('',#3780,#3781);
#3780 = CARTESIAN_POINT('',(4.355972760618,-22.71518934931,4.));
#3781 = VECTOR('',#3782,1.);
#3782 = DIRECTION('',(0.,1.,0.));
#3783 = ORIENTED_EDGE('',*,*,#3754,.T.);
#3784 = ORIENTED_EDGE('',*,*,#2545,.T.);
#3785 = ORIENTED_EDGE('',*,*,#3786,.T.);
#3786 = EDGE_CURVE('',#2546,#3787,#3789,.T.);
#3787 = VERTEX_POINT('',#3788);
#3788 = CARTESIAN_POINT('',(4.355972760618,-18.8614,2.3));
#3789 = LINE('',#3790,#3791);
#3790 = CARTESIAN_POINT('',(4.355972760618,-18.8614,1.5));
#3791 = VECTOR('',#3792,1.);
#3792 = DIRECTION('',(0.,0.,1.));
#3793 = ORIENTED_EDGE('',*,*,#3794,.T.);
#3794 = EDGE_CURVE('',#3787,#3795,#3797,.T.);
#3795 = VERTEX_POINT('',#3796);
#3796 = CARTESIAN_POINT('',(4.355972760618,-8.318638650686,2.3));
#3797 = LINE('',#3798,#3799);
#3798 = CARTESIAN_POINT('',(4.355972760618,-18.8614,2.3));
#3799 = VECTOR('',#3800,1.);
#3800 = DIRECTION('',(0.,1.,0.));
#3801 = ORIENTED_EDGE('',*,*,#3802,.F.);
#3802 = EDGE_CURVE('',#3777,#3795,#3803,.T.);
#3803 = LINE('',#3804,#3805);
#3804 = CARTESIAN_POINT('',(4.355972760618,-8.318638650686,4.));
#3805 = VECTOR('',#3806,1.);
#3806 = DIRECTION('',(-0.,-0.,-1.));
#3807 = PLANE('',#3808);
#3808 = AXIS2_PLACEMENT_3D('',#3809,#3810,#3811);
#3809 = CARTESIAN_POINT('',(4.355972760618,-22.71518934931,4.));
#3810 = DIRECTION('',(1.,0.,0.));
#3811 = DIRECTION('',(0.,1.,0.));
#3812 = ADVANCED_FACE('',(#3813),#3831,.T.);
#3813 = FACE_BOUND('',#3814,.T.);
#3814 = EDGE_LOOP('',(#3815,#3823,#3824,#3825));
#3815 = ORIENTED_EDGE('',*,*,#3816,.F.);
#3816 = EDGE_CURVE('',#2554,#3817,#3819,.T.);
#3817 = VERTEX_POINT('',#3818);
#3818 = CARTESIAN_POINT('',(2.355972760618,-18.8614,2.3));
#3819 = LINE('',#3820,#3821);
#3820 = CARTESIAN_POINT('',(2.355972760618,-18.8614,1.5));
#3821 = VECTOR('',#3822,1.);
#3822 = DIRECTION('',(0.,0.,1.));
#3823 = ORIENTED_EDGE('',*,*,#2553,.T.);
#3824 = ORIENTED_EDGE('',*,*,#3786,.T.);
#3825 = ORIENTED_EDGE('',*,*,#3826,.F.);
#3826 = EDGE_CURVE('',#3817,#3787,#3827,.T.);
#3827 = LINE('',#3828,#3829);
#3828 = CARTESIAN_POINT('',(2.355972760618,-18.8614,2.3));
#3829 = VECTOR('',#3830,1.);
#3830 = DIRECTION('',(1.,0.,0.));
#3831 = PLANE('',#3832);
#3832 = AXIS2_PLACEMENT_3D('',#3833,#3834,#3835);
#3833 = CARTESIAN_POINT('',(3.355972760618,-18.8614,1.9));
#3834 = DIRECTION('',(-4.269462399767E-15,-1.,-0.));
#3835 = DIRECTION('',(-1.,4.269462399767E-15,0.));
#3836 = ADVANCED_FACE('',(#3837),#3870,.T.);
#3837 = FACE_BOUND('',#3838,.T.);
#3838 = EDGE_LOOP('',(#3839,#3845,#3846,#3847,#3855,#3863,#3869));
#3839 = ORIENTED_EDGE('',*,*,#3840,.F.);
#3840 = EDGE_CURVE('',#2562,#2972,#3841,.T.);
#3841 = LINE('',#3842,#3843);
#3842 = CARTESIAN_POINT('',(2.355972760618,-20.71518934931,1.5));
#3843 = VECTOR('',#3844,1.);
#3844 = DIRECTION('',(-0.,-0.,-1.));
#3845 = ORIENTED_EDGE('',*,*,#2561,.T.);
#3846 = ORIENTED_EDGE('',*,*,#3816,.T.);
#3847 = ORIENTED_EDGE('',*,*,#3848,.T.);
#3848 = EDGE_CURVE('',#3817,#3849,#3851,.T.);
#3849 = VERTEX_POINT('',#3850);
#3850 = CARTESIAN_POINT('',(2.355972760618,-10.31863865068,2.3));
#3851 = LINE('',#3852,#3853);
#3852 = CARTESIAN_POINT('',(2.355972760618,-18.8614,2.3));
#3853 = VECTOR('',#3854,1.);
#3854 = DIRECTION('',(0.,1.,0.));
#3855 = ORIENTED_EDGE('',*,*,#3856,.T.);
#3856 = EDGE_CURVE('',#3849,#3857,#3859,.T.);
#3857 = VERTEX_POINT('',#3858);
#3858 = CARTESIAN_POINT('',(2.355972760618,-10.31863865068,0.5));
#3859 = LINE('',#3860,#3861);
#3860 = CARTESIAN_POINT('',(2.355972760618,-10.31863865068,1.5));
#3861 = VECTOR('',#3862,1.);
#3862 = DIRECTION('',(-0.,-0.,-1.));
#3863 = ORIENTED_EDGE('',*,*,#3864,.F.);
#3864 = EDGE_CURVE('',#2963,#3857,#3865,.T.);
#3865 = LINE('',#3866,#3867);
#3866 = CARTESIAN_POINT('',(2.355972760618,-20.71518934931,0.5));
#3867 = VECTOR('',#3868,1.);
#3868 = DIRECTION('',(0.,1.,0.));
#3869 = ORIENTED_EDGE('',*,*,#2971,.F.);
#3870 = PLANE('',#3871);
#3871 = AXIS2_PLACEMENT_3D('',#3872,#3873,#3874);
#3872 = CARTESIAN_POINT('',(2.355972760618,-15.45611683217,
    1.339202832174));
#3873 = DIRECTION('',(-1.,-0.,-4.796312039234E-16));
#3874 = DIRECTION('',(4.796312039234E-16,0.,-1.));
#3875 = ADVANCED_FACE('',(#3876),#3887,.F.);
#3876 = FACE_BOUND('',#3877,.F.);
#3877 = EDGE_LOOP('',(#3878,#3884,#3885,#3886));
#3878 = ORIENTED_EDGE('',*,*,#3879,.T.);
#3879 = EDGE_CURVE('',#2570,#2980,#3880,.T.);
#3880 = LINE('',#3881,#3882);
#3881 = CARTESIAN_POINT('',(-2.041563091153,-20.71518934931,1.5));
#3882 = VECTOR('',#3883,1.);
#3883 = DIRECTION('',(-0.,-0.,-1.));
#3884 = ORIENTED_EDGE('',*,*,#2979,.T.);
#3885 = ORIENTED_EDGE('',*,*,#3840,.F.);
#3886 = ORIENTED_EDGE('',*,*,#2569,.F.);
#3887 = PLANE('',#3888);
#3888 = AXIS2_PLACEMENT_3D('',#3889,#3890,#3891);
#3889 = CARTESIAN_POINT('',(-2.041563091153,-20.71518934931,1.5));
#3890 = DIRECTION('',(0.,-1.,0.));
#3891 = DIRECTION('',(1.,0.,0.));
#3892 = ADVANCED_FACE('',(#3893),#3928,.T.);
#3893 = FACE_BOUND('',#3894,.T.);
#3894 = EDGE_LOOP('',(#3895,#3905,#3913,#3919,#3920,#3921,#3922));
#3895 = ORIENTED_EDGE('',*,*,#3896,.F.);
#3896 = EDGE_CURVE('',#3897,#3899,#3901,.T.);
#3897 = VERTEX_POINT('',#3898);
#3898 = CARTESIAN_POINT('',(-2.041563091153,-10.31863865068,2.3));
#3899 = VERTEX_POINT('',#3900);
#3900 = CARTESIAN_POINT('',(-2.041563091153,-10.31863865068,0.5));
#3901 = LINE('',#3902,#3903);
#3902 = CARTESIAN_POINT('',(-2.041563091153,-10.31863865068,1.5));
#3903 = VECTOR('',#3904,1.);
#3904 = DIRECTION('',(-0.,-0.,-1.));
#3905 = ORIENTED_EDGE('',*,*,#3906,.T.);
#3906 = EDGE_CURVE('',#3897,#3907,#3909,.T.);
#3907 = VERTEX_POINT('',#3908);
#3908 = CARTESIAN_POINT('',(-2.041563091153,-18.8614,2.3));
#3909 = LINE('',#3910,#3911);
#3910 = CARTESIAN_POINT('',(-2.041563091153,-10.31863865068,2.3));
#3911 = VECTOR('',#3912,1.);
#3912 = DIRECTION('',(0.,-1.,0.));
#3913 = ORIENTED_EDGE('',*,*,#3914,.F.);
#3914 = EDGE_CURVE('',#2578,#3907,#3915,.T.);
#3915 = LINE('',#3916,#3917);
#3916 = CARTESIAN_POINT('',(-2.041563091153,-18.8614,1.5));
#3917 = VECTOR('',#3918,1.);
#3918 = DIRECTION('',(0.,0.,1.));
#3919 = ORIENTED_EDGE('',*,*,#2577,.T.);
#3920 = ORIENTED_EDGE('',*,*,#3879,.T.);
#3921 = ORIENTED_EDGE('',*,*,#2987,.F.);
#3922 = ORIENTED_EDGE('',*,*,#3923,.F.);
#3923 = EDGE_CURVE('',#3899,#2988,#3924,.T.);
#3924 = LINE('',#3925,#3926);
#3925 = CARTESIAN_POINT('',(-2.041563091153,-10.31863865068,0.5));
#3926 = VECTOR('',#3927,1.);
#3927 = DIRECTION('',(0.,-1.,0.));
#3928 = PLANE('',#3929);
#3929 = AXIS2_PLACEMENT_3D('',#3930,#3931,#3932);
#3930 = CARTESIAN_POINT('',(-2.041563091153,-15.45611683217,
    1.339202832174));
#3931 = DIRECTION('',(1.,0.,9.592624078467E-16));
#3932 = DIRECTION('',(-9.592624078467E-16,0.,1.));
#3933 = ADVANCED_FACE('',(#3934),#3952,.T.);
#3934 = FACE_BOUND('',#3935,.T.);
#3935 = EDGE_LOOP('',(#3936,#3944,#3945,#3946));
#3936 = ORIENTED_EDGE('',*,*,#3937,.F.);
#3937 = EDGE_CURVE('',#2586,#3938,#3940,.T.);
#3938 = VERTEX_POINT('',#3939);
#3939 = CARTESIAN_POINT('',(-4.041563091153,-18.8614,2.3));
#3940 = LINE('',#3941,#3942);
#3941 = CARTESIAN_POINT('',(-4.041563091153,-18.8614,1.5));
#3942 = VECTOR('',#3943,1.);
#3943 = DIRECTION('',(0.,0.,1.));
#3944 = ORIENTED_EDGE('',*,*,#2585,.F.);
#3945 = ORIENTED_EDGE('',*,*,#3914,.T.);
#3946 = ORIENTED_EDGE('',*,*,#3947,.F.);
#3947 = EDGE_CURVE('',#3938,#3907,#3948,.T.);
#3948 = LINE('',#3949,#3950);
#3949 = CARTESIAN_POINT('',(-4.041563091153,-18.8614,2.3));
#3950 = VECTOR('',#3951,1.);
#3951 = DIRECTION('',(1.,0.,0.));
#3952 = PLANE('',#3953);
#3953 = AXIS2_PLACEMENT_3D('',#3954,#3955,#3956);
#3954 = CARTESIAN_POINT('',(-3.041563091153,-18.8614,1.9));
#3955 = DIRECTION('',(-1.390879459838E-13,-1.,-0.));
#3956 = DIRECTION('',(-1.,1.390879459838E-13,0.));
#3957 = ADVANCED_FACE('',(#3958),#3992,.F.);
#3958 = FACE_BOUND('',#3959,.F.);
#3959 = EDGE_LOOP('',(#3960,#3970,#3978,#3984,#3985,#3986));
#3960 = ORIENTED_EDGE('',*,*,#3961,.F.);
#3961 = EDGE_CURVE('',#3962,#3964,#3966,.T.);
#3962 = VERTEX_POINT('',#3963);
#3963 = CARTESIAN_POINT('',(-4.041563091153,-8.318638650686,4.));
#3964 = VERTEX_POINT('',#3965);
#3965 = CARTESIAN_POINT('',(-4.041563091153,-22.91863865068,4.));
#3966 = LINE('',#3967,#3968);
#3967 = CARTESIAN_POINT('',(-4.041563091153,-8.318638650686,4.));
#3968 = VECTOR('',#3969,1.);
#3969 = DIRECTION('',(0.,-1.,0.));
#3970 = ORIENTED_EDGE('',*,*,#3971,.T.);
#3971 = EDGE_CURVE('',#3962,#3972,#3974,.T.);
#3972 = VERTEX_POINT('',#3973);
#3973 = CARTESIAN_POINT('',(-4.041563091153,-8.318638650686,2.3));
#3974 = LINE('',#3975,#3976);
#3975 = CARTESIAN_POINT('',(-4.041563091153,-8.318638650686,4.));
#3976 = VECTOR('',#3977,1.);
#3977 = DIRECTION('',(-0.,-0.,-1.));
#3978 = ORIENTED_EDGE('',*,*,#3979,.T.);
#3979 = EDGE_CURVE('',#3972,#3938,#3980,.T.);
#3980 = LINE('',#3981,#3982);
#3981 = CARTESIAN_POINT('',(-4.041563091153,-8.318638650686,2.3));
#3982 = VECTOR('',#3983,1.);
#3983 = DIRECTION('',(0.,-1.,0.));
#3984 = ORIENTED_EDGE('',*,*,#3937,.F.);
#3985 = ORIENTED_EDGE('',*,*,#2593,.T.);
#3986 = ORIENTED_EDGE('',*,*,#3987,.F.);
#3987 = EDGE_CURVE('',#3964,#2594,#3988,.T.);
#3988 = LINE('',#3989,#3990);
#3989 = CARTESIAN_POINT('',(-4.041563091153,-22.91863865068,4.));
#3990 = VECTOR('',#3991,1.);
#3991 = DIRECTION('',(-0.,-0.,-1.));
#3992 = PLANE('',#3993);
#3993 = AXIS2_PLACEMENT_3D('',#3994,#3995,#3996);
#3994 = CARTESIAN_POINT('',(-4.041563091153,-15.61863865068,2.75));
#3995 = DIRECTION('',(-1.,-0.,-0.));
#3996 = DIRECTION('',(0.,0.,-1.));
#3997 = ADVANCED_FACE('',(#3998),#4016,.F.);
#3998 = FACE_BOUND('',#3999,.F.);
#3999 = EDGE_LOOP('',(#4000,#4001,#4002,#4010));
#4000 = ORIENTED_EDGE('',*,*,#3987,.T.);
#4001 = ORIENTED_EDGE('',*,*,#2601,.T.);
#4002 = ORIENTED_EDGE('',*,*,#4003,.F.);
#4003 = EDGE_CURVE('',#4004,#2602,#4006,.T.);
#4004 = VERTEX_POINT('',#4005);
#4005 = CARTESIAN_POINT('',(-3.425505,-22.91863865068,4.));
#4006 = LINE('',#4007,#4008);
#4007 = CARTESIAN_POINT('',(-3.425505,-22.91863865068,4.));
#4008 = VECTOR('',#4009,1.);
#4009 = DIRECTION('',(-0.,-0.,-1.));
#4010 = ORIENTED_EDGE('',*,*,#4011,.F.);
#4011 = EDGE_CURVE('',#3964,#4004,#4012,.T.);
#4012 = LINE('',#4013,#4014);
#4013 = CARTESIAN_POINT('',(-4.041563091153,-22.91863865068,4.));
#4014 = VECTOR('',#4015,1.);
#4015 = DIRECTION('',(1.,0.,0.));
#4016 = PLANE('',#4017);
#4017 = AXIS2_PLACEMENT_3D('',#4018,#4019,#4020);
#4018 = CARTESIAN_POINT('',(-4.041563091153,-22.91863865068,4.));
#4019 = DIRECTION('',(0.,-1.,0.));
#4020 = DIRECTION('',(1.,0.,0.));
#4021 = ADVANCED_FACE('',(#4022),#4040,.T.);
#4022 = FACE_BOUND('',#4023,.T.);
#4023 = EDGE_LOOP('',(#4024,#4032,#4038,#4039));
#4024 = ORIENTED_EDGE('',*,*,#4025,.T.);
#4025 = EDGE_CURVE('',#4004,#4026,#4028,.T.);
#4026 = VERTEX_POINT('',#4027);
#4027 = CARTESIAN_POINT('',(-3.425505,-28.00000000001,4.));
#4028 = LINE('',#4029,#4030);
#4029 = CARTESIAN_POINT('',(-3.425505,-24.317171,4.));
#4030 = VECTOR('',#4031,1.);
#4031 = DIRECTION('',(0.,-1.,0.));
#4032 = ORIENTED_EDGE('',*,*,#4033,.T.);
#4033 = EDGE_CURVE('',#4026,#2610,#4034,.T.);
#4034 = LINE('',#4035,#4036);
#4035 = CARTESIAN_POINT('',(-3.425505,-28.00000000001,4.));
#4036 = VECTOR('',#4037,1.);
#4037 = DIRECTION('',(-0.,-0.,-1.));
#4038 = ORIENTED_EDGE('',*,*,#2609,.F.);
#4039 = ORIENTED_EDGE('',*,*,#4003,.F.);
#4040 = PLANE('',#4041);
#4041 = AXIS2_PLACEMENT_3D('',#4042,#4043,#4044);
#4042 = CARTESIAN_POINT('',(-3.425505,-25.45931932535,2.75));
#4043 = DIRECTION('',(1.,0.,0.));
#4044 = DIRECTION('',(0.,0.,1.));
#4045 = ADVANCED_FACE('',(#4046),#4064,.F.);
#4046 = FACE_BOUND('',#4047,.F.);
#4047 = EDGE_LOOP('',(#4048,#4056,#4062,#4063));
#4048 = ORIENTED_EDGE('',*,*,#4049,.F.);
#4049 = EDGE_CURVE('',#4050,#2618,#4052,.T.);
#4050 = VERTEX_POINT('',#4051);
#4051 = CARTESIAN_POINT('',(-13.5,-28.,4.));
#4052 = LINE('',#4053,#4054);
#4053 = CARTESIAN_POINT('',(-13.5,-28.,4.));
#4054 = VECTOR('',#4055,1.);
#4055 = DIRECTION('',(-0.,-0.,-1.));
#4056 = ORIENTED_EDGE('',*,*,#4057,.T.);
#4057 = EDGE_CURVE('',#4050,#4026,#4058,.T.);
#4058 = LINE('',#4059,#4060);
#4059 = CARTESIAN_POINT('',(-13.5,-28.,4.));
#4060 = VECTOR('',#4061,1.);
#4061 = DIRECTION('',(1.,0.,0.));
#4062 = ORIENTED_EDGE('',*,*,#4033,.T.);
#4063 = ORIENTED_EDGE('',*,*,#2617,.F.);
#4064 = PLANE('',#4065);
#4065 = AXIS2_PLACEMENT_3D('',#4066,#4067,#4068);
#4066 = CARTESIAN_POINT('',(4.102179989293E-16,-28.00000000001,2.75));
#4067 = DIRECTION('',(2.131342187984E-12,1.,0.));
#4068 = DIRECTION('',(1.,-2.131342187984E-12,0.));
#4069 = ADVANCED_FACE('',(#4070),#4088,.T.);
#4070 = FACE_BOUND('',#4071,.T.);
#4071 = EDGE_LOOP('',(#4072,#4080,#4086,#4087));
#4072 = ORIENTED_EDGE('',*,*,#4073,.F.);
#4073 = EDGE_CURVE('',#4074,#4050,#4076,.T.);
#4074 = VERTEX_POINT('',#4075);
#4075 = CARTESIAN_POINT('',(-13.5,-2.5,4.));
#4076 = LINE('',#4077,#4078);
#4077 = CARTESIAN_POINT('',(-13.5,2.5,4.));
#4078 = VECTOR('',#4079,1.);
#4079 = DIRECTION('',(0.,-1.,0.));
#4080 = ORIENTED_EDGE('',*,*,#4081,.T.);
#4081 = EDGE_CURVE('',#4074,#2443,#4082,.T.);
#4082 = LINE('',#4083,#4084);
#4083 = CARTESIAN_POINT('',(-13.5,-2.5,4.));
#4084 = VECTOR('',#4085,1.);
#4085 = DIRECTION('',(-0.,-0.,-1.));
#4086 = ORIENTED_EDGE('',*,*,#2625,.T.);
#4087 = ORIENTED_EDGE('',*,*,#4049,.F.);
#4088 = PLANE('',#4089);
#4089 = AXIS2_PLACEMENT_3D('',#4090,#4091,#4092);
#4090 = CARTESIAN_POINT('',(-13.5,2.5,4.));
#4091 = DIRECTION('',(-1.,0.,0.));
#4092 = DIRECTION('',(0.,-1.,0.));
#4093 = ADVANCED_FACE('',(#4094),#4135,.T.);
#4094 = FACE_BOUND('',#4095,.T.);
#4095 = EDGE_LOOP('',(#4096,#4102,#4103,#4110,#4111,#4119,#4127,#4134));
#4096 = ORIENTED_EDGE('',*,*,#4097,.T.);
#4097 = EDGE_CURVE('',#3857,#3899,#4098,.T.);
#4098 = LINE('',#4099,#4100);
#4099 = CARTESIAN_POINT('',(2.355972760618,-10.31863865068,0.5));
#4100 = VECTOR('',#4101,1.);
#4101 = DIRECTION('',(-1.,0.,0.));
#4102 = ORIENTED_EDGE('',*,*,#3923,.T.);
#4103 = ORIENTED_EDGE('',*,*,#4104,.F.);
#4104 = EDGE_CURVE('',#218,#2988,#4105,.T.);
#4105 = CIRCLE('',#4106,13.9);
#4106 = AXIS2_PLACEMENT_3D('',#4107,#4108,#4109);
#4107 = CARTESIAN_POINT('',(1.064015017292E-15,-3.326346448591E-14,0.5)
  );
#4108 = DIRECTION('',(0.,0.,-1.));
#4109 = DIRECTION('',(1.,0.,0.));
#4110 = ORIENTED_EDGE('',*,*,#225,.T.);
#4111 = ORIENTED_EDGE('',*,*,#4112,.T.);
#4112 = EDGE_CURVE('',#226,#4113,#4115,.T.);
#4113 = VERTEX_POINT('',#4114);
#4114 = CARTESIAN_POINT('',(0.458436908847,-13.866914,0.5));
#4115 = LINE('',#4116,#4117);
#4116 = CARTESIAN_POINT('',(0.30782087179,-13.866914,0.5));
#4117 = VECTOR('',#4118,1.);
#4118 = DIRECTION('',(1.,0.,0.));
#4119 = ORIENTED_EDGE('',*,*,#4120,.F.);
#4120 = EDGE_CURVE('',#4121,#4113,#4123,.T.);
#4121 = VERTEX_POINT('',#4122);
#4122 = CARTESIAN_POINT('',(0.458436908847,-13.89243807258,0.5));
#4123 = LINE('',#4124,#4125);
#4124 = CARTESIAN_POINT('',(0.458436908847,-14.691914,0.5));
#4125 = VECTOR('',#4126,1.);
#4126 = DIRECTION('',(0.,1.,0.));
#4127 = ORIENTED_EDGE('',*,*,#4128,.F.);
#4128 = EDGE_CURVE('',#2963,#4121,#4129,.T.);
#4129 = CIRCLE('',#4130,13.9);
#4130 = AXIS2_PLACEMENT_3D('',#4131,#4132,#4133);
#4131 = CARTESIAN_POINT('',(1.064015017292E-15,-3.326346448591E-14,0.5)
  );
#4132 = DIRECTION('',(0.,0.,-1.));
#4133 = DIRECTION('',(1.,0.,0.));
#4134 = ORIENTED_EDGE('',*,*,#3864,.T.);
#4135 = PLANE('',#4136);
#4136 = AXIS2_PLACEMENT_3D('',#4137,#4138,#4139);
#4137 = CARTESIAN_POINT('',(0.157204834733,-15.516914,0.5));
#4138 = DIRECTION('',(0.,0.,1.));
#4139 = DIRECTION('',(1.,0.,0.));
#4140 = ADVANCED_FACE('',(#4141),#4152,.F.);
#4141 = FACE_BOUND('',#4142,.F.);
#4142 = EDGE_LOOP('',(#4143,#4144,#4150,#4151));
#4143 = ORIENTED_EDGE('',*,*,#4112,.T.);
#4144 = ORIENTED_EDGE('',*,*,#4145,.T.);
#4145 = EDGE_CURVE('',#4113,#196,#4146,.T.);
#4146 = LINE('',#4147,#4148);
#4147 = CARTESIAN_POINT('',(0.458436908847,-13.866914,4.));
#4148 = VECTOR('',#4149,1.);
#4149 = DIRECTION('',(-0.,-0.,-1.));
#4150 = ORIENTED_EDGE('',*,*,#203,.F.);
#4151 = ORIENTED_EDGE('',*,*,#233,.F.);
#4152 = PLANE('',#4153);
#4153 = AXIS2_PLACEMENT_3D('',#4154,#4155,#4156);
#4154 = CARTESIAN_POINT('',(0.458436908847,-13.866914,4.));
#4155 = DIRECTION('',(0.,1.,0.));
#4156 = DIRECTION('',(-1.,0.,0.));
#4157 = ADVANCED_FACE('',(#4158),#4169,.T.);
#4158 = FACE_BOUND('',#4159,.T.);
#4159 = EDGE_LOOP('',(#4160,#4166,#4167,#4168));
#4160 = ORIENTED_EDGE('',*,*,#4161,.F.);
#4161 = EDGE_CURVE('',#4121,#187,#4162,.T.);
#4162 = LINE('',#4163,#4164);
#4163 = CARTESIAN_POINT('',(0.458436908847,-13.89243807258,0.));
#4164 = VECTOR('',#4165,1.);
#4165 = DIRECTION('',(0.,0.,-1.));
#4166 = ORIENTED_EDGE('',*,*,#4120,.T.);
#4167 = ORIENTED_EDGE('',*,*,#4145,.T.);
#4168 = ORIENTED_EDGE('',*,*,#195,.F.);
#4169 = PLANE('',#4170);
#4170 = AXIS2_PLACEMENT_3D('',#4171,#4172,#4173);
#4171 = CARTESIAN_POINT('',(0.458436908847,-13.866914,4.));
#4172 = DIRECTION('',(-1.,0.,0.));
#4173 = DIRECTION('',(0.,-1.,0.));
#4174 = ADVANCED_FACE('',(#4175),#4186,.T.);
#4175 = FACE_BOUND('',#4176,.T.);
#4176 = EDGE_LOOP('',(#4177,#4178,#4184,#4185));
#4177 = ORIENTED_EDGE('',*,*,#3294,.T.);
#4178 = ORIENTED_EDGE('',*,*,#4179,.T.);
#4179 = EDGE_CURVE('',#3287,#3651,#4180,.T.);
#4180 = LINE('',#4181,#4182);
#4181 = CARTESIAN_POINT('',(11.5,-2.5,-6.));
#4182 = VECTOR('',#4183,1.);
#4183 = DIRECTION('',(1.,0.,0.));
#4184 = ORIENTED_EDGE('',*,*,#3658,.T.);
#4185 = ORIENTED_EDGE('',*,*,#3231,.T.);
#4186 = PLANE('',#4187);
#4187 = AXIS2_PLACEMENT_3D('',#4188,#4189,#4190);
#4188 = CARTESIAN_POINT('',(0.,0.,-6.));
#4189 = DIRECTION('',(0.,0.,1.));
#4190 = DIRECTION('',(1.,0.,0.));
#4191 = ADVANCED_FACE('',(#4192),#4204,.F.);
#4192 = FACE_BOUND('',#4193,.F.);
#4193 = EDGE_LOOP('',(#4194,#4195,#4196,#4197,#4198));
#4194 = ORIENTED_EDGE('',*,*,#3286,.T.);
#4195 = ORIENTED_EDGE('',*,*,#4179,.T.);
#4196 = ORIENTED_EDGE('',*,*,#3650,.F.);
#4197 = ORIENTED_EDGE('',*,*,#3690,.F.);
#4198 = ORIENTED_EDGE('',*,*,#4199,.F.);
#4199 = EDGE_CURVE('',#3279,#3676,#4200,.T.);
#4200 = LINE('',#4201,#4202);
#4201 = CARTESIAN_POINT('',(11.5,-2.5,4.));
#4202 = VECTOR('',#4203,1.);
#4203 = DIRECTION('',(1.,0.,0.));
#4204 = PLANE('',#4205);
#4205 = AXIS2_PLACEMENT_3D('',#4206,#4207,#4208);
#4206 = CARTESIAN_POINT('',(11.5,-2.5,4.));
#4207 = DIRECTION('',(0.,-1.,0.));
#4208 = DIRECTION('',(1.,0.,0.));
#4209 = ADVANCED_FACE('',(#4210,#4243,#4277,#4311,#4345),#4379,.T.);
#4210 = FACE_BOUND('',#4211,.T.);
#4211 = EDGE_LOOP('',(#4212,#4218,#4219,#4220,#4221,#4222,#4223,#4229,
    #4230,#4231,#4232,#4233,#4234,#4235,#4236,#4242));
#4212 = ORIENTED_EDGE('',*,*,#4213,.F.);
#4213 = EDGE_CURVE('',#4074,#3369,#4214,.T.);
#4214 = LINE('',#4215,#4216);
#4215 = CARTESIAN_POINT('',(-13.5,-2.5,4.));
#4216 = VECTOR('',#4217,1.);
#4217 = DIRECTION('',(1.,0.,0.));
#4218 = ORIENTED_EDGE('',*,*,#4073,.T.);
#4219 = ORIENTED_EDGE('',*,*,#4057,.T.);
#4220 = ORIENTED_EDGE('',*,*,#4025,.F.);
#4221 = ORIENTED_EDGE('',*,*,#4011,.F.);
#4222 = ORIENTED_EDGE('',*,*,#3961,.F.);
#4223 = ORIENTED_EDGE('',*,*,#4224,.F.);
#4224 = EDGE_CURVE('',#3777,#3962,#4225,.T.);
#4225 = LINE('',#4226,#4227);
#4226 = CARTESIAN_POINT('',(4.355972760618,-8.318638650686,4.));
#4227 = VECTOR('',#4228,1.);
#4228 = DIRECTION('',(-1.,0.,0.));
#4229 = ORIENTED_EDGE('',*,*,#3776,.F.);
#4230 = ORIENTED_EDGE('',*,*,#3762,.F.);
#4231 = ORIENTED_EDGE('',*,*,#3728,.F.);
#4232 = ORIENTED_EDGE('',*,*,#3712,.T.);
#4233 = ORIENTED_EDGE('',*,*,#3673,.T.);
#4234 = ORIENTED_EDGE('',*,*,#4199,.F.);
#4235 = ORIENTED_EDGE('',*,*,#3278,.T.);
#4236 = ORIENTED_EDGE('',*,*,#4237,.T.);
#4237 = EDGE_CURVE('',#3271,#3337,#4238,.T.);
#4238 = LINE('',#4239,#4240);
#4239 = CARTESIAN_POINT('',(-5.75,-6.200000357628,4.));
#4240 = VECTOR('',#4241,1.);
#4241 = DIRECTION('',(-1.,0.,0.));
#4242 = ORIENTED_EDGE('',*,*,#3376,.T.);
#4243 = FACE_BOUND('',#4244,.T.);
#4244 = EDGE_LOOP('',(#4245,#4255,#4263,#4271));
#4245 = ORIENTED_EDGE('',*,*,#4246,.F.);
#4246 = EDGE_CURVE('',#4247,#4249,#4251,.T.);
#4247 = VERTEX_POINT('',#4248);
#4248 = CARTESIAN_POINT('',(-12.22034699999,-12.18771309859,4.));
#4249 = VERTEX_POINT('',#4250);
#4250 = CARTESIAN_POINT('',(-12.22034699999,-18.18771309859,4.));
#4251 = LINE('',#4252,#4253);
#4252 = CARTESIAN_POINT('',(-12.22034699999,-12.18771309859,4.));
#4253 = VECTOR('',#4254,1.);
#4254 = DIRECTION('',(0.,-1.,0.));
#4255 = ORIENTED_EDGE('',*,*,#4256,.F.);
#4256 = EDGE_CURVE('',#4257,#4247,#4259,.T.);
#4257 = VERTEX_POINT('',#4258);
#4258 = CARTESIAN_POINT('',(-11.22034699999,-12.18771309859,4.));
#4259 = LINE('',#4260,#4261);
#4260 = CARTESIAN_POINT('',(-11.22034699999,-12.18771309859,4.));
#4261 = VECTOR('',#4262,1.);
#4262 = DIRECTION('',(-1.,0.,0.));
#4263 = ORIENTED_EDGE('',*,*,#4264,.F.);
#4264 = EDGE_CURVE('',#4265,#4257,#4267,.T.);
#4265 = VERTEX_POINT('',#4266);
#4266 = CARTESIAN_POINT('',(-11.22034699999,-18.18771309859,4.));
#4267 = LINE('',#4268,#4269);
#4268 = CARTESIAN_POINT('',(-11.22034699999,-18.18771309859,4.));
#4269 = VECTOR('',#4270,1.);
#4270 = DIRECTION('',(0.,1.,0.));
#4271 = ORIENTED_EDGE('',*,*,#4272,.F.);
#4272 = EDGE_CURVE('',#4249,#4265,#4273,.T.);
#4273 = LINE('',#4274,#4275);
#4274 = CARTESIAN_POINT('',(-12.22034699999,-18.18771309859,4.));
#4275 = VECTOR('',#4276,1.);
#4276 = DIRECTION('',(1.,0.,0.));
#4277 = FACE_BOUND('',#4278,.T.);
#4278 = EDGE_LOOP('',(#4279,#4289,#4297,#4305));
#4279 = ORIENTED_EDGE('',*,*,#4280,.F.);
#4280 = EDGE_CURVE('',#4281,#4283,#4285,.T.);
#4281 = VERTEX_POINT('',#4282);
#4282 = CARTESIAN_POINT('',(-6.008677000001,-12.18771309859,4.));
#4283 = VERTEX_POINT('',#4284);
#4284 = CARTESIAN_POINT('',(-7.008677,-12.18771309859,4.));
#4285 = LINE('',#4286,#4287);
#4286 = CARTESIAN_POINT('',(-6.008677000001,-12.18771309859,4.));
#4287 = VECTOR('',#4288,1.);
#4288 = DIRECTION('',(-1.,0.,0.));
#4289 = ORIENTED_EDGE('',*,*,#4290,.F.);
#4290 = EDGE_CURVE('',#4291,#4281,#4293,.T.);
#4291 = VERTEX_POINT('',#4292);
#4292 = CARTESIAN_POINT('',(-6.008677000001,-18.18771309859,4.));
#4293 = LINE('',#4294,#4295);
#4294 = CARTESIAN_POINT('',(-6.008677000001,-18.18771309859,4.));
#4295 = VECTOR('',#4296,1.);
#4296 = DIRECTION('',(0.,1.,0.));
#4297 = ORIENTED_EDGE('',*,*,#4298,.F.);
#4298 = EDGE_CURVE('',#4299,#4291,#4301,.T.);
#4299 = VERTEX_POINT('',#4300);
#4300 = CARTESIAN_POINT('',(-7.008677,-18.18771309859,4.));
#4301 = LINE('',#4302,#4303);
#4302 = CARTESIAN_POINT('',(-7.008677,-18.18771309859,4.));
#4303 = VECTOR('',#4304,1.);
#4304 = DIRECTION('',(1.,0.,0.));
#4305 = ORIENTED_EDGE('',*,*,#4306,.F.);
#4306 = EDGE_CURVE('',#4283,#4299,#4307,.T.);
#4307 = LINE('',#4308,#4309);
#4308 = CARTESIAN_POINT('',(-7.008677,-12.18771309859,4.));
#4309 = VECTOR('',#4310,1.);
#4310 = DIRECTION('',(0.,-1.,0.));
#4311 = FACE_BOUND('',#4312,.T.);
#4312 = EDGE_LOOP('',(#4313,#4323,#4331,#4339));
#4313 = ORIENTED_EDGE('',*,*,#4314,.F.);
#4314 = EDGE_CURVE('',#4315,#4317,#4319,.T.);
#4315 = VERTEX_POINT('',#4316);
#4316 = CARTESIAN_POINT('',(5.688807406646,-12.18771309859,4.));
#4317 = VERTEX_POINT('',#4318);
#4318 = CARTESIAN_POINT('',(5.688807406646,-18.18771309859,4.));
#4319 = LINE('',#4320,#4321);
#4320 = CARTESIAN_POINT('',(5.688807406646,-12.18771309859,4.));
#4321 = VECTOR('',#4322,1.);
#4322 = DIRECTION('',(0.,-1.,0.));
#4323 = ORIENTED_EDGE('',*,*,#4324,.F.);
#4324 = EDGE_CURVE('',#4325,#4315,#4327,.T.);
#4325 = VERTEX_POINT('',#4326);
#4326 = CARTESIAN_POINT('',(6.688807406646,-12.18771309859,4.));
#4327 = LINE('',#4328,#4329);
#4328 = CARTESIAN_POINT('',(6.688807406646,-12.18771309859,4.));
#4329 = VECTOR('',#4330,1.);
#4330 = DIRECTION('',(-1.,0.,0.));
#4331 = ORIENTED_EDGE('',*,*,#4332,.F.);
#4332 = EDGE_CURVE('',#4333,#4325,#4335,.T.);
#4333 = VERTEX_POINT('',#4334);
#4334 = CARTESIAN_POINT('',(6.688807406646,-18.18771309859,4.));
#4335 = LINE('',#4336,#4337);
#4336 = CARTESIAN_POINT('',(6.688807406646,-18.18771309859,4.));
#4337 = VECTOR('',#4338,1.);
#4338 = DIRECTION('',(0.,1.,0.));
#4339 = ORIENTED_EDGE('',*,*,#4340,.F.);
#4340 = EDGE_CURVE('',#4317,#4333,#4341,.T.);
#4341 = LINE('',#4342,#4343);
#4342 = CARTESIAN_POINT('',(5.688807406646,-18.18771309859,4.));
#4343 = VECTOR('',#4344,1.);
#4344 = DIRECTION('',(1.,0.,0.));
#4345 = FACE_BOUND('',#4346,.T.);
#4346 = EDGE_LOOP('',(#4347,#4357,#4365,#4373));
#4347 = ORIENTED_EDGE('',*,*,#4348,.F.);
#4348 = EDGE_CURVE('',#4349,#4351,#4353,.T.);
#4349 = VERTEX_POINT('',#4350);
#4350 = CARTESIAN_POINT('',(12.257477593354,-12.18771309859,4.));
#4351 = VERTEX_POINT('',#4352);
#4352 = CARTESIAN_POINT('',(11.257477593353,-12.18771309859,4.));
#4353 = LINE('',#4354,#4355);
#4354 = CARTESIAN_POINT('',(12.257477593354,-12.18771309859,4.));
#4355 = VECTOR('',#4356,1.);
#4356 = DIRECTION('',(-1.,0.,0.));
#4357 = ORIENTED_EDGE('',*,*,#4358,.F.);
#4358 = EDGE_CURVE('',#4359,#4349,#4361,.T.);
#4359 = VERTEX_POINT('',#4360);
#4360 = CARTESIAN_POINT('',(12.257477593354,-18.18771309859,4.));
#4361 = LINE('',#4362,#4363);
#4362 = CARTESIAN_POINT('',(12.257477593354,-18.18771309859,4.));
#4363 = VECTOR('',#4364,1.);
#4364 = DIRECTION('',(0.,1.,0.));
#4365 = ORIENTED_EDGE('',*,*,#4366,.F.);
#4366 = EDGE_CURVE('',#4367,#4359,#4369,.T.);
#4367 = VERTEX_POINT('',#4368);
#4368 = CARTESIAN_POINT('',(11.257477593353,-18.18771309859,4.));
#4369 = LINE('',#4370,#4371);
#4370 = CARTESIAN_POINT('',(11.257477593353,-18.18771309859,4.));
#4371 = VECTOR('',#4372,1.);
#4372 = DIRECTION('',(1.,0.,0.));
#4373 = ORIENTED_EDGE('',*,*,#4374,.F.);
#4374 = EDGE_CURVE('',#4351,#4367,#4375,.T.);
#4375 = LINE('',#4376,#4377);
#4376 = CARTESIAN_POINT('',(11.257477593353,-12.18771309859,4.));
#4377 = VECTOR('',#4378,1.);
#4378 = DIRECTION('',(0.,-1.,0.));
#4379 = PLANE('',#4380);
#4380 = AXIS2_PLACEMENT_3D('',#4381,#4382,#4383);
#4381 = CARTESIAN_POINT('',(1.258768054721E-15,-15.7041224151,4.));
#4382 = DIRECTION('',(0.,0.,1.));
#4383 = DIRECTION('',(1.,0.,0.));
#4384 = ADVANCED_FACE('',(#4385),#4396,.T.);
#4385 = FACE_BOUND('',#4386,.T.);
#4386 = EDGE_LOOP('',(#4387,#4388,#4394,#4395));
#4387 = ORIENTED_EDGE('',*,*,#3270,.F.);
#4388 = ORIENTED_EDGE('',*,*,#4389,.T.);
#4389 = EDGE_CURVE('',#3263,#3335,#4390,.T.);
#4390 = LINE('',#4391,#4392);
#4391 = CARTESIAN_POINT('',(11.5,-6.200000357721,-20.3));
#4392 = VECTOR('',#4393,1.);
#4393 = DIRECTION('',(-1.,0.,0.));
#4394 = ORIENTED_EDGE('',*,*,#3334,.T.);
#4395 = ORIENTED_EDGE('',*,*,#4237,.F.);
#4396 = PLANE('',#4397);
#4397 = AXIS2_PLACEMENT_3D('',#4398,#4399,#4400);
#4398 = CARTESIAN_POINT('',(0.,-6.200000357628,-10.25));
#4399 = DIRECTION('',(0.,1.,0.));
#4400 = DIRECTION('',(0.,0.,1.));
#4401 = ADVANCED_FACE('',(#4402,#4408),#4433,.T.);
#4402 = FACE_BOUND('',#4403,.F.);
#4403 = EDGE_LOOP('',(#4404,#4405,#4406,#4407));
#4404 = ORIENTED_EDGE('',*,*,#3344,.T.);
#4405 = ORIENTED_EDGE('',*,*,#3319,.T.);
#4406 = ORIENTED_EDGE('',*,*,#3262,.T.);
#4407 = ORIENTED_EDGE('',*,*,#4389,.T.);
#4408 = FACE_BOUND('',#4409,.T.);
#4409 = EDGE_LOOP('',(#4410,#4411,#4419,#4427));
#4410 = ORIENTED_EDGE('',*,*,#153,.T.);
#4411 = ORIENTED_EDGE('',*,*,#4412,.T.);
#4412 = EDGE_CURVE('',#154,#4413,#4415,.T.);
#4413 = VERTEX_POINT('',#4414);
#4414 = CARTESIAN_POINT('',(11.1,-5.800000357628,-20.3));
#4415 = LINE('',#4416,#4417);
#4416 = CARTESIAN_POINT('',(11.1,5.800000357628,-20.3));
#4417 = VECTOR('',#4418,1.);
#4418 = DIRECTION('',(0.,-1.,0.));
#4419 = ORIENTED_EDGE('',*,*,#4420,.T.);
#4420 = EDGE_CURVE('',#4413,#4421,#4423,.T.);
#4421 = VERTEX_POINT('',#4422);
#4422 = CARTESIAN_POINT('',(-11.1,-5.800000357628,-20.3));
#4423 = LINE('',#4424,#4425);
#4424 = CARTESIAN_POINT('',(11.1,-5.800000357628,-20.3));
#4425 = VECTOR('',#4426,1.);
#4426 = DIRECTION('',(-1.,0.,0.));
#4427 = ORIENTED_EDGE('',*,*,#4428,.T.);
#4428 = EDGE_CURVE('',#4421,#146,#4429,.T.);
#4429 = LINE('',#4430,#4431);
#4430 = CARTESIAN_POINT('',(-11.1,-5.800000357628,-20.3));
#4431 = VECTOR('',#4432,1.);
#4432 = DIRECTION('',(0.,1.,0.));
#4433 = PLANE('',#4434);
#4434 = AXIS2_PLACEMENT_3D('',#4435,#4436,#4437);
#4435 = CARTESIAN_POINT('',(2.053591679395E-16,-2.385185127867E-11,-20.3
    ));
#4436 = DIRECTION('',(0.,0.,1.));
#4437 = DIRECTION('',(1.,0.,0.));
#4438 = ADVANCED_FACE('',(#4439),#4451,.F.);
#4439 = FACE_BOUND('',#4440,.F.);
#4440 = EDGE_LOOP('',(#4441,#4442,#4443,#4449,#4450));
#4441 = ORIENTED_EDGE('',*,*,#4081,.T.);
#4442 = ORIENTED_EDGE('',*,*,#3635,.T.);
#4443 = ORIENTED_EDGE('',*,*,#4444,.T.);
#4444 = EDGE_CURVE('',#3628,#3361,#4445,.T.);
#4445 = LINE('',#4446,#4447);
#4446 = CARTESIAN_POINT('',(-13.5,-2.5,-6.));
#4447 = VECTOR('',#4448,1.);
#4448 = DIRECTION('',(1.,0.,0.));
#4449 = ORIENTED_EDGE('',*,*,#3368,.F.);
#4450 = ORIENTED_EDGE('',*,*,#4213,.F.);
#4451 = PLANE('',#4452);
#4452 = AXIS2_PLACEMENT_3D('',#4453,#4454,#4455);
#4453 = CARTESIAN_POINT('',(-13.5,-2.5,4.));
#4454 = DIRECTION('',(0.,-1.,0.));
#4455 = DIRECTION('',(1.,0.,0.));
#4456 = ADVANCED_FACE('',(#4457),#4463,.T.);
#4457 = FACE_BOUND('',#4458,.T.);
#4458 = EDGE_LOOP('',(#4459,#4460,#4461,#4462));
#4459 = ORIENTED_EDGE('',*,*,#3407,.T.);
#4460 = ORIENTED_EDGE('',*,*,#3627,.T.);
#4461 = ORIENTED_EDGE('',*,*,#4444,.T.);
#4462 = ORIENTED_EDGE('',*,*,#3360,.T.);
#4463 = PLANE('',#4464);
#4464 = AXIS2_PLACEMENT_3D('',#4465,#4466,#4467);
#4465 = CARTESIAN_POINT('',(0.,0.,-6.));
#4466 = DIRECTION('',(0.,0.,1.));
#4467 = DIRECTION('',(1.,0.,0.));
#4468 = ADVANCED_FACE('',(#4469),#4475,.T.);
#4469 = FACE_BOUND('',#4470,.T.);
#4470 = EDGE_LOOP('',(#4471,#4472,#4473,#4474));
#4471 = ORIENTED_EDGE('',*,*,#3441,.T.);
#4472 = ORIENTED_EDGE('',*,*,#3489,.T.);
#4473 = ORIENTED_EDGE('',*,*,#3513,.T.);
#4474 = ORIENTED_EDGE('',*,*,#3472,.T.);
#4475 = PLANE('',#4476);
#4476 = AXIS2_PLACEMENT_3D('',#4477,#4478,#4479);
#4477 = CARTESIAN_POINT('',(-4.71231666663E-02,-15.18771309859,2.));
#4478 = DIRECTION('',(0.,0.,1.));
#4479 = DIRECTION('',(1.,0.,0.));
#4480 = ADVANCED_FACE('',(#4481),#4487,.T.);
#4481 = FACE_BOUND('',#4482,.T.);
#4482 = EDGE_LOOP('',(#4483,#4484,#4485,#4486));
#4483 = ORIENTED_EDGE('',*,*,#3537,.T.);
#4484 = ORIENTED_EDGE('',*,*,#3585,.T.);
#4485 = ORIENTED_EDGE('',*,*,#3609,.T.);
#4486 = ORIENTED_EDGE('',*,*,#3568,.T.);
#4487 = PLANE('',#4488);
#4488 = AXIS2_PLACEMENT_3D('',#4489,#4490,#4491);
#4489 = CARTESIAN_POINT('',(-4.71231666663E-02,-15.18771309859,2.));
#4490 = DIRECTION('',(0.,0.,1.));
#4491 = DIRECTION('',(1.,0.,0.));
#4492 = ADVANCED_FACE('',(#4493),#4504,.F.);
#4493 = FACE_BOUND('',#4494,.F.);
#4494 = EDGE_LOOP('',(#4495,#4496,#4497,#4503));
#4495 = ORIENTED_EDGE('',*,*,#4224,.F.);
#4496 = ORIENTED_EDGE('',*,*,#3802,.T.);
#4497 = ORIENTED_EDGE('',*,*,#4498,.T.);
#4498 = EDGE_CURVE('',#3795,#3972,#4499,.T.);
#4499 = LINE('',#4500,#4501);
#4500 = CARTESIAN_POINT('',(4.355972760618,-8.318638650686,2.3));
#4501 = VECTOR('',#4502,1.);
#4502 = DIRECTION('',(-1.,0.,0.));
#4503 = ORIENTED_EDGE('',*,*,#3971,.F.);
#4504 = PLANE('',#4505);
#4505 = AXIS2_PLACEMENT_3D('',#4506,#4507,#4508);
#4506 = CARTESIAN_POINT('',(4.355972760618,-8.318638650686,4.));
#4507 = DIRECTION('',(0.,1.,0.));
#4508 = DIRECTION('',(-1.,0.,0.));
#4509 = ADVANCED_FACE('',(#4510),#4525,.T.);
#4510 = FACE_BOUND('',#4511,.T.);
#4511 = EDGE_LOOP('',(#4512,#4513,#4514,#4515,#4516,#4517,#4518,#4524));
#4512 = ORIENTED_EDGE('',*,*,#3826,.T.);
#4513 = ORIENTED_EDGE('',*,*,#3794,.T.);
#4514 = ORIENTED_EDGE('',*,*,#4498,.T.);
#4515 = ORIENTED_EDGE('',*,*,#3979,.T.);
#4516 = ORIENTED_EDGE('',*,*,#3947,.T.);
#4517 = ORIENTED_EDGE('',*,*,#3906,.F.);
#4518 = ORIENTED_EDGE('',*,*,#4519,.F.);
#4519 = EDGE_CURVE('',#3849,#3897,#4520,.T.);
#4520 = LINE('',#4521,#4522);
#4521 = CARTESIAN_POINT('',(2.355972760618,-10.31863865068,2.3));
#4522 = VECTOR('',#4523,1.);
#4523 = DIRECTION('',(-1.,0.,0.));
#4524 = ORIENTED_EDGE('',*,*,#3848,.F.);
#4525 = PLANE('',#4526);
#4526 = AXIS2_PLACEMENT_3D('',#4527,#4528,#4529);
#4527 = CARTESIAN_POINT('',(0.157204834733,-13.21739746867,2.3));
#4528 = DIRECTION('',(0.,0.,1.));
#4529 = DIRECTION('',(1.,0.,0.));
#4530 = ADVANCED_FACE('',(#4531),#4537,.T.);
#4531 = FACE_BOUND('',#4532,.T.);
#4532 = EDGE_LOOP('',(#4533,#4534,#4535,#4536));
#4533 = ORIENTED_EDGE('',*,*,#3856,.F.);
#4534 = ORIENTED_EDGE('',*,*,#4519,.T.);
#4535 = ORIENTED_EDGE('',*,*,#3896,.T.);
#4536 = ORIENTED_EDGE('',*,*,#4097,.F.);
#4537 = PLANE('',#4538);
#4538 = AXIS2_PLACEMENT_3D('',#4539,#4540,#4541);
#4539 = CARTESIAN_POINT('',(0.157204834733,-10.31863865068,1.4));
#4540 = DIRECTION('',(-0.,-1.,-0.));
#4541 = DIRECTION('',(0.,0.,-1.));
#4542 = ADVANCED_FACE('',(#4543),#4568,.F.);
#4543 = FACE_BOUND('',#4544,.F.);
#4544 = EDGE_LOOP('',(#4545,#4553,#4561,#4567));
#4545 = ORIENTED_EDGE('',*,*,#4546,.T.);
#4546 = EDGE_CURVE('',#4247,#4547,#4549,.T.);
#4547 = VERTEX_POINT('',#4548);
#4548 = CARTESIAN_POINT('',(-12.22034699999,-12.18771309859,2.));
#4549 = LINE('',#4550,#4551);
#4550 = CARTESIAN_POINT('',(-12.22034699999,-12.18771309859,4.));
#4551 = VECTOR('',#4552,1.);
#4552 = DIRECTION('',(-0.,-0.,-1.));
#4553 = ORIENTED_EDGE('',*,*,#4554,.T.);
#4554 = EDGE_CURVE('',#4547,#4555,#4557,.T.);
#4555 = VERTEX_POINT('',#4556);
#4556 = CARTESIAN_POINT('',(-12.22034699999,-18.18771309859,2.));
#4557 = LINE('',#4558,#4559);
#4558 = CARTESIAN_POINT('',(-12.22034699999,-12.18771309859,2.));
#4559 = VECTOR('',#4560,1.);
#4560 = DIRECTION('',(0.,-1.,0.));
#4561 = ORIENTED_EDGE('',*,*,#4562,.F.);
#4562 = EDGE_CURVE('',#4249,#4555,#4563,.T.);
#4563 = LINE('',#4564,#4565);
#4564 = CARTESIAN_POINT('',(-12.22034699999,-18.18771309859,4.));
#4565 = VECTOR('',#4566,1.);
#4566 = DIRECTION('',(-0.,-0.,-1.));
#4567 = ORIENTED_EDGE('',*,*,#4246,.F.);
#4568 = PLANE('',#4569);
#4569 = AXIS2_PLACEMENT_3D('',#4570,#4571,#4572);
#4570 = CARTESIAN_POINT('',(-12.22034699999,-12.18771309859,4.));
#4571 = DIRECTION('',(-1.,0.,0.));
#4572 = DIRECTION('',(0.,-1.,0.));
#4573 = ADVANCED_FACE('',(#4574),#4592,.F.);
#4574 = FACE_BOUND('',#4575,.F.);
#4575 = EDGE_LOOP('',(#4576,#4584,#4590,#4591));
#4576 = ORIENTED_EDGE('',*,*,#4577,.T.);
#4577 = EDGE_CURVE('',#4257,#4578,#4580,.T.);
#4578 = VERTEX_POINT('',#4579);
#4579 = CARTESIAN_POINT('',(-11.22034699999,-12.18771309859,2.));
#4580 = LINE('',#4581,#4582);
#4581 = CARTESIAN_POINT('',(-11.22034699999,-12.18771309859,4.));
#4582 = VECTOR('',#4583,1.);
#4583 = DIRECTION('',(-0.,-0.,-1.));
#4584 = ORIENTED_EDGE('',*,*,#4585,.T.);
#4585 = EDGE_CURVE('',#4578,#4547,#4586,.T.);
#4586 = LINE('',#4587,#4588);
#4587 = CARTESIAN_POINT('',(-11.22034699999,-12.18771309859,2.));
#4588 = VECTOR('',#4589,1.);
#4589 = DIRECTION('',(-1.,0.,0.));
#4590 = ORIENTED_EDGE('',*,*,#4546,.F.);
#4591 = ORIENTED_EDGE('',*,*,#4256,.F.);
#4592 = PLANE('',#4593);
#4593 = AXIS2_PLACEMENT_3D('',#4594,#4595,#4596);
#4594 = CARTESIAN_POINT('',(-11.22034699999,-12.18771309859,4.));
#4595 = DIRECTION('',(0.,1.,0.));
#4596 = DIRECTION('',(-1.,0.,0.));
#4597 = ADVANCED_FACE('',(#4598),#4616,.F.);
#4598 = FACE_BOUND('',#4599,.F.);
#4599 = EDGE_LOOP('',(#4600,#4601,#4609,#4615));
#4600 = ORIENTED_EDGE('',*,*,#4562,.T.);
#4601 = ORIENTED_EDGE('',*,*,#4602,.T.);
#4602 = EDGE_CURVE('',#4555,#4603,#4605,.T.);
#4603 = VERTEX_POINT('',#4604);
#4604 = CARTESIAN_POINT('',(-11.22034699999,-18.18771309859,2.));
#4605 = LINE('',#4606,#4607);
#4606 = CARTESIAN_POINT('',(-12.22034699999,-18.18771309859,2.));
#4607 = VECTOR('',#4608,1.);
#4608 = DIRECTION('',(1.,0.,0.));
#4609 = ORIENTED_EDGE('',*,*,#4610,.F.);
#4610 = EDGE_CURVE('',#4265,#4603,#4611,.T.);
#4611 = LINE('',#4612,#4613);
#4612 = CARTESIAN_POINT('',(-11.22034699999,-18.18771309859,4.));
#4613 = VECTOR('',#4614,1.);
#4614 = DIRECTION('',(-0.,-0.,-1.));
#4615 = ORIENTED_EDGE('',*,*,#4272,.F.);
#4616 = PLANE('',#4617);
#4617 = AXIS2_PLACEMENT_3D('',#4618,#4619,#4620);
#4618 = CARTESIAN_POINT('',(-12.22034699999,-18.18771309859,4.));
#4619 = DIRECTION('',(0.,-1.,0.));
#4620 = DIRECTION('',(1.,0.,0.));
#4621 = ADVANCED_FACE('',(#4622),#4633,.F.);
#4622 = FACE_BOUND('',#4623,.F.);
#4623 = EDGE_LOOP('',(#4624,#4625,#4631,#4632));
#4624 = ORIENTED_EDGE('',*,*,#4610,.T.);
#4625 = ORIENTED_EDGE('',*,*,#4626,.T.);
#4626 = EDGE_CURVE('',#4603,#4578,#4627,.T.);
#4627 = LINE('',#4628,#4629);
#4628 = CARTESIAN_POINT('',(-11.22034699999,-18.18771309859,2.));
#4629 = VECTOR('',#4630,1.);
#4630 = DIRECTION('',(0.,1.,0.));
#4631 = ORIENTED_EDGE('',*,*,#4577,.F.);
#4632 = ORIENTED_EDGE('',*,*,#4264,.F.);
#4633 = PLANE('',#4634);
#4634 = AXIS2_PLACEMENT_3D('',#4635,#4636,#4637);
#4635 = CARTESIAN_POINT('',(-11.22034699999,-18.18771309859,4.));
#4636 = DIRECTION('',(1.,0.,0.));
#4637 = DIRECTION('',(0.,1.,0.));
#4638 = ADVANCED_FACE('',(#4639),#4664,.F.);
#4639 = FACE_BOUND('',#4640,.F.);
#4640 = EDGE_LOOP('',(#4641,#4649,#4657,#4663));
#4641 = ORIENTED_EDGE('',*,*,#4642,.T.);
#4642 = EDGE_CURVE('',#4281,#4643,#4645,.T.);
#4643 = VERTEX_POINT('',#4644);
#4644 = CARTESIAN_POINT('',(-6.008677000001,-12.18771309859,2.));
#4645 = LINE('',#4646,#4647);
#4646 = CARTESIAN_POINT('',(-6.008677000001,-12.18771309859,4.));
#4647 = VECTOR('',#4648,1.);
#4648 = DIRECTION('',(-0.,-0.,-1.));
#4649 = ORIENTED_EDGE('',*,*,#4650,.T.);
#4650 = EDGE_CURVE('',#4643,#4651,#4653,.T.);
#4651 = VERTEX_POINT('',#4652);
#4652 = CARTESIAN_POINT('',(-7.008677,-12.18771309859,2.));
#4653 = LINE('',#4654,#4655);
#4654 = CARTESIAN_POINT('',(-6.008677000001,-12.18771309859,2.));
#4655 = VECTOR('',#4656,1.);
#4656 = DIRECTION('',(-1.,0.,0.));
#4657 = ORIENTED_EDGE('',*,*,#4658,.F.);
#4658 = EDGE_CURVE('',#4283,#4651,#4659,.T.);
#4659 = LINE('',#4660,#4661);
#4660 = CARTESIAN_POINT('',(-7.008677,-12.18771309859,4.));
#4661 = VECTOR('',#4662,1.);
#4662 = DIRECTION('',(-0.,-0.,-1.));
#4663 = ORIENTED_EDGE('',*,*,#4280,.F.);
#4664 = PLANE('',#4665);
#4665 = AXIS2_PLACEMENT_3D('',#4666,#4667,#4668);
#4666 = CARTESIAN_POINT('',(-6.008677000001,-12.18771309859,4.));
#4667 = DIRECTION('',(0.,1.,0.));
#4668 = DIRECTION('',(-1.,0.,0.));
#4669 = ADVANCED_FACE('',(#4670),#4688,.F.);
#4670 = FACE_BOUND('',#4671,.F.);
#4671 = EDGE_LOOP('',(#4672,#4680,#4686,#4687));
#4672 = ORIENTED_EDGE('',*,*,#4673,.T.);
#4673 = EDGE_CURVE('',#4291,#4674,#4676,.T.);
#4674 = VERTEX_POINT('',#4675);
#4675 = CARTESIAN_POINT('',(-6.008677000001,-18.18771309859,2.));
#4676 = LINE('',#4677,#4678);
#4677 = CARTESIAN_POINT('',(-6.008677000001,-18.18771309859,4.));
#4678 = VECTOR('',#4679,1.);
#4679 = DIRECTION('',(-0.,-0.,-1.));
#4680 = ORIENTED_EDGE('',*,*,#4681,.T.);
#4681 = EDGE_CURVE('',#4674,#4643,#4682,.T.);
#4682 = LINE('',#4683,#4684);
#4683 = CARTESIAN_POINT('',(-6.008677000001,-18.18771309859,2.));
#4684 = VECTOR('',#4685,1.);
#4685 = DIRECTION('',(0.,1.,0.));
#4686 = ORIENTED_EDGE('',*,*,#4642,.F.);
#4687 = ORIENTED_EDGE('',*,*,#4290,.F.);
#4688 = PLANE('',#4689);
#4689 = AXIS2_PLACEMENT_3D('',#4690,#4691,#4692);
#4690 = CARTESIAN_POINT('',(-6.008677000001,-18.18771309859,4.));
#4691 = DIRECTION('',(1.,0.,0.));
#4692 = DIRECTION('',(0.,1.,0.));
#4693 = ADVANCED_FACE('',(#4694),#4712,.F.);
#4694 = FACE_BOUND('',#4695,.F.);
#4695 = EDGE_LOOP('',(#4696,#4697,#4705,#4711));
#4696 = ORIENTED_EDGE('',*,*,#4658,.T.);
#4697 = ORIENTED_EDGE('',*,*,#4698,.T.);
#4698 = EDGE_CURVE('',#4651,#4699,#4701,.T.);
#4699 = VERTEX_POINT('',#4700);
#4700 = CARTESIAN_POINT('',(-7.008677,-18.18771309859,2.));
#4701 = LINE('',#4702,#4703);
#4702 = CARTESIAN_POINT('',(-7.008677,-12.18771309859,2.));
#4703 = VECTOR('',#4704,1.);
#4704 = DIRECTION('',(0.,-1.,0.));
#4705 = ORIENTED_EDGE('',*,*,#4706,.F.);
#4706 = EDGE_CURVE('',#4299,#4699,#4707,.T.);
#4707 = LINE('',#4708,#4709);
#4708 = CARTESIAN_POINT('',(-7.008677,-18.18771309859,4.));
#4709 = VECTOR('',#4710,1.);
#4710 = DIRECTION('',(-0.,-0.,-1.));
#4711 = ORIENTED_EDGE('',*,*,#4306,.F.);
#4712 = PLANE('',#4713);
#4713 = AXIS2_PLACEMENT_3D('',#4714,#4715,#4716);
#4714 = CARTESIAN_POINT('',(-7.008677,-12.18771309859,4.));
#4715 = DIRECTION('',(-1.,0.,0.));
#4716 = DIRECTION('',(0.,-1.,0.));
#4717 = ADVANCED_FACE('',(#4718),#4729,.F.);
#4718 = FACE_BOUND('',#4719,.F.);
#4719 = EDGE_LOOP('',(#4720,#4721,#4727,#4728));
#4720 = ORIENTED_EDGE('',*,*,#4706,.T.);
#4721 = ORIENTED_EDGE('',*,*,#4722,.T.);
#4722 = EDGE_CURVE('',#4699,#4674,#4723,.T.);
#4723 = LINE('',#4724,#4725);
#4724 = CARTESIAN_POINT('',(-7.008677,-18.18771309859,2.));
#4725 = VECTOR('',#4726,1.);
#4726 = DIRECTION('',(1.,0.,0.));
#4727 = ORIENTED_EDGE('',*,*,#4673,.F.);
#4728 = ORIENTED_EDGE('',*,*,#4298,.F.);
#4729 = PLANE('',#4730);
#4730 = AXIS2_PLACEMENT_3D('',#4731,#4732,#4733);
#4731 = CARTESIAN_POINT('',(-7.008677,-18.18771309859,4.));
#4732 = DIRECTION('',(0.,-1.,0.));
#4733 = DIRECTION('',(1.,0.,0.));
#4734 = ADVANCED_FACE('',(#4735),#4760,.F.);
#4735 = FACE_BOUND('',#4736,.F.);
#4736 = EDGE_LOOP('',(#4737,#4745,#4753,#4759));
#4737 = ORIENTED_EDGE('',*,*,#4738,.T.);
#4738 = EDGE_CURVE('',#4315,#4739,#4741,.T.);
#4739 = VERTEX_POINT('',#4740);
#4740 = CARTESIAN_POINT('',(5.688807406646,-12.18771309859,2.));
#4741 = LINE('',#4742,#4743);
#4742 = CARTESIAN_POINT('',(5.688807406646,-12.18771309859,4.));
#4743 = VECTOR('',#4744,1.);
#4744 = DIRECTION('',(-0.,-0.,-1.));
#4745 = ORIENTED_EDGE('',*,*,#4746,.T.);
#4746 = EDGE_CURVE('',#4739,#4747,#4749,.T.);
#4747 = VERTEX_POINT('',#4748);
#4748 = CARTESIAN_POINT('',(5.688807406646,-18.18771309859,2.));
#4749 = LINE('',#4750,#4751);
#4750 = CARTESIAN_POINT('',(5.688807406646,-12.18771309859,2.));
#4751 = VECTOR('',#4752,1.);
#4752 = DIRECTION('',(0.,-1.,0.));
#4753 = ORIENTED_EDGE('',*,*,#4754,.F.);
#4754 = EDGE_CURVE('',#4317,#4747,#4755,.T.);
#4755 = LINE('',#4756,#4757);
#4756 = CARTESIAN_POINT('',(5.688807406646,-18.18771309859,4.));
#4757 = VECTOR('',#4758,1.);
#4758 = DIRECTION('',(-0.,-0.,-1.));
#4759 = ORIENTED_EDGE('',*,*,#4314,.F.);
#4760 = PLANE('',#4761);
#4761 = AXIS2_PLACEMENT_3D('',#4762,#4763,#4764);
#4762 = CARTESIAN_POINT('',(5.688807406646,-12.18771309859,4.));
#4763 = DIRECTION('',(-1.,0.,0.));
#4764 = DIRECTION('',(0.,-1.,0.));
#4765 = ADVANCED_FACE('',(#4766),#4784,.F.);
#4766 = FACE_BOUND('',#4767,.F.);
#4767 = EDGE_LOOP('',(#4768,#4776,#4782,#4783));
#4768 = ORIENTED_EDGE('',*,*,#4769,.T.);
#4769 = EDGE_CURVE('',#4325,#4770,#4772,.T.);
#4770 = VERTEX_POINT('',#4771);
#4771 = CARTESIAN_POINT('',(6.688807406646,-12.18771309859,2.));
#4772 = LINE('',#4773,#4774);
#4773 = CARTESIAN_POINT('',(6.688807406646,-12.18771309859,4.));
#4774 = VECTOR('',#4775,1.);
#4775 = DIRECTION('',(-0.,-0.,-1.));
#4776 = ORIENTED_EDGE('',*,*,#4777,.T.);
#4777 = EDGE_CURVE('',#4770,#4739,#4778,.T.);
#4778 = LINE('',#4779,#4780);
#4779 = CARTESIAN_POINT('',(6.688807406646,-12.18771309859,2.));
#4780 = VECTOR('',#4781,1.);
#4781 = DIRECTION('',(-1.,0.,0.));
#4782 = ORIENTED_EDGE('',*,*,#4738,.F.);
#4783 = ORIENTED_EDGE('',*,*,#4324,.F.);
#4784 = PLANE('',#4785);
#4785 = AXIS2_PLACEMENT_3D('',#4786,#4787,#4788);
#4786 = CARTESIAN_POINT('',(6.688807406646,-12.18771309859,4.));
#4787 = DIRECTION('',(0.,1.,0.));
#4788 = DIRECTION('',(-1.,0.,0.));
#4789 = ADVANCED_FACE('',(#4790),#4808,.F.);
#4790 = FACE_BOUND('',#4791,.F.);
#4791 = EDGE_LOOP('',(#4792,#4793,#4801,#4807));
#4792 = ORIENTED_EDGE('',*,*,#4754,.T.);
#4793 = ORIENTED_EDGE('',*,*,#4794,.T.);
#4794 = EDGE_CURVE('',#4747,#4795,#4797,.T.);
#4795 = VERTEX_POINT('',#4796);
#4796 = CARTESIAN_POINT('',(6.688807406646,-18.18771309859,2.));
#4797 = LINE('',#4798,#4799);
#4798 = CARTESIAN_POINT('',(5.688807406646,-18.18771309859,2.));
#4799 = VECTOR('',#4800,1.);
#4800 = DIRECTION('',(1.,0.,0.));
#4801 = ORIENTED_EDGE('',*,*,#4802,.F.);
#4802 = EDGE_CURVE('',#4333,#4795,#4803,.T.);
#4803 = LINE('',#4804,#4805);
#4804 = CARTESIAN_POINT('',(6.688807406646,-18.18771309859,4.));
#4805 = VECTOR('',#4806,1.);
#4806 = DIRECTION('',(-0.,-0.,-1.));
#4807 = ORIENTED_EDGE('',*,*,#4340,.F.);
#4808 = PLANE('',#4809);
#4809 = AXIS2_PLACEMENT_3D('',#4810,#4811,#4812);
#4810 = CARTESIAN_POINT('',(5.688807406646,-18.18771309859,4.));
#4811 = DIRECTION('',(0.,-1.,0.));
#4812 = DIRECTION('',(1.,0.,0.));
#4813 = ADVANCED_FACE('',(#4814),#4825,.F.);
#4814 = FACE_BOUND('',#4815,.F.);
#4815 = EDGE_LOOP('',(#4816,#4817,#4823,#4824));
#4816 = ORIENTED_EDGE('',*,*,#4802,.T.);
#4817 = ORIENTED_EDGE('',*,*,#4818,.T.);
#4818 = EDGE_CURVE('',#4795,#4770,#4819,.T.);
#4819 = LINE('',#4820,#4821);
#4820 = CARTESIAN_POINT('',(6.688807406646,-18.18771309859,2.));
#4821 = VECTOR('',#4822,1.);
#4822 = DIRECTION('',(0.,1.,0.));
#4823 = ORIENTED_EDGE('',*,*,#4769,.F.);
#4824 = ORIENTED_EDGE('',*,*,#4332,.F.);
#4825 = PLANE('',#4826);
#4826 = AXIS2_PLACEMENT_3D('',#4827,#4828,#4829);
#4827 = CARTESIAN_POINT('',(6.688807406646,-18.18771309859,4.));
#4828 = DIRECTION('',(1.,0.,0.));
#4829 = DIRECTION('',(0.,1.,0.));
#4830 = ADVANCED_FACE('',(#4831),#4856,.F.);
#4831 = FACE_BOUND('',#4832,.F.);
#4832 = EDGE_LOOP('',(#4833,#4841,#4849,#4855));
#4833 = ORIENTED_EDGE('',*,*,#4834,.T.);
#4834 = EDGE_CURVE('',#4349,#4835,#4837,.T.);
#4835 = VERTEX_POINT('',#4836);
#4836 = CARTESIAN_POINT('',(12.257477593354,-12.18771309859,2.));
#4837 = LINE('',#4838,#4839);
#4838 = CARTESIAN_POINT('',(12.257477593354,-12.18771309859,4.));
#4839 = VECTOR('',#4840,1.);
#4840 = DIRECTION('',(-0.,-0.,-1.));
#4841 = ORIENTED_EDGE('',*,*,#4842,.T.);
#4842 = EDGE_CURVE('',#4835,#4843,#4845,.T.);
#4843 = VERTEX_POINT('',#4844);
#4844 = CARTESIAN_POINT('',(11.257477593353,-12.18771309859,2.));
#4845 = LINE('',#4846,#4847);
#4846 = CARTESIAN_POINT('',(12.257477593354,-12.18771309859,2.));
#4847 = VECTOR('',#4848,1.);
#4848 = DIRECTION('',(-1.,0.,0.));
#4849 = ORIENTED_EDGE('',*,*,#4850,.F.);
#4850 = EDGE_CURVE('',#4351,#4843,#4851,.T.);
#4851 = LINE('',#4852,#4853);
#4852 = CARTESIAN_POINT('',(11.257477593353,-12.18771309859,4.));
#4853 = VECTOR('',#4854,1.);
#4854 = DIRECTION('',(-0.,-0.,-1.));
#4855 = ORIENTED_EDGE('',*,*,#4348,.F.);
#4856 = PLANE('',#4857);
#4857 = AXIS2_PLACEMENT_3D('',#4858,#4859,#4860);
#4858 = CARTESIAN_POINT('',(12.257477593354,-12.18771309859,4.));
#4859 = DIRECTION('',(0.,1.,0.));
#4860 = DIRECTION('',(-1.,0.,0.));
#4861 = ADVANCED_FACE('',(#4862),#4880,.F.);
#4862 = FACE_BOUND('',#4863,.F.);
#4863 = EDGE_LOOP('',(#4864,#4872,#4878,#4879));
#4864 = ORIENTED_EDGE('',*,*,#4865,.T.);
#4865 = EDGE_CURVE('',#4359,#4866,#4868,.T.);
#4866 = VERTEX_POINT('',#4867);
#4867 = CARTESIAN_POINT('',(12.257477593354,-18.18771309859,2.));
#4868 = LINE('',#4869,#4870);
#4869 = CARTESIAN_POINT('',(12.257477593354,-18.18771309859,4.));
#4870 = VECTOR('',#4871,1.);
#4871 = DIRECTION('',(-0.,-0.,-1.));
#4872 = ORIENTED_EDGE('',*,*,#4873,.T.);
#4873 = EDGE_CURVE('',#4866,#4835,#4874,.T.);
#4874 = LINE('',#4875,#4876);
#4875 = CARTESIAN_POINT('',(12.257477593354,-18.18771309859,2.));
#4876 = VECTOR('',#4877,1.);
#4877 = DIRECTION('',(0.,1.,0.));
#4878 = ORIENTED_EDGE('',*,*,#4834,.F.);
#4879 = ORIENTED_EDGE('',*,*,#4358,.F.);
#4880 = PLANE('',#4881);
#4881 = AXIS2_PLACEMENT_3D('',#4882,#4883,#4884);
#4882 = CARTESIAN_POINT('',(12.257477593354,-18.18771309859,4.));
#4883 = DIRECTION('',(1.,0.,0.));
#4884 = DIRECTION('',(0.,1.,0.));
#4885 = ADVANCED_FACE('',(#4886),#4904,.F.);
#4886 = FACE_BOUND('',#4887,.F.);
#4887 = EDGE_LOOP('',(#4888,#4889,#4897,#4903));
#4888 = ORIENTED_EDGE('',*,*,#4850,.T.);
#4889 = ORIENTED_EDGE('',*,*,#4890,.T.);
#4890 = EDGE_CURVE('',#4843,#4891,#4893,.T.);
#4891 = VERTEX_POINT('',#4892);
#4892 = CARTESIAN_POINT('',(11.257477593353,-18.18771309859,2.));
#4893 = LINE('',#4894,#4895);
#4894 = CARTESIAN_POINT('',(11.257477593353,-12.18771309859,2.));
#4895 = VECTOR('',#4896,1.);
#4896 = DIRECTION('',(0.,-1.,0.));
#4897 = ORIENTED_EDGE('',*,*,#4898,.F.);
#4898 = EDGE_CURVE('',#4367,#4891,#4899,.T.);
#4899 = LINE('',#4900,#4901);
#4900 = CARTESIAN_POINT('',(11.257477593353,-18.18771309859,4.));
#4901 = VECTOR('',#4902,1.);
#4902 = DIRECTION('',(-0.,-0.,-1.));
#4903 = ORIENTED_EDGE('',*,*,#4374,.F.);
#4904 = PLANE('',#4905);
#4905 = AXIS2_PLACEMENT_3D('',#4906,#4907,#4908);
#4906 = CARTESIAN_POINT('',(11.257477593353,-12.18771309859,4.));
#4907 = DIRECTION('',(-1.,0.,0.));
#4908 = DIRECTION('',(0.,-1.,0.));
#4909 = ADVANCED_FACE('',(#4910),#4921,.F.);
#4910 = FACE_BOUND('',#4911,.F.);
#4911 = EDGE_LOOP('',(#4912,#4913,#4919,#4920));
#4912 = ORIENTED_EDGE('',*,*,#4898,.T.);
#4913 = ORIENTED_EDGE('',*,*,#4914,.T.);
#4914 = EDGE_CURVE('',#4891,#4866,#4915,.T.);
#4915 = LINE('',#4916,#4917);
#4916 = CARTESIAN_POINT('',(11.257477593353,-18.18771309859,2.));
#4917 = VECTOR('',#4918,1.);
#4918 = DIRECTION('',(1.,0.,0.));
#4919 = ORIENTED_EDGE('',*,*,#4865,.F.);
#4920 = ORIENTED_EDGE('',*,*,#4366,.F.);
#4921 = PLANE('',#4922);
#4922 = AXIS2_PLACEMENT_3D('',#4923,#4924,#4925);
#4923 = CARTESIAN_POINT('',(11.257477593353,-18.18771309859,4.));
#4924 = DIRECTION('',(0.,-1.,0.));
#4925 = DIRECTION('',(1.,0.,0.));
#4926 = ADVANCED_FACE('',(#4927),#4938,.F.);
#4927 = FACE_BOUND('',#4928,.F.);
#4928 = EDGE_LOOP('',(#4929,#4930,#4931,#4937));
#4929 = ORIENTED_EDGE('',*,*,#161,.T.);
#4930 = ORIENTED_EDGE('',*,*,#4412,.T.);
#4931 = ORIENTED_EDGE('',*,*,#4932,.F.);
#4932 = EDGE_CURVE('',#124,#4413,#4933,.T.);
#4933 = LINE('',#4934,#4935);
#4934 = CARTESIAN_POINT('',(11.1,-5.800000357628,-24.5));
#4935 = VECTOR('',#4936,1.);
#4936 = DIRECTION('',(0.,0.,1.));
#4937 = ORIENTED_EDGE('',*,*,#131,.F.);
#4938 = PLANE('',#4939);
#4939 = AXIS2_PLACEMENT_3D('',#4940,#4941,#4942);
#4940 = CARTESIAN_POINT('',(11.1,5.800000357628,-24.5));
#4941 = DIRECTION('',(1.,0.,0.));
#4942 = DIRECTION('',(0.,-1.,0.));
#4943 = ADVANCED_FACE('',(#4944),#4955,.F.);
#4944 = FACE_BOUND('',#4945,.F.);
#4945 = EDGE_LOOP('',(#4946,#4947,#4948,#4954));
#4946 = ORIENTED_EDGE('',*,*,#4932,.T.);
#4947 = ORIENTED_EDGE('',*,*,#4420,.T.);
#4948 = ORIENTED_EDGE('',*,*,#4949,.F.);
#4949 = EDGE_CURVE('',#116,#4421,#4950,.T.);
#4950 = LINE('',#4951,#4952);
#4951 = CARTESIAN_POINT('',(-11.1,-5.800000357628,-24.5));
#4952 = VECTOR('',#4953,1.);
#4953 = DIRECTION('',(0.,0.,1.));
#4954 = ORIENTED_EDGE('',*,*,#123,.F.);
#4955 = PLANE('',#4956);
#4956 = AXIS2_PLACEMENT_3D('',#4957,#4958,#4959);
#4957 = CARTESIAN_POINT('',(11.1,-5.800000357628,-24.5));
#4958 = DIRECTION('',(-0.,-1.,-0.));
#4959 = DIRECTION('',(-1.,0.,0.));
#4960 = ADVANCED_FACE('',(#4961),#4967,.F.);
#4961 = FACE_BOUND('',#4962,.F.);
#4962 = EDGE_LOOP('',(#4963,#4964,#4965,#4966));
#4963 = ORIENTED_EDGE('',*,*,#4949,.T.);
#4964 = ORIENTED_EDGE('',*,*,#4428,.T.);
#4965 = ORIENTED_EDGE('',*,*,#145,.F.);
#4966 = ORIENTED_EDGE('',*,*,#115,.F.);
#4967 = PLANE('',#4968);
#4968 = AXIS2_PLACEMENT_3D('',#4969,#4970,#4971);
#4969 = CARTESIAN_POINT('',(-11.1,-5.800000357628,-24.5));
#4970 = DIRECTION('',(-1.,0.,0.));
#4971 = DIRECTION('',(0.,1.,0.));
#4972 = ADVANCED_FACE('',(#4973),#4979,.T.);
#4973 = FACE_BOUND('',#4974,.T.);
#4974 = EDGE_LOOP('',(#4975,#4976,#4977,#4978));
#4975 = ORIENTED_EDGE('',*,*,#4554,.T.);
#4976 = ORIENTED_EDGE('',*,*,#4602,.T.);
#4977 = ORIENTED_EDGE('',*,*,#4626,.T.);
#4978 = ORIENTED_EDGE('',*,*,#4585,.T.);
#4979 = PLANE('',#4980);
#4980 = AXIS2_PLACEMENT_3D('',#4981,#4982,#4983);
#4981 = CARTESIAN_POINT('',(-4.71231666663E-02,-15.18771309859,2.));
#4982 = DIRECTION('',(0.,0.,1.));
#4983 = DIRECTION('',(1.,0.,0.));
#4984 = ADVANCED_FACE('',(#4985),#4991,.T.);
#4985 = FACE_BOUND('',#4986,.T.);
#4986 = EDGE_LOOP('',(#4987,#4988,#4989,#4990));
#4987 = ORIENTED_EDGE('',*,*,#4650,.T.);
#4988 = ORIENTED_EDGE('',*,*,#4698,.T.);
#4989 = ORIENTED_EDGE('',*,*,#4722,.T.);
#4990 = ORIENTED_EDGE('',*,*,#4681,.T.);
#4991 = PLANE('',#4992);
#4992 = AXIS2_PLACEMENT_3D('',#4993,#4994,#4995);
#4993 = CARTESIAN_POINT('',(-4.71231666663E-02,-15.18771309859,2.));
#4994 = DIRECTION('',(0.,0.,1.));
#4995 = DIRECTION('',(1.,0.,0.));
#4996 = ADVANCED_FACE('',(#4997),#5003,.T.);
#4997 = FACE_BOUND('',#4998,.T.);
#4998 = EDGE_LOOP('',(#4999,#5000,#5001,#5002));
#4999 = ORIENTED_EDGE('',*,*,#4746,.T.);
#5000 = ORIENTED_EDGE('',*,*,#4794,.T.);
#5001 = ORIENTED_EDGE('',*,*,#4818,.T.);
#5002 = ORIENTED_EDGE('',*,*,#4777,.T.);
#5003 = PLANE('',#5004);
#5004 = AXIS2_PLACEMENT_3D('',#5005,#5006,#5007);
#5005 = CARTESIAN_POINT('',(-4.71231666663E-02,-15.18771309859,2.));
#5006 = DIRECTION('',(0.,0.,1.));
#5007 = DIRECTION('',(1.,0.,0.));
#5008 = ADVANCED_FACE('',(#5009),#5015,.T.);
#5009 = FACE_BOUND('',#5010,.T.);
#5010 = EDGE_LOOP('',(#5011,#5012,#5013,#5014));
#5011 = ORIENTED_EDGE('',*,*,#4842,.T.);
#5012 = ORIENTED_EDGE('',*,*,#4890,.T.);
#5013 = ORIENTED_EDGE('',*,*,#4914,.T.);
#5014 = ORIENTED_EDGE('',*,*,#4873,.T.);
#5015 = PLANE('',#5016);
#5016 = AXIS2_PLACEMENT_3D('',#5017,#5018,#5019);
#5017 = CARTESIAN_POINT('',(-4.71231666663E-02,-15.18771309859,2.));
#5018 = DIRECTION('',(0.,0.,1.));
#5019 = DIRECTION('',(1.,0.,0.));
#5020 = ADVANCED_FACE('',(#5021),#5041,.T.);
#5021 = FACE_BOUND('',#5022,.T.);
#5022 = EDGE_LOOP('',(#5023,#5024,#5029,#5030,#5031,#5032,#5033,#5034,
    #5035,#5036,#5037,#5038,#5039,#5040));
#5023 = ORIENTED_EDGE('',*,*,#43,.T.);
#5024 = ORIENTED_EDGE('',*,*,#5025,.T.);
#5025 = EDGE_CURVE('',#44,#524,#5026,.T.);
#5026 = B_SPLINE_CURVE_WITH_KNOTS('',1,(#5027,#5028),.UNSPECIFIED.,.F.,
  .F.,(2,2),(-20.825,0.),.PIECEWISE_BEZIER_KNOTS.);
#5027 = CARTESIAN_POINT('',(13.9,0.,-20.825));
#5028 = CARTESIAN_POINT('',(13.9,0.,0.));
#5029 = ORIENTED_EDGE('',*,*,#534,.F.);
#5030 = ORIENTED_EDGE('',*,*,#1546,.T.);
#5031 = ORIENTED_EDGE('',*,*,#2962,.T.);
#5032 = ORIENTED_EDGE('',*,*,#4128,.T.);
#5033 = ORIENTED_EDGE('',*,*,#4161,.T.);
#5034 = ORIENTED_EDGE('',*,*,#186,.F.);
#5035 = ORIENTED_EDGE('',*,*,#217,.F.);
#5036 = ORIENTED_EDGE('',*,*,#4104,.T.);
#5037 = ORIENTED_EDGE('',*,*,#2995,.T.);
#5038 = ORIENTED_EDGE('',*,*,#1507,.F.);
#5039 = ORIENTED_EDGE('',*,*,#523,.F.);
#5040 = ORIENTED_EDGE('',*,*,#5025,.F.);
#5041 = CYLINDRICAL_SURFACE('',#5042,13.9);
#5042 = AXIS2_PLACEMENT_3D('',#5043,#5044,#5045);
#5043 = CARTESIAN_POINT('',(0.,0.,0.));
#5044 = DIRECTION('',(0.,0.,1.));
#5045 = DIRECTION('',(1.,0.,0.));
#5046 = ( GEOMETRIC_REPRESENTATION_CONTEXT(3) 
GLOBAL_UNCERTAINTY_ASSIGNED_CONTEXT((#5050)) 
GLOBAL_UNIT_ASSIGNED_CONTEXT((#5047,#5048,#5049)) REPRESENTATION_CONTEXT
('Context #1','3D Context with UNIT and UNCERTAINTY') );
#5047 = ( LENGTH_UNIT() NAMED_UNIT(*) SI_UNIT(.MILLI.,.METRE.) );
#5048 = ( NAMED_UNIT(*) PLANE_ANGLE_UNIT() SI_UNIT($,.RADIAN.) );
#5049 = ( NAMED_UNIT(*) SI_UNIT($,.STERADIAN.) SOLID_ANGLE_UNIT() );
#5050 = UNCERTAINTY_MEASURE_WITH_UNIT(LENGTH_MEASURE(5.E-05),#5047,
  'distance_accuracy_value','confusion accuracy');
#5051 = CONTEXT_DEPENDENT_SHAPE_REPRESENTATION(#5052,#5054);
#5052 = ( REPRESENTATION_RELATIONSHIP('','',#36,#10) 
REPRESENTATION_RELATIONSHIP_WITH_TRANSFORMATION(#5053) 
SHAPE_REPRESENTATION_RELATIONSHIP() );
#5053 = ITEM_DEFINED_TRANSFORMATION('','',#11,#15);
#5054 = PRODUCT_DEFINITION_SHAPE('Placement','Placement of an item',
  #5055);
#5055 = NEXT_ASSEMBLY_USAGE_OCCURRENCE('11','Main','',#5,#31,$);
#5056 = PRODUCT_RELATED_PRODUCT_CATEGORY('part',$,(#33));
#5057 = SHAPE_DEFINITION_REPRESENTATION(#5058,#5064);
#5058 = PRODUCT_DEFINITION_SHAPE('','',#5059);
#5059 = PRODUCT_DEFINITION('design','',#5060,#5063);
#5060 = PRODUCT_DEFINITION_FORMATION('','',#5061);
#5061 = PRODUCT('Finger','Finger','',(#5062));
#5062 = PRODUCT_CONTEXT('',#2,'mechanical');
#5063 = PRODUCT_DEFINITION_CONTEXT('part definition',#2,'design');
#5064 = ADVANCED_BREP_SHAPE_REPRESENTATION('',(#11,#5065),#5643);
#5065 = MANIFOLD_SOLID_BREP('',#5066);
#5066 = CLOSED_SHELL('',(#5067,#5141,#5188,#5230,#5254,#5294,#5342,#5366
    ,#5390,#5425,#5448,#5465,#5477,#5494,#5538,#5580,#5597,#5614,#5631)
  );
#5067 = ADVANCED_FACE('',(#5068),#5136,.T.);
#5068 = FACE_BOUND('',#5069,.T.);
#5069 = EDGE_LOOP('',(#5070,#5080,#5088,#5096,#5104,#5113,#5121,#5129));
#5070 = ORIENTED_EDGE('',*,*,#5071,.F.);
#5071 = EDGE_CURVE('',#5072,#5074,#5076,.T.);
#5072 = VERTEX_POINT('',#5073);
#5073 = CARTESIAN_POINT('',(20.,-2.348134800967,4.));
#5074 = VERTEX_POINT('',#5075);
#5075 = CARTESIAN_POINT('',(20.,16.830691854238,4.));
#5076 = LINE('',#5077,#5078);
#5077 = CARTESIAN_POINT('',(20.,16.9,4.));
#5078 = VECTOR('',#5079,1.);
#5079 = DIRECTION('',(0.,1.,0.));
#5080 = ORIENTED_EDGE('',*,*,#5081,.T.);
#5081 = EDGE_CURVE('',#5072,#5082,#5084,.T.);
#5082 = VERTEX_POINT('',#5083);
#5083 = CARTESIAN_POINT('',(20.,-2.348134800967,0.));
#5084 = LINE('',#5085,#5086);
#5085 = CARTESIAN_POINT('',(20.,-2.348134800967,4.));
#5086 = VECTOR('',#5087,1.);
#5087 = DIRECTION('',(-0.,-0.,-1.));
#5088 = ORIENTED_EDGE('',*,*,#5089,.T.);
#5089 = EDGE_CURVE('',#5082,#5090,#5092,.T.);
#5090 = VERTEX_POINT('',#5091);
#5091 = CARTESIAN_POINT('',(20.,16.9,0.));
#5092 = LINE('',#5093,#5094);
#5093 = CARTESIAN_POINT('',(20.,-2.348134800967,0.));
#5094 = VECTOR('',#5095,1.);
#5095 = DIRECTION('',(0.,1.,0.));
#5096 = ORIENTED_EDGE('',*,*,#5097,.T.);
#5097 = EDGE_CURVE('',#5090,#5098,#5100,.T.);
#5098 = VERTEX_POINT('',#5099);
#5099 = CARTESIAN_POINT('',(20.,18.364642364393,-5.466121052659));
#5100 = LINE('',#5101,#5102);
#5101 = CARTESIAN_POINT('',(20.,16.9,0.));
#5102 = VECTOR('',#5103,1.);
#5103 = DIRECTION('',(0.,0.258818986177,-0.965925842078));
#5104 = ORIENTED_EDGE('',*,*,#5105,.T.);
#5105 = EDGE_CURVE('',#5098,#5106,#5108,.T.);
#5106 = VERTEX_POINT('',#5107);
#5107 = CARTESIAN_POINT('',(20.,18.498119327294,-6.651561572961));
#5108 = CIRCLE('',#5109,4.);
#5109 = AXIS2_PLACEMENT_3D('',#5110,#5111,#5112);
#5110 = CARTESIAN_POINT('',(20.,14.50093899608,-6.501396997367));
#5111 = DIRECTION('',(-1.,-0.,-0.));
#5112 = DIRECTION('',(0.,0.,-1.));
#5113 = ORIENTED_EDGE('',*,*,#5114,.F.);
#5114 = EDGE_CURVE('',#5115,#5106,#5117,.T.);
#5115 = VERTEX_POINT('',#5116);
#5116 = CARTESIAN_POINT('',(20.,22.619273075345,-6.148467753242));
#5117 = LINE('',#5118,#5119);
#5118 = CARTESIAN_POINT('',(20.,23.32033242795,-6.062885256418));
#5119 = VECTOR('',#5120,1.);
#5120 = DIRECTION('',(0.,-0.992630990609,-0.12117638583));
#5121 = ORIENTED_EDGE('',*,*,#5122,.F.);
#5122 = EDGE_CURVE('',#5123,#5115,#5125,.T.);
#5123 = VERTEX_POINT('',#5124);
#5124 = CARTESIAN_POINT('',(20.,20.694395222551,1.035275944708));
#5125 = LINE('',#5126,#5127);
#5126 = CARTESIAN_POINT('',(20.,19.9,4.));
#5127 = VECTOR('',#5128,1.);
#5128 = DIRECTION('',(0.,0.258818986177,-0.965925842078));
#5129 = ORIENTED_EDGE('',*,*,#5130,.F.);
#5130 = EDGE_CURVE('',#5074,#5123,#5131,.T.);
#5131 = CIRCLE('',#5132,4.);
#5132 = AXIS2_PLACEMENT_3D('',#5133,#5134,#5135);
#5133 = CARTESIAN_POINT('',(20.,16.830691854238,4.440892098501E-16));
#5134 = DIRECTION('',(-1.,-0.,-0.));
#5135 = DIRECTION('',(0.,0.,-1.));
#5136 = PLANE('',#5137);
#5137 = AXIS2_PLACEMENT_3D('',#5138,#5139,#5140);
#5138 = CARTESIAN_POINT('',(20.,13.000817676421,-2.120584723895));
#5139 = DIRECTION('',(1.,0.,0.));
#5140 = DIRECTION('',(0.,0.,1.));
#5141 = ADVANCED_FACE('',(#5142),#5183,.T.);
#5142 = FACE_BOUND('',#5143,.T.);
#5143 = EDGE_LOOP('',(#5144,#5145,#5153,#5161,#5169,#5177));
#5144 = ORIENTED_EDGE('',*,*,#5071,.T.);
#5145 = ORIENTED_EDGE('',*,*,#5146,.T.);
#5146 = EDGE_CURVE('',#5074,#5147,#5149,.T.);
#5147 = VERTEX_POINT('',#5148);
#5148 = CARTESIAN_POINT('',(0.819232,16.830691854238,4.));
#5149 = LINE('',#5150,#5151);
#5150 = CARTESIAN_POINT('',(20.,16.830691854238,4.));
#5151 = VECTOR('',#5152,1.);
#5152 = DIRECTION('',(-1.,-0.,-0.));
#5153 = ORIENTED_EDGE('',*,*,#5154,.T.);
#5154 = EDGE_CURVE('',#5147,#5155,#5157,.T.);
#5155 = VERTEX_POINT('',#5156);
#5156 = CARTESIAN_POINT('',(0.819232,14.399999999943,4.));
#5157 = LINE('',#5158,#5159);
#5158 = CARTESIAN_POINT('',(0.819232,16.9,4.));
#5159 = VECTOR('',#5160,1.);
#5160 = DIRECTION('',(0.,-1.,0.));
#5161 = ORIENTED_EDGE('',*,*,#5162,.T.);
#5162 = EDGE_CURVE('',#5155,#5163,#5165,.T.);
#5163 = VERTEX_POINT('',#5164);
#5164 = CARTESIAN_POINT('',(17.5,14.399999999943,4.));
#5165 = LINE('',#5166,#5167);
#5166 = CARTESIAN_POINT('',(0.819232,14.399999999943,4.));
#5167 = VECTOR('',#5168,1.);
#5168 = DIRECTION('',(1.,0.,0.));
#5169 = ORIENTED_EDGE('',*,*,#5170,.F.);
#5170 = EDGE_CURVE('',#5171,#5163,#5173,.T.);
#5171 = VERTEX_POINT('',#5172);
#5172 = CARTESIAN_POINT('',(17.5,-2.348151685405,4.));
#5173 = LINE('',#5174,#5175);
#5174 = CARTESIAN_POINT('',(17.5,-2.348151685405,4.));
#5175 = VECTOR('',#5176,1.);
#5176 = DIRECTION('',(0.,1.,0.));
#5177 = ORIENTED_EDGE('',*,*,#5178,.F.);
#5178 = EDGE_CURVE('',#5072,#5171,#5179,.T.);
#5179 = LINE('',#5180,#5181);
#5180 = CARTESIAN_POINT('',(20.,-2.348134800967,4.));
#5181 = VECTOR('',#5182,1.);
#5182 = DIRECTION('',(-0.999999999977,-6.753775009673E-06,0.));
#5183 = PLANE('',#5184);
#5184 = AXIS2_PLACEMENT_3D('',#5185,#5186,#5187);
#5185 = CARTESIAN_POINT('',(14.403375005899,11.525573264453,4.));
#5186 = DIRECTION('',(0.,0.,1.));
#5187 = DIRECTION('',(1.,0.,0.));
#5188 = ADVANCED_FACE('',(#5189),#5225,.T.);
#5189 = FACE_BOUND('',#5190,.T.);
#5190 = EDGE_LOOP('',(#5191,#5200,#5201,#5202,#5210,#5219));
#5191 = ORIENTED_EDGE('',*,*,#5192,.F.);
#5192 = EDGE_CURVE('',#5147,#5193,#5195,.T.);
#5193 = VERTEX_POINT('',#5194);
#5194 = CARTESIAN_POINT('',(0.819232,16.9,3.999399502542));
#5195 = CIRCLE('',#5196,4.);
#5196 = AXIS2_PLACEMENT_3D('',#5197,#5198,#5199);
#5197 = CARTESIAN_POINT('',(0.819232,16.830691854238,4.440892098501E-16)
  );
#5198 = DIRECTION('',(-1.,-0.,-0.));
#5199 = DIRECTION('',(0.,0.,-1.));
#5200 = ORIENTED_EDGE('',*,*,#5146,.F.);
#5201 = ORIENTED_EDGE('',*,*,#5130,.T.);
#5202 = ORIENTED_EDGE('',*,*,#5203,.T.);
#5203 = EDGE_CURVE('',#5123,#5204,#5206,.T.);
#5204 = VERTEX_POINT('',#5205);
#5205 = CARTESIAN_POINT('',(18.,20.694395222551,1.035275944708));
#5206 = LINE('',#5207,#5208);
#5207 = CARTESIAN_POINT('',(20.,20.694395222551,1.035275944708));
#5208 = VECTOR('',#5209,1.);
#5209 = DIRECTION('',(-1.,-0.,-0.));
#5210 = ORIENTED_EDGE('',*,*,#5211,.F.);
#5211 = EDGE_CURVE('',#5212,#5204,#5214,.T.);
#5212 = VERTEX_POINT('',#5213);
#5213 = CARTESIAN_POINT('',(18.,16.9,3.999399502542));
#5214 = CIRCLE('',#5215,4.);
#5215 = AXIS2_PLACEMENT_3D('',#5216,#5217,#5218);
#5216 = CARTESIAN_POINT('',(18.,16.830691854238,4.440892098501E-16));
#5217 = DIRECTION('',(-1.,-0.,-0.));
#5218 = DIRECTION('',(0.,0.,-1.));
#5219 = ORIENTED_EDGE('',*,*,#5220,.F.);
#5220 = EDGE_CURVE('',#5193,#5212,#5221,.T.);
#5221 = LINE('',#5222,#5223);
#5222 = CARTESIAN_POINT('',(20.,16.9,3.999399502542));
#5223 = VECTOR('',#5224,1.);
#5224 = DIRECTION('',(1.,0.,0.));
#5225 = CYLINDRICAL_SURFACE('',#5226,4.);
#5226 = AXIS2_PLACEMENT_3D('',#5227,#5228,#5229);
#5227 = CARTESIAN_POINT('',(20.,16.830691854238,4.440892098501E-16));
#5228 = DIRECTION('',(-1.,-0.,-0.));
#5229 = DIRECTION('',(0.,0.,1.));
#5230 = ADVANCED_FACE('',(#5231),#5249,.F.);
#5231 = FACE_BOUND('',#5232,.F.);
#5232 = EDGE_LOOP('',(#5233,#5234,#5242,#5248));
#5233 = ORIENTED_EDGE('',*,*,#5081,.T.);
#5234 = ORIENTED_EDGE('',*,*,#5235,.T.);
#5235 = EDGE_CURVE('',#5082,#5236,#5238,.T.);
#5236 = VERTEX_POINT('',#5237);
#5237 = CARTESIAN_POINT('',(17.5,-2.348151685405,0.));
#5238 = LINE('',#5239,#5240);
#5239 = CARTESIAN_POINT('',(20.,-2.348134800967,0.));
#5240 = VECTOR('',#5241,1.);
#5241 = DIRECTION('',(-0.999999999977,-6.753775009673E-06,0.));
#5242 = ORIENTED_EDGE('',*,*,#5243,.F.);
#5243 = EDGE_CURVE('',#5171,#5236,#5244,.T.);
#5244 = LINE('',#5245,#5246);
#5245 = CARTESIAN_POINT('',(17.5,-2.348151685405,4.));
#5246 = VECTOR('',#5247,1.);
#5247 = DIRECTION('',(-0.,-0.,-1.));
#5248 = ORIENTED_EDGE('',*,*,#5178,.F.);
#5249 = PLANE('',#5250);
#5250 = AXIS2_PLACEMENT_3D('',#5251,#5252,#5253);
#5251 = CARTESIAN_POINT('',(20.,-2.348134800967,4.));
#5252 = DIRECTION('',(-6.753775009673E-06,0.999999999977,0.));
#5253 = DIRECTION('',(-0.999999999977,-6.753775009673E-06,0.));
#5254 = ADVANCED_FACE('',(#5255),#5289,.F.);
#5255 = FACE_BOUND('',#5256,.F.);
#5256 = EDGE_LOOP('',(#5257,#5258,#5259,#5267,#5275,#5283));
#5257 = ORIENTED_EDGE('',*,*,#5122,.F.);
#5258 = ORIENTED_EDGE('',*,*,#5203,.T.);
#5259 = ORIENTED_EDGE('',*,*,#5260,.T.);
#5260 = EDGE_CURVE('',#5204,#5261,#5263,.T.);
#5261 = VERTEX_POINT('',#5262);
#5262 = CARTESIAN_POINT('',(18.,22.734425743561,-6.578223466517));
#5263 = LINE('',#5264,#5265);
#5264 = CARTESIAN_POINT('',(18.,19.9,4.));
#5265 = VECTOR('',#5266,1.);
#5266 = DIRECTION('',(0.,0.258818986177,-0.965925842078));
#5267 = ORIENTED_EDGE('',*,*,#5268,.F.);
#5268 = EDGE_CURVE('',#5269,#5261,#5271,.T.);
#5269 = VERTEX_POINT('',#5270);
#5270 = CARTESIAN_POINT('',(19.897981028605,22.734425743561,
    -6.578223466517));
#5271 = LINE('',#5272,#5273);
#5272 = CARTESIAN_POINT('',(20.,22.734425743561,-6.578223466517));
#5273 = VECTOR('',#5274,1.);
#5274 = DIRECTION('',(-1.,-0.,-0.));
#5275 = ORIENTED_EDGE('',*,*,#5276,.F.);
#5276 = EDGE_CURVE('',#5277,#5269,#5279,.T.);
#5277 = VERTEX_POINT('',#5278);
#5278 = CARTESIAN_POINT('',(19.888123779902,22.619273075345,
    -6.148467753242));
#5279 = LINE('',#5280,#5281);
#5280 = CARTESIAN_POINT('',(19.811724975668,21.726780005401,
    -2.817637458029));
#5281 = VECTOR('',#5282,1.);
#5282 = DIRECTION('',(2.214987491759E-02,0.258755487896,-0.965688863209)
  );
#5283 = ORIENTED_EDGE('',*,*,#5284,.F.);
#5284 = EDGE_CURVE('',#5115,#5277,#5285,.T.);
#5285 = LINE('',#5286,#5287);
#5286 = CARTESIAN_POINT('',(19.784257571056,22.619273075345,
    -6.148467753242));
#5287 = VECTOR('',#5288,1.);
#5288 = DIRECTION('',(-1.,-4.540931835469E-17,1.694699245903E-16));
#5289 = PLANE('',#5290);
#5290 = AXIS2_PLACEMENT_3D('',#5291,#5292,#5293);
#5291 = CARTESIAN_POINT('',(20.,19.9,4.));
#5292 = DIRECTION('',(0.,-0.965925842078,-0.258818986177));
#5293 = DIRECTION('',(0.,0.258818986177,-0.965925842078));
#5294 = ADVANCED_FACE('',(#5295),#5337,.F.);
#5295 = FACE_BOUND('',#5296,.F.);
#5296 = EDGE_LOOP('',(#5297,#5298,#5306,#5314,#5322,#5330,#5336));
#5297 = ORIENTED_EDGE('',*,*,#5089,.T.);
#5298 = ORIENTED_EDGE('',*,*,#5299,.T.);
#5299 = EDGE_CURVE('',#5090,#5300,#5302,.T.);
#5300 = VERTEX_POINT('',#5301);
#5301 = CARTESIAN_POINT('',(18.,16.9,0.));
#5302 = LINE('',#5303,#5304);
#5303 = CARTESIAN_POINT('',(20.,16.9,0.));
#5304 = VECTOR('',#5305,1.);
#5305 = DIRECTION('',(-1.,0.,0.));
#5306 = ORIENTED_EDGE('',*,*,#5307,.T.);
#5307 = EDGE_CURVE('',#5300,#5308,#5310,.T.);
#5308 = VERTEX_POINT('',#5309);
#5309 = CARTESIAN_POINT('',(0.819232,16.9,0.));
#5310 = LINE('',#5311,#5312);
#5311 = CARTESIAN_POINT('',(20.,16.9,0.));
#5312 = VECTOR('',#5313,1.);
#5313 = DIRECTION('',(-1.,0.,0.));
#5314 = ORIENTED_EDGE('',*,*,#5315,.T.);
#5315 = EDGE_CURVE('',#5308,#5316,#5318,.T.);
#5316 = VERTEX_POINT('',#5317);
#5317 = CARTESIAN_POINT('',(0.819232,14.399999999943,0.));
#5318 = LINE('',#5319,#5320);
#5319 = CARTESIAN_POINT('',(0.819232,16.9,0.));
#5320 = VECTOR('',#5321,1.);
#5321 = DIRECTION('',(0.,-1.,0.));
#5322 = ORIENTED_EDGE('',*,*,#5323,.T.);
#5323 = EDGE_CURVE('',#5316,#5324,#5326,.T.);
#5324 = VERTEX_POINT('',#5325);
#5325 = CARTESIAN_POINT('',(17.5,14.399999999943,0.));
#5326 = LINE('',#5327,#5328);
#5327 = CARTESIAN_POINT('',(0.819232,14.399999999943,0.));
#5328 = VECTOR('',#5329,1.);
#5329 = DIRECTION('',(1.,0.,0.));
#5330 = ORIENTED_EDGE('',*,*,#5331,.F.);
#5331 = EDGE_CURVE('',#5236,#5324,#5332,.T.);
#5332 = LINE('',#5333,#5334);
#5333 = CARTESIAN_POINT('',(17.5,-2.348151685405,0.));
#5334 = VECTOR('',#5335,1.);
#5335 = DIRECTION('',(0.,1.,0.));
#5336 = ORIENTED_EDGE('',*,*,#5235,.F.);
#5337 = PLANE('',#5338);
#5338 = AXIS2_PLACEMENT_3D('',#5339,#5340,#5341);
#5339 = CARTESIAN_POINT('',(14.04453384865,10.910846501648,0.));
#5340 = DIRECTION('',(0.,0.,1.));
#5341 = DIRECTION('',(1.,0.,0.));
#5342 = ADVANCED_FACE('',(#5343),#5361,.F.);
#5343 = FACE_BOUND('',#5344,.F.);
#5344 = EDGE_LOOP('',(#5345,#5353,#5359,#5360));
#5345 = ORIENTED_EDGE('',*,*,#5346,.F.);
#5346 = EDGE_CURVE('',#5347,#5277,#5349,.T.);
#5347 = VERTEX_POINT('',#5348);
#5348 = CARTESIAN_POINT('',(19.230463195155,18.498119327294,
    -6.651561572961));
#5349 = LINE('',#5350,#5351);
#5350 = CARTESIAN_POINT('',(18.4,13.294118070852,-7.286845046955));
#5351 = VECTOR('',#5352,1.);
#5352 = DIRECTION('',(0.156454956838,0.980406834056,0.119684110125));
#5353 = ORIENTED_EDGE('',*,*,#5354,.F.);
#5354 = EDGE_CURVE('',#5106,#5347,#5355,.T.);
#5355 = LINE('',#5356,#5357);
#5356 = CARTESIAN_POINT('',(19.305153975213,18.498119327294,
    -6.651561572961));
#5357 = VECTOR('',#5358,1.);
#5358 = DIRECTION('',(-1.,-0.,-0.));
#5359 = ORIENTED_EDGE('',*,*,#5114,.F.);
#5360 = ORIENTED_EDGE('',*,*,#5284,.T.);
#5361 = PLANE('',#5362);
#5362 = AXIS2_PLACEMENT_3D('',#5363,#5364,#5365);
#5363 = CARTESIAN_POINT('',(19.568515142112,17.941425698832,
    -6.719520484731));
#5364 = DIRECTION('',(1.737236362057E-16,-0.12117638583,0.992630990609)
  );
#5365 = DIRECTION('',(-3.08148791102E-33,0.992630990609,0.12117638583));
#5366 = ADVANCED_FACE('',(#5367),#5385,.T.);
#5367 = FACE_BOUND('',#5368,.T.);
#5368 = EDGE_LOOP('',(#5369,#5370,#5371,#5379));
#5369 = ORIENTED_EDGE('',*,*,#5097,.F.);
#5370 = ORIENTED_EDGE('',*,*,#5299,.T.);
#5371 = ORIENTED_EDGE('',*,*,#5372,.T.);
#5372 = EDGE_CURVE('',#5300,#5373,#5375,.T.);
#5373 = VERTEX_POINT('',#5374);
#5374 = CARTESIAN_POINT('',(18.,18.364642364393,-5.466121052659));
#5375 = LINE('',#5376,#5377);
#5376 = CARTESIAN_POINT('',(18.,16.9,0.));
#5377 = VECTOR('',#5378,1.);
#5378 = DIRECTION('',(0.,0.258818986177,-0.965925842078));
#5379 = ORIENTED_EDGE('',*,*,#5380,.F.);
#5380 = EDGE_CURVE('',#5098,#5373,#5381,.T.);
#5381 = LINE('',#5382,#5383);
#5382 = CARTESIAN_POINT('',(19.305153975213,18.364642364393,
    -5.466121052659));
#5383 = VECTOR('',#5384,1.);
#5384 = DIRECTION('',(-1.,-0.,-0.));
#5385 = PLANE('',#5386);
#5386 = AXIS2_PLACEMENT_3D('',#5387,#5388,#5389);
#5387 = CARTESIAN_POINT('',(20.,16.9,0.));
#5388 = DIRECTION('',(0.,-0.965925842078,-0.258818986177));
#5389 = DIRECTION('',(0.,0.258818986177,-0.965925842078));
#5390 = ADVANCED_FACE('',(#5391),#5420,.F.);
#5391 = FACE_BOUND('',#5392,.F.);
#5392 = EDGE_LOOP('',(#5393,#5394,#5395,#5404,#5412,#5419));
#5393 = ORIENTED_EDGE('',*,*,#5105,.T.);
#5394 = ORIENTED_EDGE('',*,*,#5354,.T.);
#5395 = ORIENTED_EDGE('',*,*,#5396,.T.);
#5396 = EDGE_CURVE('',#5347,#5397,#5399,.T.);
#5397 = VERTEX_POINT('',#5398);
#5398 = CARTESIAN_POINT('',(18.812585954379,16.26069545637,
    -10.09350740776));
#5399 = ELLIPSE('',#5400,4.049873812087,4.);
#5400 = AXIS2_PLACEMENT_3D('',#5401,#5402,#5403);
#5401 = CARTESIAN_POINT('',(18.604835309253,14.50093899608,
    -6.501396997367));
#5402 = DIRECTION('',(-0.987685094795,0.155302038792,1.895864621479E-02)
  );
#5403 = DIRECTION('',(-0.156454956838,-0.980406834056,-0.119684110125));
#5404 = ORIENTED_EDGE('',*,*,#5405,.T.);
#5405 = EDGE_CURVE('',#5397,#5406,#5408,.T.);
#5406 = VERTEX_POINT('',#5407);
#5407 = CARTESIAN_POINT('',(18.,16.26069545637,-10.09350740776));
#5408 = LINE('',#5409,#5410);
#5409 = CARTESIAN_POINT('',(19.305153975213,16.26069545637,
    -10.09350740776));
#5410 = VECTOR('',#5411,1.);
#5411 = DIRECTION('',(-1.,-0.,-0.));
#5412 = ORIENTED_EDGE('',*,*,#5413,.F.);
#5413 = EDGE_CURVE('',#5373,#5406,#5414,.T.);
#5414 = CIRCLE('',#5415,4.);
#5415 = AXIS2_PLACEMENT_3D('',#5416,#5417,#5418);
#5416 = CARTESIAN_POINT('',(18.,14.50093899608,-6.501396997367));
#5417 = DIRECTION('',(-1.,-0.,-0.));
#5418 = DIRECTION('',(0.,0.,-1.));
#5419 = ORIENTED_EDGE('',*,*,#5380,.F.);
#5420 = CYLINDRICAL_SURFACE('',#5421,4.);
#5421 = AXIS2_PLACEMENT_3D('',#5422,#5423,#5424);
#5422 = CARTESIAN_POINT('',(19.305153975213,14.50093899608,
    -6.501396997367));
#5423 = DIRECTION('',(-1.,-0.,-0.));
#5424 = DIRECTION('',(0.,0.965925842078,0.258818986177));
#5425 = ADVANCED_FACE('',(#5426),#5443,.T.);
#5426 = FACE_BOUND('',#5427,.T.);
#5427 = EDGE_LOOP('',(#5428,#5434,#5435,#5441,#5442));
#5428 = ORIENTED_EDGE('',*,*,#5429,.T.);
#5429 = EDGE_CURVE('',#5193,#5308,#5430,.T.);
#5430 = LINE('',#5431,#5432);
#5431 = CARTESIAN_POINT('',(0.819232,16.9,4.));
#5432 = VECTOR('',#5433,1.);
#5433 = DIRECTION('',(-0.,-0.,-1.));
#5434 = ORIENTED_EDGE('',*,*,#5315,.T.);
#5435 = ORIENTED_EDGE('',*,*,#5436,.F.);
#5436 = EDGE_CURVE('',#5155,#5316,#5437,.T.);
#5437 = LINE('',#5438,#5439);
#5438 = CARTESIAN_POINT('',(0.819232,14.399999999943,4.));
#5439 = VECTOR('',#5440,1.);
#5440 = DIRECTION('',(-0.,-0.,-1.));
#5441 = ORIENTED_EDGE('',*,*,#5154,.F.);
#5442 = ORIENTED_EDGE('',*,*,#5192,.T.);
#5443 = PLANE('',#5444);
#5444 = AXIS2_PLACEMENT_3D('',#5445,#5446,#5447);
#5445 = CARTESIAN_POINT('',(0.819232,16.9,4.));
#5446 = DIRECTION('',(-1.,0.,0.));
#5447 = DIRECTION('',(0.,-1.,0.));
#5448 = ADVANCED_FACE('',(#5449),#5460,.F.);
#5449 = FACE_BOUND('',#5450,.F.);
#5450 = EDGE_LOOP('',(#5451,#5452,#5453,#5459));
#5451 = ORIENTED_EDGE('',*,*,#5243,.T.);
#5452 = ORIENTED_EDGE('',*,*,#5331,.T.);
#5453 = ORIENTED_EDGE('',*,*,#5454,.F.);
#5454 = EDGE_CURVE('',#5163,#5324,#5455,.T.);
#5455 = LINE('',#5456,#5457);
#5456 = CARTESIAN_POINT('',(17.5,14.399999999943,4.));
#5457 = VECTOR('',#5458,1.);
#5458 = DIRECTION('',(-0.,-0.,-1.));
#5459 = ORIENTED_EDGE('',*,*,#5170,.F.);
#5460 = PLANE('',#5461);
#5461 = AXIS2_PLACEMENT_3D('',#5462,#5463,#5464);
#5462 = CARTESIAN_POINT('',(17.5,-2.348151685405,4.));
#5463 = DIRECTION('',(1.,0.,0.));
#5464 = DIRECTION('',(0.,1.,0.));
#5465 = ADVANCED_FACE('',(#5466),#5472,.T.);
#5466 = FACE_BOUND('',#5467,.T.);
#5467 = EDGE_LOOP('',(#5468,#5469,#5470,#5471));
#5468 = ORIENTED_EDGE('',*,*,#5436,.T.);
#5469 = ORIENTED_EDGE('',*,*,#5323,.T.);
#5470 = ORIENTED_EDGE('',*,*,#5454,.F.);
#5471 = ORIENTED_EDGE('',*,*,#5162,.F.);
#5472 = PLANE('',#5473);
#5473 = AXIS2_PLACEMENT_3D('',#5474,#5475,#5476);
#5474 = CARTESIAN_POINT('',(0.819232,14.399999999943,4.));
#5475 = DIRECTION('',(0.,-1.,0.));
#5476 = DIRECTION('',(1.,0.,0.));
#5477 = ADVANCED_FACE('',(#5478),#5489,.T.);
#5478 = FACE_BOUND('',#5479,.T.);
#5479 = EDGE_LOOP('',(#5480,#5481,#5482,#5488));
#5480 = ORIENTED_EDGE('',*,*,#5429,.F.);
#5481 = ORIENTED_EDGE('',*,*,#5220,.T.);
#5482 = ORIENTED_EDGE('',*,*,#5483,.T.);
#5483 = EDGE_CURVE('',#5212,#5300,#5484,.T.);
#5484 = LINE('',#5485,#5486);
#5485 = CARTESIAN_POINT('',(18.,16.9,4.));
#5486 = VECTOR('',#5487,1.);
#5487 = DIRECTION('',(0.,0.,-1.));
#5488 = ORIENTED_EDGE('',*,*,#5307,.T.);
#5489 = PLANE('',#5490);
#5490 = AXIS2_PLACEMENT_3D('',#5491,#5492,#5493);
#5491 = CARTESIAN_POINT('',(20.,16.9,4.));
#5492 = DIRECTION('',(0.,1.,0.));
#5493 = DIRECTION('',(-1.,0.,0.));
#5494 = ADVANCED_FACE('',(#5495),#5533,.F.);
#5495 = FACE_BOUND('',#5496,.F.);
#5496 = EDGE_LOOP('',(#5497,#5498,#5499,#5500,#5508,#5516,#5524,#5531,
    #5532));
#5497 = ORIENTED_EDGE('',*,*,#5483,.T.);
#5498 = ORIENTED_EDGE('',*,*,#5372,.T.);
#5499 = ORIENTED_EDGE('',*,*,#5413,.T.);
#5500 = ORIENTED_EDGE('',*,*,#5501,.T.);
#5501 = EDGE_CURVE('',#5406,#5502,#5504,.T.);
#5502 = VERTEX_POINT('',#5503);
#5503 = CARTESIAN_POINT('',(18.,13.9,-11.25));
#5504 = LINE('',#5505,#5506);
#5505 = CARTESIAN_POINT('',(18.,19.216541715739,-8.645453490629));
#5506 = VECTOR('',#5507,1.);
#5507 = DIRECTION('',(0.,-0.898027602599,-0.439939115072));
#5508 = ORIENTED_EDGE('',*,*,#5509,.T.);
#5509 = EDGE_CURVE('',#5502,#5510,#5512,.T.);
#5510 = VERTEX_POINT('',#5511);
#5511 = CARTESIAN_POINT('',(18.,13.9,-12.25));
#5512 = LINE('',#5513,#5514);
#5513 = CARTESIAN_POINT('',(18.,13.9,-11.25));
#5514 = VECTOR('',#5515,1.);
#5515 = DIRECTION('',(0.,0.,-1.));
#5516 = ORIENTED_EDGE('',*,*,#5517,.F.);
#5517 = EDGE_CURVE('',#5518,#5510,#5520,.T.);
#5518 = VERTEX_POINT('',#5519);
#5519 = CARTESIAN_POINT('',(18.,19.355427918567,-11.58402337366));
#5520 = LINE('',#5521,#5522);
#5521 = CARTESIAN_POINT('',(18.,23.926214357098,-11.02604020946));
#5522 = VECTOR('',#5523,1.);
#5523 = DIRECTION('',(0.,-0.992630990609,-0.12117638583));
#5524 = ORIENTED_EDGE('',*,*,#5525,.F.);
#5525 = EDGE_CURVE('',#5261,#5518,#5526,.T.);
#5526 = CIRCLE('',#5527,4.);
#5527 = AXIS2_PLACEMENT_3D('',#5528,#5529,#5530);
#5528 = CARTESIAN_POINT('',(18.,18.870722375248,-7.613499411224));
#5529 = DIRECTION('',(-1.,-0.,-0.));
#5530 = DIRECTION('',(0.,0.,-1.));
#5531 = ORIENTED_EDGE('',*,*,#5260,.F.);
#5532 = ORIENTED_EDGE('',*,*,#5211,.F.);
#5533 = PLANE('',#5534);
#5534 = AXIS2_PLACEMENT_3D('',#5535,#5536,#5537);
#5535 = CARTESIAN_POINT('',(18.,19.128883909953,-5.389399192657));
#5536 = DIRECTION('',(1.,0.,0.));
#5537 = DIRECTION('',(0.,0.,1.));
#5538 = ADVANCED_FACE('',(#5539),#5575,.F.);
#5539 = FACE_BOUND('',#5540,.F.);
#5540 = EDGE_LOOP('',(#5541,#5551,#5559,#5565,#5566,#5567,#5568));
#5541 = ORIENTED_EDGE('',*,*,#5542,.F.);
#5542 = EDGE_CURVE('',#5543,#5545,#5547,.T.);
#5543 = VERTEX_POINT('',#5544);
#5544 = CARTESIAN_POINT('',(18.4,13.9,-12.25));
#5545 = VERTEX_POINT('',#5546);
#5546 = CARTESIAN_POINT('',(19.270586281005,19.355427918567,
    -11.58402337366));
#5547 = LINE('',#5548,#5549);
#5548 = CARTESIAN_POINT('',(18.4,13.9,-12.25));
#5549 = VECTOR('',#5550,1.);
#5550 = DIRECTION('',(0.156454956838,0.980406834056,0.119684110125));
#5551 = ORIENTED_EDGE('',*,*,#5552,.F.);
#5552 = EDGE_CURVE('',#5553,#5543,#5555,.T.);
#5553 = VERTEX_POINT('',#5554);
#5554 = CARTESIAN_POINT('',(18.419195031204,13.9,-11.25));
#5555 = LINE('',#5556,#5557);
#5556 = CARTESIAN_POINT('',(18.409888631522,13.9,-11.73483378762));
#5557 = VECTOR('',#5558,1.);
#5558 = DIRECTION('',(-1.919149598419E-02,-0.,-0.999815826281));
#5559 = ORIENTED_EDGE('',*,*,#5560,.F.);
#5560 = EDGE_CURVE('',#5397,#5553,#5561,.T.);
#5561 = LINE('',#5562,#5563);
#5562 = CARTESIAN_POINT('',(18.837377144507,16.409464648654,
    -10.02062614374));
#5563 = VECTOR('',#5564,1.);
#5564 = DIRECTION('',(-0.148001027528,-0.888137810612,-0.435094156719));
#5565 = ORIENTED_EDGE('',*,*,#5396,.F.);
#5566 = ORIENTED_EDGE('',*,*,#5346,.T.);
#5567 = ORIENTED_EDGE('',*,*,#5276,.T.);
#5568 = ORIENTED_EDGE('',*,*,#5569,.T.);
#5569 = EDGE_CURVE('',#5269,#5545,#5570,.T.);
#5570 = ELLIPSE('',#5571,4.049873812087,4.);
#5571 = AXIS2_PLACEMENT_3D('',#5572,#5573,#5574);
#5572 = CARTESIAN_POINT('',(19.270586281005,18.870722375248,
    -7.613499411224));
#5573 = DIRECTION('',(-0.987685094795,0.155302038792,1.895864621479E-02)
  );
#5574 = DIRECTION('',(-0.156454956838,-0.980406834056,-0.119684110125));
#5575 = PLANE('',#5576);
#5576 = AXIS2_PLACEMENT_3D('',#5577,#5578,#5579);
#5577 = CARTESIAN_POINT('',(18.4,13.9,-12.25));
#5578 = DIRECTION('',(-0.987685094795,0.155302038792,1.895864621479E-02)
  );
#5579 = DIRECTION('',(0.156454956838,0.980406834056,0.119684110125));
#5580 = ADVANCED_FACE('',(#5581),#5592,.T.);
#5581 = FACE_BOUND('',#5582,.T.);
#5582 = EDGE_LOOP('',(#5583,#5584,#5590,#5591));
#5583 = ORIENTED_EDGE('',*,*,#5569,.T.);
#5584 = ORIENTED_EDGE('',*,*,#5585,.T.);
#5585 = EDGE_CURVE('',#5545,#5518,#5586,.T.);
#5586 = LINE('',#5587,#5588);
#5587 = CARTESIAN_POINT('',(20.,19.355427918567,-11.58402337366));
#5588 = VECTOR('',#5589,1.);
#5589 = DIRECTION('',(-1.,-0.,-0.));
#5590 = ORIENTED_EDGE('',*,*,#5525,.F.);
#5591 = ORIENTED_EDGE('',*,*,#5268,.F.);
#5592 = CYLINDRICAL_SURFACE('',#5593,4.);
#5593 = AXIS2_PLACEMENT_3D('',#5594,#5595,#5596);
#5594 = CARTESIAN_POINT('',(20.,18.870722375248,-7.613499411224));
#5595 = DIRECTION('',(-1.,-0.,-0.));
#5596 = DIRECTION('',(0.,0.965925842078,0.258818986177));
#5597 = ADVANCED_FACE('',(#5598),#5609,.T.);
#5598 = FACE_BOUND('',#5599,.T.);
#5599 = EDGE_LOOP('',(#5600,#5601,#5602,#5603));
#5600 = ORIENTED_EDGE('',*,*,#5560,.F.);
#5601 = ORIENTED_EDGE('',*,*,#5405,.T.);
#5602 = ORIENTED_EDGE('',*,*,#5501,.T.);
#5603 = ORIENTED_EDGE('',*,*,#5604,.F.);
#5604 = EDGE_CURVE('',#5553,#5502,#5605,.T.);
#5605 = LINE('',#5606,#5607);
#5606 = CARTESIAN_POINT('',(20.,13.9,-11.25));
#5607 = VECTOR('',#5608,1.);
#5608 = DIRECTION('',(-1.,-0.,-0.));
#5609 = PLANE('',#5610);
#5610 = AXIS2_PLACEMENT_3D('',#5611,#5612,#5613);
#5611 = CARTESIAN_POINT('',(20.,19.216541715739,-8.645453490629));
#5612 = DIRECTION('',(0.,-0.439939115072,0.898027602599));
#5613 = DIRECTION('',(0.,-0.898027602599,-0.439939115072));
#5614 = ADVANCED_FACE('',(#5615),#5626,.F.);
#5615 = FACE_BOUND('',#5616,.F.);
#5616 = EDGE_LOOP('',(#5617,#5618,#5619,#5620));
#5617 = ORIENTED_EDGE('',*,*,#5542,.T.);
#5618 = ORIENTED_EDGE('',*,*,#5585,.T.);
#5619 = ORIENTED_EDGE('',*,*,#5517,.T.);
#5620 = ORIENTED_EDGE('',*,*,#5621,.F.);
#5621 = EDGE_CURVE('',#5543,#5510,#5622,.T.);
#5622 = LINE('',#5623,#5624);
#5623 = CARTESIAN_POINT('',(20.,13.9,-12.25));
#5624 = VECTOR('',#5625,1.);
#5625 = DIRECTION('',(-1.,-0.,-0.));
#5626 = PLANE('',#5627);
#5627 = AXIS2_PLACEMENT_3D('',#5628,#5629,#5630);
#5628 = CARTESIAN_POINT('',(20.,23.926214357098,-11.02604020946));
#5629 = DIRECTION('',(0.,-0.12117638583,0.992630990609));
#5630 = DIRECTION('',(0.,-0.992630990609,-0.12117638583));
#5631 = ADVANCED_FACE('',(#5632),#5638,.T.);
#5632 = FACE_BOUND('',#5633,.T.);
#5633 = EDGE_LOOP('',(#5634,#5635,#5636,#5637));
#5634 = ORIENTED_EDGE('',*,*,#5552,.F.);
#5635 = ORIENTED_EDGE('',*,*,#5604,.T.);
#5636 = ORIENTED_EDGE('',*,*,#5509,.T.);
#5637 = ORIENTED_EDGE('',*,*,#5621,.F.);
#5638 = PLANE('',#5639);
#5639 = AXIS2_PLACEMENT_3D('',#5640,#5641,#5642);
#5640 = CARTESIAN_POINT('',(20.,13.9,-11.25));
#5641 = DIRECTION('',(0.,-1.,0.));
#5642 = DIRECTION('',(0.,0.,-1.));
#5643 = ( GEOMETRIC_REPRESENTATION_CONTEXT(3) 
GLOBAL_UNCERTAINTY_ASSIGNED_CONTEXT((#5647)) 
GLOBAL_UNIT_ASSIGNED_CONTEXT((#5644,#5645,#5646)) REPRESENTATION_CONTEXT
('Context #1','3D Context with UNIT and UNCERTAINTY') );
#5644 = ( LENGTH_UNIT() NAMED_UNIT(*) SI_UNIT(.MILLI.,.METRE.) );
#5645 = ( NAMED_UNIT(*) PLANE_ANGLE_UNIT() SI_UNIT($,.RADIAN.) );
#5646 = ( NAMED_UNIT(*) SI_UNIT($,.STERADIAN.) SOLID_ANGLE_UNIT() );
#5647 = UNCERTAINTY_MEASURE_WITH_UNIT(LENGTH_MEASURE(5.E-06),#5644,
  'distance_accuracy_value','confusion accuracy');
#5648 = CONTEXT_DEPENDENT_SHAPE_REPRESENTATION(#5649,#5651);
#5649 = ( REPRESENTATION_RELATIONSHIP('','',#5064,#10) 
REPRESENTATION_RELATIONSHIP_WITH_TRANSFORMATION(#5650) 
SHAPE_REPRESENTATION_RELATIONSHIP() );
#5650 = ITEM_DEFINED_TRANSFORMATION('','',#11,#19);
#5651 = PRODUCT_DEFINITION_SHAPE('Placement','Placement of an item',
  #5652);
#5652 = NEXT_ASSEMBLY_USAGE_OCCURRENCE('12','Finger','',#5,#5059,$);
#5653 = PRODUCT_RELATED_PRODUCT_CATEGORY('part',$,(#5061));
#5654 = MECHANICAL_DESIGN_GEOMETRIC_PRESENTATION_REPRESENTATION('',(
    #5655),#5643);
#5655 = STYLED_ITEM('color',(#5656),#5065);
#5656 = PRESENTATION_STYLE_ASSIGNMENT((#5657,#5665));
#5657 = SURFACE_STYLE_USAGE(.BOTH.,#5658);
#5658 = SURFACE_SIDE_STYLE('',(#5659,#5663));
#5659 = SURFACE_STYLE_FILL_AREA(#5660);
#5660 = FILL_AREA_STYLE('',(#5661));
#5661 = FILL_AREA_STYLE_COLOUR('',#5662);
#5662 = COLOUR_RGB('',0.447058818107,0.474509808674,0.501960817233);
#5663 = SURFACE_STYLE_RENDERING_WITH_PROPERTIES(.NORMAL_SHADING.,#5662,(
    #5664));
#5664 = SURFACE_STYLE_TRANSPARENT(0.699999988079);
#5665 = CURVE_STYLE('',#5666,POSITIVE_LENGTH_MEASURE(0.1),#5667);
#5666 = DRAUGHTING_PRE_DEFINED_CURVE_FONT('continuous');
#5667 = COLOUR_RGB('',9.803921802644E-02,9.803921802644E-02,
  9.803921802644E-02);
#5668 = MECHANICAL_DESIGN_GEOMETRIC_PRESENTATION_REPRESENTATION('',(
    #5669),#5046);
#5669 = STYLED_ITEM('color',(#5670),#37);
#5670 = PRESENTATION_STYLE_ASSIGNMENT((#5671,#5676));
#5671 = SURFACE_STYLE_USAGE(.BOTH.,#5672);
#5672 = SURFACE_SIDE_STYLE('',(#5673));
#5673 = SURFACE_STYLE_FILL_AREA(#5674);
#5674 = FILL_AREA_STYLE('',(#5675));
#5675 = FILL_AREA_STYLE_COLOUR('',#5662);
#5676 = CURVE_STYLE('',#5677,POSITIVE_LENGTH_MEASURE(0.1),#5667);
#5677 = DRAUGHTING_PRE_DEFINED_CURVE_FONT('continuous');
ENDSEC;
END-ISO-10303-21;
