ISO-10303-21;
HEADER;
FILE_DESCRIPTION(('FreeCAD Model'),'2;1');
FILE_NAME('Open CASCADE Shape Model','2026-04-25T10:41:31',(''),(''),
  'Open CASCADE STEP processor 7.8','FreeCAD','Unknown');
FILE_SCHEMA(('AUTOMOTIVE_DESIGN { 1 0 10303 214 1 1 1 1 }'));
ENDSEC;
DATA;
#1 = APPLICATION_PROTOCOL_DEFINITION('international standard',
  'automotive_design',2000,#2);
#2 = APPLICATION_CONTEXT(
  'core data for automotive mechanical design processes');
#3 = SHAPE_DEFINITION_REPRESENTATION(#4,#10);
#4 = PRODUCT_DEFINITION_SHAPE('','',#5);
#5 = PRODUCT_DEFINITION('design','',#6,#9);
#6 = PRODUCT_DEFINITION_FORMATION('','',#7);
#7 = PRODUCT('InternalInvoluteGear002','InternalInvoluteGear002','',(#8)
  );
#8 = PRODUCT_CONTEXT('',#2,'mechanical');
#9 = PRODUCT_DEFINITION_CONTEXT('part definition',#2,'design');
#10 = ADVANCED_BREP_SHAPE_REPRESENTATION('',(#11,#15),#11691);
#11 = AXIS2_PLACEMENT_3D('',#12,#13,#14);
#12 = CARTESIAN_POINT('',(0.,0.,0.));
#13 = DIRECTION('',(0.,0.,1.));
#14 = DIRECTION('',(1.,0.,-0.));
#15 = MANIFOLD_SOLID_BREP('',#16);
#16 = CLOSED_SHELL('',(#17,#50,#488,#944,#961,#978,#995,#1012,#1029,
    #1046,#1063,#1080,#1097,#1114,#1131,#1148,#1165,#1182,#1199,#1216,
    #1233,#1250,#1267,#1284,#1301,#1318,#1343,#1360,#1377,#1394,#1411,
    #1428,#1445,#1462,#1479,#1496,#1513,#1530,#1547,#1564,#1581,#1598,
    #1615,#1647,#1675,#3456,#3478,#3509,#3615,#3639,#3757,#3784,#3890,
    #3914,#4032,#4059,#4165,#4189,#4307,#4334,#4440,#4464,#4582,#4609,
    #4715,#4739,#4857,#4884,#4990,#5014,#5132,#5159,#5265,#5289,#5407,
    #5434,#5540,#5564,#5682,#5709,#5815,#5839,#5957,#5984,#6090,#6114,
    #6232,#6259,#6365,#6389,#6507,#6534,#6640,#6664,#6782,#6809,#6915,
    #6939,#7057,#7084,#7190,#7214,#7332,#7359,#7465,#7489,#7607,#7634,
    #7740,#7764,#7882,#7909,#8015,#8039,#8157,#8184,#8290,#8314,#8432,
    #8459,#8565,#8589,#8707,#8734,#8840,#8864,#8982,#9009,#9115,#9139,
    #9257,#9284,#9390,#9414,#9532,#9559,#9665,#9689,#9807,#9834,#9940,
    #9964,#10082,#10109,#10215,#10239,#10357,#10384,#10490,#10514,#10625
    ,#11066,#11079,#11091,#11103,#11115,#11127,#11139,#11151,#11163,
    #11175,#11187,#11199,#11211,#11223,#11235,#11247,#11259,#11271,
    #11283,#11295,#11307,#11319,#11331,#11343,#11355,#11367,#11379,
    #11391,#11403,#11415,#11427,#11439,#11451,#11463,#11475,#11487,
    #11499,#11511,#11523,#11535,#11547,#11559,#11571,#11583,#11595,
    #11607,#11619,#11631,#11643,#11655,#11667,#11679));
#17 = ADVANCED_FACE('',(#18),#45,.T.);
#18 = FACE_BOUND('',#19,.F.);
#19 = EDGE_LOOP('',(#20,#30,#37,#38));
#20 = ORIENTED_EDGE('',*,*,#21,.T.);
#21 = EDGE_CURVE('',#22,#24,#26,.T.);
#22 = VERTEX_POINT('',#23);
#23 = CARTESIAN_POINT('',(20.,0.,3.51));
#24 = VERTEX_POINT('',#25);
#25 = CARTESIAN_POINT('',(20.,0.,5.51));
#26 = LINE('',#27,#28);
#27 = CARTESIAN_POINT('',(20.,0.,3.51));
#28 = VECTOR('',#29,1.);
#29 = DIRECTION('',(0.,0.,1.));
#30 = ORIENTED_EDGE('',*,*,#31,.T.);
#31 = EDGE_CURVE('',#24,#24,#32,.T.);
#32 = CIRCLE('',#33,20.);
#33 = AXIS2_PLACEMENT_3D('',#34,#35,#36);
#34 = CARTESIAN_POINT('',(0.,0.,5.51));
#35 = DIRECTION('',(0.,0.,1.));
#36 = DIRECTION('',(1.,0.,0.));
#37 = ORIENTED_EDGE('',*,*,#21,.F.);
#38 = ORIENTED_EDGE('',*,*,#39,.F.);
#39 = EDGE_CURVE('',#22,#22,#40,.T.);
#40 = CIRCLE('',#41,20.);
#41 = AXIS2_PLACEMENT_3D('',#42,#43,#44);
#42 = CARTESIAN_POINT('',(0.,0.,3.51));
#43 = DIRECTION('',(0.,0.,1.));
#44 = DIRECTION('',(1.,0.,0.));
#45 = CYLINDRICAL_SURFACE('',#46,20.);
#46 = AXIS2_PLACEMENT_3D('',#47,#48,#49);
#47 = CARTESIAN_POINT('',(0.,0.,3.51));
#48 = DIRECTION('',(-0.,-0.,-1.));
#49 = DIRECTION('',(1.,0.,0.));
#50 = ADVANCED_FACE('',(#51,#54,#65,#76,#87,#98,#109,#120,#131,#142,#153
    ,#164,#175,#186,#197,#208,#219,#230,#241,#252,#263,#274,#285,#296,
    #307,#318,#329,#340,#351,#362,#373,#384,#395,#406,#417,#428,#439,
    #450,#461,#472),#483,.F.);
#51 = FACE_BOUND('',#52,.F.);
#52 = EDGE_LOOP('',(#53));
#53 = ORIENTED_EDGE('',*,*,#39,.T.);
#54 = FACE_BOUND('',#55,.F.);
#55 = EDGE_LOOP('',(#56));
#56 = ORIENTED_EDGE('',*,*,#57,.F.);
#57 = EDGE_CURVE('',#58,#58,#60,.T.);
#58 = VERTEX_POINT('',#59);
#59 = CARTESIAN_POINT('',(-10.44670982013,-15.98987973481,3.51));
#60 = CIRCLE('',#61,1.1);
#61 = AXIS2_PLACEMENT_3D('',#62,#63,#64);
#62 = CARTESIAN_POINT('',(-9.845066846204,-15.06899660872,3.51));
#63 = DIRECTION('',(7.880159634376E-17,2.64689896266E-16,1.));
#64 = DIRECTION('',(-0.546948158122,-0.837166478263,2.64689896266E-16));
#65 = FACE_BOUND('',#66,.F.);
#66 = EDGE_LOOP('',(#67));
#67 = ORIENTED_EDGE('',*,*,#68,.F.);
#68 = EDGE_CURVE('',#69,#69,#71,.T.);
#69 = VERTEX_POINT('',#70);
#70 = CARTESIAN_POINT('',(-12.93607801805,-14.05232669385,3.51));
#71 = CIRCLE('',#72,1.1);
#72 = AXIS2_PLACEMENT_3D('',#73,#74,#75);
#73 = CARTESIAN_POINT('',(-12.19106828926,-13.24303039211,3.51));
#74 = DIRECTION('',(1.045338994202E-16,2.678974244995E-16,1.));
#75 = DIRECTION('',(-0.677281571626,-0.735723910673,2.678974244995E-16)
  );
#76 = FACE_BOUND('',#77,.F.);
#77 = EDGE_LOOP('',(#78));
#78 = ORIENTED_EDGE('',*,*,#79,.F.);
#79 = EDGE_CURVE('',#80,#80,#82,.T.);
#80 = VERTEX_POINT('',#81);
#81 = CARTESIAN_POINT('',(-15.07258372947,-11.73146281237,3.51));
#82 = CIRCLE('',#83,1.1);
#83 = AXIS2_PLACEMENT_3D('',#84,#85,#86);
#84 = CARTESIAN_POINT('',(-14.20452916913,-11.05582882841,3.51));
#85 = DIRECTION('',(1.304431892176E-16,2.668258083467E-16,1.));
#86 = DIRECTION('',(-0.789140509396,-0.61421271269,2.668258083467E-16));
#87 = FACE_BOUND('',#88,.F.);
#88 = EDGE_LOOP('',(#89));
#89 = ORIENTED_EDGE('',*,*,#90,.F.);
#90 = EDGE_CURVE('',#91,#91,#93,.T.);
#91 = VERTEX_POINT('',#92);
#92 = CARTESIAN_POINT('',(-7.672382610872,-17.49127053911,3.51));
#93 = CIRCLE('',#94,1.1);
#94 = AXIS2_PLACEMENT_3D('',#95,#96,#97);
#95 = CARTESIAN_POINT('',(-7.230517643753,-16.48391987979,3.51));
#96 = DIRECTION('',(5.394819013714E-17,2.572907166551E-16,1.));
#97 = DIRECTION('',(-0.401695424653,-0.915773326655,2.572907166551E-16)
  );
#98 = FACE_BOUND('',#99,.F.);
#99 = EDGE_LOOP('',(#100));
#100 = ORIENTED_EDGE('',*,*,#101,.F.);
#101 = EDGE_CURVE('',#102,#102,#104,.T.);
#102 = VERTEX_POINT('',#103);
#103 = CARTESIAN_POINT('',(-4.688772804389,-18.51554507944,3.51));
#104 = CIRCLE('',#105,1.1);
#105 = AXIS2_PLACEMENT_3D('',#106,#107,#108);
#106 = CARTESIAN_POINT('',(-4.418738768534,-17.4492047869,3.51));
#107 = DIRECTION('',(3.065161693366E-17,2.459017159984E-16,1.));
#108 = DIRECTION('',(-0.245485487141,-0.969400265939,2.459017159984E-16)
  );
#109 = FACE_BOUND('',#110,.F.);
#110 = EDGE_LOOP('',(#111));
#111 = ORIENTED_EDGE('',*,*,#112,.F.);
#112 = EDGE_CURVE('',#113,#113,#115,.T.);
#113 = VERTEX_POINT('',#114);
#114 = CARTESIAN_POINT('',(-1.577265498522,-19.03476381642,3.51));
#115 = CIRCLE('',#116,1.1);
#116 = AXIS2_PLACEMENT_3D('',#117,#118,#119);
#117 = CARTESIAN_POINT('',(-1.486428218502,-17.93852087412,3.51));
#118 = DIRECTION('',(9.547346520662E-18,2.308335565447E-16,1.));
#119 = DIRECTION('',(-8.257934547233E-02,-0.996584493007,
    2.308335565447E-16));
#120 = FACE_BOUND('',#121,.F.);
#121 = EDGE_LOOP('',(#122));
#122 = ORIENTED_EDGE('',*,*,#123,.F.);
#123 = EDGE_CURVE('',#124,#124,#126,.T.);
#124 = VERTEX_POINT('',#125);
#125 = CARTESIAN_POINT('',(-16.79794864804,-9.090595207008,3.51));
#126 = CIRCLE('',#127,1.1);
#127 = AXIS2_PLACEMENT_3D('',#128,#129,#130);
#128 = CARTESIAN_POINT('',(-15.83052752171,-8.567053074667,3.51));
#129 = DIRECTION('',(1.558227278508E-16,2.615042787028E-16,1.));
#130 = DIRECTION('',(-0.879473751206,-0.475947393037,2.615042787028E-16)
  );
#131 = FACE_BOUND('',#132,.F.);
#132 = EDGE_LOOP('',(#133));
#133 = ORIENTED_EDGE('',*,*,#134,.F.);
#134 = EDGE_CURVE('',#135,#135,#137,.T.);
#135 = VERTEX_POINT('',#136);
#136 = CARTESIAN_POINT('',(-18.06510931648,-6.201759861809,3.51));
#137 = CIRCLE('',#138,1.1);
#138 = AXIS2_PLACEMENT_3D('',#139,#140,#141);
#139 = CARTESIAN_POINT('',(-17.02471035061,-5.844590445684,3.51));
#140 = DIRECTION('',(1.799802276654E-16,2.520779930243E-16,1.));
#141 = DIRECTION('',(-0.945817241701,-0.324699469205,2.520779930243E-16)
  );
#142 = FACE_BOUND('',#143,.F.);
#143 = EDGE_LOOP('',(#144));
#144 = ORIENTED_EDGE('',*,*,#145,.F.);
#145 = EDGE_CURVE('',#146,#146,#148,.T.);
#146 = VERTEX_POINT('',#147);
#147 = CARTESIAN_POINT('',(-18.83950089499,-3.143756674362,3.51));
#148 = CIRCLE('',#149,1.1);
#149 = AXIS2_PLACEMENT_3D('',#150,#151,#152);
#150 = CARTESIAN_POINT('',(-17.75450346124,-2.962702625053,3.51));
#151 = DIRECTION('',(2.022567350404E-16,2.388040758121E-16,1.));
#152 = DIRECTION('',(-0.986361303403,-0.164594590281,2.388040758121E-16)
  );
#153 = FACE_BOUND('',#154,.F.);
#154 = EDGE_LOOP('',(#155));
#155 = ORIENTED_EDGE('',*,*,#156,.F.);
#156 = EDGE_CURVE('',#157,#157,#159,.T.);
#157 = VERTEX_POINT('',#158);
#158 = CARTESIAN_POINT('',(1.577265498522,-19.03476381642,3.51));
#159 = CIRCLE('',#160,1.1);
#160 = AXIS2_PLACEMENT_3D('',#161,#162,#163);
#161 = CARTESIAN_POINT('',(1.486428218502,-17.93852087412,3.51));
#162 = DIRECTION('',(-8.78895161971E-18,2.124972584044E-16,1.));
#163 = DIRECTION('',(8.257934547233E-02,-0.996584493007,
    2.124972584044E-16));
#164 = FACE_BOUND('',#165,.F.);
#165 = EDGE_LOOP('',(#166));
#166 = ORIENTED_EDGE('',*,*,#167,.F.);
#167 = EDGE_CURVE('',#168,#168,#170,.T.);
#168 = VERTEX_POINT('',#169);
#169 = CARTESIAN_POINT('',(4.688772804389,-18.51554507944,3.51));
#170 = CIRCLE('',#171,1.1);
#171 = AXIS2_PLACEMENT_3D('',#172,#173,#174);
#172 = CARTESIAN_POINT('',(4.418738768534,-17.4492047869,3.51));
#173 = DIRECTION('',(-2.385711107335E-17,1.913929879914E-16,1.));
#174 = DIRECTION('',(0.245485487141,-0.969400265939,1.913929879914E-16)
  );
#175 = FACE_BOUND('',#176,.F.);
#176 = EDGE_LOOP('',(#177));
#177 = ORIENTED_EDGE('',*,*,#178,.F.);
#178 = EDGE_CURVE('',#179,#179,#181,.T.);
#179 = VERTEX_POINT('',#180);
#180 = CARTESIAN_POINT('',(7.672382610872,-17.49127053911,3.51));
#181 = CIRCLE('',#182,1.1);
#182 = AXIS2_PLACEMENT_3D('',#183,#184,#185);
#183 = CARTESIAN_POINT('',(7.230517643753,-16.48391987979,3.51));
#184 = DIRECTION('',(-3.524611173012E-17,1.680964147879E-16,1.));
#185 = DIRECTION('',(0.401695424653,-0.915773326655,1.680964147879E-16)
  );
#186 = FACE_BOUND('',#187,.F.);
#187 = EDGE_LOOP('',(#188));
#188 = ORIENTED_EDGE('',*,*,#189,.F.);
#189 = EDGE_CURVE('',#190,#190,#192,.T.);
#190 = VERTEX_POINT('',#191);
#191 = CARTESIAN_POINT('',(10.446709820138,-15.98987973481,3.51));
#192 = CIRCLE('',#193,1.1);
#193 = AXIS2_PLACEMENT_3D('',#194,#195,#196);
#194 = CARTESIAN_POINT('',(9.845066846204,-15.06899660872,3.51));
#195 = DIRECTION('',(-4.264529134101E-17,1.432430085813E-16,1.));
#196 = DIRECTION('',(0.546948158122,-0.837166478263,1.432430085813E-16)
  );
#197 = FACE_BOUND('',#198,.F.);
#198 = EDGE_LOOP('',(#199));
#199 = ORIENTED_EDGE('',*,*,#200,.F.);
#200 = EDGE_CURVE('',#201,#201,#203,.T.);
#201 = VERTEX_POINT('',#202);
#202 = CARTESIAN_POINT('',(12.936078018052,-14.05232669385,3.51));
#203 = CIRCLE('',#204,1.1);
#204 = AXIS2_PLACEMENT_3D('',#205,#206,#207);
#205 = CARTESIAN_POINT('',(12.191068289263,-13.24303039211,3.51));
#206 = DIRECTION('',(-4.585281957446E-17,1.175107055049E-16,1.));
#207 = DIRECTION('',(0.677281571626,-0.735723910673,1.175107055049E-16)
  );
#208 = FACE_BOUND('',#209,.F.);
#209 = EDGE_LOOP('',(#210));
#210 = ORIENTED_EDGE('',*,*,#211,.F.);
#211 = EDGE_CURVE('',#212,#212,#214,.T.);
#212 = VERTEX_POINT('',#213);
#213 = CARTESIAN_POINT('',(15.072583729471,-11.73146281237,3.51));
#214 = CIRCLE('',#215,1.1);
#215 = AXIS2_PLACEMENT_3D('',#216,#217,#218);
#216 = CARTESIAN_POINT('',(14.204529169135,-11.05582882841,3.51));
#217 = DIRECTION('',(-4.478120342167E-17,9.160141570744E-17,1.));
#218 = DIRECTION('',(0.789140509396,-0.61421271269,9.160141570744E-17));
#219 = FACE_BOUND('',#220,.F.);
#220 = EDGE_LOOP('',(#221));
#221 = ORIENTED_EDGE('',*,*,#222,.F.);
#222 = EDGE_CURVE('',#223,#223,#225,.T.);
#223 = VERTEX_POINT('',#224);
#224 = CARTESIAN_POINT('',(16.797948648044,-9.090595207008,3.51));
#225 = CIRCLE('',#226,1.1);
#226 = AXIS2_PLACEMENT_3D('',#227,#228,#229);
#227 = CARTESIAN_POINT('',(15.830527521717,-8.567053074667,3.51));
#228 = DIRECTION('',(-3.945967377778E-17,6.622187707423E-17,1.));
#229 = DIRECTION('',(0.879473751206,-0.475947393037,6.622187707423E-17)
  );
#230 = FACE_BOUND('',#231,.F.);
#231 = EDGE_LOOP('',(#232));
#232 = ORIENTED_EDGE('',*,*,#233,.F.);
#233 = EDGE_CURVE('',#234,#234,#236,.T.);
#234 = VERTEX_POINT('',#235);
#235 = CARTESIAN_POINT('',(18.065109316482,-6.201759861809,3.51));
#236 = CIRCLE('',#237,1.1);
#237 = AXIS2_PLACEMENT_3D('',#238,#239,#240);
#238 = CARTESIAN_POINT('',(17.024710350611,-5.844590445684,3.51));
#239 = DIRECTION('',(-3.00333880993E-17,4.206437725963E-17,1.));
#240 = DIRECTION('',(0.945817241701,-0.324699469205,4.206437725963E-17)
  );
#241 = FACE_BOUND('',#242,.F.);
#242 = EDGE_LOOP('',(#243));
#243 = ORIENTED_EDGE('',*,*,#244,.F.);
#244 = EDGE_CURVE('',#245,#245,#247,.T.);
#245 = VERTEX_POINT('',#246);
#246 = CARTESIAN_POINT('',(18.839500894992,-3.143756674362,3.51));
#247 = CIRCLE('',#248,1.1);
#248 = AXIS2_PLACEMENT_3D('',#249,#250,#251);
#249 = CARTESIAN_POINT('',(17.754503461249,-2.962702625053,3.51));
#250 = DIRECTION('',(-1.675947088702E-17,1.978786988466E-17,1.));
#251 = DIRECTION('',(0.986361303403,-0.164594590281,1.978786988466E-17)
  );
#252 = FACE_BOUND('',#253,.F.);
#253 = EDGE_LOOP('',(#254));
#254 = ORIENTED_EDGE('',*,*,#255,.F.);
#255 = EDGE_CURVE('',#256,#256,#258,.T.);
#256 = VERTEX_POINT('',#257);
#257 = CARTESIAN_POINT('',(-19.1,2.339075386371E-15,3.51));
#258 = CIRCLE('',#259,1.1);
#259 = AXIS2_PLACEMENT_3D('',#260,#261,#262);
#260 = CARTESIAN_POINT('',(-18.,2.204364238465E-15,3.51));
#261 = DIRECTION('',(2.22044604925E-16,2.22044604925E-16,1.));
#262 = DIRECTION('',(-1.,1.224646799147E-16,2.22044604925E-16));
#263 = FACE_BOUND('',#264,.F.);
#264 = EDGE_LOOP('',(#265));
#265 = ORIENTED_EDGE('',*,*,#266,.F.);
#266 = EDGE_CURVE('',#267,#267,#269,.T.);
#267 = VERTEX_POINT('',#268);
#268 = CARTESIAN_POINT('',(-18.83950089499,3.143756674362,3.51));
#269 = CIRCLE('',#270,1.1);
#270 = AXIS2_PLACEMENT_3D('',#271,#272,#273);
#271 = CARTESIAN_POINT('',(-17.75450346124,2.962702625053,3.51));
#272 = DIRECTION('',(2.388040758121E-16,2.022567350404E-16,1.));
#273 = DIRECTION('',(-0.986361303403,0.164594590281,2.022567350404E-16)
  );
#274 = FACE_BOUND('',#275,.F.);
#275 = EDGE_LOOP('',(#276));
#276 = ORIENTED_EDGE('',*,*,#277,.F.);
#277 = EDGE_CURVE('',#278,#278,#280,.T.);
#278 = VERTEX_POINT('',#279);
#279 = CARTESIAN_POINT('',(-18.06510931648,6.201759861809,3.51));
#280 = CIRCLE('',#281,1.1);
#281 = AXIS2_PLACEMENT_3D('',#282,#283,#284);
#282 = CARTESIAN_POINT('',(-17.02471035061,5.844590445684,3.51));
#283 = DIRECTION('',(2.520779930243E-16,1.799802276654E-16,1.));
#284 = DIRECTION('',(-0.945817241701,0.324699469205,1.799802276654E-16)
  );
#285 = FACE_BOUND('',#286,.F.);
#286 = EDGE_LOOP('',(#287));
#287 = ORIENTED_EDGE('',*,*,#288,.F.);
#288 = EDGE_CURVE('',#289,#289,#291,.T.);
#289 = VERTEX_POINT('',#290);
#290 = CARTESIAN_POINT('',(-16.79794864804,9.090595207008,3.51));
#291 = CIRCLE('',#292,1.1);
#292 = AXIS2_PLACEMENT_3D('',#293,#294,#295);
#293 = CARTESIAN_POINT('',(-15.83052752171,8.567053074667,3.51));
#294 = DIRECTION('',(2.615042787028E-16,1.558227278508E-16,1.));
#295 = DIRECTION('',(-0.879473751206,0.475947393037,1.558227278508E-16)
  );
#296 = FACE_BOUND('',#297,.F.);
#297 = EDGE_LOOP('',(#298));
#298 = ORIENTED_EDGE('',*,*,#299,.T.);
#299 = EDGE_CURVE('',#300,#300,#302,.T.);
#300 = VERTEX_POINT('',#301);
#301 = CARTESIAN_POINT('',(16.,0.,3.51));
#302 = CIRCLE('',#303,16.);
#303 = AXIS2_PLACEMENT_3D('',#304,#305,#306);
#304 = CARTESIAN_POINT('',(0.,0.,3.51));
#305 = DIRECTION('',(0.,0.,-1.));
#306 = DIRECTION('',(1.,0.,0.));
#307 = FACE_BOUND('',#308,.F.);
#308 = EDGE_LOOP('',(#309));
#309 = ORIENTED_EDGE('',*,*,#310,.F.);
#310 = EDGE_CURVE('',#311,#311,#313,.T.);
#311 = VERTEX_POINT('',#312);
#312 = CARTESIAN_POINT('',(-15.07258372947,11.731462812373,3.51));
#313 = CIRCLE('',#314,1.1);
#314 = AXIS2_PLACEMENT_3D('',#315,#316,#317);
#315 = CARTESIAN_POINT('',(-14.20452916913,11.055828828414,3.51));
#316 = DIRECTION('',(2.668258083467E-16,1.304431892176E-16,1.));
#317 = DIRECTION('',(-0.789140509396,0.61421271269,1.304431892176E-16));
#318 = FACE_BOUND('',#319,.F.);
#319 = EDGE_LOOP('',(#320));
#320 = ORIENTED_EDGE('',*,*,#321,.F.);
#321 = EDGE_CURVE('',#322,#322,#324,.T.);
#322 = VERTEX_POINT('',#323);
#323 = CARTESIAN_POINT('',(-12.93607801805,14.052326693857,3.51));
#324 = CIRCLE('',#325,1.1);
#325 = AXIS2_PLACEMENT_3D('',#326,#327,#328);
#326 = CARTESIAN_POINT('',(-12.19106828926,13.243030392116,3.51));
#327 = DIRECTION('',(2.678974244995E-16,1.045338994202E-16,1.));
#328 = DIRECTION('',(-0.677281571626,0.735723910673,1.045338994202E-16)
  );
#329 = FACE_BOUND('',#330,.F.);
#330 = EDGE_LOOP('',(#331));
#331 = ORIENTED_EDGE('',*,*,#332,.F.);
#332 = EDGE_CURVE('',#333,#333,#335,.T.);
#333 = VERTEX_POINT('',#334);
#334 = CARTESIAN_POINT('',(-10.44670982013,15.989879734814,3.51));
#335 = CIRCLE('',#336,1.1);
#336 = AXIS2_PLACEMENT_3D('',#337,#338,#339);
#337 = CARTESIAN_POINT('',(-9.845066846204,15.068996608726,3.51));
#338 = DIRECTION('',(2.64689896266E-16,7.880159634376E-17,1.));
#339 = DIRECTION('',(-0.546948158122,0.837166478263,7.880159634376E-17)
  );
#340 = FACE_BOUND('',#341,.F.);
#341 = EDGE_LOOP('',(#342));
#342 = ORIENTED_EDGE('',*,*,#343,.F.);
#343 = EDGE_CURVE('',#344,#344,#346,.T.);
#344 = VERTEX_POINT('',#345);
#345 = CARTESIAN_POINT('',(-7.672382610872,17.491270539112,3.51));
#346 = CIRCLE('',#347,1.1);
#347 = AXIS2_PLACEMENT_3D('',#348,#349,#350);
#348 = CARTESIAN_POINT('',(-7.230517643753,16.483919879791,3.51));
#349 = DIRECTION('',(2.572907166551E-16,5.394819013714E-17,1.));
#350 = DIRECTION('',(-0.401695424653,0.915773326655,5.394819013714E-17)
  );
#351 = FACE_BOUND('',#352,.F.);
#352 = EDGE_LOOP('',(#353));
#353 = ORIENTED_EDGE('',*,*,#354,.F.);
#354 = EDGE_CURVE('',#355,#355,#357,.T.);
#355 = VERTEX_POINT('',#356);
#356 = CARTESIAN_POINT('',(-4.688772804389,18.515545079441,3.51));
#357 = CIRCLE('',#358,1.1);
#358 = AXIS2_PLACEMENT_3D('',#359,#360,#361);
#359 = CARTESIAN_POINT('',(-4.418738768534,17.449204786908,3.51));
#360 = DIRECTION('',(2.459017159984E-16,3.065161693366E-17,1.));
#361 = DIRECTION('',(-0.245485487141,0.969400265939,3.065161693366E-17)
  );
#362 = FACE_BOUND('',#363,.F.);
#363 = EDGE_LOOP('',(#364));
#364 = ORIENTED_EDGE('',*,*,#365,.F.);
#365 = EDGE_CURVE('',#366,#366,#368,.T.);
#366 = VERTEX_POINT('',#367);
#367 = CARTESIAN_POINT('',(-1.577265498522,19.034763816427,3.51));
#368 = CIRCLE('',#369,1.1);
#369 = AXIS2_PLACEMENT_3D('',#370,#371,#372);
#370 = CARTESIAN_POINT('',(-1.486428218502,17.93852087412,3.51));
#371 = DIRECTION('',(2.308335565447E-16,9.547346520662E-18,1.));
#372 = DIRECTION('',(-8.257934547233E-02,0.996584493007,
    9.547346520662E-18));
#373 = FACE_BOUND('',#374,.F.);
#374 = EDGE_LOOP('',(#375));
#375 = ORIENTED_EDGE('',*,*,#376,.F.);
#376 = EDGE_CURVE('',#377,#377,#379,.T.);
#377 = VERTEX_POINT('',#378);
#378 = CARTESIAN_POINT('',(19.1,0.,3.51));
#379 = CIRCLE('',#380,1.1);
#380 = AXIS2_PLACEMENT_3D('',#381,#382,#383);
#381 = CARTESIAN_POINT('',(18.,0.,3.51));
#382 = DIRECTION('',(0.,0.,1.));
#383 = DIRECTION('',(1.,0.,0.));
#384 = FACE_BOUND('',#385,.F.);
#385 = EDGE_LOOP('',(#386));
#386 = ORIENTED_EDGE('',*,*,#387,.F.);
#387 = EDGE_CURVE('',#388,#388,#390,.T.);
#388 = VERTEX_POINT('',#389);
#389 = CARTESIAN_POINT('',(18.839500894992,3.143756674362,3.51));
#390 = CIRCLE('',#391,1.1);
#391 = AXIS2_PLACEMENT_3D('',#392,#393,#394);
#392 = CARTESIAN_POINT('',(17.754503461249,2.962702625053,3.51));
#393 = DIRECTION('',(1.978786988466E-17,-1.675947088702E-17,1.));
#394 = DIRECTION('',(0.986361303403,0.164594590281,-1.675947088702E-17)
  );
#395 = FACE_BOUND('',#396,.F.);
#396 = EDGE_LOOP('',(#397));
#397 = ORIENTED_EDGE('',*,*,#398,.F.);
#398 = EDGE_CURVE('',#399,#399,#401,.T.);
#399 = VERTEX_POINT('',#400);
#400 = CARTESIAN_POINT('',(18.065109316482,6.201759861809,3.51));
#401 = CIRCLE('',#402,1.1);
#402 = AXIS2_PLACEMENT_3D('',#403,#404,#405);
#403 = CARTESIAN_POINT('',(17.024710350611,5.844590445684,3.51));
#404 = DIRECTION('',(4.206437725963E-17,-3.00333880993E-17,1.));
#405 = DIRECTION('',(0.945817241701,0.324699469205,-3.00333880993E-17));
#406 = FACE_BOUND('',#407,.F.);
#407 = EDGE_LOOP('',(#408));
#408 = ORIENTED_EDGE('',*,*,#409,.F.);
#409 = EDGE_CURVE('',#410,#410,#412,.T.);
#410 = VERTEX_POINT('',#411);
#411 = CARTESIAN_POINT('',(16.797948648044,9.090595207008,3.51));
#412 = CIRCLE('',#413,1.1);
#413 = AXIS2_PLACEMENT_3D('',#414,#415,#416);
#414 = CARTESIAN_POINT('',(15.830527521717,8.567053074667,3.51));
#415 = DIRECTION('',(6.622187707423E-17,-3.945967377778E-17,1.));
#416 = DIRECTION('',(0.879473751206,0.475947393037,-3.945967377778E-17)
  );
#417 = FACE_BOUND('',#418,.F.);
#418 = EDGE_LOOP('',(#419));
#419 = ORIENTED_EDGE('',*,*,#420,.F.);
#420 = EDGE_CURVE('',#421,#421,#423,.T.);
#421 = VERTEX_POINT('',#422);
#422 = CARTESIAN_POINT('',(1.577265498522,19.034763816427,3.51));
#423 = CIRCLE('',#424,1.1);
#424 = AXIS2_PLACEMENT_3D('',#425,#426,#427);
#425 = CARTESIAN_POINT('',(1.486428218502,17.93852087412,3.51));
#426 = DIRECTION('',(2.124972584044E-16,-8.78895161971E-18,1.));
#427 = DIRECTION('',(8.257934547233E-02,0.996584493007,
    -8.78895161971E-18));
#428 = FACE_BOUND('',#429,.F.);
#429 = EDGE_LOOP('',(#430));
#430 = ORIENTED_EDGE('',*,*,#431,.F.);
#431 = EDGE_CURVE('',#432,#432,#434,.T.);
#432 = VERTEX_POINT('',#433);
#433 = CARTESIAN_POINT('',(4.688772804389,18.515545079441,3.51));
#434 = CIRCLE('',#435,1.1);
#435 = AXIS2_PLACEMENT_3D('',#436,#437,#438);
#436 = CARTESIAN_POINT('',(4.418738768534,17.449204786908,3.51));
#437 = DIRECTION('',(1.913929879914E-16,-2.385711107335E-17,1.));
#438 = DIRECTION('',(0.245485487141,0.969400265939,-2.385711107335E-17)
  );
#439 = FACE_BOUND('',#440,.F.);
#440 = EDGE_LOOP('',(#441));
#441 = ORIENTED_EDGE('',*,*,#442,.F.);
#442 = EDGE_CURVE('',#443,#443,#445,.T.);
#443 = VERTEX_POINT('',#444);
#444 = CARTESIAN_POINT('',(7.672382610872,17.491270539112,3.51));
#445 = CIRCLE('',#446,1.1);
#446 = AXIS2_PLACEMENT_3D('',#447,#448,#449);
#447 = CARTESIAN_POINT('',(7.230517643753,16.483919879791,3.51));
#448 = DIRECTION('',(1.680964147879E-16,-3.524611173012E-17,1.));
#449 = DIRECTION('',(0.401695424653,0.915773326655,-3.524611173012E-17)
  );
#450 = FACE_BOUND('',#451,.F.);
#451 = EDGE_LOOP('',(#452));
#452 = ORIENTED_EDGE('',*,*,#453,.F.);
#453 = EDGE_CURVE('',#454,#454,#456,.T.);
#454 = VERTEX_POINT('',#455);
#455 = CARTESIAN_POINT('',(15.072583729471,11.731462812373,3.51));
#456 = CIRCLE('',#457,1.1);
#457 = AXIS2_PLACEMENT_3D('',#458,#459,#460);
#458 = CARTESIAN_POINT('',(14.204529169135,11.055828828414,3.51));
#459 = DIRECTION('',(9.160141570744E-17,-4.478120342167E-17,1.));
#460 = DIRECTION('',(0.789140509396,0.61421271269,-4.478120342167E-17));
#461 = FACE_BOUND('',#462,.F.);
#462 = EDGE_LOOP('',(#463));
#463 = ORIENTED_EDGE('',*,*,#464,.F.);
#464 = EDGE_CURVE('',#465,#465,#467,.T.);
#465 = VERTEX_POINT('',#466);
#466 = CARTESIAN_POINT('',(12.936078018052,14.052326693857,3.51));
#467 = CIRCLE('',#468,1.1);
#468 = AXIS2_PLACEMENT_3D('',#469,#470,#471);
#469 = CARTESIAN_POINT('',(12.191068289263,13.243030392116,3.51));
#470 = DIRECTION('',(1.175107055049E-16,-4.585281957446E-17,1.));
#471 = DIRECTION('',(0.677281571626,0.735723910673,-4.585281957446E-17)
  );
#472 = FACE_BOUND('',#473,.F.);
#473 = EDGE_LOOP('',(#474));
#474 = ORIENTED_EDGE('',*,*,#475,.F.);
#475 = EDGE_CURVE('',#476,#476,#478,.T.);
#476 = VERTEX_POINT('',#477);
#477 = CARTESIAN_POINT('',(10.446709820138,15.989879734814,3.51));
#478 = CIRCLE('',#479,1.1);
#479 = AXIS2_PLACEMENT_3D('',#480,#481,#482);
#480 = CARTESIAN_POINT('',(9.845066846204,15.068996608726,3.51));
#481 = DIRECTION('',(1.432430085813E-16,-4.264529134101E-17,1.));
#482 = DIRECTION('',(0.546948158122,0.837166478263,-4.264529134101E-17)
  );
#483 = PLANE('',#484);
#484 = AXIS2_PLACEMENT_3D('',#485,#486,#487);
#485 = CARTESIAN_POINT('',(-9.597474245049E-16,3.992858139769E-16,3.51)
  );
#486 = DIRECTION('',(0.,0.,1.));
#487 = DIRECTION('',(1.,0.,0.));
#488 = ADVANCED_FACE('',(#489,#492,#503,#514,#525,#536,#547,#558,#569,
    #580,#591,#602,#613,#624,#635,#646,#657,#668,#679,#690,#701,#712,
    #723,#734,#745,#756,#767,#778,#789,#800,#829,#840,#851,#862,#873,
    #884,#895,#906,#917,#928),#939,.T.);
#489 = FACE_BOUND('',#490,.T.);
#490 = EDGE_LOOP('',(#491));
#491 = ORIENTED_EDGE('',*,*,#31,.T.);
#492 = FACE_BOUND('',#493,.T.);
#493 = EDGE_LOOP('',(#494));
#494 = ORIENTED_EDGE('',*,*,#495,.T.);
#495 = EDGE_CURVE('',#496,#496,#498,.T.);
#496 = VERTEX_POINT('',#497);
#497 = CARTESIAN_POINT('',(-10.44670982013,-15.98987973481,5.51));
#498 = CIRCLE('',#499,1.1);
#499 = AXIS2_PLACEMENT_3D('',#500,#501,#502);
#500 = CARTESIAN_POINT('',(-9.845066846204,-15.06899660872,5.51));
#501 = DIRECTION('',(-7.880159634376E-17,-2.64689896266E-16,-1.));
#502 = DIRECTION('',(-0.546948158122,-0.837166478263,2.64689896266E-16)
  );
#503 = FACE_BOUND('',#504,.T.);
#504 = EDGE_LOOP('',(#505));
#505 = ORIENTED_EDGE('',*,*,#506,.T.);
#506 = EDGE_CURVE('',#507,#507,#509,.T.);
#507 = VERTEX_POINT('',#508);
#508 = CARTESIAN_POINT('',(-12.93607801805,-14.05232669385,5.51));
#509 = CIRCLE('',#510,1.1);
#510 = AXIS2_PLACEMENT_3D('',#511,#512,#513);
#511 = CARTESIAN_POINT('',(-12.19106828926,-13.24303039211,5.51));
#512 = DIRECTION('',(-1.045338994202E-16,-2.678974244995E-16,-1.));
#513 = DIRECTION('',(-0.677281571626,-0.735723910673,2.678974244995E-16)
  );
#514 = FACE_BOUND('',#515,.T.);
#515 = EDGE_LOOP('',(#516));
#516 = ORIENTED_EDGE('',*,*,#517,.T.);
#517 = EDGE_CURVE('',#518,#518,#520,.T.);
#518 = VERTEX_POINT('',#519);
#519 = CARTESIAN_POINT('',(-15.07258372947,-11.73146281237,5.51));
#520 = CIRCLE('',#521,1.1);
#521 = AXIS2_PLACEMENT_3D('',#522,#523,#524);
#522 = CARTESIAN_POINT('',(-14.20452916913,-11.05582882841,5.51));
#523 = DIRECTION('',(-1.304431892176E-16,-2.668258083467E-16,-1.));
#524 = DIRECTION('',(-0.789140509396,-0.61421271269,2.668258083467E-16)
  );
#525 = FACE_BOUND('',#526,.T.);
#526 = EDGE_LOOP('',(#527));
#527 = ORIENTED_EDGE('',*,*,#528,.T.);
#528 = EDGE_CURVE('',#529,#529,#531,.T.);
#529 = VERTEX_POINT('',#530);
#530 = CARTESIAN_POINT('',(-7.672382610872,-17.49127053911,5.51));
#531 = CIRCLE('',#532,1.1);
#532 = AXIS2_PLACEMENT_3D('',#533,#534,#535);
#533 = CARTESIAN_POINT('',(-7.230517643753,-16.48391987979,5.51));
#534 = DIRECTION('',(-5.394819013714E-17,-2.572907166551E-16,-1.));
#535 = DIRECTION('',(-0.401695424653,-0.915773326655,2.572907166551E-16)
  );
#536 = FACE_BOUND('',#537,.T.);
#537 = EDGE_LOOP('',(#538));
#538 = ORIENTED_EDGE('',*,*,#539,.T.);
#539 = EDGE_CURVE('',#540,#540,#542,.T.);
#540 = VERTEX_POINT('',#541);
#541 = CARTESIAN_POINT('',(-4.688772804389,-18.51554507944,5.51));
#542 = CIRCLE('',#543,1.1);
#543 = AXIS2_PLACEMENT_3D('',#544,#545,#546);
#544 = CARTESIAN_POINT('',(-4.418738768534,-17.4492047869,5.51));
#545 = DIRECTION('',(-3.065161693366E-17,-2.459017159984E-16,-1.));
#546 = DIRECTION('',(-0.245485487141,-0.969400265939,2.459017159984E-16)
  );
#547 = FACE_BOUND('',#548,.T.);
#548 = EDGE_LOOP('',(#549));
#549 = ORIENTED_EDGE('',*,*,#550,.T.);
#550 = EDGE_CURVE('',#551,#551,#553,.T.);
#551 = VERTEX_POINT('',#552);
#552 = CARTESIAN_POINT('',(-1.577265498522,-19.03476381642,5.51));
#553 = CIRCLE('',#554,1.1);
#554 = AXIS2_PLACEMENT_3D('',#555,#556,#557);
#555 = CARTESIAN_POINT('',(-1.486428218502,-17.93852087412,5.51));
#556 = DIRECTION('',(-9.547346520662E-18,-2.308335565447E-16,-1.));
#557 = DIRECTION('',(-8.257934547233E-02,-0.996584493007,
    2.308335565447E-16));
#558 = FACE_BOUND('',#559,.T.);
#559 = EDGE_LOOP('',(#560));
#560 = ORIENTED_EDGE('',*,*,#561,.T.);
#561 = EDGE_CURVE('',#562,#562,#564,.T.);
#562 = VERTEX_POINT('',#563);
#563 = CARTESIAN_POINT('',(-16.79794864804,-9.090595207008,5.51));
#564 = CIRCLE('',#565,1.1);
#565 = AXIS2_PLACEMENT_3D('',#566,#567,#568);
#566 = CARTESIAN_POINT('',(-15.83052752171,-8.567053074667,5.51));
#567 = DIRECTION('',(-1.558227278508E-16,-2.615042787028E-16,-1.));
#568 = DIRECTION('',(-0.879473751206,-0.475947393037,2.615042787028E-16)
  );
#569 = FACE_BOUND('',#570,.T.);
#570 = EDGE_LOOP('',(#571));
#571 = ORIENTED_EDGE('',*,*,#572,.T.);
#572 = EDGE_CURVE('',#573,#573,#575,.T.);
#573 = VERTEX_POINT('',#574);
#574 = CARTESIAN_POINT('',(-18.06510931648,-6.201759861809,5.51));
#575 = CIRCLE('',#576,1.1);
#576 = AXIS2_PLACEMENT_3D('',#577,#578,#579);
#577 = CARTESIAN_POINT('',(-17.02471035061,-5.844590445684,5.51));
#578 = DIRECTION('',(-1.799802276654E-16,-2.520779930243E-16,-1.));
#579 = DIRECTION('',(-0.945817241701,-0.324699469205,2.520779930243E-16)
  );
#580 = FACE_BOUND('',#581,.T.);
#581 = EDGE_LOOP('',(#582));
#582 = ORIENTED_EDGE('',*,*,#583,.T.);
#583 = EDGE_CURVE('',#584,#584,#586,.T.);
#584 = VERTEX_POINT('',#585);
#585 = CARTESIAN_POINT('',(-18.83950089499,-3.143756674362,5.51));
#586 = CIRCLE('',#587,1.1);
#587 = AXIS2_PLACEMENT_3D('',#588,#589,#590);
#588 = CARTESIAN_POINT('',(-17.75450346124,-2.962702625053,5.51));
#589 = DIRECTION('',(-2.022567350404E-16,-2.388040758121E-16,-1.));
#590 = DIRECTION('',(-0.986361303403,-0.164594590281,2.388040758121E-16)
  );
#591 = FACE_BOUND('',#592,.T.);
#592 = EDGE_LOOP('',(#593));
#593 = ORIENTED_EDGE('',*,*,#594,.T.);
#594 = EDGE_CURVE('',#595,#595,#597,.T.);
#595 = VERTEX_POINT('',#596);
#596 = CARTESIAN_POINT('',(1.577265498522,-19.03476381642,5.51));
#597 = CIRCLE('',#598,1.1);
#598 = AXIS2_PLACEMENT_3D('',#599,#600,#601);
#599 = CARTESIAN_POINT('',(1.486428218502,-17.93852087412,5.51));
#600 = DIRECTION('',(8.78895161971E-18,-2.124972584044E-16,-1.));
#601 = DIRECTION('',(8.257934547233E-02,-0.996584493007,
    2.124972584044E-16));
#602 = FACE_BOUND('',#603,.T.);
#603 = EDGE_LOOP('',(#604));
#604 = ORIENTED_EDGE('',*,*,#605,.T.);
#605 = EDGE_CURVE('',#606,#606,#608,.T.);
#606 = VERTEX_POINT('',#607);
#607 = CARTESIAN_POINT('',(4.688772804389,-18.51554507944,5.51));
#608 = CIRCLE('',#609,1.1);
#609 = AXIS2_PLACEMENT_3D('',#610,#611,#612);
#610 = CARTESIAN_POINT('',(4.418738768534,-17.4492047869,5.51));
#611 = DIRECTION('',(2.385711107335E-17,-1.913929879914E-16,-1.));
#612 = DIRECTION('',(0.245485487141,-0.969400265939,1.913929879914E-16)
  );
#613 = FACE_BOUND('',#614,.T.);
#614 = EDGE_LOOP('',(#615));
#615 = ORIENTED_EDGE('',*,*,#616,.T.);
#616 = EDGE_CURVE('',#617,#617,#619,.T.);
#617 = VERTEX_POINT('',#618);
#618 = CARTESIAN_POINT('',(7.672382610872,-17.49127053911,5.51));
#619 = CIRCLE('',#620,1.1);
#620 = AXIS2_PLACEMENT_3D('',#621,#622,#623);
#621 = CARTESIAN_POINT('',(7.230517643753,-16.48391987979,5.51));
#622 = DIRECTION('',(3.524611173012E-17,-1.680964147879E-16,-1.));
#623 = DIRECTION('',(0.401695424653,-0.915773326655,1.680964147879E-16)
  );
#624 = FACE_BOUND('',#625,.T.);
#625 = EDGE_LOOP('',(#626));
#626 = ORIENTED_EDGE('',*,*,#627,.T.);
#627 = EDGE_CURVE('',#628,#628,#630,.T.);
#628 = VERTEX_POINT('',#629);
#629 = CARTESIAN_POINT('',(10.446709820138,-15.98987973481,5.51));
#630 = CIRCLE('',#631,1.1);
#631 = AXIS2_PLACEMENT_3D('',#632,#633,#634);
#632 = CARTESIAN_POINT('',(9.845066846204,-15.06899660872,5.51));
#633 = DIRECTION('',(4.264529134101E-17,-1.432430085813E-16,-1.));
#634 = DIRECTION('',(0.546948158122,-0.837166478263,1.432430085813E-16)
  );
#635 = FACE_BOUND('',#636,.T.);
#636 = EDGE_LOOP('',(#637));
#637 = ORIENTED_EDGE('',*,*,#638,.T.);
#638 = EDGE_CURVE('',#639,#639,#641,.T.);
#639 = VERTEX_POINT('',#640);
#640 = CARTESIAN_POINT('',(12.936078018052,-14.05232669385,5.51));
#641 = CIRCLE('',#642,1.1);
#642 = AXIS2_PLACEMENT_3D('',#643,#644,#645);
#643 = CARTESIAN_POINT('',(12.191068289263,-13.24303039211,5.51));
#644 = DIRECTION('',(4.585281957446E-17,-1.175107055049E-16,-1.));
#645 = DIRECTION('',(0.677281571626,-0.735723910673,1.175107055049E-16)
  );
#646 = FACE_BOUND('',#647,.T.);
#647 = EDGE_LOOP('',(#648));
#648 = ORIENTED_EDGE('',*,*,#649,.T.);
#649 = EDGE_CURVE('',#650,#650,#652,.T.);
#650 = VERTEX_POINT('',#651);
#651 = CARTESIAN_POINT('',(15.072583729471,-11.73146281237,5.51));
#652 = CIRCLE('',#653,1.1);
#653 = AXIS2_PLACEMENT_3D('',#654,#655,#656);
#654 = CARTESIAN_POINT('',(14.204529169135,-11.05582882841,5.51));
#655 = DIRECTION('',(4.478120342167E-17,-9.160141570744E-17,-1.));
#656 = DIRECTION('',(0.789140509396,-0.61421271269,9.160141570744E-17));
#657 = FACE_BOUND('',#658,.T.);
#658 = EDGE_LOOP('',(#659));
#659 = ORIENTED_EDGE('',*,*,#660,.T.);
#660 = EDGE_CURVE('',#661,#661,#663,.T.);
#661 = VERTEX_POINT('',#662);
#662 = CARTESIAN_POINT('',(16.797948648044,-9.090595207008,5.51));
#663 = CIRCLE('',#664,1.1);
#664 = AXIS2_PLACEMENT_3D('',#665,#666,#667);
#665 = CARTESIAN_POINT('',(15.830527521717,-8.567053074667,5.51));
#666 = DIRECTION('',(3.945967377778E-17,-6.622187707423E-17,-1.));
#667 = DIRECTION('',(0.879473751206,-0.475947393037,6.622187707423E-17)
  );
#668 = FACE_BOUND('',#669,.T.);
#669 = EDGE_LOOP('',(#670));
#670 = ORIENTED_EDGE('',*,*,#671,.T.);
#671 = EDGE_CURVE('',#672,#672,#674,.T.);
#672 = VERTEX_POINT('',#673);
#673 = CARTESIAN_POINT('',(18.065109316482,-6.201759861809,5.51));
#674 = CIRCLE('',#675,1.1);
#675 = AXIS2_PLACEMENT_3D('',#676,#677,#678);
#676 = CARTESIAN_POINT('',(17.024710350611,-5.844590445684,5.51));
#677 = DIRECTION('',(3.00333880993E-17,-4.206437725963E-17,-1.));
#678 = DIRECTION('',(0.945817241701,-0.324699469205,4.206437725963E-17)
  );
#679 = FACE_BOUND('',#680,.T.);
#680 = EDGE_LOOP('',(#681));
#681 = ORIENTED_EDGE('',*,*,#682,.T.);
#682 = EDGE_CURVE('',#683,#683,#685,.T.);
#683 = VERTEX_POINT('',#684);
#684 = CARTESIAN_POINT('',(18.839500894992,-3.143756674362,5.51));
#685 = CIRCLE('',#686,1.1);
#686 = AXIS2_PLACEMENT_3D('',#687,#688,#689);
#687 = CARTESIAN_POINT('',(17.754503461249,-2.962702625053,5.51));
#688 = DIRECTION('',(1.675947088702E-17,-1.978786988466E-17,-1.));
#689 = DIRECTION('',(0.986361303403,-0.164594590281,1.978786988466E-17)
  );
#690 = FACE_BOUND('',#691,.T.);
#691 = EDGE_LOOP('',(#692));
#692 = ORIENTED_EDGE('',*,*,#693,.T.);
#693 = EDGE_CURVE('',#694,#694,#696,.T.);
#694 = VERTEX_POINT('',#695);
#695 = CARTESIAN_POINT('',(-19.1,2.783164596222E-15,5.51));
#696 = CIRCLE('',#697,1.1);
#697 = AXIS2_PLACEMENT_3D('',#698,#699,#700);
#698 = CARTESIAN_POINT('',(-18.,2.648453448315E-15,5.51));
#699 = DIRECTION('',(-2.22044604925E-16,-2.22044604925E-16,-1.));
#700 = DIRECTION('',(-1.,1.224646799147E-16,2.22044604925E-16));
#701 = FACE_BOUND('',#702,.T.);
#702 = EDGE_LOOP('',(#703));
#703 = ORIENTED_EDGE('',*,*,#704,.T.);
#704 = EDGE_CURVE('',#705,#705,#707,.T.);
#705 = VERTEX_POINT('',#706);
#706 = CARTESIAN_POINT('',(-18.83950089499,3.143756674362,5.51));
#707 = CIRCLE('',#708,1.1);
#708 = AXIS2_PLACEMENT_3D('',#709,#710,#711);
#709 = CARTESIAN_POINT('',(-17.75450346124,2.962702625053,5.51));
#710 = DIRECTION('',(-2.388040758121E-16,-2.022567350404E-16,-1.));
#711 = DIRECTION('',(-0.986361303403,0.164594590281,2.022567350404E-16)
  );
#712 = FACE_BOUND('',#713,.T.);
#713 = EDGE_LOOP('',(#714));
#714 = ORIENTED_EDGE('',*,*,#715,.T.);
#715 = EDGE_CURVE('',#716,#716,#718,.T.);
#716 = VERTEX_POINT('',#717);
#717 = CARTESIAN_POINT('',(-18.06510931648,6.201759861809,5.51));
#718 = CIRCLE('',#719,1.1);
#719 = AXIS2_PLACEMENT_3D('',#720,#721,#722);
#720 = CARTESIAN_POINT('',(-17.02471035061,5.844590445684,5.51));
#721 = DIRECTION('',(-2.520779930243E-16,-1.799802276654E-16,-1.));
#722 = DIRECTION('',(-0.945817241701,0.324699469205,1.799802276654E-16)
  );
#723 = FACE_BOUND('',#724,.T.);
#724 = EDGE_LOOP('',(#725));
#725 = ORIENTED_EDGE('',*,*,#726,.T.);
#726 = EDGE_CURVE('',#727,#727,#729,.T.);
#727 = VERTEX_POINT('',#728);
#728 = CARTESIAN_POINT('',(-16.79794864804,9.090595207008,5.51));
#729 = CIRCLE('',#730,1.1);
#730 = AXIS2_PLACEMENT_3D('',#731,#732,#733);
#731 = CARTESIAN_POINT('',(-15.83052752171,8.567053074667,5.51));
#732 = DIRECTION('',(-2.615042787028E-16,-1.558227278508E-16,-1.));
#733 = DIRECTION('',(-0.879473751206,0.475947393037,1.558227278508E-16)
  );
#734 = FACE_BOUND('',#735,.T.);
#735 = EDGE_LOOP('',(#736));
#736 = ORIENTED_EDGE('',*,*,#737,.T.);
#737 = EDGE_CURVE('',#738,#738,#740,.T.);
#738 = VERTEX_POINT('',#739);
#739 = CARTESIAN_POINT('',(-15.07258372947,11.731462812373,5.51));
#740 = CIRCLE('',#741,1.1);
#741 = AXIS2_PLACEMENT_3D('',#742,#743,#744);
#742 = CARTESIAN_POINT('',(-14.20452916913,11.055828828414,5.51));
#743 = DIRECTION('',(-2.668258083467E-16,-1.304431892176E-16,-1.));
#744 = DIRECTION('',(-0.789140509396,0.61421271269,1.304431892176E-16));
#745 = FACE_BOUND('',#746,.T.);
#746 = EDGE_LOOP('',(#747));
#747 = ORIENTED_EDGE('',*,*,#748,.T.);
#748 = EDGE_CURVE('',#749,#749,#751,.T.);
#749 = VERTEX_POINT('',#750);
#750 = CARTESIAN_POINT('',(-12.93607801805,14.052326693857,5.51));
#751 = CIRCLE('',#752,1.1);
#752 = AXIS2_PLACEMENT_3D('',#753,#754,#755);
#753 = CARTESIAN_POINT('',(-12.19106828926,13.243030392116,5.51));
#754 = DIRECTION('',(-2.678974244995E-16,-1.045338994202E-16,-1.));
#755 = DIRECTION('',(-0.677281571626,0.735723910673,1.045338994202E-16)
  );
#756 = FACE_BOUND('',#757,.T.);
#757 = EDGE_LOOP('',(#758));
#758 = ORIENTED_EDGE('',*,*,#759,.T.);
#759 = EDGE_CURVE('',#760,#760,#762,.T.);
#760 = VERTEX_POINT('',#761);
#761 = CARTESIAN_POINT('',(-10.44670982013,15.989879734814,5.51));
#762 = CIRCLE('',#763,1.1);
#763 = AXIS2_PLACEMENT_3D('',#764,#765,#766);
#764 = CARTESIAN_POINT('',(-9.845066846204,15.068996608726,5.51));
#765 = DIRECTION('',(-2.64689896266E-16,-7.880159634376E-17,-1.));
#766 = DIRECTION('',(-0.546948158122,0.837166478263,7.880159634376E-17)
  );
#767 = FACE_BOUND('',#768,.T.);
#768 = EDGE_LOOP('',(#769));
#769 = ORIENTED_EDGE('',*,*,#770,.T.);
#770 = EDGE_CURVE('',#771,#771,#773,.T.);
#771 = VERTEX_POINT('',#772);
#772 = CARTESIAN_POINT('',(-7.672382610872,17.491270539112,5.51));
#773 = CIRCLE('',#774,1.1);
#774 = AXIS2_PLACEMENT_3D('',#775,#776,#777);
#775 = CARTESIAN_POINT('',(-7.230517643753,16.483919879791,5.51));
#776 = DIRECTION('',(-2.572907166551E-16,-5.394819013714E-17,-1.));
#777 = DIRECTION('',(-0.401695424653,0.915773326655,5.394819013714E-17)
  );
#778 = FACE_BOUND('',#779,.T.);
#779 = EDGE_LOOP('',(#780));
#780 = ORIENTED_EDGE('',*,*,#781,.T.);
#781 = EDGE_CURVE('',#782,#782,#784,.T.);
#782 = VERTEX_POINT('',#783);
#783 = CARTESIAN_POINT('',(-4.688772804389,18.515545079441,5.51));
#784 = CIRCLE('',#785,1.1);
#785 = AXIS2_PLACEMENT_3D('',#786,#787,#788);
#786 = CARTESIAN_POINT('',(-4.418738768534,17.449204786908,5.51));
#787 = DIRECTION('',(-2.459017159984E-16,-3.065161693366E-17,-1.));
#788 = DIRECTION('',(-0.245485487141,0.969400265939,3.065161693366E-17)
  );
#789 = FACE_BOUND('',#790,.T.);
#790 = EDGE_LOOP('',(#791));
#791 = ORIENTED_EDGE('',*,*,#792,.T.);
#792 = EDGE_CURVE('',#793,#793,#795,.T.);
#793 = VERTEX_POINT('',#794);
#794 = CARTESIAN_POINT('',(-1.577265498522,19.034763816427,5.51));
#795 = CIRCLE('',#796,1.1);
#796 = AXIS2_PLACEMENT_3D('',#797,#798,#799);
#797 = CARTESIAN_POINT('',(-1.486428218502,17.93852087412,5.51));
#798 = DIRECTION('',(-2.308335565447E-16,-9.547346520662E-18,-1.));
#799 = DIRECTION('',(-8.257934547233E-02,0.996584493007,
    9.547346520662E-18));
#800 = FACE_BOUND('',#801,.T.);
#801 = EDGE_LOOP('',(#802,#813,#822));
#802 = ORIENTED_EDGE('',*,*,#803,.F.);
#803 = EDGE_CURVE('',#804,#806,#808,.T.);
#804 = VERTEX_POINT('',#805);
#805 = CARTESIAN_POINT('',(14.973211092715,0.896074535398,5.51));
#806 = VERTEX_POINT('',#807);
#807 = CARTESIAN_POINT('',(14.973211092715,-0.896074535398,5.51));
#808 = CIRCLE('',#809,15.);
#809 = AXIS2_PLACEMENT_3D('',#810,#811,#812);
#810 = CARTESIAN_POINT('',(0.,0.,5.51));
#811 = DIRECTION('',(0.,0.,1.));
#812 = DIRECTION('',(1.,0.,0.));
#813 = ORIENTED_EDGE('',*,*,#814,.F.);
#814 = EDGE_CURVE('',#815,#804,#817,.T.);
#815 = VERTEX_POINT('',#816);
#816 = CARTESIAN_POINT('',(16.005,0.,5.51));
#817 = CIRCLE('',#818,0.905);
#818 = AXIS2_PLACEMENT_3D('',#819,#820,#821);
#819 = CARTESIAN_POINT('',(15.1,0.,5.51));
#820 = DIRECTION('',(0.,0.,1.));
#821 = DIRECTION('',(1.,0.,0.));
#822 = ORIENTED_EDGE('',*,*,#823,.F.);
#823 = EDGE_CURVE('',#806,#815,#824,.T.);
#824 = CIRCLE('',#825,0.905);
#825 = AXIS2_PLACEMENT_3D('',#826,#827,#828);
#826 = CARTESIAN_POINT('',(15.1,0.,5.51));
#827 = DIRECTION('',(0.,0.,1.));
#828 = DIRECTION('',(1.,0.,0.));
#829 = FACE_BOUND('',#830,.T.);
#830 = EDGE_LOOP('',(#831));
#831 = ORIENTED_EDGE('',*,*,#832,.T.);
#832 = EDGE_CURVE('',#833,#833,#835,.T.);
#833 = VERTEX_POINT('',#834);
#834 = CARTESIAN_POINT('',(19.1,0.,5.51));
#835 = CIRCLE('',#836,1.1);
#836 = AXIS2_PLACEMENT_3D('',#837,#838,#839);
#837 = CARTESIAN_POINT('',(18.,0.,5.51));
#838 = DIRECTION('',(0.,0.,-1.));
#839 = DIRECTION('',(1.,0.,0.));
#840 = FACE_BOUND('',#841,.T.);
#841 = EDGE_LOOP('',(#842));
#842 = ORIENTED_EDGE('',*,*,#843,.T.);
#843 = EDGE_CURVE('',#844,#844,#846,.T.);
#844 = VERTEX_POINT('',#845);
#845 = CARTESIAN_POINT('',(18.839500894992,3.143756674362,5.51));
#846 = CIRCLE('',#847,1.1);
#847 = AXIS2_PLACEMENT_3D('',#848,#849,#850);
#848 = CARTESIAN_POINT('',(17.754503461249,2.962702625053,5.51));
#849 = DIRECTION('',(-1.978786988466E-17,1.675947088702E-17,-1.));
#850 = DIRECTION('',(0.986361303403,0.164594590281,-1.675947088702E-17)
  );
#851 = FACE_BOUND('',#852,.T.);
#852 = EDGE_LOOP('',(#853));
#853 = ORIENTED_EDGE('',*,*,#854,.T.);
#854 = EDGE_CURVE('',#855,#855,#857,.T.);
#855 = VERTEX_POINT('',#856);
#856 = CARTESIAN_POINT('',(18.065109316482,6.201759861809,5.51));
#857 = CIRCLE('',#858,1.1);
#858 = AXIS2_PLACEMENT_3D('',#859,#860,#861);
#859 = CARTESIAN_POINT('',(17.024710350611,5.844590445684,5.51));
#860 = DIRECTION('',(-4.206437725963E-17,3.00333880993E-17,-1.));
#861 = DIRECTION('',(0.945817241701,0.324699469205,-3.00333880993E-17));
#862 = FACE_BOUND('',#863,.T.);
#863 = EDGE_LOOP('',(#864));
#864 = ORIENTED_EDGE('',*,*,#865,.T.);
#865 = EDGE_CURVE('',#866,#866,#868,.T.);
#866 = VERTEX_POINT('',#867);
#867 = CARTESIAN_POINT('',(16.797948648044,9.090595207008,5.51));
#868 = CIRCLE('',#869,1.1);
#869 = AXIS2_PLACEMENT_3D('',#870,#871,#872);
#870 = CARTESIAN_POINT('',(15.830527521717,8.567053074667,5.51));
#871 = DIRECTION('',(-6.622187707423E-17,3.945967377778E-17,-1.));
#872 = DIRECTION('',(0.879473751206,0.475947393037,-3.945967377778E-17)
  );
#873 = FACE_BOUND('',#874,.T.);
#874 = EDGE_LOOP('',(#875));
#875 = ORIENTED_EDGE('',*,*,#876,.T.);
#876 = EDGE_CURVE('',#877,#877,#879,.T.);
#877 = VERTEX_POINT('',#878);
#878 = CARTESIAN_POINT('',(1.577265498522,19.034763816427,5.51));
#879 = CIRCLE('',#880,1.1);
#880 = AXIS2_PLACEMENT_3D('',#881,#882,#883);
#881 = CARTESIAN_POINT('',(1.486428218502,17.93852087412,5.51));
#882 = DIRECTION('',(-2.124972584044E-16,8.78895161971E-18,-1.));
#883 = DIRECTION('',(8.257934547233E-02,0.996584493007,
    -8.78895161971E-18));
#884 = FACE_BOUND('',#885,.T.);
#885 = EDGE_LOOP('',(#886));
#886 = ORIENTED_EDGE('',*,*,#887,.T.);
#887 = EDGE_CURVE('',#888,#888,#890,.T.);
#888 = VERTEX_POINT('',#889);
#889 = CARTESIAN_POINT('',(4.688772804389,18.515545079441,5.51));
#890 = CIRCLE('',#891,1.1);
#891 = AXIS2_PLACEMENT_3D('',#892,#893,#894);
#892 = CARTESIAN_POINT('',(4.418738768534,17.449204786908,5.51));
#893 = DIRECTION('',(-1.913929879914E-16,2.385711107335E-17,-1.));
#894 = DIRECTION('',(0.245485487141,0.969400265939,-2.385711107335E-17)
  );
#895 = FACE_BOUND('',#896,.T.);
#896 = EDGE_LOOP('',(#897));
#897 = ORIENTED_EDGE('',*,*,#898,.T.);
#898 = EDGE_CURVE('',#899,#899,#901,.T.);
#899 = VERTEX_POINT('',#900);
#900 = CARTESIAN_POINT('',(7.672382610872,17.491270539112,5.51));
#901 = CIRCLE('',#902,1.1);
#902 = AXIS2_PLACEMENT_3D('',#903,#904,#905);
#903 = CARTESIAN_POINT('',(7.230517643753,16.483919879791,5.51));
#904 = DIRECTION('',(-1.680964147879E-16,3.524611173012E-17,-1.));
#905 = DIRECTION('',(0.401695424653,0.915773326655,-3.524611173012E-17)
  );
#906 = FACE_BOUND('',#907,.T.);
#907 = EDGE_LOOP('',(#908));
#908 = ORIENTED_EDGE('',*,*,#909,.T.);
#909 = EDGE_CURVE('',#910,#910,#912,.T.);
#910 = VERTEX_POINT('',#911);
#911 = CARTESIAN_POINT('',(15.072583729471,11.731462812373,5.51));
#912 = CIRCLE('',#913,1.1);
#913 = AXIS2_PLACEMENT_3D('',#914,#915,#916);
#914 = CARTESIAN_POINT('',(14.204529169135,11.055828828414,5.51));
#915 = DIRECTION('',(-9.160141570744E-17,4.478120342167E-17,-1.));
#916 = DIRECTION('',(0.789140509396,0.61421271269,-4.478120342167E-17));
#917 = FACE_BOUND('',#918,.T.);
#918 = EDGE_LOOP('',(#919));
#919 = ORIENTED_EDGE('',*,*,#920,.T.);
#920 = EDGE_CURVE('',#921,#921,#923,.T.);
#921 = VERTEX_POINT('',#922);
#922 = CARTESIAN_POINT('',(12.936078018052,14.052326693857,5.51));
#923 = CIRCLE('',#924,1.1);
#924 = AXIS2_PLACEMENT_3D('',#925,#926,#927);
#925 = CARTESIAN_POINT('',(12.191068289263,13.243030392116,5.51));
#926 = DIRECTION('',(-1.175107055049E-16,4.585281957446E-17,-1.));
#927 = DIRECTION('',(0.677281571626,0.735723910673,-4.585281957446E-17)
  );
#928 = FACE_BOUND('',#929,.T.);
#929 = EDGE_LOOP('',(#930));
#930 = ORIENTED_EDGE('',*,*,#931,.T.);
#931 = EDGE_CURVE('',#932,#932,#934,.T.);
#932 = VERTEX_POINT('',#933);
#933 = CARTESIAN_POINT('',(10.446709820138,15.989879734814,5.51));
#934 = CIRCLE('',#935,1.1);
#935 = AXIS2_PLACEMENT_3D('',#936,#937,#938);
#936 = CARTESIAN_POINT('',(9.845066846204,15.068996608726,5.51));
#937 = DIRECTION('',(-1.432430085813E-16,4.264529134101E-17,-1.));
#938 = DIRECTION('',(0.546948158122,0.837166478263,-4.264529134101E-17)
  );
#939 = PLANE('',#940);
#940 = AXIS2_PLACEMENT_3D('',#941,#942,#943);
#941 = CARTESIAN_POINT('',(-9.597474245049E-16,3.992858139769E-16,5.51)
  );
#942 = DIRECTION('',(0.,0.,1.));
#943 = DIRECTION('',(1.,0.,0.));
#944 = ADVANCED_FACE('',(#945),#956,.F.);
#945 = FACE_BOUND('',#946,.T.);
#946 = EDGE_LOOP('',(#947,#948,#954,#955));
#947 = ORIENTED_EDGE('',*,*,#57,.F.);
#948 = ORIENTED_EDGE('',*,*,#949,.T.);
#949 = EDGE_CURVE('',#58,#496,#950,.T.);
#950 = LINE('',#951,#952);
#951 = CARTESIAN_POINT('',(-10.44670982013,-15.98987973481,3.51));
#952 = VECTOR('',#953,1.);
#953 = DIRECTION('',(7.880159634376E-17,2.64689896266E-16,1.));
#954 = ORIENTED_EDGE('',*,*,#495,.F.);
#955 = ORIENTED_EDGE('',*,*,#949,.F.);
#956 = CYLINDRICAL_SURFACE('',#957,1.1);
#957 = AXIS2_PLACEMENT_3D('',#958,#959,#960);
#958 = CARTESIAN_POINT('',(-9.845066846204,-15.06899660872,3.51));
#959 = DIRECTION('',(-7.880159634376E-17,-2.64689896266E-16,-1.));
#960 = DIRECTION('',(-0.546948158122,-0.837166478263,2.64689896266E-16)
  );
#961 = ADVANCED_FACE('',(#962),#973,.F.);
#962 = FACE_BOUND('',#963,.T.);
#963 = EDGE_LOOP('',(#964,#965,#971,#972));
#964 = ORIENTED_EDGE('',*,*,#68,.F.);
#965 = ORIENTED_EDGE('',*,*,#966,.T.);
#966 = EDGE_CURVE('',#69,#507,#967,.T.);
#967 = LINE('',#968,#969);
#968 = CARTESIAN_POINT('',(-12.93607801805,-14.05232669385,3.51));
#969 = VECTOR('',#970,1.);
#970 = DIRECTION('',(1.045338994202E-16,2.678974244995E-16,1.));
#971 = ORIENTED_EDGE('',*,*,#506,.F.);
#972 = ORIENTED_EDGE('',*,*,#966,.F.);
#973 = CYLINDRICAL_SURFACE('',#974,1.1);
#974 = AXIS2_PLACEMENT_3D('',#975,#976,#977);
#975 = CARTESIAN_POINT('',(-12.19106828926,-13.24303039211,3.51));
#976 = DIRECTION('',(-1.045338994202E-16,-2.678974244995E-16,-1.));
#977 = DIRECTION('',(-0.677281571626,-0.735723910673,2.678974244995E-16)
  );
#978 = ADVANCED_FACE('',(#979),#990,.F.);
#979 = FACE_BOUND('',#980,.T.);
#980 = EDGE_LOOP('',(#981,#982,#988,#989));
#981 = ORIENTED_EDGE('',*,*,#79,.F.);
#982 = ORIENTED_EDGE('',*,*,#983,.T.);
#983 = EDGE_CURVE('',#80,#518,#984,.T.);
#984 = LINE('',#985,#986);
#985 = CARTESIAN_POINT('',(-15.07258372947,-11.73146281237,3.51));
#986 = VECTOR('',#987,1.);
#987 = DIRECTION('',(1.304431892176E-16,2.668258083467E-16,1.));
#988 = ORIENTED_EDGE('',*,*,#517,.F.);
#989 = ORIENTED_EDGE('',*,*,#983,.F.);
#990 = CYLINDRICAL_SURFACE('',#991,1.1);
#991 = AXIS2_PLACEMENT_3D('',#992,#993,#994);
#992 = CARTESIAN_POINT('',(-14.20452916913,-11.05582882841,3.51));
#993 = DIRECTION('',(-1.304431892176E-16,-2.668258083467E-16,-1.));
#994 = DIRECTION('',(-0.789140509396,-0.61421271269,2.668258083467E-16)
  );
#995 = ADVANCED_FACE('',(#996),#1007,.F.);
#996 = FACE_BOUND('',#997,.T.);
#997 = EDGE_LOOP('',(#998,#999,#1005,#1006));
#998 = ORIENTED_EDGE('',*,*,#90,.F.);
#999 = ORIENTED_EDGE('',*,*,#1000,.T.);
#1000 = EDGE_CURVE('',#91,#529,#1001,.T.);
#1001 = LINE('',#1002,#1003);
#1002 = CARTESIAN_POINT('',(-7.672382610872,-17.49127053911,3.51));
#1003 = VECTOR('',#1004,1.);
#1004 = DIRECTION('',(5.394819013714E-17,2.572907166551E-16,1.));
#1005 = ORIENTED_EDGE('',*,*,#528,.F.);
#1006 = ORIENTED_EDGE('',*,*,#1000,.F.);
#1007 = CYLINDRICAL_SURFACE('',#1008,1.1);
#1008 = AXIS2_PLACEMENT_3D('',#1009,#1010,#1011);
#1009 = CARTESIAN_POINT('',(-7.230517643753,-16.48391987979,3.51));
#1010 = DIRECTION('',(-5.394819013714E-17,-2.572907166551E-16,-1.));
#1011 = DIRECTION('',(-0.401695424653,-0.915773326655,2.572907166551E-16
    ));
#1012 = ADVANCED_FACE('',(#1013),#1024,.F.);
#1013 = FACE_BOUND('',#1014,.T.);
#1014 = EDGE_LOOP('',(#1015,#1016,#1022,#1023));
#1015 = ORIENTED_EDGE('',*,*,#101,.F.);
#1016 = ORIENTED_EDGE('',*,*,#1017,.T.);
#1017 = EDGE_CURVE('',#102,#540,#1018,.T.);
#1018 = LINE('',#1019,#1020);
#1019 = CARTESIAN_POINT('',(-4.688772804389,-18.51554507944,3.51));
#1020 = VECTOR('',#1021,1.);
#1021 = DIRECTION('',(3.065161693366E-17,2.459017159984E-16,1.));
#1022 = ORIENTED_EDGE('',*,*,#539,.F.);
#1023 = ORIENTED_EDGE('',*,*,#1017,.F.);
#1024 = CYLINDRICAL_SURFACE('',#1025,1.1);
#1025 = AXIS2_PLACEMENT_3D('',#1026,#1027,#1028);
#1026 = CARTESIAN_POINT('',(-4.418738768534,-17.4492047869,3.51));
#1027 = DIRECTION('',(-3.065161693366E-17,-2.459017159984E-16,-1.));
#1028 = DIRECTION('',(-0.245485487141,-0.969400265939,2.459017159984E-16
    ));
#1029 = ADVANCED_FACE('',(#1030),#1041,.F.);
#1030 = FACE_BOUND('',#1031,.T.);
#1031 = EDGE_LOOP('',(#1032,#1033,#1039,#1040));
#1032 = ORIENTED_EDGE('',*,*,#112,.F.);
#1033 = ORIENTED_EDGE('',*,*,#1034,.T.);
#1034 = EDGE_CURVE('',#113,#551,#1035,.T.);
#1035 = LINE('',#1036,#1037);
#1036 = CARTESIAN_POINT('',(-1.577265498522,-19.03476381642,3.51));
#1037 = VECTOR('',#1038,1.);
#1038 = DIRECTION('',(9.547346520662E-18,2.308335565447E-16,1.));
#1039 = ORIENTED_EDGE('',*,*,#550,.F.);
#1040 = ORIENTED_EDGE('',*,*,#1034,.F.);
#1041 = CYLINDRICAL_SURFACE('',#1042,1.1);
#1042 = AXIS2_PLACEMENT_3D('',#1043,#1044,#1045);
#1043 = CARTESIAN_POINT('',(-1.486428218502,-17.93852087412,3.51));
#1044 = DIRECTION('',(-9.547346520662E-18,-2.308335565447E-16,-1.));
#1045 = DIRECTION('',(-8.257934547233E-02,-0.996584493007,
    2.308335565447E-16));
#1046 = ADVANCED_FACE('',(#1047),#1058,.F.);
#1047 = FACE_BOUND('',#1048,.T.);
#1048 = EDGE_LOOP('',(#1049,#1050,#1056,#1057));
#1049 = ORIENTED_EDGE('',*,*,#123,.F.);
#1050 = ORIENTED_EDGE('',*,*,#1051,.T.);
#1051 = EDGE_CURVE('',#124,#562,#1052,.T.);
#1052 = LINE('',#1053,#1054);
#1053 = CARTESIAN_POINT('',(-16.79794864804,-9.090595207008,3.51));
#1054 = VECTOR('',#1055,1.);
#1055 = DIRECTION('',(1.558227278508E-16,2.615042787028E-16,1.));
#1056 = ORIENTED_EDGE('',*,*,#561,.F.);
#1057 = ORIENTED_EDGE('',*,*,#1051,.F.);
#1058 = CYLINDRICAL_SURFACE('',#1059,1.1);
#1059 = AXIS2_PLACEMENT_3D('',#1060,#1061,#1062);
#1060 = CARTESIAN_POINT('',(-15.83052752171,-8.567053074667,3.51));
#1061 = DIRECTION('',(-1.558227278508E-16,-2.615042787028E-16,-1.));
#1062 = DIRECTION('',(-0.879473751206,-0.475947393037,2.615042787028E-16
    ));
#1063 = ADVANCED_FACE('',(#1064),#1075,.F.);
#1064 = FACE_BOUND('',#1065,.T.);
#1065 = EDGE_LOOP('',(#1066,#1067,#1073,#1074));
#1066 = ORIENTED_EDGE('',*,*,#134,.F.);
#1067 = ORIENTED_EDGE('',*,*,#1068,.T.);
#1068 = EDGE_CURVE('',#135,#573,#1069,.T.);
#1069 = LINE('',#1070,#1071);
#1070 = CARTESIAN_POINT('',(-18.06510931648,-6.201759861809,3.51));
#1071 = VECTOR('',#1072,1.);
#1072 = DIRECTION('',(1.799802276654E-16,2.520779930243E-16,1.));
#1073 = ORIENTED_EDGE('',*,*,#572,.F.);
#1074 = ORIENTED_EDGE('',*,*,#1068,.F.);
#1075 = CYLINDRICAL_SURFACE('',#1076,1.1);
#1076 = AXIS2_PLACEMENT_3D('',#1077,#1078,#1079);
#1077 = CARTESIAN_POINT('',(-17.02471035061,-5.844590445684,3.51));
#1078 = DIRECTION('',(-1.799802276654E-16,-2.520779930243E-16,-1.));
#1079 = DIRECTION('',(-0.945817241701,-0.324699469205,2.520779930243E-16
    ));
#1080 = ADVANCED_FACE('',(#1081),#1092,.F.);
#1081 = FACE_BOUND('',#1082,.T.);
#1082 = EDGE_LOOP('',(#1083,#1084,#1090,#1091));
#1083 = ORIENTED_EDGE('',*,*,#145,.F.);
#1084 = ORIENTED_EDGE('',*,*,#1085,.T.);
#1085 = EDGE_CURVE('',#146,#584,#1086,.T.);
#1086 = LINE('',#1087,#1088);
#1087 = CARTESIAN_POINT('',(-18.83950089499,-3.143756674362,3.51));
#1088 = VECTOR('',#1089,1.);
#1089 = DIRECTION('',(2.022567350404E-16,2.388040758121E-16,1.));
#1090 = ORIENTED_EDGE('',*,*,#583,.F.);
#1091 = ORIENTED_EDGE('',*,*,#1085,.F.);
#1092 = CYLINDRICAL_SURFACE('',#1093,1.1);
#1093 = AXIS2_PLACEMENT_3D('',#1094,#1095,#1096);
#1094 = CARTESIAN_POINT('',(-17.75450346124,-2.962702625053,3.51));
#1095 = DIRECTION('',(-2.022567350404E-16,-2.388040758121E-16,-1.));
#1096 = DIRECTION('',(-0.986361303403,-0.164594590281,2.388040758121E-16
    ));
#1097 = ADVANCED_FACE('',(#1098),#1109,.F.);
#1098 = FACE_BOUND('',#1099,.T.);
#1099 = EDGE_LOOP('',(#1100,#1101,#1107,#1108));
#1100 = ORIENTED_EDGE('',*,*,#156,.F.);
#1101 = ORIENTED_EDGE('',*,*,#1102,.T.);
#1102 = EDGE_CURVE('',#157,#595,#1103,.T.);
#1103 = LINE('',#1104,#1105);
#1104 = CARTESIAN_POINT('',(1.577265498522,-19.03476381642,3.51));
#1105 = VECTOR('',#1106,1.);
#1106 = DIRECTION('',(-8.78895161971E-18,2.124972584044E-16,1.));
#1107 = ORIENTED_EDGE('',*,*,#594,.F.);
#1108 = ORIENTED_EDGE('',*,*,#1102,.F.);
#1109 = CYLINDRICAL_SURFACE('',#1110,1.1);
#1110 = AXIS2_PLACEMENT_3D('',#1111,#1112,#1113);
#1111 = CARTESIAN_POINT('',(1.486428218502,-17.93852087412,3.51));
#1112 = DIRECTION('',(8.78895161971E-18,-2.124972584044E-16,-1.));
#1113 = DIRECTION('',(8.257934547233E-02,-0.996584493007,
    2.124972584044E-16));
#1114 = ADVANCED_FACE('',(#1115),#1126,.F.);
#1115 = FACE_BOUND('',#1116,.T.);
#1116 = EDGE_LOOP('',(#1117,#1118,#1124,#1125));
#1117 = ORIENTED_EDGE('',*,*,#167,.F.);
#1118 = ORIENTED_EDGE('',*,*,#1119,.T.);
#1119 = EDGE_CURVE('',#168,#606,#1120,.T.);
#1120 = LINE('',#1121,#1122);
#1121 = CARTESIAN_POINT('',(4.688772804389,-18.51554507944,3.51));
#1122 = VECTOR('',#1123,1.);
#1123 = DIRECTION('',(-2.385711107335E-17,1.913929879914E-16,1.));
#1124 = ORIENTED_EDGE('',*,*,#605,.F.);
#1125 = ORIENTED_EDGE('',*,*,#1119,.F.);
#1126 = CYLINDRICAL_SURFACE('',#1127,1.1);
#1127 = AXIS2_PLACEMENT_3D('',#1128,#1129,#1130);
#1128 = CARTESIAN_POINT('',(4.418738768534,-17.4492047869,3.51));
#1129 = DIRECTION('',(2.385711107335E-17,-1.913929879914E-16,-1.));
#1130 = DIRECTION('',(0.245485487141,-0.969400265939,1.913929879914E-16)
  );
#1131 = ADVANCED_FACE('',(#1132),#1143,.F.);
#1132 = FACE_BOUND('',#1133,.T.);
#1133 = EDGE_LOOP('',(#1134,#1135,#1141,#1142));
#1134 = ORIENTED_EDGE('',*,*,#178,.F.);
#1135 = ORIENTED_EDGE('',*,*,#1136,.T.);
#1136 = EDGE_CURVE('',#179,#617,#1137,.T.);
#1137 = LINE('',#1138,#1139);
#1138 = CARTESIAN_POINT('',(7.672382610872,-17.49127053911,3.51));
#1139 = VECTOR('',#1140,1.);
#1140 = DIRECTION('',(-3.524611173012E-17,1.680964147879E-16,1.));
#1141 = ORIENTED_EDGE('',*,*,#616,.F.);
#1142 = ORIENTED_EDGE('',*,*,#1136,.F.);
#1143 = CYLINDRICAL_SURFACE('',#1144,1.1);
#1144 = AXIS2_PLACEMENT_3D('',#1145,#1146,#1147);
#1145 = CARTESIAN_POINT('',(7.230517643753,-16.48391987979,3.51));
#1146 = DIRECTION('',(3.524611173012E-17,-1.680964147879E-16,-1.));
#1147 = DIRECTION('',(0.401695424653,-0.915773326655,1.680964147879E-16)
  );
#1148 = ADVANCED_FACE('',(#1149),#1160,.F.);
#1149 = FACE_BOUND('',#1150,.T.);
#1150 = EDGE_LOOP('',(#1151,#1152,#1158,#1159));
#1151 = ORIENTED_EDGE('',*,*,#189,.F.);
#1152 = ORIENTED_EDGE('',*,*,#1153,.T.);
#1153 = EDGE_CURVE('',#190,#628,#1154,.T.);
#1154 = LINE('',#1155,#1156);
#1155 = CARTESIAN_POINT('',(10.446709820138,-15.98987973481,3.51));
#1156 = VECTOR('',#1157,1.);
#1157 = DIRECTION('',(-4.264529134101E-17,1.432430085813E-16,1.));
#1158 = ORIENTED_EDGE('',*,*,#627,.F.);
#1159 = ORIENTED_EDGE('',*,*,#1153,.F.);
#1160 = CYLINDRICAL_SURFACE('',#1161,1.1);
#1161 = AXIS2_PLACEMENT_3D('',#1162,#1163,#1164);
#1162 = CARTESIAN_POINT('',(9.845066846204,-15.06899660872,3.51));
#1163 = DIRECTION('',(4.264529134101E-17,-1.432430085813E-16,-1.));
#1164 = DIRECTION('',(0.546948158122,-0.837166478263,1.432430085813E-16)
  );
#1165 = ADVANCED_FACE('',(#1166),#1177,.F.);
#1166 = FACE_BOUND('',#1167,.T.);
#1167 = EDGE_LOOP('',(#1168,#1169,#1175,#1176));
#1168 = ORIENTED_EDGE('',*,*,#200,.F.);
#1169 = ORIENTED_EDGE('',*,*,#1170,.T.);
#1170 = EDGE_CURVE('',#201,#639,#1171,.T.);
#1171 = LINE('',#1172,#1173);
#1172 = CARTESIAN_POINT('',(12.936078018052,-14.05232669385,3.51));
#1173 = VECTOR('',#1174,1.);
#1174 = DIRECTION('',(-4.585281957446E-17,1.175107055049E-16,1.));
#1175 = ORIENTED_EDGE('',*,*,#638,.F.);
#1176 = ORIENTED_EDGE('',*,*,#1170,.F.);
#1177 = CYLINDRICAL_SURFACE('',#1178,1.1);
#1178 = AXIS2_PLACEMENT_3D('',#1179,#1180,#1181);
#1179 = CARTESIAN_POINT('',(12.191068289263,-13.24303039211,3.51));
#1180 = DIRECTION('',(4.585281957446E-17,-1.175107055049E-16,-1.));
#1181 = DIRECTION('',(0.677281571626,-0.735723910673,1.175107055049E-16)
  );
#1182 = ADVANCED_FACE('',(#1183),#1194,.F.);
#1183 = FACE_BOUND('',#1184,.T.);
#1184 = EDGE_LOOP('',(#1185,#1186,#1192,#1193));
#1185 = ORIENTED_EDGE('',*,*,#211,.F.);
#1186 = ORIENTED_EDGE('',*,*,#1187,.T.);
#1187 = EDGE_CURVE('',#212,#650,#1188,.T.);
#1188 = LINE('',#1189,#1190);
#1189 = CARTESIAN_POINT('',(15.072583729471,-11.73146281237,3.51));
#1190 = VECTOR('',#1191,1.);
#1191 = DIRECTION('',(-4.478120342167E-17,9.160141570744E-17,1.));
#1192 = ORIENTED_EDGE('',*,*,#649,.F.);
#1193 = ORIENTED_EDGE('',*,*,#1187,.F.);
#1194 = CYLINDRICAL_SURFACE('',#1195,1.1);
#1195 = AXIS2_PLACEMENT_3D('',#1196,#1197,#1198);
#1196 = CARTESIAN_POINT('',(14.204529169135,-11.05582882841,3.51));
#1197 = DIRECTION('',(4.478120342167E-17,-9.160141570744E-17,-1.));
#1198 = DIRECTION('',(0.789140509396,-0.61421271269,9.160141570744E-17)
  );
#1199 = ADVANCED_FACE('',(#1200),#1211,.F.);
#1200 = FACE_BOUND('',#1201,.T.);
#1201 = EDGE_LOOP('',(#1202,#1203,#1209,#1210));
#1202 = ORIENTED_EDGE('',*,*,#222,.F.);
#1203 = ORIENTED_EDGE('',*,*,#1204,.T.);
#1204 = EDGE_CURVE('',#223,#661,#1205,.T.);
#1205 = LINE('',#1206,#1207);
#1206 = CARTESIAN_POINT('',(16.797948648044,-9.090595207008,3.51));
#1207 = VECTOR('',#1208,1.);
#1208 = DIRECTION('',(-3.945967377778E-17,6.622187707423E-17,1.));
#1209 = ORIENTED_EDGE('',*,*,#660,.F.);
#1210 = ORIENTED_EDGE('',*,*,#1204,.F.);
#1211 = CYLINDRICAL_SURFACE('',#1212,1.1);
#1212 = AXIS2_PLACEMENT_3D('',#1213,#1214,#1215);
#1213 = CARTESIAN_POINT('',(15.830527521717,-8.567053074667,3.51));
#1214 = DIRECTION('',(3.945967377778E-17,-6.622187707423E-17,-1.));
#1215 = DIRECTION('',(0.879473751206,-0.475947393037,6.622187707423E-17)
  );
#1216 = ADVANCED_FACE('',(#1217),#1228,.F.);
#1217 = FACE_BOUND('',#1218,.T.);
#1218 = EDGE_LOOP('',(#1219,#1220,#1226,#1227));
#1219 = ORIENTED_EDGE('',*,*,#233,.F.);
#1220 = ORIENTED_EDGE('',*,*,#1221,.T.);
#1221 = EDGE_CURVE('',#234,#672,#1222,.T.);
#1222 = LINE('',#1223,#1224);
#1223 = CARTESIAN_POINT('',(18.065109316482,-6.201759861809,3.51));
#1224 = VECTOR('',#1225,1.);
#1225 = DIRECTION('',(-3.00333880993E-17,4.206437725963E-17,1.));
#1226 = ORIENTED_EDGE('',*,*,#671,.F.);
#1227 = ORIENTED_EDGE('',*,*,#1221,.F.);
#1228 = CYLINDRICAL_SURFACE('',#1229,1.1);
#1229 = AXIS2_PLACEMENT_3D('',#1230,#1231,#1232);
#1230 = CARTESIAN_POINT('',(17.024710350611,-5.844590445684,3.51));
#1231 = DIRECTION('',(3.00333880993E-17,-4.206437725963E-17,-1.));
#1232 = DIRECTION('',(0.945817241701,-0.324699469205,4.206437725963E-17)
  );
#1233 = ADVANCED_FACE('',(#1234),#1245,.F.);
#1234 = FACE_BOUND('',#1235,.T.);
#1235 = EDGE_LOOP('',(#1236,#1237,#1243,#1244));
#1236 = ORIENTED_EDGE('',*,*,#244,.F.);
#1237 = ORIENTED_EDGE('',*,*,#1238,.T.);
#1238 = EDGE_CURVE('',#245,#683,#1239,.T.);
#1239 = LINE('',#1240,#1241);
#1240 = CARTESIAN_POINT('',(18.839500894992,-3.143756674362,3.51));
#1241 = VECTOR('',#1242,1.);
#1242 = DIRECTION('',(-1.675947088702E-17,1.978786988466E-17,1.));
#1243 = ORIENTED_EDGE('',*,*,#682,.F.);
#1244 = ORIENTED_EDGE('',*,*,#1238,.F.);
#1245 = CYLINDRICAL_SURFACE('',#1246,1.1);
#1246 = AXIS2_PLACEMENT_3D('',#1247,#1248,#1249);
#1247 = CARTESIAN_POINT('',(17.754503461249,-2.962702625053,3.51));
#1248 = DIRECTION('',(1.675947088702E-17,-1.978786988466E-17,-1.));
#1249 = DIRECTION('',(0.986361303403,-0.164594590281,1.978786988466E-17)
  );
#1250 = ADVANCED_FACE('',(#1251),#1262,.F.);
#1251 = FACE_BOUND('',#1252,.T.);
#1252 = EDGE_LOOP('',(#1253,#1254,#1260,#1261));
#1253 = ORIENTED_EDGE('',*,*,#255,.F.);
#1254 = ORIENTED_EDGE('',*,*,#1255,.T.);
#1255 = EDGE_CURVE('',#256,#694,#1256,.T.);
#1256 = LINE('',#1257,#1258);
#1257 = CARTESIAN_POINT('',(-19.1,2.339075386371E-15,3.51));
#1258 = VECTOR('',#1259,1.);
#1259 = DIRECTION('',(2.22044604925E-16,2.22044604925E-16,1.));
#1260 = ORIENTED_EDGE('',*,*,#693,.F.);
#1261 = ORIENTED_EDGE('',*,*,#1255,.F.);
#1262 = CYLINDRICAL_SURFACE('',#1263,1.1);
#1263 = AXIS2_PLACEMENT_3D('',#1264,#1265,#1266);
#1264 = CARTESIAN_POINT('',(-18.,2.204364238465E-15,3.51));
#1265 = DIRECTION('',(-2.22044604925E-16,-2.22044604925E-16,-1.));
#1266 = DIRECTION('',(-1.,1.224646799147E-16,2.22044604925E-16));
#1267 = ADVANCED_FACE('',(#1268),#1279,.F.);
#1268 = FACE_BOUND('',#1269,.T.);
#1269 = EDGE_LOOP('',(#1270,#1271,#1277,#1278));
#1270 = ORIENTED_EDGE('',*,*,#266,.F.);
#1271 = ORIENTED_EDGE('',*,*,#1272,.T.);
#1272 = EDGE_CURVE('',#267,#705,#1273,.T.);
#1273 = LINE('',#1274,#1275);
#1274 = CARTESIAN_POINT('',(-18.83950089499,3.143756674362,3.51));
#1275 = VECTOR('',#1276,1.);
#1276 = DIRECTION('',(2.388040758121E-16,2.022567350404E-16,1.));
#1277 = ORIENTED_EDGE('',*,*,#704,.F.);
#1278 = ORIENTED_EDGE('',*,*,#1272,.F.);
#1279 = CYLINDRICAL_SURFACE('',#1280,1.1);
#1280 = AXIS2_PLACEMENT_3D('',#1281,#1282,#1283);
#1281 = CARTESIAN_POINT('',(-17.75450346124,2.962702625053,3.51));
#1282 = DIRECTION('',(-2.388040758121E-16,-2.022567350404E-16,-1.));
#1283 = DIRECTION('',(-0.986361303403,0.164594590281,2.022567350404E-16)
  );
#1284 = ADVANCED_FACE('',(#1285),#1296,.F.);
#1285 = FACE_BOUND('',#1286,.T.);
#1286 = EDGE_LOOP('',(#1287,#1288,#1294,#1295));
#1287 = ORIENTED_EDGE('',*,*,#277,.F.);
#1288 = ORIENTED_EDGE('',*,*,#1289,.T.);
#1289 = EDGE_CURVE('',#278,#716,#1290,.T.);
#1290 = LINE('',#1291,#1292);
#1291 = CARTESIAN_POINT('',(-18.06510931648,6.201759861809,3.51));
#1292 = VECTOR('',#1293,1.);
#1293 = DIRECTION('',(2.520779930243E-16,1.799802276654E-16,1.));
#1294 = ORIENTED_EDGE('',*,*,#715,.F.);
#1295 = ORIENTED_EDGE('',*,*,#1289,.F.);
#1296 = CYLINDRICAL_SURFACE('',#1297,1.1);
#1297 = AXIS2_PLACEMENT_3D('',#1298,#1299,#1300);
#1298 = CARTESIAN_POINT('',(-17.02471035061,5.844590445684,3.51));
#1299 = DIRECTION('',(-2.520779930243E-16,-1.799802276654E-16,-1.));
#1300 = DIRECTION('',(-0.945817241701,0.324699469205,1.799802276654E-16)
  );
#1301 = ADVANCED_FACE('',(#1302),#1313,.F.);
#1302 = FACE_BOUND('',#1303,.T.);
#1303 = EDGE_LOOP('',(#1304,#1305,#1311,#1312));
#1304 = ORIENTED_EDGE('',*,*,#288,.F.);
#1305 = ORIENTED_EDGE('',*,*,#1306,.T.);
#1306 = EDGE_CURVE('',#289,#727,#1307,.T.);
#1307 = LINE('',#1308,#1309);
#1308 = CARTESIAN_POINT('',(-16.79794864804,9.090595207008,3.51));
#1309 = VECTOR('',#1310,1.);
#1310 = DIRECTION('',(2.615042787028E-16,1.558227278508E-16,1.));
#1311 = ORIENTED_EDGE('',*,*,#726,.F.);
#1312 = ORIENTED_EDGE('',*,*,#1306,.F.);
#1313 = CYLINDRICAL_SURFACE('',#1314,1.1);
#1314 = AXIS2_PLACEMENT_3D('',#1315,#1316,#1317);
#1315 = CARTESIAN_POINT('',(-15.83052752171,8.567053074667,3.51));
#1316 = DIRECTION('',(-2.615042787028E-16,-1.558227278508E-16,-1.));
#1317 = DIRECTION('',(-0.879473751206,0.475947393037,1.558227278508E-16)
  );
#1318 = ADVANCED_FACE('',(#1319),#1338,.T.);
#1319 = FACE_BOUND('',#1320,.F.);
#1320 = EDGE_LOOP('',(#1321,#1330,#1336,#1337));
#1321 = ORIENTED_EDGE('',*,*,#1322,.F.);
#1322 = EDGE_CURVE('',#1323,#1323,#1325,.T.);
#1323 = VERTEX_POINT('',#1324);
#1324 = CARTESIAN_POINT('',(16.,0.,0.));
#1325 = CIRCLE('',#1326,16.);
#1326 = AXIS2_PLACEMENT_3D('',#1327,#1328,#1329);
#1327 = CARTESIAN_POINT('',(0.,0.,0.));
#1328 = DIRECTION('',(0.,0.,1.));
#1329 = DIRECTION('',(1.,0.,0.));
#1330 = ORIENTED_EDGE('',*,*,#1331,.T.);
#1331 = EDGE_CURVE('',#1323,#300,#1332,.T.);
#1332 = LINE('',#1333,#1334);
#1333 = CARTESIAN_POINT('',(16.,0.,0.));
#1334 = VECTOR('',#1335,1.);
#1335 = DIRECTION('',(0.,0.,1.));
#1336 = ORIENTED_EDGE('',*,*,#299,.F.);
#1337 = ORIENTED_EDGE('',*,*,#1331,.F.);
#1338 = CYLINDRICAL_SURFACE('',#1339,16.);
#1339 = AXIS2_PLACEMENT_3D('',#1340,#1341,#1342);
#1340 = CARTESIAN_POINT('',(0.,0.,0.));
#1341 = DIRECTION('',(-0.,-0.,-1.));
#1342 = DIRECTION('',(1.,0.,0.));
#1343 = ADVANCED_FACE('',(#1344),#1355,.F.);
#1344 = FACE_BOUND('',#1345,.T.);
#1345 = EDGE_LOOP('',(#1346,#1347,#1353,#1354));
#1346 = ORIENTED_EDGE('',*,*,#310,.F.);
#1347 = ORIENTED_EDGE('',*,*,#1348,.T.);
#1348 = EDGE_CURVE('',#311,#738,#1349,.T.);
#1349 = LINE('',#1350,#1351);
#1350 = CARTESIAN_POINT('',(-15.07258372947,11.731462812373,3.51));
#1351 = VECTOR('',#1352,1.);
#1352 = DIRECTION('',(2.668258083467E-16,1.304431892176E-16,1.));
#1353 = ORIENTED_EDGE('',*,*,#737,.F.);
#1354 = ORIENTED_EDGE('',*,*,#1348,.F.);
#1355 = CYLINDRICAL_SURFACE('',#1356,1.1);
#1356 = AXIS2_PLACEMENT_3D('',#1357,#1358,#1359);
#1357 = CARTESIAN_POINT('',(-14.20452916913,11.055828828414,3.51));
#1358 = DIRECTION('',(-2.668258083467E-16,-1.304431892176E-16,-1.));
#1359 = DIRECTION('',(-0.789140509396,0.61421271269,1.304431892176E-16)
  );
#1360 = ADVANCED_FACE('',(#1361),#1372,.F.);
#1361 = FACE_BOUND('',#1362,.T.);
#1362 = EDGE_LOOP('',(#1363,#1364,#1370,#1371));
#1363 = ORIENTED_EDGE('',*,*,#321,.F.);
#1364 = ORIENTED_EDGE('',*,*,#1365,.T.);
#1365 = EDGE_CURVE('',#322,#749,#1366,.T.);
#1366 = LINE('',#1367,#1368);
#1367 = CARTESIAN_POINT('',(-12.93607801805,14.052326693857,3.51));
#1368 = VECTOR('',#1369,1.);
#1369 = DIRECTION('',(2.678974244995E-16,1.045338994202E-16,1.));
#1370 = ORIENTED_EDGE('',*,*,#748,.F.);
#1371 = ORIENTED_EDGE('',*,*,#1365,.F.);
#1372 = CYLINDRICAL_SURFACE('',#1373,1.1);
#1373 = AXIS2_PLACEMENT_3D('',#1374,#1375,#1376);
#1374 = CARTESIAN_POINT('',(-12.19106828926,13.243030392116,3.51));
#1375 = DIRECTION('',(-2.678974244995E-16,-1.045338994202E-16,-1.));
#1376 = DIRECTION('',(-0.677281571626,0.735723910673,1.045338994202E-16)
  );
#1377 = ADVANCED_FACE('',(#1378),#1389,.F.);
#1378 = FACE_BOUND('',#1379,.T.);
#1379 = EDGE_LOOP('',(#1380,#1381,#1387,#1388));
#1380 = ORIENTED_EDGE('',*,*,#332,.F.);
#1381 = ORIENTED_EDGE('',*,*,#1382,.T.);
#1382 = EDGE_CURVE('',#333,#760,#1383,.T.);
#1383 = LINE('',#1384,#1385);
#1384 = CARTESIAN_POINT('',(-10.44670982013,15.989879734814,3.51));
#1385 = VECTOR('',#1386,1.);
#1386 = DIRECTION('',(2.64689896266E-16,7.880159634376E-17,1.));
#1387 = ORIENTED_EDGE('',*,*,#759,.F.);
#1388 = ORIENTED_EDGE('',*,*,#1382,.F.);
#1389 = CYLINDRICAL_SURFACE('',#1390,1.1);
#1390 = AXIS2_PLACEMENT_3D('',#1391,#1392,#1393);
#1391 = CARTESIAN_POINT('',(-9.845066846204,15.068996608726,3.51));
#1392 = DIRECTION('',(-2.64689896266E-16,-7.880159634376E-17,-1.));
#1393 = DIRECTION('',(-0.546948158122,0.837166478263,7.880159634376E-17)
  );
#1394 = ADVANCED_FACE('',(#1395),#1406,.F.);
#1395 = FACE_BOUND('',#1396,.T.);
#1396 = EDGE_LOOP('',(#1397,#1398,#1404,#1405));
#1397 = ORIENTED_EDGE('',*,*,#343,.F.);
#1398 = ORIENTED_EDGE('',*,*,#1399,.T.);
#1399 = EDGE_CURVE('',#344,#771,#1400,.T.);
#1400 = LINE('',#1401,#1402);
#1401 = CARTESIAN_POINT('',(-7.672382610872,17.491270539112,3.51));
#1402 = VECTOR('',#1403,1.);
#1403 = DIRECTION('',(2.572907166551E-16,5.394819013714E-17,1.));
#1404 = ORIENTED_EDGE('',*,*,#770,.F.);
#1405 = ORIENTED_EDGE('',*,*,#1399,.F.);
#1406 = CYLINDRICAL_SURFACE('',#1407,1.1);
#1407 = AXIS2_PLACEMENT_3D('',#1408,#1409,#1410);
#1408 = CARTESIAN_POINT('',(-7.230517643753,16.483919879791,3.51));
#1409 = DIRECTION('',(-2.572907166551E-16,-5.394819013714E-17,-1.));
#1410 = DIRECTION('',(-0.401695424653,0.915773326655,5.394819013714E-17)
  );
#1411 = ADVANCED_FACE('',(#1412),#1423,.F.);
#1412 = FACE_BOUND('',#1413,.T.);
#1413 = EDGE_LOOP('',(#1414,#1415,#1421,#1422));
#1414 = ORIENTED_EDGE('',*,*,#354,.F.);
#1415 = ORIENTED_EDGE('',*,*,#1416,.T.);
#1416 = EDGE_CURVE('',#355,#782,#1417,.T.);
#1417 = LINE('',#1418,#1419);
#1418 = CARTESIAN_POINT('',(-4.688772804389,18.515545079441,3.51));
#1419 = VECTOR('',#1420,1.);
#1420 = DIRECTION('',(2.459017159984E-16,3.065161693366E-17,1.));
#1421 = ORIENTED_EDGE('',*,*,#781,.F.);
#1422 = ORIENTED_EDGE('',*,*,#1416,.F.);
#1423 = CYLINDRICAL_SURFACE('',#1424,1.1);
#1424 = AXIS2_PLACEMENT_3D('',#1425,#1426,#1427);
#1425 = CARTESIAN_POINT('',(-4.418738768534,17.449204786908,3.51));
#1426 = DIRECTION('',(-2.459017159984E-16,-3.065161693366E-17,-1.));
#1427 = DIRECTION('',(-0.245485487141,0.969400265939,3.065161693366E-17)
  );
#1428 = ADVANCED_FACE('',(#1429),#1440,.F.);
#1429 = FACE_BOUND('',#1430,.T.);
#1430 = EDGE_LOOP('',(#1431,#1432,#1438,#1439));
#1431 = ORIENTED_EDGE('',*,*,#365,.F.);
#1432 = ORIENTED_EDGE('',*,*,#1433,.T.);
#1433 = EDGE_CURVE('',#366,#793,#1434,.T.);
#1434 = LINE('',#1435,#1436);
#1435 = CARTESIAN_POINT('',(-1.577265498522,19.034763816427,3.51));
#1436 = VECTOR('',#1437,1.);
#1437 = DIRECTION('',(2.308335565447E-16,9.547346520662E-18,1.));
#1438 = ORIENTED_EDGE('',*,*,#792,.F.);
#1439 = ORIENTED_EDGE('',*,*,#1433,.F.);
#1440 = CYLINDRICAL_SURFACE('',#1441,1.1);
#1441 = AXIS2_PLACEMENT_3D('',#1442,#1443,#1444);
#1442 = CARTESIAN_POINT('',(-1.486428218502,17.93852087412,3.51));
#1443 = DIRECTION('',(-2.308335565447E-16,-9.547346520662E-18,-1.));
#1444 = DIRECTION('',(-8.257934547233E-02,0.996584493007,
    9.547346520662E-18));
#1445 = ADVANCED_FACE('',(#1446),#1457,.F.);
#1446 = FACE_BOUND('',#1447,.T.);
#1447 = EDGE_LOOP('',(#1448,#1449,#1455,#1456));
#1448 = ORIENTED_EDGE('',*,*,#376,.F.);
#1449 = ORIENTED_EDGE('',*,*,#1450,.T.);
#1450 = EDGE_CURVE('',#377,#833,#1451,.T.);
#1451 = LINE('',#1452,#1453);
#1452 = CARTESIAN_POINT('',(19.1,0.,3.51));
#1453 = VECTOR('',#1454,1.);
#1454 = DIRECTION('',(0.,0.,1.));
#1455 = ORIENTED_EDGE('',*,*,#832,.F.);
#1456 = ORIENTED_EDGE('',*,*,#1450,.F.);
#1457 = CYLINDRICAL_SURFACE('',#1458,1.1);
#1458 = AXIS2_PLACEMENT_3D('',#1459,#1460,#1461);
#1459 = CARTESIAN_POINT('',(18.,0.,3.51));
#1460 = DIRECTION('',(-0.,-0.,-1.));
#1461 = DIRECTION('',(1.,0.,0.));
#1462 = ADVANCED_FACE('',(#1463),#1474,.F.);
#1463 = FACE_BOUND('',#1464,.T.);
#1464 = EDGE_LOOP('',(#1465,#1466,#1472,#1473));
#1465 = ORIENTED_EDGE('',*,*,#387,.F.);
#1466 = ORIENTED_EDGE('',*,*,#1467,.T.);
#1467 = EDGE_CURVE('',#388,#844,#1468,.T.);
#1468 = LINE('',#1469,#1470);
#1469 = CARTESIAN_POINT('',(18.839500894992,3.143756674362,3.51));
#1470 = VECTOR('',#1471,1.);
#1471 = DIRECTION('',(1.978786988466E-17,-1.675947088702E-17,1.));
#1472 = ORIENTED_EDGE('',*,*,#843,.F.);
#1473 = ORIENTED_EDGE('',*,*,#1467,.F.);
#1474 = CYLINDRICAL_SURFACE('',#1475,1.1);
#1475 = AXIS2_PLACEMENT_3D('',#1476,#1477,#1478);
#1476 = CARTESIAN_POINT('',(17.754503461249,2.962702625053,3.51));
#1477 = DIRECTION('',(-1.978786988466E-17,1.675947088702E-17,-1.));
#1478 = DIRECTION('',(0.986361303403,0.164594590281,-1.675947088702E-17)
  );
#1479 = ADVANCED_FACE('',(#1480),#1491,.F.);
#1480 = FACE_BOUND('',#1481,.T.);
#1481 = EDGE_LOOP('',(#1482,#1483,#1489,#1490));
#1482 = ORIENTED_EDGE('',*,*,#398,.F.);
#1483 = ORIENTED_EDGE('',*,*,#1484,.T.);
#1484 = EDGE_CURVE('',#399,#855,#1485,.T.);
#1485 = LINE('',#1486,#1487);
#1486 = CARTESIAN_POINT('',(18.065109316482,6.201759861809,3.51));
#1487 = VECTOR('',#1488,1.);
#1488 = DIRECTION('',(4.206437725963E-17,-3.00333880993E-17,1.));
#1489 = ORIENTED_EDGE('',*,*,#854,.F.);
#1490 = ORIENTED_EDGE('',*,*,#1484,.F.);
#1491 = CYLINDRICAL_SURFACE('',#1492,1.1);
#1492 = AXIS2_PLACEMENT_3D('',#1493,#1494,#1495);
#1493 = CARTESIAN_POINT('',(17.024710350611,5.844590445684,3.51));
#1494 = DIRECTION('',(-4.206437725963E-17,3.00333880993E-17,-1.));
#1495 = DIRECTION('',(0.945817241701,0.324699469205,-3.00333880993E-17)
  );
#1496 = ADVANCED_FACE('',(#1497),#1508,.F.);
#1497 = FACE_BOUND('',#1498,.T.);
#1498 = EDGE_LOOP('',(#1499,#1500,#1506,#1507));
#1499 = ORIENTED_EDGE('',*,*,#409,.F.);
#1500 = ORIENTED_EDGE('',*,*,#1501,.T.);
#1501 = EDGE_CURVE('',#410,#866,#1502,.T.);
#1502 = LINE('',#1503,#1504);
#1503 = CARTESIAN_POINT('',(16.797948648044,9.090595207008,3.51));
#1504 = VECTOR('',#1505,1.);
#1505 = DIRECTION('',(6.622187707423E-17,-3.945967377778E-17,1.));
#1506 = ORIENTED_EDGE('',*,*,#865,.F.);
#1507 = ORIENTED_EDGE('',*,*,#1501,.F.);
#1508 = CYLINDRICAL_SURFACE('',#1509,1.1);
#1509 = AXIS2_PLACEMENT_3D('',#1510,#1511,#1512);
#1510 = CARTESIAN_POINT('',(15.830527521717,8.567053074667,3.51));
#1511 = DIRECTION('',(-6.622187707423E-17,3.945967377778E-17,-1.));
#1512 = DIRECTION('',(0.879473751206,0.475947393037,-3.945967377778E-17)
  );
#1513 = ADVANCED_FACE('',(#1514),#1525,.F.);
#1514 = FACE_BOUND('',#1515,.T.);
#1515 = EDGE_LOOP('',(#1516,#1517,#1523,#1524));
#1516 = ORIENTED_EDGE('',*,*,#420,.F.);
#1517 = ORIENTED_EDGE('',*,*,#1518,.T.);
#1518 = EDGE_CURVE('',#421,#877,#1519,.T.);
#1519 = LINE('',#1520,#1521);
#1520 = CARTESIAN_POINT('',(1.577265498522,19.034763816427,3.51));
#1521 = VECTOR('',#1522,1.);
#1522 = DIRECTION('',(2.124972584044E-16,-8.78895161971E-18,1.));
#1523 = ORIENTED_EDGE('',*,*,#876,.F.);
#1524 = ORIENTED_EDGE('',*,*,#1518,.F.);
#1525 = CYLINDRICAL_SURFACE('',#1526,1.1);
#1526 = AXIS2_PLACEMENT_3D('',#1527,#1528,#1529);
#1527 = CARTESIAN_POINT('',(1.486428218502,17.93852087412,3.51));
#1528 = DIRECTION('',(-2.124972584044E-16,8.78895161971E-18,-1.));
#1529 = DIRECTION('',(8.257934547233E-02,0.996584493007,
    -8.78895161971E-18));
#1530 = ADVANCED_FACE('',(#1531),#1542,.F.);
#1531 = FACE_BOUND('',#1532,.T.);
#1532 = EDGE_LOOP('',(#1533,#1534,#1540,#1541));
#1533 = ORIENTED_EDGE('',*,*,#431,.F.);
#1534 = ORIENTED_EDGE('',*,*,#1535,.T.);
#1535 = EDGE_CURVE('',#432,#888,#1536,.T.);
#1536 = LINE('',#1537,#1538);
#1537 = CARTESIAN_POINT('',(4.688772804389,18.515545079441,3.51));
#1538 = VECTOR('',#1539,1.);
#1539 = DIRECTION('',(1.913929879914E-16,-2.385711107335E-17,1.));
#1540 = ORIENTED_EDGE('',*,*,#887,.F.);
#1541 = ORIENTED_EDGE('',*,*,#1535,.F.);
#1542 = CYLINDRICAL_SURFACE('',#1543,1.1);
#1543 = AXIS2_PLACEMENT_3D('',#1544,#1545,#1546);
#1544 = CARTESIAN_POINT('',(4.418738768534,17.449204786908,3.51));
#1545 = DIRECTION('',(-1.913929879914E-16,2.385711107335E-17,-1.));
#1546 = DIRECTION('',(0.245485487141,0.969400265939,-2.385711107335E-17)
  );
#1547 = ADVANCED_FACE('',(#1548),#1559,.F.);
#1548 = FACE_BOUND('',#1549,.T.);
#1549 = EDGE_LOOP('',(#1550,#1551,#1557,#1558));
#1550 = ORIENTED_EDGE('',*,*,#442,.F.);
#1551 = ORIENTED_EDGE('',*,*,#1552,.T.);
#1552 = EDGE_CURVE('',#443,#899,#1553,.T.);
#1553 = LINE('',#1554,#1555);
#1554 = CARTESIAN_POINT('',(7.672382610872,17.491270539112,3.51));
#1555 = VECTOR('',#1556,1.);
#1556 = DIRECTION('',(1.680964147879E-16,-3.524611173012E-17,1.));
#1557 = ORIENTED_EDGE('',*,*,#898,.F.);
#1558 = ORIENTED_EDGE('',*,*,#1552,.F.);
#1559 = CYLINDRICAL_SURFACE('',#1560,1.1);
#1560 = AXIS2_PLACEMENT_3D('',#1561,#1562,#1563);
#1561 = CARTESIAN_POINT('',(7.230517643753,16.483919879791,3.51));
#1562 = DIRECTION('',(-1.680964147879E-16,3.524611173012E-17,-1.));
#1563 = DIRECTION('',(0.401695424653,0.915773326655,-3.524611173012E-17)
  );
#1564 = ADVANCED_FACE('',(#1565),#1576,.F.);
#1565 = FACE_BOUND('',#1566,.T.);
#1566 = EDGE_LOOP('',(#1567,#1568,#1574,#1575));
#1567 = ORIENTED_EDGE('',*,*,#453,.F.);
#1568 = ORIENTED_EDGE('',*,*,#1569,.T.);
#1569 = EDGE_CURVE('',#454,#910,#1570,.T.);
#1570 = LINE('',#1571,#1572);
#1571 = CARTESIAN_POINT('',(15.072583729471,11.731462812373,3.51));
#1572 = VECTOR('',#1573,1.);
#1573 = DIRECTION('',(9.160141570744E-17,-4.478120342167E-17,1.));
#1574 = ORIENTED_EDGE('',*,*,#909,.F.);
#1575 = ORIENTED_EDGE('',*,*,#1569,.F.);
#1576 = CYLINDRICAL_SURFACE('',#1577,1.1);
#1577 = AXIS2_PLACEMENT_3D('',#1578,#1579,#1580);
#1578 = CARTESIAN_POINT('',(14.204529169135,11.055828828414,3.51));
#1579 = DIRECTION('',(-9.160141570744E-17,4.478120342167E-17,-1.));
#1580 = DIRECTION('',(0.789140509396,0.61421271269,-4.478120342167E-17)
  );
#1581 = ADVANCED_FACE('',(#1582),#1593,.F.);
#1582 = FACE_BOUND('',#1583,.T.);
#1583 = EDGE_LOOP('',(#1584,#1585,#1591,#1592));
#1584 = ORIENTED_EDGE('',*,*,#464,.F.);
#1585 = ORIENTED_EDGE('',*,*,#1586,.T.);
#1586 = EDGE_CURVE('',#465,#921,#1587,.T.);
#1587 = LINE('',#1588,#1589);
#1588 = CARTESIAN_POINT('',(12.936078018052,14.052326693857,3.51));
#1589 = VECTOR('',#1590,1.);
#1590 = DIRECTION('',(1.175107055049E-16,-4.585281957446E-17,1.));
#1591 = ORIENTED_EDGE('',*,*,#920,.F.);
#1592 = ORIENTED_EDGE('',*,*,#1586,.F.);
#1593 = CYLINDRICAL_SURFACE('',#1594,1.1);
#1594 = AXIS2_PLACEMENT_3D('',#1595,#1596,#1597);
#1595 = CARTESIAN_POINT('',(12.191068289263,13.243030392116,3.51));
#1596 = DIRECTION('',(-1.175107055049E-16,4.585281957446E-17,-1.));
#1597 = DIRECTION('',(0.677281571626,0.735723910673,-4.585281957446E-17)
  );
#1598 = ADVANCED_FACE('',(#1599),#1610,.F.);
#1599 = FACE_BOUND('',#1600,.T.);
#1600 = EDGE_LOOP('',(#1601,#1602,#1608,#1609));
#1601 = ORIENTED_EDGE('',*,*,#475,.F.);
#1602 = ORIENTED_EDGE('',*,*,#1603,.T.);
#1603 = EDGE_CURVE('',#476,#932,#1604,.T.);
#1604 = LINE('',#1605,#1606);
#1605 = CARTESIAN_POINT('',(10.446709820138,15.989879734814,3.51));
#1606 = VECTOR('',#1607,1.);
#1607 = DIRECTION('',(1.432430085813E-16,-4.264529134101E-17,1.));
#1608 = ORIENTED_EDGE('',*,*,#931,.F.);
#1609 = ORIENTED_EDGE('',*,*,#1603,.F.);
#1610 = CYLINDRICAL_SURFACE('',#1611,1.1);
#1611 = AXIS2_PLACEMENT_3D('',#1612,#1613,#1614);
#1612 = CARTESIAN_POINT('',(9.845066846204,15.068996608726,3.51));
#1613 = DIRECTION('',(-1.432430085813E-16,4.264529134101E-17,-1.));
#1614 = DIRECTION('',(0.546948158122,0.837166478263,-4.264529134101E-17)
  );
#1615 = ADVANCED_FACE('',(#1616),#1642,.F.);
#1616 = FACE_BOUND('',#1617,.F.);
#1617 = EDGE_LOOP('',(#1618,#1619,#1627,#1636));
#1618 = ORIENTED_EDGE('',*,*,#803,.F.);
#1619 = ORIENTED_EDGE('',*,*,#1620,.F.);
#1620 = EDGE_CURVE('',#1621,#804,#1623,.T.);
#1621 = VERTEX_POINT('',#1622);
#1622 = CARTESIAN_POINT('',(14.973211092715,0.896074535398,4.01));
#1623 = LINE('',#1624,#1625);
#1624 = CARTESIAN_POINT('',(14.973211092715,0.896074535398,5.51));
#1625 = VECTOR('',#1626,1.);
#1626 = DIRECTION('',(0.,0.,1.));
#1627 = ORIENTED_EDGE('',*,*,#1628,.T.);
#1628 = EDGE_CURVE('',#1621,#1629,#1631,.T.);
#1629 = VERTEX_POINT('',#1630);
#1630 = CARTESIAN_POINT('',(14.973211092715,-0.896074535398,4.01));
#1631 = CIRCLE('',#1632,15.);
#1632 = AXIS2_PLACEMENT_3D('',#1633,#1634,#1635);
#1633 = CARTESIAN_POINT('',(0.,0.,4.01));
#1634 = DIRECTION('',(0.,0.,1.));
#1635 = DIRECTION('',(1.,0.,0.));
#1636 = ORIENTED_EDGE('',*,*,#1637,.T.);
#1637 = EDGE_CURVE('',#1629,#806,#1638,.T.);
#1638 = LINE('',#1639,#1640);
#1639 = CARTESIAN_POINT('',(14.973211092715,-0.896074535398,5.51));
#1640 = VECTOR('',#1641,1.);
#1641 = DIRECTION('',(0.,0.,1.));
#1642 = CYLINDRICAL_SURFACE('',#1643,15.);
#1643 = AXIS2_PLACEMENT_3D('',#1644,#1645,#1646);
#1644 = CARTESIAN_POINT('',(0.,0.,5.51));
#1645 = DIRECTION('',(0.,0.,1.));
#1646 = DIRECTION('',(1.,0.,0.));
#1647 = ADVANCED_FACE('',(#1648),#1670,.F.);
#1648 = FACE_BOUND('',#1649,.F.);
#1649 = EDGE_LOOP('',(#1650,#1651,#1652,#1653,#1654,#1663));
#1650 = ORIENTED_EDGE('',*,*,#1620,.T.);
#1651 = ORIENTED_EDGE('',*,*,#814,.F.);
#1652 = ORIENTED_EDGE('',*,*,#823,.F.);
#1653 = ORIENTED_EDGE('',*,*,#1637,.F.);
#1654 = ORIENTED_EDGE('',*,*,#1655,.T.);
#1655 = EDGE_CURVE('',#1629,#1656,#1658,.T.);
#1656 = VERTEX_POINT('',#1657);
#1657 = CARTESIAN_POINT('',(16.005,0.,4.01));
#1658 = CIRCLE('',#1659,0.905);
#1659 = AXIS2_PLACEMENT_3D('',#1660,#1661,#1662);
#1660 = CARTESIAN_POINT('',(15.1,0.,4.01));
#1661 = DIRECTION('',(0.,0.,1.));
#1662 = DIRECTION('',(1.,0.,0.));
#1663 = ORIENTED_EDGE('',*,*,#1664,.T.);
#1664 = EDGE_CURVE('',#1656,#1621,#1665,.T.);
#1665 = CIRCLE('',#1666,0.905);
#1666 = AXIS2_PLACEMENT_3D('',#1667,#1668,#1669);
#1667 = CARTESIAN_POINT('',(15.1,0.,4.01));
#1668 = DIRECTION('',(0.,0.,1.));
#1669 = DIRECTION('',(1.,0.,0.));
#1670 = CYLINDRICAL_SURFACE('',#1671,0.905);
#1671 = AXIS2_PLACEMENT_3D('',#1672,#1673,#1674);
#1672 = CARTESIAN_POINT('',(15.1,0.,5.51));
#1673 = DIRECTION('',(0.,0.,1.));
#1674 = DIRECTION('',(1.,0.,0.));
#1675 = ADVANCED_FACE('',(#1676,#1679),#3451,.T.);
#1676 = FACE_BOUND('',#1677,.F.);
#1677 = EDGE_LOOP('',(#1678));
#1678 = ORIENTED_EDGE('',*,*,#1322,.T.);
#1679 = FACE_BOUND('',#1680,.T.);
#1680 = EDGE_LOOP('',(#1681,#1691,#1718,#1726,#1753,#1760,#1787,#1794,
    #1821,#1828,#1855,#1862,#1889,#1896,#1923,#1930,#1957,#1964,#1991,
    #1998,#2025,#2032,#2059,#2066,#2093,#2100,#2127,#2134,#2161,#2168,
    #2195,#2202,#2229,#2236,#2263,#2270,#2297,#2304,#2331,#2338,#2365,
    #2372,#2399,#2406,#2433,#2440,#2467,#2474,#2501,#2508,#2535,#2542,
    #2569,#2576,#2603,#2610,#2637,#2644,#2671,#2678,#2705,#2712,#2739,
    #2746,#2773,#2780,#2807,#2814,#2841,#2848,#2875,#2882,#2909,#2916,
    #2943,#2950,#2977,#2984,#3011,#3018,#3045,#3052,#3079,#3086,#3113,
    #3120,#3147,#3154,#3181,#3188,#3215,#3222,#3249,#3256,#3283,#3290,
    #3317,#3324,#3351,#3358,#3385,#3392,#3419,#3426));
#1681 = ORIENTED_EDGE('',*,*,#1682,.T.);
#1682 = EDGE_CURVE('',#1683,#1685,#1687,.T.);
#1683 = VERTEX_POINT('',#1684);
#1684 = CARTESIAN_POINT('',(14.248270881592,-0.221983974119,0.));
#1685 = VERTEX_POINT('',#1686);
#1686 = CARTESIAN_POINT('',(14.248270881592,0.221983974119,0.));
#1687 = LINE('',#1688,#1689);
#1688 = CARTESIAN_POINT('',(14.248270881592,-0.221983974119,0.));
#1689 = VECTOR('',#1690,1.);
#1690 = DIRECTION('',(0.,1.,0.));
#1691 = ORIENTED_EDGE('',*,*,#1692,.T.);
#1692 = EDGE_CURVE('',#1685,#1693,#1695,.T.);
#1693 = VERTEX_POINT('',#1694);
#1694 = CARTESIAN_POINT('',(12.366440454532,0.911674549675,0.));
#1695 = B_SPLINE_CURVE_WITH_KNOTS('',3,(#1696,#1697,#1698,#1699,#1700,
    #1701,#1702,#1703,#1704,#1705,#1706,#1707,#1708,#1709,#1710,#1711,
    #1712,#1713,#1714,#1715,#1716,#1717),.UNSPECIFIED.,.F.,.F.,(4,1,1,1,
    1,1,1,1,1,1,1,1,1,1,1,1,1,1,1,4),(0.,0.161575449659,0.316998684245,
    0.466269703761,0.609388508206,0.746355097584,0.877169471895,
    1.001831631143,1.120341575329,1.232699304458,1.338904818531,
    1.438958117555,1.532859201532,1.620608070471,1.702204724377,
    1.777649163261,1.846941387134,1.910081396012,1.967069189913,
    2.017904768867),.UNSPECIFIED.);
#1696 = CARTESIAN_POINT('',(14.248270881592,0.221983974119,0.));
#1697 = CARTESIAN_POINT('',(14.201672727255,0.248990983077,0.));
#1698 = CARTESIAN_POINT('',(14.109666828431,0.300975555075,0.));
#1699 = CARTESIAN_POINT('',(13.972655655781,0.374380142541,0.));
#1700 = CARTESIAN_POINT('',(13.839519556502,0.441910787061,0.));
#1701 = CARTESIAN_POINT('',(13.710450532134,0.503778454747,0.));
#1702 = CARTESIAN_POINT('',(13.585632855424,0.560201352872,0.));
#1703 = CARTESIAN_POINT('',(13.465243070632,0.611402629622,0.));
#1704 = CARTESIAN_POINT('',(13.349449808826,0.657610654653,0.));
#1705 = CARTESIAN_POINT('',(13.238413658238,0.699058645678,0.));
#1706 = CARTESIAN_POINT('',(13.132287029475,0.735984454347,0.));
#1707 = CARTESIAN_POINT('',(13.031214030743,0.768630308419,0.));
#1708 = CARTESIAN_POINT('',(12.935330349578,0.79724255895,0.));
#1709 = CARTESIAN_POINT('',(12.84476314148,0.822071428299,0.));
#1710 = CARTESIAN_POINT('',(12.759630927424,0.843370734042,0.));
#1711 = CARTESIAN_POINT('',(12.680043493185,0.861397683647,0.));
#1712 = CARTESIAN_POINT('',(12.606101814677,0.876412420071,0.));
#1713 = CARTESIAN_POINT('',(12.537897928997,0.888678383884,0.));
#1714 = CARTESIAN_POINT('',(12.475515016212,0.898459980233,0.));
#1715 = CARTESIAN_POINT('',(12.419026828246,0.906028997014,0.));
#1716 = CARTESIAN_POINT('',(12.3833034575,0.909998111599,0.));
#1717 = CARTESIAN_POINT('',(12.366440454532,0.911674549675,0.));
#1718 = ORIENTED_EDGE('',*,*,#1719,.T.);
#1719 = EDGE_CURVE('',#1693,#1720,#1722,.T.);
#1720 = VERTEX_POINT('',#1721);
#1721 = CARTESIAN_POINT('',(12.225272170484,2.074299968086,0.));
#1722 = LINE('',#1723,#1724);
#1723 = CARTESIAN_POINT('',(12.366440454532,0.911674549675,0.));
#1724 = VECTOR('',#1725,1.);
#1725 = DIRECTION('',(-0.120536680255,0.992708874098,0.));
#1726 = ORIENTED_EDGE('',*,*,#1727,.T.);
#1727 = EDGE_CURVE('',#1720,#1728,#1730,.T.);
#1728 = VERTEX_POINT('',#1729);
#1729 = CARTESIAN_POINT('',(13.887366267179,3.194300887707,0.));
#1730 = B_SPLINE_CURVE_WITH_KNOTS('',3,(#1731,#1732,#1733,#1734,#1735,
    #1736,#1737,#1738,#1739,#1740,#1741,#1742,#1743,#1744,#1745,#1746,
    #1747,#1748,#1749,#1750,#1751,#1752),.UNSPECIFIED.,.F.,.F.,(4,1,1,1,
    1,1,1,1,1,1,1,1,1,1,1,1,1,1,1,4),(0.,5.083557895354E-02,
    0.107823372855,0.170963381733,0.240255605606,0.31570004449,
    0.397296698396,0.485045567335,0.578946651312,0.678999950336,
    0.785205464409,0.897563193537,1.016073137724,1.140735296972,
    1.271549671283,1.408516260661,1.551635065106,1.700906084621,
    1.856329319208,2.017904768867),.UNSPECIFIED.);
#1731 = CARTESIAN_POINT('',(12.225272170484,2.074299968086,0.));
#1732 = CARTESIAN_POINT('',(12.241243967341,2.079963272676,0.));
#1733 = CARTESIAN_POINT('',(12.274979410564,2.092366214205,0.));
#1734 = CARTESIAN_POINT('',(12.328014770172,2.113233797342,0.));
#1735 = CARTESIAN_POINT('',(12.38624405966,2.137660366492,0.));
#1736 = CARTESIAN_POINT('',(12.449530627099,2.165892161898,0.));
#1737 = CARTESIAN_POINT('',(12.517730433192,2.198165999279,0.));
#1738 = CARTESIAN_POINT('',(12.590691069817,2.234715638186,0.));
#1739 = CARTESIAN_POINT('',(12.668252238951,2.275769497173,0.));
#1740 = CARTESIAN_POINT('',(12.750245791219,2.321551036272,0.));
#1741 = CARTESIAN_POINT('',(12.836495907128,2.372278333655,0.));
#1742 = CARTESIAN_POINT('',(12.926819243956,2.428163910372,0.));
#1743 = CARTESIAN_POINT('',(13.021025101334,2.489414486812,0.));
#1744 = CARTESIAN_POINT('',(13.11891558968,2.556230764685,0.));
#1745 = CARTESIAN_POINT('',(13.220285805538,2.628807209857,0.));
#1746 = CARTESIAN_POINT('',(13.324924014426,2.707331831881,0.));
#1747 = CARTESIAN_POINT('',(13.432611832952,2.791986008347,0.));
#1748 = CARTESIAN_POINT('',(13.543124444054,2.882944153356,0.));
#1749 = CARTESIAN_POINT('',(13.656230709201,2.980374034118,0.));
#1750 = CARTESIAN_POINT('',(13.77169371857,3.084434537477,0.));
#1751 = CARTESIAN_POINT('',(13.848585370808,3.156926985086,0.));
#1752 = CARTESIAN_POINT('',(13.887366267179,3.194300887707,0.));
#1753 = ORIENTED_EDGE('',*,*,#1754,.T.);
#1754 = EDGE_CURVE('',#1728,#1755,#1757,.T.);
#1755 = VERTEX_POINT('',#1756);
#1756 = CARTESIAN_POINT('',(13.781117782725,3.625367934248,0.));
#1757 = B_SPLINE_CURVE_WITH_KNOTS('',1,(#1758,#1759),.UNSPECIFIED.,.F.,
  .F.,(2,2),(0.,0.443967948237),.PIECEWISE_BEZIER_KNOTS.);
#1758 = CARTESIAN_POINT('',(13.887366267179,3.194300887707,0.));
#1759 = CARTESIAN_POINT('',(13.781117782725,3.625367934248,0.));
#1760 = ORIENTED_EDGE('',*,*,#1761,.T.);
#1761 = EDGE_CURVE('',#1755,#1762,#1764,.T.);
#1762 = VERTEX_POINT('',#1763);
#1763 = CARTESIAN_POINT('',(11.788916169544,3.844665856412,0.));
#1764 = B_SPLINE_CURVE_WITH_KNOTS('',3,(#1765,#1766,#1767,#1768,#1769,
    #1770,#1771,#1772,#1773,#1774,#1775,#1776,#1777,#1778,#1779,#1780,
    #1781,#1782,#1783,#1784,#1785,#1786),.UNSPECIFIED.,.F.,.F.,(4,1,1,1,
    1,1,1,1,1,1,1,1,1,1,1,1,1,1,1,4),(0.,0.161575449659,0.316998684245,
    0.466269703761,0.609388508206,0.746355097584,0.877169471895,
    1.001831631143,1.120341575329,1.232699304458,1.338904818531,
    1.438958117555,1.532859201532,1.620608070471,1.702204724377,
    1.777649163261,1.846941387134,1.910081396012,1.967069189913,
    2.017904768867),.UNSPECIFIED.);
#1765 = CARTESIAN_POINT('',(13.781117782725,3.625367934248,0.));
#1766 = CARTESIAN_POINT('',(13.729410485774,3.640438500349,0.));
#1767 = CARTESIAN_POINT('',(13.627637388776,3.668894042367,0.));
#1768 = CARTESIAN_POINT('',(13.477040644184,3.707376706131,0.));
#1769 = CARTESIAN_POINT('',(13.331612096932,3.741083478814,0.));
#1770 = CARTESIAN_POINT('',(13.191487681849,3.770265145212,0.));
#1771 = CARTESIAN_POINT('',(13.056794096631,3.795177671245,0.));
#1772 = CARTESIAN_POINT('',(12.927649352628,3.816079970626,0.));
#1773 = CARTESIAN_POINT('',(12.804162528359,3.83323413306,0.));
#1774 = CARTESIAN_POINT('',(12.686433733001,3.846905030657,0.));
#1775 = CARTESIAN_POINT('',(12.574554026761,3.857360077775,0.));
#1776 = CARTESIAN_POINT('',(12.468605361426,3.864868950826,0.));
#1777 = CARTESIAN_POINT('',(12.368660526032,3.869703314504,0.));
#1778 = CARTESIAN_POINT('',(12.27478309904,3.872136550466,0.));
#1779 = CARTESIAN_POINT('',(12.187027414901,3.872443464735,0.));
#1780 = CARTESIAN_POINT('',(12.105438515436,3.870900064254,0.));
#1781 = CARTESIAN_POINT('',(12.030052186101,3.867783097814,0.));
#1782 = CARTESIAN_POINT('',(11.960894744106,3.863370376803,0.));
#1783 = CARTESIAN_POINT('',(11.897983676162,3.857938529526,0.));
#1784 = CARTESIAN_POINT('',(11.841325547996,3.851769096208,0.));
#1785 = CARTESIAN_POINT('',(11.805690362186,3.847073713336,0.));
#1786 = CARTESIAN_POINT('',(11.788916169544,3.844665856412,0.));
#1787 = ORIENTED_EDGE('',*,*,#1788,.T.);
#1788 = EDGE_CURVE('',#1762,#1789,#1791,.T.);
#1789 = VERTEX_POINT('',#1790);
#1790 = CARTESIAN_POINT('',(11.373615504943,4.939723711475,0.));
#1791 = B_SPLINE_CURVE_WITH_KNOTS('',1,(#1792,#1793),.UNSPECIFIED.,.F.,
  .F.,(2,2),(0.,1.171164526424),.PIECEWISE_BEZIER_KNOTS.);
#1792 = CARTESIAN_POINT('',(11.788916169544,3.844665856412,0.));
#1793 = CARTESIAN_POINT('',(11.373615504943,4.939723711475,0.));
#1794 = ORIENTED_EDGE('',*,*,#1795,.T.);
#1795 = EDGE_CURVE('',#1789,#1796,#1798,.T.);
#1796 = VERTEX_POINT('',#1797);
#1797 = CARTESIAN_POINT('',(12.71937840384,6.424944592751,0.));
#1798 = B_SPLINE_CURVE_WITH_KNOTS('',3,(#1799,#1800,#1801,#1802,#1803,
    #1804,#1805,#1806,#1807,#1808,#1809,#1810,#1811,#1812,#1813,#1814,
    #1815,#1816,#1817,#1818,#1819,#1820),.UNSPECIFIED.,.F.,.F.,(4,1,1,1,
    1,1,1,1,1,1,1,1,1,1,1,1,1,1,1,4),(0.,5.083557895354E-02,
    0.107823372855,0.170963381733,0.240255605606,0.31570004449,
    0.397296698396,0.485045567335,0.578946651312,0.678999950336,
    0.785205464409,0.897563193537,1.016073137724,1.140735296972,
    1.271549671283,1.408516260661,1.551635065106,1.700906084621,
    1.856329319208,2.017904768867),.UNSPECIFIED.);
#1799 = CARTESIAN_POINT('',(11.373615504943,4.939723711475,0.));
#1800 = CARTESIAN_POINT('',(11.387767872912,4.949044751902,0.));
#1801 = CARTESIAN_POINT('',(11.417554807275,4.969160706497,0.));
#1802 = CARTESIAN_POINT('',(11.4640551162,5.002114107908,0.));
#1803 = CARTESIAN_POINT('',(11.514746707741,5.039766066447,0.));
#1804 = CARTESIAN_POINT('',(11.569437971677,5.082322964114,0.));
#1805 = CARTESIAN_POINT('',(11.627932380521,5.129980264336,0.));
#1806 = CARTESIAN_POINT('',(11.690026012532,5.182928460383,0.));
#1807 = CARTESIAN_POINT('',(11.755508563517,5.241350971555,0.));
#1808 = CARTESIAN_POINT('',(11.824163292732,5.305424523761,0.));
#1809 = CARTESIAN_POINT('',(11.895767300155,5.375318781859,0.));
#1810 = CARTESIAN_POINT('',(11.970091711055,5.451196214638,0.));
#1811 = CARTESIAN_POINT('',(12.046901895041,5.533211897983,0.));
#1812 = CARTESIAN_POINT('',(12.12595768178,5.621513343501,0.));
#1813 = CARTESIAN_POINT('',(12.20701358321,5.716240329625,0.));
#1814 = CARTESIAN_POINT('',(12.289819023837,5.817524731315,0.));
#1815 = CARTESIAN_POINT('',(12.374118559596,5.925490393092,0.));
#1816 = CARTESIAN_POINT('',(12.459652166173,6.040252858655,0.));
#1817 = CARTESIAN_POINT('',(12.546155272181,6.161919705132,0.));
#1818 = CARTESIAN_POINT('',(12.633359827856,6.290588506174,0.));
#1819 = CARTESIAN_POINT('',(12.690668570169,6.379375831838,0.));
#1820 = CARTESIAN_POINT('',(12.71937840384,6.424944592751,0.));
#1821 = ORIENTED_EDGE('',*,*,#1822,.T.);
#1822 = EDGE_CURVE('',#1796,#1823,#1825,.T.);
#1823 = VERTEX_POINT('',#1824);
#1824 = CARTESIAN_POINT('',(12.51305621065,6.818058687714,0.));
#1825 = B_SPLINE_CURVE_WITH_KNOTS('',1,(#1826,#1827),.UNSPECIFIED.,.F.,
  .F.,(2,2),(0.,0.443967948237),.PIECEWISE_BEZIER_KNOTS.);
#1826 = CARTESIAN_POINT('',(12.71937840384,6.424944592751,0.));
#1827 = CARTESIAN_POINT('',(12.51305621065,6.818058687714,0.));
#1828 = ORIENTED_EDGE('',*,*,#1829,.T.);
#1829 = EDGE_CURVE('',#1823,#1830,#1832,.T.);
#1830 = VERTEX_POINT('',#1831);
#1831 = CARTESIAN_POINT('',(10.52626292775,6.554219158365,0.));
#1832 = B_SPLINE_CURVE_WITH_KNOTS('',3,(#1833,#1834,#1835,#1836,#1837,
    #1838,#1839,#1840,#1841,#1842,#1843,#1844,#1845,#1846,#1847,#1848,
    #1849,#1850,#1851,#1852,#1853,#1854),.UNSPECIFIED.,.F.,.F.,(4,1,1,1,
    1,1,1,1,1,1,1,1,1,1,1,1,1,1,1,4),(0.,0.161575449659,0.316998684245,
    0.466269703761,0.609388508206,0.746355097584,0.877169471895,
    1.001831631143,1.120341575329,1.232699304458,1.338904818531,
    1.438958117555,1.532859201532,1.620608070471,1.702204724377,
    1.777649163261,1.846941387134,1.910081396012,1.967069189913,
    2.017904768867),.UNSPECIFIED.);
#1833 = CARTESIAN_POINT('',(12.51305621065,6.818058687714,0.));
#1834 = CARTESIAN_POINT('',(12.459244811237,6.820316964437,0.));
#1835 = CARTESIAN_POINT('',(12.353619198532,6.823589743805,0.));
#1836 = CARTESIAN_POINT('',(12.198189017397,6.824914011327,0.));
#1837 = CARTESIAN_POINT('',(12.048919800727,6.822837997063,0.));
#1838 = CARTESIAN_POINT('',(11.905883516601,6.817637729793,0.));
#1839 = CARTESIAN_POINT('',(11.769141924457,6.809592058274,0.));
#1840 = CARTESIAN_POINT('',(11.638747644342,6.798980614624,0.));
#1841 = CARTESIAN_POINT('',(11.51474386298,6.786083976893,0.));
#1842 = CARTESIAN_POINT('',(11.397164392512,6.771183278185,0.));
#1843 = CARTESIAN_POINT('',(11.286033650657,6.754559954416,0.));
#1844 = CARTESIAN_POINT('',(11.18136667004,6.736495458038,0.));
#1845 = CARTESIAN_POINT('',(11.083169110965,6.717270979219,0.));
#1846 = CARTESIAN_POINT('',(10.991437279906,6.697167170964,0.));
#1847 = CARTESIAN_POINT('',(10.906158167066,6.676463857017,0.));
#1848 = CARTESIAN_POINT('',(10.827309452649,6.655439803275,0.));
#1849 = CARTESIAN_POINT('',(10.75485965193,6.634372280732,0.));
#1850 = CARTESIAN_POINT('',(10.68876783277,6.613537326202,0.));
#1851 = CARTESIAN_POINT('',(10.628984772264,6.593207714519,0.));
#1852 = CARTESIAN_POINT('',(10.575449468363,6.573658376142,0.));
#1853 = CARTESIAN_POINT('',(10.54197345496,6.560571374398,0.));
#1854 = CARTESIAN_POINT('',(10.52626292775,6.554219158365,0.));
#1855 = ORIENTED_EDGE('',*,*,#1856,.T.);
#1856 = EDGE_CURVE('',#1830,#1857,#1859,.T.);
#1857 = VERTEX_POINT('',#1858);
#1858 = CARTESIAN_POINT('',(9.860965647666,7.518068667919,0.));
#1859 = B_SPLINE_CURVE_WITH_KNOTS('',1,(#1860,#1861),.UNSPECIFIED.,.F.,
  .F.,(2,2),(0.,1.171164526424),.PIECEWISE_BEZIER_KNOTS.);
#1860 = CARTESIAN_POINT('',(10.52626292775,6.554219158365,0.));
#1861 = CARTESIAN_POINT('',(9.860965647666,7.518068667919,0.));
#1862 = ORIENTED_EDGE('',*,*,#1863,.T.);
#1863 = EDGE_CURVE('',#1857,#1864,#1866,.T.);
#1864 = VERTEX_POINT('',#1865);
#1865 = CARTESIAN_POINT('',(10.81218650073,9.282193871787,0.));
#1866 = B_SPLINE_CURVE_WITH_KNOTS('',3,(#1867,#1868,#1869,#1870,#1871,
    #1872,#1873,#1874,#1875,#1876,#1877,#1878,#1879,#1880,#1881,#1882,
    #1883,#1884,#1885,#1886,#1887,#1888),.UNSPECIFIED.,.F.,.F.,(4,1,1,1,
    1,1,1,1,1,1,1,1,1,1,1,1,1,1,1,4),(0.,5.083557895354E-02,
    0.107823372855,0.170963381733,0.240255605606,0.31570004449,
    0.397296698396,0.485045567335,0.578946651312,0.678999950336,
    0.785205464409,0.897563193537,1.016073137724,1.140735296972,
    1.271549671283,1.408516260661,1.551635065106,1.700906084621,
    1.856329319208,2.017904768867),.UNSPECIFIED.);
#1867 = CARTESIAN_POINT('',(9.860965647666,7.518068667919,0.));
#1868 = CARTESIAN_POINT('',(9.872476102561,7.530505739193,0.));
#1869 = CARTESIAN_POINT('',(9.896583419711,7.557165640691,0.));
#1870 = CARTESIAN_POINT('',(9.93384624902,7.600289728468,0.));
#1871 = CARTESIAN_POINT('',(9.974054131569,7.648978881424,0.));
#1872 = CARTESIAN_POINT('',(10.016971634537,7.703387629149,0.));
#1873 = CARTESIAN_POINT('',(10.062361163708,7.76365872315,0.));
#1874 = CARTESIAN_POINT('',(10.109979134914,7.829928319642,0.));
#1875 = CARTESIAN_POINT('',(10.159577459907,7.902324179005,0.));
#1876 = CARTESIAN_POINT('',(10.210903402756,7.980966022362,0.));
#1877 = CARTESIAN_POINT('',(10.263699937052,8.065965240949,0.));
#1878 = CARTESIAN_POINT('',(10.317705957421,8.157424809201,0.));
#1879 = CARTESIAN_POINT('',(10.372656539315,8.25543914605,0.));
#1880 = CARTESIAN_POINT('',(10.428283189478,8.360094000161,0.));
#1881 = CARTESIAN_POINT('',(10.484314102115,8.471466339123,0.));
#1882 = CARTESIAN_POINT('',(10.540474423258,8.589624239207,0.));
#1883 = CARTESIAN_POINT('',(10.596486493647,8.714626814472,0.));
#1884 = CARTESIAN_POINT('',(10.652070193387,8.846524023235,0.));
#1885 = CARTESIAN_POINT('',(10.70694289416,8.985357000551,0.));
#1886 = CARTESIAN_POINT('',(10.760820984341,9.131156336251,0.));
#1887 = CARTESIAN_POINT('',(10.795216240935,9.231078543332,0.));
#1888 = CARTESIAN_POINT('',(10.81218650073,9.282193871787,0.));
#1889 = ORIENTED_EDGE('',*,*,#1890,.T.);
#1890 = EDGE_CURVE('',#1864,#1891,#1893,.T.);
#1891 = VERTEX_POINT('',#1892);
#1892 = CARTESIAN_POINT('',(10.517781294721,9.614508652886,0.));
#1893 = B_SPLINE_CURVE_WITH_KNOTS('',1,(#1894,#1895),.UNSPECIFIED.,.F.,
  .F.,(2,2),(0.,0.443967948237),.PIECEWISE_BEZIER_KNOTS.);
#1894 = CARTESIAN_POINT('',(10.81218650073,9.282193871787,0.));
#1895 = CARTESIAN_POINT('',(10.517781294721,9.614508652886,0.));
#1896 = ORIENTED_EDGE('',*,*,#1897,.T.);
#1897 = EDGE_CURVE('',#1891,#1898,#1900,.T.);
#1898 = VERTEX_POINT('',#1899);
#1899 = CARTESIAN_POINT('',(8.651861546003,8.882865066452,0.));
#1900 = B_SPLINE_CURVE_WITH_KNOTS('',3,(#1901,#1902,#1903,#1904,#1905,
    #1906,#1907,#1908,#1909,#1910,#1911,#1912,#1913,#1914,#1915,#1916,
    #1917,#1918,#1919,#1920,#1921,#1922),.UNSPECIFIED.,.F.,.F.,(4,1,1,1,
    1,1,1,1,1,1,1,1,1,1,1,1,1,1,1,4),(0.,0.161575449659,0.316998684245,
    0.466269703761,0.609388508206,0.746355097584,0.877169471895,
    1.001831631143,1.120341575329,1.232699304458,1.338904818531,
    1.438958117555,1.532859201532,1.620608070471,1.702204724377,
    1.777649163261,1.846941387134,1.910081396012,1.967069189913,
    2.017904768867),.UNSPECIFIED.);
#1901 = CARTESIAN_POINT('',(10.517781294721,9.614508652886,0.));
#1902 = CARTESIAN_POINT('',(10.464993115783,9.603823397394,0.));
#1903 = CARTESIAN_POINT('',(10.361653564047,9.581723212072,0.));
#1904 = CARTESIAN_POINT('',(10.210422983532,9.545812121738,0.));
#1905 = CARTESIAN_POINT('',(10.065988081745,9.508073970931,0.));
#1906 = CARTESIAN_POINT('',(9.928352677494,9.468793990623,0.));
#1907 = CARTESIAN_POINT('',(9.797510002725,9.428257706737,0.));
#1908 = CARTESIAN_POINT('',(9.673444228094,9.386749218588,0.));
#1909 = CARTESIAN_POINT('',(9.556130138676,9.3445512864,0.));
#1910 = CARTESIAN_POINT('',(9.445533284538,9.301944965834,0.));
#1911 = CARTESIAN_POINT('',(9.341610021839,9.259209358332,0.));
#1912 = CARTESIAN_POINT('',(9.244307590406,9.216621335393,0.));
#1913 = CARTESIAN_POINT('',(9.15356419285,9.174455270908,0.));
#1914 = CARTESIAN_POINT('',(9.069309078312,9.132982778697,0.));
#1915 = CARTESIAN_POINT('',(8.991462648833,9.092472437888,0.));
#1916 = CARTESIAN_POINT('',(8.919936520143,9.053189572469,0.));
#1917 = CARTESIAN_POINT('',(8.854633767112,9.015395861656,0.));
#1918 = CARTESIAN_POINT('',(8.795448587085,8.979349525433,0.));
#1919 = CARTESIAN_POINT('',(8.74226790819,8.945303632479,0.));
#1920 = CARTESIAN_POINT('',(8.694966705824,8.91351052553,0.));
#1921 = CARTESIAN_POINT('',(8.665595369046,8.892792473887,0.));
#1922 = CARTESIAN_POINT('',(8.651861546003,8.882865066452,0.));
#1923 = ORIENTED_EDGE('',*,*,#1924,.T.);
#1924 = EDGE_CURVE('',#1898,#1925,#1927,.T.);
#1925 = VERTEX_POINT('',#1926);
#1926 = CARTESIAN_POINT('',(7.775232310098,9.659490800451,0.));
#1927 = B_SPLINE_CURVE_WITH_KNOTS('',1,(#1928,#1929),.UNSPECIFIED.,.F.,
  .F.,(2,2),(0.,1.171164526424),.PIECEWISE_BEZIER_KNOTS.);
#1928 = CARTESIAN_POINT('',(8.651861546003,8.882865066452,0.));
#1929 = CARTESIAN_POINT('',(7.775232310098,9.659490800451,0.));
#1930 = ORIENTED_EDGE('',*,*,#1931,.T.);
#1931 = EDGE_CURVE('',#1925,#1932,#1934,.T.);
#1932 = VERTEX_POINT('',#1933);
#1933 = CARTESIAN_POINT('',(8.276629618895,11.599995782397,0.));
#1934 = B_SPLINE_CURVE_WITH_KNOTS('',3,(#1935,#1936,#1937,#1938,#1939,
    #1940,#1941,#1942,#1943,#1944,#1945,#1946,#1947,#1948,#1949,#1950,
    #1951,#1952,#1953,#1954,#1955,#1956),.UNSPECIFIED.,.F.,.F.,(4,1,1,1,
    1,1,1,1,1,1,1,1,1,1,1,1,1,1,1,4),(0.,5.083557895354E-02,
    0.107823372855,0.170963381733,0.240255605606,0.31570004449,
    0.397296698396,0.485045567335,0.578946651312,0.678999950336,
    0.785205464409,0.897563193537,1.016073137724,1.140735296972,
    1.271549671283,1.408516260661,1.551635065106,1.700906084621,
    1.856329319208,2.017904768867),.UNSPECIFIED.);
#1935 = CARTESIAN_POINT('',(7.775232310098,9.659490800451,0.));
#1936 = CARTESIAN_POINT('',(7.783431906119,9.674321105196,0.));
#1937 = CARTESIAN_POINT('',(7.800458576409,9.705975577027,0.));
#1938 = CARTESIAN_POINT('',(7.826318345908,9.756764135938,0.));
#1939 = CARTESIAN_POINT('',(7.853705783482,9.81366084672,0.));
#1940 = CARTESIAN_POINT('',(7.882355316208,9.876759405852,0.));
#1941 = CARTESIAN_POINT('',(7.912002091256,9.946141556725,0.));
#1942 = CARTESIAN_POINT('',(7.942377018254,10.021881205594,0.));
#1943 = CARTESIAN_POINT('',(7.973208642888,10.104043028952,0.));
#1944 = CARTESIAN_POINT('',(8.004222922136,10.192682785374,0.));
#1945 = CARTESIAN_POINT('',(8.035143640639,10.287847118826,0.));
#1946 = CARTESIAN_POINT('',(8.065692636876,10.389573524885,0.));
#1947 = CARTESIAN_POINT('',(8.095590088596,10.497890278249,0.));
#1948 = CARTESIAN_POINT('',(8.12455478347,10.612816381238,0.));
#1949 = CARTESIAN_POINT('',(8.152304394336,10.734361517519,0.));
#1950 = CARTESIAN_POINT('',(8.178555762264,10.862526008331,0.));
#1951 = CARTESIAN_POINT('',(8.203025149349,10.997300801775,0.));
#1952 = CARTESIAN_POINT('',(8.22542861966,11.138667367391,0.));
#1953 = CARTESIAN_POINT('',(8.245481913285,11.286598007542,0.));
#1954 = CARTESIAN_POINT('',(8.262902339209,11.441054550468,0.));
#1955 = CARTESIAN_POINT('',(8.272385182793,11.546304523493,0.));
#1956 = CARTESIAN_POINT('',(8.276629618895,11.599995782397,0.));
#1957 = ORIENTED_EDGE('',*,*,#1958,.T.);
#1958 = EDGE_CURVE('',#1932,#1959,#1961,.T.);
#1959 = VERTEX_POINT('',#1960);
#1960 = CARTESIAN_POINT('',(7.911251160522,11.852198322469,0.));
#1961 = B_SPLINE_CURVE_WITH_KNOTS('',1,(#1962,#1963),.UNSPECIFIED.,.F.,
  .F.,(2,2),(0.,0.443967948237),.PIECEWISE_BEZIER_KNOTS.);
#1962 = CARTESIAN_POINT('',(8.276629618895,11.599995782397,0.));
#1963 = CARTESIAN_POINT('',(7.911251160522,11.852198322469,0.));
#1964 = ORIENTED_EDGE('',*,*,#1965,.T.);
#1965 = EDGE_CURVE('',#1959,#1966,#1968,.T.);
#1966 = VERTEX_POINT('',#1967);
#1967 = CARTESIAN_POINT('',(6.274645419441,10.695271144777,0.));
#1968 = B_SPLINE_CURVE_WITH_KNOTS('',3,(#1969,#1970,#1971,#1972,#1973,
    #1974,#1975,#1976,#1977,#1978,#1979,#1980,#1981,#1982,#1983,#1984,
    #1985,#1986,#1987,#1988,#1989,#1990),.UNSPECIFIED.,.F.,.F.,(4,1,1,1,
    1,1,1,1,1,1,1,1,1,1,1,1,1,1,1,4),(0.,0.161575449659,0.316998684245,
    0.466269703761,0.609388508206,0.746355097584,0.877169471895,
    1.001831631143,1.120341575329,1.232699304458,1.338904818531,
    1.438958117555,1.532859201532,1.620608070471,1.702204724377,
    1.777649163261,1.846941387134,1.910081396012,1.967069189913,
    2.017904768867),.UNSPECIFIED.);
#1969 = CARTESIAN_POINT('',(7.911251160522,11.852198322469,0.));
#1970 = CARTESIAN_POINT('',(7.862554059141,11.829190522973,0.));
#1971 = CARTESIAN_POINT('',(7.767506287499,11.7830017554,0.));
#1972 = CARTESIAN_POINT('',(7.629264279241,11.711942329249,0.));
#1973 = CARTESIAN_POINT('',(7.49805772383,11.64073524605,0.));
#1974 = CARTESIAN_POINT('',(7.373822068865,11.569658362384,0.));
#1975 = CARTESIAN_POINT('',(7.256482412133,11.498987287606,0.));
#1976 = CARTESIAN_POINT('',(7.145955394848,11.428994077414,0.));
#1977 = CARTESIAN_POINT('',(7.042148865832,11.359947241204,0.));
#1978 = CARTESIAN_POINT('',(6.944962115183,11.292111423264,0.));
#1979 = CARTESIAN_POINT('',(6.854285973923,11.225747170199,0.));
#1980 = CARTESIAN_POINT('',(6.770002955307,11.16111068179,0.));
#1981 = CARTESIAN_POINT('',(6.691987395698,11.09845357004,0.));
#1982 = CARTESIAN_POINT('',(6.620105598684,11.038022624375,0.));
#1983 = CARTESIAN_POINT('',(6.554216004087,10.980059570462,0.));
#1984 = CARTESIAN_POINT('',(6.494169299736,10.924800870717,0.));
#1985 = CARTESIAN_POINT('',(6.439808753035,10.872477404731,0.));
#1986 = CARTESIAN_POINT('',(6.390969839672,10.823314568853,0.));
#1987 = CARTESIAN_POINT('',(6.347482210143,10.777531018176,0.));
#1988 = CARTESIAN_POINT('',(6.309164083261,10.735341842467,0.));
#1989 = CARTESIAN_POINT('',(6.28560437844,10.708196798779,0.));
#1990 = CARTESIAN_POINT('',(6.274645419441,10.695271144777,0.));
#1991 = ORIENTED_EDGE('',*,*,#1992,.T.);
#1992 = EDGE_CURVE('',#1966,#1993,#1995,.T.);
#1993 = VERTEX_POINT('',#1994);
#1994 = CARTESIAN_POINT('',(5.237630732487,11.239538438482,0.));
#1995 = B_SPLINE_CURVE_WITH_KNOTS('',1,(#1996,#1997),.UNSPECIFIED.,.F.,
  .F.,(2,2),(0.,1.171164526424),.PIECEWISE_BEZIER_KNOTS.);
#1996 = CARTESIAN_POINT('',(6.274645419441,10.695271144777,0.));
#1997 = CARTESIAN_POINT('',(5.237630732487,11.239538438482,0.));
#1998 = ORIENTED_EDGE('',*,*,#1999,.T.);
#1999 = EDGE_CURVE('',#1993,#2000,#2002,.T.);
#2000 = VERTEX_POINT('',#2001);
#2001 = CARTESIAN_POINT('',(5.260065107935,13.243648102403,0.));
#2002 = B_SPLINE_CURVE_WITH_KNOTS('',3,(#2003,#2004,#2005,#2006,#2007,
    #2008,#2009,#2010,#2011,#2012,#2013,#2014,#2015,#2016,#2017,#2018,
    #2019,#2020,#2021,#2022,#2023,#2024),.UNSPECIFIED.,.F.,.F.,(4,1,1,1,
    1,1,1,1,1,1,1,1,1,1,1,1,1,1,1,4),(0.,5.083557895354E-02,
    0.107823372855,0.170963381733,0.240255605606,0.31570004449,
    0.397296698396,0.485045567335,0.578946651312,0.678999950336,
    0.785205464409,0.897563193537,1.016073137724,1.140735296972,
    1.271549671283,1.408516260661,1.551635065106,1.700906084621,
    1.856329319208,2.017904768867),.UNSPECIFIED.);
#2003 = CARTESIAN_POINT('',(5.237630732487,11.239538438482,0.));
#2004 = CARTESIAN_POINT('',(5.242042938918,11.255900093293,0.));
#2005 = CARTESIAN_POINT('',(5.25099943416,11.290709492613,0.));
#2006 = CARTESIAN_POINT('',(5.263953268042,11.346210876221,0.));
#2007 = CARTESIAN_POINT('',(5.276928602318,11.40800851481,0.));
#2008 = CARTESIAN_POINT('',(5.289645158097,11.476129826447,0.));
#2009 = CARTESIAN_POINT('',(5.301826216217,11.550590795777,0.));
#2010 = CARTESIAN_POINT('',(5.313192818659,11.631398783933,0.));
#2011 = CARTESIAN_POINT('',(5.323465920979,11.718551624758,0.));
#2012 = CARTESIAN_POINT('',(5.332366099448,11.812037873795,0.));
#2013 = CARTESIAN_POINT('',(5.339614002391,11.91183671696,0.));
#2014 = CARTESIAN_POINT('',(5.344930577876,12.017917991867,0.));
#2015 = CARTESIAN_POINT('',(5.348037368201,12.130242185754,0.));
#2016 = CARTESIAN_POINT('',(5.348656785002,12.248760450255,0.));
#2017 = CARTESIAN_POINT('',(5.346512387579,12.373414622333,0.));
#2018 = CARTESIAN_POINT('',(5.341329168208,12.504137249526,0.));
#2019 = CARTESIAN_POINT('',(5.332833800154,12.64085164004,0.));
#2020 = CARTESIAN_POINT('',(5.320755032776,12.783471851563,0.));
#2021 = CARTESIAN_POINT('',(5.304823494717,12.931902963449,0.));
#2022 = CARTESIAN_POINT('',(5.28477384455,13.086040260753,0.));
#2023 = CARTESIAN_POINT('',(5.268793166723,13.190501253857,0.));
#2024 = CARTESIAN_POINT('',(5.260065107935,13.243648102403,0.));
#2025 = ORIENTED_EDGE('',*,*,#2026,.T.);
#2026 = EDGE_CURVE('',#2000,#2027,#2029,.T.);
#2027 = VERTEX_POINT('',#2028);
#2028 = CARTESIAN_POINT('',(4.844947865102,13.401081306538,0.));
#2029 = B_SPLINE_CURVE_WITH_KNOTS('',1,(#2030,#2031),.UNSPECIFIED.,.F.,
  .F.,(2,2),(0.,0.443967948237),.PIECEWISE_BEZIER_KNOTS.);
#2030 = CARTESIAN_POINT('',(5.260065107935,13.243648102403,0.));
#2031 = CARTESIAN_POINT('',(4.844947865102,13.401081306538,0.));
#2032 = ORIENTED_EDGE('',*,*,#2033,.T.);
#2033 = EDGE_CURVE('',#2027,#2034,#2036,.T.);
#2034 = VERTEX_POINT('',#2035);
#2035 = CARTESIAN_POINT('',(3.532769708508,11.886106939896,0.));
#2036 = B_SPLINE_CURVE_WITH_KNOTS('',3,(#2037,#2038,#2039,#2040,#2041,
    #2042,#2043,#2044,#2045,#2046,#2047,#2048,#2049,#2050,#2051,#2052,
    #2053,#2054,#2055,#2056,#2057,#2058),.UNSPECIFIED.,.F.,.F.,(4,1,1,1,
    1,1,1,1,1,1,1,1,1,1,1,1,1,1,1,4),(0.,0.161575449659,0.316998684245,
    0.466269703761,0.609388508206,0.746355097584,0.877169471895,
    1.001831631143,1.120341575329,1.232699304458,1.338904818531,
    1.438958117555,1.532859201532,1.620608070471,1.702204724377,
    1.777649163261,1.846941387134,1.910081396012,1.967069189913,
    2.017904768867),.UNSPECIFIED.);
#2037 = CARTESIAN_POINT('',(4.844947865102,13.401081306538,0.));
#2038 = CARTESIAN_POINT('',(4.803171939804,13.367088092715,0.));
#2039 = CARTESIAN_POINT('',(4.721939779257,13.299495066173,0.));
#2040 = CARTESIAN_POINT('',(4.604720466288,13.197417019762,0.));
#2041 = CARTESIAN_POINT('',(4.494367505337,13.09687930102,0.));
#2042 = CARTESIAN_POINT('',(4.390751724346,12.998136244121,0.));
#2043 = CARTESIAN_POINT('',(4.293734439989,12.901437524438,0.));
#2044 = CARTESIAN_POINT('',(4.203169608544,12.807027343163,0.));
#2045 = CARTESIAN_POINT('',(4.118903498075,12.715144354077,0.));
#2046 = CARTESIAN_POINT('',(4.040774991603,12.626021409928,0.));
#2047 = CARTESIAN_POINT('',(3.968615739518,12.539885360465,0.));
#2048 = CARTESIAN_POINT('',(3.902250356406,12.456956844349,0.));
#2049 = CARTESIAN_POINT('',(3.841496615492,12.377450088919,0.));
#2050 = CARTESIAN_POINT('',(3.786165644766,12.301572716703,0.));
#2051 = CARTESIAN_POINT('',(3.736062148789,12.229525551693,0.));
#2052 = CARTESIAN_POINT('',(3.690984564973,12.161502452394,0.));
#2053 = CARTESIAN_POINT('',(3.650725461983,12.097690080891,0.));
#2054 = CARTESIAN_POINT('',(3.615071155408,12.038267910679,0.));
#2055 = CARTESIAN_POINT('',(3.583803918201,11.983407475827,0.));
#2056 = CARTESIAN_POINT('',(3.556695777056,11.933274112899,0.));
#2057 = CARTESIAN_POINT('',(3.540316908602,11.901279648437,0.));
#2058 = CARTESIAN_POINT('',(3.532769708508,11.886106939896,0.));
#2059 = ORIENTED_EDGE('',*,*,#2060,.T.);
#2060 = EDGE_CURVE('',#2034,#2061,#2063,.T.);
#2061 = VERTEX_POINT('',#2062);
#2062 = CARTESIAN_POINT('',(2.395637094717,12.166384956527,0.));
#2063 = B_SPLINE_CURVE_WITH_KNOTS('',1,(#2064,#2065),.UNSPECIFIED.,.F.,
  .F.,(2,2),(0.,1.171164526424),.PIECEWISE_BEZIER_KNOTS.);
#2064 = CARTESIAN_POINT('',(3.532769708508,11.886106939896,0.));
#2065 = CARTESIAN_POINT('',(2.395637094717,12.166384956527,0.));
#2066 = ORIENTED_EDGE('',*,*,#2067,.T.);
#2067 = EDGE_CURVE('',#2061,#2068,#2070,.T.);
#2068 = VERTEX_POINT('',#2069);
#2069 = CARTESIAN_POINT('',(1.937804732461,14.1176277334,0.));
#2070 = B_SPLINE_CURVE_WITH_KNOTS('',3,(#2071,#2072,#2073,#2074,#2075,
    #2076,#2077,#2078,#2079,#2080,#2081,#2082,#2083,#2084,#2085,#2086,
    #2087,#2088,#2089,#2090,#2091,#2092),.UNSPECIFIED.,.F.,.F.,(4,1,1,1,
    1,1,1,1,1,1,1,1,1,1,1,1,1,1,1,4),(0.,5.083557895354E-02,
    0.107823372855,0.170963381733,0.240255605606,0.31570004449,
    0.397296698396,0.485045567335,0.578946651312,0.678999950336,
    0.785205464409,0.897563193537,1.016073137724,1.140735296972,
    1.271549671283,1.408516260661,1.551635065106,1.700906084621,
    1.856329319208,2.017904768867),.UNSPECIFIED.);
#2071 = CARTESIAN_POINT('',(2.395637094717,12.166384956527,0.));
#2072 = CARTESIAN_POINT('',(2.396005490158,12.183327081499,0.));
#2073 = CARTESIAN_POINT('',(2.396371291404,12.219268412547,0.));
#2074 = CARTESIAN_POINT('',(2.395666359929,12.276257082178,0.));
#2075 = CARTESIAN_POINT('',(2.393475511642,12.339364194443,0.));
#2076 = CARTESIAN_POINT('',(2.389520050475,12.408549295563,0.));
#2077 = CARTESIAN_POINT('',(2.383527472846,12.483761682467,0.));
#2078 = CARTESIAN_POINT('',(2.375225165113,12.564941743364,0.));
#2079 = CARTESIAN_POINT('',(2.364342709755,12.652020595335,0.));
#2080 = CARTESIAN_POINT('',(2.350611541422,12.744920256002,0.));
#2081 = CARTESIAN_POINT('',(2.333765407031,12.843553662869,0.));
#2082 = CARTESIAN_POINT('',(2.313540581722,12.947824748516,0.));
#2083 = CARTESIAN_POINT('',(2.289676155291,13.05762850906,0.));
#2084 = CARTESIAN_POINT('',(2.261914295766,13.172851084336,0.));
#2085 = CARTESIAN_POINT('',(2.230000514638,13.29336984483,0.));
#2086 = CARTESIAN_POINT('',(2.193683937838,13.419053484467,0.));
#2087 = CARTESIAN_POINT('',(2.152717534555,13.549762128613,0.));
#2088 = CARTESIAN_POINT('',(2.106858503544,13.685347417751,0.));
#2089 = CARTESIAN_POINT('',(2.055868016885,13.825652724675,0.));
#2090 = CARTESIAN_POINT('',(1.999513503417,13.970512876904,0.));
#2091 = CARTESIAN_POINT('',(1.958998043087,14.068113996869,0.));
#2092 = CARTESIAN_POINT('',(1.937804732461,14.1176277334,0.));
#2093 = ORIENTED_EDGE('',*,*,#2094,.T.);
#2094 = EDGE_CURVE('',#2068,#2095,#2097,.T.);
#2095 = VERTEX_POINT('',#2096);
#2096 = CARTESIAN_POINT('',(1.497073810431,14.17114215602,0.));
#2097 = B_SPLINE_CURVE_WITH_KNOTS('',1,(#2098,#2099),.UNSPECIFIED.,.F.,
  .F.,(2,2),(0.,0.443967948237),.PIECEWISE_BEZIER_KNOTS.);
#2098 = CARTESIAN_POINT('',(1.937804732461,14.1176277334,0.));
#2099 = CARTESIAN_POINT('',(1.497073810431,14.17114215602,0.));
#2100 = ORIENTED_EDGE('',*,*,#2101,.T.);
#2101 = EDGE_CURVE('',#2095,#2102,#2104,.T.);
#2102 = VERTEX_POINT('',#2103);
#2103 = CARTESIAN_POINT('',(0.585582263212,12.38616540391,0.));
#2104 = B_SPLINE_CURVE_WITH_KNOTS('',3,(#2105,#2106,#2107,#2108,#2109,
    #2110,#2111,#2112,#2113,#2114,#2115,#2116,#2117,#2118,#2119,#2120,
    #2121,#2122,#2123,#2124,#2125,#2126),.UNSPECIFIED.,.F.,.F.,(4,1,1,1,
    1,1,1,1,1,1,1,1,1,1,1,1,1,1,1,4),(0.,0.161575449659,0.316998684245,
    0.466269703761,0.609388508206,0.746355097584,0.877169471895,
    1.001831631143,1.120341575329,1.232699304458,1.338904818531,
    1.438958117555,1.532859201532,1.620608070471,1.702204724377,
    1.777649163261,1.846941387134,1.910081396012,1.967069189913,
    2.017904768867),.UNSPECIFIED.);
#2105 = CARTESIAN_POINT('',(1.497073810431,14.17114215602,0.));
#2106 = CARTESIAN_POINT('',(1.464646926145,14.128139089896,0.));
#2107 = CARTESIAN_POINT('',(1.401951294598,14.043070065397,0.));
#2108 = CARTESIAN_POINT('',(1.312567037312,13.915905803746,0.));
#2109 = CARTESIAN_POINT('',(1.229480983795,13.791880336234,0.));
#2110 = CARTESIAN_POINT('',(1.152506849341,13.671209693651,0.));
#2111 = CARTESIAN_POINT('',(1.081450229283,13.554103107167,0.));
#2112 = CARTESIAN_POINT('',(1.016110882492,13.440762731378,0.));
#2113 = CARTESIAN_POINT('',(0.956282430616,13.331383494761,0.));
#2114 = CARTESIAN_POINT('',(0.901752713131,13.226152925968,0.));
#2115 = CARTESIAN_POINT('',(0.852303983664,13.125250994209,0.));
#2116 = CARTESIAN_POINT('',(0.807713150894,13.02884995431,0.));
#2117 = CARTESIAN_POINT('',(0.767752015266,12.93711419883,0.));
#2118 = CARTESIAN_POINT('',(0.732187505725,12.850200117134,0.));
#2119 = CARTESIAN_POINT('',(0.700781941437,12.768255960376,0.));
#2120 = CARTESIAN_POINT('',(0.673293223477,12.6914217168,0.));
#2121 = CARTESIAN_POINT('',(0.649475276928,12.619828982863,0.));
#2122 = CARTESIAN_POINT('',(0.629077675841,12.553600878859,0.));
#2123 = CARTESIAN_POINT('',(0.611847969131,12.492851848897,0.));
#2124 = CARTESIAN_POINT('',(0.597525240353,12.437687867577,0.));
#2125 = CARTESIAN_POINT('',(0.589279088565,12.40270338432,0.));
#2126 = CARTESIAN_POINT('',(0.585582263212,12.38616540391,0.));
#2127 = ORIENTED_EDGE('',*,*,#2128,.T.);
#2128 = EDGE_CURVE('',#2102,#2129,#2131,.T.);
#2129 = VERTEX_POINT('',#2130);
#2130 = CARTESIAN_POINT('',(-0.585582263212,12.38616540391,0.));
#2131 = B_SPLINE_CURVE_WITH_KNOTS('',1,(#2132,#2133),.UNSPECIFIED.,.F.,
  .F.,(2,2),(0.,1.171164526424),.PIECEWISE_BEZIER_KNOTS.);
#2132 = CARTESIAN_POINT('',(0.585582263212,12.38616540391,0.));
#2133 = CARTESIAN_POINT('',(-0.585582263212,12.38616540391,0.));
#2134 = ORIENTED_EDGE('',*,*,#2135,.T.);
#2135 = EDGE_CURVE('',#2129,#2136,#2138,.T.);
#2136 = VERTEX_POINT('',#2137);
#2137 = CARTESIAN_POINT('',(-1.497073810431,14.17114215602,0.));
#2138 = B_SPLINE_CURVE_WITH_KNOTS('',3,(#2139,#2140,#2141,#2142,#2143,
    #2144,#2145,#2146,#2147,#2148,#2149,#2150,#2151,#2152,#2153,#2154,
    #2155,#2156,#2157,#2158,#2159,#2160),.UNSPECIFIED.,.F.,.F.,(4,1,1,1,
    1,1,1,1,1,1,1,1,1,1,1,1,1,1,1,4),(0.,5.083557895354E-02,
    0.107823372855,0.170963381733,0.240255605606,0.31570004449,
    0.397296698396,0.485045567335,0.578946651312,0.678999950336,
    0.785205464409,0.897563193537,1.016073137724,1.140735296972,
    1.271549671283,1.408516260661,1.551635065106,1.700906084621,
    1.856329319208,2.017904768867),.UNSPECIFIED.);
#2139 = CARTESIAN_POINT('',(-0.585582263212,12.38616540391,0.));
#2140 = CARTESIAN_POINT('',(-0.589279088565,12.40270338432,0.));
#2141 = CARTESIAN_POINT('',(-0.597525240353,12.437687867577,0.));
#2142 = CARTESIAN_POINT('',(-0.611847969131,12.492851848897,0.));
#2143 = CARTESIAN_POINT('',(-0.629077675841,12.553600878859,0.));
#2144 = CARTESIAN_POINT('',(-0.649475276928,12.619828982863,0.));
#2145 = CARTESIAN_POINT('',(-0.673293223477,12.6914217168,0.));
#2146 = CARTESIAN_POINT('',(-0.700781941437,12.768255960376,0.));
#2147 = CARTESIAN_POINT('',(-0.732187505725,12.850200117134,0.));
#2148 = CARTESIAN_POINT('',(-0.767752015266,12.93711419883,0.));
#2149 = CARTESIAN_POINT('',(-0.807713150894,13.02884995431,0.));
#2150 = CARTESIAN_POINT('',(-0.852303983664,13.125250994209,0.));
#2151 = CARTESIAN_POINT('',(-0.901752713131,13.226152925968,0.));
#2152 = CARTESIAN_POINT('',(-0.956282430616,13.331383494761,0.));
#2153 = CARTESIAN_POINT('',(-1.016110882492,13.440762731378,0.));
#2154 = CARTESIAN_POINT('',(-1.081450229283,13.554103107167,0.));
#2155 = CARTESIAN_POINT('',(-1.152506849341,13.671209693651,0.));
#2156 = CARTESIAN_POINT('',(-1.229480983795,13.791880336234,0.));
#2157 = CARTESIAN_POINT('',(-1.312567037312,13.915905803746,0.));
#2158 = CARTESIAN_POINT('',(-1.401951294598,14.043070065397,0.));
#2159 = CARTESIAN_POINT('',(-1.464646926145,14.128139089896,0.));
#2160 = CARTESIAN_POINT('',(-1.497073810431,14.17114215602,0.));
#2161 = ORIENTED_EDGE('',*,*,#2162,.T.);
#2162 = EDGE_CURVE('',#2136,#2163,#2165,.T.);
#2163 = VERTEX_POINT('',#2164);
#2164 = CARTESIAN_POINT('',(-1.937804732461,14.1176277334,0.));
#2165 = B_SPLINE_CURVE_WITH_KNOTS('',1,(#2166,#2167),.UNSPECIFIED.,.F.,
  .F.,(2,2),(0.,0.443967948237),.PIECEWISE_BEZIER_KNOTS.);
#2166 = CARTESIAN_POINT('',(-1.497073810431,14.17114215602,0.));
#2167 = CARTESIAN_POINT('',(-1.937804732461,14.1176277334,0.));
#2168 = ORIENTED_EDGE('',*,*,#2169,.T.);
#2169 = EDGE_CURVE('',#2163,#2170,#2172,.T.);
#2170 = VERTEX_POINT('',#2171);
#2171 = CARTESIAN_POINT('',(-2.395637094717,12.166384956527,0.));
#2172 = B_SPLINE_CURVE_WITH_KNOTS('',3,(#2173,#2174,#2175,#2176,#2177,
    #2178,#2179,#2180,#2181,#2182,#2183,#2184,#2185,#2186,#2187,#2188,
    #2189,#2190,#2191,#2192,#2193,#2194),.UNSPECIFIED.,.F.,.F.,(4,1,1,1,
    1,1,1,1,1,1,1,1,1,1,1,1,1,1,1,4),(0.,0.161575449659,0.316998684245,
    0.466269703761,0.609388508206,0.746355097584,0.877169471895,
    1.001831631143,1.120341575329,1.232699304458,1.338904818531,
    1.438958117555,1.532859201532,1.620608070471,1.702204724377,
    1.777649163261,1.846941387134,1.910081396012,1.967069189913,
    2.017904768867),.UNSPECIFIED.);
#2173 = CARTESIAN_POINT('',(-1.937804732461,14.1176277334,0.));
#2174 = CARTESIAN_POINT('',(-1.958998043087,14.068113996869,0.));
#2175 = CARTESIAN_POINT('',(-1.999513503417,13.970512876904,0.));
#2176 = CARTESIAN_POINT('',(-2.055868016885,13.825652724675,0.));
#2177 = CARTESIAN_POINT('',(-2.106858503544,13.685347417751,0.));
#2178 = CARTESIAN_POINT('',(-2.152717534555,13.549762128613,0.));
#2179 = CARTESIAN_POINT('',(-2.193683937838,13.419053484467,0.));
#2180 = CARTESIAN_POINT('',(-2.230000514638,13.29336984483,0.));
#2181 = CARTESIAN_POINT('',(-2.261914295766,13.172851084336,0.));
#2182 = CARTESIAN_POINT('',(-2.289676155291,13.05762850906,0.));
#2183 = CARTESIAN_POINT('',(-2.313540581722,12.947824748516,0.));
#2184 = CARTESIAN_POINT('',(-2.333765407031,12.843553662869,0.));
#2185 = CARTESIAN_POINT('',(-2.350611541422,12.744920256002,0.));
#2186 = CARTESIAN_POINT('',(-2.364342709755,12.652020595335,0.));
#2187 = CARTESIAN_POINT('',(-2.375225165113,12.564941743364,0.));
#2188 = CARTESIAN_POINT('',(-2.383527472846,12.483761682467,0.));
#2189 = CARTESIAN_POINT('',(-2.389520050475,12.408549295563,0.));
#2190 = CARTESIAN_POINT('',(-2.393475511642,12.339364194443,0.));
#2191 = CARTESIAN_POINT('',(-2.395666359929,12.276257082178,0.));
#2192 = CARTESIAN_POINT('',(-2.396371291404,12.219268412547,0.));
#2193 = CARTESIAN_POINT('',(-2.396005490158,12.183327081499,0.));
#2194 = CARTESIAN_POINT('',(-2.395637094717,12.166384956527,0.));
#2195 = ORIENTED_EDGE('',*,*,#2196,.T.);
#2196 = EDGE_CURVE('',#2170,#2197,#2199,.T.);
#2197 = VERTEX_POINT('',#2198);
#2198 = CARTESIAN_POINT('',(-3.532769708508,11.886106939896,0.));
#2199 = B_SPLINE_CURVE_WITH_KNOTS('',1,(#2200,#2201),.UNSPECIFIED.,.F.,
  .F.,(2,2),(0.,1.171164526424),.PIECEWISE_BEZIER_KNOTS.);
#2200 = CARTESIAN_POINT('',(-2.395637094717,12.166384956527,0.));
#2201 = CARTESIAN_POINT('',(-3.532769708508,11.886106939896,0.));
#2202 = ORIENTED_EDGE('',*,*,#2203,.T.);
#2203 = EDGE_CURVE('',#2197,#2204,#2206,.T.);
#2204 = VERTEX_POINT('',#2205);
#2205 = CARTESIAN_POINT('',(-4.844947865102,13.401081306538,0.));
#2206 = B_SPLINE_CURVE_WITH_KNOTS('',3,(#2207,#2208,#2209,#2210,#2211,
    #2212,#2213,#2214,#2215,#2216,#2217,#2218,#2219,#2220,#2221,#2222,
    #2223,#2224,#2225,#2226,#2227,#2228),.UNSPECIFIED.,.F.,.F.,(4,1,1,1,
    1,1,1,1,1,1,1,1,1,1,1,1,1,1,1,4),(0.,5.083557895354E-02,
    0.107823372855,0.170963381733,0.240255605606,0.31570004449,
    0.397296698396,0.485045567335,0.578946651312,0.678999950336,
    0.785205464409,0.897563193537,1.016073137724,1.140735296972,
    1.271549671283,1.408516260661,1.551635065106,1.700906084621,
    1.856329319208,2.017904768867),.UNSPECIFIED.);
#2207 = CARTESIAN_POINT('',(-3.532769708508,11.886106939896,0.));
#2208 = CARTESIAN_POINT('',(-3.540316908602,11.901279648437,0.));
#2209 = CARTESIAN_POINT('',(-3.556695777056,11.933274112899,0.));
#2210 = CARTESIAN_POINT('',(-3.583803918201,11.983407475827,0.));
#2211 = CARTESIAN_POINT('',(-3.615071155408,12.038267910679,0.));
#2212 = CARTESIAN_POINT('',(-3.650725461983,12.097690080891,0.));
#2213 = CARTESIAN_POINT('',(-3.690984564973,12.161502452394,0.));
#2214 = CARTESIAN_POINT('',(-3.736062148789,12.229525551693,0.));
#2215 = CARTESIAN_POINT('',(-3.786165644766,12.301572716703,0.));
#2216 = CARTESIAN_POINT('',(-3.841496615492,12.377450088919,0.));
#2217 = CARTESIAN_POINT('',(-3.902250356406,12.456956844349,0.));
#2218 = CARTESIAN_POINT('',(-3.968615739518,12.539885360465,0.));
#2219 = CARTESIAN_POINT('',(-4.040774991603,12.626021409928,0.));
#2220 = CARTESIAN_POINT('',(-4.118903498075,12.715144354077,0.));
#2221 = CARTESIAN_POINT('',(-4.203169608544,12.807027343163,0.));
#2222 = CARTESIAN_POINT('',(-4.293734439989,12.901437524438,0.));
#2223 = CARTESIAN_POINT('',(-4.390751724346,12.998136244121,0.));
#2224 = CARTESIAN_POINT('',(-4.494367505337,13.09687930102,0.));
#2225 = CARTESIAN_POINT('',(-4.604720466288,13.197417019762,0.));
#2226 = CARTESIAN_POINT('',(-4.721939779257,13.299495066173,0.));
#2227 = CARTESIAN_POINT('',(-4.803171939804,13.367088092715,0.));
#2228 = CARTESIAN_POINT('',(-4.844947865102,13.401081306538,0.));
#2229 = ORIENTED_EDGE('',*,*,#2230,.T.);
#2230 = EDGE_CURVE('',#2204,#2231,#2233,.T.);
#2231 = VERTEX_POINT('',#2232);
#2232 = CARTESIAN_POINT('',(-5.260065107935,13.243648102403,0.));
#2233 = B_SPLINE_CURVE_WITH_KNOTS('',1,(#2234,#2235),.UNSPECIFIED.,.F.,
  .F.,(2,2),(0.,0.443967948237),.PIECEWISE_BEZIER_KNOTS.);
#2234 = CARTESIAN_POINT('',(-4.844947865102,13.401081306538,0.));
#2235 = CARTESIAN_POINT('',(-5.260065107935,13.243648102403,0.));
#2236 = ORIENTED_EDGE('',*,*,#2237,.T.);
#2237 = EDGE_CURVE('',#2231,#2238,#2240,.T.);
#2238 = VERTEX_POINT('',#2239);
#2239 = CARTESIAN_POINT('',(-5.237630732487,11.239538438482,0.));
#2240 = B_SPLINE_CURVE_WITH_KNOTS('',3,(#2241,#2242,#2243,#2244,#2245,
    #2246,#2247,#2248,#2249,#2250,#2251,#2252,#2253,#2254,#2255,#2256,
    #2257,#2258,#2259,#2260,#2261,#2262),.UNSPECIFIED.,.F.,.F.,(4,1,1,1,
    1,1,1,1,1,1,1,1,1,1,1,1,1,1,1,4),(0.,0.161575449659,0.316998684245,
    0.466269703761,0.609388508206,0.746355097584,0.877169471895,
    1.001831631143,1.120341575329,1.232699304458,1.338904818531,
    1.438958117555,1.532859201532,1.620608070471,1.702204724377,
    1.777649163261,1.846941387134,1.910081396012,1.967069189913,
    2.017904768867),.UNSPECIFIED.);
#2241 = CARTESIAN_POINT('',(-5.260065107935,13.243648102403,0.));
#2242 = CARTESIAN_POINT('',(-5.268793166723,13.190501253857,0.));
#2243 = CARTESIAN_POINT('',(-5.28477384455,13.086040260753,0.));
#2244 = CARTESIAN_POINT('',(-5.304823494717,12.931902963449,0.));
#2245 = CARTESIAN_POINT('',(-5.320755032776,12.783471851563,0.));
#2246 = CARTESIAN_POINT('',(-5.332833800154,12.64085164004,0.));
#2247 = CARTESIAN_POINT('',(-5.341329168208,12.504137249526,0.));
#2248 = CARTESIAN_POINT('',(-5.346512387579,12.373414622333,0.));
#2249 = CARTESIAN_POINT('',(-5.348656785002,12.248760450255,0.));
#2250 = CARTESIAN_POINT('',(-5.348037368201,12.130242185754,0.));
#2251 = CARTESIAN_POINT('',(-5.344930577876,12.017917991867,0.));
#2252 = CARTESIAN_POINT('',(-5.339614002391,11.91183671696,0.));
#2253 = CARTESIAN_POINT('',(-5.332366099448,11.812037873795,0.));
#2254 = CARTESIAN_POINT('',(-5.323465920979,11.718551624758,0.));
#2255 = CARTESIAN_POINT('',(-5.313192818658,11.631398783933,0.));
#2256 = CARTESIAN_POINT('',(-5.301826216217,11.550590795777,0.));
#2257 = CARTESIAN_POINT('',(-5.289645158097,11.476129826447,0.));
#2258 = CARTESIAN_POINT('',(-5.276928602318,11.40800851481,0.));
#2259 = CARTESIAN_POINT('',(-5.263953268042,11.346210876221,0.));
#2260 = CARTESIAN_POINT('',(-5.25099943416,11.290709492613,0.));
#2261 = CARTESIAN_POINT('',(-5.242042938918,11.255900093293,0.));
#2262 = CARTESIAN_POINT('',(-5.237630732487,11.239538438482,0.));
#2263 = ORIENTED_EDGE('',*,*,#2264,.T.);
#2264 = EDGE_CURVE('',#2238,#2265,#2267,.T.);
#2265 = VERTEX_POINT('',#2266);
#2266 = CARTESIAN_POINT('',(-6.274645419441,10.695271144777,0.));
#2267 = B_SPLINE_CURVE_WITH_KNOTS('',1,(#2268,#2269),.UNSPECIFIED.,.F.,
  .F.,(2,2),(0.,1.171164526424),.PIECEWISE_BEZIER_KNOTS.);
#2268 = CARTESIAN_POINT('',(-5.237630732487,11.239538438482,0.));
#2269 = CARTESIAN_POINT('',(-6.274645419441,10.695271144777,0.));
#2270 = ORIENTED_EDGE('',*,*,#2271,.T.);
#2271 = EDGE_CURVE('',#2265,#2272,#2274,.T.);
#2272 = VERTEX_POINT('',#2273);
#2273 = CARTESIAN_POINT('',(-7.911251160522,11.852198322469,0.));
#2274 = B_SPLINE_CURVE_WITH_KNOTS('',3,(#2275,#2276,#2277,#2278,#2279,
    #2280,#2281,#2282,#2283,#2284,#2285,#2286,#2287,#2288,#2289,#2290,
    #2291,#2292,#2293,#2294,#2295,#2296),.UNSPECIFIED.,.F.,.F.,(4,1,1,1,
    1,1,1,1,1,1,1,1,1,1,1,1,1,1,1,4),(0.,5.083557895354E-02,
    0.107823372855,0.170963381733,0.240255605606,0.31570004449,
    0.397296698396,0.485045567335,0.578946651312,0.678999950336,
    0.785205464409,0.897563193537,1.016073137724,1.140735296972,
    1.271549671283,1.408516260661,1.551635065106,1.700906084621,
    1.856329319208,2.017904768867),.UNSPECIFIED.);
#2275 = CARTESIAN_POINT('',(-6.274645419441,10.695271144777,0.));
#2276 = CARTESIAN_POINT('',(-6.28560437844,10.708196798779,0.));
#2277 = CARTESIAN_POINT('',(-6.309164083261,10.735341842467,0.));
#2278 = CARTESIAN_POINT('',(-6.347482210143,10.777531018176,0.));
#2279 = CARTESIAN_POINT('',(-6.390969839672,10.823314568853,0.));
#2280 = CARTESIAN_POINT('',(-6.439808753035,10.872477404731,0.));
#2281 = CARTESIAN_POINT('',(-6.494169299736,10.924800870717,0.));
#2282 = CARTESIAN_POINT('',(-6.554216004087,10.980059570462,0.));
#2283 = CARTESIAN_POINT('',(-6.620105598684,11.038022624375,0.));
#2284 = CARTESIAN_POINT('',(-6.691987395698,11.09845357004,0.));
#2285 = CARTESIAN_POINT('',(-6.770002955307,11.16111068179,0.));
#2286 = CARTESIAN_POINT('',(-6.854285973923,11.225747170199,0.));
#2287 = CARTESIAN_POINT('',(-6.944962115183,11.292111423264,0.));
#2288 = CARTESIAN_POINT('',(-7.042148865832,11.359947241204,0.));
#2289 = CARTESIAN_POINT('',(-7.145955394848,11.428994077414,0.));
#2290 = CARTESIAN_POINT('',(-7.256482412133,11.498987287606,0.));
#2291 = CARTESIAN_POINT('',(-7.373822068865,11.569658362384,0.));
#2292 = CARTESIAN_POINT('',(-7.49805772383,11.64073524605,0.));
#2293 = CARTESIAN_POINT('',(-7.629264279241,11.711942329249,0.));
#2294 = CARTESIAN_POINT('',(-7.767506287499,11.7830017554,0.));
#2295 = CARTESIAN_POINT('',(-7.862554059141,11.829190522973,0.));
#2296 = CARTESIAN_POINT('',(-7.911251160522,11.852198322469,0.));
#2297 = ORIENTED_EDGE('',*,*,#2298,.T.);
#2298 = EDGE_CURVE('',#2272,#2299,#2301,.T.);
#2299 = VERTEX_POINT('',#2300);
#2300 = CARTESIAN_POINT('',(-8.276629618895,11.599995782397,0.));
#2301 = B_SPLINE_CURVE_WITH_KNOTS('',1,(#2302,#2303),.UNSPECIFIED.,.F.,
  .F.,(2,2),(0.,0.443967948237),.PIECEWISE_BEZIER_KNOTS.);
#2302 = CARTESIAN_POINT('',(-7.911251160522,11.852198322469,0.));
#2303 = CARTESIAN_POINT('',(-8.276629618895,11.599995782397,0.));
#2304 = ORIENTED_EDGE('',*,*,#2305,.T.);
#2305 = EDGE_CURVE('',#2299,#2306,#2308,.T.);
#2306 = VERTEX_POINT('',#2307);
#2307 = CARTESIAN_POINT('',(-7.775232310098,9.659490800451,0.));
#2308 = B_SPLINE_CURVE_WITH_KNOTS('',3,(#2309,#2310,#2311,#2312,#2313,
    #2314,#2315,#2316,#2317,#2318,#2319,#2320,#2321,#2322,#2323,#2324,
    #2325,#2326,#2327,#2328,#2329,#2330),.UNSPECIFIED.,.F.,.F.,(4,1,1,1,
    1,1,1,1,1,1,1,1,1,1,1,1,1,1,1,4),(0.,0.161575449659,0.316998684245,
    0.466269703761,0.609388508206,0.746355097584,0.877169471895,
    1.001831631143,1.120341575329,1.232699304458,1.338904818531,
    1.438958117555,1.532859201532,1.620608070471,1.702204724377,
    1.777649163261,1.846941387134,1.910081396012,1.967069189913,
    2.017904768867),.UNSPECIFIED.);
#2309 = CARTESIAN_POINT('',(-8.276629618895,11.599995782397,0.));
#2310 = CARTESIAN_POINT('',(-8.272385182793,11.546304523493,0.));
#2311 = CARTESIAN_POINT('',(-8.262902339209,11.441054550468,0.));
#2312 = CARTESIAN_POINT('',(-8.245481913285,11.286598007542,0.));
#2313 = CARTESIAN_POINT('',(-8.22542861966,11.138667367391,0.));
#2314 = CARTESIAN_POINT('',(-8.203025149349,10.997300801775,0.));
#2315 = CARTESIAN_POINT('',(-8.178555762264,10.862526008331,0.));
#2316 = CARTESIAN_POINT('',(-8.152304394336,10.734361517519,0.));
#2317 = CARTESIAN_POINT('',(-8.12455478347,10.612816381238,0.));
#2318 = CARTESIAN_POINT('',(-8.095590088596,10.497890278249,0.));
#2319 = CARTESIAN_POINT('',(-8.065692636876,10.389573524885,0.));
#2320 = CARTESIAN_POINT('',(-8.035143640639,10.287847118826,0.));
#2321 = CARTESIAN_POINT('',(-8.004222922136,10.192682785374,0.));
#2322 = CARTESIAN_POINT('',(-7.973208642888,10.104043028952,0.));
#2323 = CARTESIAN_POINT('',(-7.942377018254,10.021881205594,0.));
#2324 = CARTESIAN_POINT('',(-7.912002091256,9.946141556725,0.));
#2325 = CARTESIAN_POINT('',(-7.882355316208,9.876759405852,0.));
#2326 = CARTESIAN_POINT('',(-7.853705783482,9.81366084672,0.));
#2327 = CARTESIAN_POINT('',(-7.826318345908,9.756764135938,0.));
#2328 = CARTESIAN_POINT('',(-7.800458576409,9.705975577027,0.));
#2329 = CARTESIAN_POINT('',(-7.783431906119,9.674321105196,0.));
#2330 = CARTESIAN_POINT('',(-7.775232310098,9.659490800451,0.));
#2331 = ORIENTED_EDGE('',*,*,#2332,.T.);
#2332 = EDGE_CURVE('',#2306,#2333,#2335,.T.);
#2333 = VERTEX_POINT('',#2334);
#2334 = CARTESIAN_POINT('',(-8.651861546003,8.882865066452,0.));
#2335 = B_SPLINE_CURVE_WITH_KNOTS('',1,(#2336,#2337),.UNSPECIFIED.,.F.,
  .F.,(2,2),(0.,1.171164526424),.PIECEWISE_BEZIER_KNOTS.);
#2336 = CARTESIAN_POINT('',(-7.775232310098,9.659490800451,0.));
#2337 = CARTESIAN_POINT('',(-8.651861546003,8.882865066452,0.));
#2338 = ORIENTED_EDGE('',*,*,#2339,.T.);
#2339 = EDGE_CURVE('',#2333,#2340,#2342,.T.);
#2340 = VERTEX_POINT('',#2341);
#2341 = CARTESIAN_POINT('',(-10.51778129472,9.614508652886,0.));
#2342 = B_SPLINE_CURVE_WITH_KNOTS('',3,(#2343,#2344,#2345,#2346,#2347,
    #2348,#2349,#2350,#2351,#2352,#2353,#2354,#2355,#2356,#2357,#2358,
    #2359,#2360,#2361,#2362,#2363,#2364),.UNSPECIFIED.,.F.,.F.,(4,1,1,1,
    1,1,1,1,1,1,1,1,1,1,1,1,1,1,1,4),(0.,5.083557895354E-02,
    0.107823372855,0.170963381733,0.240255605606,0.31570004449,
    0.397296698396,0.485045567335,0.578946651312,0.678999950336,
    0.785205464409,0.897563193537,1.016073137724,1.140735296972,
    1.271549671283,1.408516260661,1.551635065106,1.700906084621,
    1.856329319208,2.017904768867),.UNSPECIFIED.);
#2343 = CARTESIAN_POINT('',(-8.651861546003,8.882865066452,0.));
#2344 = CARTESIAN_POINT('',(-8.665595369046,8.892792473887,0.));
#2345 = CARTESIAN_POINT('',(-8.694966705824,8.91351052553,0.));
#2346 = CARTESIAN_POINT('',(-8.74226790819,8.945303632479,0.));
#2347 = CARTESIAN_POINT('',(-8.795448587085,8.979349525433,0.));
#2348 = CARTESIAN_POINT('',(-8.854633767112,9.015395861656,0.));
#2349 = CARTESIAN_POINT('',(-8.919936520143,9.053189572469,0.));
#2350 = CARTESIAN_POINT('',(-8.991462648833,9.092472437888,0.));
#2351 = CARTESIAN_POINT('',(-9.069309078312,9.132982778697,0.));
#2352 = CARTESIAN_POINT('',(-9.15356419285,9.174455270908,0.));
#2353 = CARTESIAN_POINT('',(-9.244307590406,9.216621335393,0.));
#2354 = CARTESIAN_POINT('',(-9.341610021839,9.259209358332,0.));
#2355 = CARTESIAN_POINT('',(-9.445533284538,9.301944965834,0.));
#2356 = CARTESIAN_POINT('',(-9.556130138676,9.3445512864,0.));
#2357 = CARTESIAN_POINT('',(-9.673444228094,9.386749218588,0.));
#2358 = CARTESIAN_POINT('',(-9.797510002725,9.428257706737,0.));
#2359 = CARTESIAN_POINT('',(-9.928352677494,9.468793990623,0.));
#2360 = CARTESIAN_POINT('',(-10.06598808174,9.508073970931,0.));
#2361 = CARTESIAN_POINT('',(-10.21042298353,9.545812121738,0.));
#2362 = CARTESIAN_POINT('',(-10.36165356404,9.581723212072,0.));
#2363 = CARTESIAN_POINT('',(-10.46499311578,9.603823397394,0.));
#2364 = CARTESIAN_POINT('',(-10.51778129472,9.614508652886,0.));
#2365 = ORIENTED_EDGE('',*,*,#2366,.T.);
#2366 = EDGE_CURVE('',#2340,#2367,#2369,.T.);
#2367 = VERTEX_POINT('',#2368);
#2368 = CARTESIAN_POINT('',(-10.81218650073,9.282193871787,0.));
#2369 = B_SPLINE_CURVE_WITH_KNOTS('',1,(#2370,#2371),.UNSPECIFIED.,.F.,
  .F.,(2,2),(0.,0.443967948237),.PIECEWISE_BEZIER_KNOTS.);
#2370 = CARTESIAN_POINT('',(-10.51778129472,9.614508652886,0.));
#2371 = CARTESIAN_POINT('',(-10.81218650073,9.282193871787,0.));
#2372 = ORIENTED_EDGE('',*,*,#2373,.T.);
#2373 = EDGE_CURVE('',#2367,#2374,#2376,.T.);
#2374 = VERTEX_POINT('',#2375);
#2375 = CARTESIAN_POINT('',(-9.860965647666,7.518068667919,0.));
#2376 = B_SPLINE_CURVE_WITH_KNOTS('',3,(#2377,#2378,#2379,#2380,#2381,
    #2382,#2383,#2384,#2385,#2386,#2387,#2388,#2389,#2390,#2391,#2392,
    #2393,#2394,#2395,#2396,#2397,#2398),.UNSPECIFIED.,.F.,.F.,(4,1,1,1,
    1,1,1,1,1,1,1,1,1,1,1,1,1,1,1,4),(0.,0.161575449659,0.316998684245,
    0.466269703761,0.609388508206,0.746355097584,0.877169471895,
    1.001831631143,1.120341575329,1.232699304458,1.338904818531,
    1.438958117555,1.532859201532,1.620608070471,1.702204724377,
    1.777649163261,1.846941387134,1.910081396012,1.967069189913,
    2.017904768867),.UNSPECIFIED.);
#2377 = CARTESIAN_POINT('',(-10.81218650073,9.282193871787,0.));
#2378 = CARTESIAN_POINT('',(-10.79521624093,9.231078543332,0.));
#2379 = CARTESIAN_POINT('',(-10.76082098434,9.131156336251,0.));
#2380 = CARTESIAN_POINT('',(-10.70694289416,8.985357000551,0.));
#2381 = CARTESIAN_POINT('',(-10.65207019338,8.846524023235,0.));
#2382 = CARTESIAN_POINT('',(-10.59648649364,8.714626814472,0.));
#2383 = CARTESIAN_POINT('',(-10.54047442325,8.589624239207,0.));
#2384 = CARTESIAN_POINT('',(-10.48431410211,8.471466339123,0.));
#2385 = CARTESIAN_POINT('',(-10.42828318947,8.360094000161,0.));
#2386 = CARTESIAN_POINT('',(-10.37265653931,8.25543914605,0.));
#2387 = CARTESIAN_POINT('',(-10.31770595742,8.157424809201,0.));
#2388 = CARTESIAN_POINT('',(-10.26369993705,8.065965240949,0.));
#2389 = CARTESIAN_POINT('',(-10.21090340275,7.980966022362,0.));
#2390 = CARTESIAN_POINT('',(-10.1595774599,7.902324179005,0.));
#2391 = CARTESIAN_POINT('',(-10.10997913491,7.829928319642,0.));
#2392 = CARTESIAN_POINT('',(-10.0623611637,7.76365872315,0.));
#2393 = CARTESIAN_POINT('',(-10.01697163453,7.703387629149,0.));
#2394 = CARTESIAN_POINT('',(-9.974054131569,7.648978881424,0.));
#2395 = CARTESIAN_POINT('',(-9.93384624902,7.600289728468,0.));
#2396 = CARTESIAN_POINT('',(-9.896583419711,7.557165640691,0.));
#2397 = CARTESIAN_POINT('',(-9.872476102561,7.530505739193,0.));
#2398 = CARTESIAN_POINT('',(-9.860965647666,7.518068667919,0.));
#2399 = ORIENTED_EDGE('',*,*,#2400,.T.);
#2400 = EDGE_CURVE('',#2374,#2401,#2403,.T.);
#2401 = VERTEX_POINT('',#2402);
#2402 = CARTESIAN_POINT('',(-10.52626292775,6.554219158365,0.));
#2403 = B_SPLINE_CURVE_WITH_KNOTS('',1,(#2404,#2405),.UNSPECIFIED.,.F.,
  .F.,(2,2),(0.,1.171164526424),.PIECEWISE_BEZIER_KNOTS.);
#2404 = CARTESIAN_POINT('',(-9.860965647666,7.518068667919,0.));
#2405 = CARTESIAN_POINT('',(-10.52626292775,6.554219158365,0.));
#2406 = ORIENTED_EDGE('',*,*,#2407,.T.);
#2407 = EDGE_CURVE('',#2401,#2408,#2410,.T.);
#2408 = VERTEX_POINT('',#2409);
#2409 = CARTESIAN_POINT('',(-12.51305621065,6.818058687714,0.));
#2410 = B_SPLINE_CURVE_WITH_KNOTS('',3,(#2411,#2412,#2413,#2414,#2415,
    #2416,#2417,#2418,#2419,#2420,#2421,#2422,#2423,#2424,#2425,#2426,
    #2427,#2428,#2429,#2430,#2431,#2432),.UNSPECIFIED.,.F.,.F.,(4,1,1,1,
    1,1,1,1,1,1,1,1,1,1,1,1,1,1,1,4),(0.,5.083557895354E-02,
    0.107823372855,0.170963381733,0.240255605606,0.31570004449,
    0.397296698396,0.485045567335,0.578946651312,0.678999950336,
    0.785205464409,0.897563193537,1.016073137724,1.140735296972,
    1.271549671283,1.408516260661,1.551635065106,1.700906084621,
    1.856329319208,2.017904768867),.UNSPECIFIED.);
#2411 = CARTESIAN_POINT('',(-10.52626292775,6.554219158365,0.));
#2412 = CARTESIAN_POINT('',(-10.54197345496,6.560571374398,0.));
#2413 = CARTESIAN_POINT('',(-10.57544946836,6.573658376142,0.));
#2414 = CARTESIAN_POINT('',(-10.62898477226,6.593207714519,0.));
#2415 = CARTESIAN_POINT('',(-10.68876783277,6.613537326202,0.));
#2416 = CARTESIAN_POINT('',(-10.75485965193,6.634372280732,0.));
#2417 = CARTESIAN_POINT('',(-10.82730945264,6.655439803275,0.));
#2418 = CARTESIAN_POINT('',(-10.90615816706,6.676463857017,0.));
#2419 = CARTESIAN_POINT('',(-10.9914372799,6.697167170964,0.));
#2420 = CARTESIAN_POINT('',(-11.08316911096,6.717270979219,0.));
#2421 = CARTESIAN_POINT('',(-11.18136667004,6.736495458038,0.));
#2422 = CARTESIAN_POINT('',(-11.28603365065,6.754559954416,0.));
#2423 = CARTESIAN_POINT('',(-11.39716439251,6.771183278185,0.));
#2424 = CARTESIAN_POINT('',(-11.51474386298,6.786083976893,0.));
#2425 = CARTESIAN_POINT('',(-11.63874764434,6.798980614624,0.));
#2426 = CARTESIAN_POINT('',(-11.76914192445,6.809592058274,0.));
#2427 = CARTESIAN_POINT('',(-11.9058835166,6.817637729793,0.));
#2428 = CARTESIAN_POINT('',(-12.04891980072,6.822837997063,0.));
#2429 = CARTESIAN_POINT('',(-12.19818901739,6.824914011327,0.));
#2430 = CARTESIAN_POINT('',(-12.35361919853,6.823589743805,0.));
#2431 = CARTESIAN_POINT('',(-12.45924481123,6.820316964437,0.));
#2432 = CARTESIAN_POINT('',(-12.51305621065,6.818058687714,0.));
#2433 = ORIENTED_EDGE('',*,*,#2434,.T.);
#2434 = EDGE_CURVE('',#2408,#2435,#2437,.T.);
#2435 = VERTEX_POINT('',#2436);
#2436 = CARTESIAN_POINT('',(-12.71937840384,6.424944592751,0.));
#2437 = B_SPLINE_CURVE_WITH_KNOTS('',1,(#2438,#2439),.UNSPECIFIED.,.F.,
  .F.,(2,2),(0.,0.443967948237),.PIECEWISE_BEZIER_KNOTS.);
#2438 = CARTESIAN_POINT('',(-12.51305621065,6.818058687714,0.));
#2439 = CARTESIAN_POINT('',(-12.71937840384,6.424944592751,0.));
#2440 = ORIENTED_EDGE('',*,*,#2441,.T.);
#2441 = EDGE_CURVE('',#2435,#2442,#2444,.T.);
#2442 = VERTEX_POINT('',#2443);
#2443 = CARTESIAN_POINT('',(-11.37361550494,4.939723711475,0.));
#2444 = B_SPLINE_CURVE_WITH_KNOTS('',3,(#2445,#2446,#2447,#2448,#2449,
    #2450,#2451,#2452,#2453,#2454,#2455,#2456,#2457,#2458,#2459,#2460,
    #2461,#2462,#2463,#2464,#2465,#2466),.UNSPECIFIED.,.F.,.F.,(4,1,1,1,
    1,1,1,1,1,1,1,1,1,1,1,1,1,1,1,4),(0.,0.161575449659,0.316998684245,
    0.466269703761,0.609388508206,0.746355097584,0.877169471895,
    1.001831631143,1.120341575329,1.232699304458,1.338904818531,
    1.438958117555,1.532859201532,1.620608070471,1.702204724377,
    1.777649163261,1.846941387134,1.910081396012,1.967069189913,
    2.017904768867),.UNSPECIFIED.);
#2445 = CARTESIAN_POINT('',(-12.71937840384,6.424944592751,0.));
#2446 = CARTESIAN_POINT('',(-12.69066857016,6.379375831838,0.));
#2447 = CARTESIAN_POINT('',(-12.63335982785,6.290588506174,0.));
#2448 = CARTESIAN_POINT('',(-12.54615527218,6.161919705132,0.));
#2449 = CARTESIAN_POINT('',(-12.45965216617,6.040252858655,0.));
#2450 = CARTESIAN_POINT('',(-12.37411855959,5.925490393092,0.));
#2451 = CARTESIAN_POINT('',(-12.28981902383,5.817524731315,0.));
#2452 = CARTESIAN_POINT('',(-12.20701358321,5.716240329625,0.));
#2453 = CARTESIAN_POINT('',(-12.12595768178,5.621513343501,0.));
#2454 = CARTESIAN_POINT('',(-12.04690189504,5.533211897983,0.));
#2455 = CARTESIAN_POINT('',(-11.97009171105,5.451196214638,0.));
#2456 = CARTESIAN_POINT('',(-11.89576730015,5.375318781859,0.));
#2457 = CARTESIAN_POINT('',(-11.82416329273,5.305424523761,0.));
#2458 = CARTESIAN_POINT('',(-11.75550856351,5.241350971555,0.));
#2459 = CARTESIAN_POINT('',(-11.69002601253,5.182928460383,0.));
#2460 = CARTESIAN_POINT('',(-11.62793238052,5.129980264336,0.));
#2461 = CARTESIAN_POINT('',(-11.56943797167,5.082322964114,0.));
#2462 = CARTESIAN_POINT('',(-11.51474670774,5.039766066447,0.));
#2463 = CARTESIAN_POINT('',(-11.4640551162,5.002114107908,0.));
#2464 = CARTESIAN_POINT('',(-11.41755480727,4.969160706497,0.));
#2465 = CARTESIAN_POINT('',(-11.38776787291,4.949044751902,0.));
#2466 = CARTESIAN_POINT('',(-11.37361550494,4.939723711475,0.));
#2467 = ORIENTED_EDGE('',*,*,#2468,.T.);
#2468 = EDGE_CURVE('',#2442,#2469,#2471,.T.);
#2469 = VERTEX_POINT('',#2470);
#2470 = CARTESIAN_POINT('',(-11.78891616954,3.844665856412,0.));
#2471 = B_SPLINE_CURVE_WITH_KNOTS('',1,(#2472,#2473),.UNSPECIFIED.,.F.,
  .F.,(2,2),(0.,1.171164526424),.PIECEWISE_BEZIER_KNOTS.);
#2472 = CARTESIAN_POINT('',(-11.37361550494,4.939723711475,0.));
#2473 = CARTESIAN_POINT('',(-11.78891616954,3.844665856412,0.));
#2474 = ORIENTED_EDGE('',*,*,#2475,.T.);
#2475 = EDGE_CURVE('',#2469,#2476,#2478,.T.);
#2476 = VERTEX_POINT('',#2477);
#2477 = CARTESIAN_POINT('',(-13.78111778272,3.625367934248,0.));
#2478 = B_SPLINE_CURVE_WITH_KNOTS('',3,(#2479,#2480,#2481,#2482,#2483,
    #2484,#2485,#2486,#2487,#2488,#2489,#2490,#2491,#2492,#2493,#2494,
    #2495,#2496,#2497,#2498,#2499,#2500),.UNSPECIFIED.,.F.,.F.,(4,1,1,1,
    1,1,1,1,1,1,1,1,1,1,1,1,1,1,1,4),(0.,5.083557895354E-02,
    0.107823372855,0.170963381733,0.240255605606,0.31570004449,
    0.397296698396,0.485045567335,0.578946651312,0.678999950336,
    0.785205464409,0.897563193537,1.016073137724,1.140735296972,
    1.271549671283,1.408516260661,1.551635065106,1.700906084621,
    1.856329319208,2.017904768867),.UNSPECIFIED.);
#2479 = CARTESIAN_POINT('',(-11.78891616954,3.844665856412,0.));
#2480 = CARTESIAN_POINT('',(-11.80569036218,3.847073713336,0.));
#2481 = CARTESIAN_POINT('',(-11.84132554799,3.851769096208,0.));
#2482 = CARTESIAN_POINT('',(-11.89798367616,3.857938529526,0.));
#2483 = CARTESIAN_POINT('',(-11.9608947441,3.863370376803,0.));
#2484 = CARTESIAN_POINT('',(-12.0300521861,3.867783097814,0.));
#2485 = CARTESIAN_POINT('',(-12.10543851543,3.870900064254,0.));
#2486 = CARTESIAN_POINT('',(-12.1870274149,3.872443464735,0.));
#2487 = CARTESIAN_POINT('',(-12.27478309904,3.872136550466,0.));
#2488 = CARTESIAN_POINT('',(-12.36866052603,3.869703314504,0.));
#2489 = CARTESIAN_POINT('',(-12.46860536142,3.864868950826,0.));
#2490 = CARTESIAN_POINT('',(-12.57455402676,3.857360077775,0.));
#2491 = CARTESIAN_POINT('',(-12.686433733,3.846905030657,0.));
#2492 = CARTESIAN_POINT('',(-12.80416252835,3.83323413306,0.));
#2493 = CARTESIAN_POINT('',(-12.92764935262,3.816079970626,0.));
#2494 = CARTESIAN_POINT('',(-13.05679409663,3.795177671245,0.));
#2495 = CARTESIAN_POINT('',(-13.19148768184,3.770265145212,0.));
#2496 = CARTESIAN_POINT('',(-13.33161209693,3.741083478814,0.));
#2497 = CARTESIAN_POINT('',(-13.47704064418,3.707376706131,0.));
#2498 = CARTESIAN_POINT('',(-13.62763738877,3.668894042367,0.));
#2499 = CARTESIAN_POINT('',(-13.72941048577,3.640438500349,0.));
#2500 = CARTESIAN_POINT('',(-13.78111778272,3.625367934248,0.));
#2501 = ORIENTED_EDGE('',*,*,#2502,.T.);
#2502 = EDGE_CURVE('',#2476,#2503,#2505,.T.);
#2503 = VERTEX_POINT('',#2504);
#2504 = CARTESIAN_POINT('',(-13.88736626717,3.194300887707,0.));
#2505 = B_SPLINE_CURVE_WITH_KNOTS('',1,(#2506,#2507),.UNSPECIFIED.,.F.,
  .F.,(2,2),(0.,0.443967948237),.PIECEWISE_BEZIER_KNOTS.);
#2506 = CARTESIAN_POINT('',(-13.78111778272,3.625367934248,0.));
#2507 = CARTESIAN_POINT('',(-13.88736626717,3.194300887707,0.));
#2508 = ORIENTED_EDGE('',*,*,#2509,.T.);
#2509 = EDGE_CURVE('',#2503,#2510,#2512,.T.);
#2510 = VERTEX_POINT('',#2511);
#2511 = CARTESIAN_POINT('',(-12.22527217048,2.074299968086,0.));
#2512 = B_SPLINE_CURVE_WITH_KNOTS('',3,(#2513,#2514,#2515,#2516,#2517,
    #2518,#2519,#2520,#2521,#2522,#2523,#2524,#2525,#2526,#2527,#2528,
    #2529,#2530,#2531,#2532,#2533,#2534),.UNSPECIFIED.,.F.,.F.,(4,1,1,1,
    1,1,1,1,1,1,1,1,1,1,1,1,1,1,1,4),(0.,0.161575449659,0.316998684245,
    0.466269703761,0.609388508206,0.746355097584,0.877169471895,
    1.001831631143,1.120341575329,1.232699304458,1.338904818531,
    1.438958117555,1.532859201532,1.620608070471,1.702204724377,
    1.777649163261,1.846941387134,1.910081396012,1.967069189913,
    2.017904768867),.UNSPECIFIED.);
#2513 = CARTESIAN_POINT('',(-13.88736626717,3.194300887707,0.));
#2514 = CARTESIAN_POINT('',(-13.8485853708,3.156926985086,0.));
#2515 = CARTESIAN_POINT('',(-13.77169371857,3.084434537477,0.));
#2516 = CARTESIAN_POINT('',(-13.6562307092,2.980374034118,0.));
#2517 = CARTESIAN_POINT('',(-13.54312444405,2.882944153356,0.));
#2518 = CARTESIAN_POINT('',(-13.43261183295,2.791986008347,0.));
#2519 = CARTESIAN_POINT('',(-13.32492401442,2.707331831881,0.));
#2520 = CARTESIAN_POINT('',(-13.22028580553,2.628807209857,0.));
#2521 = CARTESIAN_POINT('',(-13.11891558968,2.556230764685,0.));
#2522 = CARTESIAN_POINT('',(-13.02102510133,2.489414486812,0.));
#2523 = CARTESIAN_POINT('',(-12.92681924395,2.428163910372,0.));
#2524 = CARTESIAN_POINT('',(-12.83649590712,2.372278333655,0.));
#2525 = CARTESIAN_POINT('',(-12.75024579121,2.321551036272,0.));
#2526 = CARTESIAN_POINT('',(-12.66825223895,2.275769497173,0.));
#2527 = CARTESIAN_POINT('',(-12.59069106981,2.234715638186,0.));
#2528 = CARTESIAN_POINT('',(-12.51773043319,2.198165999279,0.));
#2529 = CARTESIAN_POINT('',(-12.44953062709,2.165892161898,0.));
#2530 = CARTESIAN_POINT('',(-12.38624405966,2.137660366492,0.));
#2531 = CARTESIAN_POINT('',(-12.32801477017,2.113233797342,0.));
#2532 = CARTESIAN_POINT('',(-12.27497941056,2.092366214205,0.));
#2533 = CARTESIAN_POINT('',(-12.24124396734,2.079963272676,0.));
#2534 = CARTESIAN_POINT('',(-12.22527217048,2.074299968086,0.));
#2535 = ORIENTED_EDGE('',*,*,#2536,.T.);
#2536 = EDGE_CURVE('',#2510,#2537,#2539,.T.);
#2537 = VERTEX_POINT('',#2538);
#2538 = CARTESIAN_POINT('',(-12.36644045453,0.911674549675,0.));
#2539 = B_SPLINE_CURVE_WITH_KNOTS('',1,(#2540,#2541),.UNSPECIFIED.,.F.,
  .F.,(2,2),(0.,1.171164526424),.PIECEWISE_BEZIER_KNOTS.);
#2540 = CARTESIAN_POINT('',(-12.22527217048,2.074299968086,0.));
#2541 = CARTESIAN_POINT('',(-12.36644045453,0.911674549675,0.));
#2542 = ORIENTED_EDGE('',*,*,#2543,.T.);
#2543 = EDGE_CURVE('',#2537,#2544,#2546,.T.);
#2544 = VERTEX_POINT('',#2545);
#2545 = CARTESIAN_POINT('',(-14.24827088159,0.221983974119,0.));
#2546 = B_SPLINE_CURVE_WITH_KNOTS('',3,(#2547,#2548,#2549,#2550,#2551,
    #2552,#2553,#2554,#2555,#2556,#2557,#2558,#2559,#2560,#2561,#2562,
    #2563,#2564,#2565,#2566,#2567,#2568),.UNSPECIFIED.,.F.,.F.,(4,1,1,1,
    1,1,1,1,1,1,1,1,1,1,1,1,1,1,1,4),(0.,5.083557895354E-02,
    0.107823372855,0.170963381733,0.240255605606,0.31570004449,
    0.397296698396,0.485045567335,0.578946651312,0.678999950336,
    0.785205464409,0.897563193537,1.016073137724,1.140735296972,
    1.271549671283,1.408516260661,1.551635065106,1.700906084621,
    1.856329319208,2.017904768867),.UNSPECIFIED.);
#2547 = CARTESIAN_POINT('',(-12.36644045453,0.911674549675,0.));
#2548 = CARTESIAN_POINT('',(-12.3833034575,0.909998111599,0.));
#2549 = CARTESIAN_POINT('',(-12.41902682824,0.906028997014,0.));
#2550 = CARTESIAN_POINT('',(-12.47551501621,0.898459980233,0.));
#2551 = CARTESIAN_POINT('',(-12.53789792899,0.888678383884,0.));
#2552 = CARTESIAN_POINT('',(-12.60610181467,0.876412420071,0.));
#2553 = CARTESIAN_POINT('',(-12.68004349318,0.861397683647,0.));
#2554 = CARTESIAN_POINT('',(-12.75963092742,0.843370734042,0.));
#2555 = CARTESIAN_POINT('',(-12.84476314148,0.822071428299,0.));
#2556 = CARTESIAN_POINT('',(-12.93533034957,0.79724255895,0.));
#2557 = CARTESIAN_POINT('',(-13.03121403074,0.768630308419,0.));
#2558 = CARTESIAN_POINT('',(-13.13228702947,0.735984454347,0.));
#2559 = CARTESIAN_POINT('',(-13.23841365823,0.699058645678,0.));
#2560 = CARTESIAN_POINT('',(-13.34944980882,0.657610654653,0.));
#2561 = CARTESIAN_POINT('',(-13.46524307063,0.611402629622,0.));
#2562 = CARTESIAN_POINT('',(-13.58563285542,0.560201352872,0.));
#2563 = CARTESIAN_POINT('',(-13.71045053213,0.503778454747,0.));
#2564 = CARTESIAN_POINT('',(-13.8395195565,0.441910787061,0.));
#2565 = CARTESIAN_POINT('',(-13.97265565578,0.374380142541,0.));
#2566 = CARTESIAN_POINT('',(-14.10966682843,0.300975555075,0.));
#2567 = CARTESIAN_POINT('',(-14.20167272725,0.248990983077,0.));
#2568 = CARTESIAN_POINT('',(-14.24827088159,0.221983974119,0.));
#2569 = ORIENTED_EDGE('',*,*,#2570,.T.);
#2570 = EDGE_CURVE('',#2544,#2571,#2573,.T.);
#2571 = VERTEX_POINT('',#2572);
#2572 = CARTESIAN_POINT('',(-14.24827088159,-0.221983974119,0.));
#2573 = B_SPLINE_CURVE_WITH_KNOTS('',1,(#2574,#2575),.UNSPECIFIED.,.F.,
  .F.,(2,2),(0.,0.443967948237),.PIECEWISE_BEZIER_KNOTS.);
#2574 = CARTESIAN_POINT('',(-14.24827088159,0.221983974119,0.));
#2575 = CARTESIAN_POINT('',(-14.24827088159,-0.221983974119,0.));
#2576 = ORIENTED_EDGE('',*,*,#2577,.T.);
#2577 = EDGE_CURVE('',#2571,#2578,#2580,.T.);
#2578 = VERTEX_POINT('',#2579);
#2579 = CARTESIAN_POINT('',(-12.36644045453,-0.911674549675,0.));
#2580 = B_SPLINE_CURVE_WITH_KNOTS('',3,(#2581,#2582,#2583,#2584,#2585,
    #2586,#2587,#2588,#2589,#2590,#2591,#2592,#2593,#2594,#2595,#2596,
    #2597,#2598,#2599,#2600,#2601,#2602),.UNSPECIFIED.,.F.,.F.,(4,1,1,1,
    1,1,1,1,1,1,1,1,1,1,1,1,1,1,1,4),(0.,0.161575449659,0.316998684245,
    0.466269703761,0.609388508206,0.746355097584,0.877169471895,
    1.001831631143,1.120341575329,1.232699304458,1.338904818531,
    1.438958117555,1.532859201532,1.620608070471,1.702204724377,
    1.777649163261,1.846941387134,1.910081396012,1.967069189913,
    2.017904768867),.UNSPECIFIED.);
#2581 = CARTESIAN_POINT('',(-14.24827088159,-0.221983974119,0.));
#2582 = CARTESIAN_POINT('',(-14.20167272725,-0.248990983077,0.));
#2583 = CARTESIAN_POINT('',(-14.10966682843,-0.300975555075,0.));
#2584 = CARTESIAN_POINT('',(-13.97265565578,-0.374380142541,0.));
#2585 = CARTESIAN_POINT('',(-13.8395195565,-0.441910787061,0.));
#2586 = CARTESIAN_POINT('',(-13.71045053213,-0.503778454747,0.));
#2587 = CARTESIAN_POINT('',(-13.58563285542,-0.560201352872,0.));
#2588 = CARTESIAN_POINT('',(-13.46524307063,-0.611402629622,0.));
#2589 = CARTESIAN_POINT('',(-13.34944980882,-0.657610654653,0.));
#2590 = CARTESIAN_POINT('',(-13.23841365823,-0.699058645678,0.));
#2591 = CARTESIAN_POINT('',(-13.13228702947,-0.735984454347,0.));
#2592 = CARTESIAN_POINT('',(-13.03121403074,-0.768630308419,0.));
#2593 = CARTESIAN_POINT('',(-12.93533034957,-0.79724255895,0.));
#2594 = CARTESIAN_POINT('',(-12.84476314148,-0.822071428299,0.));
#2595 = CARTESIAN_POINT('',(-12.75963092742,-0.843370734042,0.));
#2596 = CARTESIAN_POINT('',(-12.68004349318,-0.861397683647,0.));
#2597 = CARTESIAN_POINT('',(-12.60610181467,-0.876412420071,0.));
#2598 = CARTESIAN_POINT('',(-12.53789792899,-0.888678383884,0.));
#2599 = CARTESIAN_POINT('',(-12.47551501621,-0.898459980233,0.));
#2600 = CARTESIAN_POINT('',(-12.41902682824,-0.906028997014,0.));
#2601 = CARTESIAN_POINT('',(-12.3833034575,-0.909998111599,0.));
#2602 = CARTESIAN_POINT('',(-12.36644045453,-0.911674549675,0.));
#2603 = ORIENTED_EDGE('',*,*,#2604,.T.);
#2604 = EDGE_CURVE('',#2578,#2605,#2607,.T.);
#2605 = VERTEX_POINT('',#2606);
#2606 = CARTESIAN_POINT('',(-12.22527217048,-2.074299968086,0.));
#2607 = B_SPLINE_CURVE_WITH_KNOTS('',1,(#2608,#2609),.UNSPECIFIED.,.F.,
  .F.,(2,2),(0.,1.171164526424),.PIECEWISE_BEZIER_KNOTS.);
#2608 = CARTESIAN_POINT('',(-12.36644045453,-0.911674549675,0.));
#2609 = CARTESIAN_POINT('',(-12.22527217048,-2.074299968086,0.));
#2610 = ORIENTED_EDGE('',*,*,#2611,.T.);
#2611 = EDGE_CURVE('',#2605,#2612,#2614,.T.);
#2612 = VERTEX_POINT('',#2613);
#2613 = CARTESIAN_POINT('',(-13.88736626717,-3.194300887707,0.));
#2614 = B_SPLINE_CURVE_WITH_KNOTS('',3,(#2615,#2616,#2617,#2618,#2619,
    #2620,#2621,#2622,#2623,#2624,#2625,#2626,#2627,#2628,#2629,#2630,
    #2631,#2632,#2633,#2634,#2635,#2636),.UNSPECIFIED.,.F.,.F.,(4,1,1,1,
    1,1,1,1,1,1,1,1,1,1,1,1,1,1,1,4),(0.,5.083557895354E-02,
    0.107823372855,0.170963381733,0.240255605606,0.31570004449,
    0.397296698396,0.485045567335,0.578946651312,0.678999950336,
    0.785205464409,0.897563193537,1.016073137724,1.140735296972,
    1.271549671283,1.408516260661,1.551635065106,1.700906084621,
    1.856329319208,2.017904768867),.UNSPECIFIED.);
#2615 = CARTESIAN_POINT('',(-12.22527217048,-2.074299968086,0.));
#2616 = CARTESIAN_POINT('',(-12.24124396734,-2.079963272676,0.));
#2617 = CARTESIAN_POINT('',(-12.27497941056,-2.092366214205,0.));
#2618 = CARTESIAN_POINT('',(-12.32801477017,-2.113233797342,0.));
#2619 = CARTESIAN_POINT('',(-12.38624405966,-2.137660366492,0.));
#2620 = CARTESIAN_POINT('',(-12.44953062709,-2.165892161898,0.));
#2621 = CARTESIAN_POINT('',(-12.51773043319,-2.198165999279,0.));
#2622 = CARTESIAN_POINT('',(-12.59069106981,-2.234715638186,0.));
#2623 = CARTESIAN_POINT('',(-12.66825223895,-2.275769497173,0.));
#2624 = CARTESIAN_POINT('',(-12.75024579121,-2.321551036272,0.));
#2625 = CARTESIAN_POINT('',(-12.83649590712,-2.372278333655,0.));
#2626 = CARTESIAN_POINT('',(-12.92681924395,-2.428163910372,0.));
#2627 = CARTESIAN_POINT('',(-13.02102510133,-2.489414486812,0.));
#2628 = CARTESIAN_POINT('',(-13.11891558968,-2.556230764685,0.));
#2629 = CARTESIAN_POINT('',(-13.22028580553,-2.628807209857,0.));
#2630 = CARTESIAN_POINT('',(-13.32492401442,-2.707331831881,0.));
#2631 = CARTESIAN_POINT('',(-13.43261183295,-2.791986008347,0.));
#2632 = CARTESIAN_POINT('',(-13.54312444405,-2.882944153356,0.));
#2633 = CARTESIAN_POINT('',(-13.6562307092,-2.980374034118,0.));
#2634 = CARTESIAN_POINT('',(-13.77169371857,-3.084434537477,0.));
#2635 = CARTESIAN_POINT('',(-13.8485853708,-3.156926985086,0.));
#2636 = CARTESIAN_POINT('',(-13.88736626717,-3.194300887707,0.));
#2637 = ORIENTED_EDGE('',*,*,#2638,.T.);
#2638 = EDGE_CURVE('',#2612,#2639,#2641,.T.);
#2639 = VERTEX_POINT('',#2640);
#2640 = CARTESIAN_POINT('',(-13.78111778272,-3.625367934248,0.));
#2641 = B_SPLINE_CURVE_WITH_KNOTS('',1,(#2642,#2643),.UNSPECIFIED.,.F.,
  .F.,(2,2),(0.,0.443967948237),.PIECEWISE_BEZIER_KNOTS.);
#2642 = CARTESIAN_POINT('',(-13.88736626717,-3.194300887707,0.));
#2643 = CARTESIAN_POINT('',(-13.78111778272,-3.625367934248,0.));
#2644 = ORIENTED_EDGE('',*,*,#2645,.T.);
#2645 = EDGE_CURVE('',#2639,#2646,#2648,.T.);
#2646 = VERTEX_POINT('',#2647);
#2647 = CARTESIAN_POINT('',(-11.78891616954,-3.844665856412,0.));
#2648 = B_SPLINE_CURVE_WITH_KNOTS('',3,(#2649,#2650,#2651,#2652,#2653,
    #2654,#2655,#2656,#2657,#2658,#2659,#2660,#2661,#2662,#2663,#2664,
    #2665,#2666,#2667,#2668,#2669,#2670),.UNSPECIFIED.,.F.,.F.,(4,1,1,1,
    1,1,1,1,1,1,1,1,1,1,1,1,1,1,1,4),(0.,0.161575449659,0.316998684245,
    0.466269703761,0.609388508206,0.746355097584,0.877169471895,
    1.001831631143,1.120341575329,1.232699304458,1.338904818531,
    1.438958117555,1.532859201532,1.620608070471,1.702204724377,
    1.777649163261,1.846941387134,1.910081396012,1.967069189913,
    2.017904768867),.UNSPECIFIED.);
#2649 = CARTESIAN_POINT('',(-13.78111778272,-3.625367934248,0.));
#2650 = CARTESIAN_POINT('',(-13.72941048577,-3.640438500349,0.));
#2651 = CARTESIAN_POINT('',(-13.62763738877,-3.668894042367,0.));
#2652 = CARTESIAN_POINT('',(-13.47704064418,-3.707376706131,0.));
#2653 = CARTESIAN_POINT('',(-13.33161209693,-3.741083478814,0.));
#2654 = CARTESIAN_POINT('',(-13.19148768184,-3.770265145212,0.));
#2655 = CARTESIAN_POINT('',(-13.05679409663,-3.795177671245,0.));
#2656 = CARTESIAN_POINT('',(-12.92764935262,-3.816079970626,0.));
#2657 = CARTESIAN_POINT('',(-12.80416252835,-3.83323413306,0.));
#2658 = CARTESIAN_POINT('',(-12.686433733,-3.846905030657,0.));
#2659 = CARTESIAN_POINT('',(-12.57455402676,-3.857360077775,0.));
#2660 = CARTESIAN_POINT('',(-12.46860536142,-3.864868950826,0.));
#2661 = CARTESIAN_POINT('',(-12.36866052603,-3.869703314504,0.));
#2662 = CARTESIAN_POINT('',(-12.27478309904,-3.872136550466,0.));
#2663 = CARTESIAN_POINT('',(-12.1870274149,-3.872443464735,0.));
#2664 = CARTESIAN_POINT('',(-12.10543851543,-3.870900064254,0.));
#2665 = CARTESIAN_POINT('',(-12.0300521861,-3.867783097814,0.));
#2666 = CARTESIAN_POINT('',(-11.9608947441,-3.863370376803,0.));
#2667 = CARTESIAN_POINT('',(-11.89798367616,-3.857938529526,0.));
#2668 = CARTESIAN_POINT('',(-11.84132554799,-3.851769096208,0.));
#2669 = CARTESIAN_POINT('',(-11.80569036218,-3.847073713336,0.));
#2670 = CARTESIAN_POINT('',(-11.78891616954,-3.844665856412,0.));
#2671 = ORIENTED_EDGE('',*,*,#2672,.T.);
#2672 = EDGE_CURVE('',#2646,#2673,#2675,.T.);
#2673 = VERTEX_POINT('',#2674);
#2674 = CARTESIAN_POINT('',(-11.37361550494,-4.939723711475,0.));
#2675 = B_SPLINE_CURVE_WITH_KNOTS('',1,(#2676,#2677),.UNSPECIFIED.,.F.,
  .F.,(2,2),(0.,1.171164526424),.PIECEWISE_BEZIER_KNOTS.);
#2676 = CARTESIAN_POINT('',(-11.78891616954,-3.844665856412,0.));
#2677 = CARTESIAN_POINT('',(-11.37361550494,-4.939723711475,0.));
#2678 = ORIENTED_EDGE('',*,*,#2679,.T.);
#2679 = EDGE_CURVE('',#2673,#2680,#2682,.T.);
#2680 = VERTEX_POINT('',#2681);
#2681 = CARTESIAN_POINT('',(-12.71937840384,-6.424944592751,0.));
#2682 = B_SPLINE_CURVE_WITH_KNOTS('',3,(#2683,#2684,#2685,#2686,#2687,
    #2688,#2689,#2690,#2691,#2692,#2693,#2694,#2695,#2696,#2697,#2698,
    #2699,#2700,#2701,#2702,#2703,#2704),.UNSPECIFIED.,.F.,.F.,(4,1,1,1,
    1,1,1,1,1,1,1,1,1,1,1,1,1,1,1,4),(0.,5.083557895354E-02,
    0.107823372855,0.170963381733,0.240255605606,0.31570004449,
    0.397296698396,0.485045567335,0.578946651312,0.678999950336,
    0.785205464409,0.897563193537,1.016073137724,1.140735296972,
    1.271549671283,1.408516260661,1.551635065106,1.700906084621,
    1.856329319208,2.017904768867),.UNSPECIFIED.);
#2683 = CARTESIAN_POINT('',(-11.37361550494,-4.939723711475,0.));
#2684 = CARTESIAN_POINT('',(-11.38776787291,-4.949044751902,0.));
#2685 = CARTESIAN_POINT('',(-11.41755480727,-4.969160706497,0.));
#2686 = CARTESIAN_POINT('',(-11.4640551162,-5.002114107908,0.));
#2687 = CARTESIAN_POINT('',(-11.51474670774,-5.039766066447,0.));
#2688 = CARTESIAN_POINT('',(-11.56943797167,-5.082322964114,0.));
#2689 = CARTESIAN_POINT('',(-11.62793238052,-5.129980264336,0.));
#2690 = CARTESIAN_POINT('',(-11.69002601253,-5.182928460383,0.));
#2691 = CARTESIAN_POINT('',(-11.75550856351,-5.241350971555,0.));
#2692 = CARTESIAN_POINT('',(-11.82416329273,-5.305424523761,0.));
#2693 = CARTESIAN_POINT('',(-11.89576730015,-5.375318781859,0.));
#2694 = CARTESIAN_POINT('',(-11.97009171105,-5.451196214638,0.));
#2695 = CARTESIAN_POINT('',(-12.04690189504,-5.533211897983,0.));
#2696 = CARTESIAN_POINT('',(-12.12595768178,-5.621513343501,0.));
#2697 = CARTESIAN_POINT('',(-12.20701358321,-5.716240329625,0.));
#2698 = CARTESIAN_POINT('',(-12.28981902383,-5.817524731315,0.));
#2699 = CARTESIAN_POINT('',(-12.37411855959,-5.925490393092,0.));
#2700 = CARTESIAN_POINT('',(-12.45965216617,-6.040252858655,0.));
#2701 = CARTESIAN_POINT('',(-12.54615527218,-6.161919705132,0.));
#2702 = CARTESIAN_POINT('',(-12.63335982785,-6.290588506174,0.));
#2703 = CARTESIAN_POINT('',(-12.69066857016,-6.379375831838,0.));
#2704 = CARTESIAN_POINT('',(-12.71937840384,-6.424944592751,0.));
#2705 = ORIENTED_EDGE('',*,*,#2706,.T.);
#2706 = EDGE_CURVE('',#2680,#2707,#2709,.T.);
#2707 = VERTEX_POINT('',#2708);
#2708 = CARTESIAN_POINT('',(-12.51305621065,-6.818058687714,0.));
#2709 = B_SPLINE_CURVE_WITH_KNOTS('',1,(#2710,#2711),.UNSPECIFIED.,.F.,
  .F.,(2,2),(0.,0.443967948237),.PIECEWISE_BEZIER_KNOTS.);
#2710 = CARTESIAN_POINT('',(-12.71937840384,-6.424944592751,0.));
#2711 = CARTESIAN_POINT('',(-12.51305621065,-6.818058687714,0.));
#2712 = ORIENTED_EDGE('',*,*,#2713,.T.);
#2713 = EDGE_CURVE('',#2707,#2714,#2716,.T.);
#2714 = VERTEX_POINT('',#2715);
#2715 = CARTESIAN_POINT('',(-10.52626292775,-6.554219158365,0.));
#2716 = B_SPLINE_CURVE_WITH_KNOTS('',3,(#2717,#2718,#2719,#2720,#2721,
    #2722,#2723,#2724,#2725,#2726,#2727,#2728,#2729,#2730,#2731,#2732,
    #2733,#2734,#2735,#2736,#2737,#2738),.UNSPECIFIED.,.F.,.F.,(4,1,1,1,
    1,1,1,1,1,1,1,1,1,1,1,1,1,1,1,4),(0.,0.161575449659,0.316998684245,
    0.466269703761,0.609388508206,0.746355097584,0.877169471895,
    1.001831631143,1.120341575329,1.232699304458,1.338904818531,
    1.438958117555,1.532859201532,1.620608070471,1.702204724377,
    1.777649163261,1.846941387134,1.910081396012,1.967069189913,
    2.017904768867),.UNSPECIFIED.);
#2717 = CARTESIAN_POINT('',(-12.51305621065,-6.818058687714,0.));
#2718 = CARTESIAN_POINT('',(-12.45924481123,-6.820316964437,0.));
#2719 = CARTESIAN_POINT('',(-12.35361919853,-6.823589743805,0.));
#2720 = CARTESIAN_POINT('',(-12.19818901739,-6.824914011327,0.));
#2721 = CARTESIAN_POINT('',(-12.04891980072,-6.822837997063,0.));
#2722 = CARTESIAN_POINT('',(-11.9058835166,-6.817637729793,0.));
#2723 = CARTESIAN_POINT('',(-11.76914192445,-6.809592058274,0.));
#2724 = CARTESIAN_POINT('',(-11.63874764434,-6.798980614624,0.));
#2725 = CARTESIAN_POINT('',(-11.51474386298,-6.786083976893,0.));
#2726 = CARTESIAN_POINT('',(-11.39716439251,-6.771183278185,0.));
#2727 = CARTESIAN_POINT('',(-11.28603365065,-6.754559954416,0.));
#2728 = CARTESIAN_POINT('',(-11.18136667004,-6.736495458038,0.));
#2729 = CARTESIAN_POINT('',(-11.08316911096,-6.717270979219,0.));
#2730 = CARTESIAN_POINT('',(-10.9914372799,-6.697167170964,0.));
#2731 = CARTESIAN_POINT('',(-10.90615816706,-6.676463857017,0.));
#2732 = CARTESIAN_POINT('',(-10.82730945264,-6.655439803275,0.));
#2733 = CARTESIAN_POINT('',(-10.75485965193,-6.634372280732,0.));
#2734 = CARTESIAN_POINT('',(-10.68876783277,-6.613537326202,0.));
#2735 = CARTESIAN_POINT('',(-10.62898477226,-6.593207714519,0.));
#2736 = CARTESIAN_POINT('',(-10.57544946836,-6.573658376142,0.));
#2737 = CARTESIAN_POINT('',(-10.54197345496,-6.560571374398,0.));
#2738 = CARTESIAN_POINT('',(-10.52626292775,-6.554219158365,0.));
#2739 = ORIENTED_EDGE('',*,*,#2740,.T.);
#2740 = EDGE_CURVE('',#2714,#2741,#2743,.T.);
#2741 = VERTEX_POINT('',#2742);
#2742 = CARTESIAN_POINT('',(-9.860965647666,-7.518068667919,0.));
#2743 = B_SPLINE_CURVE_WITH_KNOTS('',1,(#2744,#2745),.UNSPECIFIED.,.F.,
  .F.,(2,2),(0.,1.171164526424),.PIECEWISE_BEZIER_KNOTS.);
#2744 = CARTESIAN_POINT('',(-10.52626292775,-6.554219158365,0.));
#2745 = CARTESIAN_POINT('',(-9.860965647666,-7.518068667919,0.));
#2746 = ORIENTED_EDGE('',*,*,#2747,.T.);
#2747 = EDGE_CURVE('',#2741,#2748,#2750,.T.);
#2748 = VERTEX_POINT('',#2749);
#2749 = CARTESIAN_POINT('',(-10.81218650073,-9.282193871787,0.));
#2750 = B_SPLINE_CURVE_WITH_KNOTS('',3,(#2751,#2752,#2753,#2754,#2755,
    #2756,#2757,#2758,#2759,#2760,#2761,#2762,#2763,#2764,#2765,#2766,
    #2767,#2768,#2769,#2770,#2771,#2772),.UNSPECIFIED.,.F.,.F.,(4,1,1,1,
    1,1,1,1,1,1,1,1,1,1,1,1,1,1,1,4),(0.,5.083557895354E-02,
    0.107823372855,0.170963381733,0.240255605606,0.31570004449,
    0.397296698396,0.485045567335,0.578946651312,0.678999950336,
    0.785205464409,0.897563193537,1.016073137724,1.140735296972,
    1.271549671283,1.408516260661,1.551635065106,1.700906084621,
    1.856329319208,2.017904768867),.UNSPECIFIED.);
#2751 = CARTESIAN_POINT('',(-9.860965647666,-7.518068667919,0.));
#2752 = CARTESIAN_POINT('',(-9.872476102561,-7.530505739193,0.));
#2753 = CARTESIAN_POINT('',(-9.896583419711,-7.557165640691,0.));
#2754 = CARTESIAN_POINT('',(-9.93384624902,-7.600289728468,0.));
#2755 = CARTESIAN_POINT('',(-9.974054131569,-7.648978881424,0.));
#2756 = CARTESIAN_POINT('',(-10.01697163453,-7.703387629149,0.));
#2757 = CARTESIAN_POINT('',(-10.0623611637,-7.76365872315,0.));
#2758 = CARTESIAN_POINT('',(-10.10997913491,-7.829928319642,0.));
#2759 = CARTESIAN_POINT('',(-10.1595774599,-7.902324179005,0.));
#2760 = CARTESIAN_POINT('',(-10.21090340275,-7.980966022362,0.));
#2761 = CARTESIAN_POINT('',(-10.26369993705,-8.065965240949,0.));
#2762 = CARTESIAN_POINT('',(-10.31770595742,-8.157424809201,0.));
#2763 = CARTESIAN_POINT('',(-10.37265653931,-8.25543914605,0.));
#2764 = CARTESIAN_POINT('',(-10.42828318947,-8.360094000161,0.));
#2765 = CARTESIAN_POINT('',(-10.48431410211,-8.471466339123,0.));
#2766 = CARTESIAN_POINT('',(-10.54047442325,-8.589624239207,0.));
#2767 = CARTESIAN_POINT('',(-10.59648649364,-8.714626814472,0.));
#2768 = CARTESIAN_POINT('',(-10.65207019338,-8.846524023235,0.));
#2769 = CARTESIAN_POINT('',(-10.70694289416,-8.985357000551,0.));
#2770 = CARTESIAN_POINT('',(-10.76082098434,-9.131156336251,0.));
#2771 = CARTESIAN_POINT('',(-10.79521624093,-9.231078543332,0.));
#2772 = CARTESIAN_POINT('',(-10.81218650073,-9.282193871787,0.));
#2773 = ORIENTED_EDGE('',*,*,#2774,.T.);
#2774 = EDGE_CURVE('',#2748,#2775,#2777,.T.);
#2775 = VERTEX_POINT('',#2776);
#2776 = CARTESIAN_POINT('',(-10.51778129472,-9.614508652886,0.));
#2777 = B_SPLINE_CURVE_WITH_KNOTS('',1,(#2778,#2779),.UNSPECIFIED.,.F.,
  .F.,(2,2),(0.,0.443967948237),.PIECEWISE_BEZIER_KNOTS.);
#2778 = CARTESIAN_POINT('',(-10.81218650073,-9.282193871787,0.));
#2779 = CARTESIAN_POINT('',(-10.51778129472,-9.614508652886,0.));
#2780 = ORIENTED_EDGE('',*,*,#2781,.T.);
#2781 = EDGE_CURVE('',#2775,#2782,#2784,.T.);
#2782 = VERTEX_POINT('',#2783);
#2783 = CARTESIAN_POINT('',(-8.651861546003,-8.882865066452,0.));
#2784 = B_SPLINE_CURVE_WITH_KNOTS('',3,(#2785,#2786,#2787,#2788,#2789,
    #2790,#2791,#2792,#2793,#2794,#2795,#2796,#2797,#2798,#2799,#2800,
    #2801,#2802,#2803,#2804,#2805,#2806),.UNSPECIFIED.,.F.,.F.,(4,1,1,1,
    1,1,1,1,1,1,1,1,1,1,1,1,1,1,1,4),(0.,0.161575449659,0.316998684245,
    0.466269703761,0.609388508206,0.746355097584,0.877169471895,
    1.001831631143,1.120341575329,1.232699304458,1.338904818531,
    1.438958117555,1.532859201532,1.620608070471,1.702204724377,
    1.777649163261,1.846941387134,1.910081396012,1.967069189913,
    2.017904768867),.UNSPECIFIED.);
#2785 = CARTESIAN_POINT('',(-10.51778129472,-9.614508652886,0.));
#2786 = CARTESIAN_POINT('',(-10.46499311578,-9.603823397394,0.));
#2787 = CARTESIAN_POINT('',(-10.36165356404,-9.581723212072,0.));
#2788 = CARTESIAN_POINT('',(-10.21042298353,-9.545812121738,0.));
#2789 = CARTESIAN_POINT('',(-10.06598808174,-9.508073970931,0.));
#2790 = CARTESIAN_POINT('',(-9.928352677494,-9.468793990623,0.));
#2791 = CARTESIAN_POINT('',(-9.797510002725,-9.428257706737,0.));
#2792 = CARTESIAN_POINT('',(-9.673444228094,-9.386749218588,0.));
#2793 = CARTESIAN_POINT('',(-9.556130138676,-9.3445512864,0.));
#2794 = CARTESIAN_POINT('',(-9.445533284538,-9.301944965834,0.));
#2795 = CARTESIAN_POINT('',(-9.341610021839,-9.259209358332,0.));
#2796 = CARTESIAN_POINT('',(-9.244307590406,-9.216621335393,0.));
#2797 = CARTESIAN_POINT('',(-9.15356419285,-9.174455270908,0.));
#2798 = CARTESIAN_POINT('',(-9.069309078312,-9.132982778697,0.));
#2799 = CARTESIAN_POINT('',(-8.991462648833,-9.092472437888,0.));
#2800 = CARTESIAN_POINT('',(-8.919936520143,-9.053189572469,0.));
#2801 = CARTESIAN_POINT('',(-8.854633767112,-9.015395861656,0.));
#2802 = CARTESIAN_POINT('',(-8.795448587085,-8.979349525433,0.));
#2803 = CARTESIAN_POINT('',(-8.74226790819,-8.945303632479,0.));
#2804 = CARTESIAN_POINT('',(-8.694966705824,-8.91351052553,0.));
#2805 = CARTESIAN_POINT('',(-8.665595369046,-8.892792473887,0.));
#2806 = CARTESIAN_POINT('',(-8.651861546003,-8.882865066452,0.));
#2807 = ORIENTED_EDGE('',*,*,#2808,.T.);
#2808 = EDGE_CURVE('',#2782,#2809,#2811,.T.);
#2809 = VERTEX_POINT('',#2810);
#2810 = CARTESIAN_POINT('',(-7.775232310098,-9.659490800451,0.));
#2811 = B_SPLINE_CURVE_WITH_KNOTS('',1,(#2812,#2813),.UNSPECIFIED.,.F.,
  .F.,(2,2),(0.,1.171164526424),.PIECEWISE_BEZIER_KNOTS.);
#2812 = CARTESIAN_POINT('',(-8.651861546003,-8.882865066452,0.));
#2813 = CARTESIAN_POINT('',(-7.775232310098,-9.659490800451,0.));
#2814 = ORIENTED_EDGE('',*,*,#2815,.T.);
#2815 = EDGE_CURVE('',#2809,#2816,#2818,.T.);
#2816 = VERTEX_POINT('',#2817);
#2817 = CARTESIAN_POINT('',(-8.276629618895,-11.59999578239,0.));
#2818 = B_SPLINE_CURVE_WITH_KNOTS('',3,(#2819,#2820,#2821,#2822,#2823,
    #2824,#2825,#2826,#2827,#2828,#2829,#2830,#2831,#2832,#2833,#2834,
    #2835,#2836,#2837,#2838,#2839,#2840),.UNSPECIFIED.,.F.,.F.,(4,1,1,1,
    1,1,1,1,1,1,1,1,1,1,1,1,1,1,1,4),(0.,5.083557895354E-02,
    0.107823372855,0.170963381733,0.240255605606,0.31570004449,
    0.397296698396,0.485045567335,0.578946651312,0.678999950336,
    0.785205464409,0.897563193537,1.016073137724,1.140735296972,
    1.271549671283,1.408516260661,1.551635065106,1.700906084621,
    1.856329319208,2.017904768867),.UNSPECIFIED.);
#2819 = CARTESIAN_POINT('',(-7.775232310098,-9.659490800451,0.));
#2820 = CARTESIAN_POINT('',(-7.783431906119,-9.674321105196,0.));
#2821 = CARTESIAN_POINT('',(-7.800458576409,-9.705975577027,0.));
#2822 = CARTESIAN_POINT('',(-7.826318345908,-9.756764135938,0.));
#2823 = CARTESIAN_POINT('',(-7.853705783482,-9.81366084672,0.));
#2824 = CARTESIAN_POINT('',(-7.882355316208,-9.876759405852,0.));
#2825 = CARTESIAN_POINT('',(-7.912002091256,-9.946141556725,0.));
#2826 = CARTESIAN_POINT('',(-7.942377018254,-10.02188120559,0.));
#2827 = CARTESIAN_POINT('',(-7.973208642888,-10.10404302895,0.));
#2828 = CARTESIAN_POINT('',(-8.004222922136,-10.19268278537,0.));
#2829 = CARTESIAN_POINT('',(-8.035143640639,-10.28784711882,0.));
#2830 = CARTESIAN_POINT('',(-8.065692636876,-10.38957352488,0.));
#2831 = CARTESIAN_POINT('',(-8.095590088596,-10.49789027824,0.));
#2832 = CARTESIAN_POINT('',(-8.12455478347,-10.61281638123,0.));
#2833 = CARTESIAN_POINT('',(-8.152304394336,-10.73436151751,0.));
#2834 = CARTESIAN_POINT('',(-8.178555762264,-10.86252600833,0.));
#2835 = CARTESIAN_POINT('',(-8.203025149349,-10.99730080177,0.));
#2836 = CARTESIAN_POINT('',(-8.22542861966,-11.13866736739,0.));
#2837 = CARTESIAN_POINT('',(-8.245481913285,-11.28659800754,0.));
#2838 = CARTESIAN_POINT('',(-8.262902339209,-11.44105455046,0.));
#2839 = CARTESIAN_POINT('',(-8.272385182793,-11.54630452349,0.));
#2840 = CARTESIAN_POINT('',(-8.276629618895,-11.59999578239,0.));
#2841 = ORIENTED_EDGE('',*,*,#2842,.T.);
#2842 = EDGE_CURVE('',#2816,#2843,#2845,.T.);
#2843 = VERTEX_POINT('',#2844);
#2844 = CARTESIAN_POINT('',(-7.911251160522,-11.85219832246,0.));
#2845 = B_SPLINE_CURVE_WITH_KNOTS('',1,(#2846,#2847),.UNSPECIFIED.,.F.,
  .F.,(2,2),(0.,0.443967948237),.PIECEWISE_BEZIER_KNOTS.);
#2846 = CARTESIAN_POINT('',(-8.276629618895,-11.59999578239,0.));
#2847 = CARTESIAN_POINT('',(-7.911251160522,-11.85219832246,0.));
#2848 = ORIENTED_EDGE('',*,*,#2849,.T.);
#2849 = EDGE_CURVE('',#2843,#2850,#2852,.T.);
#2850 = VERTEX_POINT('',#2851);
#2851 = CARTESIAN_POINT('',(-6.274645419441,-10.69527114477,0.));
#2852 = B_SPLINE_CURVE_WITH_KNOTS('',3,(#2853,#2854,#2855,#2856,#2857,
    #2858,#2859,#2860,#2861,#2862,#2863,#2864,#2865,#2866,#2867,#2868,
    #2869,#2870,#2871,#2872,#2873,#2874),.UNSPECIFIED.,.F.,.F.,(4,1,1,1,
    1,1,1,1,1,1,1,1,1,1,1,1,1,1,1,4),(0.,0.161575449659,0.316998684245,
    0.466269703761,0.609388508206,0.746355097584,0.877169471895,
    1.001831631143,1.120341575329,1.232699304458,1.338904818531,
    1.438958117555,1.532859201532,1.620608070471,1.702204724377,
    1.777649163261,1.846941387134,1.910081396012,1.967069189913,
    2.017904768867),.UNSPECIFIED.);
#2853 = CARTESIAN_POINT('',(-7.911251160522,-11.85219832246,0.));
#2854 = CARTESIAN_POINT('',(-7.862554059141,-11.82919052297,0.));
#2855 = CARTESIAN_POINT('',(-7.767506287499,-11.7830017554,0.));
#2856 = CARTESIAN_POINT('',(-7.629264279241,-11.71194232924,0.));
#2857 = CARTESIAN_POINT('',(-7.49805772383,-11.64073524605,0.));
#2858 = CARTESIAN_POINT('',(-7.373822068865,-11.56965836238,0.));
#2859 = CARTESIAN_POINT('',(-7.256482412133,-11.4989872876,0.));
#2860 = CARTESIAN_POINT('',(-7.145955394848,-11.42899407741,0.));
#2861 = CARTESIAN_POINT('',(-7.042148865832,-11.3599472412,0.));
#2862 = CARTESIAN_POINT('',(-6.944962115183,-11.29211142326,0.));
#2863 = CARTESIAN_POINT('',(-6.854285973923,-11.22574717019,0.));
#2864 = CARTESIAN_POINT('',(-6.770002955307,-11.16111068179,0.));
#2865 = CARTESIAN_POINT('',(-6.691987395698,-11.09845357004,0.));
#2866 = CARTESIAN_POINT('',(-6.620105598684,-11.03802262437,0.));
#2867 = CARTESIAN_POINT('',(-6.554216004087,-10.98005957046,0.));
#2868 = CARTESIAN_POINT('',(-6.494169299736,-10.92480087071,0.));
#2869 = CARTESIAN_POINT('',(-6.439808753035,-10.87247740473,0.));
#2870 = CARTESIAN_POINT('',(-6.390969839672,-10.82331456885,0.));
#2871 = CARTESIAN_POINT('',(-6.347482210143,-10.77753101817,0.));
#2872 = CARTESIAN_POINT('',(-6.309164083261,-10.73534184246,0.));
#2873 = CARTESIAN_POINT('',(-6.28560437844,-10.70819679877,0.));
#2874 = CARTESIAN_POINT('',(-6.274645419441,-10.69527114477,0.));
#2875 = ORIENTED_EDGE('',*,*,#2876,.T.);
#2876 = EDGE_CURVE('',#2850,#2877,#2879,.T.);
#2877 = VERTEX_POINT('',#2878);
#2878 = CARTESIAN_POINT('',(-5.237630732487,-11.23953843848,0.));
#2879 = B_SPLINE_CURVE_WITH_KNOTS('',1,(#2880,#2881),.UNSPECIFIED.,.F.,
  .F.,(2,2),(0.,1.171164526424),.PIECEWISE_BEZIER_KNOTS.);
#2880 = CARTESIAN_POINT('',(-6.274645419441,-10.69527114477,0.));
#2881 = CARTESIAN_POINT('',(-5.237630732487,-11.23953843848,0.));
#2882 = ORIENTED_EDGE('',*,*,#2883,.T.);
#2883 = EDGE_CURVE('',#2877,#2884,#2886,.T.);
#2884 = VERTEX_POINT('',#2885);
#2885 = CARTESIAN_POINT('',(-5.260065107935,-13.2436481024,0.));
#2886 = B_SPLINE_CURVE_WITH_KNOTS('',3,(#2887,#2888,#2889,#2890,#2891,
    #2892,#2893,#2894,#2895,#2896,#2897,#2898,#2899,#2900,#2901,#2902,
    #2903,#2904,#2905,#2906,#2907,#2908),.UNSPECIFIED.,.F.,.F.,(4,1,1,1,
    1,1,1,1,1,1,1,1,1,1,1,1,1,1,1,4),(0.,5.083557895354E-02,
    0.107823372855,0.170963381733,0.240255605606,0.31570004449,
    0.397296698396,0.485045567335,0.578946651312,0.678999950336,
    0.785205464409,0.897563193537,1.016073137724,1.140735296972,
    1.271549671283,1.408516260661,1.551635065106,1.700906084621,
    1.856329319208,2.017904768867),.UNSPECIFIED.);
#2887 = CARTESIAN_POINT('',(-5.237630732487,-11.23953843848,0.));
#2888 = CARTESIAN_POINT('',(-5.242042938918,-11.25590009329,0.));
#2889 = CARTESIAN_POINT('',(-5.25099943416,-11.29070949261,0.));
#2890 = CARTESIAN_POINT('',(-5.263953268042,-11.34621087622,0.));
#2891 = CARTESIAN_POINT('',(-5.276928602318,-11.40800851481,0.));
#2892 = CARTESIAN_POINT('',(-5.289645158097,-11.47612982644,0.));
#2893 = CARTESIAN_POINT('',(-5.301826216217,-11.55059079577,0.));
#2894 = CARTESIAN_POINT('',(-5.313192818659,-11.63139878393,0.));
#2895 = CARTESIAN_POINT('',(-5.323465920979,-11.71855162475,0.));
#2896 = CARTESIAN_POINT('',(-5.332366099448,-11.81203787379,0.));
#2897 = CARTESIAN_POINT('',(-5.339614002391,-11.91183671696,0.));
#2898 = CARTESIAN_POINT('',(-5.344930577876,-12.01791799186,0.));
#2899 = CARTESIAN_POINT('',(-5.348037368201,-12.13024218575,0.));
#2900 = CARTESIAN_POINT('',(-5.348656785002,-12.24876045025,0.));
#2901 = CARTESIAN_POINT('',(-5.346512387579,-12.37341462233,0.));
#2902 = CARTESIAN_POINT('',(-5.341329168208,-12.50413724952,0.));
#2903 = CARTESIAN_POINT('',(-5.332833800154,-12.64085164004,0.));
#2904 = CARTESIAN_POINT('',(-5.320755032776,-12.78347185156,0.));
#2905 = CARTESIAN_POINT('',(-5.304823494717,-12.93190296344,0.));
#2906 = CARTESIAN_POINT('',(-5.28477384455,-13.08604026075,0.));
#2907 = CARTESIAN_POINT('',(-5.268793166723,-13.19050125385,0.));
#2908 = CARTESIAN_POINT('',(-5.260065107935,-13.2436481024,0.));
#2909 = ORIENTED_EDGE('',*,*,#2910,.T.);
#2910 = EDGE_CURVE('',#2884,#2911,#2913,.T.);
#2911 = VERTEX_POINT('',#2912);
#2912 = CARTESIAN_POINT('',(-4.844947865102,-13.40108130653,0.));
#2913 = B_SPLINE_CURVE_WITH_KNOTS('',1,(#2914,#2915),.UNSPECIFIED.,.F.,
  .F.,(2,2),(0.,0.443967948237),.PIECEWISE_BEZIER_KNOTS.);
#2914 = CARTESIAN_POINT('',(-5.260065107935,-13.2436481024,0.));
#2915 = CARTESIAN_POINT('',(-4.844947865102,-13.40108130653,0.));
#2916 = ORIENTED_EDGE('',*,*,#2917,.T.);
#2917 = EDGE_CURVE('',#2911,#2918,#2920,.T.);
#2918 = VERTEX_POINT('',#2919);
#2919 = CARTESIAN_POINT('',(-3.532769708508,-11.88610693989,0.));
#2920 = B_SPLINE_CURVE_WITH_KNOTS('',3,(#2921,#2922,#2923,#2924,#2925,
    #2926,#2927,#2928,#2929,#2930,#2931,#2932,#2933,#2934,#2935,#2936,
    #2937,#2938,#2939,#2940,#2941,#2942),.UNSPECIFIED.,.F.,.F.,(4,1,1,1,
    1,1,1,1,1,1,1,1,1,1,1,1,1,1,1,4),(0.,0.161575449659,0.316998684245,
    0.466269703761,0.609388508206,0.746355097584,0.877169471895,
    1.001831631143,1.120341575329,1.232699304458,1.338904818531,
    1.438958117555,1.532859201532,1.620608070471,1.702204724377,
    1.777649163261,1.846941387134,1.910081396012,1.967069189913,
    2.017904768867),.UNSPECIFIED.);
#2921 = CARTESIAN_POINT('',(-4.844947865102,-13.40108130653,0.));
#2922 = CARTESIAN_POINT('',(-4.803171939804,-13.36708809271,0.));
#2923 = CARTESIAN_POINT('',(-4.721939779257,-13.29949506617,0.));
#2924 = CARTESIAN_POINT('',(-4.604720466288,-13.19741701976,0.));
#2925 = CARTESIAN_POINT('',(-4.494367505337,-13.09687930102,0.));
#2926 = CARTESIAN_POINT('',(-4.390751724346,-12.99813624412,0.));
#2927 = CARTESIAN_POINT('',(-4.293734439989,-12.90143752443,0.));
#2928 = CARTESIAN_POINT('',(-4.203169608544,-12.80702734316,0.));
#2929 = CARTESIAN_POINT('',(-4.118903498075,-12.71514435407,0.));
#2930 = CARTESIAN_POINT('',(-4.040774991603,-12.62602140992,0.));
#2931 = CARTESIAN_POINT('',(-3.968615739518,-12.53988536046,0.));
#2932 = CARTESIAN_POINT('',(-3.902250356406,-12.45695684434,0.));
#2933 = CARTESIAN_POINT('',(-3.841496615492,-12.37745008891,0.));
#2934 = CARTESIAN_POINT('',(-3.786165644766,-12.3015727167,0.));
#2935 = CARTESIAN_POINT('',(-3.736062148789,-12.22952555169,0.));
#2936 = CARTESIAN_POINT('',(-3.690984564973,-12.16150245239,0.));
#2937 = CARTESIAN_POINT('',(-3.650725461983,-12.09769008089,0.));
#2938 = CARTESIAN_POINT('',(-3.615071155408,-12.03826791067,0.));
#2939 = CARTESIAN_POINT('',(-3.583803918201,-11.98340747582,0.));
#2940 = CARTESIAN_POINT('',(-3.556695777056,-11.93327411289,0.));
#2941 = CARTESIAN_POINT('',(-3.540316908602,-11.90127964843,0.));
#2942 = CARTESIAN_POINT('',(-3.532769708508,-11.88610693989,0.));
#2943 = ORIENTED_EDGE('',*,*,#2944,.T.);
#2944 = EDGE_CURVE('',#2918,#2945,#2947,.T.);
#2945 = VERTEX_POINT('',#2946);
#2946 = CARTESIAN_POINT('',(-2.395637094717,-12.16638495652,0.));
#2947 = B_SPLINE_CURVE_WITH_KNOTS('',1,(#2948,#2949),.UNSPECIFIED.,.F.,
  .F.,(2,2),(0.,1.171164526424),.PIECEWISE_BEZIER_KNOTS.);
#2948 = CARTESIAN_POINT('',(-3.532769708508,-11.88610693989,0.));
#2949 = CARTESIAN_POINT('',(-2.395637094717,-12.16638495652,0.));
#2950 = ORIENTED_EDGE('',*,*,#2951,.T.);
#2951 = EDGE_CURVE('',#2945,#2952,#2954,.T.);
#2952 = VERTEX_POINT('',#2953);
#2953 = CARTESIAN_POINT('',(-1.937804732461,-14.1176277334,0.));
#2954 = B_SPLINE_CURVE_WITH_KNOTS('',3,(#2955,#2956,#2957,#2958,#2959,
    #2960,#2961,#2962,#2963,#2964,#2965,#2966,#2967,#2968,#2969,#2970,
    #2971,#2972,#2973,#2974,#2975,#2976),.UNSPECIFIED.,.F.,.F.,(4,1,1,1,
    1,1,1,1,1,1,1,1,1,1,1,1,1,1,1,4),(0.,5.083557895354E-02,
    0.107823372855,0.170963381733,0.240255605606,0.31570004449,
    0.397296698396,0.485045567335,0.578946651312,0.678999950336,
    0.785205464409,0.897563193537,1.016073137724,1.140735296972,
    1.271549671283,1.408516260661,1.551635065106,1.700906084621,
    1.856329319208,2.017904768867),.UNSPECIFIED.);
#2955 = CARTESIAN_POINT('',(-2.395637094717,-12.16638495652,0.));
#2956 = CARTESIAN_POINT('',(-2.396005490158,-12.18332708149,0.));
#2957 = CARTESIAN_POINT('',(-2.396371291404,-12.21926841254,0.));
#2958 = CARTESIAN_POINT('',(-2.395666359929,-12.27625708217,0.));
#2959 = CARTESIAN_POINT('',(-2.393475511642,-12.33936419444,0.));
#2960 = CARTESIAN_POINT('',(-2.389520050475,-12.40854929556,0.));
#2961 = CARTESIAN_POINT('',(-2.383527472846,-12.48376168246,0.));
#2962 = CARTESIAN_POINT('',(-2.375225165113,-12.56494174336,0.));
#2963 = CARTESIAN_POINT('',(-2.364342709755,-12.65202059533,0.));
#2964 = CARTESIAN_POINT('',(-2.350611541422,-12.744920256,0.));
#2965 = CARTESIAN_POINT('',(-2.333765407031,-12.84355366286,0.));
#2966 = CARTESIAN_POINT('',(-2.313540581722,-12.94782474851,0.));
#2967 = CARTESIAN_POINT('',(-2.289676155291,-13.05762850906,0.));
#2968 = CARTESIAN_POINT('',(-2.261914295766,-13.17285108433,0.));
#2969 = CARTESIAN_POINT('',(-2.230000514638,-13.29336984483,0.));
#2970 = CARTESIAN_POINT('',(-2.193683937838,-13.41905348446,0.));
#2971 = CARTESIAN_POINT('',(-2.152717534555,-13.54976212861,0.));
#2972 = CARTESIAN_POINT('',(-2.106858503544,-13.68534741775,0.));
#2973 = CARTESIAN_POINT('',(-2.055868016885,-13.82565272467,0.));
#2974 = CARTESIAN_POINT('',(-1.999513503417,-13.9705128769,0.));
#2975 = CARTESIAN_POINT('',(-1.958998043087,-14.06811399686,0.));
#2976 = CARTESIAN_POINT('',(-1.937804732461,-14.1176277334,0.));
#2977 = ORIENTED_EDGE('',*,*,#2978,.T.);
#2978 = EDGE_CURVE('',#2952,#2979,#2981,.T.);
#2979 = VERTEX_POINT('',#2980);
#2980 = CARTESIAN_POINT('',(-1.497073810431,-14.17114215602,0.));
#2981 = B_SPLINE_CURVE_WITH_KNOTS('',1,(#2982,#2983),.UNSPECIFIED.,.F.,
  .F.,(2,2),(0.,0.443967948237),.PIECEWISE_BEZIER_KNOTS.);
#2982 = CARTESIAN_POINT('',(-1.937804732461,-14.1176277334,0.));
#2983 = CARTESIAN_POINT('',(-1.497073810431,-14.17114215602,0.));
#2984 = ORIENTED_EDGE('',*,*,#2985,.T.);
#2985 = EDGE_CURVE('',#2979,#2986,#2988,.T.);
#2986 = VERTEX_POINT('',#2987);
#2987 = CARTESIAN_POINT('',(-0.585582263212,-12.38616540391,0.));
#2988 = B_SPLINE_CURVE_WITH_KNOTS('',3,(#2989,#2990,#2991,#2992,#2993,
    #2994,#2995,#2996,#2997,#2998,#2999,#3000,#3001,#3002,#3003,#3004,
    #3005,#3006,#3007,#3008,#3009,#3010),.UNSPECIFIED.,.F.,.F.,(4,1,1,1,
    1,1,1,1,1,1,1,1,1,1,1,1,1,1,1,4),(0.,0.161575449659,0.316998684245,
    0.466269703761,0.609388508206,0.746355097584,0.877169471895,
    1.001831631143,1.120341575329,1.232699304458,1.338904818531,
    1.438958117555,1.532859201532,1.620608070471,1.702204724377,
    1.777649163261,1.846941387134,1.910081396012,1.967069189913,
    2.017904768867),.UNSPECIFIED.);
#2989 = CARTESIAN_POINT('',(-1.497073810431,-14.17114215602,0.));
#2990 = CARTESIAN_POINT('',(-1.464646926145,-14.12813908989,0.));
#2991 = CARTESIAN_POINT('',(-1.401951294598,-14.04307006539,0.));
#2992 = CARTESIAN_POINT('',(-1.312567037312,-13.91590580374,0.));
#2993 = CARTESIAN_POINT('',(-1.229480983795,-13.79188033623,0.));
#2994 = CARTESIAN_POINT('',(-1.152506849341,-13.67120969365,0.));
#2995 = CARTESIAN_POINT('',(-1.081450229283,-13.55410310716,0.));
#2996 = CARTESIAN_POINT('',(-1.016110882492,-13.44076273137,0.));
#2997 = CARTESIAN_POINT('',(-0.956282430616,-13.33138349476,0.));
#2998 = CARTESIAN_POINT('',(-0.901752713131,-13.22615292596,0.));
#2999 = CARTESIAN_POINT('',(-0.852303983664,-13.1252509942,0.));
#3000 = CARTESIAN_POINT('',(-0.807713150894,-13.02884995431,0.));
#3001 = CARTESIAN_POINT('',(-0.767752015266,-12.93711419883,0.));
#3002 = CARTESIAN_POINT('',(-0.732187505725,-12.85020011713,0.));
#3003 = CARTESIAN_POINT('',(-0.700781941437,-12.76825596037,0.));
#3004 = CARTESIAN_POINT('',(-0.673293223477,-12.6914217168,0.));
#3005 = CARTESIAN_POINT('',(-0.649475276928,-12.61982898286,0.));
#3006 = CARTESIAN_POINT('',(-0.629077675841,-12.55360087885,0.));
#3007 = CARTESIAN_POINT('',(-0.611847969131,-12.49285184889,0.));
#3008 = CARTESIAN_POINT('',(-0.597525240353,-12.43768786757,0.));
#3009 = CARTESIAN_POINT('',(-0.589279088565,-12.40270338432,0.));
#3010 = CARTESIAN_POINT('',(-0.585582263212,-12.38616540391,0.));
#3011 = ORIENTED_EDGE('',*,*,#3012,.T.);
#3012 = EDGE_CURVE('',#2986,#3013,#3015,.T.);
#3013 = VERTEX_POINT('',#3014);
#3014 = CARTESIAN_POINT('',(0.585582263212,-12.38616540391,0.));
#3015 = B_SPLINE_CURVE_WITH_KNOTS('',1,(#3016,#3017),.UNSPECIFIED.,.F.,
  .F.,(2,2),(0.,1.171164526424),.PIECEWISE_BEZIER_KNOTS.);
#3016 = CARTESIAN_POINT('',(-0.585582263212,-12.38616540391,0.));
#3017 = CARTESIAN_POINT('',(0.585582263212,-12.38616540391,0.));
#3018 = ORIENTED_EDGE('',*,*,#3019,.T.);
#3019 = EDGE_CURVE('',#3013,#3020,#3022,.T.);
#3020 = VERTEX_POINT('',#3021);
#3021 = CARTESIAN_POINT('',(1.497073810431,-14.17114215602,0.));
#3022 = B_SPLINE_CURVE_WITH_KNOTS('',3,(#3023,#3024,#3025,#3026,#3027,
    #3028,#3029,#3030,#3031,#3032,#3033,#3034,#3035,#3036,#3037,#3038,
    #3039,#3040,#3041,#3042,#3043,#3044),.UNSPECIFIED.,.F.,.F.,(4,1,1,1,
    1,1,1,1,1,1,1,1,1,1,1,1,1,1,1,4),(0.,5.083557895354E-02,
    0.107823372855,0.170963381733,0.240255605606,0.31570004449,
    0.397296698396,0.485045567335,0.578946651312,0.678999950336,
    0.785205464409,0.897563193537,1.016073137724,1.140735296972,
    1.271549671283,1.408516260661,1.551635065106,1.700906084621,
    1.856329319208,2.017904768867),.UNSPECIFIED.);
#3023 = CARTESIAN_POINT('',(0.585582263212,-12.38616540391,0.));
#3024 = CARTESIAN_POINT('',(0.589279088565,-12.40270338432,0.));
#3025 = CARTESIAN_POINT('',(0.597525240353,-12.43768786757,0.));
#3026 = CARTESIAN_POINT('',(0.611847969131,-12.49285184889,0.));
#3027 = CARTESIAN_POINT('',(0.629077675841,-12.55360087885,0.));
#3028 = CARTESIAN_POINT('',(0.649475276928,-12.61982898286,0.));
#3029 = CARTESIAN_POINT('',(0.673293223477,-12.6914217168,0.));
#3030 = CARTESIAN_POINT('',(0.700781941437,-12.76825596037,0.));
#3031 = CARTESIAN_POINT('',(0.732187505725,-12.85020011713,0.));
#3032 = CARTESIAN_POINT('',(0.767752015266,-12.93711419883,0.));
#3033 = CARTESIAN_POINT('',(0.807713150894,-13.02884995431,0.));
#3034 = CARTESIAN_POINT('',(0.852303983664,-13.1252509942,0.));
#3035 = CARTESIAN_POINT('',(0.901752713131,-13.22615292596,0.));
#3036 = CARTESIAN_POINT('',(0.956282430616,-13.33138349476,0.));
#3037 = CARTESIAN_POINT('',(1.016110882492,-13.44076273137,0.));
#3038 = CARTESIAN_POINT('',(1.081450229283,-13.55410310716,0.));
#3039 = CARTESIAN_POINT('',(1.152506849341,-13.67120969365,0.));
#3040 = CARTESIAN_POINT('',(1.229480983794,-13.79188033623,0.));
#3041 = CARTESIAN_POINT('',(1.312567037312,-13.91590580374,0.));
#3042 = CARTESIAN_POINT('',(1.401951294598,-14.04307006539,0.));
#3043 = CARTESIAN_POINT('',(1.464646926145,-14.12813908989,0.));
#3044 = CARTESIAN_POINT('',(1.497073810431,-14.17114215602,0.));
#3045 = ORIENTED_EDGE('',*,*,#3046,.T.);
#3046 = EDGE_CURVE('',#3020,#3047,#3049,.T.);
#3047 = VERTEX_POINT('',#3048);
#3048 = CARTESIAN_POINT('',(1.937804732461,-14.1176277334,0.));
#3049 = B_SPLINE_CURVE_WITH_KNOTS('',1,(#3050,#3051),.UNSPECIFIED.,.F.,
  .F.,(2,2),(0.,0.443967948237),.PIECEWISE_BEZIER_KNOTS.);
#3050 = CARTESIAN_POINT('',(1.497073810431,-14.17114215602,0.));
#3051 = CARTESIAN_POINT('',(1.937804732461,-14.1176277334,0.));
#3052 = ORIENTED_EDGE('',*,*,#3053,.T.);
#3053 = EDGE_CURVE('',#3047,#3054,#3056,.T.);
#3054 = VERTEX_POINT('',#3055);
#3055 = CARTESIAN_POINT('',(2.395637094717,-12.16638495652,0.));
#3056 = B_SPLINE_CURVE_WITH_KNOTS('',3,(#3057,#3058,#3059,#3060,#3061,
    #3062,#3063,#3064,#3065,#3066,#3067,#3068,#3069,#3070,#3071,#3072,
    #3073,#3074,#3075,#3076,#3077,#3078),.UNSPECIFIED.,.F.,.F.,(4,1,1,1,
    1,1,1,1,1,1,1,1,1,1,1,1,1,1,1,4),(0.,0.161575449659,0.316998684245,
    0.466269703761,0.609388508206,0.746355097584,0.877169471895,
    1.001831631143,1.120341575329,1.232699304458,1.338904818531,
    1.438958117555,1.532859201532,1.620608070471,1.702204724377,
    1.777649163261,1.846941387134,1.910081396012,1.967069189913,
    2.017904768867),.UNSPECIFIED.);
#3057 = CARTESIAN_POINT('',(1.937804732461,-14.1176277334,0.));
#3058 = CARTESIAN_POINT('',(1.958998043087,-14.06811399686,0.));
#3059 = CARTESIAN_POINT('',(1.999513503417,-13.9705128769,0.));
#3060 = CARTESIAN_POINT('',(2.055868016885,-13.82565272467,0.));
#3061 = CARTESIAN_POINT('',(2.106858503544,-13.68534741775,0.));
#3062 = CARTESIAN_POINT('',(2.152717534555,-13.54976212861,0.));
#3063 = CARTESIAN_POINT('',(2.193683937838,-13.41905348446,0.));
#3064 = CARTESIAN_POINT('',(2.230000514638,-13.29336984483,0.));
#3065 = CARTESIAN_POINT('',(2.261914295766,-13.17285108433,0.));
#3066 = CARTESIAN_POINT('',(2.289676155291,-13.05762850906,0.));
#3067 = CARTESIAN_POINT('',(2.313540581722,-12.94782474851,0.));
#3068 = CARTESIAN_POINT('',(2.333765407031,-12.84355366286,0.));
#3069 = CARTESIAN_POINT('',(2.350611541422,-12.744920256,0.));
#3070 = CARTESIAN_POINT('',(2.364342709755,-12.65202059533,0.));
#3071 = CARTESIAN_POINT('',(2.375225165113,-12.56494174336,0.));
#3072 = CARTESIAN_POINT('',(2.383527472846,-12.48376168246,0.));
#3073 = CARTESIAN_POINT('',(2.389520050475,-12.40854929556,0.));
#3074 = CARTESIAN_POINT('',(2.393475511642,-12.33936419444,0.));
#3075 = CARTESIAN_POINT('',(2.395666359929,-12.27625708217,0.));
#3076 = CARTESIAN_POINT('',(2.396371291404,-12.21926841254,0.));
#3077 = CARTESIAN_POINT('',(2.396005490158,-12.18332708149,0.));
#3078 = CARTESIAN_POINT('',(2.395637094717,-12.16638495652,0.));
#3079 = ORIENTED_EDGE('',*,*,#3080,.T.);
#3080 = EDGE_CURVE('',#3054,#3081,#3083,.T.);
#3081 = VERTEX_POINT('',#3082);
#3082 = CARTESIAN_POINT('',(3.532769708508,-11.88610693989,0.));
#3083 = B_SPLINE_CURVE_WITH_KNOTS('',1,(#3084,#3085),.UNSPECIFIED.,.F.,
  .F.,(2,2),(0.,1.171164526424),.PIECEWISE_BEZIER_KNOTS.);
#3084 = CARTESIAN_POINT('',(2.395637094717,-12.16638495652,0.));
#3085 = CARTESIAN_POINT('',(3.532769708508,-11.88610693989,0.));
#3086 = ORIENTED_EDGE('',*,*,#3087,.T.);
#3087 = EDGE_CURVE('',#3081,#3088,#3090,.T.);
#3088 = VERTEX_POINT('',#3089);
#3089 = CARTESIAN_POINT('',(4.844947865102,-13.40108130653,0.));
#3090 = B_SPLINE_CURVE_WITH_KNOTS('',3,(#3091,#3092,#3093,#3094,#3095,
    #3096,#3097,#3098,#3099,#3100,#3101,#3102,#3103,#3104,#3105,#3106,
    #3107,#3108,#3109,#3110,#3111,#3112),.UNSPECIFIED.,.F.,.F.,(4,1,1,1,
    1,1,1,1,1,1,1,1,1,1,1,1,1,1,1,4),(0.,5.083557895354E-02,
    0.107823372855,0.170963381733,0.240255605606,0.31570004449,
    0.397296698396,0.485045567335,0.578946651312,0.678999950336,
    0.785205464409,0.897563193537,1.016073137724,1.140735296972,
    1.271549671283,1.408516260661,1.551635065106,1.700906084621,
    1.856329319208,2.017904768867),.UNSPECIFIED.);
#3091 = CARTESIAN_POINT('',(3.532769708508,-11.88610693989,0.));
#3092 = CARTESIAN_POINT('',(3.540316908602,-11.90127964843,0.));
#3093 = CARTESIAN_POINT('',(3.556695777056,-11.93327411289,0.));
#3094 = CARTESIAN_POINT('',(3.583803918201,-11.98340747582,0.));
#3095 = CARTESIAN_POINT('',(3.615071155408,-12.03826791067,0.));
#3096 = CARTESIAN_POINT('',(3.650725461983,-12.09769008089,0.));
#3097 = CARTESIAN_POINT('',(3.690984564973,-12.16150245239,0.));
#3098 = CARTESIAN_POINT('',(3.736062148789,-12.22952555169,0.));
#3099 = CARTESIAN_POINT('',(3.786165644766,-12.3015727167,0.));
#3100 = CARTESIAN_POINT('',(3.841496615492,-12.37745008891,0.));
#3101 = CARTESIAN_POINT('',(3.902250356406,-12.45695684434,0.));
#3102 = CARTESIAN_POINT('',(3.968615739518,-12.53988536046,0.));
#3103 = CARTESIAN_POINT('',(4.040774991603,-12.62602140992,0.));
#3104 = CARTESIAN_POINT('',(4.118903498075,-12.71514435407,0.));
#3105 = CARTESIAN_POINT('',(4.203169608544,-12.80702734316,0.));
#3106 = CARTESIAN_POINT('',(4.293734439989,-12.90143752443,0.));
#3107 = CARTESIAN_POINT('',(4.390751724346,-12.99813624412,0.));
#3108 = CARTESIAN_POINT('',(4.494367505337,-13.09687930102,0.));
#3109 = CARTESIAN_POINT('',(4.604720466288,-13.19741701976,0.));
#3110 = CARTESIAN_POINT('',(4.721939779257,-13.29949506617,0.));
#3111 = CARTESIAN_POINT('',(4.803171939804,-13.36708809271,0.));
#3112 = CARTESIAN_POINT('',(4.844947865102,-13.40108130653,0.));
#3113 = ORIENTED_EDGE('',*,*,#3114,.T.);
#3114 = EDGE_CURVE('',#3088,#3115,#3117,.T.);
#3115 = VERTEX_POINT('',#3116);
#3116 = CARTESIAN_POINT('',(5.260065107935,-13.2436481024,0.));
#3117 = B_SPLINE_CURVE_WITH_KNOTS('',1,(#3118,#3119),.UNSPECIFIED.,.F.,
  .F.,(2,2),(0.,0.443967948237),.PIECEWISE_BEZIER_KNOTS.);
#3118 = CARTESIAN_POINT('',(4.844947865102,-13.40108130653,0.));
#3119 = CARTESIAN_POINT('',(5.260065107935,-13.2436481024,0.));
#3120 = ORIENTED_EDGE('',*,*,#3121,.T.);
#3121 = EDGE_CURVE('',#3115,#3122,#3124,.T.);
#3122 = VERTEX_POINT('',#3123);
#3123 = CARTESIAN_POINT('',(5.237630732487,-11.23953843848,0.));
#3124 = B_SPLINE_CURVE_WITH_KNOTS('',3,(#3125,#3126,#3127,#3128,#3129,
    #3130,#3131,#3132,#3133,#3134,#3135,#3136,#3137,#3138,#3139,#3140,
    #3141,#3142,#3143,#3144,#3145,#3146),.UNSPECIFIED.,.F.,.F.,(4,1,1,1,
    1,1,1,1,1,1,1,1,1,1,1,1,1,1,1,4),(0.,0.161575449659,0.316998684245,
    0.466269703761,0.609388508206,0.746355097584,0.877169471895,
    1.001831631143,1.120341575329,1.232699304458,1.338904818531,
    1.438958117555,1.532859201532,1.620608070471,1.702204724377,
    1.777649163261,1.846941387134,1.910081396012,1.967069189913,
    2.017904768867),.UNSPECIFIED.);
#3125 = CARTESIAN_POINT('',(5.260065107935,-13.2436481024,0.));
#3126 = CARTESIAN_POINT('',(5.268793166723,-13.19050125385,0.));
#3127 = CARTESIAN_POINT('',(5.28477384455,-13.08604026075,0.));
#3128 = CARTESIAN_POINT('',(5.304823494717,-12.93190296344,0.));
#3129 = CARTESIAN_POINT('',(5.320755032776,-12.78347185156,0.));
#3130 = CARTESIAN_POINT('',(5.332833800154,-12.64085164004,0.));
#3131 = CARTESIAN_POINT('',(5.341329168208,-12.50413724952,0.));
#3132 = CARTESIAN_POINT('',(5.346512387579,-12.37341462233,0.));
#3133 = CARTESIAN_POINT('',(5.348656785002,-12.24876045025,0.));
#3134 = CARTESIAN_POINT('',(5.348037368201,-12.13024218575,0.));
#3135 = CARTESIAN_POINT('',(5.344930577876,-12.01791799186,0.));
#3136 = CARTESIAN_POINT('',(5.339614002391,-11.91183671696,0.));
#3137 = CARTESIAN_POINT('',(5.332366099448,-11.81203787379,0.));
#3138 = CARTESIAN_POINT('',(5.323465920979,-11.71855162475,0.));
#3139 = CARTESIAN_POINT('',(5.313192818658,-11.63139878393,0.));
#3140 = CARTESIAN_POINT('',(5.301826216217,-11.55059079577,0.));
#3141 = CARTESIAN_POINT('',(5.289645158097,-11.47612982644,0.));
#3142 = CARTESIAN_POINT('',(5.276928602318,-11.40800851481,0.));
#3143 = CARTESIAN_POINT('',(5.263953268042,-11.34621087622,0.));
#3144 = CARTESIAN_POINT('',(5.25099943416,-11.29070949261,0.));
#3145 = CARTESIAN_POINT('',(5.242042938918,-11.25590009329,0.));
#3146 = CARTESIAN_POINT('',(5.237630732487,-11.23953843848,0.));
#3147 = ORIENTED_EDGE('',*,*,#3148,.T.);
#3148 = EDGE_CURVE('',#3122,#3149,#3151,.T.);
#3149 = VERTEX_POINT('',#3150);
#3150 = CARTESIAN_POINT('',(6.274645419441,-10.69527114477,0.));
#3151 = B_SPLINE_CURVE_WITH_KNOTS('',1,(#3152,#3153),.UNSPECIFIED.,.F.,
  .F.,(2,2),(0.,1.171164526424),.PIECEWISE_BEZIER_KNOTS.);
#3152 = CARTESIAN_POINT('',(5.237630732487,-11.23953843848,0.));
#3153 = CARTESIAN_POINT('',(6.274645419441,-10.69527114477,0.));
#3154 = ORIENTED_EDGE('',*,*,#3155,.T.);
#3155 = EDGE_CURVE('',#3149,#3156,#3158,.T.);
#3156 = VERTEX_POINT('',#3157);
#3157 = CARTESIAN_POINT('',(7.911251160522,-11.85219832246,0.));
#3158 = B_SPLINE_CURVE_WITH_KNOTS('',3,(#3159,#3160,#3161,#3162,#3163,
    #3164,#3165,#3166,#3167,#3168,#3169,#3170,#3171,#3172,#3173,#3174,
    #3175,#3176,#3177,#3178,#3179,#3180),.UNSPECIFIED.,.F.,.F.,(4,1,1,1,
    1,1,1,1,1,1,1,1,1,1,1,1,1,1,1,4),(0.,5.083557895354E-02,
    0.107823372855,0.170963381733,0.240255605606,0.31570004449,
    0.397296698396,0.485045567335,0.578946651312,0.678999950336,
    0.785205464409,0.897563193537,1.016073137724,1.140735296972,
    1.271549671283,1.408516260661,1.551635065106,1.700906084621,
    1.856329319208,2.017904768867),.UNSPECIFIED.);
#3159 = CARTESIAN_POINT('',(6.274645419441,-10.69527114477,0.));
#3160 = CARTESIAN_POINT('',(6.28560437844,-10.70819679877,0.));
#3161 = CARTESIAN_POINT('',(6.309164083261,-10.73534184246,0.));
#3162 = CARTESIAN_POINT('',(6.347482210143,-10.77753101817,0.));
#3163 = CARTESIAN_POINT('',(6.390969839672,-10.82331456885,0.));
#3164 = CARTESIAN_POINT('',(6.439808753035,-10.87247740473,0.));
#3165 = CARTESIAN_POINT('',(6.494169299736,-10.92480087071,0.));
#3166 = CARTESIAN_POINT('',(6.554216004087,-10.98005957046,0.));
#3167 = CARTESIAN_POINT('',(6.620105598684,-11.03802262437,0.));
#3168 = CARTESIAN_POINT('',(6.691987395698,-11.09845357004,0.));
#3169 = CARTESIAN_POINT('',(6.770002955307,-11.16111068179,0.));
#3170 = CARTESIAN_POINT('',(6.854285973923,-11.22574717019,0.));
#3171 = CARTESIAN_POINT('',(6.944962115183,-11.29211142326,0.));
#3172 = CARTESIAN_POINT('',(7.042148865832,-11.3599472412,0.));
#3173 = CARTESIAN_POINT('',(7.145955394848,-11.42899407741,0.));
#3174 = CARTESIAN_POINT('',(7.256482412133,-11.4989872876,0.));
#3175 = CARTESIAN_POINT('',(7.373822068865,-11.56965836238,0.));
#3176 = CARTESIAN_POINT('',(7.49805772383,-11.64073524605,0.));
#3177 = CARTESIAN_POINT('',(7.629264279241,-11.71194232924,0.));
#3178 = CARTESIAN_POINT('',(7.767506287499,-11.7830017554,0.));
#3179 = CARTESIAN_POINT('',(7.862554059141,-11.82919052297,0.));
#3180 = CARTESIAN_POINT('',(7.911251160522,-11.85219832246,0.));
#3181 = ORIENTED_EDGE('',*,*,#3182,.T.);
#3182 = EDGE_CURVE('',#3156,#3183,#3185,.T.);
#3183 = VERTEX_POINT('',#3184);
#3184 = CARTESIAN_POINT('',(8.276629618895,-11.59999578239,0.));
#3185 = B_SPLINE_CURVE_WITH_KNOTS('',1,(#3186,#3187),.UNSPECIFIED.,.F.,
  .F.,(2,2),(0.,0.443967948237),.PIECEWISE_BEZIER_KNOTS.);
#3186 = CARTESIAN_POINT('',(7.911251160522,-11.85219832246,0.));
#3187 = CARTESIAN_POINT('',(8.276629618895,-11.59999578239,0.));
#3188 = ORIENTED_EDGE('',*,*,#3189,.T.);
#3189 = EDGE_CURVE('',#3183,#3190,#3192,.T.);
#3190 = VERTEX_POINT('',#3191);
#3191 = CARTESIAN_POINT('',(7.775232310098,-9.659490800451,0.));
#3192 = B_SPLINE_CURVE_WITH_KNOTS('',3,(#3193,#3194,#3195,#3196,#3197,
    #3198,#3199,#3200,#3201,#3202,#3203,#3204,#3205,#3206,#3207,#3208,
    #3209,#3210,#3211,#3212,#3213,#3214),.UNSPECIFIED.,.F.,.F.,(4,1,1,1,
    1,1,1,1,1,1,1,1,1,1,1,1,1,1,1,4),(0.,0.161575449659,0.316998684245,
    0.466269703761,0.609388508206,0.746355097584,0.877169471895,
    1.001831631143,1.120341575329,1.232699304458,1.338904818531,
    1.438958117555,1.532859201532,1.620608070471,1.702204724377,
    1.777649163261,1.846941387134,1.910081396012,1.967069189913,
    2.017904768867),.UNSPECIFIED.);
#3193 = CARTESIAN_POINT('',(8.276629618895,-11.59999578239,0.));
#3194 = CARTESIAN_POINT('',(8.272385182793,-11.54630452349,0.));
#3195 = CARTESIAN_POINT('',(8.262902339209,-11.44105455046,0.));
#3196 = CARTESIAN_POINT('',(8.245481913285,-11.28659800754,0.));
#3197 = CARTESIAN_POINT('',(8.22542861966,-11.13866736739,0.));
#3198 = CARTESIAN_POINT('',(8.203025149349,-10.99730080177,0.));
#3199 = CARTESIAN_POINT('',(8.178555762264,-10.86252600833,0.));
#3200 = CARTESIAN_POINT('',(8.152304394336,-10.73436151751,0.));
#3201 = CARTESIAN_POINT('',(8.12455478347,-10.61281638123,0.));
#3202 = CARTESIAN_POINT('',(8.095590088596,-10.49789027824,0.));
#3203 = CARTESIAN_POINT('',(8.065692636876,-10.38957352488,0.));
#3204 = CARTESIAN_POINT('',(8.035143640639,-10.28784711882,0.));
#3205 = CARTESIAN_POINT('',(8.004222922136,-10.19268278537,0.));
#3206 = CARTESIAN_POINT('',(7.973208642888,-10.10404302895,0.));
#3207 = CARTESIAN_POINT('',(7.942377018254,-10.02188120559,0.));
#3208 = CARTESIAN_POINT('',(7.912002091256,-9.946141556725,0.));
#3209 = CARTESIAN_POINT('',(7.882355316208,-9.876759405852,0.));
#3210 = CARTESIAN_POINT('',(7.853705783482,-9.81366084672,0.));
#3211 = CARTESIAN_POINT('',(7.826318345908,-9.756764135938,0.));
#3212 = CARTESIAN_POINT('',(7.800458576409,-9.705975577027,0.));
#3213 = CARTESIAN_POINT('',(7.783431906119,-9.674321105196,0.));
#3214 = CARTESIAN_POINT('',(7.775232310098,-9.659490800451,0.));
#3215 = ORIENTED_EDGE('',*,*,#3216,.T.);
#3216 = EDGE_CURVE('',#3190,#3217,#3219,.T.);
#3217 = VERTEX_POINT('',#3218);
#3218 = CARTESIAN_POINT('',(8.651861546003,-8.882865066452,0.));
#3219 = B_SPLINE_CURVE_WITH_KNOTS('',1,(#3220,#3221),.UNSPECIFIED.,.F.,
  .F.,(2,2),(0.,1.171164526424),.PIECEWISE_BEZIER_KNOTS.);
#3220 = CARTESIAN_POINT('',(7.775232310098,-9.659490800451,0.));
#3221 = CARTESIAN_POINT('',(8.651861546003,-8.882865066452,0.));
#3222 = ORIENTED_EDGE('',*,*,#3223,.T.);
#3223 = EDGE_CURVE('',#3217,#3224,#3226,.T.);
#3224 = VERTEX_POINT('',#3225);
#3225 = CARTESIAN_POINT('',(10.517781294721,-9.614508652886,0.));
#3226 = B_SPLINE_CURVE_WITH_KNOTS('',3,(#3227,#3228,#3229,#3230,#3231,
    #3232,#3233,#3234,#3235,#3236,#3237,#3238,#3239,#3240,#3241,#3242,
    #3243,#3244,#3245,#3246,#3247,#3248),.UNSPECIFIED.,.F.,.F.,(4,1,1,1,
    1,1,1,1,1,1,1,1,1,1,1,1,1,1,1,4),(0.,5.083557895354E-02,
    0.107823372855,0.170963381733,0.240255605606,0.31570004449,
    0.397296698396,0.485045567335,0.578946651312,0.678999950336,
    0.785205464409,0.897563193537,1.016073137724,1.140735296972,
    1.271549671283,1.408516260661,1.551635065106,1.700906084621,
    1.856329319208,2.017904768867),.UNSPECIFIED.);
#3227 = CARTESIAN_POINT('',(8.651861546003,-8.882865066452,0.));
#3228 = CARTESIAN_POINT('',(8.665595369046,-8.892792473887,0.));
#3229 = CARTESIAN_POINT('',(8.694966705824,-8.91351052553,0.));
#3230 = CARTESIAN_POINT('',(8.74226790819,-8.945303632479,0.));
#3231 = CARTESIAN_POINT('',(8.795448587085,-8.979349525433,0.));
#3232 = CARTESIAN_POINT('',(8.854633767112,-9.015395861656,0.));
#3233 = CARTESIAN_POINT('',(8.919936520143,-9.053189572469,0.));
#3234 = CARTESIAN_POINT('',(8.991462648833,-9.092472437888,0.));
#3235 = CARTESIAN_POINT('',(9.069309078312,-9.132982778697,0.));
#3236 = CARTESIAN_POINT('',(9.15356419285,-9.174455270908,0.));
#3237 = CARTESIAN_POINT('',(9.244307590406,-9.216621335393,0.));
#3238 = CARTESIAN_POINT('',(9.341610021839,-9.259209358332,0.));
#3239 = CARTESIAN_POINT('',(9.445533284538,-9.301944965834,0.));
#3240 = CARTESIAN_POINT('',(9.556130138676,-9.3445512864,0.));
#3241 = CARTESIAN_POINT('',(9.673444228094,-9.386749218588,0.));
#3242 = CARTESIAN_POINT('',(9.797510002725,-9.428257706737,0.));
#3243 = CARTESIAN_POINT('',(9.928352677494,-9.468793990623,0.));
#3244 = CARTESIAN_POINT('',(10.065988081745,-9.508073970931,0.));
#3245 = CARTESIAN_POINT('',(10.210422983532,-9.545812121738,0.));
#3246 = CARTESIAN_POINT('',(10.361653564047,-9.581723212072,0.));
#3247 = CARTESIAN_POINT('',(10.464993115783,-9.603823397394,0.));
#3248 = CARTESIAN_POINT('',(10.517781294721,-9.614508652886,0.));
#3249 = ORIENTED_EDGE('',*,*,#3250,.T.);
#3250 = EDGE_CURVE('',#3224,#3251,#3253,.T.);
#3251 = VERTEX_POINT('',#3252);
#3252 = CARTESIAN_POINT('',(10.81218650073,-9.282193871787,0.));
#3253 = B_SPLINE_CURVE_WITH_KNOTS('',1,(#3254,#3255),.UNSPECIFIED.,.F.,
  .F.,(2,2),(0.,0.443967948237),.PIECEWISE_BEZIER_KNOTS.);
#3254 = CARTESIAN_POINT('',(10.517781294721,-9.614508652886,0.));
#3255 = CARTESIAN_POINT('',(10.81218650073,-9.282193871787,0.));
#3256 = ORIENTED_EDGE('',*,*,#3257,.T.);
#3257 = EDGE_CURVE('',#3251,#3258,#3260,.T.);
#3258 = VERTEX_POINT('',#3259);
#3259 = CARTESIAN_POINT('',(9.860965647666,-7.518068667919,0.));
#3260 = B_SPLINE_CURVE_WITH_KNOTS('',3,(#3261,#3262,#3263,#3264,#3265,
    #3266,#3267,#3268,#3269,#3270,#3271,#3272,#3273,#3274,#3275,#3276,
    #3277,#3278,#3279,#3280,#3281,#3282),.UNSPECIFIED.,.F.,.F.,(4,1,1,1,
    1,1,1,1,1,1,1,1,1,1,1,1,1,1,1,4),(0.,0.161575449659,0.316998684245,
    0.466269703761,0.609388508206,0.746355097584,0.877169471895,
    1.001831631143,1.120341575329,1.232699304458,1.338904818531,
    1.438958117555,1.532859201532,1.620608070471,1.702204724377,
    1.777649163261,1.846941387134,1.910081396012,1.967069189913,
    2.017904768867),.UNSPECIFIED.);
#3261 = CARTESIAN_POINT('',(10.81218650073,-9.282193871787,0.));
#3262 = CARTESIAN_POINT('',(10.795216240935,-9.231078543332,0.));
#3263 = CARTESIAN_POINT('',(10.760820984341,-9.131156336251,0.));
#3264 = CARTESIAN_POINT('',(10.70694289416,-8.985357000551,0.));
#3265 = CARTESIAN_POINT('',(10.652070193387,-8.846524023235,0.));
#3266 = CARTESIAN_POINT('',(10.596486493647,-8.714626814472,0.));
#3267 = CARTESIAN_POINT('',(10.540474423258,-8.589624239207,0.));
#3268 = CARTESIAN_POINT('',(10.484314102115,-8.471466339123,0.));
#3269 = CARTESIAN_POINT('',(10.428283189478,-8.360094000161,0.));
#3270 = CARTESIAN_POINT('',(10.372656539315,-8.25543914605,0.));
#3271 = CARTESIAN_POINT('',(10.317705957421,-8.157424809201,0.));
#3272 = CARTESIAN_POINT('',(10.263699937052,-8.065965240949,0.));
#3273 = CARTESIAN_POINT('',(10.210903402756,-7.980966022362,0.));
#3274 = CARTESIAN_POINT('',(10.159577459907,-7.902324179005,0.));
#3275 = CARTESIAN_POINT('',(10.109979134914,-7.829928319642,0.));
#3276 = CARTESIAN_POINT('',(10.062361163708,-7.76365872315,0.));
#3277 = CARTESIAN_POINT('',(10.016971634537,-7.703387629149,0.));
#3278 = CARTESIAN_POINT('',(9.974054131569,-7.648978881424,0.));
#3279 = CARTESIAN_POINT('',(9.93384624902,-7.600289728468,0.));
#3280 = CARTESIAN_POINT('',(9.896583419711,-7.557165640691,0.));
#3281 = CARTESIAN_POINT('',(9.872476102561,-7.530505739193,0.));
#3282 = CARTESIAN_POINT('',(9.860965647666,-7.518068667919,0.));
#3283 = ORIENTED_EDGE('',*,*,#3284,.T.);
#3284 = EDGE_CURVE('',#3258,#3285,#3287,.T.);
#3285 = VERTEX_POINT('',#3286);
#3286 = CARTESIAN_POINT('',(10.52626292775,-6.554219158365,0.));
#3287 = B_SPLINE_CURVE_WITH_KNOTS('',1,(#3288,#3289),.UNSPECIFIED.,.F.,
  .F.,(2,2),(0.,1.171164526424),.PIECEWISE_BEZIER_KNOTS.);
#3288 = CARTESIAN_POINT('',(9.860965647666,-7.518068667919,0.));
#3289 = CARTESIAN_POINT('',(10.52626292775,-6.554219158365,0.));
#3290 = ORIENTED_EDGE('',*,*,#3291,.T.);
#3291 = EDGE_CURVE('',#3285,#3292,#3294,.T.);
#3292 = VERTEX_POINT('',#3293);
#3293 = CARTESIAN_POINT('',(12.51305621065,-6.818058687714,0.));
#3294 = B_SPLINE_CURVE_WITH_KNOTS('',3,(#3295,#3296,#3297,#3298,#3299,
    #3300,#3301,#3302,#3303,#3304,#3305,#3306,#3307,#3308,#3309,#3310,
    #3311,#3312,#3313,#3314,#3315,#3316),.UNSPECIFIED.,.F.,.F.,(4,1,1,1,
    1,1,1,1,1,1,1,1,1,1,1,1,1,1,1,4),(0.,5.083557895354E-02,
    0.107823372855,0.170963381733,0.240255605606,0.31570004449,
    0.397296698396,0.485045567335,0.578946651312,0.678999950336,
    0.785205464409,0.897563193537,1.016073137724,1.140735296972,
    1.271549671283,1.408516260661,1.551635065106,1.700906084621,
    1.856329319208,2.017904768867),.UNSPECIFIED.);
#3295 = CARTESIAN_POINT('',(10.52626292775,-6.554219158365,0.));
#3296 = CARTESIAN_POINT('',(10.54197345496,-6.560571374398,0.));
#3297 = CARTESIAN_POINT('',(10.575449468363,-6.573658376142,0.));
#3298 = CARTESIAN_POINT('',(10.628984772264,-6.593207714519,0.));
#3299 = CARTESIAN_POINT('',(10.68876783277,-6.613537326202,0.));
#3300 = CARTESIAN_POINT('',(10.75485965193,-6.634372280732,0.));
#3301 = CARTESIAN_POINT('',(10.827309452649,-6.655439803275,0.));
#3302 = CARTESIAN_POINT('',(10.906158167066,-6.676463857017,0.));
#3303 = CARTESIAN_POINT('',(10.991437279906,-6.697167170964,0.));
#3304 = CARTESIAN_POINT('',(11.083169110965,-6.717270979219,0.));
#3305 = CARTESIAN_POINT('',(11.18136667004,-6.736495458038,0.));
#3306 = CARTESIAN_POINT('',(11.286033650657,-6.754559954416,0.));
#3307 = CARTESIAN_POINT('',(11.397164392512,-6.771183278185,0.));
#3308 = CARTESIAN_POINT('',(11.51474386298,-6.786083976893,0.));
#3309 = CARTESIAN_POINT('',(11.638747644342,-6.798980614624,0.));
#3310 = CARTESIAN_POINT('',(11.769141924457,-6.809592058274,0.));
#3311 = CARTESIAN_POINT('',(11.905883516601,-6.817637729793,0.));
#3312 = CARTESIAN_POINT('',(12.048919800727,-6.822837997063,0.));
#3313 = CARTESIAN_POINT('',(12.198189017397,-6.824914011327,0.));
#3314 = CARTESIAN_POINT('',(12.353619198532,-6.823589743805,0.));
#3315 = CARTESIAN_POINT('',(12.459244811237,-6.820316964437,0.));
#3316 = CARTESIAN_POINT('',(12.51305621065,-6.818058687714,0.));
#3317 = ORIENTED_EDGE('',*,*,#3318,.T.);
#3318 = EDGE_CURVE('',#3292,#3319,#3321,.T.);
#3319 = VERTEX_POINT('',#3320);
#3320 = CARTESIAN_POINT('',(12.71937840384,-6.424944592751,0.));
#3321 = B_SPLINE_CURVE_WITH_KNOTS('',1,(#3322,#3323),.UNSPECIFIED.,.F.,
  .F.,(2,2),(0.,0.443967948237),.PIECEWISE_BEZIER_KNOTS.);
#3322 = CARTESIAN_POINT('',(12.51305621065,-6.818058687714,0.));
#3323 = CARTESIAN_POINT('',(12.71937840384,-6.424944592751,0.));
#3324 = ORIENTED_EDGE('',*,*,#3325,.T.);
#3325 = EDGE_CURVE('',#3319,#3326,#3328,.T.);
#3326 = VERTEX_POINT('',#3327);
#3327 = CARTESIAN_POINT('',(11.373615504943,-4.939723711475,0.));
#3328 = B_SPLINE_CURVE_WITH_KNOTS('',3,(#3329,#3330,#3331,#3332,#3333,
    #3334,#3335,#3336,#3337,#3338,#3339,#3340,#3341,#3342,#3343,#3344,
    #3345,#3346,#3347,#3348,#3349,#3350),.UNSPECIFIED.,.F.,.F.,(4,1,1,1,
    1,1,1,1,1,1,1,1,1,1,1,1,1,1,1,4),(0.,0.161575449659,0.316998684245,
    0.466269703761,0.609388508206,0.746355097584,0.877169471895,
    1.001831631143,1.120341575329,1.232699304458,1.338904818531,
    1.438958117555,1.532859201532,1.620608070471,1.702204724377,
    1.777649163261,1.846941387134,1.910081396012,1.967069189913,
    2.017904768867),.UNSPECIFIED.);
#3329 = CARTESIAN_POINT('',(12.71937840384,-6.424944592751,0.));
#3330 = CARTESIAN_POINT('',(12.690668570169,-6.379375831838,0.));
#3331 = CARTESIAN_POINT('',(12.633359827856,-6.290588506174,0.));
#3332 = CARTESIAN_POINT('',(12.546155272181,-6.161919705132,0.));
#3333 = CARTESIAN_POINT('',(12.459652166173,-6.040252858655,0.));
#3334 = CARTESIAN_POINT('',(12.374118559596,-5.925490393092,0.));
#3335 = CARTESIAN_POINT('',(12.289819023837,-5.817524731315,0.));
#3336 = CARTESIAN_POINT('',(12.20701358321,-5.716240329625,0.));
#3337 = CARTESIAN_POINT('',(12.12595768178,-5.621513343501,0.));
#3338 = CARTESIAN_POINT('',(12.046901895041,-5.533211897983,0.));
#3339 = CARTESIAN_POINT('',(11.970091711055,-5.451196214638,0.));
#3340 = CARTESIAN_POINT('',(11.895767300155,-5.375318781859,0.));
#3341 = CARTESIAN_POINT('',(11.824163292732,-5.305424523761,0.));
#3342 = CARTESIAN_POINT('',(11.755508563517,-5.241350971555,0.));
#3343 = CARTESIAN_POINT('',(11.690026012532,-5.182928460383,0.));
#3344 = CARTESIAN_POINT('',(11.627932380521,-5.129980264336,0.));
#3345 = CARTESIAN_POINT('',(11.569437971677,-5.082322964114,0.));
#3346 = CARTESIAN_POINT('',(11.514746707741,-5.039766066447,0.));
#3347 = CARTESIAN_POINT('',(11.4640551162,-5.002114107908,0.));
#3348 = CARTESIAN_POINT('',(11.417554807275,-4.969160706497,0.));
#3349 = CARTESIAN_POINT('',(11.387767872912,-4.949044751902,0.));
#3350 = CARTESIAN_POINT('',(11.373615504943,-4.939723711475,0.));
#3351 = ORIENTED_EDGE('',*,*,#3352,.T.);
#3352 = EDGE_CURVE('',#3326,#3353,#3355,.T.);
#3353 = VERTEX_POINT('',#3354);
#3354 = CARTESIAN_POINT('',(11.788916169544,-3.844665856412,0.));
#3355 = B_SPLINE_CURVE_WITH_KNOTS('',1,(#3356,#3357),.UNSPECIFIED.,.F.,
  .F.,(2,2),(0.,1.171164526424),.PIECEWISE_BEZIER_KNOTS.);
#3356 = CARTESIAN_POINT('',(11.373615504943,-4.939723711475,0.));
#3357 = CARTESIAN_POINT('',(11.788916169544,-3.844665856412,0.));
#3358 = ORIENTED_EDGE('',*,*,#3359,.T.);
#3359 = EDGE_CURVE('',#3353,#3360,#3362,.T.);
#3360 = VERTEX_POINT('',#3361);
#3361 = CARTESIAN_POINT('',(13.781117782725,-3.625367934248,0.));
#3362 = B_SPLINE_CURVE_WITH_KNOTS('',3,(#3363,#3364,#3365,#3366,#3367,
    #3368,#3369,#3370,#3371,#3372,#3373,#3374,#3375,#3376,#3377,#3378,
    #3379,#3380,#3381,#3382,#3383,#3384),.UNSPECIFIED.,.F.,.F.,(4,1,1,1,
    1,1,1,1,1,1,1,1,1,1,1,1,1,1,1,4),(0.,5.083557895354E-02,
    0.107823372855,0.170963381733,0.240255605606,0.31570004449,
    0.397296698396,0.485045567335,0.578946651312,0.678999950336,
    0.785205464409,0.897563193537,1.016073137724,1.140735296972,
    1.271549671283,1.408516260661,1.551635065106,1.700906084621,
    1.856329319208,2.017904768867),.UNSPECIFIED.);
#3363 = CARTESIAN_POINT('',(11.788916169544,-3.844665856412,0.));
#3364 = CARTESIAN_POINT('',(11.805690362186,-3.847073713336,0.));
#3365 = CARTESIAN_POINT('',(11.841325547996,-3.851769096208,0.));
#3366 = CARTESIAN_POINT('',(11.897983676162,-3.857938529526,0.));
#3367 = CARTESIAN_POINT('',(11.960894744106,-3.863370376803,0.));
#3368 = CARTESIAN_POINT('',(12.030052186101,-3.867783097814,0.));
#3369 = CARTESIAN_POINT('',(12.105438515436,-3.870900064254,0.));
#3370 = CARTESIAN_POINT('',(12.187027414901,-3.872443464735,0.));
#3371 = CARTESIAN_POINT('',(12.27478309904,-3.872136550466,0.));
#3372 = CARTESIAN_POINT('',(12.368660526032,-3.869703314504,0.));
#3373 = CARTESIAN_POINT('',(12.468605361426,-3.864868950826,0.));
#3374 = CARTESIAN_POINT('',(12.574554026761,-3.857360077775,0.));
#3375 = CARTESIAN_POINT('',(12.686433733001,-3.846905030657,0.));
#3376 = CARTESIAN_POINT('',(12.804162528359,-3.83323413306,0.));
#3377 = CARTESIAN_POINT('',(12.927649352628,-3.816079970626,0.));
#3378 = CARTESIAN_POINT('',(13.056794096631,-3.795177671245,0.));
#3379 = CARTESIAN_POINT('',(13.191487681849,-3.770265145212,0.));
#3380 = CARTESIAN_POINT('',(13.331612096932,-3.741083478814,0.));
#3381 = CARTESIAN_POINT('',(13.477040644184,-3.707376706131,0.));
#3382 = CARTESIAN_POINT('',(13.627637388776,-3.668894042367,0.));
#3383 = CARTESIAN_POINT('',(13.729410485774,-3.640438500349,0.));
#3384 = CARTESIAN_POINT('',(13.781117782725,-3.625367934248,0.));
#3385 = ORIENTED_EDGE('',*,*,#3386,.T.);
#3386 = EDGE_CURVE('',#3360,#3387,#3389,.T.);
#3387 = VERTEX_POINT('',#3388);
#3388 = CARTESIAN_POINT('',(13.887366267179,-3.194300887707,0.));
#3389 = B_SPLINE_CURVE_WITH_KNOTS('',1,(#3390,#3391),.UNSPECIFIED.,.F.,
  .F.,(2,2),(0.,0.443967948237),.PIECEWISE_BEZIER_KNOTS.);
#3390 = CARTESIAN_POINT('',(13.781117782725,-3.625367934248,0.));
#3391 = CARTESIAN_POINT('',(13.887366267179,-3.194300887707,0.));
#3392 = ORIENTED_EDGE('',*,*,#3393,.T.);
#3393 = EDGE_CURVE('',#3387,#3394,#3396,.T.);
#3394 = VERTEX_POINT('',#3395);
#3395 = CARTESIAN_POINT('',(12.225272170484,-2.074299968086,0.));
#3396 = B_SPLINE_CURVE_WITH_KNOTS('',3,(#3397,#3398,#3399,#3400,#3401,
    #3402,#3403,#3404,#3405,#3406,#3407,#3408,#3409,#3410,#3411,#3412,
    #3413,#3414,#3415,#3416,#3417,#3418),.UNSPECIFIED.,.F.,.F.,(4,1,1,1,
    1,1,1,1,1,1,1,1,1,1,1,1,1,1,1,4),(0.,0.161575449659,0.316998684245,
    0.466269703761,0.609388508206,0.746355097584,0.877169471895,
    1.001831631143,1.120341575329,1.232699304458,1.338904818531,
    1.438958117555,1.532859201532,1.620608070471,1.702204724377,
    1.777649163261,1.846941387134,1.910081396012,1.967069189913,
    2.017904768867),.UNSPECIFIED.);
#3397 = CARTESIAN_POINT('',(13.887366267179,-3.194300887707,0.));
#3398 = CARTESIAN_POINT('',(13.848585370808,-3.156926985086,0.));
#3399 = CARTESIAN_POINT('',(13.77169371857,-3.084434537477,0.));
#3400 = CARTESIAN_POINT('',(13.656230709201,-2.980374034118,0.));
#3401 = CARTESIAN_POINT('',(13.543124444054,-2.882944153356,0.));
#3402 = CARTESIAN_POINT('',(13.432611832952,-2.791986008347,0.));
#3403 = CARTESIAN_POINT('',(13.324924014425,-2.707331831881,0.));
#3404 = CARTESIAN_POINT('',(13.220285805538,-2.628807209857,0.));
#3405 = CARTESIAN_POINT('',(13.11891558968,-2.556230764685,0.));
#3406 = CARTESIAN_POINT('',(13.021025101334,-2.489414486812,0.));
#3407 = CARTESIAN_POINT('',(12.926819243956,-2.428163910372,0.));
#3408 = CARTESIAN_POINT('',(12.836495907128,-2.372278333655,0.));
#3409 = CARTESIAN_POINT('',(12.750245791219,-2.321551036272,0.));
#3410 = CARTESIAN_POINT('',(12.668252238951,-2.275769497173,0.));
#3411 = CARTESIAN_POINT('',(12.590691069817,-2.234715638186,0.));
#3412 = CARTESIAN_POINT('',(12.517730433192,-2.198165999279,0.));
#3413 = CARTESIAN_POINT('',(12.449530627099,-2.165892161898,0.));
#3414 = CARTESIAN_POINT('',(12.38624405966,-2.137660366492,0.));
#3415 = CARTESIAN_POINT('',(12.328014770172,-2.113233797342,0.));
#3416 = CARTESIAN_POINT('',(12.274979410564,-2.092366214205,0.));
#3417 = CARTESIAN_POINT('',(12.241243967341,-2.079963272676,0.));
#3418 = CARTESIAN_POINT('',(12.225272170484,-2.074299968086,0.));
#3419 = ORIENTED_EDGE('',*,*,#3420,.T.);
#3420 = EDGE_CURVE('',#3394,#3421,#3423,.T.);
#3421 = VERTEX_POINT('',#3422);
#3422 = CARTESIAN_POINT('',(12.366440454532,-0.911674549675,0.));
#3423 = B_SPLINE_CURVE_WITH_KNOTS('',1,(#3424,#3425),.UNSPECIFIED.,.F.,
  .F.,(2,2),(0.,1.171164526424),.PIECEWISE_BEZIER_KNOTS.);
#3424 = CARTESIAN_POINT('',(12.225272170484,-2.074299968086,0.));
#3425 = CARTESIAN_POINT('',(12.366440454532,-0.911674549675,0.));
#3426 = ORIENTED_EDGE('',*,*,#3427,.T.);
#3427 = EDGE_CURVE('',#3421,#1683,#3428,.T.);
#3428 = B_SPLINE_CURVE_WITH_KNOTS('',3,(#3429,#3430,#3431,#3432,#3433,
    #3434,#3435,#3436,#3437,#3438,#3439,#3440,#3441,#3442,#3443,#3444,
    #3445,#3446,#3447,#3448,#3449,#3450),.UNSPECIFIED.,.F.,.F.,(4,1,1,1,
    1,1,1,1,1,1,1,1,1,1,1,1,1,1,1,4),(0.,5.083557895354E-02,
    0.107823372855,0.170963381733,0.240255605606,0.31570004449,
    0.397296698396,0.485045567335,0.578946651312,0.678999950336,
    0.785205464409,0.897563193537,1.016073137724,1.140735296972,
    1.271549671283,1.408516260661,1.551635065106,1.700906084621,
    1.856329319208,2.017904768867),.UNSPECIFIED.);
#3429 = CARTESIAN_POINT('',(12.366440454532,-0.911674549675,0.));
#3430 = CARTESIAN_POINT('',(12.3833034575,-0.909998111599,0.));
#3431 = CARTESIAN_POINT('',(12.419026828246,-0.906028997014,0.));
#3432 = CARTESIAN_POINT('',(12.475515016212,-0.898459980233,0.));
#3433 = CARTESIAN_POINT('',(12.537897928997,-0.888678383884,0.));
#3434 = CARTESIAN_POINT('',(12.606101814677,-0.876412420071,0.));
#3435 = CARTESIAN_POINT('',(12.680043493185,-0.861397683647,0.));
#3436 = CARTESIAN_POINT('',(12.759630927424,-0.843370734042,0.));
#3437 = CARTESIAN_POINT('',(12.84476314148,-0.822071428299,0.));
#3438 = CARTESIAN_POINT('',(12.935330349578,-0.79724255895,0.));
#3439 = CARTESIAN_POINT('',(13.031214030743,-0.768630308419,0.));
#3440 = CARTESIAN_POINT('',(13.132287029475,-0.735984454347,0.));
#3441 = CARTESIAN_POINT('',(13.238413658238,-0.699058645678,0.));
#3442 = CARTESIAN_POINT('',(13.349449808826,-0.657610654653,0.));
#3443 = CARTESIAN_POINT('',(13.465243070632,-0.611402629622,0.));
#3444 = CARTESIAN_POINT('',(13.585632855424,-0.560201352872,0.));
#3445 = CARTESIAN_POINT('',(13.710450532134,-0.503778454747,0.));
#3446 = CARTESIAN_POINT('',(13.839519556502,-0.441910787061,0.));
#3447 = CARTESIAN_POINT('',(13.972655655781,-0.374380142541,0.));
#3448 = CARTESIAN_POINT('',(14.109666828431,-0.300975555075,0.));
#3449 = CARTESIAN_POINT('',(14.201672727255,-0.248990983077,0.));
#3450 = CARTESIAN_POINT('',(14.248270881592,-0.221983974119,0.));
#3451 = PLANE('',#3452);
#3452 = AXIS2_PLACEMENT_3D('',#3453,#3454,#3455);
#3453 = CARTESIAN_POINT('',(-1.025580099405E-15,3.057510672446E-17,0.));
#3454 = DIRECTION('',(-0.,-0.,-1.));
#3455 = DIRECTION('',(-1.,0.,0.));
#3456 = ADVANCED_FACE('',(#3457,#3462),#3473,.T.);
#3457 = FACE_BOUND('',#3458,.T.);
#3458 = EDGE_LOOP('',(#3459,#3460,#3461));
#3459 = ORIENTED_EDGE('',*,*,#1628,.T.);
#3460 = ORIENTED_EDGE('',*,*,#1655,.T.);
#3461 = ORIENTED_EDGE('',*,*,#1664,.T.);
#3462 = FACE_BOUND('',#3463,.T.);
#3463 = EDGE_LOOP('',(#3464));
#3464 = ORIENTED_EDGE('',*,*,#3465,.F.);
#3465 = EDGE_CURVE('',#3466,#3466,#3468,.T.);
#3466 = VERTEX_POINT('',#3467);
#3467 = CARTESIAN_POINT('',(14.195,-7.98259941683E-15,4.01));
#3468 = CIRCLE('',#3469,14.195);
#3469 = AXIS2_PLACEMENT_3D('',#3470,#3471,#3472);
#3470 = CARTESIAN_POINT('',(0.,0.,4.01));
#3471 = DIRECTION('',(0.,0.,1.));
#3472 = DIRECTION('',(1.,0.,0.));
#3473 = PLANE('',#3474);
#3474 = AXIS2_PLACEMENT_3D('',#3475,#3476,#3477);
#3475 = CARTESIAN_POINT('',(0.421990945084,-1.739792234731E-16,4.01));
#3476 = DIRECTION('',(0.,0.,1.));
#3477 = DIRECTION('',(1.,0.,0.));
#3478 = ADVANCED_FACE('',(#3479),#3504,.T.);
#3479 = FACE_BOUND('',#3480,.T.);
#3480 = EDGE_LOOP('',(#3481,#3482,#3490,#3498));
#3481 = ORIENTED_EDGE('',*,*,#1682,.F.);
#3482 = ORIENTED_EDGE('',*,*,#3483,.T.);
#3483 = EDGE_CURVE('',#1683,#3484,#3486,.T.);
#3484 = VERTEX_POINT('',#3485);
#3485 = CARTESIAN_POINT('',(14.248270881592,-0.221983974119,3.51));
#3486 = LINE('',#3487,#3488);
#3487 = CARTESIAN_POINT('',(14.248270881592,-0.221983974119,0.));
#3488 = VECTOR('',#3489,1.);
#3489 = DIRECTION('',(0.,0.,1.));
#3490 = ORIENTED_EDGE('',*,*,#3491,.F.);
#3491 = EDGE_CURVE('',#3492,#3484,#3494,.T.);
#3492 = VERTEX_POINT('',#3493);
#3493 = CARTESIAN_POINT('',(14.248270881592,0.221983974119,3.51));
#3494 = LINE('',#3495,#3496);
#3495 = CARTESIAN_POINT('',(14.248270881592,-0.110991987059,3.51));
#3496 = VECTOR('',#3497,1.);
#3497 = DIRECTION('',(0.,-1.,0.));
#3498 = ORIENTED_EDGE('',*,*,#3499,.F.);
#3499 = EDGE_CURVE('',#1685,#3492,#3500,.T.);
#3500 = LINE('',#3501,#3502);
#3501 = CARTESIAN_POINT('',(14.248270881592,0.221983974119,0.));
#3502 = VECTOR('',#3503,1.);
#3503 = DIRECTION('',(0.,0.,1.));
#3504 = PLANE('',#3505);
#3505 = AXIS2_PLACEMENT_3D('',#3506,#3507,#3508);
#3506 = CARTESIAN_POINT('',(14.248270881592,-0.221983974119,0.));
#3507 = DIRECTION('',(-1.,0.,0.));
#3508 = DIRECTION('',(0.,1.,0.));
#3509 = ADVANCED_FACE('',(#3510),#3589,.T.);
#3510 = FACE_BOUND('',#3511,.T.);
#3511 = EDGE_LOOP('',(#3512,#3513,#3514,#3545,#3556,#3583));
#3512 = ORIENTED_EDGE('',*,*,#1692,.F.);
#3513 = ORIENTED_EDGE('',*,*,#3499,.T.);
#3514 = ORIENTED_EDGE('',*,*,#3515,.F.);
#3515 = EDGE_CURVE('',#3516,#3492,#3518,.T.);
#3516 = VERTEX_POINT('',#3517);
#3517 = CARTESIAN_POINT('',(14.192730004143,0.253850407742,3.51));
#3518 = B_SPLINE_CURVE_WITH_KNOTS('',7,(#3519,#3520,#3521,#3522,#3523,
    #3524,#3525,#3526,#3527,#3528,#3529,#3530,#3531,#3532,#3533,#3534,
    #3535,#3536,#3537,#3538,#3539,#3540,#3541,#3542,#3543,#3544),
  .UNSPECIFIED.,.F.,.F.,(8,6,6,6,8),(0.,6.500064050245E-02,
    0.278003844969,0.798008401284,1.),.UNSPECIFIED.);
#3519 = CARTESIAN_POINT('',(12.366440454532,0.911674549675,3.51));
#3520 = CARTESIAN_POINT('',(12.385086953633,0.909820805052,3.51));
#3521 = CARTESIAN_POINT('',(12.403714473002,0.907781564547,3.51));
#3522 = CARTESIAN_POINT('',(12.422322035904,0.90556548605,3.51));
#3523 = CARTESIAN_POINT('',(12.440908774479,0.903178391239,3.51));
#3524 = CARTESIAN_POINT('',(12.459474083547,0.900630136687,3.51));
#3525 = CARTESIAN_POINT('',(12.478017544632,0.897932683439,3.51));
#3526 = CARTESIAN_POINT('',(12.557231075332,0.885771981055,3.51));
#3527 = CARTESIAN_POINT('',(12.617681784234,0.874892025843,3.51));
#3528 = CARTESIAN_POINT('',(12.677879741581,0.862664030118,3.51));
#3529 = CARTESIAN_POINT('',(12.737813622705,0.849211958402,3.51));
#3530 = CARTESIAN_POINT('',(12.797475337336,0.834627121074,3.51));
#3531 = CARTESIAN_POINT('',(12.856861267762,0.8189907076,3.51));
#3532 = CARTESIAN_POINT('',(13.060276201813,0.761762704712,3.51));
#3533 = CARTESIAN_POINT('',(13.202905957816,0.715260364664,3.51));
#3534 = CARTESIAN_POINT('',(13.343836482278,0.663747562219,3.51));
#3535 = CARTESIAN_POINT('',(13.483019352658,0.607711132589,3.51));
#3536 = CARTESIAN_POINT('',(13.620431529406,0.547572015012,3.51));
#3537 = CARTESIAN_POINT('',(13.756064421556,0.483637279147,3.51));
#3538 = CARTESIAN_POINT('',(13.941931528193,0.389949032964,3.51));
#3539 = CARTESIAN_POINT('',(13.993662329552,0.363204266544,3.51));
#3540 = CARTESIAN_POINT('',(14.045124141579,0.335943089444,3.51));
#3541 = CARTESIAN_POINT('',(14.096316077064,0.308177217672,3.51));
#3542 = CARTESIAN_POINT('',(14.147237702184,0.279919206187,3.51));
#3543 = CARTESIAN_POINT('',(14.1978892641,0.251183774289,3.51));
#3544 = CARTESIAN_POINT('',(14.248270881592,0.221983974119,3.51));
#3545 = ORIENTED_EDGE('',*,*,#3546,.F.);
#3546 = EDGE_CURVE('',#3547,#3516,#3549,.T.);
#3547 = VERTEX_POINT('',#3548);
#3548 = CARTESIAN_POINT('',(14.192730004143,0.253850407742,4.));
#3549 = B_SPLINE_CURVE_WITH_KNOTS('',5,(#3550,#3551,#3552,#3553,#3554,
    #3555),.UNSPECIFIED.,.F.,.F.,(6,6),(0.,1.),
  .PIECEWISE_BEZIER_KNOTS.);
#3550 = CARTESIAN_POINT('',(14.192730004143,0.253850407742,4.0000006));
#3551 = CARTESIAN_POINT('',(14.192730004143,0.253850407742,
    3.893700524585));
#3552 = CARTESIAN_POINT('',(14.192730004143,0.253850407742,
    3.807051538322));
#3553 = CARTESIAN_POINT('',(14.192730004143,0.253850407742,
    3.699906479312));
#3554 = CARTESIAN_POINT('',(14.192730004143,0.253850407742,3.58119590178
    ));
#3555 = CARTESIAN_POINT('',(14.192730004143,0.253850407742,3.5099994));
#3556 = ORIENTED_EDGE('',*,*,#3557,.T.);
#3557 = EDGE_CURVE('',#3547,#3558,#3560,.T.);
#3558 = VERTEX_POINT('',#3559);
#3559 = CARTESIAN_POINT('',(12.366440454532,0.911674549675,4.));
#3560 = B_SPLINE_CURVE_WITH_KNOTS('',3,(#3561,#3562,#3563,#3564,#3565,
    #3566,#3567,#3568,#3569,#3570,#3571,#3572,#3573,#3574,#3575,#3576,
    #3577,#3578,#3579,#3580,#3581,#3582),.UNSPECIFIED.,.F.,.F.,(4,1,1,1,
    1,1,1,1,1,1,1,1,1,1,1,1,1,1,1,4),(0.,0.161575449659,0.316998684245,
    0.466269703761,0.609388508206,0.746355097584,0.877169471895,
    1.001831631143,1.120341575329,1.232699304458,1.338904818531,
    1.438958117555,1.532859201532,1.620608070471,1.702204724377,
    1.777649163261,1.846941387134,1.910081396012,1.967069189913,
    2.017904768867),.UNSPECIFIED.);
#3561 = CARTESIAN_POINT('',(14.248270881592,0.221983974119,4.));
#3562 = CARTESIAN_POINT('',(14.201672727255,0.248990983077,4.));
#3563 = CARTESIAN_POINT('',(14.109666828431,0.300975555075,4.));
#3564 = CARTESIAN_POINT('',(13.972655655781,0.374380142541,4.));
#3565 = CARTESIAN_POINT('',(13.839519556502,0.441910787061,4.));
#3566 = CARTESIAN_POINT('',(13.710450532134,0.503778454747,4.));
#3567 = CARTESIAN_POINT('',(13.585632855424,0.560201352872,4.));
#3568 = CARTESIAN_POINT('',(13.465243070632,0.611402629622,4.));
#3569 = CARTESIAN_POINT('',(13.349449808826,0.657610654653,4.));
#3570 = CARTESIAN_POINT('',(13.238413658238,0.699058645678,4.));
#3571 = CARTESIAN_POINT('',(13.132287029475,0.735984454347,4.));
#3572 = CARTESIAN_POINT('',(13.031214030743,0.768630308419,4.));
#3573 = CARTESIAN_POINT('',(12.935330349578,0.79724255895,4.));
#3574 = CARTESIAN_POINT('',(12.84476314148,0.822071428299,4.));
#3575 = CARTESIAN_POINT('',(12.759630927424,0.843370734042,4.));
#3576 = CARTESIAN_POINT('',(12.680043493185,0.861397683647,4.));
#3577 = CARTESIAN_POINT('',(12.606101814677,0.876412420071,4.));
#3578 = CARTESIAN_POINT('',(12.537897928997,0.888678383884,4.));
#3579 = CARTESIAN_POINT('',(12.475515016212,0.898459980233,4.));
#3580 = CARTESIAN_POINT('',(12.419026828246,0.906028997014,4.));
#3581 = CARTESIAN_POINT('',(12.3833034575,0.909998111599,4.));
#3582 = CARTESIAN_POINT('',(12.366440454532,0.911674549675,4.));
#3583 = ORIENTED_EDGE('',*,*,#3584,.F.);
#3584 = EDGE_CURVE('',#1693,#3558,#3585,.T.);
#3585 = LINE('',#3586,#3587);
#3586 = CARTESIAN_POINT('',(12.366440454532,0.911674549675,0.));
#3587 = VECTOR('',#3588,1.);
#3588 = DIRECTION('',(0.,0.,1.));
#3589 = SURFACE_OF_LINEAR_EXTRUSION('',#3590,#3613);
#3590 = B_SPLINE_CURVE_WITH_KNOTS('',3,(#3591,#3592,#3593,#3594,#3595,
    #3596,#3597,#3598,#3599,#3600,#3601,#3602,#3603,#3604,#3605,#3606,
    #3607,#3608,#3609,#3610,#3611,#3612),.UNSPECIFIED.,.F.,.F.,(4,1,1,1,
    1,1,1,1,1,1,1,1,1,1,1,1,1,1,1,4),(0.,0.161575449659,0.316998684245,
    0.466269703761,0.609388508206,0.746355097584,0.877169471895,
    1.001831631143,1.120341575329,1.232699304458,1.338904818531,
    1.438958117555,1.532859201532,1.620608070471,1.702204724377,
    1.777649163261,1.846941387134,1.910081396012,1.967069189913,
    2.017904768867),.UNSPECIFIED.);
#3591 = CARTESIAN_POINT('',(14.248270881592,0.221983974119,0.));
#3592 = CARTESIAN_POINT('',(14.201672727255,0.248990983077,0.));
#3593 = CARTESIAN_POINT('',(14.109666828431,0.300975555075,0.));
#3594 = CARTESIAN_POINT('',(13.972655655781,0.374380142541,0.));
#3595 = CARTESIAN_POINT('',(13.839519556502,0.441910787061,0.));
#3596 = CARTESIAN_POINT('',(13.710450532134,0.503778454747,0.));
#3597 = CARTESIAN_POINT('',(13.585632855424,0.560201352872,0.));
#3598 = CARTESIAN_POINT('',(13.465243070632,0.611402629622,0.));
#3599 = CARTESIAN_POINT('',(13.349449808826,0.657610654653,0.));
#3600 = CARTESIAN_POINT('',(13.238413658238,0.699058645678,0.));
#3601 = CARTESIAN_POINT('',(13.132287029475,0.735984454347,0.));
#3602 = CARTESIAN_POINT('',(13.031214030743,0.768630308419,0.));
#3603 = CARTESIAN_POINT('',(12.935330349578,0.79724255895,0.));
#3604 = CARTESIAN_POINT('',(12.84476314148,0.822071428299,0.));
#3605 = CARTESIAN_POINT('',(12.759630927424,0.843370734042,0.));
#3606 = CARTESIAN_POINT('',(12.680043493185,0.861397683647,0.));
#3607 = CARTESIAN_POINT('',(12.606101814677,0.876412420071,0.));
#3608 = CARTESIAN_POINT('',(12.537897928997,0.888678383884,0.));
#3609 = CARTESIAN_POINT('',(12.475515016212,0.898459980233,0.));
#3610 = CARTESIAN_POINT('',(12.419026828246,0.906028997014,0.));
#3611 = CARTESIAN_POINT('',(12.3833034575,0.909998111599,0.));
#3612 = CARTESIAN_POINT('',(12.366440454532,0.911674549675,0.));
#3613 = VECTOR('',#3614,1.);
#3614 = DIRECTION('',(-0.,-0.,-1.));
#3615 = ADVANCED_FACE('',(#3616),#3634,.T.);
#3616 = FACE_BOUND('',#3617,.T.);
#3617 = EDGE_LOOP('',(#3618,#3619,#3627,#3633));
#3618 = ORIENTED_EDGE('',*,*,#3584,.T.);
#3619 = ORIENTED_EDGE('',*,*,#3620,.T.);
#3620 = EDGE_CURVE('',#3558,#3621,#3623,.T.);
#3621 = VERTEX_POINT('',#3622);
#3622 = CARTESIAN_POINT('',(12.225272170484,2.074299968086,4.));
#3623 = LINE('',#3624,#3625);
#3624 = CARTESIAN_POINT('',(12.366440454532,0.911674549675,4.));
#3625 = VECTOR('',#3626,1.);
#3626 = DIRECTION('',(-0.120536680255,0.992708874098,0.));
#3627 = ORIENTED_EDGE('',*,*,#3628,.F.);
#3628 = EDGE_CURVE('',#1720,#3621,#3629,.T.);
#3629 = LINE('',#3630,#3631);
#3630 = CARTESIAN_POINT('',(12.225272170484,2.074299968086,0.));
#3631 = VECTOR('',#3632,1.);
#3632 = DIRECTION('',(0.,0.,1.));
#3633 = ORIENTED_EDGE('',*,*,#1719,.F.);
#3634 = PLANE('',#3635);
#3635 = AXIS2_PLACEMENT_3D('',#3636,#3637,#3638);
#3636 = CARTESIAN_POINT('',(12.366440454532,0.911674549675,0.));
#3637 = DIRECTION('',(-0.992708874098,-0.120536680255,0.));
#3638 = DIRECTION('',(-0.120536680255,0.992708874098,0.));
#3639 = ADVANCED_FACE('',(#3640),#3731,.T.);
#3640 = FACE_BOUND('',#3641,.T.);
#3641 = EDGE_LOOP('',(#3642,#3643,#3644,#3671,#3682,#3725));
#3642 = ORIENTED_EDGE('',*,*,#1727,.F.);
#3643 = ORIENTED_EDGE('',*,*,#3628,.T.);
#3644 = ORIENTED_EDGE('',*,*,#3645,.T.);
#3645 = EDGE_CURVE('',#3621,#3646,#3648,.T.);
#3646 = VERTEX_POINT('',#3647);
#3647 = CARTESIAN_POINT('',(13.841065443418,3.150068632748,4.));
#3648 = B_SPLINE_CURVE_WITH_KNOTS('',3,(#3649,#3650,#3651,#3652,#3653,
    #3654,#3655,#3656,#3657,#3658,#3659,#3660,#3661,#3662,#3663,#3664,
    #3665,#3666,#3667,#3668,#3669,#3670),.UNSPECIFIED.,.F.,.F.,(4,1,1,1,
    1,1,1,1,1,1,1,1,1,1,1,1,1,1,1,4),(0.,5.083557895354E-02,
    0.107823372855,0.170963381733,0.240255605606,0.31570004449,
    0.397296698396,0.485045567335,0.578946651312,0.678999950336,
    0.785205464409,0.897563193537,1.016073137724,1.140735296972,
    1.271549671283,1.408516260661,1.551635065106,1.700906084621,
    1.856329319208,2.017904768867),.UNSPECIFIED.);
#3649 = CARTESIAN_POINT('',(12.225272170484,2.074299968086,4.));
#3650 = CARTESIAN_POINT('',(12.241243967341,2.079963272676,4.));
#3651 = CARTESIAN_POINT('',(12.274979410564,2.092366214205,4.));
#3652 = CARTESIAN_POINT('',(12.328014770172,2.113233797342,4.));
#3653 = CARTESIAN_POINT('',(12.38624405966,2.137660366492,4.));
#3654 = CARTESIAN_POINT('',(12.449530627099,2.165892161898,4.));
#3655 = CARTESIAN_POINT('',(12.517730433192,2.198165999279,4.));
#3656 = CARTESIAN_POINT('',(12.590691069817,2.234715638186,4.));
#3657 = CARTESIAN_POINT('',(12.668252238951,2.275769497173,4.));
#3658 = CARTESIAN_POINT('',(12.750245791219,2.321551036272,4.));
#3659 = CARTESIAN_POINT('',(12.836495907128,2.372278333655,4.));
#3660 = CARTESIAN_POINT('',(12.926819243956,2.428163910372,4.));
#3661 = CARTESIAN_POINT('',(13.021025101334,2.489414486812,4.));
#3662 = CARTESIAN_POINT('',(13.11891558968,2.556230764685,4.));
#3663 = CARTESIAN_POINT('',(13.220285805538,2.628807209857,4.));
#3664 = CARTESIAN_POINT('',(13.324924014426,2.707331831881,4.));
#3665 = CARTESIAN_POINT('',(13.432611832952,2.791986008347,4.));
#3666 = CARTESIAN_POINT('',(13.543124444054,2.882944153356,4.));
#3667 = CARTESIAN_POINT('',(13.656230709201,2.980374034118,4.));
#3668 = CARTESIAN_POINT('',(13.77169371857,3.084434537477,4.));
#3669 = CARTESIAN_POINT('',(13.848585370808,3.156926985086,4.));
#3670 = CARTESIAN_POINT('',(13.887366267179,3.194300887707,4.));
#3671 = ORIENTED_EDGE('',*,*,#3672,.T.);
#3672 = EDGE_CURVE('',#3646,#3673,#3675,.T.);
#3673 = VERTEX_POINT('',#3674);
#3674 = CARTESIAN_POINT('',(13.841065443418,3.150068632748,3.51));
#3675 = B_SPLINE_CURVE_WITH_KNOTS('',5,(#3676,#3677,#3678,#3679,#3680,
    #3681),.UNSPECIFIED.,.F.,.F.,(6,6),(0.,1.),
  .PIECEWISE_BEZIER_KNOTS.);
#3676 = CARTESIAN_POINT('',(13.841065443418,3.150068632748,4.0000006));
#3677 = CARTESIAN_POINT('',(13.841065443418,3.150068632748,
    3.893700524585));
#3678 = CARTESIAN_POINT('',(13.841065443418,3.150068632748,
    3.807051538322));
#3679 = CARTESIAN_POINT('',(13.841065443418,3.150068632748,
    3.699906479312));
#3680 = CARTESIAN_POINT('',(13.841065443418,3.150068632748,3.58119590178
    ));
#3681 = CARTESIAN_POINT('',(13.841065443418,3.150068632748,3.5099994));
#3682 = ORIENTED_EDGE('',*,*,#3683,.F.);
#3683 = EDGE_CURVE('',#3684,#3673,#3686,.T.);
#3684 = VERTEX_POINT('',#3685);
#3685 = CARTESIAN_POINT('',(13.887366267179,3.194300887707,3.51));
#3686 = B_SPLINE_CURVE_WITH_KNOTS('',7,(#3687,#3688,#3689,#3690,#3691,
    #3692,#3693,#3694,#3695,#3696,#3697,#3698,#3699,#3700,#3701,#3702,
    #3703,#3704,#3705,#3706,#3707,#3708,#3709,#3710,#3711,#3712,#3713,
    #3714,#3715,#3716,#3717,#3718,#3719,#3720,#3721,#3722,#3723,#3724),
  .UNSPECIFIED.,.F.,.F.,(8,6,6,6,6,6,8),(0.,0.29599853849,0.591998255967
    ,0.820999393951,0.894999573716,0.968999916493,1.),.UNSPECIFIED.);
#3687 = CARTESIAN_POINT('',(13.887366267179,3.194300887707,3.51));
#3688 = CARTESIAN_POINT('',(13.825924722131,3.135088478083,3.51));
#3689 = CARTESIAN_POINT('',(13.763682099845,3.076705139655,3.51));
#3690 = CARTESIAN_POINT('',(13.700627000647,3.019193371295,3.51));
#3691 = CARTESIAN_POINT('',(13.636748904152,2.962594025328,3.51));
#3692 = CARTESIAN_POINT('',(13.572044158431,2.906939994338,3.51));
#3693 = CARTESIAN_POINT('',(13.506497702331,2.852289073033,3.51));
#3694 = CARTESIAN_POINT('',(13.37370134007,2.745096262123,3.51));
#3695 = CARTESIAN_POINT('',(13.30645201222,2.692555408234,3.51));
#3696 = CARTESIAN_POINT('',(13.23833899191,2.641124914303,3.51));
#3697 = CARTESIAN_POINT('',(13.169349308113,2.590868026773,3.51));
#3698 = CARTESIAN_POINT('',(13.099469335846,2.541856775601,3.51));
#3699 = CARTESIAN_POINT('',(13.028683025493,2.494176421444,3.51));
#3700 = CARTESIAN_POINT('',(12.901486719946,2.412158598615,3.51));
#3701 = CARTESIAN_POINT('',(12.84545080897,2.377244469502,3.51));
#3702 = CARTESIAN_POINT('',(12.788850125642,2.343240264542,3.51));
#3703 = CARTESIAN_POINT('',(12.731673376258,2.310204821562,3.51));
#3704 = CARTESIAN_POINT('',(12.673908923463,2.278206778791,3.51));
#3705 = CARTESIAN_POINT('',(12.615542161323,2.247332208984,3.51));
#3706 = CARTESIAN_POINT('',(12.537487316364,2.208125059436,3.51));
#3707 = CARTESIAN_POINT('',(12.518359146933,2.198679942457,3.51));
#3708 = CARTESIAN_POINT('',(12.499165280871,2.189367882862,3.51));
#3709 = CARTESIAN_POINT('',(12.479904552526,2.180194690594,3.51));
#3710 = CARTESIAN_POINT('',(12.460576086589,2.171165383366,3.51));
#3711 = CARTESIAN_POINT('',(12.441179279643,2.162284279137,3.51));
#3712 = CARTESIAN_POINT('',(12.402246072081,2.14483356954,3.51));
#3713 = CARTESIAN_POINT('',(12.382709632789,2.136264556403,3.51));
#3714 = CARTESIAN_POINT('',(12.363102948823,2.127854908438,3.51));
#3715 = CARTESIAN_POINT('',(12.343422978024,2.119619583861,3.51));
#3716 = CARTESIAN_POINT('',(12.323670462096,2.111557562359,3.51));
#3717 = CARTESIAN_POINT('',(12.303842627581,2.103684604035,3.51));
#3718 = CARTESIAN_POINT('',(12.275597757915,2.092801222005,3.51));
#3719 = CARTESIAN_POINT('',(12.267245129042,2.089623611561,3.51));
#3720 = CARTESIAN_POINT('',(12.258878675345,2.086482470736,3.51));
#3721 = CARTESIAN_POINT('',(12.250498264451,2.083378679432,3.51));
#3722 = CARTESIAN_POINT('',(12.242103777695,2.080313101978,3.51));
#3723 = CARTESIAN_POINT('',(12.233695110122,2.077286587133,3.51));
#3724 = CARTESIAN_POINT('',(12.225272170484,2.074299968086,3.51));
#3725 = ORIENTED_EDGE('',*,*,#3726,.F.);
#3726 = EDGE_CURVE('',#1728,#3684,#3727,.T.);
#3727 = LINE('',#3728,#3729);
#3728 = CARTESIAN_POINT('',(13.887366267179,3.194300887707,0.));
#3729 = VECTOR('',#3730,1.);
#3730 = DIRECTION('',(0.,0.,1.));
#3731 = SURFACE_OF_LINEAR_EXTRUSION('',#3732,#3755);
#3732 = B_SPLINE_CURVE_WITH_KNOTS('',3,(#3733,#3734,#3735,#3736,#3737,
    #3738,#3739,#3740,#3741,#3742,#3743,#3744,#3745,#3746,#3747,#3748,
    #3749,#3750,#3751,#3752,#3753,#3754),.UNSPECIFIED.,.F.,.F.,(4,1,1,1,
    1,1,1,1,1,1,1,1,1,1,1,1,1,1,1,4),(0.,5.083557895354E-02,
    0.107823372855,0.170963381733,0.240255605606,0.31570004449,
    0.397296698396,0.485045567335,0.578946651312,0.678999950336,
    0.785205464409,0.897563193537,1.016073137724,1.140735296972,
    1.271549671283,1.408516260661,1.551635065106,1.700906084621,
    1.856329319208,2.017904768867),.UNSPECIFIED.);
#3733 = CARTESIAN_POINT('',(12.225272170484,2.074299968086,0.));
#3734 = CARTESIAN_POINT('',(12.241243967341,2.079963272676,0.));
#3735 = CARTESIAN_POINT('',(12.274979410564,2.092366214205,0.));
#3736 = CARTESIAN_POINT('',(12.328014770172,2.113233797342,0.));
#3737 = CARTESIAN_POINT('',(12.38624405966,2.137660366492,0.));
#3738 = CARTESIAN_POINT('',(12.449530627099,2.165892161898,0.));
#3739 = CARTESIAN_POINT('',(12.517730433192,2.198165999279,0.));
#3740 = CARTESIAN_POINT('',(12.590691069817,2.234715638186,0.));
#3741 = CARTESIAN_POINT('',(12.668252238951,2.275769497173,0.));
#3742 = CARTESIAN_POINT('',(12.750245791219,2.321551036272,0.));
#3743 = CARTESIAN_POINT('',(12.836495907128,2.372278333655,0.));
#3744 = CARTESIAN_POINT('',(12.926819243956,2.428163910372,0.));
#3745 = CARTESIAN_POINT('',(13.021025101334,2.489414486812,0.));
#3746 = CARTESIAN_POINT('',(13.11891558968,2.556230764685,0.));
#3747 = CARTESIAN_POINT('',(13.220285805538,2.628807209857,0.));
#3748 = CARTESIAN_POINT('',(13.324924014426,2.707331831881,0.));
#3749 = CARTESIAN_POINT('',(13.432611832952,2.791986008347,0.));
#3750 = CARTESIAN_POINT('',(13.543124444054,2.882944153356,0.));
#3751 = CARTESIAN_POINT('',(13.656230709201,2.980374034118,0.));
#3752 = CARTESIAN_POINT('',(13.77169371857,3.084434537477,0.));
#3753 = CARTESIAN_POINT('',(13.848585370808,3.156926985086,0.));
#3754 = CARTESIAN_POINT('',(13.887366267179,3.194300887707,0.));
#3755 = VECTOR('',#3756,1.);
#3756 = DIRECTION('',(-0.,-0.,-1.));
#3757 = ADVANCED_FACE('',(#3758),#3778,.T.);
#3758 = FACE_BOUND('',#3759,.T.);
#3759 = EDGE_LOOP('',(#3760,#3761,#3762,#3772));
#3760 = ORIENTED_EDGE('',*,*,#1754,.F.);
#3761 = ORIENTED_EDGE('',*,*,#3726,.T.);
#3762 = ORIENTED_EDGE('',*,*,#3763,.F.);
#3763 = EDGE_CURVE('',#3764,#3684,#3766,.T.);
#3764 = VERTEX_POINT('',#3765);
#3765 = CARTESIAN_POINT('',(13.781117782725,3.625367934248,3.51));
#3766 = B_SPLINE_CURVE_WITH_KNOTS('',4,(#3767,#3768,#3769,#3770,#3771),
  .UNSPECIFIED.,.F.,.F.,(5,5),(0.,1.),.PIECEWISE_BEZIER_KNOTS.);
#3767 = CARTESIAN_POINT('',(13.781117782725,3.625367934248,3.51));
#3768 = CARTESIAN_POINT('',(13.807679903838,3.517601172612,3.51));
#3769 = CARTESIAN_POINT('',(13.834242024952,3.409834410977,3.51));
#3770 = CARTESIAN_POINT('',(13.860804146066,3.302067649342,3.51));
#3771 = CARTESIAN_POINT('',(13.887366267179,3.194300887707,3.51));
#3772 = ORIENTED_EDGE('',*,*,#3773,.F.);
#3773 = EDGE_CURVE('',#1755,#3764,#3774,.T.);
#3774 = LINE('',#3775,#3776);
#3775 = CARTESIAN_POINT('',(13.781117782725,3.625367934248,0.));
#3776 = VECTOR('',#3777,1.);
#3777 = DIRECTION('',(0.,0.,1.));
#3778 = SURFACE_OF_LINEAR_EXTRUSION('',#3779,#3782);
#3779 = B_SPLINE_CURVE_WITH_KNOTS('',1,(#3780,#3781),.UNSPECIFIED.,.F.,
  .F.,(2,2),(0.,0.443967948237),.PIECEWISE_BEZIER_KNOTS.);
#3780 = CARTESIAN_POINT('',(13.887366267179,3.194300887707,0.));
#3781 = CARTESIAN_POINT('',(13.781117782725,3.625367934248,0.));
#3782 = VECTOR('',#3783,1.);
#3783 = DIRECTION('',(-0.,-0.,-1.));
#3784 = ADVANCED_FACE('',(#3785),#3864,.T.);
#3785 = FACE_BOUND('',#3786,.T.);
#3786 = EDGE_LOOP('',(#3787,#3788,#3789,#3820,#3831,#3858));
#3787 = ORIENTED_EDGE('',*,*,#1761,.F.);
#3788 = ORIENTED_EDGE('',*,*,#3773,.T.);
#3789 = ORIENTED_EDGE('',*,*,#3790,.F.);
#3790 = EDGE_CURVE('',#3791,#3764,#3793,.T.);
#3791 = VERTEX_POINT('',#3792);
#3792 = CARTESIAN_POINT('',(13.719564685501,3.643016585243,3.51));
#3793 = B_SPLINE_CURVE_WITH_KNOTS('',7,(#3794,#3795,#3796,#3797,#3798,
    #3799,#3800,#3801,#3802,#3803,#3804,#3805,#3806,#3807,#3808,#3809,
    #3810,#3811,#3812,#3813,#3814,#3815,#3816,#3817,#3818,#3819),
  .UNSPECIFIED.,.F.,.F.,(8,6,6,6,8),(0.,6.500064050271E-02,0.27800384497
    ,0.798008401284,1.),.UNSPECIFIED.);
#3794 = CARTESIAN_POINT('',(11.788916169544,3.844665856412,3.51));
#3795 = CARTESIAN_POINT('',(11.807464465396,3.847328377557,3.51));
#3796 = CARTESIAN_POINT('',(11.826038725103,3.849806250847,3.51));
#3797 = CARTESIAN_POINT('',(11.844635928342,3.85210764884,3.51));
#3798 = CARTESIAN_POINT('',(11.863253839255,3.854238016355,3.51));
#3799 = CARTESIAN_POINT('',(11.881889511413,3.856206778722,3.51));
#3800 = CARTESIAN_POINT('',(11.900539676037,3.85802544927,3.51));
#3801 = CARTESIAN_POINT('',(11.980361652068,3.865175153517,3.51));
#3802 = CARTESIAN_POINT('',(12.041659516943,3.869078151587,3.51));
#3803 = CARTESIAN_POINT('',(12.103034581975,3.871611793345,3.51));
#3804 = CARTESIAN_POINT('',(12.164446184917,3.872893730959,3.51));
#3805 = CARTESIAN_POINT('',(12.225864618587,3.873010685367,3.51));
#3806 = CARTESIAN_POINT('',(12.287266940481,3.87204062104,3.51));
#3807 = CARTESIAN_POINT('',(12.498466563767,3.865155939977,3.51));
#3808 = CARTESIAN_POINT('',(12.648080496679,3.85413840822,3.51));
#3809 = CARTESIAN_POINT('',(12.797243656768,3.837849356274,3.51));
#3810 = CARTESIAN_POINT('',(12.945792521269,3.816749884529,3.51));
#3811 = CARTESIAN_POINT('',(13.093603982771,3.791243186771,3.51));
#3812 = CARTESIAN_POINT('',(13.240596213362,3.761625353818,3.51));
#3813 = CARTESIAN_POINT('',(13.443483424551,3.715140427891,3.51));
#3814 = CARTESIAN_POINT('',(13.500111464381,3.701552806868,3.51));
#3815 = CARTESIAN_POINT('',(13.556601916386,3.68739940776,3.51));
#3816 = CARTESIAN_POINT('',(13.612951115311,3.672691393806,3.51));
#3817 = CARTESIAN_POINT('',(13.669155635342,3.65744085132,3.51));
#3818 = CARTESIAN_POINT('',(13.725212193897,3.641662131036,3.51));
#3819 = CARTESIAN_POINT('',(13.781117782725,3.625367934248,3.51));
#3820 = ORIENTED_EDGE('',*,*,#3821,.F.);
#3821 = EDGE_CURVE('',#3822,#3791,#3824,.T.);
#3822 = VERTEX_POINT('',#3823);
#3823 = CARTESIAN_POINT('',(13.719564685501,3.643016585243,4.));
#3824 = B_SPLINE_CURVE_WITH_KNOTS('',5,(#3825,#3826,#3827,#3828,#3829,
    #3830),.UNSPECIFIED.,.F.,.F.,(6,6),(0.,1.),
  .PIECEWISE_BEZIER_KNOTS.);
#3825 = CARTESIAN_POINT('',(13.719564685501,3.643016585243,4.0000006));
#3826 = CARTESIAN_POINT('',(13.719564685501,3.643016585243,
    3.893700524585));
#3827 = CARTESIAN_POINT('',(13.719564685501,3.643016585243,
    3.807051538322));
#3828 = CARTESIAN_POINT('',(13.719564685501,3.643016585243,
    3.699906479312));
#3829 = CARTESIAN_POINT('',(13.719564685501,3.643016585243,3.58119590178
    ));
#3830 = CARTESIAN_POINT('',(13.719564685501,3.643016585243,3.5099994));
#3831 = ORIENTED_EDGE('',*,*,#3832,.T.);
#3832 = EDGE_CURVE('',#3822,#3833,#3835,.T.);
#3833 = VERTEX_POINT('',#3834);
#3834 = CARTESIAN_POINT('',(11.788916169544,3.844665856412,4.));
#3835 = B_SPLINE_CURVE_WITH_KNOTS('',3,(#3836,#3837,#3838,#3839,#3840,
    #3841,#3842,#3843,#3844,#3845,#3846,#3847,#3848,#3849,#3850,#3851,
    #3852,#3853,#3854,#3855,#3856,#3857),.UNSPECIFIED.,.F.,.F.,(4,1,1,1,
    1,1,1,1,1,1,1,1,1,1,1,1,1,1,1,4),(0.,0.161575449659,0.316998684245,
    0.466269703761,0.609388508206,0.746355097584,0.877169471895,
    1.001831631143,1.120341575329,1.232699304458,1.338904818531,
    1.438958117555,1.532859201532,1.620608070471,1.702204724377,
    1.777649163261,1.846941387134,1.910081396012,1.967069189913,
    2.017904768867),.UNSPECIFIED.);
#3836 = CARTESIAN_POINT('',(13.781117782725,3.625367934248,4.));
#3837 = CARTESIAN_POINT('',(13.729410485774,3.640438500349,4.));
#3838 = CARTESIAN_POINT('',(13.627637388776,3.668894042367,4.));
#3839 = CARTESIAN_POINT('',(13.477040644184,3.707376706131,4.));
#3840 = CARTESIAN_POINT('',(13.331612096932,3.741083478814,4.));
#3841 = CARTESIAN_POINT('',(13.191487681849,3.770265145212,4.));
#3842 = CARTESIAN_POINT('',(13.056794096631,3.795177671245,4.));
#3843 = CARTESIAN_POINT('',(12.927649352628,3.816079970626,4.));
#3844 = CARTESIAN_POINT('',(12.804162528359,3.83323413306,4.));
#3845 = CARTESIAN_POINT('',(12.686433733001,3.846905030657,4.));
#3846 = CARTESIAN_POINT('',(12.574554026761,3.857360077775,4.));
#3847 = CARTESIAN_POINT('',(12.468605361426,3.864868950826,4.));
#3848 = CARTESIAN_POINT('',(12.368660526032,3.869703314504,4.));
#3849 = CARTESIAN_POINT('',(12.27478309904,3.872136550466,4.));
#3850 = CARTESIAN_POINT('',(12.187027414901,3.872443464735,4.));
#3851 = CARTESIAN_POINT('',(12.105438515436,3.870900064254,4.));
#3852 = CARTESIAN_POINT('',(12.030052186101,3.867783097814,4.));
#3853 = CARTESIAN_POINT('',(11.960894744106,3.863370376803,4.));
#3854 = CARTESIAN_POINT('',(11.897983676162,3.857938529526,4.));
#3855 = CARTESIAN_POINT('',(11.841325547996,3.851769096208,4.));
#3856 = CARTESIAN_POINT('',(11.805690362186,3.847073713336,4.));
#3857 = CARTESIAN_POINT('',(11.788916169544,3.844665856412,4.));
#3858 = ORIENTED_EDGE('',*,*,#3859,.F.);
#3859 = EDGE_CURVE('',#1762,#3833,#3860,.T.);
#3860 = LINE('',#3861,#3862);
#3861 = CARTESIAN_POINT('',(11.788916169544,3.844665856412,0.));
#3862 = VECTOR('',#3863,1.);
#3863 = DIRECTION('',(0.,0.,1.));
#3864 = SURFACE_OF_LINEAR_EXTRUSION('',#3865,#3888);
#3865 = B_SPLINE_CURVE_WITH_KNOTS('',3,(#3866,#3867,#3868,#3869,#3870,
    #3871,#3872,#3873,#3874,#3875,#3876,#3877,#3878,#3879,#3880,#3881,
    #3882,#3883,#3884,#3885,#3886,#3887),.UNSPECIFIED.,.F.,.F.,(4,1,1,1,
    1,1,1,1,1,1,1,1,1,1,1,1,1,1,1,4),(0.,0.161575449659,0.316998684245,
    0.466269703761,0.609388508206,0.746355097584,0.877169471895,
    1.001831631143,1.120341575329,1.232699304458,1.338904818531,
    1.438958117555,1.532859201532,1.620608070471,1.702204724377,
    1.777649163261,1.846941387134,1.910081396012,1.967069189913,
    2.017904768867),.UNSPECIFIED.);
#3866 = CARTESIAN_POINT('',(13.781117782725,3.625367934248,0.));
#3867 = CARTESIAN_POINT('',(13.729410485774,3.640438500349,0.));
#3868 = CARTESIAN_POINT('',(13.627637388776,3.668894042367,0.));
#3869 = CARTESIAN_POINT('',(13.477040644184,3.707376706131,0.));
#3870 = CARTESIAN_POINT('',(13.331612096932,3.741083478814,0.));
#3871 = CARTESIAN_POINT('',(13.191487681849,3.770265145212,0.));
#3872 = CARTESIAN_POINT('',(13.056794096631,3.795177671245,0.));
#3873 = CARTESIAN_POINT('',(12.927649352628,3.816079970626,0.));
#3874 = CARTESIAN_POINT('',(12.804162528359,3.83323413306,0.));
#3875 = CARTESIAN_POINT('',(12.686433733001,3.846905030657,0.));
#3876 = CARTESIAN_POINT('',(12.574554026761,3.857360077775,0.));
#3877 = CARTESIAN_POINT('',(12.468605361426,3.864868950826,0.));
#3878 = CARTESIAN_POINT('',(12.368660526032,3.869703314504,0.));
#3879 = CARTESIAN_POINT('',(12.27478309904,3.872136550466,0.));
#3880 = CARTESIAN_POINT('',(12.187027414901,3.872443464735,0.));
#3881 = CARTESIAN_POINT('',(12.105438515436,3.870900064254,0.));
#3882 = CARTESIAN_POINT('',(12.030052186101,3.867783097814,0.));
#3883 = CARTESIAN_POINT('',(11.960894744106,3.863370376803,0.));
#3884 = CARTESIAN_POINT('',(11.897983676162,3.857938529526,0.));
#3885 = CARTESIAN_POINT('',(11.841325547996,3.851769096208,0.));
#3886 = CARTESIAN_POINT('',(11.805690362186,3.847073713336,0.));
#3887 = CARTESIAN_POINT('',(11.788916169544,3.844665856412,0.));
#3888 = VECTOR('',#3889,1.);
#3889 = DIRECTION('',(-0.,-0.,-1.));
#3890 = ADVANCED_FACE('',(#3891),#3908,.T.);
#3891 = FACE_BOUND('',#3892,.T.);
#3892 = EDGE_LOOP('',(#3893,#3894,#3901,#3907));
#3893 = ORIENTED_EDGE('',*,*,#3859,.T.);
#3894 = ORIENTED_EDGE('',*,*,#3895,.T.);
#3895 = EDGE_CURVE('',#3833,#3896,#3898,.T.);
#3896 = VERTEX_POINT('',#3897);
#3897 = CARTESIAN_POINT('',(11.373615504943,4.939723711475,4.));
#3898 = B_SPLINE_CURVE_WITH_KNOTS('',1,(#3899,#3900),.UNSPECIFIED.,.F.,
  .F.,(2,2),(0.,1.171164526424),.PIECEWISE_BEZIER_KNOTS.);
#3899 = CARTESIAN_POINT('',(11.788916169544,3.844665856412,4.));
#3900 = CARTESIAN_POINT('',(11.373615504943,4.939723711475,4.));
#3901 = ORIENTED_EDGE('',*,*,#3902,.F.);
#3902 = EDGE_CURVE('',#1789,#3896,#3903,.T.);
#3903 = LINE('',#3904,#3905);
#3904 = CARTESIAN_POINT('',(11.373615504943,4.939723711475,0.));
#3905 = VECTOR('',#3906,1.);
#3906 = DIRECTION('',(0.,0.,1.));
#3907 = ORIENTED_EDGE('',*,*,#1788,.F.);
#3908 = SURFACE_OF_LINEAR_EXTRUSION('',#3909,#3912);
#3909 = B_SPLINE_CURVE_WITH_KNOTS('',1,(#3910,#3911),.UNSPECIFIED.,.F.,
  .F.,(2,2),(0.,1.171164526424),.PIECEWISE_BEZIER_KNOTS.);
#3910 = CARTESIAN_POINT('',(11.788916169544,3.844665856412,0.));
#3911 = CARTESIAN_POINT('',(11.373615504943,4.939723711475,0.));
#3912 = VECTOR('',#3913,1.);
#3913 = DIRECTION('',(-0.,-0.,-1.));
#3914 = ADVANCED_FACE('',(#3915),#4006,.T.);
#3915 = FACE_BOUND('',#3916,.T.);
#3916 = EDGE_LOOP('',(#3917,#3918,#3919,#3946,#3957,#4000));
#3917 = ORIENTED_EDGE('',*,*,#1795,.F.);
#3918 = ORIENTED_EDGE('',*,*,#3902,.T.);
#3919 = ORIENTED_EDGE('',*,*,#3920,.T.);
#3920 = EDGE_CURVE('',#3896,#3921,#3923,.T.);
#3921 = VERTEX_POINT('',#3922);
#3922 = CARTESIAN_POINT('',(12.685008469348,6.370917134336,4.));
#3923 = B_SPLINE_CURVE_WITH_KNOTS('',3,(#3924,#3925,#3926,#3927,#3928,
    #3929,#3930,#3931,#3932,#3933,#3934,#3935,#3936,#3937,#3938,#3939,
    #3940,#3941,#3942,#3943,#3944,#3945),.UNSPECIFIED.,.F.,.F.,(4,1,1,1,
    1,1,1,1,1,1,1,1,1,1,1,1,1,1,1,4),(0.,5.083557895354E-02,
    0.107823372855,0.170963381733,0.240255605606,0.31570004449,
    0.397296698396,0.485045567335,0.578946651312,0.678999950336,
    0.785205464409,0.897563193537,1.016073137724,1.140735296972,
    1.271549671283,1.408516260661,1.551635065106,1.700906084621,
    1.856329319208,2.017904768867),.UNSPECIFIED.);
#3924 = CARTESIAN_POINT('',(11.373615504943,4.939723711475,4.));
#3925 = CARTESIAN_POINT('',(11.387767872912,4.949044751902,4.));
#3926 = CARTESIAN_POINT('',(11.417554807275,4.969160706497,4.));
#3927 = CARTESIAN_POINT('',(11.4640551162,5.002114107908,4.));
#3928 = CARTESIAN_POINT('',(11.514746707741,5.039766066447,4.));
#3929 = CARTESIAN_POINT('',(11.569437971677,5.082322964114,4.));
#3930 = CARTESIAN_POINT('',(11.627932380521,5.129980264336,4.));
#3931 = CARTESIAN_POINT('',(11.690026012532,5.182928460383,4.));
#3932 = CARTESIAN_POINT('',(11.755508563517,5.241350971555,4.));
#3933 = CARTESIAN_POINT('',(11.824163292732,5.305424523761,4.));
#3934 = CARTESIAN_POINT('',(11.895767300155,5.375318781859,4.));
#3935 = CARTESIAN_POINT('',(11.970091711055,5.451196214638,4.));
#3936 = CARTESIAN_POINT('',(12.046901895041,5.533211897983,4.));
#3937 = CARTESIAN_POINT('',(12.12595768178,5.621513343501,4.));
#3938 = CARTESIAN_POINT('',(12.20701358321,5.716240329625,4.));
#3939 = CARTESIAN_POINT('',(12.289819023837,5.817524731315,4.));
#3940 = CARTESIAN_POINT('',(12.374118559596,5.925490393092,4.));
#3941 = CARTESIAN_POINT('',(12.459652166173,6.040252858655,4.));
#3942 = CARTESIAN_POINT('',(12.546155272181,6.161919705132,4.));
#3943 = CARTESIAN_POINT('',(12.633359827856,6.290588506174,4.));
#3944 = CARTESIAN_POINT('',(12.690668570169,6.379375831838,4.));
#3945 = CARTESIAN_POINT('',(12.71937840384,6.424944592751,4.));
#3946 = ORIENTED_EDGE('',*,*,#3947,.T.);
#3947 = EDGE_CURVE('',#3921,#3948,#3950,.T.);
#3948 = VERTEX_POINT('',#3949);
#3949 = CARTESIAN_POINT('',(12.685008469348,6.370917134336,3.51));
#3950 = B_SPLINE_CURVE_WITH_KNOTS('',5,(#3951,#3952,#3953,#3954,#3955,
    #3956),.UNSPECIFIED.,.F.,.F.,(6,6),(0.,1.),
  .PIECEWISE_BEZIER_KNOTS.);
#3951 = CARTESIAN_POINT('',(12.685008469348,6.370917134336,4.0000006));
#3952 = CARTESIAN_POINT('',(12.685008469348,6.370917134336,
    3.893700524585));
#3953 = CARTESIAN_POINT('',(12.685008469348,6.370917134336,
    3.807051538322));
#3954 = CARTESIAN_POINT('',(12.685008469348,6.370917134336,
    3.699906479312));
#3955 = CARTESIAN_POINT('',(12.685008469348,6.370917134336,3.58119590178
    ));
#3956 = CARTESIAN_POINT('',(12.685008469348,6.370917134336,3.5099994));
#3957 = ORIENTED_EDGE('',*,*,#3958,.F.);
#3958 = EDGE_CURVE('',#3959,#3948,#3961,.T.);
#3959 = VERTEX_POINT('',#3960);
#3960 = CARTESIAN_POINT('',(12.71937840384,6.424944592751,3.51));
#3961 = B_SPLINE_CURVE_WITH_KNOTS('',7,(#3962,#3963,#3964,#3965,#3966,
    #3967,#3968,#3969,#3970,#3971,#3972,#3973,#3974,#3975,#3976,#3977,
    #3978,#3979,#3980,#3981,#3982,#3983,#3984,#3985,#3986,#3987,#3988,
    #3989,#3990,#3991,#3992,#3993,#3994,#3995,#3996,#3997,#3998,#3999),
  .UNSPECIFIED.,.F.,.F.,(8,6,6,6,6,6,8),(0.,0.29599853849,0.591998255967
    ,0.820999393951,0.894999573716,0.968999916493,1.),.UNSPECIFIED.);
#3962 = CARTESIAN_POINT('',(12.71937840384,6.424944592751,3.51));
#3963 = CARTESIAN_POINT('',(12.673892695569,6.352748863968,3.51));
#3964 = CARTESIAN_POINT('',(12.627430778184,6.281166404748,3.51));
#3965 = CARTESIAN_POINT('',(12.579971412621,6.210235750902,3.51));
#3966 = CARTESIAN_POINT('',(12.531494607594,6.139994049967,3.51));
#3967 = CARTESIAN_POINT('',(12.481988945585,6.070472364767,3.51));
#3968 = CARTESIAN_POINT('',(12.431425971909,6.001723206227,3.51));
#3969 = CARTESIAN_POINT('',(12.328141349337,5.865864973937,3.51));
#3970 = CARTESIAN_POINT('',(12.275420014084,5.798757044206,3.51));
#3971 = CARTESIAN_POINT('',(12.221594357175,5.732520514255,3.51));
#3972 = CARTESIAN_POINT('',(12.166636648629,5.667213688532,3.51));
#3973 = CARTESIAN_POINT('',(12.110516421486,5.602903243261,3.51));
#3974 = CARTESIAN_POINT('',(12.053197688292,5.539668120656,3.51));
#3975 = CARTESIAN_POINT('',(11.949325625968,5.42959351834,3.51));
#3976 = CARTESIAN_POINT('',(11.903273514726,5.382283659106,3.51));
#3977 = CARTESIAN_POINT('',(11.856455283286,5.335722124412,3.51));
#3978 = CARTESIAN_POINT('',(11.808845885306,5.289963339605,3.51));
#3979 = CARTESIAN_POINT('',(11.760417595388,5.24507116341,3.51));
#3980 = CARTESIAN_POINT('',(11.711135633463,5.201125672036,3.51));
#3981 = CARTESIAN_POINT('',(11.644731805477,5.144378063926,3.51));
#3982 = CARTESIAN_POINT('',(11.62841983033,5.130629734306,3.51));
#3983 = CARTESIAN_POINT('',(11.612012224861,5.116994873432,3.51));
#3984 = CARTESIAN_POINT('',(11.595506466878,5.103478843461,3.51));
#3985 = CARTESIAN_POINT('',(11.57890050569,5.090086306825,3.51));
#3986 = CARTESIAN_POINT('',(11.56219272206,5.076821311606,3.51));
#3987 = CARTESIAN_POINT('',(11.528567070911,5.050560361483,3.51));
#3988 = CARTESIAN_POINT('',(11.51164902411,5.037564972348,3.51));
#3989 = CARTESIAN_POINT('',(11.494624635235,5.024707506871,3.51));
#3990 = CARTESIAN_POINT('',(11.477487370793,5.012001760574,3.51));
#3991 = CARTESIAN_POINT('',(11.46023819511,4.999446920294,3.51));
#3992 = CARTESIAN_POINT('',(11.442870643682,4.987057624443,3.51));
#3993 = CARTESIAN_POINT('',(11.418051082396,4.969731053967,3.51));
#3994 = CARTESIAN_POINT('',(11.410701617692,4.96464686418,3.51));
#3995 = CARTESIAN_POINT('',(11.403330002136,4.959594775775,3.51));
#3996 = CARTESIAN_POINT('',(11.39593589663,4.954575611405,3.51));
#3997 = CARTESIAN_POINT('',(11.388518979108,4.949590181886,3.51));
#3998 = CARTESIAN_POINT('',(11.381078944543,4.944639286196,3.51));
#3999 = CARTESIAN_POINT('',(11.373615504943,4.939723711475,3.51));
#4000 = ORIENTED_EDGE('',*,*,#4001,.F.);
#4001 = EDGE_CURVE('',#1796,#3959,#4002,.T.);
#4002 = LINE('',#4003,#4004);
#4003 = CARTESIAN_POINT('',(12.71937840384,6.424944592751,0.));
#4004 = VECTOR('',#4005,1.);
#4005 = DIRECTION('',(0.,0.,1.));
#4006 = SURFACE_OF_LINEAR_EXTRUSION('',#4007,#4030);
#4007 = B_SPLINE_CURVE_WITH_KNOTS('',3,(#4008,#4009,#4010,#4011,#4012,
    #4013,#4014,#4015,#4016,#4017,#4018,#4019,#4020,#4021,#4022,#4023,
    #4024,#4025,#4026,#4027,#4028,#4029),.UNSPECIFIED.,.F.,.F.,(4,1,1,1,
    1,1,1,1,1,1,1,1,1,1,1,1,1,1,1,4),(0.,5.083557895354E-02,
    0.107823372855,0.170963381733,0.240255605606,0.31570004449,
    0.397296698396,0.485045567335,0.578946651312,0.678999950336,
    0.785205464409,0.897563193537,1.016073137724,1.140735296972,
    1.271549671283,1.408516260661,1.551635065106,1.700906084621,
    1.856329319208,2.017904768867),.UNSPECIFIED.);
#4008 = CARTESIAN_POINT('',(11.373615504943,4.939723711475,0.));
#4009 = CARTESIAN_POINT('',(11.387767872912,4.949044751902,0.));
#4010 = CARTESIAN_POINT('',(11.417554807275,4.969160706497,0.));
#4011 = CARTESIAN_POINT('',(11.4640551162,5.002114107908,0.));
#4012 = CARTESIAN_POINT('',(11.514746707741,5.039766066447,0.));
#4013 = CARTESIAN_POINT('',(11.569437971677,5.082322964114,0.));
#4014 = CARTESIAN_POINT('',(11.627932380521,5.129980264336,0.));
#4015 = CARTESIAN_POINT('',(11.690026012532,5.182928460383,0.));
#4016 = CARTESIAN_POINT('',(11.755508563517,5.241350971555,0.));
#4017 = CARTESIAN_POINT('',(11.824163292732,5.305424523761,0.));
#4018 = CARTESIAN_POINT('',(11.895767300155,5.375318781859,0.));
#4019 = CARTESIAN_POINT('',(11.970091711055,5.451196214638,0.));
#4020 = CARTESIAN_POINT('',(12.046901895041,5.533211897983,0.));
#4021 = CARTESIAN_POINT('',(12.12595768178,5.621513343501,0.));
#4022 = CARTESIAN_POINT('',(12.20701358321,5.716240329625,0.));
#4023 = CARTESIAN_POINT('',(12.289819023837,5.817524731315,0.));
#4024 = CARTESIAN_POINT('',(12.374118559596,5.925490393092,0.));
#4025 = CARTESIAN_POINT('',(12.459652166173,6.040252858655,0.));
#4026 = CARTESIAN_POINT('',(12.546155272181,6.161919705132,0.));
#4027 = CARTESIAN_POINT('',(12.633359827856,6.290588506174,0.));
#4028 = CARTESIAN_POINT('',(12.690668570169,6.379375831838,0.));
#4029 = CARTESIAN_POINT('',(12.71937840384,6.424944592751,0.));
#4030 = VECTOR('',#4031,1.);
#4031 = DIRECTION('',(-0.,-0.,-1.));
#4032 = ADVANCED_FACE('',(#4033),#4053,.T.);
#4033 = FACE_BOUND('',#4034,.T.);
#4034 = EDGE_LOOP('',(#4035,#4036,#4037,#4047));
#4035 = ORIENTED_EDGE('',*,*,#1822,.F.);
#4036 = ORIENTED_EDGE('',*,*,#4001,.T.);
#4037 = ORIENTED_EDGE('',*,*,#4038,.F.);
#4038 = EDGE_CURVE('',#4039,#3959,#4041,.T.);
#4039 = VERTEX_POINT('',#4040);
#4040 = CARTESIAN_POINT('',(12.51305621065,6.818058687714,3.51));
#4041 = B_SPLINE_CURVE_WITH_KNOTS('',4,(#4042,#4043,#4044,#4045,#4046),
  .UNSPECIFIED.,.F.,.F.,(5,5),(0.,1.),.PIECEWISE_BEZIER_KNOTS.);
#4042 = CARTESIAN_POINT('',(12.51305621065,6.818058687714,3.51));
#4043 = CARTESIAN_POINT('',(12.564636758948,6.719780163973,3.51));
#4044 = CARTESIAN_POINT('',(12.616217307245,6.621501640232,3.51));
#4045 = CARTESIAN_POINT('',(12.667797855543,6.523223116492,3.51));
#4046 = CARTESIAN_POINT('',(12.71937840384,6.424944592751,3.51));
#4047 = ORIENTED_EDGE('',*,*,#4048,.F.);
#4048 = EDGE_CURVE('',#1823,#4039,#4049,.T.);
#4049 = LINE('',#4050,#4051);
#4050 = CARTESIAN_POINT('',(12.51305621065,6.818058687714,0.));
#4051 = VECTOR('',#4052,1.);
#4052 = DIRECTION('',(0.,0.,1.));
#4053 = SURFACE_OF_LINEAR_EXTRUSION('',#4054,#4057);
#4054 = B_SPLINE_CURVE_WITH_KNOTS('',1,(#4055,#4056),.UNSPECIFIED.,.F.,
  .F.,(2,2),(0.,0.443967948237),.PIECEWISE_BEZIER_KNOTS.);
#4055 = CARTESIAN_POINT('',(12.71937840384,6.424944592751,0.));
#4056 = CARTESIAN_POINT('',(12.51305621065,6.818058687714,0.));
#4057 = VECTOR('',#4058,1.);
#4058 = DIRECTION('',(-0.,-0.,-1.));
#4059 = ADVANCED_FACE('',(#4060),#4139,.T.);
#4060 = FACE_BOUND('',#4061,.T.);
#4061 = EDGE_LOOP('',(#4062,#4063,#4064,#4095,#4106,#4133));
#4062 = ORIENTED_EDGE('',*,*,#1829,.F.);
#4063 = ORIENTED_EDGE('',*,*,#4048,.T.);
#4064 = ORIENTED_EDGE('',*,*,#4065,.F.);
#4065 = EDGE_CURVE('',#4066,#4039,#4068,.T.);
#4066 = VERTEX_POINT('',#4067);
#4067 = CARTESIAN_POINT('',(12.449068135927,6.820463880636,3.51));
#4068 = B_SPLINE_CURVE_WITH_KNOTS('',7,(#4069,#4070,#4071,#4072,#4073,
    #4074,#4075,#4076,#4077,#4078,#4079,#4080,#4081,#4082,#4083,#4084,
    #4085,#4086,#4087,#4088,#4089,#4090,#4091,#4092,#4093,#4094),
  .UNSPECIFIED.,.F.,.F.,(8,6,6,6,8),(0.,6.500064050242E-02,
    0.278003844969,0.798008401284,1.),.UNSPECIFIED.);
#4069 = CARTESIAN_POINT('',(10.52626292775,6.554219158365,3.51));
#4070 = CARTESIAN_POINT('',(10.543635060818,6.561243209228,3.51));
#4071 = CARTESIAN_POINT('',(10.561076592403,6.568094191324,3.51));
#4072 = CARTESIAN_POINT('',(10.578582634125,6.574779316921,3.51));
#4073 = CARTESIAN_POINT('',(10.596149712067,6.581303337546,3.51));
#4074 = CARTESIAN_POINT('',(10.613772709787,6.587674699518,3.51));
#4075 = CARTESIAN_POINT('',(10.631445698172,6.593903799341,3.51));
#4076 = CARTESIAN_POINT('',(10.707237156429,6.619948395395,3.51));
#4077 = CARTESIAN_POINT('',(10.765819768179,6.638407518687,3.51));
#4078 = CARTESIAN_POINT('',(10.824805045205,6.655555551879,3.51));
#4079 = CARTESIAN_POINT('',(10.884125350826,6.671496997269,3.51));
#4080 = CARTESIAN_POINT('',(10.943731087414,6.686308946447,3.51));
#4081 = CARTESIAN_POINT('',(11.003581321017,6.700061607879,3.51));
#4082 = CARTESIAN_POINT('',(11.210291479112,6.74392036128,3.51));
#4083 = CARTESIAN_POINT('',(11.358194570977,6.769027936714,3.51));
#4084 = CARTESIAN_POINT('',(11.506921546014,6.788909295757,3.51));
#4085 = CARTESIAN_POINT('',(11.656203284587,6.803973006502,3.51));
#4086 = CARTESIAN_POINT('',(11.805823765971,6.814581085122,3.51));
#4087 = CARTESIAN_POINT('',(11.955632680857,6.821001435876,3.51));
#4088 = CARTESIAN_POINT('',(12.163748929348,6.824421365135,3.51));
#4089 = CARTESIAN_POINT('',(12.221983191809,6.824780552653,3.51));
#4090 = CARTESIAN_POINT('',(12.280219264056,6.824557475648,3.51));
#4091 = CARTESIAN_POINT('',(12.3384509158,6.823762095822,3.51));
#4092 = CARTESIAN_POINT('',(12.396671928332,6.822405328431,3.51));
#4093 = CARTESIAN_POINT('',(12.454875680101,6.820500321629,3.51));
#4094 = CARTESIAN_POINT('',(12.51305621065,6.818058687714,3.51));
#4095 = ORIENTED_EDGE('',*,*,#4096,.F.);
#4096 = EDGE_CURVE('',#4097,#4066,#4099,.T.);
#4097 = VERTEX_POINT('',#4098);
#4098 = CARTESIAN_POINT('',(12.449068135927,6.820463880636,4.));
#4099 = B_SPLINE_CURVE_WITH_KNOTS('',5,(#4100,#4101,#4102,#4103,#4104,
    #4105),.UNSPECIFIED.,.F.,.F.,(6,6),(0.,1.),
  .PIECEWISE_BEZIER_KNOTS.);
#4100 = CARTESIAN_POINT('',(12.449068135927,6.820463880636,4.0000006));
#4101 = CARTESIAN_POINT('',(12.449068135927,6.820463880636,
    3.893700524585));
#4102 = CARTESIAN_POINT('',(12.449068135927,6.820463880636,
    3.807051538322));
#4103 = CARTESIAN_POINT('',(12.449068135927,6.820463880636,
    3.699906479312));
#4104 = CARTESIAN_POINT('',(12.449068135927,6.820463880636,3.58119590178
    ));
#4105 = CARTESIAN_POINT('',(12.449068135927,6.820463880636,3.5099994));
#4106 = ORIENTED_EDGE('',*,*,#4107,.T.);
#4107 = EDGE_CURVE('',#4097,#4108,#4110,.T.);
#4108 = VERTEX_POINT('',#4109);
#4109 = CARTESIAN_POINT('',(10.52626292775,6.554219158365,4.));
#4110 = B_SPLINE_CURVE_WITH_KNOTS('',3,(#4111,#4112,#4113,#4114,#4115,
    #4116,#4117,#4118,#4119,#4120,#4121,#4122,#4123,#4124,#4125,#4126,
    #4127,#4128,#4129,#4130,#4131,#4132),.UNSPECIFIED.,.F.,.F.,(4,1,1,1,
    1,1,1,1,1,1,1,1,1,1,1,1,1,1,1,4),(0.,0.161575449659,0.316998684245,
    0.466269703761,0.609388508206,0.746355097584,0.877169471895,
    1.001831631143,1.120341575329,1.232699304458,1.338904818531,
    1.438958117555,1.532859201532,1.620608070471,1.702204724377,
    1.777649163261,1.846941387134,1.910081396012,1.967069189913,
    2.017904768867),.UNSPECIFIED.);
#4111 = CARTESIAN_POINT('',(12.51305621065,6.818058687714,4.));
#4112 = CARTESIAN_POINT('',(12.459244811237,6.820316964437,4.));
#4113 = CARTESIAN_POINT('',(12.353619198532,6.823589743805,4.));
#4114 = CARTESIAN_POINT('',(12.198189017397,6.824914011327,4.));
#4115 = CARTESIAN_POINT('',(12.048919800727,6.822837997063,4.));
#4116 = CARTESIAN_POINT('',(11.905883516601,6.817637729793,4.));
#4117 = CARTESIAN_POINT('',(11.769141924457,6.809592058274,4.));
#4118 = CARTESIAN_POINT('',(11.638747644342,6.798980614624,4.));
#4119 = CARTESIAN_POINT('',(11.51474386298,6.786083976893,4.));
#4120 = CARTESIAN_POINT('',(11.397164392512,6.771183278185,4.));
#4121 = CARTESIAN_POINT('',(11.286033650657,6.754559954416,4.));
#4122 = CARTESIAN_POINT('',(11.18136667004,6.736495458038,4.));
#4123 = CARTESIAN_POINT('',(11.083169110965,6.717270979219,4.));
#4124 = CARTESIAN_POINT('',(10.991437279906,6.697167170964,4.));
#4125 = CARTESIAN_POINT('',(10.906158167066,6.676463857017,4.));
#4126 = CARTESIAN_POINT('',(10.827309452649,6.655439803275,4.));
#4127 = CARTESIAN_POINT('',(10.75485965193,6.634372280732,4.));
#4128 = CARTESIAN_POINT('',(10.68876783277,6.613537326202,4.));
#4129 = CARTESIAN_POINT('',(10.628984772264,6.593207714519,4.));
#4130 = CARTESIAN_POINT('',(10.575449468363,6.573658376142,4.));
#4131 = CARTESIAN_POINT('',(10.54197345496,6.560571374398,4.));
#4132 = CARTESIAN_POINT('',(10.52626292775,6.554219158365,4.));
#4133 = ORIENTED_EDGE('',*,*,#4134,.F.);
#4134 = EDGE_CURVE('',#1830,#4108,#4135,.T.);
#4135 = LINE('',#4136,#4137);
#4136 = CARTESIAN_POINT('',(10.52626292775,6.554219158365,0.));
#4137 = VECTOR('',#4138,1.);
#4138 = DIRECTION('',(0.,0.,1.));
#4139 = SURFACE_OF_LINEAR_EXTRUSION('',#4140,#4163);
#4140 = B_SPLINE_CURVE_WITH_KNOTS('',3,(#4141,#4142,#4143,#4144,#4145,
    #4146,#4147,#4148,#4149,#4150,#4151,#4152,#4153,#4154,#4155,#4156,
    #4157,#4158,#4159,#4160,#4161,#4162),.UNSPECIFIED.,.F.,.F.,(4,1,1,1,
    1,1,1,1,1,1,1,1,1,1,1,1,1,1,1,4),(0.,0.161575449659,0.316998684245,
    0.466269703761,0.609388508206,0.746355097584,0.877169471895,
    1.001831631143,1.120341575329,1.232699304458,1.338904818531,
    1.438958117555,1.532859201532,1.620608070471,1.702204724377,
    1.777649163261,1.846941387134,1.910081396012,1.967069189913,
    2.017904768867),.UNSPECIFIED.);
#4141 = CARTESIAN_POINT('',(12.51305621065,6.818058687714,0.));
#4142 = CARTESIAN_POINT('',(12.459244811237,6.820316964437,0.));
#4143 = CARTESIAN_POINT('',(12.353619198532,6.823589743805,0.));
#4144 = CARTESIAN_POINT('',(12.198189017397,6.824914011327,0.));
#4145 = CARTESIAN_POINT('',(12.048919800727,6.822837997063,0.));
#4146 = CARTESIAN_POINT('',(11.905883516601,6.817637729793,0.));
#4147 = CARTESIAN_POINT('',(11.769141924457,6.809592058274,0.));
#4148 = CARTESIAN_POINT('',(11.638747644342,6.798980614624,0.));
#4149 = CARTESIAN_POINT('',(11.51474386298,6.786083976893,0.));
#4150 = CARTESIAN_POINT('',(11.397164392512,6.771183278185,0.));
#4151 = CARTESIAN_POINT('',(11.286033650657,6.754559954416,0.));
#4152 = CARTESIAN_POINT('',(11.18136667004,6.736495458038,0.));
#4153 = CARTESIAN_POINT('',(11.083169110965,6.717270979219,0.));
#4154 = CARTESIAN_POINT('',(10.991437279906,6.697167170964,0.));
#4155 = CARTESIAN_POINT('',(10.906158167066,6.676463857017,0.));
#4156 = CARTESIAN_POINT('',(10.827309452649,6.655439803275,0.));
#4157 = CARTESIAN_POINT('',(10.75485965193,6.634372280732,0.));
#4158 = CARTESIAN_POINT('',(10.68876783277,6.613537326202,0.));
#4159 = CARTESIAN_POINT('',(10.628984772264,6.593207714519,0.));
#4160 = CARTESIAN_POINT('',(10.575449468363,6.573658376142,0.));
#4161 = CARTESIAN_POINT('',(10.54197345496,6.560571374398,0.));
#4162 = CARTESIAN_POINT('',(10.52626292775,6.554219158365,0.));
#4163 = VECTOR('',#4164,1.);
#4164 = DIRECTION('',(-0.,-0.,-1.));
#4165 = ADVANCED_FACE('',(#4166),#4183,.T.);
#4166 = FACE_BOUND('',#4167,.T.);
#4167 = EDGE_LOOP('',(#4168,#4169,#4176,#4182));
#4168 = ORIENTED_EDGE('',*,*,#4134,.T.);
#4169 = ORIENTED_EDGE('',*,*,#4170,.T.);
#4170 = EDGE_CURVE('',#4108,#4171,#4173,.T.);
#4171 = VERTEX_POINT('',#4172);
#4172 = CARTESIAN_POINT('',(9.860965647666,7.518068667919,4.));
#4173 = B_SPLINE_CURVE_WITH_KNOTS('',1,(#4174,#4175),.UNSPECIFIED.,.F.,
  .F.,(2,2),(0.,1.171164526424),.PIECEWISE_BEZIER_KNOTS.);
#4174 = CARTESIAN_POINT('',(10.52626292775,6.554219158365,4.));
#4175 = CARTESIAN_POINT('',(9.860965647666,7.518068667919,4.));
#4176 = ORIENTED_EDGE('',*,*,#4177,.F.);
#4177 = EDGE_CURVE('',#1857,#4171,#4178,.T.);
#4178 = LINE('',#4179,#4180);
#4179 = CARTESIAN_POINT('',(9.860965647666,7.518068667919,0.));
#4180 = VECTOR('',#4181,1.);
#4181 = DIRECTION('',(0.,0.,1.));
#4182 = ORIENTED_EDGE('',*,*,#1856,.F.);
#4183 = SURFACE_OF_LINEAR_EXTRUSION('',#4184,#4187);
#4184 = B_SPLINE_CURVE_WITH_KNOTS('',1,(#4185,#4186),.UNSPECIFIED.,.F.,
  .F.,(2,2),(0.,1.171164526424),.PIECEWISE_BEZIER_KNOTS.);
#4185 = CARTESIAN_POINT('',(10.52626292775,6.554219158365,0.));
#4186 = CARTESIAN_POINT('',(9.860965647666,7.518068667919,0.));
#4187 = VECTOR('',#4188,1.);
#4188 = DIRECTION('',(-0.,-0.,-1.));
#4189 = ADVANCED_FACE('',(#4190),#4281,.T.);
#4190 = FACE_BOUND('',#4191,.T.);
#4191 = EDGE_LOOP('',(#4192,#4193,#4194,#4221,#4232,#4275));
#4192 = ORIENTED_EDGE('',*,*,#1863,.F.);
#4193 = ORIENTED_EDGE('',*,*,#4177,.T.);
#4194 = ORIENTED_EDGE('',*,*,#4195,.T.);
#4195 = EDGE_CURVE('',#4171,#4196,#4198,.T.);
#4196 = VERTEX_POINT('',#4197);
#4197 = CARTESIAN_POINT('',(10.791744911169,9.221511089418,4.));
#4198 = B_SPLINE_CURVE_WITH_KNOTS('',3,(#4199,#4200,#4201,#4202,#4203,
    #4204,#4205,#4206,#4207,#4208,#4209,#4210,#4211,#4212,#4213,#4214,
    #4215,#4216,#4217,#4218,#4219,#4220),.UNSPECIFIED.,.F.,.F.,(4,1,1,1,
    1,1,1,1,1,1,1,1,1,1,1,1,1,1,1,4),(0.,5.083557895354E-02,
    0.107823372855,0.170963381733,0.240255605606,0.31570004449,
    0.397296698396,0.485045567335,0.578946651312,0.678999950336,
    0.785205464409,0.897563193537,1.016073137724,1.140735296972,
    1.271549671283,1.408516260661,1.551635065106,1.700906084621,
    1.856329319208,2.017904768867),.UNSPECIFIED.);
#4199 = CARTESIAN_POINT('',(9.860965647666,7.518068667919,4.));
#4200 = CARTESIAN_POINT('',(9.872476102561,7.530505739193,4.));
#4201 = CARTESIAN_POINT('',(9.896583419711,7.557165640691,4.));
#4202 = CARTESIAN_POINT('',(9.93384624902,7.600289728468,4.));
#4203 = CARTESIAN_POINT('',(9.974054131569,7.648978881424,4.));
#4204 = CARTESIAN_POINT('',(10.016971634537,7.703387629149,4.));
#4205 = CARTESIAN_POINT('',(10.062361163708,7.76365872315,4.));
#4206 = CARTESIAN_POINT('',(10.109979134914,7.829928319642,4.));
#4207 = CARTESIAN_POINT('',(10.159577459907,7.902324179005,4.));
#4208 = CARTESIAN_POINT('',(10.210903402756,7.980966022362,4.));
#4209 = CARTESIAN_POINT('',(10.263699937052,8.065965240949,4.));
#4210 = CARTESIAN_POINT('',(10.317705957421,8.157424809201,4.));
#4211 = CARTESIAN_POINT('',(10.372656539315,8.25543914605,4.));
#4212 = CARTESIAN_POINT('',(10.428283189478,8.360094000161,4.));
#4213 = CARTESIAN_POINT('',(10.484314102115,8.471466339123,4.));
#4214 = CARTESIAN_POINT('',(10.540474423258,8.589624239207,4.));
#4215 = CARTESIAN_POINT('',(10.596486493647,8.714626814472,4.));
#4216 = CARTESIAN_POINT('',(10.652070193387,8.846524023235,4.));
#4217 = CARTESIAN_POINT('',(10.70694289416,8.985357000551,4.));
#4218 = CARTESIAN_POINT('',(10.760820984341,9.131156336251,4.));
#4219 = CARTESIAN_POINT('',(10.795216240935,9.231078543332,4.));
#4220 = CARTESIAN_POINT('',(10.81218650073,9.282193871787,4.));
#4221 = ORIENTED_EDGE('',*,*,#4222,.T.);
#4222 = EDGE_CURVE('',#4196,#4223,#4225,.T.);
#4223 = VERTEX_POINT('',#4224);
#4224 = CARTESIAN_POINT('',(10.791744911169,9.221511089418,3.51));
#4225 = B_SPLINE_CURVE_WITH_KNOTS('',5,(#4226,#4227,#4228,#4229,#4230,
    #4231),.UNSPECIFIED.,.F.,.F.,(6,6),(0.,1.),
  .PIECEWISE_BEZIER_KNOTS.);
#4226 = CARTESIAN_POINT('',(10.791744911169,9.221511089418,4.0000006));
#4227 = CARTESIAN_POINT('',(10.791744911169,9.221511089418,
    3.893700524585));
#4228 = CARTESIAN_POINT('',(10.791744911169,9.221511089418,
    3.807051538322));
#4229 = CARTESIAN_POINT('',(10.791744911169,9.221511089418,
    3.699906479312));
#4230 = CARTESIAN_POINT('',(10.791744911169,9.221511089418,3.58119590178
    ));
#4231 = CARTESIAN_POINT('',(10.791744911169,9.221511089418,3.5099994));
#4232 = ORIENTED_EDGE('',*,*,#4233,.F.);
#4233 = EDGE_CURVE('',#4234,#4223,#4236,.T.);
#4234 = VERTEX_POINT('',#4235);
#4235 = CARTESIAN_POINT('',(10.81218650073,9.282193871787,3.51));
#4236 = B_SPLINE_CURVE_WITH_KNOTS('',7,(#4237,#4238,#4239,#4240,#4241,
    #4242,#4243,#4244,#4245,#4246,#4247,#4248,#4249,#4250,#4251,#4252,
    #4253,#4254,#4255,#4256,#4257,#4258,#4259,#4260,#4261,#4262,#4263,
    #4264,#4265,#4266,#4267,#4268,#4269,#4270,#4271,#4272,#4273,#4274),
  .UNSPECIFIED.,.F.,.F.,(8,6,6,6,6,6,8),(0.,0.29599853849,0.591998255967
    ,0.820999393952,0.894999573716,0.968999916493,1.),.UNSPECIFIED.);
#4237 = CARTESIAN_POINT('',(10.81218650073,9.282193871787,3.51));
#4238 = CARTESIAN_POINT('',(10.785300093266,9.201210577181,3.51));
#4239 = CARTESIAN_POINT('',(10.757319078539,9.120589109508,3.51));
#4240 = CARTESIAN_POINT('',(10.728213612428,9.040361801954,3.51));
#4241 = CARTESIAN_POINT('',(10.697955394574,8.960559938394,3.51));
#4242 = CARTESIAN_POINT('',(10.666525905404,8.881210946623,3.51));
#4243 = CARTESIAN_POINT('',(10.633884950394,8.802359002051,3.51));
#4244 = CARTESIAN_POINT('',(10.566114594352,8.645730935018,3.51));
#4245 = CARTESIAN_POINT('',(10.530985224067,8.567955998393,3.51));
#4246 = CARTESIAN_POINT('',(10.494575082088,8.490762858784,3.51));
#4247 = CARTESIAN_POINT('',(10.456843291052,8.414201490197,3.51));
#4248 = CARTESIAN_POINT('',(10.417744312646,8.338329340148,3.51));
#4249 = CARTESIAN_POINT('',(10.377224313039,8.26321444457,3.51));
#4250 = CARTESIAN_POINT('',(10.30271316064,8.131480198549,3.51));
#4251 = CARTESIAN_POINT('',(10.269321230444,8.074524086248,3.51));
#4252 = CARTESIAN_POINT('',(10.235006356327,8.018111208972,3.51));
#4253 = CARTESIAN_POINT('',(10.199731194909,7.962288416585,3.51));
#4254 = CARTESIAN_POINT('',(10.163453544049,7.90711107707,3.51));
#4255 = CARTESIAN_POINT('',(10.126120470831,7.852648616351,3.51));
#4256 = CARTESIAN_POINT('',(10.075226808934,7.781658514393,3.51));
#4257 = CARTESIAN_POINT('',(10.062679020775,7.764405975077,3.51));
#4258 = CARTESIAN_POINT('',(10.050011226289,7.747240721477,3.51));
#4259 = CARTESIAN_POINT('',(10.037219693326,7.730167356337,3.51));
#4260 = CARTESIAN_POINT('',(10.024301314991,7.713189915843,3.51));
#4261 = CARTESIAN_POINT('',(10.011253550331,7.696311942938,3.51));
#4262 = CARTESIAN_POINT('',(9.984889656215,7.662766943257,3.51));
#4263 = CARTESIAN_POINT('',(9.971573217291,7.646100422903,3.51));
#4264 = CARTESIAN_POINT('',(9.958120519108,7.629542369073,3.51));
#4265 = CARTESIAN_POINT('',(9.94452191654,7.613104612848,3.51));
#4266 = CARTESIAN_POINT('',(9.930778540495,7.596786595472,3.51));
#4267 = CARTESIAN_POINT('',(9.916880611114,7.580600982934,3.51));
#4268 = CARTESIAN_POINT('',(9.896928780894,7.55783818131,3.51));
#4269 = CARTESIAN_POINT('',(9.891009604534,7.551142886811,3.51));
#4270 = CARTESIAN_POINT('',(9.885061238622,7.544473459839,3.51));
#4271 = CARTESIAN_POINT('',(9.879083157038,7.537830617992,3.51));
#4272 = CARTESIAN_POINT('',(9.873074853037,7.531215071451,3.51));
#4273 = CARTESIAN_POINT('',(9.867035839245,7.524627522978,3.51));
#4274 = CARTESIAN_POINT('',(9.860965647666,7.518068667919,3.51));
#4275 = ORIENTED_EDGE('',*,*,#4276,.F.);
#4276 = EDGE_CURVE('',#1864,#4234,#4277,.T.);
#4277 = LINE('',#4278,#4279);
#4278 = CARTESIAN_POINT('',(10.81218650073,9.282193871787,0.));
#4279 = VECTOR('',#4280,1.);
#4280 = DIRECTION('',(0.,0.,1.));
#4281 = SURFACE_OF_LINEAR_EXTRUSION('',#4282,#4305);
#4282 = B_SPLINE_CURVE_WITH_KNOTS('',3,(#4283,#4284,#4285,#4286,#4287,
    #4288,#4289,#4290,#4291,#4292,#4293,#4294,#4295,#4296,#4297,#4298,
    #4299,#4300,#4301,#4302,#4303,#4304),.UNSPECIFIED.,.F.,.F.,(4,1,1,1,
    1,1,1,1,1,1,1,1,1,1,1,1,1,1,1,4),(0.,5.083557895354E-02,
    0.107823372855,0.170963381733,0.240255605606,0.31570004449,
    0.397296698396,0.485045567335,0.578946651312,0.678999950336,
    0.785205464409,0.897563193537,1.016073137724,1.140735296972,
    1.271549671283,1.408516260661,1.551635065106,1.700906084621,
    1.856329319208,2.017904768867),.UNSPECIFIED.);
#4283 = CARTESIAN_POINT('',(9.860965647666,7.518068667919,0.));
#4284 = CARTESIAN_POINT('',(9.872476102561,7.530505739193,0.));
#4285 = CARTESIAN_POINT('',(9.896583419711,7.557165640691,0.));
#4286 = CARTESIAN_POINT('',(9.93384624902,7.600289728468,0.));
#4287 = CARTESIAN_POINT('',(9.974054131569,7.648978881424,0.));
#4288 = CARTESIAN_POINT('',(10.016971634537,7.703387629149,0.));
#4289 = CARTESIAN_POINT('',(10.062361163708,7.76365872315,0.));
#4290 = CARTESIAN_POINT('',(10.109979134914,7.829928319642,0.));
#4291 = CARTESIAN_POINT('',(10.159577459907,7.902324179005,0.));
#4292 = CARTESIAN_POINT('',(10.210903402756,7.980966022362,0.));
#4293 = CARTESIAN_POINT('',(10.263699937052,8.065965240949,0.));
#4294 = CARTESIAN_POINT('',(10.317705957421,8.157424809201,0.));
#4295 = CARTESIAN_POINT('',(10.372656539315,8.25543914605,0.));
#4296 = CARTESIAN_POINT('',(10.428283189478,8.360094000161,0.));
#4297 = CARTESIAN_POINT('',(10.484314102115,8.471466339123,0.));
#4298 = CARTESIAN_POINT('',(10.540474423258,8.589624239207,0.));
#4299 = CARTESIAN_POINT('',(10.596486493647,8.714626814472,0.));
#4300 = CARTESIAN_POINT('',(10.652070193387,8.846524023235,0.));
#4301 = CARTESIAN_POINT('',(10.70694289416,8.985357000551,0.));
#4302 = CARTESIAN_POINT('',(10.760820984341,9.131156336251,0.));
#4303 = CARTESIAN_POINT('',(10.795216240935,9.231078543332,0.));
#4304 = CARTESIAN_POINT('',(10.81218650073,9.282193871787,0.));
#4305 = VECTOR('',#4306,1.);
#4306 = DIRECTION('',(-0.,-0.,-1.));
#4307 = ADVANCED_FACE('',(#4308),#4328,.T.);
#4308 = FACE_BOUND('',#4309,.T.);
#4309 = EDGE_LOOP('',(#4310,#4311,#4312,#4322));
#4310 = ORIENTED_EDGE('',*,*,#1890,.F.);
#4311 = ORIENTED_EDGE('',*,*,#4276,.T.);
#4312 = ORIENTED_EDGE('',*,*,#4313,.F.);
#4313 = EDGE_CURVE('',#4314,#4234,#4316,.T.);
#4314 = VERTEX_POINT('',#4315);
#4315 = CARTESIAN_POINT('',(10.517781294721,9.614508652886,3.51));
#4316 = B_SPLINE_CURVE_WITH_KNOTS('',4,(#4317,#4318,#4319,#4320,#4321),
  .UNSPECIFIED.,.F.,.F.,(5,5),(0.,1.),.PIECEWISE_BEZIER_KNOTS.);
#4317 = CARTESIAN_POINT('',(10.517781294721,9.614508652886,3.51));
#4318 = CARTESIAN_POINT('',(10.591382596223,9.531429957611,3.51));
#4319 = CARTESIAN_POINT('',(10.664983897725,9.448351262336,3.51));
#4320 = CARTESIAN_POINT('',(10.738585199227,9.365272567062,3.51));
#4321 = CARTESIAN_POINT('',(10.81218650073,9.282193871787,3.51));
#4322 = ORIENTED_EDGE('',*,*,#4323,.F.);
#4323 = EDGE_CURVE('',#1891,#4314,#4324,.T.);
#4324 = LINE('',#4325,#4326);
#4325 = CARTESIAN_POINT('',(10.517781294721,9.614508652886,0.));
#4326 = VECTOR('',#4327,1.);
#4327 = DIRECTION('',(0.,0.,1.));
#4328 = SURFACE_OF_LINEAR_EXTRUSION('',#4329,#4332);
#4329 = B_SPLINE_CURVE_WITH_KNOTS('',1,(#4330,#4331),.UNSPECIFIED.,.F.,
  .F.,(2,2),(0.,0.443967948237),.PIECEWISE_BEZIER_KNOTS.);
#4330 = CARTESIAN_POINT('',(10.81218650073,9.282193871787,0.));
#4331 = CARTESIAN_POINT('',(10.517781294721,9.614508652886,0.));
#4332 = VECTOR('',#4333,1.);
#4333 = DIRECTION('',(-0.,-0.,-1.));
#4334 = ADVANCED_FACE('',(#4335),#4414,.T.);
#4335 = FACE_BOUND('',#4336,.T.);
#4336 = EDGE_LOOP('',(#4337,#4338,#4339,#4370,#4381,#4408));
#4337 = ORIENTED_EDGE('',*,*,#1897,.F.);
#4338 = ORIENTED_EDGE('',*,*,#4323,.T.);
#4339 = ORIENTED_EDGE('',*,*,#4340,.F.);
#4340 = EDGE_CURVE('',#4341,#4314,#4343,.T.);
#4341 = VERTEX_POINT('',#4342);
#4342 = CARTESIAN_POINT('',(10.455076996814,9.601530606664,3.51));
#4343 = B_SPLINE_CURVE_WITH_KNOTS('',7,(#4344,#4345,#4346,#4347,#4348,
    #4349,#4350,#4351,#4352,#4353,#4354,#4355,#4356,#4357,#4358,#4359,
    #4360,#4361,#4362,#4363,#4364,#4365,#4366,#4367,#4368,#4369),
  .UNSPECIFIED.,.F.,.F.,(8,6,6,6,8),(0.,6.500064050262E-02,
    0.278003844969,0.798008401284,1.),.UNSPECIFIED.);
#4344 = CARTESIAN_POINT('',(8.651861546003,8.882865066452,3.51));
#4345 = CARTESIAN_POINT('',(8.667047911059,8.893842434727,3.51));
#4346 = CARTESIAN_POINT('',(8.682343076103,8.904668371453,3.51));
#4347 = CARTESIAN_POINT('',(8.697740568796,8.915348709453,3.51));
#4348 = CARTESIAN_POINT('',(8.71323587905,8.925887230822,3.51));
#4349 = CARTESIAN_POINT('',(8.728822017762,8.936290912001,3.51));
#4350 = CARTESIAN_POINT('',(8.744490740062,8.94656842846,3.51));
#4351 = CARTESIAN_POINT('',(8.811846956482,8.989994299067,3.51));
#4352 = CARTESIAN_POINT('',(8.864309706651,9.02193677043,3.51));
#4353 = CARTESIAN_POINT('',(8.917477185773,9.052702613698,3.51));
#4354 = CARTESIAN_POINT('',(8.97125871353,9.082377108003,3.51));
#4355 = CARTESIAN_POINT('',(9.025587684285,9.111023235304,3.51));
#4356 = CARTESIAN_POINT('',(9.080407551566,9.138699367802,3.51));
#4357 = CARTESIAN_POINT('',(9.270615001443,9.230752644339,3.51));
#4358 = CARTESIAN_POINT('',(9.408211662167,9.290526165942,3.51));
#4359 = CARTESIAN_POINT('',(9.547858980963,9.345422503652,3.51));
#4360 = CARTESIAN_POINT('',(9.689197881579,9.395773948772,3.51));
#4361 = CARTESIAN_POINT('',(9.831931984316,9.441880300801,3.51));
#4362 = CARTESIAN_POINT('',(9.975851233896,9.483965707812,3.51));
#4363 = CARTESIAN_POINT('',(10.1771015598,9.537091738399,3.51));
#4364 = CARTESIAN_POINT('',(10.233557681231,9.551376859786,3.51));
#4365 = CARTESIAN_POINT('',(10.29015490488,9.565097069309,3.51));
#4366 = CARTESIAN_POINT('',(10.346884797507,9.578260548194,3.51));
#4367 = CARTESIAN_POINT('',(10.403738708917,9.590876406288,3.51));
#4368 = CARTESIAN_POINT('',(10.460707063409,9.60295582504,3.51));
#4369 = CARTESIAN_POINT('',(10.517781294721,9.614508652886,3.51));
#4370 = ORIENTED_EDGE('',*,*,#4371,.F.);
#4371 = EDGE_CURVE('',#4372,#4341,#4374,.T.);
#4372 = VERTEX_POINT('',#4373);
#4373 = CARTESIAN_POINT('',(10.455076996814,9.601530606664,4.));
#4374 = B_SPLINE_CURVE_WITH_KNOTS('',5,(#4375,#4376,#4377,#4378,#4379,
    #4380),.UNSPECIFIED.,.F.,.F.,(6,6),(0.,1.),
  .PIECEWISE_BEZIER_KNOTS.);
#4375 = CARTESIAN_POINT('',(10.455076996814,9.601530606664,4.0000006));
#4376 = CARTESIAN_POINT('',(10.455076996814,9.601530606664,
    3.893700524585));
#4377 = CARTESIAN_POINT('',(10.455076996814,9.601530606664,
    3.807051538322));
#4378 = CARTESIAN_POINT('',(10.455076996814,9.601530606664,
    3.699906479312));
#4379 = CARTESIAN_POINT('',(10.455076996814,9.601530606664,3.58119590178
    ));
#4380 = CARTESIAN_POINT('',(10.455076996814,9.601530606664,3.5099994));
#4381 = ORIENTED_EDGE('',*,*,#4382,.T.);
#4382 = EDGE_CURVE('',#4372,#4383,#4385,.T.);
#4383 = VERTEX_POINT('',#4384);
#4384 = CARTESIAN_POINT('',(8.651861546003,8.882865066452,4.));
#4385 = B_SPLINE_CURVE_WITH_KNOTS('',3,(#4386,#4387,#4388,#4389,#4390,
    #4391,#4392,#4393,#4394,#4395,#4396,#4397,#4398,#4399,#4400,#4401,
    #4402,#4403,#4404,#4405,#4406,#4407),.UNSPECIFIED.,.F.,.F.,(4,1,1,1,
    1,1,1,1,1,1,1,1,1,1,1,1,1,1,1,4),(0.,0.161575449659,0.316998684245,
    0.466269703761,0.609388508206,0.746355097584,0.877169471895,
    1.001831631143,1.120341575329,1.232699304458,1.338904818531,
    1.438958117555,1.532859201532,1.620608070471,1.702204724377,
    1.777649163261,1.846941387134,1.910081396012,1.967069189913,
    2.017904768867),.UNSPECIFIED.);
#4386 = CARTESIAN_POINT('',(10.517781294721,9.614508652886,4.));
#4387 = CARTESIAN_POINT('',(10.464993115783,9.603823397394,4.));
#4388 = CARTESIAN_POINT('',(10.361653564047,9.581723212072,4.));
#4389 = CARTESIAN_POINT('',(10.210422983532,9.545812121738,4.));
#4390 = CARTESIAN_POINT('',(10.065988081745,9.508073970931,4.));
#4391 = CARTESIAN_POINT('',(9.928352677494,9.468793990623,4.));
#4392 = CARTESIAN_POINT('',(9.797510002725,9.428257706737,4.));
#4393 = CARTESIAN_POINT('',(9.673444228094,9.386749218588,4.));
#4394 = CARTESIAN_POINT('',(9.556130138676,9.3445512864,4.));
#4395 = CARTESIAN_POINT('',(9.445533284538,9.301944965834,4.));
#4396 = CARTESIAN_POINT('',(9.341610021839,9.259209358332,4.));
#4397 = CARTESIAN_POINT('',(9.244307590406,9.216621335393,4.));
#4398 = CARTESIAN_POINT('',(9.15356419285,9.174455270908,4.));
#4399 = CARTESIAN_POINT('',(9.069309078312,9.132982778697,4.));
#4400 = CARTESIAN_POINT('',(8.991462648833,9.092472437888,4.));
#4401 = CARTESIAN_POINT('',(8.919936520143,9.053189572469,4.));
#4402 = CARTESIAN_POINT('',(8.854633767112,9.015395861656,4.));
#4403 = CARTESIAN_POINT('',(8.795448587085,8.979349525433,4.));
#4404 = CARTESIAN_POINT('',(8.74226790819,8.945303632479,4.));
#4405 = CARTESIAN_POINT('',(8.694966705824,8.91351052553,4.));
#4406 = CARTESIAN_POINT('',(8.665595369046,8.892792473887,4.));
#4407 = CARTESIAN_POINT('',(8.651861546003,8.882865066452,4.));
#4408 = ORIENTED_EDGE('',*,*,#4409,.F.);
#4409 = EDGE_CURVE('',#1898,#4383,#4410,.T.);
#4410 = LINE('',#4411,#4412);
#4411 = CARTESIAN_POINT('',(8.651861546003,8.882865066452,0.));
#4412 = VECTOR('',#4413,1.);
#4413 = DIRECTION('',(0.,0.,1.));
#4414 = SURFACE_OF_LINEAR_EXTRUSION('',#4415,#4438);
#4415 = B_SPLINE_CURVE_WITH_KNOTS('',3,(#4416,#4417,#4418,#4419,#4420,
    #4421,#4422,#4423,#4424,#4425,#4426,#4427,#4428,#4429,#4430,#4431,
    #4432,#4433,#4434,#4435,#4436,#4437),.UNSPECIFIED.,.F.,.F.,(4,1,1,1,
    1,1,1,1,1,1,1,1,1,1,1,1,1,1,1,4),(0.,0.161575449659,0.316998684245,
    0.466269703761,0.609388508206,0.746355097584,0.877169471895,
    1.001831631143,1.120341575329,1.232699304458,1.338904818531,
    1.438958117555,1.532859201532,1.620608070471,1.702204724377,
    1.777649163261,1.846941387134,1.910081396012,1.967069189913,
    2.017904768867),.UNSPECIFIED.);
#4416 = CARTESIAN_POINT('',(10.517781294721,9.614508652886,0.));
#4417 = CARTESIAN_POINT('',(10.464993115783,9.603823397394,0.));
#4418 = CARTESIAN_POINT('',(10.361653564047,9.581723212072,0.));
#4419 = CARTESIAN_POINT('',(10.210422983532,9.545812121738,0.));
#4420 = CARTESIAN_POINT('',(10.065988081745,9.508073970931,0.));
#4421 = CARTESIAN_POINT('',(9.928352677494,9.468793990623,0.));
#4422 = CARTESIAN_POINT('',(9.797510002725,9.428257706737,0.));
#4423 = CARTESIAN_POINT('',(9.673444228094,9.386749218588,0.));
#4424 = CARTESIAN_POINT('',(9.556130138676,9.3445512864,0.));
#4425 = CARTESIAN_POINT('',(9.445533284538,9.301944965834,0.));
#4426 = CARTESIAN_POINT('',(9.341610021839,9.259209358332,0.));
#4427 = CARTESIAN_POINT('',(9.244307590406,9.216621335393,0.));
#4428 = CARTESIAN_POINT('',(9.15356419285,9.174455270908,0.));
#4429 = CARTESIAN_POINT('',(9.069309078312,9.132982778697,0.));
#4430 = CARTESIAN_POINT('',(8.991462648833,9.092472437888,0.));
#4431 = CARTESIAN_POINT('',(8.919936520143,9.053189572469,0.));
#4432 = CARTESIAN_POINT('',(8.854633767112,9.015395861656,0.));
#4433 = CARTESIAN_POINT('',(8.795448587085,8.979349525433,0.));
#4434 = CARTESIAN_POINT('',(8.74226790819,8.945303632479,0.));
#4435 = CARTESIAN_POINT('',(8.694966705824,8.91351052553,0.));
#4436 = CARTESIAN_POINT('',(8.665595369046,8.892792473887,0.));
#4437 = CARTESIAN_POINT('',(8.651861546003,8.882865066452,0.));
#4438 = VECTOR('',#4439,1.);
#4439 = DIRECTION('',(-0.,-0.,-1.));
#4440 = ADVANCED_FACE('',(#4441),#4458,.T.);
#4441 = FACE_BOUND('',#4442,.T.);
#4442 = EDGE_LOOP('',(#4443,#4444,#4451,#4457));
#4443 = ORIENTED_EDGE('',*,*,#4409,.T.);
#4444 = ORIENTED_EDGE('',*,*,#4445,.T.);
#4445 = EDGE_CURVE('',#4383,#4446,#4448,.T.);
#4446 = VERTEX_POINT('',#4447);
#4447 = CARTESIAN_POINT('',(7.775232310098,9.659490800451,4.));
#4448 = B_SPLINE_CURVE_WITH_KNOTS('',1,(#4449,#4450),.UNSPECIFIED.,.F.,
  .F.,(2,2),(0.,1.171164526424),.PIECEWISE_BEZIER_KNOTS.);
#4449 = CARTESIAN_POINT('',(8.651861546003,8.882865066452,4.));
#4450 = CARTESIAN_POINT('',(7.775232310098,9.659490800451,4.));
#4451 = ORIENTED_EDGE('',*,*,#4452,.F.);
#4452 = EDGE_CURVE('',#1925,#4446,#4453,.T.);
#4453 = LINE('',#4454,#4455);
#4454 = CARTESIAN_POINT('',(7.775232310098,9.659490800451,0.));
#4455 = VECTOR('',#4456,1.);
#4456 = DIRECTION('',(0.,0.,1.));
#4457 = ORIENTED_EDGE('',*,*,#1924,.F.);
#4458 = SURFACE_OF_LINEAR_EXTRUSION('',#4459,#4462);
#4459 = B_SPLINE_CURVE_WITH_KNOTS('',1,(#4460,#4461),.UNSPECIFIED.,.F.,
  .F.,(2,2),(0.,1.171164526424),.PIECEWISE_BEZIER_KNOTS.);
#4460 = CARTESIAN_POINT('',(8.651861546003,8.882865066452,0.));
#4461 = CARTESIAN_POINT('',(7.775232310098,9.659490800451,0.));
#4462 = VECTOR('',#4463,1.);
#4463 = DIRECTION('',(-0.,-0.,-1.));
#4464 = ADVANCED_FACE('',(#4465),#4556,.T.);
#4465 = FACE_BOUND('',#4466,.T.);
#4466 = EDGE_LOOP('',(#4467,#4468,#4469,#4496,#4507,#4550));
#4467 = ORIENTED_EDGE('',*,*,#1931,.F.);
#4468 = ORIENTED_EDGE('',*,*,#4452,.T.);
#4469 = ORIENTED_EDGE('',*,*,#4470,.T.);
#4470 = EDGE_CURVE('',#4446,#4471,#4473,.T.);
#4471 = VERTEX_POINT('',#4472);
#4472 = CARTESIAN_POINT('',(8.271304365149,11.536184338812,4.));
#4473 = B_SPLINE_CURVE_WITH_KNOTS('',3,(#4474,#4475,#4476,#4477,#4478,
    #4479,#4480,#4481,#4482,#4483,#4484,#4485,#4486,#4487,#4488,#4489,
    #4490,#4491,#4492,#4493,#4494,#4495),.UNSPECIFIED.,.F.,.F.,(4,1,1,1,
    1,1,1,1,1,1,1,1,1,1,1,1,1,1,1,4),(0.,5.083557895354E-02,
    0.107823372855,0.170963381733,0.240255605606,0.31570004449,
    0.397296698396,0.485045567335,0.578946651312,0.678999950336,
    0.785205464409,0.897563193537,1.016073137724,1.140735296972,
    1.271549671283,1.408516260661,1.551635065106,1.700906084621,
    1.856329319208,2.017904768867),.UNSPECIFIED.);
#4474 = CARTESIAN_POINT('',(7.775232310098,9.659490800451,4.));
#4475 = CARTESIAN_POINT('',(7.783431906119,9.674321105196,4.));
#4476 = CARTESIAN_POINT('',(7.800458576409,9.705975577027,4.));
#4477 = CARTESIAN_POINT('',(7.826318345908,9.756764135938,4.));
#4478 = CARTESIAN_POINT('',(7.853705783482,9.81366084672,4.));
#4479 = CARTESIAN_POINT('',(7.882355316208,9.876759405852,4.));
#4480 = CARTESIAN_POINT('',(7.912002091256,9.946141556725,4.));
#4481 = CARTESIAN_POINT('',(7.942377018254,10.021881205594,4.));
#4482 = CARTESIAN_POINT('',(7.973208642888,10.104043028952,4.));
#4483 = CARTESIAN_POINT('',(8.004222922136,10.192682785374,4.));
#4484 = CARTESIAN_POINT('',(8.035143640639,10.287847118826,4.));
#4485 = CARTESIAN_POINT('',(8.065692636876,10.389573524885,4.));
#4486 = CARTESIAN_POINT('',(8.095590088596,10.497890278249,4.));
#4487 = CARTESIAN_POINT('',(8.12455478347,10.612816381238,4.));
#4488 = CARTESIAN_POINT('',(8.152304394336,10.734361517519,4.));
#4489 = CARTESIAN_POINT('',(8.178555762264,10.862526008331,4.));
#4490 = CARTESIAN_POINT('',(8.203025149349,10.997300801775,4.));
#4491 = CARTESIAN_POINT('',(8.22542861966,11.138667367391,4.));
#4492 = CARTESIAN_POINT('',(8.245481913285,11.286598007542,4.));
#4493 = CARTESIAN_POINT('',(8.262902339209,11.441054550468,4.));
#4494 = CARTESIAN_POINT('',(8.272385182793,11.546304523493,4.));
#4495 = CARTESIAN_POINT('',(8.276629618895,11.599995782397,4.));
#4496 = ORIENTED_EDGE('',*,*,#4497,.T.);
#4497 = EDGE_CURVE('',#4471,#4498,#4500,.T.);
#4498 = VERTEX_POINT('',#4499);
#4499 = CARTESIAN_POINT('',(8.271304365149,11.536184338812,3.51));
#4500 = B_SPLINE_CURVE_WITH_KNOTS('',5,(#4501,#4502,#4503,#4504,#4505,
    #4506),.UNSPECIFIED.,.F.,.F.,(6,6),(0.,1.),
  .PIECEWISE_BEZIER_KNOTS.);
#4501 = CARTESIAN_POINT('',(8.271304365149,11.536184338812,4.0000006));
#4502 = CARTESIAN_POINT('',(8.271304365149,11.536184338812,
    3.893700524585));
#4503 = CARTESIAN_POINT('',(8.271304365149,11.536184338812,
    3.807051538322));
#4504 = CARTESIAN_POINT('',(8.271304365149,11.536184338812,
    3.699906479312));
#4505 = CARTESIAN_POINT('',(8.271304365149,11.536184338812,3.58119590178
    ));
#4506 = CARTESIAN_POINT('',(8.271304365149,11.536184338812,3.5099994));
#4507 = ORIENTED_EDGE('',*,*,#4508,.F.);
#4508 = EDGE_CURVE('',#4509,#4498,#4511,.T.);
#4509 = VERTEX_POINT('',#4510);
#4510 = CARTESIAN_POINT('',(8.276629618895,11.599995782397,3.51));
#4511 = B_SPLINE_CURVE_WITH_KNOTS('',7,(#4512,#4513,#4514,#4515,#4516,
    #4517,#4518,#4519,#4520,#4521,#4522,#4523,#4524,#4525,#4526,#4527,
    #4528,#4529,#4530,#4531,#4532,#4533,#4534,#4535,#4536,#4537,#4538,
    #4539,#4540,#4541,#4542,#4543,#4544,#4545,#4546,#4547,#4548,#4549),
  .UNSPECIFIED.,.F.,.F.,(8,6,6,6,6,6,8),(0.,0.29599853849,0.591998255967
    ,0.820999393951,0.894999573716,0.968999916493,1.),.UNSPECIFIED.);
#4512 = CARTESIAN_POINT('',(8.276629618895,11.599995782397,3.51));
#4513 = CARTESIAN_POINT('',(8.269905052513,11.514931376689,3.51));
#4514 = CARTESIAN_POINT('',(8.262031095313,11.429956327215,3.51));
#4515 = CARTESIAN_POINT('',(8.252971032551,11.345094885456,3.51));
#4516 = CARTESIAN_POINT('',(8.242689899505,11.260370653509,3.51));
#4517 = CARTESIAN_POINT('',(8.231163150846,11.175805830151,3.51));
#4518 = CARTESIAN_POINT('',(8.218341188162,11.091433687949,3.51));
#4519 = CARTESIAN_POINT('',(8.190023665407,10.923138440109,3.51));
#4520 = CARTESIAN_POINT('',(8.1745278514,10.839216493206,3.51));
#4521 = CARTESIAN_POINT('',(8.157649249459,10.755552928627,3.51));
#4522 = CARTESIAN_POINT('',(8.139336210477,10.672186485629,3.51));
#4523 = CARTESIAN_POINT('',(8.119530771314,10.589162044379,3.51));
#4524 = CARTESIAN_POINT('',(8.098164380387,10.506532780527,3.51));
#4525 = CARTESIAN_POINT('',(8.057344455254,10.360794806346,3.51));
#4526 = CARTESIAN_POINT('',(8.038553323713,10.297502523198,3.51));
#4527 = CARTESIAN_POINT('',(8.018736062673,10.234516814715,3.51));
#4528 = CARTESIAN_POINT('',(7.997845201978,10.171874232533,3.51));
#4529 = CARTESIAN_POINT('',(7.975826515379,10.10961843611,3.51));
#4530 = CARTESIAN_POINT('',(7.952611993385,10.047804166301,3.51));
#4531 = CARTESIAN_POINT('',(7.920186252215,9.966697257181,3.51));
#4532 = CARTESIAN_POINT('',(7.912131882882,9.946943163044,3.51));
#4533 = CARTESIAN_POINT('',(7.903940105549,9.927245098865,3.51));
#4534 = CARTESIAN_POINT('',(7.895606195006,9.907606640478,3.51));
#4535 = CARTESIAN_POINT('',(7.887126168718,9.888030963257,3.51));
#4536 = CARTESIAN_POINT('',(7.878496711683,9.868520899103,3.51));
#4537 = CARTESIAN_POINT('',(7.860926748298,9.829641363314,3.51));
#4538 = CARTESIAN_POINT('',(7.851985820277,9.810272309324,3.51));
#4539 = CARTESIAN_POINT('',(7.842886634705,9.790975961042,3.51));
#4540 = CARTESIAN_POINT('',(7.833616995364,9.771761497532,3.51));
#4541 = CARTESIAN_POINT('',(7.824178134018,9.752628646916,3.51));
#4542 = CARTESIAN_POINT('',(7.814557523822,9.733587366661,3.51));
#4543 = CARTESIAN_POINT('',(7.800632952519,9.70671122518,3.51));
#4544 = CARTESIAN_POINT('',(7.796488065517,9.698793932147,3.51));
#4545 = CARTESIAN_POINT('',(7.792308646654,9.690894769463,3.51));
#4546 = CARTESIAN_POINT('',(7.788094013366,9.683014307962,3.51));
#4547 = CARTESIAN_POINT('',(7.783843503674,9.675153115916,3.51));
#4548 = CARTESIAN_POINT('',(7.779556476187,9.667311759033,3.51));
#4549 = CARTESIAN_POINT('',(7.775232310098,9.659490800451,3.51));
#4550 = ORIENTED_EDGE('',*,*,#4551,.F.);
#4551 = EDGE_CURVE('',#1932,#4509,#4552,.T.);
#4552 = LINE('',#4553,#4554);
#4553 = CARTESIAN_POINT('',(8.276629618895,11.599995782397,0.));
#4554 = VECTOR('',#4555,1.);
#4555 = DIRECTION('',(0.,0.,1.));
#4556 = SURFACE_OF_LINEAR_EXTRUSION('',#4557,#4580);
#4557 = B_SPLINE_CURVE_WITH_KNOTS('',3,(#4558,#4559,#4560,#4561,#4562,
    #4563,#4564,#4565,#4566,#4567,#4568,#4569,#4570,#4571,#4572,#4573,
    #4574,#4575,#4576,#4577,#4578,#4579),.UNSPECIFIED.,.F.,.F.,(4,1,1,1,
    1,1,1,1,1,1,1,1,1,1,1,1,1,1,1,4),(0.,5.083557895354E-02,
    0.107823372855,0.170963381733,0.240255605606,0.31570004449,
    0.397296698396,0.485045567335,0.578946651312,0.678999950336,
    0.785205464409,0.897563193537,1.016073137724,1.140735296972,
    1.271549671283,1.408516260661,1.551635065106,1.700906084621,
    1.856329319208,2.017904768867),.UNSPECIFIED.);
#4558 = CARTESIAN_POINT('',(7.775232310098,9.659490800451,0.));
#4559 = CARTESIAN_POINT('',(7.783431906119,9.674321105196,0.));
#4560 = CARTESIAN_POINT('',(7.800458576409,9.705975577027,0.));
#4561 = CARTESIAN_POINT('',(7.826318345908,9.756764135938,0.));
#4562 = CARTESIAN_POINT('',(7.853705783482,9.81366084672,0.));
#4563 = CARTESIAN_POINT('',(7.882355316208,9.876759405852,0.));
#4564 = CARTESIAN_POINT('',(7.912002091256,9.946141556725,0.));
#4565 = CARTESIAN_POINT('',(7.942377018254,10.021881205594,0.));
#4566 = CARTESIAN_POINT('',(7.973208642888,10.104043028952,0.));
#4567 = CARTESIAN_POINT('',(8.004222922136,10.192682785374,0.));
#4568 = CARTESIAN_POINT('',(8.035143640639,10.287847118826,0.));
#4569 = CARTESIAN_POINT('',(8.065692636876,10.389573524885,0.));
#4570 = CARTESIAN_POINT('',(8.095590088596,10.497890278249,0.));
#4571 = CARTESIAN_POINT('',(8.12455478347,10.612816381238,0.));
#4572 = CARTESIAN_POINT('',(8.152304394336,10.734361517519,0.));
#4573 = CARTESIAN_POINT('',(8.178555762264,10.862526008331,0.));
#4574 = CARTESIAN_POINT('',(8.203025149349,10.997300801775,0.));
#4575 = CARTESIAN_POINT('',(8.22542861966,11.138667367391,0.));
#4576 = CARTESIAN_POINT('',(8.245481913285,11.286598007542,0.));
#4577 = CARTESIAN_POINT('',(8.262902339209,11.441054550468,0.));
#4578 = CARTESIAN_POINT('',(8.272385182793,11.546304523493,0.));
#4579 = CARTESIAN_POINT('',(8.276629618895,11.599995782397,0.));
#4580 = VECTOR('',#4581,1.);
#4581 = DIRECTION('',(-0.,-0.,-1.));
#4582 = ADVANCED_FACE('',(#4583),#4603,.T.);
#4583 = FACE_BOUND('',#4584,.T.);
#4584 = EDGE_LOOP('',(#4585,#4586,#4587,#4597));
#4585 = ORIENTED_EDGE('',*,*,#1958,.F.);
#4586 = ORIENTED_EDGE('',*,*,#4551,.T.);
#4587 = ORIENTED_EDGE('',*,*,#4588,.F.);
#4588 = EDGE_CURVE('',#4589,#4509,#4591,.T.);
#4589 = VERTEX_POINT('',#4590);
#4590 = CARTESIAN_POINT('',(7.911251160522,11.852198322469,3.51));
#4591 = B_SPLINE_CURVE_WITH_KNOTS('',4,(#4592,#4593,#4594,#4595,#4596),
  .UNSPECIFIED.,.F.,.F.,(5,5),(0.,1.),.PIECEWISE_BEZIER_KNOTS.);
#4592 = CARTESIAN_POINT('',(7.911251160522,11.852198322469,3.51));
#4593 = CARTESIAN_POINT('',(8.002595775115,11.789147687451,3.51));
#4594 = CARTESIAN_POINT('',(8.093940389709,11.726097052433,3.51));
#4595 = CARTESIAN_POINT('',(8.185285004302,11.663046417415,3.51));
#4596 = CARTESIAN_POINT('',(8.276629618895,11.599995782397,3.51));
#4597 = ORIENTED_EDGE('',*,*,#4598,.F.);
#4598 = EDGE_CURVE('',#1959,#4589,#4599,.T.);
#4599 = LINE('',#4600,#4601);
#4600 = CARTESIAN_POINT('',(7.911251160522,11.852198322469,0.));
#4601 = VECTOR('',#4602,1.);
#4602 = DIRECTION('',(0.,0.,1.));
#4603 = SURFACE_OF_LINEAR_EXTRUSION('',#4604,#4607);
#4604 = B_SPLINE_CURVE_WITH_KNOTS('',1,(#4605,#4606),.UNSPECIFIED.,.F.,
  .F.,(2,2),(0.,0.443967948237),.PIECEWISE_BEZIER_KNOTS.);
#4605 = CARTESIAN_POINT('',(8.276629618895,11.599995782397,0.));
#4606 = CARTESIAN_POINT('',(7.911251160522,11.852198322469,0.));
#4607 = VECTOR('',#4608,1.);
#4608 = DIRECTION('',(-0.,-0.,-1.));
#4609 = ADVANCED_FACE('',(#4610),#4689,.T.);
#4610 = FACE_BOUND('',#4611,.T.);
#4611 = EDGE_LOOP('',(#4612,#4613,#4614,#4645,#4656,#4683));
#4612 = ORIENTED_EDGE('',*,*,#1965,.F.);
#4613 = ORIENTED_EDGE('',*,*,#4598,.T.);
#4614 = ORIENTED_EDGE('',*,*,#4615,.F.);
#4615 = EDGE_CURVE('',#4616,#4589,#4618,.T.);
#4616 = VERTEX_POINT('',#4617);
#4617 = CARTESIAN_POINT('',(7.853474785305,11.824591273976,3.51));
#4618 = B_SPLINE_CURVE_WITH_KNOTS('',7,(#4619,#4620,#4621,#4622,#4623,
    #4624,#4625,#4626,#4627,#4628,#4629,#4630,#4631,#4632,#4633,#4634,
    #4635,#4636,#4637,#4638,#4639,#4640,#4641,#4642,#4643,#4644),
  .UNSPECIFIED.,.F.,.F.,(8,6,6,6,8),(0.,6.500064050286E-02,0.27800384497
    ,0.798008401284,1.),.UNSPECIFIED.);
#4619 = CARTESIAN_POINT('',(6.274645419441,10.695271144777,3.51));
#4620 = CARTESIAN_POINT('',(6.286763440147,10.709563865722,3.51));
#4621 = CARTESIAN_POINT('',(6.299023339254,10.723735592985,3.51));
#4622 = CARTESIAN_POINT('',(6.311417436609,10.737790440966,3.51));
#4623 = CARTESIAN_POINT('',(6.323940448066,10.751731002524,3.51));
#4624 = CARTESIAN_POINT('',(6.336583918042,10.765562378775,3.51));
#4625 = CARTESIAN_POINT('',(6.34933776507,10.77929101997,3.51));
#4626 = CARTESIAN_POINT('',(6.404344241184,10.837574411377,3.51));
#4627 = CARTESIAN_POINT('',(6.447638185427,10.881143850483,3.51));
#4628 = CARTESIAN_POINT('',(6.491897966015,10.923739504844,3.51));
#4629 = CARTESIAN_POINT('',(6.537015129002,10.965422474317,3.51));
#4630 = CARTESIAN_POINT('',(6.582909931622,11.006237970948,3.51));
#4631 = CARTESIAN_POINT('',(6.629513501157,11.046229138289,3.51));
#4632 = CARTESIAN_POINT('',(6.792164077204,11.181127136129,3.51));
#4633 = CARTESIAN_POINT('',(6.911457689011,11.272092784094,3.51));
#4634 = CARTESIAN_POINT('',(7.033909556994,11.358813724862,3.51));
#4635 = CARTESIAN_POINT('',(7.159091516495,11.44152666139,3.51));
#4636 = CARTESIAN_POINT('',(7.286644053351,11.520451753235,3.51));
#4637 = CARTESIAN_POINT('',(7.416309573966,11.595756365623,3.51));
#4638 = CARTESIAN_POINT('',(7.598998039855,11.695501005746,3.51));
#4639 = CARTESIAN_POINT('',(7.650394995688,11.722881861671,3.51));
#4640 = CARTESIAN_POINT('',(7.702064145823,11.749747989015,3.51));
#4641 = CARTESIAN_POINT('',(7.753995344179,11.776105313066,3.51));
#4642 = CARTESIAN_POINT('',(7.806178011791,11.801960608828,3.51));
#4643 = CARTESIAN_POINT('',(7.858600175314,11.827322441224,3.51));
#4644 = CARTESIAN_POINT('',(7.911251160522,11.852198322469,3.51));
#4645 = ORIENTED_EDGE('',*,*,#4646,.F.);
#4646 = EDGE_CURVE('',#4647,#4616,#4649,.T.);
#4647 = VERTEX_POINT('',#4648);
#4648 = CARTESIAN_POINT('',(7.853474785305,11.824591273976,4.));
#4649 = B_SPLINE_CURVE_WITH_KNOTS('',5,(#4650,#4651,#4652,#4653,#4654,
    #4655),.UNSPECIFIED.,.F.,.F.,(6,6),(0.,1.),
  .PIECEWISE_BEZIER_KNOTS.);
#4650 = CARTESIAN_POINT('',(7.853474785305,11.824591273976,4.0000006));
#4651 = CARTESIAN_POINT('',(7.853474785305,11.824591273976,
    3.893700524585));
#4652 = CARTESIAN_POINT('',(7.853474785305,11.824591273976,
    3.807051538322));
#4653 = CARTESIAN_POINT('',(7.853474785305,11.824591273976,
    3.699906479312));
#4654 = CARTESIAN_POINT('',(7.853474785305,11.824591273976,3.58119590178
    ));
#4655 = CARTESIAN_POINT('',(7.853474785305,11.824591273976,3.5099994));
#4656 = ORIENTED_EDGE('',*,*,#4657,.T.);
#4657 = EDGE_CURVE('',#4647,#4658,#4660,.T.);
#4658 = VERTEX_POINT('',#4659);
#4659 = CARTESIAN_POINT('',(6.274645419441,10.695271144777,4.));
#4660 = B_SPLINE_CURVE_WITH_KNOTS('',3,(#4661,#4662,#4663,#4664,#4665,
    #4666,#4667,#4668,#4669,#4670,#4671,#4672,#4673,#4674,#4675,#4676,
    #4677,#4678,#4679,#4680,#4681,#4682),.UNSPECIFIED.,.F.,.F.,(4,1,1,1,
    1,1,1,1,1,1,1,1,1,1,1,1,1,1,1,4),(0.,0.161575449659,0.316998684245,
    0.466269703761,0.609388508206,0.746355097584,0.877169471895,
    1.001831631143,1.120341575329,1.232699304458,1.338904818531,
    1.438958117555,1.532859201532,1.620608070471,1.702204724377,
    1.777649163261,1.846941387134,1.910081396012,1.967069189913,
    2.017904768867),.UNSPECIFIED.);
#4661 = CARTESIAN_POINT('',(7.911251160522,11.852198322469,4.));
#4662 = CARTESIAN_POINT('',(7.862554059141,11.829190522973,4.));
#4663 = CARTESIAN_POINT('',(7.767506287499,11.7830017554,4.));
#4664 = CARTESIAN_POINT('',(7.629264279241,11.711942329249,4.));
#4665 = CARTESIAN_POINT('',(7.49805772383,11.64073524605,4.));
#4666 = CARTESIAN_POINT('',(7.373822068865,11.569658362384,4.));
#4667 = CARTESIAN_POINT('',(7.256482412133,11.498987287606,4.));
#4668 = CARTESIAN_POINT('',(7.145955394848,11.428994077414,4.));
#4669 = CARTESIAN_POINT('',(7.042148865832,11.359947241204,4.));
#4670 = CARTESIAN_POINT('',(6.944962115183,11.292111423264,4.));
#4671 = CARTESIAN_POINT('',(6.854285973923,11.225747170199,4.));
#4672 = CARTESIAN_POINT('',(6.770002955307,11.16111068179,4.));
#4673 = CARTESIAN_POINT('',(6.691987395698,11.09845357004,4.));
#4674 = CARTESIAN_POINT('',(6.620105598684,11.038022624375,4.));
#4675 = CARTESIAN_POINT('',(6.554216004087,10.980059570462,4.));
#4676 = CARTESIAN_POINT('',(6.494169299736,10.924800870717,4.));
#4677 = CARTESIAN_POINT('',(6.439808753035,10.872477404731,4.));
#4678 = CARTESIAN_POINT('',(6.390969839672,10.823314568853,4.));
#4679 = CARTESIAN_POINT('',(6.347482210143,10.777531018176,4.));
#4680 = CARTESIAN_POINT('',(6.309164083261,10.735341842467,4.));
#4681 = CARTESIAN_POINT('',(6.28560437844,10.708196798779,4.));
#4682 = CARTESIAN_POINT('',(6.274645419441,10.695271144777,4.));
#4683 = ORIENTED_EDGE('',*,*,#4684,.F.);
#4684 = EDGE_CURVE('',#1966,#4658,#4685,.T.);
#4685 = LINE('',#4686,#4687);
#4686 = CARTESIAN_POINT('',(6.274645419441,10.695271144777,0.));
#4687 = VECTOR('',#4688,1.);
#4688 = DIRECTION('',(0.,0.,1.));
#4689 = SURFACE_OF_LINEAR_EXTRUSION('',#4690,#4713);
#4690 = B_SPLINE_CURVE_WITH_KNOTS('',3,(#4691,#4692,#4693,#4694,#4695,
    #4696,#4697,#4698,#4699,#4700,#4701,#4702,#4703,#4704,#4705,#4706,
    #4707,#4708,#4709,#4710,#4711,#4712),.UNSPECIFIED.,.F.,.F.,(4,1,1,1,
    1,1,1,1,1,1,1,1,1,1,1,1,1,1,1,4),(0.,0.161575449659,0.316998684245,
    0.466269703761,0.609388508206,0.746355097584,0.877169471895,
    1.001831631143,1.120341575329,1.232699304458,1.338904818531,
    1.438958117555,1.532859201532,1.620608070471,1.702204724377,
    1.777649163261,1.846941387134,1.910081396012,1.967069189913,
    2.017904768867),.UNSPECIFIED.);
#4691 = CARTESIAN_POINT('',(7.911251160522,11.852198322469,0.));
#4692 = CARTESIAN_POINT('',(7.862554059141,11.829190522973,0.));
#4693 = CARTESIAN_POINT('',(7.767506287499,11.7830017554,0.));
#4694 = CARTESIAN_POINT('',(7.629264279241,11.711942329249,0.));
#4695 = CARTESIAN_POINT('',(7.49805772383,11.64073524605,0.));
#4696 = CARTESIAN_POINT('',(7.373822068865,11.569658362384,0.));
#4697 = CARTESIAN_POINT('',(7.256482412133,11.498987287606,0.));
#4698 = CARTESIAN_POINT('',(7.145955394848,11.428994077414,0.));
#4699 = CARTESIAN_POINT('',(7.042148865832,11.359947241204,0.));
#4700 = CARTESIAN_POINT('',(6.944962115183,11.292111423264,0.));
#4701 = CARTESIAN_POINT('',(6.854285973923,11.225747170199,0.));
#4702 = CARTESIAN_POINT('',(6.770002955307,11.16111068179,0.));
#4703 = CARTESIAN_POINT('',(6.691987395698,11.09845357004,0.));
#4704 = CARTESIAN_POINT('',(6.620105598684,11.038022624375,0.));
#4705 = CARTESIAN_POINT('',(6.554216004087,10.980059570462,0.));
#4706 = CARTESIAN_POINT('',(6.494169299736,10.924800870717,0.));
#4707 = CARTESIAN_POINT('',(6.439808753035,10.872477404731,0.));
#4708 = CARTESIAN_POINT('',(6.390969839672,10.823314568853,0.));
#4709 = CARTESIAN_POINT('',(6.347482210143,10.777531018176,0.));
#4710 = CARTESIAN_POINT('',(6.309164083261,10.735341842467,0.));
#4711 = CARTESIAN_POINT('',(6.28560437844,10.708196798779,0.));
#4712 = CARTESIAN_POINT('',(6.274645419441,10.695271144777,0.));
#4713 = VECTOR('',#4714,1.);
#4714 = DIRECTION('',(-0.,-0.,-1.));
#4715 = ADVANCED_FACE('',(#4716),#4733,.T.);
#4716 = FACE_BOUND('',#4717,.T.);
#4717 = EDGE_LOOP('',(#4718,#4719,#4726,#4732));
#4718 = ORIENTED_EDGE('',*,*,#4684,.T.);
#4719 = ORIENTED_EDGE('',*,*,#4720,.T.);
#4720 = EDGE_CURVE('',#4658,#4721,#4723,.T.);
#4721 = VERTEX_POINT('',#4722);
#4722 = CARTESIAN_POINT('',(5.237630732487,11.239538438482,4.));
#4723 = B_SPLINE_CURVE_WITH_KNOTS('',1,(#4724,#4725),.UNSPECIFIED.,.F.,
  .F.,(2,2),(0.,1.171164526424),.PIECEWISE_BEZIER_KNOTS.);
#4724 = CARTESIAN_POINT('',(6.274645419441,10.695271144777,4.));
#4725 = CARTESIAN_POINT('',(5.237630732487,11.239538438482,4.));
#4726 = ORIENTED_EDGE('',*,*,#4727,.F.);
#4727 = EDGE_CURVE('',#1993,#4721,#4728,.T.);
#4728 = LINE('',#4729,#4730);
#4729 = CARTESIAN_POINT('',(5.237630732487,11.239538438482,0.));
#4730 = VECTOR('',#4731,1.);
#4731 = DIRECTION('',(0.,0.,1.));
#4732 = ORIENTED_EDGE('',*,*,#1992,.F.);
#4733 = SURFACE_OF_LINEAR_EXTRUSION('',#4734,#4737);
#4734 = B_SPLINE_CURVE_WITH_KNOTS('',1,(#4735,#4736),.UNSPECIFIED.,.F.,
  .F.,(2,2),(0.,1.171164526424),.PIECEWISE_BEZIER_KNOTS.);
#4735 = CARTESIAN_POINT('',(6.274645419441,10.695271144777,0.));
#4736 = CARTESIAN_POINT('',(5.237630732487,11.239538438482,0.));
#4737 = VECTOR('',#4738,1.);
#4738 = DIRECTION('',(-0.,-0.,-1.));
#4739 = ADVANCED_FACE('',(#4740),#4831,.T.);
#4740 = FACE_BOUND('',#4741,.T.);
#4741 = EDGE_LOOP('',(#4742,#4743,#4744,#4771,#4782,#4825));
#4742 = ORIENTED_EDGE('',*,*,#1999,.F.);
#4743 = ORIENTED_EDGE('',*,*,#4727,.T.);
#4744 = ORIENTED_EDGE('',*,*,#4745,.T.);
#4745 = EDGE_CURVE('',#4721,#4746,#4748,.T.);
#4746 = VERTEX_POINT('',#4747);
#4747 = CARTESIAN_POINT('',(5.270165674396,13.180416486759,4.));
#4748 = B_SPLINE_CURVE_WITH_KNOTS('',3,(#4749,#4750,#4751,#4752,#4753,
    #4754,#4755,#4756,#4757,#4758,#4759,#4760,#4761,#4762,#4763,#4764,
    #4765,#4766,#4767,#4768,#4769,#4770),.UNSPECIFIED.,.F.,.F.,(4,1,1,1,
    1,1,1,1,1,1,1,1,1,1,1,1,1,1,1,4),(0.,5.083557895354E-02,
    0.107823372855,0.170963381733,0.240255605606,0.31570004449,
    0.397296698396,0.485045567335,0.578946651312,0.678999950336,
    0.785205464409,0.897563193537,1.016073137724,1.140735296972,
    1.271549671283,1.408516260661,1.551635065106,1.700906084621,
    1.856329319208,2.017904768867),.UNSPECIFIED.);
#4749 = CARTESIAN_POINT('',(5.237630732487,11.239538438482,4.));
#4750 = CARTESIAN_POINT('',(5.242042938918,11.255900093293,4.));
#4751 = CARTESIAN_POINT('',(5.25099943416,11.290709492613,4.));
#4752 = CARTESIAN_POINT('',(5.263953268042,11.346210876221,4.));
#4753 = CARTESIAN_POINT('',(5.276928602318,11.40800851481,4.));
#4754 = CARTESIAN_POINT('',(5.289645158097,11.476129826447,4.));
#4755 = CARTESIAN_POINT('',(5.301826216217,11.550590795777,4.));
#4756 = CARTESIAN_POINT('',(5.313192818659,11.631398783933,4.));
#4757 = CARTESIAN_POINT('',(5.323465920979,11.718551624758,4.));
#4758 = CARTESIAN_POINT('',(5.332366099448,11.812037873795,4.));
#4759 = CARTESIAN_POINT('',(5.339614002391,11.91183671696,4.));
#4760 = CARTESIAN_POINT('',(5.344930577876,12.017917991867,4.));
#4761 = CARTESIAN_POINT('',(5.348037368201,12.130242185754,4.));
#4762 = CARTESIAN_POINT('',(5.348656785002,12.248760450255,4.));
#4763 = CARTESIAN_POINT('',(5.346512387579,12.373414622333,4.));
#4764 = CARTESIAN_POINT('',(5.341329168208,12.504137249526,4.));
#4765 = CARTESIAN_POINT('',(5.332833800154,12.64085164004,4.));
#4766 = CARTESIAN_POINT('',(5.320755032776,12.783471851563,4.));
#4767 = CARTESIAN_POINT('',(5.304823494717,12.931902963449,4.));
#4768 = CARTESIAN_POINT('',(5.28477384455,13.086040260753,4.));
#4769 = CARTESIAN_POINT('',(5.268793166723,13.190501253857,4.));
#4770 = CARTESIAN_POINT('',(5.260065107935,13.243648102403,4.));
#4771 = ORIENTED_EDGE('',*,*,#4772,.T.);
#4772 = EDGE_CURVE('',#4746,#4773,#4775,.T.);
#4773 = VERTEX_POINT('',#4774);
#4774 = CARTESIAN_POINT('',(5.270165674396,13.180416486759,3.51));
#4775 = B_SPLINE_CURVE_WITH_KNOTS('',5,(#4776,#4777,#4778,#4779,#4780,
    #4781),.UNSPECIFIED.,.F.,.F.,(6,6),(0.,1.),
  .PIECEWISE_BEZIER_KNOTS.);
#4776 = CARTESIAN_POINT('',(5.270165674396,13.180416486759,4.0000006));
#4777 = CARTESIAN_POINT('',(5.270165674396,13.180416486759,
    3.893700524585));
#4778 = CARTESIAN_POINT('',(5.270165674396,13.180416486759,
    3.807051538322));
#4779 = CARTESIAN_POINT('',(5.270165674396,13.180416486759,
    3.699906479312));
#4780 = CARTESIAN_POINT('',(5.270165674396,13.180416486759,3.58119590178
    ));
#4781 = CARTESIAN_POINT('',(5.270165674396,13.180416486759,3.5099994));
#4782 = ORIENTED_EDGE('',*,*,#4783,.F.);
#4783 = EDGE_CURVE('',#4784,#4773,#4786,.T.);
#4784 = VERTEX_POINT('',#4785);
#4785 = CARTESIAN_POINT('',(5.260065107935,13.243648102403,3.51));
#4786 = B_SPLINE_CURVE_WITH_KNOTS('',7,(#4787,#4788,#4789,#4790,#4791,
    #4792,#4793,#4794,#4795,#4796,#4797,#4798,#4799,#4800,#4801,#4802,
    #4803,#4804,#4805,#4806,#4807,#4808,#4809,#4810,#4811,#4812,#4813,
    #4814,#4815,#4816,#4817,#4818,#4819,#4820,#4821,#4822,#4823,#4824),
  .UNSPECIFIED.,.F.,.F.,(8,6,6,6,6,6,8),(0.,0.29599853849,0.591998255967
    ,0.820999393951,0.894999573716,0.968999916493,1.),.UNSPECIFIED.);
#4787 = CARTESIAN_POINT('',(5.260065107935,13.243648102403,3.51));
#4788 = CARTESIAN_POINT('',(5.27389318999,13.159446219656,3.51));
#4789 = CARTESIAN_POINT('',(5.286583896088,13.075056029387,3.51));
#4790 = CARTESIAN_POINT('',(5.298095774592,12.990492291955,3.51));
#4791 = CARTESIAN_POINT('',(5.308389228436,12.905769556027,3.51));
#4792 = CARTESIAN_POINT('',(5.317435113022,12.82090350123,3.51));
#4793 = CARTESIAN_POINT('',(5.325177308529,12.735914563625,3.51));
#4794 = CARTESIAN_POINT('',(5.337958330553,12.565732843053,3.51));
#4795 = CARTESIAN_POINT('',(5.34299663321,12.480541124383,3.51));
#4796 = CARTESIAN_POINT('',(5.346630494299,12.395269357102,3.51));
#4797 = CARTESIAN_POINT('',(5.348800494634,12.309942794337,3.51));
#4798 = CARTESIAN_POINT('',(5.349439614848,12.224591140629,3.51));
#4799 = CARTESIAN_POINT('',(5.348468569577,12.139249620974,3.51));
#4800 = CARTESIAN_POINT('',(5.343712177385,11.987977679955,3.51));
#4801 = CARTESIAN_POINT('',(5.34061391676,11.922027543399,3.51));
#4802 = CARTESIAN_POINT('',(5.336445975975,11.856129504142,3.51));
#4803 = CARTESIAN_POINT('',(5.331153516893,11.790307691346,3.51));
#4804 = CARTESIAN_POINT('',(5.324673440586,11.724591518611,3.51));
#4805 = CARTESIAN_POINT('',(5.316926613452,11.659017860387,3.51));
#4806 = CARTESIAN_POINT('',(5.304853259224,11.572507782853,3.51));
#4807 = CARTESIAN_POINT('',(5.301760399386,11.551400170042,3.51));
#4808 = CARTESIAN_POINT('',(5.298520715528,11.530314075175,3.51));
#4809 = CARTESIAN_POINT('',(5.295128763994,11.509251839359,3.51));
#4810 = CARTESIAN_POINT('',(5.291579918055,11.488215592616,3.51));
#4811 = CARTESIAN_POINT('',(5.287870281322,11.467207291226,3.51));
#4812 = CARTESIAN_POINT('',(5.280115351076,11.425252756627,3.51));
#4813 = CARTESIAN_POINT('',(5.276069548196,11.404306828015,3.51));
#4814 = CARTESIAN_POINT('',(5.271852686827,11.383393618906,3.51));
#4815 = CARTESIAN_POINT('',(5.267450728457,11.362519122888,3.51));
#4816 = CARTESIAN_POINT('',(5.262864934122,11.341683370765,3.51));
#4817 = CARTESIAN_POINT('',(5.258080758007,11.320893032788,3.51));
#4818 = CARTESIAN_POINT('',(5.250992691091,11.291465495102,3.51));
#4819 = CARTESIAN_POINT('',(5.248862979214,11.282786327829,3.51));
#4820 = CARTESIAN_POINT('',(5.246695400032,11.274116500054,3.51));
#4821 = CARTESIAN_POINT('',(5.244489154206,11.265456402677,3.51));
#4822 = CARTESIAN_POINT('',(5.242243462998,11.256806429035,3.51));
#4823 = CARTESIAN_POINT('',(5.23995756827,11.248166974901,3.51));
#4824 = CARTESIAN_POINT('',(5.237630732487,11.239538438482,3.51));
#4825 = ORIENTED_EDGE('',*,*,#4826,.F.);
#4826 = EDGE_CURVE('',#2000,#4784,#4827,.T.);
#4827 = LINE('',#4828,#4829);
#4828 = CARTESIAN_POINT('',(5.260065107935,13.243648102403,0.));
#4829 = VECTOR('',#4830,1.);
#4830 = DIRECTION('',(0.,0.,1.));
#4831 = SURFACE_OF_LINEAR_EXTRUSION('',#4832,#4855);
#4832 = B_SPLINE_CURVE_WITH_KNOTS('',3,(#4833,#4834,#4835,#4836,#4837,
    #4838,#4839,#4840,#4841,#4842,#4843,#4844,#4845,#4846,#4847,#4848,
    #4849,#4850,#4851,#4852,#4853,#4854),.UNSPECIFIED.,.F.,.F.,(4,1,1,1,
    1,1,1,1,1,1,1,1,1,1,1,1,1,1,1,4),(0.,5.083557895354E-02,
    0.107823372855,0.170963381733,0.240255605606,0.31570004449,
    0.397296698396,0.485045567335,0.578946651312,0.678999950336,
    0.785205464409,0.897563193537,1.016073137724,1.140735296972,
    1.271549671283,1.408516260661,1.551635065106,1.700906084621,
    1.856329319208,2.017904768867),.UNSPECIFIED.);
#4833 = CARTESIAN_POINT('',(5.237630732487,11.239538438482,0.));
#4834 = CARTESIAN_POINT('',(5.242042938918,11.255900093293,0.));
#4835 = CARTESIAN_POINT('',(5.25099943416,11.290709492613,0.));
#4836 = CARTESIAN_POINT('',(5.263953268042,11.346210876221,0.));
#4837 = CARTESIAN_POINT('',(5.276928602318,11.40800851481,0.));
#4838 = CARTESIAN_POINT('',(5.289645158097,11.476129826447,0.));
#4839 = CARTESIAN_POINT('',(5.301826216217,11.550590795777,0.));
#4840 = CARTESIAN_POINT('',(5.313192818659,11.631398783933,0.));
#4841 = CARTESIAN_POINT('',(5.323465920979,11.718551624758,0.));
#4842 = CARTESIAN_POINT('',(5.332366099448,11.812037873795,0.));
#4843 = CARTESIAN_POINT('',(5.339614002391,11.91183671696,0.));
#4844 = CARTESIAN_POINT('',(5.344930577876,12.017917991867,0.));
#4845 = CARTESIAN_POINT('',(5.348037368201,12.130242185754,0.));
#4846 = CARTESIAN_POINT('',(5.348656785002,12.248760450255,0.));
#4847 = CARTESIAN_POINT('',(5.346512387579,12.373414622333,0.));
#4848 = CARTESIAN_POINT('',(5.341329168208,12.504137249526,0.));
#4849 = CARTESIAN_POINT('',(5.332833800154,12.64085164004,0.));
#4850 = CARTESIAN_POINT('',(5.320755032776,12.783471851563,0.));
#4851 = CARTESIAN_POINT('',(5.304823494717,12.931902963449,0.));
#4852 = CARTESIAN_POINT('',(5.28477384455,13.086040260753,0.));
#4853 = CARTESIAN_POINT('',(5.268793166723,13.190501253857,0.));
#4854 = CARTESIAN_POINT('',(5.260065107935,13.243648102403,0.));
#4855 = VECTOR('',#4856,1.);
#4856 = DIRECTION('',(-0.,-0.,-1.));
#4857 = ADVANCED_FACE('',(#4858),#4878,.T.);
#4858 = FACE_BOUND('',#4859,.T.);
#4859 = EDGE_LOOP('',(#4860,#4861,#4862,#4872));
#4860 = ORIENTED_EDGE('',*,*,#2026,.F.);
#4861 = ORIENTED_EDGE('',*,*,#4826,.T.);
#4862 = ORIENTED_EDGE('',*,*,#4863,.F.);
#4863 = EDGE_CURVE('',#4864,#4784,#4866,.T.);
#4864 = VERTEX_POINT('',#4865);
#4865 = CARTESIAN_POINT('',(4.844947865102,13.401081306538,3.51));
#4866 = B_SPLINE_CURVE_WITH_KNOTS('',4,(#4867,#4868,#4869,#4870,#4871),
  .UNSPECIFIED.,.F.,.F.,(5,5),(0.,1.),.PIECEWISE_BEZIER_KNOTS.);
#4867 = CARTESIAN_POINT('',(4.844947865102,13.401081306538,3.51));
#4868 = CARTESIAN_POINT('',(4.94872717581,13.361723005504,3.51));
#4869 = CARTESIAN_POINT('',(5.052506486519,13.322364704471,3.51));
#4870 = CARTESIAN_POINT('',(5.156285797227,13.283006403437,3.51));
#4871 = CARTESIAN_POINT('',(5.260065107935,13.243648102403,3.51));
#4872 = ORIENTED_EDGE('',*,*,#4873,.F.);
#4873 = EDGE_CURVE('',#2027,#4864,#4874,.T.);
#4874 = LINE('',#4875,#4876);
#4875 = CARTESIAN_POINT('',(4.844947865102,13.401081306538,0.));
#4876 = VECTOR('',#4877,1.);
#4877 = DIRECTION('',(0.,0.,1.));
#4878 = SURFACE_OF_LINEAR_EXTRUSION('',#4879,#4882);
#4879 = B_SPLINE_CURVE_WITH_KNOTS('',1,(#4880,#4881),.UNSPECIFIED.,.F.,
  .F.,(2,2),(0.,0.443967948237),.PIECEWISE_BEZIER_KNOTS.);
#4880 = CARTESIAN_POINT('',(5.260065107935,13.243648102403,0.));
#4881 = CARTESIAN_POINT('',(4.844947865102,13.401081306538,0.));
#4882 = VECTOR('',#4883,1.);
#4883 = DIRECTION('',(-0.,-0.,-1.));
#4884 = ADVANCED_FACE('',(#4885),#4964,.T.);
#4885 = FACE_BOUND('',#4886,.T.);
#4886 = EDGE_LOOP('',(#4887,#4888,#4889,#4920,#4931,#4958));
#4887 = ORIENTED_EDGE('',*,*,#2033,.F.);
#4888 = ORIENTED_EDGE('',*,*,#4873,.T.);
#4889 = ORIENTED_EDGE('',*,*,#4890,.F.);
#4890 = EDGE_CURVE('',#4891,#4864,#4893,.T.);
#4891 = VERTEX_POINT('',#4892);
#4892 = CARTESIAN_POINT('',(4.795457165493,13.360449677085,3.51));
#4893 = B_SPLINE_CURVE_WITH_KNOTS('',7,(#4894,#4895,#4896,#4897,#4898,
    #4899,#4900,#4901,#4902,#4903,#4904,#4905,#4906,#4907,#4908,#4909,
    #4910,#4911,#4912,#4913,#4914,#4915,#4916,#4917,#4918,#4919),
  .UNSPECIFIED.,.F.,.F.,(8,6,6,6,8),(0.,6.50006405029E-02,0.27800384497,
    0.798008401284,1.),.UNSPECIFIED.);
#4894 = CARTESIAN_POINT('',(3.532769708508,11.886106939896,3.51));
#4895 = CARTESIAN_POINT('',(3.541115129548,11.902884372522,3.51));
#4896 = CARTESIAN_POINT('',(3.549627261945,11.919578281045,3.51));
#4897 = CARTESIAN_POINT('',(3.558297664075,11.93619082233,3.51));
#4898 = CARTESIAN_POINT('',(3.56712058483,11.95272324931,3.51));
#4899 = CARTESIAN_POINT('',(3.576086593551,11.969178491322,3.51));
#4900 = CARTESIAN_POINT('',(3.585184358076,11.985560398528,3.51));
#4901 = CARTESIAN_POINT('',(3.624644317433,12.055314091877,3.51));
#4902 = CARTESIAN_POINT('',(3.656253369078,12.107978401293,3.51));
#4903 = CARTESIAN_POINT('',(3.689033233561,12.159928362146,3.51));
#4904 = CARTESIAN_POINT('',(3.72286398626,12.211197344113,3.51));
#4905 = CARTESIAN_POINT('',(3.757657381636,12.261810161767,3.51));
#4906 = CARTESIAN_POINT('',(3.793336223362,12.311792222668,3.51));
#4907 = CARTESIAN_POINT('',(3.91897726531,12.481695160511,3.51));
#4908 = CARTESIAN_POINT('',(4.013034917095,12.598566342023,3.51));
#4909 = CARTESIAN_POINT('',(4.111174876795,12.712071979993,3.51));
#4910 = CARTESIAN_POINT('',(4.212924774711,12.822339432703,3.51));
#4911 = CARTESIAN_POINT('',(4.317882855879,12.92949642491,3.51));
#4912 = CARTESIAN_POINT('',(4.425758958785,13.033643812324,3.51));
#4913 = CARTESIAN_POINT('',(4.579268375068,13.174210266055,3.51));
#4914 = CARTESIAN_POINT('',(4.622619161051,13.213095580697,3.51));
#4915 = CARTESIAN_POINT('',(4.666357414475,13.251546264195,3.51));
#4916 = CARTESIAN_POINT('',(4.710471866074,13.289565641544,3.51));
#4917 = CARTESIAN_POINT('',(4.754950622922,13.327157759165,3.51));
#4918 = CARTESIAN_POINT('',(4.799780009879,13.364328067691,3.51));
#4919 = CARTESIAN_POINT('',(4.844947865102,13.401081306538,3.51));
#4920 = ORIENTED_EDGE('',*,*,#4921,.F.);
#4921 = EDGE_CURVE('',#4922,#4891,#4924,.T.);
#4922 = VERTEX_POINT('',#4923);
#4923 = CARTESIAN_POINT('',(4.795457165493,13.360449677085,4.));
#4924 = B_SPLINE_CURVE_WITH_KNOTS('',5,(#4925,#4926,#4927,#4928,#4929,
    #4930),.UNSPECIFIED.,.F.,.F.,(6,6),(0.,1.),
  .PIECEWISE_BEZIER_KNOTS.);
#4925 = CARTESIAN_POINT('',(4.795457165493,13.360449677085,4.0000006));
#4926 = CARTESIAN_POINT('',(4.795457165493,13.360449677085,
    3.893700524585));
#4927 = CARTESIAN_POINT('',(4.795457165493,13.360449677085,
    3.807051538322));
#4928 = CARTESIAN_POINT('',(4.795457165493,13.360449677085,
    3.699906479312));
#4929 = CARTESIAN_POINT('',(4.795457165493,13.360449677085,3.58119590178
    ));
#4930 = CARTESIAN_POINT('',(4.795457165493,13.360449677085,3.5099994));
#4931 = ORIENTED_EDGE('',*,*,#4932,.T.);
#4932 = EDGE_CURVE('',#4922,#4933,#4935,.T.);
#4933 = VERTEX_POINT('',#4934);
#4934 = CARTESIAN_POINT('',(3.532769708508,11.886106939896,4.));
#4935 = B_SPLINE_CURVE_WITH_KNOTS('',3,(#4936,#4937,#4938,#4939,#4940,
    #4941,#4942,#4943,#4944,#4945,#4946,#4947,#4948,#4949,#4950,#4951,
    #4952,#4953,#4954,#4955,#4956,#4957),.UNSPECIFIED.,.F.,.F.,(4,1,1,1,
    1,1,1,1,1,1,1,1,1,1,1,1,1,1,1,4),(0.,0.161575449659,0.316998684245,
    0.466269703761,0.609388508206,0.746355097584,0.877169471895,
    1.001831631143,1.120341575329,1.232699304458,1.338904818531,
    1.438958117555,1.532859201532,1.620608070471,1.702204724377,
    1.777649163261,1.846941387134,1.910081396012,1.967069189913,
    2.017904768867),.UNSPECIFIED.);
#4936 = CARTESIAN_POINT('',(4.844947865102,13.401081306538,4.));
#4937 = CARTESIAN_POINT('',(4.803171939804,13.367088092715,4.));
#4938 = CARTESIAN_POINT('',(4.721939779257,13.299495066173,4.));
#4939 = CARTESIAN_POINT('',(4.604720466288,13.197417019762,4.));
#4940 = CARTESIAN_POINT('',(4.494367505337,13.09687930102,4.));
#4941 = CARTESIAN_POINT('',(4.390751724346,12.998136244121,4.));
#4942 = CARTESIAN_POINT('',(4.293734439989,12.901437524438,4.));
#4943 = CARTESIAN_POINT('',(4.203169608544,12.807027343163,4.));
#4944 = CARTESIAN_POINT('',(4.118903498075,12.715144354077,4.));
#4945 = CARTESIAN_POINT('',(4.040774991603,12.626021409928,4.));
#4946 = CARTESIAN_POINT('',(3.968615739518,12.539885360465,4.));
#4947 = CARTESIAN_POINT('',(3.902250356406,12.456956844349,4.));
#4948 = CARTESIAN_POINT('',(3.841496615492,12.377450088919,4.));
#4949 = CARTESIAN_POINT('',(3.786165644766,12.301572716703,4.));
#4950 = CARTESIAN_POINT('',(3.736062148789,12.229525551693,4.));
#4951 = CARTESIAN_POINT('',(3.690984564973,12.161502452394,4.));
#4952 = CARTESIAN_POINT('',(3.650725461983,12.097690080891,4.));
#4953 = CARTESIAN_POINT('',(3.615071155408,12.038267910679,4.));
#4954 = CARTESIAN_POINT('',(3.583803918201,11.983407475827,4.));
#4955 = CARTESIAN_POINT('',(3.556695777056,11.933274112899,4.));
#4956 = CARTESIAN_POINT('',(3.540316908602,11.901279648437,4.));
#4957 = CARTESIAN_POINT('',(3.532769708508,11.886106939896,4.));
#4958 = ORIENTED_EDGE('',*,*,#4959,.F.);
#4959 = EDGE_CURVE('',#2034,#4933,#4960,.T.);
#4960 = LINE('',#4961,#4962);
#4961 = CARTESIAN_POINT('',(3.532769708508,11.886106939896,0.));
#4962 = VECTOR('',#4963,1.);
#4963 = DIRECTION('',(0.,0.,1.));
#4964 = SURFACE_OF_LINEAR_EXTRUSION('',#4965,#4988);
#4965 = B_SPLINE_CURVE_WITH_KNOTS('',3,(#4966,#4967,#4968,#4969,#4970,
    #4971,#4972,#4973,#4974,#4975,#4976,#4977,#4978,#4979,#4980,#4981,
    #4982,#4983,#4984,#4985,#4986,#4987),.UNSPECIFIED.,.F.,.F.,(4,1,1,1,
    1,1,1,1,1,1,1,1,1,1,1,1,1,1,1,4),(0.,0.161575449659,0.316998684245,
    0.466269703761,0.609388508206,0.746355097584,0.877169471895,
    1.001831631143,1.120341575329,1.232699304458,1.338904818531,
    1.438958117555,1.532859201532,1.620608070471,1.702204724377,
    1.777649163261,1.846941387134,1.910081396012,1.967069189913,
    2.017904768867),.UNSPECIFIED.);
#4966 = CARTESIAN_POINT('',(4.844947865102,13.401081306538,0.));
#4967 = CARTESIAN_POINT('',(4.803171939804,13.367088092715,0.));
#4968 = CARTESIAN_POINT('',(4.721939779257,13.299495066173,0.));
#4969 = CARTESIAN_POINT('',(4.604720466288,13.197417019762,0.));
#4970 = CARTESIAN_POINT('',(4.494367505337,13.09687930102,0.));
#4971 = CARTESIAN_POINT('',(4.390751724346,12.998136244121,0.));
#4972 = CARTESIAN_POINT('',(4.293734439989,12.901437524438,0.));
#4973 = CARTESIAN_POINT('',(4.203169608544,12.807027343163,0.));
#4974 = CARTESIAN_POINT('',(4.118903498075,12.715144354077,0.));
#4975 = CARTESIAN_POINT('',(4.040774991603,12.626021409928,0.));
#4976 = CARTESIAN_POINT('',(3.968615739518,12.539885360465,0.));
#4977 = CARTESIAN_POINT('',(3.902250356406,12.456956844349,0.));
#4978 = CARTESIAN_POINT('',(3.841496615492,12.377450088919,0.));
#4979 = CARTESIAN_POINT('',(3.786165644766,12.301572716703,0.));
#4980 = CARTESIAN_POINT('',(3.736062148789,12.229525551693,0.));
#4981 = CARTESIAN_POINT('',(3.690984564973,12.161502452394,0.));
#4982 = CARTESIAN_POINT('',(3.650725461983,12.097690080891,0.));
#4983 = CARTESIAN_POINT('',(3.615071155408,12.038267910679,0.));
#4984 = CARTESIAN_POINT('',(3.583803918201,11.983407475827,0.));
#4985 = CARTESIAN_POINT('',(3.556695777056,11.933274112899,0.));
#4986 = CARTESIAN_POINT('',(3.540316908602,11.901279648437,0.));
#4987 = CARTESIAN_POINT('',(3.532769708508,11.886106939896,0.));
#4988 = VECTOR('',#4989,1.);
#4989 = DIRECTION('',(-0.,-0.,-1.));
#4990 = ADVANCED_FACE('',(#4991),#5008,.T.);
#4991 = FACE_BOUND('',#4992,.T.);
#4992 = EDGE_LOOP('',(#4993,#4994,#5001,#5007));
#4993 = ORIENTED_EDGE('',*,*,#4959,.T.);
#4994 = ORIENTED_EDGE('',*,*,#4995,.T.);
#4995 = EDGE_CURVE('',#4933,#4996,#4998,.T.);
#4996 = VERTEX_POINT('',#4997);
#4997 = CARTESIAN_POINT('',(2.395637094717,12.166384956527,4.));
#4998 = B_SPLINE_CURVE_WITH_KNOTS('',1,(#4999,#5000),.UNSPECIFIED.,.F.,
  .F.,(2,2),(0.,1.171164526424),.PIECEWISE_BEZIER_KNOTS.);
#4999 = CARTESIAN_POINT('',(3.532769708508,11.886106939896,4.));
#5000 = CARTESIAN_POINT('',(2.395637094717,12.166384956527,4.));
#5001 = ORIENTED_EDGE('',*,*,#5002,.F.);
#5002 = EDGE_CURVE('',#2061,#4996,#5003,.T.);
#5003 = LINE('',#5004,#5005);
#5004 = CARTESIAN_POINT('',(2.395637094717,12.166384956527,0.));
#5005 = VECTOR('',#5006,1.);
#5006 = DIRECTION('',(0.,0.,1.));
#5007 = ORIENTED_EDGE('',*,*,#2060,.F.);
#5008 = SURFACE_OF_LINEAR_EXTRUSION('',#5009,#5012);
#5009 = B_SPLINE_CURVE_WITH_KNOTS('',1,(#5010,#5011),.UNSPECIFIED.,.F.,
  .F.,(2,2),(0.,1.171164526424),.PIECEWISE_BEZIER_KNOTS.);
#5010 = CARTESIAN_POINT('',(3.532769708508,11.886106939896,0.));
#5011 = CARTESIAN_POINT('',(2.395637094717,12.166384956527,0.));
#5012 = VECTOR('',#5013,1.);
#5013 = DIRECTION('',(-0.,-0.,-1.));
#5014 = ADVANCED_FACE('',(#5015),#5106,.T.);
#5015 = FACE_BOUND('',#5016,.T.);
#5016 = EDGE_LOOP('',(#5017,#5018,#5019,#5046,#5057,#5100));
#5017 = ORIENTED_EDGE('',*,*,#2067,.F.);
#5018 = ORIENTED_EDGE('',*,*,#5002,.T.);
#5019 = ORIENTED_EDGE('',*,*,#5020,.T.);
#5020 = EDGE_CURVE('',#4996,#5021,#5023,.T.);
#5021 = VERTEX_POINT('',#5022);
#5022 = CARTESIAN_POINT('',(1.962744110919,14.058650737359,4.));
#5023 = B_SPLINE_CURVE_WITH_KNOTS('',3,(#5024,#5025,#5026,#5027,#5028,
    #5029,#5030,#5031,#5032,#5033,#5034,#5035,#5036,#5037,#5038,#5039,
    #5040,#5041,#5042,#5043,#5044,#5045),.UNSPECIFIED.,.F.,.F.,(4,1,1,1,
    1,1,1,1,1,1,1,1,1,1,1,1,1,1,1,4),(0.,5.083557895354E-02,
    0.107823372855,0.170963381733,0.240255605606,0.31570004449,
    0.397296698396,0.485045567335,0.578946651312,0.678999950336,
    0.785205464409,0.897563193537,1.016073137724,1.140735296972,
    1.271549671283,1.408516260661,1.551635065106,1.700906084621,
    1.856329319208,2.017904768867),.UNSPECIFIED.);
#5024 = CARTESIAN_POINT('',(2.395637094717,12.166384956527,4.));
#5025 = CARTESIAN_POINT('',(2.396005490158,12.183327081499,4.));
#5026 = CARTESIAN_POINT('',(2.396371291404,12.219268412547,4.));
#5027 = CARTESIAN_POINT('',(2.395666359929,12.276257082178,4.));
#5028 = CARTESIAN_POINT('',(2.393475511642,12.339364194443,4.));
#5029 = CARTESIAN_POINT('',(2.389520050475,12.408549295563,4.));
#5030 = CARTESIAN_POINT('',(2.383527472846,12.483761682467,4.));
#5031 = CARTESIAN_POINT('',(2.375225165113,12.564941743364,4.));
#5032 = CARTESIAN_POINT('',(2.364342709755,12.652020595335,4.));
#5033 = CARTESIAN_POINT('',(2.350611541422,12.744920256002,4.));
#5034 = CARTESIAN_POINT('',(2.333765407031,12.843553662869,4.));
#5035 = CARTESIAN_POINT('',(2.313540581722,12.947824748516,4.));
#5036 = CARTESIAN_POINT('',(2.289676155291,13.05762850906,4.));
#5037 = CARTESIAN_POINT('',(2.261914295766,13.172851084336,4.));
#5038 = CARTESIAN_POINT('',(2.230000514638,13.29336984483,4.));
#5039 = CARTESIAN_POINT('',(2.193683937838,13.419053484467,4.));
#5040 = CARTESIAN_POINT('',(2.152717534555,13.549762128613,4.));
#5041 = CARTESIAN_POINT('',(2.106858503544,13.685347417751,4.));
#5042 = CARTESIAN_POINT('',(2.055868016885,13.825652724675,4.));
#5043 = CARTESIAN_POINT('',(1.999513503417,13.970512876904,4.));
#5044 = CARTESIAN_POINT('',(1.958998043087,14.068113996869,4.));
#5045 = CARTESIAN_POINT('',(1.937804732461,14.1176277334,4.));
#5046 = ORIENTED_EDGE('',*,*,#5047,.T.);
#5047 = EDGE_CURVE('',#5021,#5048,#5050,.T.);
#5048 = VERTEX_POINT('',#5049);
#5049 = CARTESIAN_POINT('',(1.962744110919,14.058650737359,3.51));
#5050 = B_SPLINE_CURVE_WITH_KNOTS('',5,(#5051,#5052,#5053,#5054,#5055,
    #5056),.UNSPECIFIED.,.F.,.F.,(6,6),(0.,1.),
  .PIECEWISE_BEZIER_KNOTS.);
#5051 = CARTESIAN_POINT('',(1.962744110919,14.058650737359,4.0000006));
#5052 = CARTESIAN_POINT('',(1.962744110919,14.058650737359,
    3.893700524585));
#5053 = CARTESIAN_POINT('',(1.962744110919,14.058650737359,
    3.807051538322));
#5054 = CARTESIAN_POINT('',(1.962744110919,14.058650737359,
    3.699906479312));
#5055 = CARTESIAN_POINT('',(1.962744110919,14.058650737359,3.58119590178
    ));
#5056 = CARTESIAN_POINT('',(1.962744110919,14.058650737359,3.5099994));
#5057 = ORIENTED_EDGE('',*,*,#5058,.F.);
#5058 = EDGE_CURVE('',#5059,#5048,#5061,.T.);
#5059 = VERTEX_POINT('',#5060);
#5060 = CARTESIAN_POINT('',(1.937804732461,14.1176277334,3.51));
#5061 = B_SPLINE_CURVE_WITH_KNOTS('',7,(#5062,#5063,#5064,#5065,#5066,
    #5067,#5068,#5069,#5070,#5071,#5072,#5073,#5074,#5075,#5076,#5077,
    #5078,#5079,#5080,#5081,#5082,#5083,#5084,#5085,#5086,#5087,#5088,
    #5089,#5090,#5091,#5092,#5093,#5094,#5095,#5096,#5097,#5098,#5099),
  .UNSPECIFIED.,.F.,.F.,(8,6,6,6,6,6,8),(0.,0.295998538489,
    0.591998255966,0.820999393951,0.894999573716,0.968999916493,1.),
  .UNSPECIFIED.);
#5062 = CARTESIAN_POINT('',(1.937804732461,14.1176277334,3.51));
#5063 = CARTESIAN_POINT('',(1.971381825086,14.039181880977,3.51));
#5064 = CARTESIAN_POINT('',(2.003899656774,13.960281001023,3.51));
#5065 = CARTESIAN_POINT('',(2.035314448006,13.880929504969,3.51));
#5066 = CARTESIAN_POINT('',(2.065584270621,13.801132042507,3.51));
#5067 = CARTESIAN_POINT('',(2.094677074518,13.720896862909,3.51));
#5068 = CARTESIAN_POINT('',(2.122533479955,13.640230378028,3.51));
#5069 = CARTESIAN_POINT('',(2.175670260216,13.47805252774,3.51));
#5070 = CARTESIAN_POINT('',(2.2009498717,13.396542070332,3.51));
#5071 = CARTESIAN_POINT('',(2.224885009023,13.314617785513,3.51));
#5072 = CARTESIAN_POINT('',(2.24741193614,13.232289972659,3.51));
#5073 = CARTESIAN_POINT('',(2.268458472388,13.149571434366,3.51));
#5074 = CARTESIAN_POINT('',(2.287939206395,13.066477397826,3.51));
#5075 = CARTESIAN_POINT('',(2.319522771369,12.91846286533,3.51));
#5076 = CARTESIAN_POINT('',(2.332297441307,12.853687657584,3.51));
#5077 = CARTESIAN_POINT('',(2.344021046346,12.788707042066,3.51));
#5078 = CARTESIAN_POINT('',(2.35463456736,12.723531323162,3.51));
#5079 = CARTESIAN_POINT('',(2.364069699826,12.658173959206,3.51));
#5080 = CARTESIAN_POINT('',(2.372240784986,12.592651815234,3.51));
#5081 = CARTESIAN_POINT('',(2.381221477163,12.50576622054,3.51));
#5082 = CARTESIAN_POINT('',(2.383269872592,12.484531786789,3.51));
#5083 = CARTESIAN_POINT('',(2.38517056086,12.463283108421,3.51));
#5084 = CARTESIAN_POINT('',(2.386917696228,12.442021155765,3.51));
#5085 = CARTESIAN_POINT('',(2.388506276666,12.420746889697,3.51));
#5086 = CARTESIAN_POINT('',(2.389932050837,12.399461277185,3.51));
#5087 = CARTESIAN_POINT('',(2.392442842087,12.356869988829,3.51));
#5088 = CARTESIAN_POINT('',(2.393527291706,12.335564486831,3.51));
#5089 = CARTESIAN_POINT('',(2.394437823195,12.314249816591,3.51));
#5090 = CARTESIAN_POINT('',(2.395159371617,12.292928437897,3.51));
#5091 = CARTESIAN_POINT('',(2.39569315399,12.271600682447,3.51));
#5092 = CARTESIAN_POINT('',(2.396023450882,12.250269545621,3.51));
#5093 = CARTESIAN_POINT('',(2.396183821039,12.220000833255,3.51));
#5094 = CARTESIAN_POINT('',(2.396193055399,12.211064193397,3.51));
#5095 = CARTESIAN_POINT('',(2.396163287722,12.202127559409,3.51));
#5096 = CARTESIAN_POINT('',(2.396093648347,12.193191119537,3.51));
#5097 = CARTESIAN_POINT('',(2.395983287032,12.184255069325,3.51));
#5098 = CARTESIAN_POINT('',(2.395831372955,12.175319611611,3.51));
#5099 = CARTESIAN_POINT('',(2.395637094717,12.166384956527,3.51));
#5100 = ORIENTED_EDGE('',*,*,#5101,.F.);
#5101 = EDGE_CURVE('',#2068,#5059,#5102,.T.);
#5102 = LINE('',#5103,#5104);
#5103 = CARTESIAN_POINT('',(1.937804732461,14.1176277334,0.));
#5104 = VECTOR('',#5105,1.);
#5105 = DIRECTION('',(0.,0.,1.));
#5106 = SURFACE_OF_LINEAR_EXTRUSION('',#5107,#5130);
#5107 = B_SPLINE_CURVE_WITH_KNOTS('',3,(#5108,#5109,#5110,#5111,#5112,
    #5113,#5114,#5115,#5116,#5117,#5118,#5119,#5120,#5121,#5122,#5123,
    #5124,#5125,#5126,#5127,#5128,#5129),.UNSPECIFIED.,.F.,.F.,(4,1,1,1,
    1,1,1,1,1,1,1,1,1,1,1,1,1,1,1,4),(0.,5.083557895354E-02,
    0.107823372855,0.170963381733,0.240255605606,0.31570004449,
    0.397296698396,0.485045567335,0.578946651312,0.678999950336,
    0.785205464409,0.897563193537,1.016073137724,1.140735296972,
    1.271549671283,1.408516260661,1.551635065106,1.700906084621,
    1.856329319208,2.017904768867),.UNSPECIFIED.);
#5108 = CARTESIAN_POINT('',(2.395637094717,12.166384956527,0.));
#5109 = CARTESIAN_POINT('',(2.396005490158,12.183327081499,0.));
#5110 = CARTESIAN_POINT('',(2.396371291404,12.219268412547,0.));
#5111 = CARTESIAN_POINT('',(2.395666359929,12.276257082178,0.));
#5112 = CARTESIAN_POINT('',(2.393475511642,12.339364194443,0.));
#5113 = CARTESIAN_POINT('',(2.389520050475,12.408549295563,0.));
#5114 = CARTESIAN_POINT('',(2.383527472846,12.483761682467,0.));
#5115 = CARTESIAN_POINT('',(2.375225165113,12.564941743364,0.));
#5116 = CARTESIAN_POINT('',(2.364342709755,12.652020595335,0.));
#5117 = CARTESIAN_POINT('',(2.350611541422,12.744920256002,0.));
#5118 = CARTESIAN_POINT('',(2.333765407031,12.843553662869,0.));
#5119 = CARTESIAN_POINT('',(2.313540581722,12.947824748516,0.));
#5120 = CARTESIAN_POINT('',(2.289676155291,13.05762850906,0.));
#5121 = CARTESIAN_POINT('',(2.261914295766,13.172851084336,0.));
#5122 = CARTESIAN_POINT('',(2.230000514638,13.29336984483,0.));
#5123 = CARTESIAN_POINT('',(2.193683937838,13.419053484467,0.));
#5124 = CARTESIAN_POINT('',(2.152717534555,13.549762128613,0.));
#5125 = CARTESIAN_POINT('',(2.106858503544,13.685347417751,0.));
#5126 = CARTESIAN_POINT('',(2.055868016885,13.825652724675,0.));
#5127 = CARTESIAN_POINT('',(1.999513503417,13.970512876904,0.));
#5128 = CARTESIAN_POINT('',(1.958998043087,14.068113996869,0.));
#5129 = CARTESIAN_POINT('',(1.937804732461,14.1176277334,0.));
#5130 = VECTOR('',#5131,1.);
#5131 = DIRECTION('',(-0.,-0.,-1.));
#5132 = ADVANCED_FACE('',(#5133),#5153,.T.);
#5133 = FACE_BOUND('',#5134,.T.);
#5134 = EDGE_LOOP('',(#5135,#5136,#5137,#5147));
#5135 = ORIENTED_EDGE('',*,*,#2094,.F.);
#5136 = ORIENTED_EDGE('',*,*,#5101,.T.);
#5137 = ORIENTED_EDGE('',*,*,#5138,.F.);
#5138 = EDGE_CURVE('',#5139,#5059,#5141,.T.);
#5139 = VERTEX_POINT('',#5140);
#5140 = CARTESIAN_POINT('',(1.497073810431,14.17114215602,3.51));
#5141 = B_SPLINE_CURVE_WITH_KNOTS('',4,(#5142,#5143,#5144,#5145,#5146),
  .UNSPECIFIED.,.F.,.F.,(5,5),(0.,1.),.PIECEWISE_BEZIER_KNOTS.);
#5142 = CARTESIAN_POINT('',(1.497073810431,14.17114215602,3.51));
#5143 = CARTESIAN_POINT('',(1.607256540938,14.157763550365,3.51));
#5144 = CARTESIAN_POINT('',(1.717439271446,14.14438494471,3.51));
#5145 = CARTESIAN_POINT('',(1.827622001953,14.131006339055,3.51));
#5146 = CARTESIAN_POINT('',(1.937804732461,14.1176277334,3.51));
#5147 = ORIENTED_EDGE('',*,*,#5148,.F.);
#5148 = EDGE_CURVE('',#2095,#5139,#5149,.T.);
#5149 = LINE('',#5150,#5151);
#5150 = CARTESIAN_POINT('',(1.497073810431,14.17114215602,0.));
#5151 = VECTOR('',#5152,1.);
#5152 = DIRECTION('',(0.,0.,1.));
#5153 = SURFACE_OF_LINEAR_EXTRUSION('',#5154,#5157);
#5154 = B_SPLINE_CURVE_WITH_KNOTS('',1,(#5155,#5156),.UNSPECIFIED.,.F.,
  .F.,(2,2),(0.,0.443967948237),.PIECEWISE_BEZIER_KNOTS.);
#5155 = CARTESIAN_POINT('',(1.937804732461,14.1176277334,0.));
#5156 = CARTESIAN_POINT('',(1.497073810431,14.17114215602,0.));
#5157 = VECTOR('',#5158,1.);
#5158 = DIRECTION('',(-0.,-0.,-1.));
#5159 = ADVANCED_FACE('',(#5160),#5239,.T.);
#5160 = FACE_BOUND('',#5161,.T.);
#5161 = EDGE_LOOP('',(#5162,#5163,#5164,#5195,#5206,#5233));
#5162 = ORIENTED_EDGE('',*,*,#2101,.F.);
#5163 = ORIENTED_EDGE('',*,*,#5148,.T.);
#5164 = ORIENTED_EDGE('',*,*,#5165,.F.);
#5165 = EDGE_CURVE('',#5166,#5139,#5168,.T.);
#5166 = VERTEX_POINT('',#5167);
#5167 = CARTESIAN_POINT('',(1.458745006,14.119847308221,3.51));
#5168 = B_SPLINE_CURVE_WITH_KNOTS('',7,(#5169,#5170,#5171,#5172,#5173,
    #5174,#5175,#5176,#5177,#5178,#5179,#5180,#5181,#5182,#5183,#5184,
    #5185,#5186,#5187,#5188,#5189,#5190,#5191,#5192,#5193,#5194),
  .UNSPECIFIED.,.F.,.F.,(8,6,6,6,8),(0.,6.500064050263E-02,
    0.278003844969,0.798008401284,1.),.UNSPECIFIED.);
#5169 = CARTESIAN_POINT('',(0.585582263212,12.38616540391,3.51));
#5170 = CARTESIAN_POINT('',(0.58967007905,12.404452504816,3.51));
#5171 = CARTESIAN_POINT('',(0.593939750542,12.422698405316,3.51));
#5172 = CARTESIAN_POINT('',(0.598382565191,12.440903179388,3.51));
#5173 = CARTESIAN_POINT('',(0.602992639158,12.459066667228,3.51));
#5174 = CARTESIAN_POINT('',(0.607760114788,12.477189456146,3.51));
#5175 = CARTESIAN_POINT('',(0.612673067805,12.495272572462,3.51));
#5176 = CARTESIAN_POINT('',(0.634293240998,12.572442736642,3.51));
#5177 = CARTESIAN_POINT('',(0.652380396857,12.631141258131,3.51));
#5178 = CARTESIAN_POINT('',(0.671775298663,12.689426382581,3.51));
#5179 = CARTESIAN_POINT('',(0.692353520696,12.747301810165,3.51));
#5180 = CARTESIAN_POINT('',(0.714023443159,12.80477051585,3.51));
#5181 = CARTESIAN_POINT('',(0.736704032481,12.861838694609,3.51));
#5182 = CARTESIAN_POINT('',(0.818033739659,13.05687243128,3.51));
#5183 = CARTESIAN_POINT('',(0.881389142586,13.19285701808,3.51));
#5184 = CARTESIAN_POINT('',(0.949513656268,13.326550818149,3.51));
#5185 = CARTESIAN_POINT('',(1.021918158378,13.457964443495,3.51));
#5186 = CARTESIAN_POINT('',(1.09818200169,13.587125761177,3.51));
#5187 = CARTESIAN_POINT('',(1.177999319898,13.714063256019,3.51));
#5188 = CARTESIAN_POINT('',(1.293408277286,13.887282312007,3.51));
#5189 = CARTESIAN_POINT('',(1.32619350331,13.935412212221,3.51));
#5190 = CARTESIAN_POINT('',(1.359458951717,13.983212837911,3.51));
#5191 = CARTESIAN_POINT('',(1.393192884981,14.030684720541,3.51));
#5192 = CARTESIAN_POINT('',(1.427382787392,14.077828942786,3.51));
#5193 = CARTESIAN_POINT('',(1.462014076761,14.124647524221,3.51));
#5194 = CARTESIAN_POINT('',(1.497073810431,14.17114215602,3.51));
#5195 = ORIENTED_EDGE('',*,*,#5196,.F.);
#5196 = EDGE_CURVE('',#5197,#5166,#5199,.T.);
#5197 = VERTEX_POINT('',#5198);
#5198 = CARTESIAN_POINT('',(1.458745006,14.119847308221,4.));
#5199 = B_SPLINE_CURVE_WITH_KNOTS('',5,(#5200,#5201,#5202,#5203,#5204,
    #5205),.UNSPECIFIED.,.F.,.F.,(6,6),(0.,1.),
  .PIECEWISE_BEZIER_KNOTS.);
#5200 = CARTESIAN_POINT('',(1.458745006,14.119847308221,4.0000006));
#5201 = CARTESIAN_POINT('',(1.458745006,14.119847308221,3.893700524585)
  );
#5202 = CARTESIAN_POINT('',(1.458745006,14.119847308221,3.807051538322)
  );
#5203 = CARTESIAN_POINT('',(1.458745006,14.119847308221,3.699906479312)
  );
#5204 = CARTESIAN_POINT('',(1.458745006,14.119847308221,3.58119590178));
#5205 = CARTESIAN_POINT('',(1.458745006,14.119847308221,3.5099994));
#5206 = ORIENTED_EDGE('',*,*,#5207,.T.);
#5207 = EDGE_CURVE('',#5197,#5208,#5210,.T.);
#5208 = VERTEX_POINT('',#5209);
#5209 = CARTESIAN_POINT('',(0.585582263212,12.38616540391,4.));
#5210 = B_SPLINE_CURVE_WITH_KNOTS('',3,(#5211,#5212,#5213,#5214,#5215,
    #5216,#5217,#5218,#5219,#5220,#5221,#5222,#5223,#5224,#5225,#5226,
    #5227,#5228,#5229,#5230,#5231,#5232),.UNSPECIFIED.,.F.,.F.,(4,1,1,1,
    1,1,1,1,1,1,1,1,1,1,1,1,1,1,1,4),(0.,0.161575449659,0.316998684245,
    0.466269703761,0.609388508206,0.746355097584,0.877169471895,
    1.001831631143,1.120341575329,1.232699304458,1.338904818531,
    1.438958117555,1.532859201532,1.620608070471,1.702204724377,
    1.777649163261,1.846941387134,1.910081396012,1.967069189913,
    2.017904768867),.UNSPECIFIED.);
#5211 = CARTESIAN_POINT('',(1.497073810431,14.17114215602,4.));
#5212 = CARTESIAN_POINT('',(1.464646926145,14.128139089896,4.));
#5213 = CARTESIAN_POINT('',(1.401951294598,14.043070065397,4.));
#5214 = CARTESIAN_POINT('',(1.312567037312,13.915905803746,4.));
#5215 = CARTESIAN_POINT('',(1.229480983795,13.791880336234,4.));
#5216 = CARTESIAN_POINT('',(1.152506849341,13.671209693651,4.));
#5217 = CARTESIAN_POINT('',(1.081450229283,13.554103107167,4.));
#5218 = CARTESIAN_POINT('',(1.016110882492,13.440762731378,4.));
#5219 = CARTESIAN_POINT('',(0.956282430616,13.331383494761,4.));
#5220 = CARTESIAN_POINT('',(0.901752713131,13.226152925968,4.));
#5221 = CARTESIAN_POINT('',(0.852303983664,13.125250994209,4.));
#5222 = CARTESIAN_POINT('',(0.807713150894,13.02884995431,4.));
#5223 = CARTESIAN_POINT('',(0.767752015266,12.93711419883,4.));
#5224 = CARTESIAN_POINT('',(0.732187505725,12.850200117134,4.));
#5225 = CARTESIAN_POINT('',(0.700781941437,12.768255960376,4.));
#5226 = CARTESIAN_POINT('',(0.673293223477,12.6914217168,4.));
#5227 = CARTESIAN_POINT('',(0.649475276928,12.619828982863,4.));
#5228 = CARTESIAN_POINT('',(0.629077675841,12.553600878859,4.));
#5229 = CARTESIAN_POINT('',(0.611847969131,12.492851848897,4.));
#5230 = CARTESIAN_POINT('',(0.597525240353,12.437687867577,4.));
#5231 = CARTESIAN_POINT('',(0.589279088565,12.40270338432,4.));
#5232 = CARTESIAN_POINT('',(0.585582263212,12.38616540391,4.));
#5233 = ORIENTED_EDGE('',*,*,#5234,.F.);
#5234 = EDGE_CURVE('',#2102,#5208,#5235,.T.);
#5235 = LINE('',#5236,#5237);
#5236 = CARTESIAN_POINT('',(0.585582263212,12.38616540391,0.));
#5237 = VECTOR('',#5238,1.);
#5238 = DIRECTION('',(0.,0.,1.));
#5239 = SURFACE_OF_LINEAR_EXTRUSION('',#5240,#5263);
#5240 = B_SPLINE_CURVE_WITH_KNOTS('',3,(#5241,#5242,#5243,#5244,#5245,
    #5246,#5247,#5248,#5249,#5250,#5251,#5252,#5253,#5254,#5255,#5256,
    #5257,#5258,#5259,#5260,#5261,#5262),.UNSPECIFIED.,.F.,.F.,(4,1,1,1,
    1,1,1,1,1,1,1,1,1,1,1,1,1,1,1,4),(0.,0.161575449659,0.316998684245,
    0.466269703761,0.609388508206,0.746355097584,0.877169471895,
    1.001831631143,1.120341575329,1.232699304458,1.338904818531,
    1.438958117555,1.532859201532,1.620608070471,1.702204724377,
    1.777649163261,1.846941387134,1.910081396012,1.967069189913,
    2.017904768867),.UNSPECIFIED.);
#5241 = CARTESIAN_POINT('',(1.497073810431,14.17114215602,0.));
#5242 = CARTESIAN_POINT('',(1.464646926145,14.128139089896,0.));
#5243 = CARTESIAN_POINT('',(1.401951294598,14.043070065397,0.));
#5244 = CARTESIAN_POINT('',(1.312567037312,13.915905803746,0.));
#5245 = CARTESIAN_POINT('',(1.229480983795,13.791880336234,0.));
#5246 = CARTESIAN_POINT('',(1.152506849341,13.671209693651,0.));
#5247 = CARTESIAN_POINT('',(1.081450229283,13.554103107167,0.));
#5248 = CARTESIAN_POINT('',(1.016110882492,13.440762731378,0.));
#5249 = CARTESIAN_POINT('',(0.956282430616,13.331383494761,0.));
#5250 = CARTESIAN_POINT('',(0.901752713131,13.226152925968,0.));
#5251 = CARTESIAN_POINT('',(0.852303983664,13.125250994209,0.));
#5252 = CARTESIAN_POINT('',(0.807713150894,13.02884995431,0.));
#5253 = CARTESIAN_POINT('',(0.767752015266,12.93711419883,0.));
#5254 = CARTESIAN_POINT('',(0.732187505725,12.850200117134,0.));
#5255 = CARTESIAN_POINT('',(0.700781941437,12.768255960376,0.));
#5256 = CARTESIAN_POINT('',(0.673293223477,12.6914217168,0.));
#5257 = CARTESIAN_POINT('',(0.649475276928,12.619828982863,0.));
#5258 = CARTESIAN_POINT('',(0.629077675841,12.553600878859,0.));
#5259 = CARTESIAN_POINT('',(0.611847969131,12.492851848897,0.));
#5260 = CARTESIAN_POINT('',(0.597525240353,12.437687867577,0.));
#5261 = CARTESIAN_POINT('',(0.589279088565,12.40270338432,0.));
#5262 = CARTESIAN_POINT('',(0.585582263212,12.38616540391,0.));
#5263 = VECTOR('',#5264,1.);
#5264 = DIRECTION('',(-0.,-0.,-1.));
#5265 = ADVANCED_FACE('',(#5266),#5283,.T.);
#5266 = FACE_BOUND('',#5267,.T.);
#5267 = EDGE_LOOP('',(#5268,#5269,#5276,#5282));
#5268 = ORIENTED_EDGE('',*,*,#5234,.T.);
#5269 = ORIENTED_EDGE('',*,*,#5270,.T.);
#5270 = EDGE_CURVE('',#5208,#5271,#5273,.T.);
#5271 = VERTEX_POINT('',#5272);
#5272 = CARTESIAN_POINT('',(-0.585582263212,12.38616540391,4.));
#5273 = B_SPLINE_CURVE_WITH_KNOTS('',1,(#5274,#5275),.UNSPECIFIED.,.F.,
  .F.,(2,2),(0.,1.171164526424),.PIECEWISE_BEZIER_KNOTS.);
#5274 = CARTESIAN_POINT('',(0.585582263212,12.38616540391,4.));
#5275 = CARTESIAN_POINT('',(-0.585582263212,12.38616540391,4.));
#5276 = ORIENTED_EDGE('',*,*,#5277,.F.);
#5277 = EDGE_CURVE('',#2129,#5271,#5278,.T.);
#5278 = LINE('',#5279,#5280);
#5279 = CARTESIAN_POINT('',(-0.585582263212,12.38616540391,0.));
#5280 = VECTOR('',#5281,1.);
#5281 = DIRECTION('',(0.,0.,1.));
#5282 = ORIENTED_EDGE('',*,*,#2128,.F.);
#5283 = SURFACE_OF_LINEAR_EXTRUSION('',#5284,#5287);
#5284 = B_SPLINE_CURVE_WITH_KNOTS('',1,(#5285,#5286),.UNSPECIFIED.,.F.,
  .F.,(2,2),(0.,1.171164526424),.PIECEWISE_BEZIER_KNOTS.);
#5285 = CARTESIAN_POINT('',(0.585582263212,12.38616540391,0.));
#5286 = CARTESIAN_POINT('',(-0.585582263212,12.38616540391,0.));
#5287 = VECTOR('',#5288,1.);
#5288 = DIRECTION('',(-0.,-0.,-1.));
#5289 = ADVANCED_FACE('',(#5290),#5381,.T.);
#5290 = FACE_BOUND('',#5291,.T.);
#5291 = EDGE_LOOP('',(#5292,#5293,#5294,#5321,#5332,#5375));
#5292 = ORIENTED_EDGE('',*,*,#2135,.F.);
#5293 = ORIENTED_EDGE('',*,*,#5277,.T.);
#5294 = ORIENTED_EDGE('',*,*,#5295,.T.);
#5295 = EDGE_CURVE('',#5271,#5296,#5298,.T.);
#5296 = VERTEX_POINT('',#5297);
#5297 = CARTESIAN_POINT('',(-1.458745006,14.119847308221,4.));
#5298 = B_SPLINE_CURVE_WITH_KNOTS('',3,(#5299,#5300,#5301,#5302,#5303,
    #5304,#5305,#5306,#5307,#5308,#5309,#5310,#5311,#5312,#5313,#5314,
    #5315,#5316,#5317,#5318,#5319,#5320),.UNSPECIFIED.,.F.,.F.,(4,1,1,1,
    1,1,1,1,1,1,1,1,1,1,1,1,1,1,1,4),(0.,5.083557895354E-02,
    0.107823372855,0.170963381733,0.240255605606,0.31570004449,
    0.397296698396,0.485045567335,0.578946651312,0.678999950336,
    0.785205464409,0.897563193537,1.016073137724,1.140735296972,
    1.271549671283,1.408516260661,1.551635065106,1.700906084621,
    1.856329319208,2.017904768867),.UNSPECIFIED.);
#5299 = CARTESIAN_POINT('',(-0.585582263212,12.38616540391,4.));
#5300 = CARTESIAN_POINT('',(-0.589279088565,12.40270338432,4.));
#5301 = CARTESIAN_POINT('',(-0.597525240353,12.437687867577,4.));
#5302 = CARTESIAN_POINT('',(-0.611847969131,12.492851848897,4.));
#5303 = CARTESIAN_POINT('',(-0.629077675841,12.553600878859,4.));
#5304 = CARTESIAN_POINT('',(-0.649475276928,12.619828982863,4.));
#5305 = CARTESIAN_POINT('',(-0.673293223477,12.6914217168,4.));
#5306 = CARTESIAN_POINT('',(-0.700781941437,12.768255960376,4.));
#5307 = CARTESIAN_POINT('',(-0.732187505725,12.850200117134,4.));
#5308 = CARTESIAN_POINT('',(-0.767752015266,12.93711419883,4.));
#5309 = CARTESIAN_POINT('',(-0.807713150894,13.02884995431,4.));
#5310 = CARTESIAN_POINT('',(-0.852303983664,13.125250994209,4.));
#5311 = CARTESIAN_POINT('',(-0.901752713131,13.226152925968,4.));
#5312 = CARTESIAN_POINT('',(-0.956282430616,13.331383494761,4.));
#5313 = CARTESIAN_POINT('',(-1.016110882492,13.440762731378,4.));
#5314 = CARTESIAN_POINT('',(-1.081450229283,13.554103107167,4.));
#5315 = CARTESIAN_POINT('',(-1.152506849341,13.671209693651,4.));
#5316 = CARTESIAN_POINT('',(-1.229480983795,13.791880336234,4.));
#5317 = CARTESIAN_POINT('',(-1.312567037312,13.915905803746,4.));
#5318 = CARTESIAN_POINT('',(-1.401951294598,14.043070065397,4.));
#5319 = CARTESIAN_POINT('',(-1.464646926145,14.128139089896,4.));
#5320 = CARTESIAN_POINT('',(-1.497073810431,14.17114215602,4.));
#5321 = ORIENTED_EDGE('',*,*,#5322,.T.);
#5322 = EDGE_CURVE('',#5296,#5323,#5325,.T.);
#5323 = VERTEX_POINT('',#5324);
#5324 = CARTESIAN_POINT('',(-1.458745006,14.119847308221,3.51));
#5325 = B_SPLINE_CURVE_WITH_KNOTS('',5,(#5326,#5327,#5328,#5329,#5330,
    #5331),.UNSPECIFIED.,.F.,.F.,(6,6),(0.,1.),
  .PIECEWISE_BEZIER_KNOTS.);
#5326 = CARTESIAN_POINT('',(-1.458745006,14.119847308221,4.0000006));
#5327 = CARTESIAN_POINT('',(-1.458745006,14.119847308221,3.893700524585)
  );
#5328 = CARTESIAN_POINT('',(-1.458745006,14.119847308221,3.807051538322)
  );
#5329 = CARTESIAN_POINT('',(-1.458745006,14.119847308221,3.699906479312)
  );
#5330 = CARTESIAN_POINT('',(-1.458745006,14.119847308221,3.58119590178)
  );
#5331 = CARTESIAN_POINT('',(-1.458745006,14.119847308221,3.5099994));
#5332 = ORIENTED_EDGE('',*,*,#5333,.F.);
#5333 = EDGE_CURVE('',#5334,#5323,#5336,.T.);
#5334 = VERTEX_POINT('',#5335);
#5335 = CARTESIAN_POINT('',(-1.497073810431,14.17114215602,3.51));
#5336 = B_SPLINE_CURVE_WITH_KNOTS('',7,(#5337,#5338,#5339,#5340,#5341,
    #5342,#5343,#5344,#5345,#5346,#5347,#5348,#5349,#5350,#5351,#5352,
    #5353,#5354,#5355,#5356,#5357,#5358,#5359,#5360,#5361,#5362,#5363,
    #5364,#5365,#5366,#5367,#5368,#5369,#5370,#5371,#5372,#5373,#5374),
  .UNSPECIFIED.,.F.,.F.,(8,6,6,6,6,6,8),(0.,0.29599853849,0.591998255967
    ,0.820999393951,0.894999573716,0.968999916493,1.),.UNSPECIFIED.);
#5337 = CARTESIAN_POINT('',(-1.497073810431,14.17114215602,3.51));
#5338 = CARTESIAN_POINT('',(-1.44569908581,14.103011321726,3.51));
#5339 = CARTESIAN_POINT('',(-1.395243946714,14.034185184439,3.51));
#5340 = CARTESIAN_POINT('',(-1.345751956228,13.964657550275,3.51));
#5341 = CARTESIAN_POINT('',(-1.297264936911,13.894422899756,3.51));
#5342 = CARTESIAN_POINT('',(-1.249815981714,13.823481572344,3.51));
#5343 = CARTESIAN_POINT('',(-1.203464279378,13.751825583081,3.51));
#5344 = CARTESIAN_POINT('',(-1.113059857405,13.607076790242,3.51));
#5345 = CARTESIAN_POINT('',(-1.069008096225,13.533984685602,3.51));
#5346 = CARTESIAN_POINT('',(-1.026162705851,13.460169024897,3.51));
#5347 = CARTESIAN_POINT('',(-0.984588035071,13.385624555187,3.51));
#5348 = CARTESIAN_POINT('',(-0.944357230976,13.310346433085,3.51));
#5349 = CARTESIAN_POINT('',(-0.905556867141,13.23432900303,3.51));
#5350 = CARTESIAN_POINT('',(-0.839468866997,13.098173945675,3.51));
#5351 = CARTESIAN_POINT('',(-0.811563683879,13.038338166364,3.51));
#5352 = CARTESIAN_POINT('',(-0.784629866327,12.978051411763,3.51));
#5353 = CARTESIAN_POINT('',(-0.758727184479,12.91730956263,3.51));
#5354 = CARTESIAN_POINT('',(-0.733925178844,12.856109339883,3.51));
#5355 = CARTESIAN_POINT('',(-0.710311055158,12.794446619006,3.51));
#5356 = CARTESIAN_POINT('',(-0.680798241763,12.712234982099,3.51));
#5357 = CARTESIAN_POINT('',(-0.673727636363,12.692107795514,3.51));
#5358 = CARTESIAN_POINT('',(-0.666797037063,12.671931429597,3.51));
#5359 = CARTESIAN_POINT('',(-0.660012351949,12.651705427504,3.51));
#5360 = CARTESIAN_POINT('',(-0.653378667655,12.631429525127,3.51));
#5361 = CARTESIAN_POINT('',(-0.646900343393,12.611103643922,3.51));
#5362 = CARTESIAN_POINT('',(-0.634269748707,12.570350852675,3.51));
#5363 = CARTESIAN_POINT('',(-0.62811807086,12.549923975625,3.51));
#5364 = CARTESIAN_POINT('',(-0.622133063294,12.529446575412,3.51));
#5365 = CARTESIAN_POINT('',(-0.616329941853,12.508917435073,3.51));
#5366 = CARTESIAN_POINT('',(-0.610707604261,12.488337167918,3.51));
#5367 = CARTESIAN_POINT('',(-0.605282030017,12.467704920381,3.51));
#5368 = CARTESIAN_POINT('',(-0.597882542919,12.438354140876,3.51));
#5369 = CARTESIAN_POINT('',(-0.595734898988,12.429679393457,3.51));
#5370 = CARTESIAN_POINT('',(-0.593625125171,12.42099531794,3.51));
#5371 = CARTESIAN_POINT('',(-0.591554110908,12.412301888976,3.51));
#5372 = CARTESIAN_POINT('',(-0.589522728531,12.403599092951,3.51));
#5373 = CARTESIAN_POINT('',(-0.587531833262,12.39488692798,3.51));
#5374 = CARTESIAN_POINT('',(-0.585582263212,12.38616540391,3.51));
#5375 = ORIENTED_EDGE('',*,*,#5376,.F.);
#5376 = EDGE_CURVE('',#2136,#5334,#5377,.T.);
#5377 = LINE('',#5378,#5379);
#5378 = CARTESIAN_POINT('',(-1.497073810431,14.17114215602,0.));
#5379 = VECTOR('',#5380,1.);
#5380 = DIRECTION('',(0.,0.,1.));
#5381 = SURFACE_OF_LINEAR_EXTRUSION('',#5382,#5405);
#5382 = B_SPLINE_CURVE_WITH_KNOTS('',3,(#5383,#5384,#5385,#5386,#5387,
    #5388,#5389,#5390,#5391,#5392,#5393,#5394,#5395,#5396,#5397,#5398,
    #5399,#5400,#5401,#5402,#5403,#5404),.UNSPECIFIED.,.F.,.F.,(4,1,1,1,
    1,1,1,1,1,1,1,1,1,1,1,1,1,1,1,4),(0.,5.083557895354E-02,
    0.107823372855,0.170963381733,0.240255605606,0.31570004449,
    0.397296698396,0.485045567335,0.578946651312,0.678999950336,
    0.785205464409,0.897563193537,1.016073137724,1.140735296972,
    1.271549671283,1.408516260661,1.551635065106,1.700906084621,
    1.856329319208,2.017904768867),.UNSPECIFIED.);
#5383 = CARTESIAN_POINT('',(-0.585582263212,12.38616540391,0.));
#5384 = CARTESIAN_POINT('',(-0.589279088565,12.40270338432,0.));
#5385 = CARTESIAN_POINT('',(-0.597525240353,12.437687867577,0.));
#5386 = CARTESIAN_POINT('',(-0.611847969131,12.492851848897,0.));
#5387 = CARTESIAN_POINT('',(-0.629077675841,12.553600878859,0.));
#5388 = CARTESIAN_POINT('',(-0.649475276928,12.619828982863,0.));
#5389 = CARTESIAN_POINT('',(-0.673293223477,12.6914217168,0.));
#5390 = CARTESIAN_POINT('',(-0.700781941437,12.768255960376,0.));
#5391 = CARTESIAN_POINT('',(-0.732187505725,12.850200117134,0.));
#5392 = CARTESIAN_POINT('',(-0.767752015266,12.93711419883,0.));
#5393 = CARTESIAN_POINT('',(-0.807713150894,13.02884995431,0.));
#5394 = CARTESIAN_POINT('',(-0.852303983664,13.125250994209,0.));
#5395 = CARTESIAN_POINT('',(-0.901752713131,13.226152925968,0.));
#5396 = CARTESIAN_POINT('',(-0.956282430616,13.331383494761,0.));
#5397 = CARTESIAN_POINT('',(-1.016110882492,13.440762731378,0.));
#5398 = CARTESIAN_POINT('',(-1.081450229283,13.554103107167,0.));
#5399 = CARTESIAN_POINT('',(-1.152506849341,13.671209693651,0.));
#5400 = CARTESIAN_POINT('',(-1.229480983795,13.791880336234,0.));
#5401 = CARTESIAN_POINT('',(-1.312567037312,13.915905803746,0.));
#5402 = CARTESIAN_POINT('',(-1.401951294598,14.043070065397,0.));
#5403 = CARTESIAN_POINT('',(-1.464646926145,14.128139089896,0.));
#5404 = CARTESIAN_POINT('',(-1.497073810431,14.17114215602,0.));
#5405 = VECTOR('',#5406,1.);
#5406 = DIRECTION('',(-0.,-0.,-1.));
#5407 = ADVANCED_FACE('',(#5408),#5428,.T.);
#5408 = FACE_BOUND('',#5409,.T.);
#5409 = EDGE_LOOP('',(#5410,#5411,#5412,#5422));
#5410 = ORIENTED_EDGE('',*,*,#2162,.F.);
#5411 = ORIENTED_EDGE('',*,*,#5376,.T.);
#5412 = ORIENTED_EDGE('',*,*,#5413,.F.);
#5413 = EDGE_CURVE('',#5414,#5334,#5416,.T.);
#5414 = VERTEX_POINT('',#5415);
#5415 = CARTESIAN_POINT('',(-1.937804732461,14.1176277334,3.51));
#5416 = B_SPLINE_CURVE_WITH_KNOTS('',4,(#5417,#5418,#5419,#5420,#5421),
  .UNSPECIFIED.,.F.,.F.,(5,5),(0.,1.),.PIECEWISE_BEZIER_KNOTS.);
#5417 = CARTESIAN_POINT('',(-1.937804732461,14.1176277334,3.51));
#5418 = CARTESIAN_POINT('',(-1.827622001953,14.131006339055,3.51));
#5419 = CARTESIAN_POINT('',(-1.717439271446,14.14438494471,3.51));
#5420 = CARTESIAN_POINT('',(-1.607256540938,14.157763550365,3.51));
#5421 = CARTESIAN_POINT('',(-1.497073810431,14.17114215602,3.51));
#5422 = ORIENTED_EDGE('',*,*,#5423,.F.);
#5423 = EDGE_CURVE('',#2163,#5414,#5424,.T.);
#5424 = LINE('',#5425,#5426);
#5425 = CARTESIAN_POINT('',(-1.937804732461,14.1176277334,0.));
#5426 = VECTOR('',#5427,1.);
#5427 = DIRECTION('',(0.,0.,1.));
#5428 = SURFACE_OF_LINEAR_EXTRUSION('',#5429,#5432);
#5429 = B_SPLINE_CURVE_WITH_KNOTS('',1,(#5430,#5431),.UNSPECIFIED.,.F.,
  .F.,(2,2),(0.,0.443967948237),.PIECEWISE_BEZIER_KNOTS.);
#5430 = CARTESIAN_POINT('',(-1.497073810431,14.17114215602,0.));
#5431 = CARTESIAN_POINT('',(-1.937804732461,14.1176277334,0.));
#5432 = VECTOR('',#5433,1.);
#5433 = DIRECTION('',(-0.,-0.,-1.));
#5434 = ADVANCED_FACE('',(#5435),#5514,.T.);
#5435 = FACE_BOUND('',#5436,.T.);
#5436 = EDGE_LOOP('',(#5437,#5438,#5439,#5470,#5481,#5508));
#5437 = ORIENTED_EDGE('',*,*,#2169,.F.);
#5438 = ORIENTED_EDGE('',*,*,#5423,.T.);
#5439 = ORIENTED_EDGE('',*,*,#5440,.F.);
#5440 = EDGE_CURVE('',#5441,#5414,#5443,.T.);
#5441 = VERTEX_POINT('',#5442);
#5442 = CARTESIAN_POINT('',(-1.962744110919,14.058650737359,3.51));
#5443 = B_SPLINE_CURVE_WITH_KNOTS('',7,(#5444,#5445,#5446,#5447,#5448,
    #5449,#5450,#5451,#5452,#5453,#5454,#5455,#5456,#5457,#5458,#5459,
    #5460,#5461,#5462,#5463,#5464,#5465,#5466,#5467,#5468,#5469),
  .UNSPECIFIED.,.F.,.F.,(8,6,6,6,8),(0.,6.500064050265E-02,
    0.278003844969,0.798008401284,1.),.UNSPECIFIED.);
#5444 = CARTESIAN_POINT('',(-2.395637094717,12.166384956527,3.51));
#5445 = CARTESIAN_POINT('',(-2.396044453078,12.185118945879,3.51));
#5446 = CARTESIAN_POINT('',(-2.39626538028,12.20385645294,3.51));
#5447 = CARTESIAN_POINT('',(-2.39630835335,12.222595464503,3.51));
#5448 = CARTESIAN_POINT('',(-2.396179046912,12.241334417312,3.51));
#5449 = CARTESIAN_POINT('',(-2.395887172728,12.260071522518,3.51));
#5450 = CARTESIAN_POINT('',(-2.39544455419,12.278804922953,3.51));
#5451 = CARTESIAN_POINT('',(-2.392920653041,12.358906708523,3.51));
#5452 = CARTESIAN_POINT('',(-2.389406552722,12.420228097377,3.51));
#5453 = CARTESIAN_POINT('',(-2.38452377479,12.481461065849,3.51));
#5454 = CARTESIAN_POINT('',(-2.378394014888,12.542579429567,3.51));
#5455 = CARTESIAN_POINT('',(-2.371106942465,12.603564151,3.51));
#5456 = CARTESIAN_POINT('',(-2.362742718958,12.664401852501,3.51));
#5457 = CARTESIAN_POINT('',(-2.330450933509,12.873231736143,3.51));
#5458 = CARTESIAN_POINT('',(-2.301479765171,13.020426798331,3.51));
#5459 = CARTESIAN_POINT('',(-2.267329846619,13.166538962793,3.51));
#5460 = CARTESIAN_POINT('',(-2.228478626796,13.311461478543,3.51));
#5461 = CARTESIAN_POINT('',(-2.18534119871,13.455120735396,3.51));
#5462 = CARTESIAN_POINT('',(-2.138221357607,13.597471191867,3.51));
#5463 = CARTESIAN_POINT('',(-2.067620008225,13.793275988202,3.51));
#5464 = CARTESIAN_POINT('',(-2.047305700327,13.847853339134,3.51));
#5465 = CARTESIAN_POINT('',(-2.026446323883,13.902225908398,3.51));
#5466 = CARTESIAN_POINT('',(-2.005053402537,13.956391403044,3.51));
#5467 = CARTESIAN_POINT('',(-1.983139347417,14.010347879079,3.51));
#5468 = CARTESIAN_POINT('',(-1.960718800294,14.064093807647,3.51));
#5469 = CARTESIAN_POINT('',(-1.937804732461,14.1176277334,3.51));
#5470 = ORIENTED_EDGE('',*,*,#5471,.F.);
#5471 = EDGE_CURVE('',#5472,#5441,#5474,.T.);
#5472 = VERTEX_POINT('',#5473);
#5473 = CARTESIAN_POINT('',(-1.962744110919,14.058650737359,4.));
#5474 = B_SPLINE_CURVE_WITH_KNOTS('',5,(#5475,#5476,#5477,#5478,#5479,
    #5480),.UNSPECIFIED.,.F.,.F.,(6,6),(0.,1.),
  .PIECEWISE_BEZIER_KNOTS.);
#5475 = CARTESIAN_POINT('',(-1.962744110919,14.058650737359,4.0000006));
#5476 = CARTESIAN_POINT('',(-1.962744110919,14.058650737359,
    3.893700524585));
#5477 = CARTESIAN_POINT('',(-1.962744110919,14.058650737359,
    3.807051538322));
#5478 = CARTESIAN_POINT('',(-1.962744110919,14.058650737359,
    3.699906479312));
#5479 = CARTESIAN_POINT('',(-1.962744110919,14.058650737359,
    3.58119590178));
#5480 = CARTESIAN_POINT('',(-1.962744110919,14.058650737359,3.5099994));
#5481 = ORIENTED_EDGE('',*,*,#5482,.T.);
#5482 = EDGE_CURVE('',#5472,#5483,#5485,.T.);
#5483 = VERTEX_POINT('',#5484);
#5484 = CARTESIAN_POINT('',(-2.395637094717,12.166384956527,4.));
#5485 = B_SPLINE_CURVE_WITH_KNOTS('',3,(#5486,#5487,#5488,#5489,#5490,
    #5491,#5492,#5493,#5494,#5495,#5496,#5497,#5498,#5499,#5500,#5501,
    #5502,#5503,#5504,#5505,#5506,#5507),.UNSPECIFIED.,.F.,.F.,(4,1,1,1,
    1,1,1,1,1,1,1,1,1,1,1,1,1,1,1,4),(0.,0.161575449659,0.316998684245,
    0.466269703761,0.609388508206,0.746355097584,0.877169471895,
    1.001831631143,1.120341575329,1.232699304458,1.338904818531,
    1.438958117555,1.532859201532,1.620608070471,1.702204724377,
    1.777649163261,1.846941387134,1.910081396012,1.967069189913,
    2.017904768867),.UNSPECIFIED.);
#5486 = CARTESIAN_POINT('',(-1.937804732461,14.1176277334,4.));
#5487 = CARTESIAN_POINT('',(-1.958998043087,14.068113996869,4.));
#5488 = CARTESIAN_POINT('',(-1.999513503417,13.970512876904,4.));
#5489 = CARTESIAN_POINT('',(-2.055868016885,13.825652724675,4.));
#5490 = CARTESIAN_POINT('',(-2.106858503544,13.685347417751,4.));
#5491 = CARTESIAN_POINT('',(-2.152717534555,13.549762128613,4.));
#5492 = CARTESIAN_POINT('',(-2.193683937838,13.419053484467,4.));
#5493 = CARTESIAN_POINT('',(-2.230000514638,13.29336984483,4.));
#5494 = CARTESIAN_POINT('',(-2.261914295766,13.172851084336,4.));
#5495 = CARTESIAN_POINT('',(-2.289676155291,13.05762850906,4.));
#5496 = CARTESIAN_POINT('',(-2.313540581722,12.947824748516,4.));
#5497 = CARTESIAN_POINT('',(-2.333765407031,12.843553662869,4.));
#5498 = CARTESIAN_POINT('',(-2.350611541422,12.744920256002,4.));
#5499 = CARTESIAN_POINT('',(-2.364342709755,12.652020595335,4.));
#5500 = CARTESIAN_POINT('',(-2.375225165113,12.564941743364,4.));
#5501 = CARTESIAN_POINT('',(-2.383527472846,12.483761682467,4.));
#5502 = CARTESIAN_POINT('',(-2.389520050475,12.408549295563,4.));
#5503 = CARTESIAN_POINT('',(-2.393475511642,12.339364194443,4.));
#5504 = CARTESIAN_POINT('',(-2.395666359929,12.276257082178,4.));
#5505 = CARTESIAN_POINT('',(-2.396371291404,12.219268412547,4.));
#5506 = CARTESIAN_POINT('',(-2.396005490158,12.183327081499,4.));
#5507 = CARTESIAN_POINT('',(-2.395637094717,12.166384956527,4.));
#5508 = ORIENTED_EDGE('',*,*,#5509,.F.);
#5509 = EDGE_CURVE('',#2170,#5483,#5510,.T.);
#5510 = LINE('',#5511,#5512);
#5511 = CARTESIAN_POINT('',(-2.395637094717,12.166384956527,0.));
#5512 = VECTOR('',#5513,1.);
#5513 = DIRECTION('',(0.,0.,1.));
#5514 = SURFACE_OF_LINEAR_EXTRUSION('',#5515,#5538);
#5515 = B_SPLINE_CURVE_WITH_KNOTS('',3,(#5516,#5517,#5518,#5519,#5520,
    #5521,#5522,#5523,#5524,#5525,#5526,#5527,#5528,#5529,#5530,#5531,
    #5532,#5533,#5534,#5535,#5536,#5537),.UNSPECIFIED.,.F.,.F.,(4,1,1,1,
    1,1,1,1,1,1,1,1,1,1,1,1,1,1,1,4),(0.,0.161575449659,0.316998684245,
    0.466269703761,0.609388508206,0.746355097584,0.877169471895,
    1.001831631143,1.120341575329,1.232699304458,1.338904818531,
    1.438958117555,1.532859201532,1.620608070471,1.702204724377,
    1.777649163261,1.846941387134,1.910081396012,1.967069189913,
    2.017904768867),.UNSPECIFIED.);
#5516 = CARTESIAN_POINT('',(-1.937804732461,14.1176277334,0.));
#5517 = CARTESIAN_POINT('',(-1.958998043087,14.068113996869,0.));
#5518 = CARTESIAN_POINT('',(-1.999513503417,13.970512876904,0.));
#5519 = CARTESIAN_POINT('',(-2.055868016885,13.825652724675,0.));
#5520 = CARTESIAN_POINT('',(-2.106858503544,13.685347417751,0.));
#5521 = CARTESIAN_POINT('',(-2.152717534555,13.549762128613,0.));
#5522 = CARTESIAN_POINT('',(-2.193683937838,13.419053484467,0.));
#5523 = CARTESIAN_POINT('',(-2.230000514638,13.29336984483,0.));
#5524 = CARTESIAN_POINT('',(-2.261914295766,13.172851084336,0.));
#5525 = CARTESIAN_POINT('',(-2.289676155291,13.05762850906,0.));
#5526 = CARTESIAN_POINT('',(-2.313540581722,12.947824748516,0.));
#5527 = CARTESIAN_POINT('',(-2.333765407031,12.843553662869,0.));
#5528 = CARTESIAN_POINT('',(-2.350611541422,12.744920256002,0.));
#5529 = CARTESIAN_POINT('',(-2.364342709755,12.652020595335,0.));
#5530 = CARTESIAN_POINT('',(-2.375225165113,12.564941743364,0.));
#5531 = CARTESIAN_POINT('',(-2.383527472846,12.483761682467,0.));
#5532 = CARTESIAN_POINT('',(-2.389520050475,12.408549295563,0.));
#5533 = CARTESIAN_POINT('',(-2.393475511642,12.339364194443,0.));
#5534 = CARTESIAN_POINT('',(-2.395666359929,12.276257082178,0.));
#5535 = CARTESIAN_POINT('',(-2.396371291404,12.219268412547,0.));
#5536 = CARTESIAN_POINT('',(-2.396005490158,12.183327081499,0.));
#5537 = CARTESIAN_POINT('',(-2.395637094717,12.166384956527,0.));
#5538 = VECTOR('',#5539,1.);
#5539 = DIRECTION('',(-0.,-0.,-1.));
#5540 = ADVANCED_FACE('',(#5541),#5558,.T.);
#5541 = FACE_BOUND('',#5542,.T.);
#5542 = EDGE_LOOP('',(#5543,#5544,#5551,#5557));
#5543 = ORIENTED_EDGE('',*,*,#5509,.T.);
#5544 = ORIENTED_EDGE('',*,*,#5545,.T.);
#5545 = EDGE_CURVE('',#5483,#5546,#5548,.T.);
#5546 = VERTEX_POINT('',#5547);
#5547 = CARTESIAN_POINT('',(-3.532769708508,11.886106939896,4.));
#5548 = B_SPLINE_CURVE_WITH_KNOTS('',1,(#5549,#5550),.UNSPECIFIED.,.F.,
  .F.,(2,2),(0.,1.171164526424),.PIECEWISE_BEZIER_KNOTS.);
#5549 = CARTESIAN_POINT('',(-2.395637094717,12.166384956527,4.));
#5550 = CARTESIAN_POINT('',(-3.532769708508,11.886106939896,4.));
#5551 = ORIENTED_EDGE('',*,*,#5552,.F.);
#5552 = EDGE_CURVE('',#2197,#5546,#5553,.T.);
#5553 = LINE('',#5554,#5555);
#5554 = CARTESIAN_POINT('',(-3.532769708508,11.886106939896,0.));
#5555 = VECTOR('',#5556,1.);
#5556 = DIRECTION('',(0.,0.,1.));
#5557 = ORIENTED_EDGE('',*,*,#2196,.F.);
#5558 = SURFACE_OF_LINEAR_EXTRUSION('',#5559,#5562);
#5559 = B_SPLINE_CURVE_WITH_KNOTS('',1,(#5560,#5561),.UNSPECIFIED.,.F.,
  .F.,(2,2),(0.,1.171164526424),.PIECEWISE_BEZIER_KNOTS.);
#5560 = CARTESIAN_POINT('',(-2.395637094717,12.166384956527,0.));
#5561 = CARTESIAN_POINT('',(-3.532769708508,11.886106939896,0.));
#5562 = VECTOR('',#5563,1.);
#5563 = DIRECTION('',(-0.,-0.,-1.));
#5564 = ADVANCED_FACE('',(#5565),#5656,.T.);
#5565 = FACE_BOUND('',#5566,.T.);
#5566 = EDGE_LOOP('',(#5567,#5568,#5569,#5596,#5607,#5650));
#5567 = ORIENTED_EDGE('',*,*,#2203,.F.);
#5568 = ORIENTED_EDGE('',*,*,#5552,.T.);
#5569 = ORIENTED_EDGE('',*,*,#5570,.T.);
#5570 = EDGE_CURVE('',#5546,#5571,#5573,.T.);
#5571 = VERTEX_POINT('',#5572);
#5572 = CARTESIAN_POINT('',(-4.795457165493,13.360449677085,4.));
#5573 = B_SPLINE_CURVE_WITH_KNOTS('',3,(#5574,#5575,#5576,#5577,#5578,
    #5579,#5580,#5581,#5582,#5583,#5584,#5585,#5586,#5587,#5588,#5589,
    #5590,#5591,#5592,#5593,#5594,#5595),.UNSPECIFIED.,.F.,.F.,(4,1,1,1,
    1,1,1,1,1,1,1,1,1,1,1,1,1,1,1,4),(0.,5.083557895354E-02,
    0.107823372855,0.170963381733,0.240255605606,0.31570004449,
    0.397296698396,0.485045567335,0.578946651312,0.678999950336,
    0.785205464409,0.897563193537,1.016073137724,1.140735296972,
    1.271549671283,1.408516260661,1.551635065106,1.700906084621,
    1.856329319208,2.017904768867),.UNSPECIFIED.);
#5574 = CARTESIAN_POINT('',(-3.532769708508,11.886106939896,4.));
#5575 = CARTESIAN_POINT('',(-3.540316908602,11.901279648437,4.));
#5576 = CARTESIAN_POINT('',(-3.556695777056,11.933274112899,4.));
#5577 = CARTESIAN_POINT('',(-3.583803918201,11.983407475827,4.));
#5578 = CARTESIAN_POINT('',(-3.615071155408,12.038267910679,4.));
#5579 = CARTESIAN_POINT('',(-3.650725461983,12.097690080891,4.));
#5580 = CARTESIAN_POINT('',(-3.690984564973,12.161502452394,4.));
#5581 = CARTESIAN_POINT('',(-3.736062148789,12.229525551693,4.));
#5582 = CARTESIAN_POINT('',(-3.786165644766,12.301572716703,4.));
#5583 = CARTESIAN_POINT('',(-3.841496615492,12.377450088919,4.));
#5584 = CARTESIAN_POINT('',(-3.902250356406,12.456956844349,4.));
#5585 = CARTESIAN_POINT('',(-3.968615739518,12.539885360465,4.));
#5586 = CARTESIAN_POINT('',(-4.040774991603,12.626021409928,4.));
#5587 = CARTESIAN_POINT('',(-4.118903498075,12.715144354077,4.));
#5588 = CARTESIAN_POINT('',(-4.203169608544,12.807027343163,4.));
#5589 = CARTESIAN_POINT('',(-4.293734439989,12.901437524438,4.));
#5590 = CARTESIAN_POINT('',(-4.390751724346,12.998136244121,4.));
#5591 = CARTESIAN_POINT('',(-4.494367505337,13.09687930102,4.));
#5592 = CARTESIAN_POINT('',(-4.604720466288,13.197417019762,4.));
#5593 = CARTESIAN_POINT('',(-4.721939779257,13.299495066173,4.));
#5594 = CARTESIAN_POINT('',(-4.803171939804,13.367088092715,4.));
#5595 = CARTESIAN_POINT('',(-4.844947865102,13.401081306538,4.));
#5596 = ORIENTED_EDGE('',*,*,#5597,.T.);
#5597 = EDGE_CURVE('',#5571,#5598,#5600,.T.);
#5598 = VERTEX_POINT('',#5599);
#5599 = CARTESIAN_POINT('',(-4.795457165493,13.360449677085,3.51));
#5600 = B_SPLINE_CURVE_WITH_KNOTS('',5,(#5601,#5602,#5603,#5604,#5605,
    #5606),.UNSPECIFIED.,.F.,.F.,(6,6),(0.,1.),
  .PIECEWISE_BEZIER_KNOTS.);
#5601 = CARTESIAN_POINT('',(-4.795457165493,13.360449677085,4.0000006));
#5602 = CARTESIAN_POINT('',(-4.795457165493,13.360449677085,
    3.893700524585));
#5603 = CARTESIAN_POINT('',(-4.795457165493,13.360449677085,
    3.807051538322));
#5604 = CARTESIAN_POINT('',(-4.795457165493,13.360449677085,
    3.699906479312));
#5605 = CARTESIAN_POINT('',(-4.795457165493,13.360449677085,
    3.58119590178));
#5606 = CARTESIAN_POINT('',(-4.795457165493,13.360449677085,3.5099994));
#5607 = ORIENTED_EDGE('',*,*,#5608,.F.);
#5608 = EDGE_CURVE('',#5609,#5598,#5611,.T.);
#5609 = VERTEX_POINT('',#5610);
#5610 = CARTESIAN_POINT('',(-4.844947865102,13.401081306538,3.51));
#5611 = B_SPLINE_CURVE_WITH_KNOTS('',7,(#5612,#5613,#5614,#5615,#5616,
    #5617,#5618,#5619,#5620,#5621,#5622,#5623,#5624,#5625,#5626,#5627,
    #5628,#5629,#5630,#5631,#5632,#5633,#5634,#5635,#5636,#5637,#5638,
    #5639,#5640,#5641,#5642,#5643,#5644,#5645,#5646,#5647,#5648,#5649),
  .UNSPECIFIED.,.F.,.F.,(8,6,6,6,6,6,8),(0.,0.295998538491,
    0.591998255967,0.820999393951,0.894999573716,0.968999916493,1.),
  .UNSPECIFIED.);
#5612 = CARTESIAN_POINT('',(-4.844947865102,13.401081306538,3.51));
#5613 = CARTESIAN_POINT('',(-4.778761220741,13.347225006816,3.51));
#5614 = CARTESIAN_POINT('',(-4.713301043524,13.292473537123,3.51));
#5615 = CARTESIAN_POINT('',(-4.648608148376,13.236810458224,3.51));
#5616 = CARTESIAN_POINT('',(-4.584721821676,13.180220402242,3.51));
#5617 = CARTESIAN_POINT('',(-4.521674275986,13.122695779105,3.51));
#5618 = CARTESIAN_POINT('',(-4.459521069208,13.064214671097,3.51));
#5619 = CARTESIAN_POINT('',(-4.337102981921,12.945307209407,3.51));
#5620 = CARTESIAN_POINT('',(-4.276839199285,12.884881304978,3.51));
#5621 = CARTESIAN_POINT('',(-4.217573574209,12.823464166278,3.51));
#5622 = CARTESIAN_POINT('',(-4.159367328517,12.761035293334,3.51));
#5623 = CARTESIAN_POINT('',(-4.102290324675,12.697572478254,3.51));
#5624 = CARTESIAN_POINT('',(-4.046425267125,12.633049511406,3.51));
#5625 = CARTESIAN_POINT('',(-3.949673626158,12.516666766222,3.51));
#5626 = CARTESIAN_POINT('',(-3.908259677671,12.465247853346,3.51));
#5627 = CARTESIAN_POINT('',(-3.867680943182,12.413158606706,3.51));
#5628 = CARTESIAN_POINT('',(-3.827994470218,12.360380722828,3.51));
#5629 = CARTESIAN_POINT('',(-3.789266993829,12.306894375781,3.51));
#5630 = CARTESIAN_POINT('',(-3.751582198652,12.252674691202,3.51));
#5631 = CARTESIAN_POINT('',(-3.703252441479,12.179914853593,3.51));
#5632 = CARTESIAN_POINT('',(-3.691570543993,12.162064633099,3.51));
#5633 = CARTESIAN_POINT('',(-3.680012814901,12.144133156682,3.51));
#5634 = CARTESIAN_POINT('',(-3.668584881279,12.126118566875,3.51));
#5635 = CARTESIAN_POINT('',(-3.657291618748,12.108019389934,3.51));
#5636 = CARTESIAN_POINT('',(-3.646137241052,12.089834506371,3.51));
#5637 = CARTESIAN_POINT('',(-3.624120887184,12.05328861633,3.51));
#5638 = CARTESIAN_POINT('',(-3.613259494265,12.034927500074,3.51));
#5639 = CARTESIAN_POINT('',(-3.602547837505,12.016477441956,3.51));
#5640 = CARTESIAN_POINT('',(-3.592000399369,11.997933618988,3.51));
#5641 = CARTESIAN_POINT('',(-3.581616256384,11.979296890448,3.51));
#5642 = CARTESIAN_POINT('',(-3.571410719442,11.960562603431,3.51));
#5643 = CARTESIAN_POINT('',(-3.557202146696,11.933835517406,3.51));
#5644 = CARTESIAN_POINT('',(-3.553040906454,11.925926807216,3.51));
#5645 = CARTESIAN_POINT('',(-3.548914203528,11.917999977073,3.51));
#5646 = CARTESIAN_POINT('',(-3.544822895449,11.910054789509,3.51));
#5647 = CARTESIAN_POINT('',(-3.54076782594,11.902091022543,3.51));
#5648 = CARTESIAN_POINT('',(-3.536749824922,11.894108469676,3.51));
#5649 = CARTESIAN_POINT('',(-3.532769708508,11.886106939896,3.51));
#5650 = ORIENTED_EDGE('',*,*,#5651,.F.);
#5651 = EDGE_CURVE('',#2204,#5609,#5652,.T.);
#5652 = LINE('',#5653,#5654);
#5653 = CARTESIAN_POINT('',(-4.844947865102,13.401081306538,0.));
#5654 = VECTOR('',#5655,1.);
#5655 = DIRECTION('',(0.,0.,1.));
#5656 = SURFACE_OF_LINEAR_EXTRUSION('',#5657,#5680);
#5657 = B_SPLINE_CURVE_WITH_KNOTS('',3,(#5658,#5659,#5660,#5661,#5662,
    #5663,#5664,#5665,#5666,#5667,#5668,#5669,#5670,#5671,#5672,#5673,
    #5674,#5675,#5676,#5677,#5678,#5679),.UNSPECIFIED.,.F.,.F.,(4,1,1,1,
    1,1,1,1,1,1,1,1,1,1,1,1,1,1,1,4),(0.,5.083557895354E-02,
    0.107823372855,0.170963381733,0.240255605606,0.31570004449,
    0.397296698396,0.485045567335,0.578946651312,0.678999950336,
    0.785205464409,0.897563193537,1.016073137724,1.140735296972,
    1.271549671283,1.408516260661,1.551635065106,1.700906084621,
    1.856329319208,2.017904768867),.UNSPECIFIED.);
#5658 = CARTESIAN_POINT('',(-3.532769708508,11.886106939896,0.));
#5659 = CARTESIAN_POINT('',(-3.540316908602,11.901279648437,0.));
#5660 = CARTESIAN_POINT('',(-3.556695777056,11.933274112899,0.));
#5661 = CARTESIAN_POINT('',(-3.583803918201,11.983407475827,0.));
#5662 = CARTESIAN_POINT('',(-3.615071155408,12.038267910679,0.));
#5663 = CARTESIAN_POINT('',(-3.650725461983,12.097690080891,0.));
#5664 = CARTESIAN_POINT('',(-3.690984564973,12.161502452394,0.));
#5665 = CARTESIAN_POINT('',(-3.736062148789,12.229525551693,0.));
#5666 = CARTESIAN_POINT('',(-3.786165644766,12.301572716703,0.));
#5667 = CARTESIAN_POINT('',(-3.841496615492,12.377450088919,0.));
#5668 = CARTESIAN_POINT('',(-3.902250356406,12.456956844349,0.));
#5669 = CARTESIAN_POINT('',(-3.968615739518,12.539885360465,0.));
#5670 = CARTESIAN_POINT('',(-4.040774991603,12.626021409928,0.));
#5671 = CARTESIAN_POINT('',(-4.118903498075,12.715144354077,0.));
#5672 = CARTESIAN_POINT('',(-4.203169608544,12.807027343163,0.));
#5673 = CARTESIAN_POINT('',(-4.293734439989,12.901437524438,0.));
#5674 = CARTESIAN_POINT('',(-4.390751724346,12.998136244121,0.));
#5675 = CARTESIAN_POINT('',(-4.494367505337,13.09687930102,0.));
#5676 = CARTESIAN_POINT('',(-4.604720466288,13.197417019762,0.));
#5677 = CARTESIAN_POINT('',(-4.721939779257,13.299495066173,0.));
#5678 = CARTESIAN_POINT('',(-4.803171939804,13.367088092715,0.));
#5679 = CARTESIAN_POINT('',(-4.844947865102,13.401081306538,0.));
#5680 = VECTOR('',#5681,1.);
#5681 = DIRECTION('',(-0.,-0.,-1.));
#5682 = ADVANCED_FACE('',(#5683),#5703,.T.);
#5683 = FACE_BOUND('',#5684,.T.);
#5684 = EDGE_LOOP('',(#5685,#5686,#5687,#5697));
#5685 = ORIENTED_EDGE('',*,*,#2230,.F.);
#5686 = ORIENTED_EDGE('',*,*,#5651,.T.);
#5687 = ORIENTED_EDGE('',*,*,#5688,.F.);
#5688 = EDGE_CURVE('',#5689,#5609,#5691,.T.);
#5689 = VERTEX_POINT('',#5690);
#5690 = CARTESIAN_POINT('',(-5.260065107935,13.243648102403,3.51));
#5691 = B_SPLINE_CURVE_WITH_KNOTS('',4,(#5692,#5693,#5694,#5695,#5696),
  .UNSPECIFIED.,.F.,.F.,(5,5),(0.,1.),.PIECEWISE_BEZIER_KNOTS.);
#5692 = CARTESIAN_POINT('',(-5.260065107935,13.243648102403,3.51));
#5693 = CARTESIAN_POINT('',(-5.156285797227,13.283006403437,3.51));
#5694 = CARTESIAN_POINT('',(-5.052506486519,13.322364704471,3.51));
#5695 = CARTESIAN_POINT('',(-4.94872717581,13.361723005504,3.51));
#5696 = CARTESIAN_POINT('',(-4.844947865102,13.401081306538,3.51));
#5697 = ORIENTED_EDGE('',*,*,#5698,.F.);
#5698 = EDGE_CURVE('',#2231,#5689,#5699,.T.);
#5699 = LINE('',#5700,#5701);
#5700 = CARTESIAN_POINT('',(-5.260065107935,13.243648102403,0.));
#5701 = VECTOR('',#5702,1.);
#5702 = DIRECTION('',(0.,0.,1.));
#5703 = SURFACE_OF_LINEAR_EXTRUSION('',#5704,#5707);
#5704 = B_SPLINE_CURVE_WITH_KNOTS('',1,(#5705,#5706),.UNSPECIFIED.,.F.,
  .F.,(2,2),(0.,0.443967948237),.PIECEWISE_BEZIER_KNOTS.);
#5705 = CARTESIAN_POINT('',(-4.844947865102,13.401081306538,0.));
#5706 = CARTESIAN_POINT('',(-5.260065107935,13.243648102403,0.));
#5707 = VECTOR('',#5708,1.);
#5708 = DIRECTION('',(-0.,-0.,-1.));
#5709 = ADVANCED_FACE('',(#5710),#5789,.T.);
#5710 = FACE_BOUND('',#5711,.T.);
#5711 = EDGE_LOOP('',(#5712,#5713,#5714,#5745,#5756,#5783));
#5712 = ORIENTED_EDGE('',*,*,#2237,.F.);
#5713 = ORIENTED_EDGE('',*,*,#5698,.T.);
#5714 = ORIENTED_EDGE('',*,*,#5715,.F.);
#5715 = EDGE_CURVE('',#5716,#5689,#5718,.T.);
#5716 = VERTEX_POINT('',#5717);
#5717 = CARTESIAN_POINT('',(-5.270165674396,13.180416486759,3.51));
#5718 = B_SPLINE_CURVE_WITH_KNOTS('',7,(#5719,#5720,#5721,#5722,#5723,
    #5724,#5725,#5726,#5727,#5728,#5729,#5730,#5731,#5732,#5733,#5734,
    #5735,#5736,#5737,#5738,#5739,#5740,#5741,#5742,#5743,#5744),
  .UNSPECIFIED.,.F.,.F.,(8,6,6,6,8),(0.,6.500064050267E-02,0.27800384497
    ,0.798008401284,1.),.UNSPECIFIED.);
#5719 = CARTESIAN_POINT('',(-5.237630732487,11.239538438482,3.51));
#5720 = CARTESIAN_POINT('',(-5.242509590862,11.257630564914,3.51));
#5721 = CARTESIAN_POINT('',(-5.247208277269,11.275770722734,3.51));
#5722 = CARTESIAN_POINT('',(-5.25173454062,11.293954928549,3.51));
#5723 = CARTESIAN_POINT('',(-5.256093516532,11.312180306501,3.51));
#5724 = CARTESIAN_POINT('',(-5.26029420646,11.330442795547,3.51));
#5725 = CARTESIAN_POINT('',(-5.264347645783,11.348737762962,3.51));
#5726 = CARTESIAN_POINT('',(-5.281066696638,11.427115945302,3.51));
#5727 = CARTESIAN_POINT('',(-5.292329878596,11.487496425296,3.51));
#5728 = CARTESIAN_POINT('',(-5.302242993843,11.548118600235,3.51));
#5729 = CARTESIAN_POINT('',(-5.310917935437,11.608927922944,3.51));
#5730 = CARTESIAN_POINT('',(-5.318437211216,11.669884449785,3.51));
#5731 = CARTESIAN_POINT('',(-5.324875451791,11.730956007953,3.51));
#5732 = CARTESIAN_POINT('',(-5.343498269266,11.941445604796,3.51));
#5733 = CARTESIAN_POINT('',(-5.350595034514,12.091296700388,3.51));
#5734 = CARTESIAN_POINT('',(-5.35240438023,12.241335721343,3.51));
#5735 = CARTESIAN_POINT('',(-5.349364334372,12.391344757651,3.51));
#5736 = CARTESIAN_POINT('',(-5.341860312032,12.541152999848,3.51));
#5737 = CARTESIAN_POINT('',(-5.330176381927,12.69064352684,3.51));
#5738 = CARTESIAN_POINT('',(-5.308485734351,12.897654600481,3.51));
#5739 = CARTESIAN_POINT('',(-5.301822938313,12.955507564874,3.51));
#5740 = CARTESIAN_POINT('',(-5.294581904971,13.013292141625,3.51));
#5741 = CARTESIAN_POINT('',(-5.286773274372,13.07100334662,3.51));
#5742 = CARTESIAN_POINT('',(-5.278408631772,13.128636322183,3.51));
#5743 = CARTESIAN_POINT('',(-5.269501827598,13.186186079874,3.51));
#5744 = CARTESIAN_POINT('',(-5.260065107935,13.243648102403,3.51));
#5745 = ORIENTED_EDGE('',*,*,#5746,.F.);
#5746 = EDGE_CURVE('',#5747,#5716,#5749,.T.);
#5747 = VERTEX_POINT('',#5748);
#5748 = CARTESIAN_POINT('',(-5.270165674396,13.180416486759,4.));
#5749 = B_SPLINE_CURVE_WITH_KNOTS('',5,(#5750,#5751,#5752,#5753,#5754,
    #5755),.UNSPECIFIED.,.F.,.F.,(6,6),(0.,1.),
  .PIECEWISE_BEZIER_KNOTS.);
#5750 = CARTESIAN_POINT('',(-5.270165674396,13.180416486759,4.0000006));
#5751 = CARTESIAN_POINT('',(-5.270165674396,13.180416486759,
    3.893700524585));
#5752 = CARTESIAN_POINT('',(-5.270165674396,13.180416486759,
    3.807051538322));
#5753 = CARTESIAN_POINT('',(-5.270165674396,13.180416486759,
    3.699906479312));
#5754 = CARTESIAN_POINT('',(-5.270165674396,13.180416486759,
    3.58119590178));
#5755 = CARTESIAN_POINT('',(-5.270165674396,13.180416486759,3.5099994));
#5756 = ORIENTED_EDGE('',*,*,#5757,.T.);
#5757 = EDGE_CURVE('',#5747,#5758,#5760,.T.);
#5758 = VERTEX_POINT('',#5759);
#5759 = CARTESIAN_POINT('',(-5.237630732487,11.239538438482,4.));
#5760 = B_SPLINE_CURVE_WITH_KNOTS('',3,(#5761,#5762,#5763,#5764,#5765,
    #5766,#5767,#5768,#5769,#5770,#5771,#5772,#5773,#5774,#5775,#5776,
    #5777,#5778,#5779,#5780,#5781,#5782),.UNSPECIFIED.,.F.,.F.,(4,1,1,1,
    1,1,1,1,1,1,1,1,1,1,1,1,1,1,1,4),(0.,0.161575449659,0.316998684245,
    0.466269703761,0.609388508206,0.746355097584,0.877169471895,
    1.001831631143,1.120341575329,1.232699304458,1.338904818531,
    1.438958117555,1.532859201532,1.620608070471,1.702204724377,
    1.777649163261,1.846941387134,1.910081396012,1.967069189913,
    2.017904768867),.UNSPECIFIED.);
#5761 = CARTESIAN_POINT('',(-5.260065107935,13.243648102403,4.));
#5762 = CARTESIAN_POINT('',(-5.268793166723,13.190501253857,4.));
#5763 = CARTESIAN_POINT('',(-5.28477384455,13.086040260753,4.));
#5764 = CARTESIAN_POINT('',(-5.304823494717,12.931902963449,4.));
#5765 = CARTESIAN_POINT('',(-5.320755032776,12.783471851563,4.));
#5766 = CARTESIAN_POINT('',(-5.332833800154,12.64085164004,4.));
#5767 = CARTESIAN_POINT('',(-5.341329168208,12.504137249526,4.));
#5768 = CARTESIAN_POINT('',(-5.346512387579,12.373414622333,4.));
#5769 = CARTESIAN_POINT('',(-5.348656785002,12.248760450255,4.));
#5770 = CARTESIAN_POINT('',(-5.348037368201,12.130242185754,4.));
#5771 = CARTESIAN_POINT('',(-5.344930577876,12.017917991867,4.));
#5772 = CARTESIAN_POINT('',(-5.339614002391,11.91183671696,4.));
#5773 = CARTESIAN_POINT('',(-5.332366099448,11.812037873795,4.));
#5774 = CARTESIAN_POINT('',(-5.323465920979,11.718551624758,4.));
#5775 = CARTESIAN_POINT('',(-5.313192818658,11.631398783933,4.));
#5776 = CARTESIAN_POINT('',(-5.301826216217,11.550590795777,4.));
#5777 = CARTESIAN_POINT('',(-5.289645158097,11.476129826447,4.));
#5778 = CARTESIAN_POINT('',(-5.276928602318,11.40800851481,4.));
#5779 = CARTESIAN_POINT('',(-5.263953268042,11.346210876221,4.));
#5780 = CARTESIAN_POINT('',(-5.25099943416,11.290709492613,4.));
#5781 = CARTESIAN_POINT('',(-5.242042938918,11.255900093293,4.));
#5782 = CARTESIAN_POINT('',(-5.237630732487,11.239538438482,4.));
#5783 = ORIENTED_EDGE('',*,*,#5784,.F.);
#5784 = EDGE_CURVE('',#2238,#5758,#5785,.T.);
#5785 = LINE('',#5786,#5787);
#5786 = CARTESIAN_POINT('',(-5.237630732487,11.239538438482,0.));
#5787 = VECTOR('',#5788,1.);
#5788 = DIRECTION('',(0.,0.,1.));
#5789 = SURFACE_OF_LINEAR_EXTRUSION('',#5790,#5813);
#5790 = B_SPLINE_CURVE_WITH_KNOTS('',3,(#5791,#5792,#5793,#5794,#5795,
    #5796,#5797,#5798,#5799,#5800,#5801,#5802,#5803,#5804,#5805,#5806,
    #5807,#5808,#5809,#5810,#5811,#5812),.UNSPECIFIED.,.F.,.F.,(4,1,1,1,
    1,1,1,1,1,1,1,1,1,1,1,1,1,1,1,4),(0.,0.161575449659,0.316998684245,
    0.466269703761,0.609388508206,0.746355097584,0.877169471895,
    1.001831631143,1.120341575329,1.232699304458,1.338904818531,
    1.438958117555,1.532859201532,1.620608070471,1.702204724377,
    1.777649163261,1.846941387134,1.910081396012,1.967069189913,
    2.017904768867),.UNSPECIFIED.);
#5791 = CARTESIAN_POINT('',(-5.260065107935,13.243648102403,0.));
#5792 = CARTESIAN_POINT('',(-5.268793166723,13.190501253857,0.));
#5793 = CARTESIAN_POINT('',(-5.28477384455,13.086040260753,0.));
#5794 = CARTESIAN_POINT('',(-5.304823494717,12.931902963449,0.));
#5795 = CARTESIAN_POINT('',(-5.320755032776,12.783471851563,0.));
#5796 = CARTESIAN_POINT('',(-5.332833800154,12.64085164004,0.));
#5797 = CARTESIAN_POINT('',(-5.341329168208,12.504137249526,0.));
#5798 = CARTESIAN_POINT('',(-5.346512387579,12.373414622333,0.));
#5799 = CARTESIAN_POINT('',(-5.348656785002,12.248760450255,0.));
#5800 = CARTESIAN_POINT('',(-5.348037368201,12.130242185754,0.));
#5801 = CARTESIAN_POINT('',(-5.344930577876,12.017917991867,0.));
#5802 = CARTESIAN_POINT('',(-5.339614002391,11.91183671696,0.));
#5803 = CARTESIAN_POINT('',(-5.332366099448,11.812037873795,0.));
#5804 = CARTESIAN_POINT('',(-5.323465920979,11.718551624758,0.));
#5805 = CARTESIAN_POINT('',(-5.313192818658,11.631398783933,0.));
#5806 = CARTESIAN_POINT('',(-5.301826216217,11.550590795777,0.));
#5807 = CARTESIAN_POINT('',(-5.289645158097,11.476129826447,0.));
#5808 = CARTESIAN_POINT('',(-5.276928602318,11.40800851481,0.));
#5809 = CARTESIAN_POINT('',(-5.263953268042,11.346210876221,0.));
#5810 = CARTESIAN_POINT('',(-5.25099943416,11.290709492613,0.));
#5811 = CARTESIAN_POINT('',(-5.242042938918,11.255900093293,0.));
#5812 = CARTESIAN_POINT('',(-5.237630732487,11.239538438482,0.));
#5813 = VECTOR('',#5814,1.);
#5814 = DIRECTION('',(-0.,-0.,-1.));
#5815 = ADVANCED_FACE('',(#5816),#5833,.T.);
#5816 = FACE_BOUND('',#5817,.T.);
#5817 = EDGE_LOOP('',(#5818,#5819,#5826,#5832));
#5818 = ORIENTED_EDGE('',*,*,#5784,.T.);
#5819 = ORIENTED_EDGE('',*,*,#5820,.T.);
#5820 = EDGE_CURVE('',#5758,#5821,#5823,.T.);
#5821 = VERTEX_POINT('',#5822);
#5822 = CARTESIAN_POINT('',(-6.274645419441,10.695271144777,4.));
#5823 = B_SPLINE_CURVE_WITH_KNOTS('',1,(#5824,#5825),.UNSPECIFIED.,.F.,
  .F.,(2,2),(0.,1.171164526424),.PIECEWISE_BEZIER_KNOTS.);
#5824 = CARTESIAN_POINT('',(-5.237630732487,11.239538438482,4.));
#5825 = CARTESIAN_POINT('',(-6.274645419441,10.695271144777,4.));
#5826 = ORIENTED_EDGE('',*,*,#5827,.F.);
#5827 = EDGE_CURVE('',#2265,#5821,#5828,.T.);
#5828 = LINE('',#5829,#5830);
#5829 = CARTESIAN_POINT('',(-6.274645419441,10.695271144777,0.));
#5830 = VECTOR('',#5831,1.);
#5831 = DIRECTION('',(0.,0.,1.));
#5832 = ORIENTED_EDGE('',*,*,#2264,.F.);
#5833 = SURFACE_OF_LINEAR_EXTRUSION('',#5834,#5837);
#5834 = B_SPLINE_CURVE_WITH_KNOTS('',1,(#5835,#5836),.UNSPECIFIED.,.F.,
  .F.,(2,2),(0.,1.171164526424),.PIECEWISE_BEZIER_KNOTS.);
#5835 = CARTESIAN_POINT('',(-5.237630732487,11.239538438482,0.));
#5836 = CARTESIAN_POINT('',(-6.274645419441,10.695271144777,0.));
#5837 = VECTOR('',#5838,1.);
#5838 = DIRECTION('',(-0.,-0.,-1.));
#5839 = ADVANCED_FACE('',(#5840),#5931,.T.);
#5840 = FACE_BOUND('',#5841,.T.);
#5841 = EDGE_LOOP('',(#5842,#5843,#5844,#5871,#5882,#5925));
#5842 = ORIENTED_EDGE('',*,*,#2271,.F.);
#5843 = ORIENTED_EDGE('',*,*,#5827,.T.);
#5844 = ORIENTED_EDGE('',*,*,#5845,.T.);
#5845 = EDGE_CURVE('',#5821,#5846,#5848,.T.);
#5846 = VERTEX_POINT('',#5847);
#5847 = CARTESIAN_POINT('',(-7.853474785305,11.824591273976,4.));
#5848 = B_SPLINE_CURVE_WITH_KNOTS('',3,(#5849,#5850,#5851,#5852,#5853,
    #5854,#5855,#5856,#5857,#5858,#5859,#5860,#5861,#5862,#5863,#5864,
    #5865,#5866,#5867,#5868,#5869,#5870),.UNSPECIFIED.,.F.,.F.,(4,1,1,1,
    1,1,1,1,1,1,1,1,1,1,1,1,1,1,1,4),(0.,5.083557895354E-02,
    0.107823372855,0.170963381733,0.240255605606,0.31570004449,
    0.397296698396,0.485045567335,0.578946651312,0.678999950336,
    0.785205464409,0.897563193537,1.016073137724,1.140735296972,
    1.271549671283,1.408516260661,1.551635065106,1.700906084621,
    1.856329319208,2.017904768867),.UNSPECIFIED.);
#5849 = CARTESIAN_POINT('',(-6.274645419441,10.695271144777,4.));
#5850 = CARTESIAN_POINT('',(-6.28560437844,10.708196798779,4.));
#5851 = CARTESIAN_POINT('',(-6.309164083261,10.735341842467,4.));
#5852 = CARTESIAN_POINT('',(-6.347482210143,10.777531018176,4.));
#5853 = CARTESIAN_POINT('',(-6.390969839672,10.823314568853,4.));
#5854 = CARTESIAN_POINT('',(-6.439808753035,10.872477404731,4.));
#5855 = CARTESIAN_POINT('',(-6.494169299736,10.924800870717,4.));
#5856 = CARTESIAN_POINT('',(-6.554216004087,10.980059570462,4.));
#5857 = CARTESIAN_POINT('',(-6.620105598684,11.038022624375,4.));
#5858 = CARTESIAN_POINT('',(-6.691987395698,11.09845357004,4.));
#5859 = CARTESIAN_POINT('',(-6.770002955307,11.16111068179,4.));
#5860 = CARTESIAN_POINT('',(-6.854285973923,11.225747170199,4.));
#5861 = CARTESIAN_POINT('',(-6.944962115183,11.292111423264,4.));
#5862 = CARTESIAN_POINT('',(-7.042148865832,11.359947241204,4.));
#5863 = CARTESIAN_POINT('',(-7.145955394848,11.428994077414,4.));
#5864 = CARTESIAN_POINT('',(-7.256482412133,11.498987287606,4.));
#5865 = CARTESIAN_POINT('',(-7.373822068865,11.569658362384,4.));
#5866 = CARTESIAN_POINT('',(-7.49805772383,11.64073524605,4.));
#5867 = CARTESIAN_POINT('',(-7.629264279241,11.711942329249,4.));
#5868 = CARTESIAN_POINT('',(-7.767506287499,11.7830017554,4.));
#5869 = CARTESIAN_POINT('',(-7.862554059141,11.829190522973,4.));
#5870 = CARTESIAN_POINT('',(-7.911251160522,11.852198322469,4.));
#5871 = ORIENTED_EDGE('',*,*,#5872,.T.);
#5872 = EDGE_CURVE('',#5846,#5873,#5875,.T.);
#5873 = VERTEX_POINT('',#5874);
#5874 = CARTESIAN_POINT('',(-7.853474785305,11.824591273976,3.51));
#5875 = B_SPLINE_CURVE_WITH_KNOTS('',5,(#5876,#5877,#5878,#5879,#5880,
    #5881),.UNSPECIFIED.,.F.,.F.,(6,6),(0.,1.),
  .PIECEWISE_BEZIER_KNOTS.);
#5876 = CARTESIAN_POINT('',(-7.853474785305,11.824591273976,4.0000006));
#5877 = CARTESIAN_POINT('',(-7.853474785305,11.824591273976,
    3.893700524585));
#5878 = CARTESIAN_POINT('',(-7.853474785305,11.824591273976,
    3.807051538322));
#5879 = CARTESIAN_POINT('',(-7.853474785305,11.824591273976,
    3.699906479312));
#5880 = CARTESIAN_POINT('',(-7.853474785305,11.824591273976,
    3.58119590178));
#5881 = CARTESIAN_POINT('',(-7.853474785305,11.824591273976,3.5099994));
#5882 = ORIENTED_EDGE('',*,*,#5883,.F.);
#5883 = EDGE_CURVE('',#5884,#5873,#5886,.T.);
#5884 = VERTEX_POINT('',#5885);
#5885 = CARTESIAN_POINT('',(-7.911251160522,11.852198322469,3.51));
#5886 = B_SPLINE_CURVE_WITH_KNOTS('',7,(#5887,#5888,#5889,#5890,#5891,
    #5892,#5893,#5894,#5895,#5896,#5897,#5898,#5899,#5900,#5901,#5902,
    #5903,#5904,#5905,#5906,#5907,#5908,#5909,#5910,#5911,#5912,#5913,
    #5914,#5915,#5916,#5917,#5918,#5919,#5920,#5921,#5922,#5923,#5924),
  .UNSPECIFIED.,.F.,.F.,(8,6,6,6,6,6,8),(0.,0.29599853849,0.591998255967
    ,0.820999393951,0.894999573716,0.968999916493,1.),.UNSPECIFIED.);
#5887 = CARTESIAN_POINT('',(-7.911251160522,11.852198322469,3.51));
#5888 = CARTESIAN_POINT('',(-7.834099123613,11.815746489699,3.51));
#5889 = CARTESIAN_POINT('',(-7.757438215836,11.778251644003,3.51));
#5890 = CARTESIAN_POINT('',(-7.681304131946,11.739688056192,3.51));
#5891 = CARTESIAN_POINT('',(-7.605731338948,11.7000314031,3.51));
#5892 = CARTESIAN_POINT('',(-7.530749296955,11.659266606245,3.51));
#5893 = CARTESIAN_POINT('',(-7.456406704195,11.617359088917,3.51));
#5894 = CARTESIAN_POINT('',(-7.309089445856,11.531203427838,3.51));
#5895 = CARTESIAN_POINT('',(-7.236115953759,11.486955457546,3.51));
#5896 = CARTESIAN_POINT('',(-7.163874396692,11.44150618171,3.51));
#5897 = CARTESIAN_POINT('',(-7.092419311514,11.394821044708,3.51));
#5898 = CARTESIAN_POINT('',(-7.021813215922,11.346861764785,3.51));
#5899 = CARTESIAN_POINT('',(-6.952130138741,11.297583101446,3.51));
#5900 = CARTESIAN_POINT('',(-6.830337710646,11.207736410549,3.51));
#5901 = CARTESIAN_POINT('',(-6.777821824944,11.167722644423,3.51));
#5902 = CARTESIAN_POINT('',(-6.725956462068,11.126858143423,3.51));
#5903 = CARTESIAN_POINT('',(-6.674792631541,11.085111483572,3.51));
#5904 = CARTESIAN_POINT('',(-6.624390384558,11.042447444301,3.51));
#5905 = CARTESIAN_POINT('',(-6.574825021206,10.998821847006,3.51));
#5906 = CARTESIAN_POINT('',(-6.51048707007,10.939742345985,3.51));
#5907 = CARTESIAN_POINT('',(-6.49487278992,10.925206481514,3.51));
#5908 = CARTESIAN_POINT('',(-6.479359624239,10.910562006828,3.51));
#5909 = CARTESIAN_POINT('',(-6.463952592072,10.895805771787,3.51));
#5910 = CARTESIAN_POINT('',(-6.448656074673,10.880935178659,3.51));
#5911 = CARTESIAN_POINT('',(-6.43347389543,10.86594813207,3.51));
#5912 = CARTESIAN_POINT('',(-6.403351292841,10.835733057525,3.51));
#5913 = CARTESIAN_POINT('',(-6.388411409526,10.820504783399,3.51));
#5914 = CARTESIAN_POINT('',(-6.37359562613,10.805154317691,3.51));
#5915 = CARTESIAN_POINT('',(-6.358916850065,10.789673511681,3.51));
#5916 = CARTESIAN_POINT('',(-6.344374390332,10.774063420678,3.51));
#5917 = CARTESIAN_POINT('',(-6.329981999403,10.758315862847,3.51));
#5918 = CARTESIAN_POINT('',(-6.309790091612,10.735765751392,3.51));
#5919 = CARTESIAN_POINT('',(-6.303857091215,10.729082703919,3.51));
#5920 = CARTESIAN_POINT('',(-6.297953288155,10.722373797706,3.51));
#5921 = CARTESIAN_POINT('',(-6.292079458213,10.715638596964,3.51));
#5922 = CARTESIAN_POINT('',(-6.286236367473,10.708876684245,3.51));
#5923 = CARTESIAN_POINT('',(-6.28042477232,10.70208766044,3.51));
#5924 = CARTESIAN_POINT('',(-6.274645419441,10.695271144777,3.51));
#5925 = ORIENTED_EDGE('',*,*,#5926,.F.);
#5926 = EDGE_CURVE('',#2272,#5884,#5927,.T.);
#5927 = LINE('',#5928,#5929);
#5928 = CARTESIAN_POINT('',(-7.911251160522,11.852198322469,0.));
#5929 = VECTOR('',#5930,1.);
#5930 = DIRECTION('',(0.,0.,1.));
#5931 = SURFACE_OF_LINEAR_EXTRUSION('',#5932,#5955);
#5932 = B_SPLINE_CURVE_WITH_KNOTS('',3,(#5933,#5934,#5935,#5936,#5937,
    #5938,#5939,#5940,#5941,#5942,#5943,#5944,#5945,#5946,#5947,#5948,
    #5949,#5950,#5951,#5952,#5953,#5954),.UNSPECIFIED.,.F.,.F.,(4,1,1,1,
    1,1,1,1,1,1,1,1,1,1,1,1,1,1,1,4),(0.,5.083557895354E-02,
    0.107823372855,0.170963381733,0.240255605606,0.31570004449,
    0.397296698396,0.485045567335,0.578946651312,0.678999950336,
    0.785205464409,0.897563193537,1.016073137724,1.140735296972,
    1.271549671283,1.408516260661,1.551635065106,1.700906084621,
    1.856329319208,2.017904768867),.UNSPECIFIED.);
#5933 = CARTESIAN_POINT('',(-6.274645419441,10.695271144777,0.));
#5934 = CARTESIAN_POINT('',(-6.28560437844,10.708196798779,0.));
#5935 = CARTESIAN_POINT('',(-6.309164083261,10.735341842467,0.));
#5936 = CARTESIAN_POINT('',(-6.347482210143,10.777531018176,0.));
#5937 = CARTESIAN_POINT('',(-6.390969839672,10.823314568853,0.));
#5938 = CARTESIAN_POINT('',(-6.439808753035,10.872477404731,0.));
#5939 = CARTESIAN_POINT('',(-6.494169299736,10.924800870717,0.));
#5940 = CARTESIAN_POINT('',(-6.554216004087,10.980059570462,0.));
#5941 = CARTESIAN_POINT('',(-6.620105598684,11.038022624375,0.));
#5942 = CARTESIAN_POINT('',(-6.691987395698,11.09845357004,0.));
#5943 = CARTESIAN_POINT('',(-6.770002955307,11.16111068179,0.));
#5944 = CARTESIAN_POINT('',(-6.854285973923,11.225747170199,0.));
#5945 = CARTESIAN_POINT('',(-6.944962115183,11.292111423264,0.));
#5946 = CARTESIAN_POINT('',(-7.042148865832,11.359947241204,0.));
#5947 = CARTESIAN_POINT('',(-7.145955394848,11.428994077414,0.));
#5948 = CARTESIAN_POINT('',(-7.256482412133,11.498987287606,0.));
#5949 = CARTESIAN_POINT('',(-7.373822068865,11.569658362384,0.));
#5950 = CARTESIAN_POINT('',(-7.49805772383,11.64073524605,0.));
#5951 = CARTESIAN_POINT('',(-7.629264279241,11.711942329249,0.));
#5952 = CARTESIAN_POINT('',(-7.767506287499,11.7830017554,0.));
#5953 = CARTESIAN_POINT('',(-7.862554059141,11.829190522973,0.));
#5954 = CARTESIAN_POINT('',(-7.911251160522,11.852198322469,0.));
#5955 = VECTOR('',#5956,1.);
#5956 = DIRECTION('',(-0.,-0.,-1.));
#5957 = ADVANCED_FACE('',(#5958),#5978,.T.);
#5958 = FACE_BOUND('',#5959,.T.);
#5959 = EDGE_LOOP('',(#5960,#5961,#5962,#5972));
#5960 = ORIENTED_EDGE('',*,*,#2298,.F.);
#5961 = ORIENTED_EDGE('',*,*,#5926,.T.);
#5962 = ORIENTED_EDGE('',*,*,#5963,.F.);
#5963 = EDGE_CURVE('',#5964,#5884,#5966,.T.);
#5964 = VERTEX_POINT('',#5965);
#5965 = CARTESIAN_POINT('',(-8.276629618895,11.599995782397,3.51));
#5966 = B_SPLINE_CURVE_WITH_KNOTS('',4,(#5967,#5968,#5969,#5970,#5971),
  .UNSPECIFIED.,.F.,.F.,(5,5),(0.,1.),.PIECEWISE_BEZIER_KNOTS.);
#5967 = CARTESIAN_POINT('',(-8.276629618895,11.599995782397,3.51));
#5968 = CARTESIAN_POINT('',(-8.185285004302,11.663046417415,3.51));
#5969 = CARTESIAN_POINT('',(-8.093940389709,11.726097052433,3.51));
#5970 = CARTESIAN_POINT('',(-8.002595775115,11.789147687451,3.51));
#5971 = CARTESIAN_POINT('',(-7.911251160522,11.852198322469,3.51));
#5972 = ORIENTED_EDGE('',*,*,#5973,.F.);
#5973 = EDGE_CURVE('',#2299,#5964,#5974,.T.);
#5974 = LINE('',#5975,#5976);
#5975 = CARTESIAN_POINT('',(-8.276629618895,11.599995782397,0.));
#5976 = VECTOR('',#5977,1.);
#5977 = DIRECTION('',(0.,0.,1.));
#5978 = SURFACE_OF_LINEAR_EXTRUSION('',#5979,#5982);
#5979 = B_SPLINE_CURVE_WITH_KNOTS('',1,(#5980,#5981),.UNSPECIFIED.,.F.,
  .F.,(2,2),(0.,0.443967948237),.PIECEWISE_BEZIER_KNOTS.);
#5980 = CARTESIAN_POINT('',(-7.911251160522,11.852198322469,0.));
#5981 = CARTESIAN_POINT('',(-8.276629618895,11.599995782397,0.));
#5982 = VECTOR('',#5983,1.);
#5983 = DIRECTION('',(-0.,-0.,-1.));
#5984 = ADVANCED_FACE('',(#5985),#6064,.T.);
#5985 = FACE_BOUND('',#5986,.T.);
#5986 = EDGE_LOOP('',(#5987,#5988,#5989,#6020,#6031,#6058));
#5987 = ORIENTED_EDGE('',*,*,#2305,.F.);
#5988 = ORIENTED_EDGE('',*,*,#5973,.T.);
#5989 = ORIENTED_EDGE('',*,*,#5990,.F.);
#5990 = EDGE_CURVE('',#5991,#5964,#5993,.T.);
#5991 = VERTEX_POINT('',#5992);
#5992 = CARTESIAN_POINT('',(-8.271304365149,11.536184338812,3.51));
#5993 = B_SPLINE_CURVE_WITH_KNOTS('',7,(#5994,#5995,#5996,#5997,#5998,
    #5999,#6000,#6001,#6002,#6003,#6004,#6005,#6006,#6007,#6008,#6009,
    #6010,#6011,#6012,#6013,#6014,#6015,#6016,#6017,#6018,#6019),
  .UNSPECIFIED.,.F.,.F.,(8,6,6,6,8),(0.,6.50006405026E-02,0.278003844969
    ,0.798008401284,1.),.UNSPECIFIED.);
#5994 = CARTESIAN_POINT('',(-7.775232310098,9.659490800451,3.51));
#5995 = CARTESIAN_POINT('',(-7.784299126971,9.675889615337,3.51));
#5996 = CARTESIAN_POINT('',(-7.79320250201,9.692378183881,3.51));
#5997 = CARTESIAN_POINT('',(-7.801949005668,9.708950784002,3.51));
#5998 = CARTESIAN_POINT('',(-7.810542936094,9.725603394379,3.51));
#5999 = CARTESIAN_POINT('',(-7.818992061305,9.742329917784,3.51));
#6000 = CARTESIAN_POINT('',(-7.827305987327,9.759123215171,3.51));
#6001 = CARTESIAN_POINT('',(-7.862296339723,9.831222739217,3.51));
#6002 = CARTESIAN_POINT('',(-7.887682228763,9.887153216327,3.51));
#6003 = CARTESIAN_POINT('',(-7.911815122963,9.943641457278,3.51));
#6004 = CARTESIAN_POINT('',(-7.934790609979,10.000607722176,3.51));
#6005 = CARTESIAN_POINT('',(-7.956679240983,10.057993482652,3.51));
#6006 = CARTESIAN_POINT('',(-7.977545778501,10.115749640513,3.51));
#6007 = CARTESIAN_POINT('',(-8.04600090844,10.315666060286,3.51));
#6008 = CARTESIAN_POINT('',(-8.088753169073,10.459464388294,3.51));
#6009 = CARTESIAN_POINT('',(-8.126416626459,10.604710543213,3.51));
#6010 = CARTESIAN_POINT('',(-8.159364430983,10.75108812015,3.51));
#6011 = CARTESIAN_POINT('',(-8.187929920891,10.898339037186,3.51));
#6012 = CARTESIAN_POINT('',(-8.212360929332,11.046281788646,3.51));
#6013 = CARTESIAN_POINT('',(-8.240841565156,11.252468408448,3.51));
#6014 = CARTESIAN_POINT('',(-8.248217498467,11.310234782299,3.51));
#6015 = CARTESIAN_POINT('',(-8.255015630765,11.368073136972,3.51));
#6016 = CARTESIAN_POINT('',(-8.26124510014,11.425976086856,3.51));
#6017 = CARTESIAN_POINT('',(-8.266915992683,11.483936142892,3.51));
#6018 = CARTESIAN_POINT('',(-8.272040562542,11.541945146975,3.51));
#6019 = CARTESIAN_POINT('',(-8.276629618895,11.599995782397,3.51));
#6020 = ORIENTED_EDGE('',*,*,#6021,.F.);
#6021 = EDGE_CURVE('',#6022,#5991,#6024,.T.);
#6022 = VERTEX_POINT('',#6023);
#6023 = CARTESIAN_POINT('',(-8.271304365149,11.536184338812,4.));
#6024 = B_SPLINE_CURVE_WITH_KNOTS('',5,(#6025,#6026,#6027,#6028,#6029,
    #6030),.UNSPECIFIED.,.F.,.F.,(6,6),(0.,1.),
  .PIECEWISE_BEZIER_KNOTS.);
#6025 = CARTESIAN_POINT('',(-8.271304365149,11.536184338812,4.0000006));
#6026 = CARTESIAN_POINT('',(-8.271304365149,11.536184338812,
    3.893700524585));
#6027 = CARTESIAN_POINT('',(-8.271304365149,11.536184338812,
    3.807051538322));
#6028 = CARTESIAN_POINT('',(-8.271304365149,11.536184338812,
    3.699906479312));
#6029 = CARTESIAN_POINT('',(-8.271304365149,11.536184338812,
    3.58119590178));
#6030 = CARTESIAN_POINT('',(-8.271304365149,11.536184338812,3.5099994));
#6031 = ORIENTED_EDGE('',*,*,#6032,.T.);
#6032 = EDGE_CURVE('',#6022,#6033,#6035,.T.);
#6033 = VERTEX_POINT('',#6034);
#6034 = CARTESIAN_POINT('',(-7.775232310098,9.659490800451,4.));
#6035 = B_SPLINE_CURVE_WITH_KNOTS('',3,(#6036,#6037,#6038,#6039,#6040,
    #6041,#6042,#6043,#6044,#6045,#6046,#6047,#6048,#6049,#6050,#6051,
    #6052,#6053,#6054,#6055,#6056,#6057),.UNSPECIFIED.,.F.,.F.,(4,1,1,1,
    1,1,1,1,1,1,1,1,1,1,1,1,1,1,1,4),(0.,0.161575449659,0.316998684245,
    0.466269703761,0.609388508206,0.746355097584,0.877169471895,
    1.001831631143,1.120341575329,1.232699304458,1.338904818531,
    1.438958117555,1.532859201532,1.620608070471,1.702204724377,
    1.777649163261,1.846941387134,1.910081396012,1.967069189913,
    2.017904768867),.UNSPECIFIED.);
#6036 = CARTESIAN_POINT('',(-8.276629618895,11.599995782397,4.));
#6037 = CARTESIAN_POINT('',(-8.272385182793,11.546304523493,4.));
#6038 = CARTESIAN_POINT('',(-8.262902339209,11.441054550468,4.));
#6039 = CARTESIAN_POINT('',(-8.245481913285,11.286598007542,4.));
#6040 = CARTESIAN_POINT('',(-8.22542861966,11.138667367391,4.));
#6041 = CARTESIAN_POINT('',(-8.203025149349,10.997300801775,4.));
#6042 = CARTESIAN_POINT('',(-8.178555762264,10.862526008331,4.));
#6043 = CARTESIAN_POINT('',(-8.152304394336,10.734361517519,4.));
#6044 = CARTESIAN_POINT('',(-8.12455478347,10.612816381238,4.));
#6045 = CARTESIAN_POINT('',(-8.095590088596,10.497890278249,4.));
#6046 = CARTESIAN_POINT('',(-8.065692636876,10.389573524885,4.));
#6047 = CARTESIAN_POINT('',(-8.035143640639,10.287847118826,4.));
#6048 = CARTESIAN_POINT('',(-8.004222922136,10.192682785374,4.));
#6049 = CARTESIAN_POINT('',(-7.973208642888,10.104043028952,4.));
#6050 = CARTESIAN_POINT('',(-7.942377018254,10.021881205594,4.));
#6051 = CARTESIAN_POINT('',(-7.912002091256,9.946141556725,4.));
#6052 = CARTESIAN_POINT('',(-7.882355316208,9.876759405852,4.));
#6053 = CARTESIAN_POINT('',(-7.853705783482,9.81366084672,4.));
#6054 = CARTESIAN_POINT('',(-7.826318345908,9.756764135938,4.));
#6055 = CARTESIAN_POINT('',(-7.800458576409,9.705975577027,4.));
#6056 = CARTESIAN_POINT('',(-7.783431906119,9.674321105196,4.));
#6057 = CARTESIAN_POINT('',(-7.775232310098,9.659490800451,4.));
#6058 = ORIENTED_EDGE('',*,*,#6059,.F.);
#6059 = EDGE_CURVE('',#2306,#6033,#6060,.T.);
#6060 = LINE('',#6061,#6062);
#6061 = CARTESIAN_POINT('',(-7.775232310098,9.659490800451,0.));
#6062 = VECTOR('',#6063,1.);
#6063 = DIRECTION('',(0.,0.,1.));
#6064 = SURFACE_OF_LINEAR_EXTRUSION('',#6065,#6088);
#6065 = B_SPLINE_CURVE_WITH_KNOTS('',3,(#6066,#6067,#6068,#6069,#6070,
    #6071,#6072,#6073,#6074,#6075,#6076,#6077,#6078,#6079,#6080,#6081,
    #6082,#6083,#6084,#6085,#6086,#6087),.UNSPECIFIED.,.F.,.F.,(4,1,1,1,
    1,1,1,1,1,1,1,1,1,1,1,1,1,1,1,4),(0.,0.161575449659,0.316998684245,
    0.466269703761,0.609388508206,0.746355097584,0.877169471895,
    1.001831631143,1.120341575329,1.232699304458,1.338904818531,
    1.438958117555,1.532859201532,1.620608070471,1.702204724377,
    1.777649163261,1.846941387134,1.910081396012,1.967069189913,
    2.017904768867),.UNSPECIFIED.);
#6066 = CARTESIAN_POINT('',(-8.276629618895,11.599995782397,0.));
#6067 = CARTESIAN_POINT('',(-8.272385182793,11.546304523493,0.));
#6068 = CARTESIAN_POINT('',(-8.262902339209,11.441054550468,0.));
#6069 = CARTESIAN_POINT('',(-8.245481913285,11.286598007542,0.));
#6070 = CARTESIAN_POINT('',(-8.22542861966,11.138667367391,0.));
#6071 = CARTESIAN_POINT('',(-8.203025149349,10.997300801775,0.));
#6072 = CARTESIAN_POINT('',(-8.178555762264,10.862526008331,0.));
#6073 = CARTESIAN_POINT('',(-8.152304394336,10.734361517519,0.));
#6074 = CARTESIAN_POINT('',(-8.12455478347,10.612816381238,0.));
#6075 = CARTESIAN_POINT('',(-8.095590088596,10.497890278249,0.));
#6076 = CARTESIAN_POINT('',(-8.065692636876,10.389573524885,0.));
#6077 = CARTESIAN_POINT('',(-8.035143640639,10.287847118826,0.));
#6078 = CARTESIAN_POINT('',(-8.004222922136,10.192682785374,0.));
#6079 = CARTESIAN_POINT('',(-7.973208642888,10.104043028952,0.));
#6080 = CARTESIAN_POINT('',(-7.942377018254,10.021881205594,0.));
#6081 = CARTESIAN_POINT('',(-7.912002091256,9.946141556725,0.));
#6082 = CARTESIAN_POINT('',(-7.882355316208,9.876759405852,0.));
#6083 = CARTESIAN_POINT('',(-7.853705783482,9.81366084672,0.));
#6084 = CARTESIAN_POINT('',(-7.826318345908,9.756764135938,0.));
#6085 = CARTESIAN_POINT('',(-7.800458576409,9.705975577027,0.));
#6086 = CARTESIAN_POINT('',(-7.783431906119,9.674321105196,0.));
#6087 = CARTESIAN_POINT('',(-7.775232310098,9.659490800451,0.));
#6088 = VECTOR('',#6089,1.);
#6089 = DIRECTION('',(-0.,-0.,-1.));
#6090 = ADVANCED_FACE('',(#6091),#6108,.T.);
#6091 = FACE_BOUND('',#6092,.T.);
#6092 = EDGE_LOOP('',(#6093,#6094,#6101,#6107));
#6093 = ORIENTED_EDGE('',*,*,#6059,.T.);
#6094 = ORIENTED_EDGE('',*,*,#6095,.T.);
#6095 = EDGE_CURVE('',#6033,#6096,#6098,.T.);
#6096 = VERTEX_POINT('',#6097);
#6097 = CARTESIAN_POINT('',(-8.651861546003,8.882865066452,4.));
#6098 = B_SPLINE_CURVE_WITH_KNOTS('',1,(#6099,#6100),.UNSPECIFIED.,.F.,
  .F.,(2,2),(0.,1.171164526424),.PIECEWISE_BEZIER_KNOTS.);
#6099 = CARTESIAN_POINT('',(-7.775232310098,9.659490800451,4.));
#6100 = CARTESIAN_POINT('',(-8.651861546003,8.882865066452,4.));
#6101 = ORIENTED_EDGE('',*,*,#6102,.F.);
#6102 = EDGE_CURVE('',#2333,#6096,#6103,.T.);
#6103 = LINE('',#6104,#6105);
#6104 = CARTESIAN_POINT('',(-8.651861546003,8.882865066452,0.));
#6105 = VECTOR('',#6106,1.);
#6106 = DIRECTION('',(0.,0.,1.));
#6107 = ORIENTED_EDGE('',*,*,#2332,.F.);
#6108 = SURFACE_OF_LINEAR_EXTRUSION('',#6109,#6112);
#6109 = B_SPLINE_CURVE_WITH_KNOTS('',1,(#6110,#6111),.UNSPECIFIED.,.F.,
  .F.,(2,2),(0.,1.171164526424),.PIECEWISE_BEZIER_KNOTS.);
#6110 = CARTESIAN_POINT('',(-7.775232310098,9.659490800451,0.));
#6111 = CARTESIAN_POINT('',(-8.651861546003,8.882865066452,0.));
#6112 = VECTOR('',#6113,1.);
#6113 = DIRECTION('',(-0.,-0.,-1.));
#6114 = ADVANCED_FACE('',(#6115),#6206,.T.);
#6115 = FACE_BOUND('',#6116,.T.);
#6116 = EDGE_LOOP('',(#6117,#6118,#6119,#6146,#6157,#6200));
#6117 = ORIENTED_EDGE('',*,*,#2339,.F.);
#6118 = ORIENTED_EDGE('',*,*,#6102,.T.);
#6119 = ORIENTED_EDGE('',*,*,#6120,.T.);
#6120 = EDGE_CURVE('',#6096,#6121,#6123,.T.);
#6121 = VERTEX_POINT('',#6122);
#6122 = CARTESIAN_POINT('',(-10.45507699681,9.601530606664,4.));
#6123 = B_SPLINE_CURVE_WITH_KNOTS('',3,(#6124,#6125,#6126,#6127,#6128,
    #6129,#6130,#6131,#6132,#6133,#6134,#6135,#6136,#6137,#6138,#6139,
    #6140,#6141,#6142,#6143,#6144,#6145),.UNSPECIFIED.,.F.,.F.,(4,1,1,1,
    1,1,1,1,1,1,1,1,1,1,1,1,1,1,1,4),(0.,5.083557895354E-02,
    0.107823372855,0.170963381733,0.240255605606,0.31570004449,
    0.397296698396,0.485045567335,0.578946651312,0.678999950336,
    0.785205464409,0.897563193537,1.016073137724,1.140735296972,
    1.271549671283,1.408516260661,1.551635065106,1.700906084621,
    1.856329319208,2.017904768867),.UNSPECIFIED.);
#6124 = CARTESIAN_POINT('',(-8.651861546003,8.882865066452,4.));
#6125 = CARTESIAN_POINT('',(-8.665595369046,8.892792473887,4.));
#6126 = CARTESIAN_POINT('',(-8.694966705824,8.91351052553,4.));
#6127 = CARTESIAN_POINT('',(-8.74226790819,8.945303632479,4.));
#6128 = CARTESIAN_POINT('',(-8.795448587085,8.979349525433,4.));
#6129 = CARTESIAN_POINT('',(-8.854633767112,9.015395861656,4.));
#6130 = CARTESIAN_POINT('',(-8.919936520143,9.053189572469,4.));
#6131 = CARTESIAN_POINT('',(-8.991462648833,9.092472437888,4.));
#6132 = CARTESIAN_POINT('',(-9.069309078312,9.132982778697,4.));
#6133 = CARTESIAN_POINT('',(-9.15356419285,9.174455270908,4.));
#6134 = CARTESIAN_POINT('',(-9.244307590406,9.216621335393,4.));
#6135 = CARTESIAN_POINT('',(-9.341610021839,9.259209358332,4.));
#6136 = CARTESIAN_POINT('',(-9.445533284538,9.301944965834,4.));
#6137 = CARTESIAN_POINT('',(-9.556130138676,9.3445512864,4.));
#6138 = CARTESIAN_POINT('',(-9.673444228094,9.386749218588,4.));
#6139 = CARTESIAN_POINT('',(-9.797510002725,9.428257706737,4.));
#6140 = CARTESIAN_POINT('',(-9.928352677494,9.468793990623,4.));
#6141 = CARTESIAN_POINT('',(-10.06598808174,9.508073970931,4.));
#6142 = CARTESIAN_POINT('',(-10.21042298353,9.545812121738,4.));
#6143 = CARTESIAN_POINT('',(-10.36165356404,9.581723212072,4.));
#6144 = CARTESIAN_POINT('',(-10.46499311578,9.603823397394,4.));
#6145 = CARTESIAN_POINT('',(-10.51778129472,9.614508652886,4.));
#6146 = ORIENTED_EDGE('',*,*,#6147,.T.);
#6147 = EDGE_CURVE('',#6121,#6148,#6150,.T.);
#6148 = VERTEX_POINT('',#6149);
#6149 = CARTESIAN_POINT('',(-10.45507699681,9.601530606664,3.51));
#6150 = B_SPLINE_CURVE_WITH_KNOTS('',5,(#6151,#6152,#6153,#6154,#6155,
    #6156),.UNSPECIFIED.,.F.,.F.,(6,6),(0.,1.),
  .PIECEWISE_BEZIER_KNOTS.);
#6151 = CARTESIAN_POINT('',(-10.45507699681,9.601530606664,4.0000006));
#6152 = CARTESIAN_POINT('',(-10.45507699681,9.601530606664,
    3.893700524585));
#6153 = CARTESIAN_POINT('',(-10.45507699681,9.601530606664,
    3.807051538322));
#6154 = CARTESIAN_POINT('',(-10.45507699681,9.601530606664,
    3.699906479312));
#6155 = CARTESIAN_POINT('',(-10.45507699681,9.601530606664,3.58119590178
    ));
#6156 = CARTESIAN_POINT('',(-10.45507699681,9.601530606664,3.5099994));
#6157 = ORIENTED_EDGE('',*,*,#6158,.F.);
#6158 = EDGE_CURVE('',#6159,#6148,#6161,.T.);
#6159 = VERTEX_POINT('',#6160);
#6160 = CARTESIAN_POINT('',(-10.51778129472,9.614508652886,3.51));
#6161 = B_SPLINE_CURVE_WITH_KNOTS('',7,(#6162,#6163,#6164,#6165,#6166,
    #6167,#6168,#6169,#6170,#6171,#6172,#6173,#6174,#6175,#6176,#6177,
    #6178,#6179,#6180,#6181,#6182,#6183,#6184,#6185,#6186,#6187,#6188,
    #6189,#6190,#6191,#6192,#6193,#6194,#6195,#6196,#6197,#6198,#6199),
  .UNSPECIFIED.,.F.,.F.,(8,6,6,6,6,6,8),(0.,0.29599853849,0.591998255967
    ,0.820999393951,0.894999573716,0.968999916493,1.),.UNSPECIFIED.);
#6162 = CARTESIAN_POINT('',(-10.51778129472,9.614508652886,3.51));
#6163 = CARTESIAN_POINT('',(-10.43414766121,9.597579735092,3.51));
#6164 = CARTESIAN_POINT('',(-10.35074127618,9.579520577537,3.51));
#6165 = CARTESIAN_POINT('',(-10.26759063976,9.560297656362,3.51));
#6166 = CARTESIAN_POINT('',(-10.18472339651,9.539879106695,3.51));
#6167 = CARTESIAN_POINT('',(-10.10216454194,9.518243237938,3.51));
#6168 = CARTESIAN_POINT('',(-10.01995308447,9.495344823872,3.51));
#6169 = CARTESIAN_POINT('',(-9.856298198657,9.446948017262,3.51));
#6170 = CARTESIAN_POINT('',(-9.774855951213,9.421449512307,3.51));
#6171 = CARTESIAN_POINT('',(-9.693836878862,9.394609446044,3.51));
#6172 = CARTESIAN_POINT('',(-9.613285664021,9.366381215452,3.51));
#6173 = CARTESIAN_POINT('',(-9.533253846312,9.336712689711,3.51));
#6174 = CARTESIAN_POINT('',(-9.453802476658,9.305542226673,3.51));
#6175 = CARTESIAN_POINT('',(-9.314047394658,9.247453153159,3.51));
#6176 = CARTESIAN_POINT('',(-9.25348160413,9.221169988427,3.51));
#6177 = CARTESIAN_POINT('',(-9.193343839236,9.193905129328,3.51));
#6178 = CARTESIAN_POINT('',(-9.133676107003,9.165615857631,3.51));
#6179 = CARTESIAN_POINT('',(-9.074528284815,9.13625360502,3.51));
#6180 = CARTESIAN_POINT('',(-9.015962912045,9.105757456153,3.51));
#6181 = CARTESIAN_POINT('',(-8.939355854807,9.063791777574,3.51));
#6182 = CARTESIAN_POINT('',(-8.920716637198,9.053415040733,3.51));
#6183 = CARTESIAN_POINT('',(-8.90214960373,9.042908651416,3.51));
#6184 = CARTESIAN_POINT('',(-8.883658873726,9.032268349885,3.51));
#6185 = CARTESIAN_POINT('',(-8.865248079449,9.02149056539,3.51));
#6186 = CARTESIAN_POINT('',(-8.846920431733,9.010572348448,3.51));
#6187 = CARTESIAN_POINT('',(-8.810442196593,8.988444079704,3.51));
#6188 = CARTESIAN_POINT('',(-8.792292074596,8.977233659648,3.51));
#6189 = CARTESIAN_POINT('',(-8.774233204041,8.965874899621,3.51));
#6190 = CARTESIAN_POINT('',(-8.756276167157,8.954356798743,3.51));
#6191 = CARTESIAN_POINT('',(-8.738420545576,8.942680547026,3.51));
#6192 = CARTESIAN_POINT('',(-8.720677734107,8.930834909201,3.51));
#6193 = CARTESIAN_POINT('',(-8.695675971556,8.913772302828,3.51));
#6194 = CARTESIAN_POINT('',(-8.688316015423,8.9087033125,3.51));
#6195 = CARTESIAN_POINT('',(-8.680978219803,8.903602227459,3.51));
#6196 = CARTESIAN_POINT('',(-8.673663233645,8.898468438925,3.51));
#6197 = CARTESIAN_POINT('',(-8.666371700868,8.893301358242,3.51));
#6198 = CARTESIAN_POINT('',(-8.659104260366,8.888100416885,3.51));
#6199 = CARTESIAN_POINT('',(-8.651861546003,8.882865066452,3.51));
#6200 = ORIENTED_EDGE('',*,*,#6201,.F.);
#6201 = EDGE_CURVE('',#2340,#6159,#6202,.T.);
#6202 = LINE('',#6203,#6204);
#6203 = CARTESIAN_POINT('',(-10.51778129472,9.614508652886,0.));
#6204 = VECTOR('',#6205,1.);
#6205 = DIRECTION('',(0.,0.,1.));
#6206 = SURFACE_OF_LINEAR_EXTRUSION('',#6207,#6230);
#6207 = B_SPLINE_CURVE_WITH_KNOTS('',3,(#6208,#6209,#6210,#6211,#6212,
    #6213,#6214,#6215,#6216,#6217,#6218,#6219,#6220,#6221,#6222,#6223,
    #6224,#6225,#6226,#6227,#6228,#6229),.UNSPECIFIED.,.F.,.F.,(4,1,1,1,
    1,1,1,1,1,1,1,1,1,1,1,1,1,1,1,4),(0.,5.083557895354E-02,
    0.107823372855,0.170963381733,0.240255605606,0.31570004449,
    0.397296698396,0.485045567335,0.578946651312,0.678999950336,
    0.785205464409,0.897563193537,1.016073137724,1.140735296972,
    1.271549671283,1.408516260661,1.551635065106,1.700906084621,
    1.856329319208,2.017904768867),.UNSPECIFIED.);
#6208 = CARTESIAN_POINT('',(-8.651861546003,8.882865066452,0.));
#6209 = CARTESIAN_POINT('',(-8.665595369046,8.892792473887,0.));
#6210 = CARTESIAN_POINT('',(-8.694966705824,8.91351052553,0.));
#6211 = CARTESIAN_POINT('',(-8.74226790819,8.945303632479,0.));
#6212 = CARTESIAN_POINT('',(-8.795448587085,8.979349525433,0.));
#6213 = CARTESIAN_POINT('',(-8.854633767112,9.015395861656,0.));
#6214 = CARTESIAN_POINT('',(-8.919936520143,9.053189572469,0.));
#6215 = CARTESIAN_POINT('',(-8.991462648833,9.092472437888,0.));
#6216 = CARTESIAN_POINT('',(-9.069309078312,9.132982778697,0.));
#6217 = CARTESIAN_POINT('',(-9.15356419285,9.174455270908,0.));
#6218 = CARTESIAN_POINT('',(-9.244307590406,9.216621335393,0.));
#6219 = CARTESIAN_POINT('',(-9.341610021839,9.259209358332,0.));
#6220 = CARTESIAN_POINT('',(-9.445533284538,9.301944965834,0.));
#6221 = CARTESIAN_POINT('',(-9.556130138676,9.3445512864,0.));
#6222 = CARTESIAN_POINT('',(-9.673444228094,9.386749218588,0.));
#6223 = CARTESIAN_POINT('',(-9.797510002725,9.428257706737,0.));
#6224 = CARTESIAN_POINT('',(-9.928352677494,9.468793990623,0.));
#6225 = CARTESIAN_POINT('',(-10.06598808174,9.508073970931,0.));
#6226 = CARTESIAN_POINT('',(-10.21042298353,9.545812121738,0.));
#6227 = CARTESIAN_POINT('',(-10.36165356404,9.581723212072,0.));
#6228 = CARTESIAN_POINT('',(-10.46499311578,9.603823397394,0.));
#6229 = CARTESIAN_POINT('',(-10.51778129472,9.614508652886,0.));
#6230 = VECTOR('',#6231,1.);
#6231 = DIRECTION('',(-0.,-0.,-1.));
#6232 = ADVANCED_FACE('',(#6233),#6253,.T.);
#6233 = FACE_BOUND('',#6234,.T.);
#6234 = EDGE_LOOP('',(#6235,#6236,#6237,#6247));
#6235 = ORIENTED_EDGE('',*,*,#2366,.F.);
#6236 = ORIENTED_EDGE('',*,*,#6201,.T.);
#6237 = ORIENTED_EDGE('',*,*,#6238,.F.);
#6238 = EDGE_CURVE('',#6239,#6159,#6241,.T.);
#6239 = VERTEX_POINT('',#6240);
#6240 = CARTESIAN_POINT('',(-10.81218650073,9.282193871787,3.51));
#6241 = B_SPLINE_CURVE_WITH_KNOTS('',4,(#6242,#6243,#6244,#6245,#6246),
  .UNSPECIFIED.,.F.,.F.,(5,5),(0.,1.),.PIECEWISE_BEZIER_KNOTS.);
#6242 = CARTESIAN_POINT('',(-10.81218650073,9.282193871787,3.51));
#6243 = CARTESIAN_POINT('',(-10.73858519922,9.365272567062,3.51));
#6244 = CARTESIAN_POINT('',(-10.66498389772,9.448351262336,3.51));
#6245 = CARTESIAN_POINT('',(-10.59138259622,9.531429957611,3.51));
#6246 = CARTESIAN_POINT('',(-10.51778129472,9.614508652886,3.51));
#6247 = ORIENTED_EDGE('',*,*,#6248,.F.);
#6248 = EDGE_CURVE('',#2367,#6239,#6249,.T.);
#6249 = LINE('',#6250,#6251);
#6250 = CARTESIAN_POINT('',(-10.81218650073,9.282193871787,0.));
#6251 = VECTOR('',#6252,1.);
#6252 = DIRECTION('',(0.,0.,1.));
#6253 = SURFACE_OF_LINEAR_EXTRUSION('',#6254,#6257);
#6254 = B_SPLINE_CURVE_WITH_KNOTS('',1,(#6255,#6256),.UNSPECIFIED.,.F.,
  .F.,(2,2),(0.,0.443967948237),.PIECEWISE_BEZIER_KNOTS.);
#6255 = CARTESIAN_POINT('',(-10.51778129472,9.614508652886,0.));
#6256 = CARTESIAN_POINT('',(-10.81218650073,9.282193871787,0.));
#6257 = VECTOR('',#6258,1.);
#6258 = DIRECTION('',(-0.,-0.,-1.));
#6259 = ADVANCED_FACE('',(#6260),#6339,.T.);
#6260 = FACE_BOUND('',#6261,.T.);
#6261 = EDGE_LOOP('',(#6262,#6263,#6264,#6295,#6306,#6333));
#6262 = ORIENTED_EDGE('',*,*,#2373,.F.);
#6263 = ORIENTED_EDGE('',*,*,#6248,.T.);
#6264 = ORIENTED_EDGE('',*,*,#6265,.F.);
#6265 = EDGE_CURVE('',#6266,#6239,#6268,.T.);
#6266 = VERTEX_POINT('',#6267);
#6267 = CARTESIAN_POINT('',(-10.79174491116,9.221511089418,3.51));
#6268 = B_SPLINE_CURVE_WITH_KNOTS('',7,(#6269,#6270,#6271,#6272,#6273,
    #6274,#6275,#6276,#6277,#6278,#6279,#6280,#6281,#6282,#6283,#6284,
    #6285,#6286,#6287,#6288,#6289,#6290,#6291,#6292,#6293,#6294),
  .UNSPECIFIED.,.F.,.F.,(8,6,6,6,8),(0.,6.500064050239E-02,
    0.278003844969,0.798008401284,1.),.UNSPECIFIED.);
#6269 = CARTESIAN_POINT('',(-9.860965647666,7.518068667919,3.51));
#6270 = CARTESIAN_POINT('',(-9.873693492597,7.531821131746,3.51));
#6271 = CARTESIAN_POINT('',(-9.886284124472,7.545699855342,3.51));
#6272 = CARTESIAN_POINT('',(-9.898742553438,7.55969771049,3.51));
#6273 = CARTESIAN_POINT('',(-9.911071990378,7.573809764106,3.51));
#6274 = CARTESIAN_POINT('',(-9.923278518426,7.588028237126,3.51));
#6275 = CARTESIAN_POINT('',(-9.935369755988,7.602343899084,3.51));
#6276 = CARTESIAN_POINT('',(-9.986597897827,7.663974602569,3.51));
#6277 = CARTESIAN_POINT('',(-10.02463115835,7.712204600765,3.51));
#6278 = CARTESIAN_POINT('',(-10.06158131541,7.76127601649,3.51));
#6279 = CARTESIAN_POINT('',(-10.09752209606,7.811088551325,3.51));
#6280 = CARTESIAN_POINT('',(-10.13250799461,7.861568493627,3.51));
#6281 = CARTESIAN_POINT('',(-10.16659014176,7.912652673221,3.51));
#6282 = CARTESIAN_POINT('',(-10.28089922083,8.090377500272,3.51));
#6283 = CARTESIAN_POINT('',(-10.35682237086,8.219766024558,3.51));
#6284 = CARTESIAN_POINT('',(-10.42815107668,8.351778134866,3.51));
#6285 = CARTESIAN_POINT('',(-10.49517192494,8.48601731972,3.51));
#6286 = CARTESIAN_POINT('',(-10.55814680466,8.622153223533,3.51));
#6287 = CARTESIAN_POINT('',(-10.61727291024,8.759950304496,3.51));
#6288 = CARTESIAN_POINT('',(-10.69426963843,8.953329653574,3.51));
#6289 = CARTESIAN_POINT('',(-10.71525563866,9.007652265206,3.51));
#6290 = CARTESIAN_POINT('',(-10.73569785385,9.062183042863,3.51));
#6291 = CARTESIAN_POINT('',(-10.75560338909,9.116912628656,3.51));
#6292 = CARTESIAN_POINT('',(-10.77498024511,9.171831337386,3.51));
#6293 = CARTESIAN_POINT('',(-10.79383836763,9.226928315397,3.51));
#6294 = CARTESIAN_POINT('',(-10.81218650073,9.282193871787,3.51));
#6295 = ORIENTED_EDGE('',*,*,#6296,.F.);
#6296 = EDGE_CURVE('',#6297,#6266,#6299,.T.);
#6297 = VERTEX_POINT('',#6298);
#6298 = CARTESIAN_POINT('',(-10.79174491116,9.221511089418,4.));
#6299 = B_SPLINE_CURVE_WITH_KNOTS('',5,(#6300,#6301,#6302,#6303,#6304,
    #6305),.UNSPECIFIED.,.F.,.F.,(6,6),(0.,1.),
  .PIECEWISE_BEZIER_KNOTS.);
#6300 = CARTESIAN_POINT('',(-10.79174491116,9.221511089418,4.0000006));
#6301 = CARTESIAN_POINT('',(-10.79174491116,9.221511089418,
    3.893700524585));
#6302 = CARTESIAN_POINT('',(-10.79174491116,9.221511089418,
    3.807051538322));
#6303 = CARTESIAN_POINT('',(-10.79174491116,9.221511089418,
    3.699906479312));
#6304 = CARTESIAN_POINT('',(-10.79174491116,9.221511089418,3.58119590178
    ));
#6305 = CARTESIAN_POINT('',(-10.79174491116,9.221511089418,3.5099994));
#6306 = ORIENTED_EDGE('',*,*,#6307,.T.);
#6307 = EDGE_CURVE('',#6297,#6308,#6310,.T.);
#6308 = VERTEX_POINT('',#6309);
#6309 = CARTESIAN_POINT('',(-9.860965647666,7.518068667919,4.));
#6310 = B_SPLINE_CURVE_WITH_KNOTS('',3,(#6311,#6312,#6313,#6314,#6315,
    #6316,#6317,#6318,#6319,#6320,#6321,#6322,#6323,#6324,#6325,#6326,
    #6327,#6328,#6329,#6330,#6331,#6332),.UNSPECIFIED.,.F.,.F.,(4,1,1,1,
    1,1,1,1,1,1,1,1,1,1,1,1,1,1,1,4),(0.,0.161575449659,0.316998684245,
    0.466269703761,0.609388508206,0.746355097584,0.877169471895,
    1.001831631143,1.120341575329,1.232699304458,1.338904818531,
    1.438958117555,1.532859201532,1.620608070471,1.702204724377,
    1.777649163261,1.846941387134,1.910081396012,1.967069189913,
    2.017904768867),.UNSPECIFIED.);
#6311 = CARTESIAN_POINT('',(-10.81218650073,9.282193871787,4.));
#6312 = CARTESIAN_POINT('',(-10.79521624093,9.231078543332,4.));
#6313 = CARTESIAN_POINT('',(-10.76082098434,9.131156336251,4.));
#6314 = CARTESIAN_POINT('',(-10.70694289416,8.985357000551,4.));
#6315 = CARTESIAN_POINT('',(-10.65207019338,8.846524023235,4.));
#6316 = CARTESIAN_POINT('',(-10.59648649364,8.714626814472,4.));
#6317 = CARTESIAN_POINT('',(-10.54047442325,8.589624239207,4.));
#6318 = CARTESIAN_POINT('',(-10.48431410211,8.471466339123,4.));
#6319 = CARTESIAN_POINT('',(-10.42828318947,8.360094000161,4.));
#6320 = CARTESIAN_POINT('',(-10.37265653931,8.25543914605,4.));
#6321 = CARTESIAN_POINT('',(-10.31770595742,8.157424809201,4.));
#6322 = CARTESIAN_POINT('',(-10.26369993705,8.065965240949,4.));
#6323 = CARTESIAN_POINT('',(-10.21090340275,7.980966022362,4.));
#6324 = CARTESIAN_POINT('',(-10.1595774599,7.902324179005,4.));
#6325 = CARTESIAN_POINT('',(-10.10997913491,7.829928319642,4.));
#6326 = CARTESIAN_POINT('',(-10.0623611637,7.76365872315,4.));
#6327 = CARTESIAN_POINT('',(-10.01697163453,7.703387629149,4.));
#6328 = CARTESIAN_POINT('',(-9.974054131569,7.648978881424,4.));
#6329 = CARTESIAN_POINT('',(-9.93384624902,7.600289728468,4.));
#6330 = CARTESIAN_POINT('',(-9.896583419711,7.557165640691,4.));
#6331 = CARTESIAN_POINT('',(-9.872476102561,7.530505739193,4.));
#6332 = CARTESIAN_POINT('',(-9.860965647666,7.518068667919,4.));
#6333 = ORIENTED_EDGE('',*,*,#6334,.F.);
#6334 = EDGE_CURVE('',#2374,#6308,#6335,.T.);
#6335 = LINE('',#6336,#6337);
#6336 = CARTESIAN_POINT('',(-9.860965647666,7.518068667919,0.));
#6337 = VECTOR('',#6338,1.);
#6338 = DIRECTION('',(0.,0.,1.));
#6339 = SURFACE_OF_LINEAR_EXTRUSION('',#6340,#6363);
#6340 = B_SPLINE_CURVE_WITH_KNOTS('',3,(#6341,#6342,#6343,#6344,#6345,
    #6346,#6347,#6348,#6349,#6350,#6351,#6352,#6353,#6354,#6355,#6356,
    #6357,#6358,#6359,#6360,#6361,#6362),.UNSPECIFIED.,.F.,.F.,(4,1,1,1,
    1,1,1,1,1,1,1,1,1,1,1,1,1,1,1,4),(0.,0.161575449659,0.316998684245,
    0.466269703761,0.609388508206,0.746355097584,0.877169471895,
    1.001831631143,1.120341575329,1.232699304458,1.338904818531,
    1.438958117555,1.532859201532,1.620608070471,1.702204724377,
    1.777649163261,1.846941387134,1.910081396012,1.967069189913,
    2.017904768867),.UNSPECIFIED.);
#6341 = CARTESIAN_POINT('',(-10.81218650073,9.282193871787,0.));
#6342 = CARTESIAN_POINT('',(-10.79521624093,9.231078543332,0.));
#6343 = CARTESIAN_POINT('',(-10.76082098434,9.131156336251,0.));
#6344 = CARTESIAN_POINT('',(-10.70694289416,8.985357000551,0.));
#6345 = CARTESIAN_POINT('',(-10.65207019338,8.846524023235,0.));
#6346 = CARTESIAN_POINT('',(-10.59648649364,8.714626814472,0.));
#6347 = CARTESIAN_POINT('',(-10.54047442325,8.589624239207,0.));
#6348 = CARTESIAN_POINT('',(-10.48431410211,8.471466339123,0.));
#6349 = CARTESIAN_POINT('',(-10.42828318947,8.360094000161,0.));
#6350 = CARTESIAN_POINT('',(-10.37265653931,8.25543914605,0.));
#6351 = CARTESIAN_POINT('',(-10.31770595742,8.157424809201,0.));
#6352 = CARTESIAN_POINT('',(-10.26369993705,8.065965240949,0.));
#6353 = CARTESIAN_POINT('',(-10.21090340275,7.980966022362,0.));
#6354 = CARTESIAN_POINT('',(-10.1595774599,7.902324179005,0.));
#6355 = CARTESIAN_POINT('',(-10.10997913491,7.829928319642,0.));
#6356 = CARTESIAN_POINT('',(-10.0623611637,7.76365872315,0.));
#6357 = CARTESIAN_POINT('',(-10.01697163453,7.703387629149,0.));
#6358 = CARTESIAN_POINT('',(-9.974054131569,7.648978881424,0.));
#6359 = CARTESIAN_POINT('',(-9.93384624902,7.600289728468,0.));
#6360 = CARTESIAN_POINT('',(-9.896583419711,7.557165640691,0.));
#6361 = CARTESIAN_POINT('',(-9.872476102561,7.530505739193,0.));
#6362 = CARTESIAN_POINT('',(-9.860965647666,7.518068667919,0.));
#6363 = VECTOR('',#6364,1.);
#6364 = DIRECTION('',(-0.,-0.,-1.));
#6365 = ADVANCED_FACE('',(#6366),#6383,.T.);
#6366 = FACE_BOUND('',#6367,.T.);
#6367 = EDGE_LOOP('',(#6368,#6369,#6376,#6382));
#6368 = ORIENTED_EDGE('',*,*,#6334,.T.);
#6369 = ORIENTED_EDGE('',*,*,#6370,.T.);
#6370 = EDGE_CURVE('',#6308,#6371,#6373,.T.);
#6371 = VERTEX_POINT('',#6372);
#6372 = CARTESIAN_POINT('',(-10.52626292775,6.554219158365,4.));
#6373 = B_SPLINE_CURVE_WITH_KNOTS('',1,(#6374,#6375),.UNSPECIFIED.,.F.,
  .F.,(2,2),(0.,1.171164526424),.PIECEWISE_BEZIER_KNOTS.);
#6374 = CARTESIAN_POINT('',(-9.860965647666,7.518068667919,4.));
#6375 = CARTESIAN_POINT('',(-10.52626292775,6.554219158365,4.));
#6376 = ORIENTED_EDGE('',*,*,#6377,.F.);
#6377 = EDGE_CURVE('',#2401,#6371,#6378,.T.);
#6378 = LINE('',#6379,#6380);
#6379 = CARTESIAN_POINT('',(-10.52626292775,6.554219158365,0.));
#6380 = VECTOR('',#6381,1.);
#6381 = DIRECTION('',(0.,0.,1.));
#6382 = ORIENTED_EDGE('',*,*,#2400,.F.);
#6383 = SURFACE_OF_LINEAR_EXTRUSION('',#6384,#6387);
#6384 = B_SPLINE_CURVE_WITH_KNOTS('',1,(#6385,#6386),.UNSPECIFIED.,.F.,
  .F.,(2,2),(0.,1.171164526424),.PIECEWISE_BEZIER_KNOTS.);
#6385 = CARTESIAN_POINT('',(-9.860965647666,7.518068667919,0.));
#6386 = CARTESIAN_POINT('',(-10.52626292775,6.554219158365,0.));
#6387 = VECTOR('',#6388,1.);
#6388 = DIRECTION('',(-0.,-0.,-1.));
#6389 = ADVANCED_FACE('',(#6390),#6481,.T.);
#6390 = FACE_BOUND('',#6391,.T.);
#6391 = EDGE_LOOP('',(#6392,#6393,#6394,#6421,#6432,#6475));
#6392 = ORIENTED_EDGE('',*,*,#2407,.F.);
#6393 = ORIENTED_EDGE('',*,*,#6377,.T.);
#6394 = ORIENTED_EDGE('',*,*,#6395,.T.);
#6395 = EDGE_CURVE('',#6371,#6396,#6398,.T.);
#6396 = VERTEX_POINT('',#6397);
#6397 = CARTESIAN_POINT('',(-12.44906813592,6.820463880636,4.));
#6398 = B_SPLINE_CURVE_WITH_KNOTS('',3,(#6399,#6400,#6401,#6402,#6403,
    #6404,#6405,#6406,#6407,#6408,#6409,#6410,#6411,#6412,#6413,#6414,
    #6415,#6416,#6417,#6418,#6419,#6420),.UNSPECIFIED.,.F.,.F.,(4,1,1,1,
    1,1,1,1,1,1,1,1,1,1,1,1,1,1,1,4),(0.,5.083557895354E-02,
    0.107823372855,0.170963381733,0.240255605606,0.31570004449,
    0.397296698396,0.485045567335,0.578946651312,0.678999950336,
    0.785205464409,0.897563193537,1.016073137724,1.140735296972,
    1.271549671283,1.408516260661,1.551635065106,1.700906084621,
    1.856329319208,2.017904768867),.UNSPECIFIED.);
#6399 = CARTESIAN_POINT('',(-10.52626292775,6.554219158365,4.));
#6400 = CARTESIAN_POINT('',(-10.54197345496,6.560571374398,4.));
#6401 = CARTESIAN_POINT('',(-10.57544946836,6.573658376142,4.));
#6402 = CARTESIAN_POINT('',(-10.62898477226,6.593207714519,4.));
#6403 = CARTESIAN_POINT('',(-10.68876783277,6.613537326202,4.));
#6404 = CARTESIAN_POINT('',(-10.75485965193,6.634372280732,4.));
#6405 = CARTESIAN_POINT('',(-10.82730945264,6.655439803275,4.));
#6406 = CARTESIAN_POINT('',(-10.90615816706,6.676463857017,4.));
#6407 = CARTESIAN_POINT('',(-10.9914372799,6.697167170964,4.));
#6408 = CARTESIAN_POINT('',(-11.08316911096,6.717270979219,4.));
#6409 = CARTESIAN_POINT('',(-11.18136667004,6.736495458038,4.));
#6410 = CARTESIAN_POINT('',(-11.28603365065,6.754559954416,4.));
#6411 = CARTESIAN_POINT('',(-11.39716439251,6.771183278185,4.));
#6412 = CARTESIAN_POINT('',(-11.51474386298,6.786083976893,4.));
#6413 = CARTESIAN_POINT('',(-11.63874764434,6.798980614624,4.));
#6414 = CARTESIAN_POINT('',(-11.76914192445,6.809592058274,4.));
#6415 = CARTESIAN_POINT('',(-11.9058835166,6.817637729793,4.));
#6416 = CARTESIAN_POINT('',(-12.04891980072,6.822837997063,4.));
#6417 = CARTESIAN_POINT('',(-12.19818901739,6.824914011327,4.));
#6418 = CARTESIAN_POINT('',(-12.35361919853,6.823589743805,4.));
#6419 = CARTESIAN_POINT('',(-12.45924481123,6.820316964437,4.));
#6420 = CARTESIAN_POINT('',(-12.51305621065,6.818058687714,4.));
#6421 = ORIENTED_EDGE('',*,*,#6422,.T.);
#6422 = EDGE_CURVE('',#6396,#6423,#6425,.T.);
#6423 = VERTEX_POINT('',#6424);
#6424 = CARTESIAN_POINT('',(-12.44906813592,6.820463880636,3.51));
#6425 = B_SPLINE_CURVE_WITH_KNOTS('',5,(#6426,#6427,#6428,#6429,#6430,
    #6431),.UNSPECIFIED.,.F.,.F.,(6,6),(0.,1.),
  .PIECEWISE_BEZIER_KNOTS.);
#6426 = CARTESIAN_POINT('',(-12.44906813592,6.820463880636,4.0000006));
#6427 = CARTESIAN_POINT('',(-12.44906813592,6.820463880636,
    3.893700524585));
#6428 = CARTESIAN_POINT('',(-12.44906813592,6.820463880636,
    3.807051538322));
#6429 = CARTESIAN_POINT('',(-12.44906813592,6.820463880636,
    3.699906479312));
#6430 = CARTESIAN_POINT('',(-12.44906813592,6.820463880636,3.58119590178
    ));
#6431 = CARTESIAN_POINT('',(-12.44906813592,6.820463880636,3.5099994));
#6432 = ORIENTED_EDGE('',*,*,#6433,.F.);
#6433 = EDGE_CURVE('',#6434,#6423,#6436,.T.);
#6434 = VERTEX_POINT('',#6435);
#6435 = CARTESIAN_POINT('',(-12.51305621065,6.818058687714,3.51));
#6436 = B_SPLINE_CURVE_WITH_KNOTS('',7,(#6437,#6438,#6439,#6440,#6441,
    #6442,#6443,#6444,#6445,#6446,#6447,#6448,#6449,#6450,#6451,#6452,
    #6453,#6454,#6455,#6456,#6457,#6458,#6459,#6460,#6461,#6462,#6463,
    #6464,#6465,#6466,#6467,#6468,#6469,#6470,#6471,#6472,#6473,#6474),
  .UNSPECIFIED.,.F.,.F.,(8,6,6,6,6,6,8),(0.,0.29599853849,0.591998255967
    ,0.820999393951,0.894999573716,0.968999916493,1.),.UNSPECIFIED.);
#6437 = CARTESIAN_POINT('',(-12.51305621065,6.818058687714,3.51));
#6438 = CARTESIAN_POINT('',(-12.42780146332,6.821636532064,3.51));
#6439 = CARTESIAN_POINT('',(-12.34249687697,6.824062595245,3.51));
#6440 = CARTESIAN_POINT('',(-12.25716210078,6.825297507013,3.51));
#6441 = CARTESIAN_POINT('',(-12.17181635023,6.825303712658,3.51));
#6442 = CARTESIAN_POINT('',(-12.08647870363,6.824054170049,3.51));
#6443 = CARTESIAN_POINT('',(-12.00117621252,6.821495631837,3.51));
#6444 = CARTESIAN_POINT('',(-11.83069472633,6.813670326182,3.51));
#6445 = CARTESIAN_POINT('',(-11.74551685093,6.808403166987,3.51));
#6446 = CARTESIAN_POINT('',(-11.66042879729,6.80173215739,3.51));
#6447 = CARTESIAN_POINT('',(-11.5754627966,6.793601355365,3.51));
#6448 = CARTESIAN_POINT('',(-11.49065641512,6.783947810681,3.51));
#6449 = CARTESIAN_POINT('',(-11.4060541778,6.772697061956,3.51));
#6450 = CARTESIAN_POINT('',(-11.25645849927,6.749741531632,3.51));
#6451 = CARTESIAN_POINT('',(-11.19136266752,6.738716450293,3.51));
#6452 = CARTESIAN_POINT('',(-11.12644748891,6.726635767602,3.51));
#6453 = CARTESIAN_POINT('',(-11.06174352668,6.713447953702,3.51));
#6454 = CARTESIAN_POINT('',(-10.99728758572,6.699093915147,3.51));
#6455 = CARTESIAN_POINT('',(-10.93312581012,6.68349954003,3.51));
#6456 = CARTESIAN_POINT('',(-10.84870177049,6.661086576593,3.51));
#6457 = CARTESIAN_POINT('',(-10.828120859,6.65547202561,3.51));
#6458 = CARTESIAN_POINT('',(-10.80757900625,6.64971431482,3.51));
#6459 = CARTESIAN_POINT('',(-10.78707919242,6.643808322448,3.51));
#6460 = CARTESIAN_POINT('',(-10.76662408971,6.637749712244,3.51));
#6461 = CARTESIAN_POINT('',(-10.74621610979,6.631534852032,3.51));
#6462 = CARTESIAN_POINT('',(-10.70550222453,6.618779403636,3.51));
#6463 = CARTESIAN_POINT('',(-10.68519668297,6.612238346514,3.51));
#6464 = CARTESIAN_POINT('',(-10.66494424117,6.605531422013,3.51));
#6465 = CARTESIAN_POINT('',(-10.64475254118,6.598645416424,3.51));
#6466 = CARTESIAN_POINT('',(-10.62462146157,6.591581585301,3.51));
#6467 = CARTESIAN_POINT('',(-10.60455937727,6.584326292896,3.51));
#6468 = CARTESIAN_POINT('',(-10.57620077153,6.573742808267,3.51));
#6469 = CARTESIAN_POINT('',(-10.56784159355,6.570582466377,3.51));
#6470 = CARTESIAN_POINT('',(-10.55949625138,6.56738565903,3.51));
#6471 = CARTESIAN_POINT('',(-10.55116522942,6.564151639832,3.51));
#6472 = CARTESIAN_POINT('',(-10.54284901198,6.560879683133,3.51));
#6473 = CARTESIAN_POINT('',(-10.53454808336,6.557569084031,3.51));
#6474 = CARTESIAN_POINT('',(-10.52626292775,6.554219158365,3.51));
#6475 = ORIENTED_EDGE('',*,*,#6476,.F.);
#6476 = EDGE_CURVE('',#2408,#6434,#6477,.T.);
#6477 = LINE('',#6478,#6479);
#6478 = CARTESIAN_POINT('',(-12.51305621065,6.818058687714,0.));
#6479 = VECTOR('',#6480,1.);
#6480 = DIRECTION('',(0.,0.,1.));
#6481 = SURFACE_OF_LINEAR_EXTRUSION('',#6482,#6505);
#6482 = B_SPLINE_CURVE_WITH_KNOTS('',3,(#6483,#6484,#6485,#6486,#6487,
    #6488,#6489,#6490,#6491,#6492,#6493,#6494,#6495,#6496,#6497,#6498,
    #6499,#6500,#6501,#6502,#6503,#6504),.UNSPECIFIED.,.F.,.F.,(4,1,1,1,
    1,1,1,1,1,1,1,1,1,1,1,1,1,1,1,4),(0.,5.083557895354E-02,
    0.107823372855,0.170963381733,0.240255605606,0.31570004449,
    0.397296698396,0.485045567335,0.578946651312,0.678999950336,
    0.785205464409,0.897563193537,1.016073137724,1.140735296972,
    1.271549671283,1.408516260661,1.551635065106,1.700906084621,
    1.856329319208,2.017904768867),.UNSPECIFIED.);
#6483 = CARTESIAN_POINT('',(-10.52626292775,6.554219158365,0.));
#6484 = CARTESIAN_POINT('',(-10.54197345496,6.560571374398,0.));
#6485 = CARTESIAN_POINT('',(-10.57544946836,6.573658376142,0.));
#6486 = CARTESIAN_POINT('',(-10.62898477226,6.593207714519,0.));
#6487 = CARTESIAN_POINT('',(-10.68876783277,6.613537326202,0.));
#6488 = CARTESIAN_POINT('',(-10.75485965193,6.634372280732,0.));
#6489 = CARTESIAN_POINT('',(-10.82730945264,6.655439803275,0.));
#6490 = CARTESIAN_POINT('',(-10.90615816706,6.676463857017,0.));
#6491 = CARTESIAN_POINT('',(-10.9914372799,6.697167170964,0.));
#6492 = CARTESIAN_POINT('',(-11.08316911096,6.717270979219,0.));
#6493 = CARTESIAN_POINT('',(-11.18136667004,6.736495458038,0.));
#6494 = CARTESIAN_POINT('',(-11.28603365065,6.754559954416,0.));
#6495 = CARTESIAN_POINT('',(-11.39716439251,6.771183278185,0.));
#6496 = CARTESIAN_POINT('',(-11.51474386298,6.786083976893,0.));
#6497 = CARTESIAN_POINT('',(-11.63874764434,6.798980614624,0.));
#6498 = CARTESIAN_POINT('',(-11.76914192445,6.809592058274,0.));
#6499 = CARTESIAN_POINT('',(-11.9058835166,6.817637729793,0.));
#6500 = CARTESIAN_POINT('',(-12.04891980072,6.822837997063,0.));
#6501 = CARTESIAN_POINT('',(-12.19818901739,6.824914011327,0.));
#6502 = CARTESIAN_POINT('',(-12.35361919853,6.823589743805,0.));
#6503 = CARTESIAN_POINT('',(-12.45924481123,6.820316964437,0.));
#6504 = CARTESIAN_POINT('',(-12.51305621065,6.818058687714,0.));
#6505 = VECTOR('',#6506,1.);
#6506 = DIRECTION('',(-0.,-0.,-1.));
#6507 = ADVANCED_FACE('',(#6508),#6528,.T.);
#6508 = FACE_BOUND('',#6509,.T.);
#6509 = EDGE_LOOP('',(#6510,#6511,#6512,#6522));
#6510 = ORIENTED_EDGE('',*,*,#2434,.F.);
#6511 = ORIENTED_EDGE('',*,*,#6476,.T.);
#6512 = ORIENTED_EDGE('',*,*,#6513,.F.);
#6513 = EDGE_CURVE('',#6514,#6434,#6516,.T.);
#6514 = VERTEX_POINT('',#6515);
#6515 = CARTESIAN_POINT('',(-12.71937840384,6.424944592751,3.51));
#6516 = B_SPLINE_CURVE_WITH_KNOTS('',4,(#6517,#6518,#6519,#6520,#6521),
  .UNSPECIFIED.,.F.,.F.,(5,5),(0.,1.),.PIECEWISE_BEZIER_KNOTS.);
#6517 = CARTESIAN_POINT('',(-12.71937840384,6.424944592751,3.51));
#6518 = CARTESIAN_POINT('',(-12.66779785554,6.523223116492,3.51));
#6519 = CARTESIAN_POINT('',(-12.61621730724,6.621501640232,3.51));
#6520 = CARTESIAN_POINT('',(-12.56463675894,6.719780163973,3.51));
#6521 = CARTESIAN_POINT('',(-12.51305621065,6.818058687714,3.51));
#6522 = ORIENTED_EDGE('',*,*,#6523,.F.);
#6523 = EDGE_CURVE('',#2435,#6514,#6524,.T.);
#6524 = LINE('',#6525,#6526);
#6525 = CARTESIAN_POINT('',(-12.71937840384,6.424944592751,0.));
#6526 = VECTOR('',#6527,1.);
#6527 = DIRECTION('',(0.,0.,1.));
#6528 = SURFACE_OF_LINEAR_EXTRUSION('',#6529,#6532);
#6529 = B_SPLINE_CURVE_WITH_KNOTS('',1,(#6530,#6531),.UNSPECIFIED.,.F.,
  .F.,(2,2),(0.,0.443967948237),.PIECEWISE_BEZIER_KNOTS.);
#6530 = CARTESIAN_POINT('',(-12.51305621065,6.818058687714,0.));
#6531 = CARTESIAN_POINT('',(-12.71937840384,6.424944592751,0.));
#6532 = VECTOR('',#6533,1.);
#6533 = DIRECTION('',(-0.,-0.,-1.));
#6534 = ADVANCED_FACE('',(#6535),#6614,.T.);
#6535 = FACE_BOUND('',#6536,.T.);
#6536 = EDGE_LOOP('',(#6537,#6538,#6539,#6570,#6581,#6608));
#6537 = ORIENTED_EDGE('',*,*,#2441,.F.);
#6538 = ORIENTED_EDGE('',*,*,#6523,.T.);
#6539 = ORIENTED_EDGE('',*,*,#6540,.F.);
#6540 = EDGE_CURVE('',#6541,#6514,#6543,.T.);
#6541 = VERTEX_POINT('',#6542);
#6542 = CARTESIAN_POINT('',(-12.68500846934,6.370917134336,3.51));
#6543 = B_SPLINE_CURVE_WITH_KNOTS('',7,(#6544,#6545,#6546,#6547,#6548,
    #6549,#6550,#6551,#6552,#6553,#6554,#6555,#6556,#6557,#6558,#6559,
    #6560,#6561,#6562,#6563,#6564,#6565,#6566,#6567,#6568,#6569),
  .UNSPECIFIED.,.F.,.F.,(8,6,6,6,8),(0.,6.500064050251E-02,
    0.278003844969,0.798008401284,1.),.UNSPECIFIED.);
#6544 = CARTESIAN_POINT('',(-11.37361550494,4.939723711475,3.51));
#6545 = CARTESIAN_POINT('',(-11.38926468184,4.950030581032,3.51));
#6546 = CARTESIAN_POINT('',(-11.4048108488,4.960492878713,3.51));
#6547 = CARTESIAN_POINT('',(-11.42025716446,4.971102484428,3.51));
#6548 = CARTESIAN_POINT('',(-11.43560556586,4.981853840021,3.51));
#6549 = CARTESIAN_POINT('',(-11.4508600977,4.992737936688,3.51));
#6550 = CARTESIAN_POINT('',(-11.46602594803,5.003743988978,3.51));
#6551 = CARTESIAN_POINT('',(-11.53051468591,5.051324119435,3.51));
#6552 = CARTESIAN_POINT('',(-11.57898496307,5.089050686529,3.51));
#6553 = CARTESIAN_POINT('',(-11.62660497417,5.127853424715,3.51));
#6554 = CARTESIAN_POINT('',(-11.67342230091,5.167617306022,3.51));
#6555 = CARTESIAN_POINT('',(-11.71947221377,5.208257719391,3.51));
#6556 = CARTESIAN_POINT('',(-11.76478924003,5.249701093883,3.51));
#6557 = CARTESIAN_POINT('',(-11.91830904006,5.394905607269,3.51));
#6558 = CARTESIAN_POINT('',(-12.02299070198,5.50236473711,3.51));
#6559 = CARTESIAN_POINT('',(-12.12383929111,5.613470738798,3.51));
#6560 = CARTESIAN_POINT('',(-12.22103817503,5.727770038088,3.51));
#6561 = CARTESIAN_POINT('',(-12.31476257344,5.844879204779,3.51));
#6562 = CARTESIAN_POINT('',(-12.40514758182,5.964522349772,3.51));
#6563 = CARTESIAN_POINT('',(-12.52618563241,6.133855923263,3.51));
#6564 = CARTESIAN_POINT('',(-12.5595620695,6.181577739944,3.51));
#6565 = CARTESIAN_POINT('',(-12.59246034036,6.229631809998,3.51));
#6566 = CARTESIAN_POINT('',(-12.62488510409,6.278007347108,3.51));
#6567 = CARTESIAN_POINT('',(-12.65684181116,6.326693032801,3.51));
#6568 = CARTESIAN_POINT('',(-12.6883375208,6.375675948648,3.51));
#6569 = CARTESIAN_POINT('',(-12.71937840384,6.424944592751,3.51));
#6570 = ORIENTED_EDGE('',*,*,#6571,.F.);
#6571 = EDGE_CURVE('',#6572,#6541,#6574,.T.);
#6572 = VERTEX_POINT('',#6573);
#6573 = CARTESIAN_POINT('',(-12.68500846934,6.370917134336,4.));
#6574 = B_SPLINE_CURVE_WITH_KNOTS('',5,(#6575,#6576,#6577,#6578,#6579,
    #6580),.UNSPECIFIED.,.F.,.F.,(6,6),(0.,1.),
  .PIECEWISE_BEZIER_KNOTS.);
#6575 = CARTESIAN_POINT('',(-12.68500846934,6.370917134336,4.0000006));
#6576 = CARTESIAN_POINT('',(-12.68500846934,6.370917134336,
    3.893700524585));
#6577 = CARTESIAN_POINT('',(-12.68500846934,6.370917134336,
    3.807051538322));
#6578 = CARTESIAN_POINT('',(-12.68500846934,6.370917134336,
    3.699906479312));
#6579 = CARTESIAN_POINT('',(-12.68500846934,6.370917134336,3.58119590178
    ));
#6580 = CARTESIAN_POINT('',(-12.68500846934,6.370917134336,3.5099994));
#6581 = ORIENTED_EDGE('',*,*,#6582,.T.);
#6582 = EDGE_CURVE('',#6572,#6583,#6585,.T.);
#6583 = VERTEX_POINT('',#6584);
#6584 = CARTESIAN_POINT('',(-11.37361550494,4.939723711475,4.));
#6585 = B_SPLINE_CURVE_WITH_KNOTS('',3,(#6586,#6587,#6588,#6589,#6590,
    #6591,#6592,#6593,#6594,#6595,#6596,#6597,#6598,#6599,#6600,#6601,
    #6602,#6603,#6604,#6605,#6606,#6607),.UNSPECIFIED.,.F.,.F.,(4,1,1,1,
    1,1,1,1,1,1,1,1,1,1,1,1,1,1,1,4),(0.,0.161575449659,0.316998684245,
    0.466269703761,0.609388508206,0.746355097584,0.877169471895,
    1.001831631143,1.120341575329,1.232699304458,1.338904818531,
    1.438958117555,1.532859201532,1.620608070471,1.702204724377,
    1.777649163261,1.846941387134,1.910081396012,1.967069189913,
    2.017904768867),.UNSPECIFIED.);
#6586 = CARTESIAN_POINT('',(-12.71937840384,6.424944592751,4.));
#6587 = CARTESIAN_POINT('',(-12.69066857016,6.379375831838,4.));
#6588 = CARTESIAN_POINT('',(-12.63335982785,6.290588506174,4.));
#6589 = CARTESIAN_POINT('',(-12.54615527218,6.161919705132,4.));
#6590 = CARTESIAN_POINT('',(-12.45965216617,6.040252858655,4.));
#6591 = CARTESIAN_POINT('',(-12.37411855959,5.925490393092,4.));
#6592 = CARTESIAN_POINT('',(-12.28981902383,5.817524731315,4.));
#6593 = CARTESIAN_POINT('',(-12.20701358321,5.716240329625,4.));
#6594 = CARTESIAN_POINT('',(-12.12595768178,5.621513343501,4.));
#6595 = CARTESIAN_POINT('',(-12.04690189504,5.533211897983,4.));
#6596 = CARTESIAN_POINT('',(-11.97009171105,5.451196214638,4.));
#6597 = CARTESIAN_POINT('',(-11.89576730015,5.375318781859,4.));
#6598 = CARTESIAN_POINT('',(-11.82416329273,5.305424523761,4.));
#6599 = CARTESIAN_POINT('',(-11.75550856351,5.241350971555,4.));
#6600 = CARTESIAN_POINT('',(-11.69002601253,5.182928460383,4.));
#6601 = CARTESIAN_POINT('',(-11.62793238052,5.129980264336,4.));
#6602 = CARTESIAN_POINT('',(-11.56943797167,5.082322964114,4.));
#6603 = CARTESIAN_POINT('',(-11.51474670774,5.039766066447,4.));
#6604 = CARTESIAN_POINT('',(-11.4640551162,5.002114107908,4.));
#6605 = CARTESIAN_POINT('',(-11.41755480727,4.969160706497,4.));
#6606 = CARTESIAN_POINT('',(-11.38776787291,4.949044751902,4.));
#6607 = CARTESIAN_POINT('',(-11.37361550494,4.939723711475,4.));
#6608 = ORIENTED_EDGE('',*,*,#6609,.F.);
#6609 = EDGE_CURVE('',#2442,#6583,#6610,.T.);
#6610 = LINE('',#6611,#6612);
#6611 = CARTESIAN_POINT('',(-11.37361550494,4.939723711475,0.));
#6612 = VECTOR('',#6613,1.);
#6613 = DIRECTION('',(0.,0.,1.));
#6614 = SURFACE_OF_LINEAR_EXTRUSION('',#6615,#6638);
#6615 = B_SPLINE_CURVE_WITH_KNOTS('',3,(#6616,#6617,#6618,#6619,#6620,
    #6621,#6622,#6623,#6624,#6625,#6626,#6627,#6628,#6629,#6630,#6631,
    #6632,#6633,#6634,#6635,#6636,#6637),.UNSPECIFIED.,.F.,.F.,(4,1,1,1,
    1,1,1,1,1,1,1,1,1,1,1,1,1,1,1,4),(0.,0.161575449659,0.316998684245,
    0.466269703761,0.609388508206,0.746355097584,0.877169471895,
    1.001831631143,1.120341575329,1.232699304458,1.338904818531,
    1.438958117555,1.532859201532,1.620608070471,1.702204724377,
    1.777649163261,1.846941387134,1.910081396012,1.967069189913,
    2.017904768867),.UNSPECIFIED.);
#6616 = CARTESIAN_POINT('',(-12.71937840384,6.424944592751,0.));
#6617 = CARTESIAN_POINT('',(-12.69066857016,6.379375831838,0.));
#6618 = CARTESIAN_POINT('',(-12.63335982785,6.290588506174,0.));
#6619 = CARTESIAN_POINT('',(-12.54615527218,6.161919705132,0.));
#6620 = CARTESIAN_POINT('',(-12.45965216617,6.040252858655,0.));
#6621 = CARTESIAN_POINT('',(-12.37411855959,5.925490393092,0.));
#6622 = CARTESIAN_POINT('',(-12.28981902383,5.817524731315,0.));
#6623 = CARTESIAN_POINT('',(-12.20701358321,5.716240329625,0.));
#6624 = CARTESIAN_POINT('',(-12.12595768178,5.621513343501,0.));
#6625 = CARTESIAN_POINT('',(-12.04690189504,5.533211897983,0.));
#6626 = CARTESIAN_POINT('',(-11.97009171105,5.451196214638,0.));
#6627 = CARTESIAN_POINT('',(-11.89576730015,5.375318781859,0.));
#6628 = CARTESIAN_POINT('',(-11.82416329273,5.305424523761,0.));
#6629 = CARTESIAN_POINT('',(-11.75550856351,5.241350971555,0.));
#6630 = CARTESIAN_POINT('',(-11.69002601253,5.182928460383,0.));
#6631 = CARTESIAN_POINT('',(-11.62793238052,5.129980264336,0.));
#6632 = CARTESIAN_POINT('',(-11.56943797167,5.082322964114,0.));
#6633 = CARTESIAN_POINT('',(-11.51474670774,5.039766066447,0.));
#6634 = CARTESIAN_POINT('',(-11.4640551162,5.002114107908,0.));
#6635 = CARTESIAN_POINT('',(-11.41755480727,4.969160706497,0.));
#6636 = CARTESIAN_POINT('',(-11.38776787291,4.949044751902,0.));
#6637 = CARTESIAN_POINT('',(-11.37361550494,4.939723711475,0.));
#6638 = VECTOR('',#6639,1.);
#6639 = DIRECTION('',(-0.,-0.,-1.));
#6640 = ADVANCED_FACE('',(#6641),#6658,.T.);
#6641 = FACE_BOUND('',#6642,.T.);
#6642 = EDGE_LOOP('',(#6643,#6644,#6651,#6657));
#6643 = ORIENTED_EDGE('',*,*,#6609,.T.);
#6644 = ORIENTED_EDGE('',*,*,#6645,.T.);
#6645 = EDGE_CURVE('',#6583,#6646,#6648,.T.);
#6646 = VERTEX_POINT('',#6647);
#6647 = CARTESIAN_POINT('',(-11.78891616954,3.844665856412,4.));
#6648 = B_SPLINE_CURVE_WITH_KNOTS('',1,(#6649,#6650),.UNSPECIFIED.,.F.,
  .F.,(2,2),(0.,1.171164526424),.PIECEWISE_BEZIER_KNOTS.);
#6649 = CARTESIAN_POINT('',(-11.37361550494,4.939723711475,4.));
#6650 = CARTESIAN_POINT('',(-11.78891616954,3.844665856412,4.));
#6651 = ORIENTED_EDGE('',*,*,#6652,.F.);
#6652 = EDGE_CURVE('',#2469,#6646,#6653,.T.);
#6653 = LINE('',#6654,#6655);
#6654 = CARTESIAN_POINT('',(-11.78891616954,3.844665856412,0.));
#6655 = VECTOR('',#6656,1.);
#6656 = DIRECTION('',(0.,0.,1.));
#6657 = ORIENTED_EDGE('',*,*,#2468,.F.);
#6658 = SURFACE_OF_LINEAR_EXTRUSION('',#6659,#6662);
#6659 = B_SPLINE_CURVE_WITH_KNOTS('',1,(#6660,#6661),.UNSPECIFIED.,.F.,
  .F.,(2,2),(0.,1.171164526424),.PIECEWISE_BEZIER_KNOTS.);
#6660 = CARTESIAN_POINT('',(-11.37361550494,4.939723711475,0.));
#6661 = CARTESIAN_POINT('',(-11.78891616954,3.844665856412,0.));
#6662 = VECTOR('',#6663,1.);
#6663 = DIRECTION('',(-0.,-0.,-1.));
#6664 = ADVANCED_FACE('',(#6665),#6756,.T.);
#6665 = FACE_BOUND('',#6666,.T.);
#6666 = EDGE_LOOP('',(#6667,#6668,#6669,#6696,#6707,#6750));
#6667 = ORIENTED_EDGE('',*,*,#2475,.F.);
#6668 = ORIENTED_EDGE('',*,*,#6652,.T.);
#6669 = ORIENTED_EDGE('',*,*,#6670,.T.);
#6670 = EDGE_CURVE('',#6646,#6671,#6673,.T.);
#6671 = VERTEX_POINT('',#6672);
#6672 = CARTESIAN_POINT('',(-13.7195646855,3.643016585243,4.));
#6673 = B_SPLINE_CURVE_WITH_KNOTS('',3,(#6674,#6675,#6676,#6677,#6678,
    #6679,#6680,#6681,#6682,#6683,#6684,#6685,#6686,#6687,#6688,#6689,
    #6690,#6691,#6692,#6693,#6694,#6695),.UNSPECIFIED.,.F.,.F.,(4,1,1,1,
    1,1,1,1,1,1,1,1,1,1,1,1,1,1,1,4),(0.,5.083557895354E-02,
    0.107823372855,0.170963381733,0.240255605606,0.31570004449,
    0.397296698396,0.485045567335,0.578946651312,0.678999950336,
    0.785205464409,0.897563193537,1.016073137724,1.140735296972,
    1.271549671283,1.408516260661,1.551635065106,1.700906084621,
    1.856329319208,2.017904768867),.UNSPECIFIED.);
#6674 = CARTESIAN_POINT('',(-11.78891616954,3.844665856412,4.));
#6675 = CARTESIAN_POINT('',(-11.80569036218,3.847073713336,4.));
#6676 = CARTESIAN_POINT('',(-11.84132554799,3.851769096208,4.));
#6677 = CARTESIAN_POINT('',(-11.89798367616,3.857938529526,4.));
#6678 = CARTESIAN_POINT('',(-11.9608947441,3.863370376803,4.));
#6679 = CARTESIAN_POINT('',(-12.0300521861,3.867783097814,4.));
#6680 = CARTESIAN_POINT('',(-12.10543851543,3.870900064254,4.));
#6681 = CARTESIAN_POINT('',(-12.1870274149,3.872443464735,4.));
#6682 = CARTESIAN_POINT('',(-12.27478309904,3.872136550466,4.));
#6683 = CARTESIAN_POINT('',(-12.36866052603,3.869703314504,4.));
#6684 = CARTESIAN_POINT('',(-12.46860536142,3.864868950826,4.));
#6685 = CARTESIAN_POINT('',(-12.57455402676,3.857360077775,4.));
#6686 = CARTESIAN_POINT('',(-12.686433733,3.846905030657,4.));
#6687 = CARTESIAN_POINT('',(-12.80416252835,3.83323413306,4.));
#6688 = CARTESIAN_POINT('',(-12.92764935262,3.816079970626,4.));
#6689 = CARTESIAN_POINT('',(-13.05679409663,3.795177671245,4.));
#6690 = CARTESIAN_POINT('',(-13.19148768184,3.770265145212,4.));
#6691 = CARTESIAN_POINT('',(-13.33161209693,3.741083478814,4.));
#6692 = CARTESIAN_POINT('',(-13.47704064418,3.707376706131,4.));
#6693 = CARTESIAN_POINT('',(-13.62763738877,3.668894042367,4.));
#6694 = CARTESIAN_POINT('',(-13.72941048577,3.640438500349,4.));
#6695 = CARTESIAN_POINT('',(-13.78111778272,3.625367934248,4.));
#6696 = ORIENTED_EDGE('',*,*,#6697,.T.);
#6697 = EDGE_CURVE('',#6671,#6698,#6700,.T.);
#6698 = VERTEX_POINT('',#6699);
#6699 = CARTESIAN_POINT('',(-13.7195646855,3.643016585243,3.51));
#6700 = B_SPLINE_CURVE_WITH_KNOTS('',5,(#6701,#6702,#6703,#6704,#6705,
    #6706),.UNSPECIFIED.,.F.,.F.,(6,6),(0.,1.),
  .PIECEWISE_BEZIER_KNOTS.);
#6701 = CARTESIAN_POINT('',(-13.7195646855,3.643016585243,4.0000006));
#6702 = CARTESIAN_POINT('',(-13.7195646855,3.643016585243,3.893700524585
    ));
#6703 = CARTESIAN_POINT('',(-13.7195646855,3.643016585243,3.807051538322
    ));
#6704 = CARTESIAN_POINT('',(-13.7195646855,3.643016585243,3.699906479312
    ));
#6705 = CARTESIAN_POINT('',(-13.7195646855,3.643016585243,3.58119590178)
  );
#6706 = CARTESIAN_POINT('',(-13.7195646855,3.643016585243,3.5099994));
#6707 = ORIENTED_EDGE('',*,*,#6708,.F.);
#6708 = EDGE_CURVE('',#6709,#6698,#6711,.T.);
#6709 = VERTEX_POINT('',#6710);
#6710 = CARTESIAN_POINT('',(-13.78111778272,3.625367934248,3.51));
#6711 = B_SPLINE_CURVE_WITH_KNOTS('',7,(#6712,#6713,#6714,#6715,#6716,
    #6717,#6718,#6719,#6720,#6721,#6722,#6723,#6724,#6725,#6726,#6727,
    #6728,#6729,#6730,#6731,#6732,#6733,#6734,#6735,#6736,#6737,#6738,
    #6739,#6740,#6741,#6742,#6743,#6744,#6745,#6746,#6747,#6748,#6749),
  .UNSPECIFIED.,.F.,.F.,(8,6,6,6,6,6,8),(0.,0.29599853849,0.591998255967
    ,0.820999393951,0.894999573715,0.968999916493,1.),.UNSPECIFIED.);
#6712 = CARTESIAN_POINT('',(-13.78111778272,3.625367934248,3.51));
#6713 = CARTESIAN_POINT('',(-13.69919661761,3.649244609433,3.51));
#6714 = CARTESIAN_POINT('',(-13.61695142242,3.672014899376,3.51));
#6715 = CARTESIAN_POINT('',(-13.53439185347,3.693635875503,3.51));
#6716 = CARTESIAN_POINT('',(-13.45152758042,3.714066475811,3.51));
#6717 = CARTESIAN_POINT('',(-13.36837065562,3.733275878225,3.51));
#6718 = CARTESIAN_POINT('',(-13.2849346016,3.751205908807,3.51));
#6719 = CARTESIAN_POINT('',(-13.11753427935,3.784406882428,3.51));
#6720 = CARTESIAN_POINT('',(-13.0335710045,3.799677177141,3.51));
#6721 = CARTESIAN_POINT('',(-12.94935897796,3.813562919039,3.51));
#6722 = CARTESIAN_POINT('',(-12.86491610654,3.82600207824,3.51));
#6723 = CARTESIAN_POINT('',(-12.78026379992,3.836924543541,3.51));
#6724 = CARTESIAN_POINT('',(-12.69542746945,3.846247361751,3.51));
#6725 = CARTESIAN_POINT('',(-12.54468515148,3.859759466599,3.51));
#6726 = CARTESIAN_POINT('',(-12.47884241162,3.864633206306,3.51));
#6727 = CARTESIAN_POINT('',(-12.41292245352,3.868438785389,3.51));
#6728 = CARTESIAN_POINT('',(-12.3469426204,3.871118857095,3.51));
#6729 = CARTESIAN_POINT('',(-12.28092450567,3.872607237141,3.51));
#6730 = CARTESIAN_POINT('',(-12.21489517642,3.872820924173,3.51));
#6731 = CARTESIAN_POINT('',(-12.12756057271,3.871263235845,3.51));
#6732 = CARTESIAN_POINT('',(-12.10623405511,3.870737168014,3.51));
#6733 = CARTESIAN_POINT('',(-12.08491120087,3.870062752974,3.51));
#6734 = CARTESIAN_POINT('',(-12.06359367789,3.86923430457,3.51));
#6735 = CARTESIAN_POINT('',(-12.04228304297,3.868246973061,3.51));
#6736 = CARTESIAN_POINT('',(-12.02098076845,3.867096654664,3.51));
#6737 = CARTESIAN_POINT('',(-11.9783973761,3.864455326912,3.51));
#6738 = CARTESIAN_POINT('',(-11.95711649924,3.86296377519,3.51));
#6739 = CARTESIAN_POINT('',(-11.9358474845,3.861298468288,3.51));
#6740 = CARTESIAN_POINT('',(-11.91459458961,3.859444747603,3.51));
#6741 = CARTESIAN_POINT('',(-11.89335799715,3.857403861263,3.51));
#6742 = CARTESIAN_POINT('',(-11.87214257544,3.8551605655,3.51));
#6743 = CARTESIAN_POINT('',(-11.84207522558,3.851671276273,3.51));
#6744 = CARTESIAN_POINT('',(-11.83320263081,3.850603250403,3.51));
#6745 = CARTESIAN_POINT('',(-11.82433474305,3.849496507573,3.51));
#6746 = CARTESIAN_POINT('',(-11.81547185398,3.848350207152,3.51));
#6747 = CARTESIAN_POINT('',(-11.80661426022,3.847163528668,3.51));
#6748 = CARTESIAN_POINT('',(-11.79776226327,3.845935671807,3.51));
#6749 = CARTESIAN_POINT('',(-11.78891616954,3.844665856412,3.51));
#6750 = ORIENTED_EDGE('',*,*,#6751,.F.);
#6751 = EDGE_CURVE('',#2476,#6709,#6752,.T.);
#6752 = LINE('',#6753,#6754);
#6753 = CARTESIAN_POINT('',(-13.78111778272,3.625367934248,0.));
#6754 = VECTOR('',#6755,1.);
#6755 = DIRECTION('',(0.,0.,1.));
#6756 = SURFACE_OF_LINEAR_EXTRUSION('',#6757,#6780);
#6757 = B_SPLINE_CURVE_WITH_KNOTS('',3,(#6758,#6759,#6760,#6761,#6762,
    #6763,#6764,#6765,#6766,#6767,#6768,#6769,#6770,#6771,#6772,#6773,
    #6774,#6775,#6776,#6777,#6778,#6779),.UNSPECIFIED.,.F.,.F.,(4,1,1,1,
    1,1,1,1,1,1,1,1,1,1,1,1,1,1,1,4),(0.,5.083557895354E-02,
    0.107823372855,0.170963381733,0.240255605606,0.31570004449,
    0.397296698396,0.485045567335,0.578946651312,0.678999950336,
    0.785205464409,0.897563193537,1.016073137724,1.140735296972,
    1.271549671283,1.408516260661,1.551635065106,1.700906084621,
    1.856329319208,2.017904768867),.UNSPECIFIED.);
#6758 = CARTESIAN_POINT('',(-11.78891616954,3.844665856412,0.));
#6759 = CARTESIAN_POINT('',(-11.80569036218,3.847073713336,0.));
#6760 = CARTESIAN_POINT('',(-11.84132554799,3.851769096208,0.));
#6761 = CARTESIAN_POINT('',(-11.89798367616,3.857938529526,0.));
#6762 = CARTESIAN_POINT('',(-11.9608947441,3.863370376803,0.));
#6763 = CARTESIAN_POINT('',(-12.0300521861,3.867783097814,0.));
#6764 = CARTESIAN_POINT('',(-12.10543851543,3.870900064254,0.));
#6765 = CARTESIAN_POINT('',(-12.1870274149,3.872443464735,0.));
#6766 = CARTESIAN_POINT('',(-12.27478309904,3.872136550466,0.));
#6767 = CARTESIAN_POINT('',(-12.36866052603,3.869703314504,0.));
#6768 = CARTESIAN_POINT('',(-12.46860536142,3.864868950826,0.));
#6769 = CARTESIAN_POINT('',(-12.57455402676,3.857360077775,0.));
#6770 = CARTESIAN_POINT('',(-12.686433733,3.846905030657,0.));
#6771 = CARTESIAN_POINT('',(-12.80416252835,3.83323413306,0.));
#6772 = CARTESIAN_POINT('',(-12.92764935262,3.816079970626,0.));
#6773 = CARTESIAN_POINT('',(-13.05679409663,3.795177671245,0.));
#6774 = CARTESIAN_POINT('',(-13.19148768184,3.770265145212,0.));
#6775 = CARTESIAN_POINT('',(-13.33161209693,3.741083478814,0.));
#6776 = CARTESIAN_POINT('',(-13.47704064418,3.707376706131,0.));
#6777 = CARTESIAN_POINT('',(-13.62763738877,3.668894042367,0.));
#6778 = CARTESIAN_POINT('',(-13.72941048577,3.640438500349,0.));
#6779 = CARTESIAN_POINT('',(-13.78111778272,3.625367934248,0.));
#6780 = VECTOR('',#6781,1.);
#6781 = DIRECTION('',(-0.,-0.,-1.));
#6782 = ADVANCED_FACE('',(#6783),#6803,.T.);
#6783 = FACE_BOUND('',#6784,.T.);
#6784 = EDGE_LOOP('',(#6785,#6786,#6787,#6797));
#6785 = ORIENTED_EDGE('',*,*,#2502,.F.);
#6786 = ORIENTED_EDGE('',*,*,#6751,.T.);
#6787 = ORIENTED_EDGE('',*,*,#6788,.F.);
#6788 = EDGE_CURVE('',#6789,#6709,#6791,.T.);
#6789 = VERTEX_POINT('',#6790);
#6790 = CARTESIAN_POINT('',(-13.88736626717,3.194300887707,3.51));
#6791 = B_SPLINE_CURVE_WITH_KNOTS('',4,(#6792,#6793,#6794,#6795,#6796),
  .UNSPECIFIED.,.F.,.F.,(5,5),(0.,1.),.PIECEWISE_BEZIER_KNOTS.);
#6792 = CARTESIAN_POINT('',(-13.88736626717,3.194300887707,3.51));
#6793 = CARTESIAN_POINT('',(-13.86080414606,3.302067649342,3.51));
#6794 = CARTESIAN_POINT('',(-13.83424202495,3.409834410977,3.51));
#6795 = CARTESIAN_POINT('',(-13.80767990383,3.517601172612,3.51));
#6796 = CARTESIAN_POINT('',(-13.78111778272,3.625367934248,3.51));
#6797 = ORIENTED_EDGE('',*,*,#6798,.F.);
#6798 = EDGE_CURVE('',#2503,#6789,#6799,.T.);
#6799 = LINE('',#6800,#6801);
#6800 = CARTESIAN_POINT('',(-13.88736626717,3.194300887707,0.));
#6801 = VECTOR('',#6802,1.);
#6802 = DIRECTION('',(0.,0.,1.));
#6803 = SURFACE_OF_LINEAR_EXTRUSION('',#6804,#6807);
#6804 = B_SPLINE_CURVE_WITH_KNOTS('',1,(#6805,#6806),.UNSPECIFIED.,.F.,
  .F.,(2,2),(0.,0.443967948237),.PIECEWISE_BEZIER_KNOTS.);
#6805 = CARTESIAN_POINT('',(-13.78111778272,3.625367934248,0.));
#6806 = CARTESIAN_POINT('',(-13.88736626717,3.194300887707,0.));
#6807 = VECTOR('',#6808,1.);
#6808 = DIRECTION('',(-0.,-0.,-1.));
#6809 = ADVANCED_FACE('',(#6810),#6889,.T.);
#6810 = FACE_BOUND('',#6811,.T.);
#6811 = EDGE_LOOP('',(#6812,#6813,#6814,#6845,#6856,#6883));
#6812 = ORIENTED_EDGE('',*,*,#2509,.F.);
#6813 = ORIENTED_EDGE('',*,*,#6798,.T.);
#6814 = ORIENTED_EDGE('',*,*,#6815,.F.);
#6815 = EDGE_CURVE('',#6816,#6789,#6818,.T.);
#6816 = VERTEX_POINT('',#6817);
#6817 = CARTESIAN_POINT('',(-13.84106544341,3.150068632748,3.51));
#6818 = B_SPLINE_CURVE_WITH_KNOTS('',7,(#6819,#6820,#6821,#6822,#6823,
    #6824,#6825,#6826,#6827,#6828,#6829,#6830,#6831,#6832,#6833,#6834,
    #6835,#6836,#6837,#6838,#6839,#6840,#6841,#6842,#6843,#6844),
  .UNSPECIFIED.,.F.,.F.,(8,6,6,6,8),(0.,6.500064050242E-02,
    0.278003844969,0.798008401284,1.),.UNSPECIFIED.);
#6819 = CARTESIAN_POINT('',(-12.22527217048,2.074299968086,3.51));
#6820 = CARTESIAN_POINT('',(-12.24293320608,2.080562245579,3.51));
#6821 = CARTESIAN_POINT('',(-12.26053142139,2.087000086632,3.51));
#6822 = CARTESIAN_POINT('',(-12.27806794004,2.093604851192,3.51));
#6823 = CARTESIAN_POINT('',(-12.29554331259,2.100370679056,3.51));
#6824 = CARTESIAN_POINT('',(-12.31295931029,2.107287855234,3.51));
#6825 = CARTESIAN_POINT('',(-12.33031838928,2.114344666101,3.51));
#6826 = CARTESIAN_POINT('',(-12.40431987217,2.145109039294,3.51));
#6827 = CARTESIAN_POINT('',(-12.46041024963,2.170139644339,3.51));
#6828 = CARTESIAN_POINT('',(-12.51593261282,2.196418630884,3.51));
#6829 = CARTESIAN_POINT('',(-12.5709056328,2.223822926418,3.51));
#6830 = CARTESIAN_POINT('',(-12.62534330641,2.25226193775,3.51));
#6831 = CARTESIAN_POINT('',(-12.67926155095,2.281655968855,3.51));
#6832 = CARTESIAN_POINT('',(-12.86307005918,2.385901410055,3.51));
#6833 = CARTESIAN_POINT('',(-12.99042651529,2.465186011422,3.51));
#6834 = CARTESIAN_POINT('',(-13.11493403431,2.548928827528,3.51));
#6835 = CARTESIAN_POINT('',(-13.23666210805,2.636645581438,3.51));
#6836 = CARTESIAN_POINT('',(-13.3556891038,2.727922051916,3.51));
#6837 = CARTESIAN_POINT('',(-13.47208016682,2.822458036237,3.51));
#6838 = CARTESIAN_POINT('',(-13.63012524827,2.957904782351,3.51));
#6839 = CARTESIAN_POINT('',(-13.67395240502,2.996252385557,3.51));
#6840 = CARTESIAN_POINT('',(-13.71739480361,3.035037020127,3.51));
#6841 = CARTESIAN_POINT('',(-13.76045438644,3.074247098174,3.51));
#6842 = CARTESIAN_POINT('',(-13.80313373689,3.113870325744,3.51));
#6843 = CARTESIAN_POINT('',(-13.8454366175,3.153892470403,3.51));
#6844 = CARTESIAN_POINT('',(-13.88736626717,3.194300887707,3.51));
#6845 = ORIENTED_EDGE('',*,*,#6846,.F.);
#6846 = EDGE_CURVE('',#6847,#6816,#6849,.T.);
#6847 = VERTEX_POINT('',#6848);
#6848 = CARTESIAN_POINT('',(-13.84106544341,3.150068632748,4.));
#6849 = B_SPLINE_CURVE_WITH_KNOTS('',5,(#6850,#6851,#6852,#6853,#6854,
    #6855),.UNSPECIFIED.,.F.,.F.,(6,6),(0.,1.),
  .PIECEWISE_BEZIER_KNOTS.);
#6850 = CARTESIAN_POINT('',(-13.84106544341,3.150068632748,4.0000006));
#6851 = CARTESIAN_POINT('',(-13.84106544341,3.150068632748,
    3.893700524585));
#6852 = CARTESIAN_POINT('',(-13.84106544341,3.150068632748,
    3.807051538322));
#6853 = CARTESIAN_POINT('',(-13.84106544341,3.150068632748,
    3.699906479312));
#6854 = CARTESIAN_POINT('',(-13.84106544341,3.150068632748,3.58119590178
    ));
#6855 = CARTESIAN_POINT('',(-13.84106544341,3.150068632748,3.5099994));
#6856 = ORIENTED_EDGE('',*,*,#6857,.T.);
#6857 = EDGE_CURVE('',#6847,#6858,#6860,.T.);
#6858 = VERTEX_POINT('',#6859);
#6859 = CARTESIAN_POINT('',(-12.22527217048,2.074299968086,4.));
#6860 = B_SPLINE_CURVE_WITH_KNOTS('',3,(#6861,#6862,#6863,#6864,#6865,
    #6866,#6867,#6868,#6869,#6870,#6871,#6872,#6873,#6874,#6875,#6876,
    #6877,#6878,#6879,#6880,#6881,#6882),.UNSPECIFIED.,.F.,.F.,(4,1,1,1,
    1,1,1,1,1,1,1,1,1,1,1,1,1,1,1,4),(0.,0.161575449659,0.316998684245,
    0.466269703761,0.609388508206,0.746355097584,0.877169471895,
    1.001831631143,1.120341575329,1.232699304458,1.338904818531,
    1.438958117555,1.532859201532,1.620608070471,1.702204724377,
    1.777649163261,1.846941387134,1.910081396012,1.967069189913,
    2.017904768867),.UNSPECIFIED.);
#6861 = CARTESIAN_POINT('',(-13.88736626717,3.194300887707,4.));
#6862 = CARTESIAN_POINT('',(-13.8485853708,3.156926985086,4.));
#6863 = CARTESIAN_POINT('',(-13.77169371857,3.084434537477,4.));
#6864 = CARTESIAN_POINT('',(-13.6562307092,2.980374034118,4.));
#6865 = CARTESIAN_POINT('',(-13.54312444405,2.882944153356,4.));
#6866 = CARTESIAN_POINT('',(-13.43261183295,2.791986008347,4.));
#6867 = CARTESIAN_POINT('',(-13.32492401442,2.707331831881,4.));
#6868 = CARTESIAN_POINT('',(-13.22028580553,2.628807209857,4.));
#6869 = CARTESIAN_POINT('',(-13.11891558968,2.556230764685,4.));
#6870 = CARTESIAN_POINT('',(-13.02102510133,2.489414486812,4.));
#6871 = CARTESIAN_POINT('',(-12.92681924395,2.428163910372,4.));
#6872 = CARTESIAN_POINT('',(-12.83649590712,2.372278333655,4.));
#6873 = CARTESIAN_POINT('',(-12.75024579121,2.321551036272,4.));
#6874 = CARTESIAN_POINT('',(-12.66825223895,2.275769497173,4.));
#6875 = CARTESIAN_POINT('',(-12.59069106981,2.234715638186,4.));
#6876 = CARTESIAN_POINT('',(-12.51773043319,2.198165999279,4.));
#6877 = CARTESIAN_POINT('',(-12.44953062709,2.165892161898,4.));
#6878 = CARTESIAN_POINT('',(-12.38624405966,2.137660366492,4.));
#6879 = CARTESIAN_POINT('',(-12.32801477017,2.113233797342,4.));
#6880 = CARTESIAN_POINT('',(-12.27497941056,2.092366214205,4.));
#6881 = CARTESIAN_POINT('',(-12.24124396734,2.079963272676,4.));
#6882 = CARTESIAN_POINT('',(-12.22527217048,2.074299968086,4.));
#6883 = ORIENTED_EDGE('',*,*,#6884,.F.);
#6884 = EDGE_CURVE('',#2510,#6858,#6885,.T.);
#6885 = LINE('',#6886,#6887);
#6886 = CARTESIAN_POINT('',(-12.22527217048,2.074299968086,0.));
#6887 = VECTOR('',#6888,1.);
#6888 = DIRECTION('',(0.,0.,1.));
#6889 = SURFACE_OF_LINEAR_EXTRUSION('',#6890,#6913);
#6890 = B_SPLINE_CURVE_WITH_KNOTS('',3,(#6891,#6892,#6893,#6894,#6895,
    #6896,#6897,#6898,#6899,#6900,#6901,#6902,#6903,#6904,#6905,#6906,
    #6907,#6908,#6909,#6910,#6911,#6912),.UNSPECIFIED.,.F.,.F.,(4,1,1,1,
    1,1,1,1,1,1,1,1,1,1,1,1,1,1,1,4),(0.,0.161575449659,0.316998684245,
    0.466269703761,0.609388508206,0.746355097584,0.877169471895,
    1.001831631143,1.120341575329,1.232699304458,1.338904818531,
    1.438958117555,1.532859201532,1.620608070471,1.702204724377,
    1.777649163261,1.846941387134,1.910081396012,1.967069189913,
    2.017904768867),.UNSPECIFIED.);
#6891 = CARTESIAN_POINT('',(-13.88736626717,3.194300887707,0.));
#6892 = CARTESIAN_POINT('',(-13.8485853708,3.156926985086,0.));
#6893 = CARTESIAN_POINT('',(-13.77169371857,3.084434537477,0.));
#6894 = CARTESIAN_POINT('',(-13.6562307092,2.980374034118,0.));
#6895 = CARTESIAN_POINT('',(-13.54312444405,2.882944153356,0.));
#6896 = CARTESIAN_POINT('',(-13.43261183295,2.791986008347,0.));
#6897 = CARTESIAN_POINT('',(-13.32492401442,2.707331831881,0.));
#6898 = CARTESIAN_POINT('',(-13.22028580553,2.628807209857,0.));
#6899 = CARTESIAN_POINT('',(-13.11891558968,2.556230764685,0.));
#6900 = CARTESIAN_POINT('',(-13.02102510133,2.489414486812,0.));
#6901 = CARTESIAN_POINT('',(-12.92681924395,2.428163910372,0.));
#6902 = CARTESIAN_POINT('',(-12.83649590712,2.372278333655,0.));
#6903 = CARTESIAN_POINT('',(-12.75024579121,2.321551036272,0.));
#6904 = CARTESIAN_POINT('',(-12.66825223895,2.275769497173,0.));
#6905 = CARTESIAN_POINT('',(-12.59069106981,2.234715638186,0.));
#6906 = CARTESIAN_POINT('',(-12.51773043319,2.198165999279,0.));
#6907 = CARTESIAN_POINT('',(-12.44953062709,2.165892161898,0.));
#6908 = CARTESIAN_POINT('',(-12.38624405966,2.137660366492,0.));
#6909 = CARTESIAN_POINT('',(-12.32801477017,2.113233797342,0.));
#6910 = CARTESIAN_POINT('',(-12.27497941056,2.092366214205,0.));
#6911 = CARTESIAN_POINT('',(-12.24124396734,2.079963272676,0.));
#6912 = CARTESIAN_POINT('',(-12.22527217048,2.074299968086,0.));
#6913 = VECTOR('',#6914,1.);
#6914 = DIRECTION('',(-0.,-0.,-1.));
#6915 = ADVANCED_FACE('',(#6916),#6933,.T.);
#6916 = FACE_BOUND('',#6917,.T.);
#6917 = EDGE_LOOP('',(#6918,#6919,#6926,#6932));
#6918 = ORIENTED_EDGE('',*,*,#6884,.T.);
#6919 = ORIENTED_EDGE('',*,*,#6920,.T.);
#6920 = EDGE_CURVE('',#6858,#6921,#6923,.T.);
#6921 = VERTEX_POINT('',#6922);
#6922 = CARTESIAN_POINT('',(-12.36644045453,0.911674549675,4.));
#6923 = B_SPLINE_CURVE_WITH_KNOTS('',1,(#6924,#6925),.UNSPECIFIED.,.F.,
  .F.,(2,2),(0.,1.171164526424),.PIECEWISE_BEZIER_KNOTS.);
#6924 = CARTESIAN_POINT('',(-12.22527217048,2.074299968086,4.));
#6925 = CARTESIAN_POINT('',(-12.36644045453,0.911674549675,4.));
#6926 = ORIENTED_EDGE('',*,*,#6927,.F.);
#6927 = EDGE_CURVE('',#2537,#6921,#6928,.T.);
#6928 = LINE('',#6929,#6930);
#6929 = CARTESIAN_POINT('',(-12.36644045453,0.911674549675,0.));
#6930 = VECTOR('',#6931,1.);
#6931 = DIRECTION('',(0.,0.,1.));
#6932 = ORIENTED_EDGE('',*,*,#2536,.F.);
#6933 = SURFACE_OF_LINEAR_EXTRUSION('',#6934,#6937);
#6934 = B_SPLINE_CURVE_WITH_KNOTS('',1,(#6935,#6936),.UNSPECIFIED.,.F.,
  .F.,(2,2),(0.,1.171164526424),.PIECEWISE_BEZIER_KNOTS.);
#6935 = CARTESIAN_POINT('',(-12.22527217048,2.074299968086,0.));
#6936 = CARTESIAN_POINT('',(-12.36644045453,0.911674549675,0.));
#6937 = VECTOR('',#6938,1.);
#6938 = DIRECTION('',(-0.,-0.,-1.));
#6939 = ADVANCED_FACE('',(#6940),#7031,.T.);
#6940 = FACE_BOUND('',#6941,.T.);
#6941 = EDGE_LOOP('',(#6942,#6943,#6944,#6971,#6982,#7025));
#6942 = ORIENTED_EDGE('',*,*,#2543,.F.);
#6943 = ORIENTED_EDGE('',*,*,#6927,.T.);
#6944 = ORIENTED_EDGE('',*,*,#6945,.T.);
#6945 = EDGE_CURVE('',#6921,#6946,#6948,.T.);
#6946 = VERTEX_POINT('',#6947);
#6947 = CARTESIAN_POINT('',(-14.19273000414,0.253850407742,4.));
#6948 = B_SPLINE_CURVE_WITH_KNOTS('',3,(#6949,#6950,#6951,#6952,#6953,
    #6954,#6955,#6956,#6957,#6958,#6959,#6960,#6961,#6962,#6963,#6964,
    #6965,#6966,#6967,#6968,#6969,#6970),.UNSPECIFIED.,.F.,.F.,(4,1,1,1,
    1,1,1,1,1,1,1,1,1,1,1,1,1,1,1,4),(0.,5.083557895354E-02,
    0.107823372855,0.170963381733,0.240255605606,0.31570004449,
    0.397296698396,0.485045567335,0.578946651312,0.678999950336,
    0.785205464409,0.897563193537,1.016073137724,1.140735296972,
    1.271549671283,1.408516260661,1.551635065106,1.700906084621,
    1.856329319208,2.017904768867),.UNSPECIFIED.);
#6949 = CARTESIAN_POINT('',(-12.36644045453,0.911674549675,4.));
#6950 = CARTESIAN_POINT('',(-12.3833034575,0.909998111599,4.));
#6951 = CARTESIAN_POINT('',(-12.41902682824,0.906028997014,4.));
#6952 = CARTESIAN_POINT('',(-12.47551501621,0.898459980233,4.));
#6953 = CARTESIAN_POINT('',(-12.53789792899,0.888678383884,4.));
#6954 = CARTESIAN_POINT('',(-12.60610181467,0.876412420071,4.));
#6955 = CARTESIAN_POINT('',(-12.68004349318,0.861397683647,4.));
#6956 = CARTESIAN_POINT('',(-12.75963092742,0.843370734042,4.));
#6957 = CARTESIAN_POINT('',(-12.84476314148,0.822071428299,4.));
#6958 = CARTESIAN_POINT('',(-12.93533034957,0.79724255895,4.));
#6959 = CARTESIAN_POINT('',(-13.03121403074,0.768630308419,4.));
#6960 = CARTESIAN_POINT('',(-13.13228702947,0.735984454347,4.));
#6961 = CARTESIAN_POINT('',(-13.23841365823,0.699058645678,4.));
#6962 = CARTESIAN_POINT('',(-13.34944980882,0.657610654653,4.));
#6963 = CARTESIAN_POINT('',(-13.46524307063,0.611402629622,4.));
#6964 = CARTESIAN_POINT('',(-13.58563285542,0.560201352872,4.));
#6965 = CARTESIAN_POINT('',(-13.71045053213,0.503778454747,4.));
#6966 = CARTESIAN_POINT('',(-13.8395195565,0.441910787061,4.));
#6967 = CARTESIAN_POINT('',(-13.97265565578,0.374380142541,4.));
#6968 = CARTESIAN_POINT('',(-14.10966682843,0.300975555075,4.));
#6969 = CARTESIAN_POINT('',(-14.20167272725,0.248990983077,4.));
#6970 = CARTESIAN_POINT('',(-14.24827088159,0.221983974119,4.));
#6971 = ORIENTED_EDGE('',*,*,#6972,.T.);
#6972 = EDGE_CURVE('',#6946,#6973,#6975,.T.);
#6973 = VERTEX_POINT('',#6974);
#6974 = CARTESIAN_POINT('',(-14.19273000414,0.253850407742,3.51));
#6975 = B_SPLINE_CURVE_WITH_KNOTS('',5,(#6976,#6977,#6978,#6979,#6980,
    #6981),.UNSPECIFIED.,.F.,.F.,(6,6),(0.,1.),
  .PIECEWISE_BEZIER_KNOTS.);
#6976 = CARTESIAN_POINT('',(-14.19273000414,0.253850407742,4.0000006));
#6977 = CARTESIAN_POINT('',(-14.19273000414,0.253850407742,
    3.893700524585));
#6978 = CARTESIAN_POINT('',(-14.19273000414,0.253850407742,
    3.807051538322));
#6979 = CARTESIAN_POINT('',(-14.19273000414,0.253850407742,
    3.699906479312));
#6980 = CARTESIAN_POINT('',(-14.19273000414,0.253850407742,3.58119590178
    ));
#6981 = CARTESIAN_POINT('',(-14.19273000414,0.253850407742,3.5099994));
#6982 = ORIENTED_EDGE('',*,*,#6983,.F.);
#6983 = EDGE_CURVE('',#6984,#6973,#6986,.T.);
#6984 = VERTEX_POINT('',#6985);
#6985 = CARTESIAN_POINT('',(-14.24827088159,0.221983974119,3.51));
#6986 = B_SPLINE_CURVE_WITH_KNOTS('',7,(#6987,#6988,#6989,#6990,#6991,
    #6992,#6993,#6994,#6995,#6996,#6997,#6998,#6999,#7000,#7001,#7002,
    #7003,#7004,#7005,#7006,#7007,#7008,#7009,#7010,#7011,#7012,#7013,
    #7014,#7015,#7016,#7017,#7018,#7019,#7020,#7021,#7022,#7023,#7024),
  .UNSPECIFIED.,.F.,.F.,(8,6,6,6,6,6,8),(0.,0.29599853849,0.591998255967
    ,0.820999393951,0.894999573716,0.968999916493,1.),.UNSPECIFIED.);
#6987 = CARTESIAN_POINT('',(-14.24827088159,0.221983974119,3.51));
#6988 = CARTESIAN_POINT('',(-14.17444425903,0.264771854565,3.51));
#6989 = CARTESIAN_POINT('',(-14.10003824681,0.306563044787,3.51));
#6990 = CARTESIAN_POINT('',(-14.02505194714,0.34731355273,3.51));
#6991 = CARTESIAN_POINT('',(-13.94948492196,0.386981195473,3.51));
#6992 = CARTESIAN_POINT('',(-13.87334149716,0.425533162263,3.51));
#6993 = CARTESIAN_POINT('',(-13.79662088041,0.462909733437,3.51));
#6994 = CARTESIAN_POINT('',(-13.64203042034,0.535207466427,3.51));
#6995 = CARTESIAN_POINT('',(-13.56416138639,0.570127761023,3.51));
#6996 = CARTESIAN_POINT('',(-13.48571948384,0.60376326557,3.51));
#6997 = CARTESIAN_POINT('',(-13.40670725444,0.63604946728,3.51));
#6998 = CARTESIAN_POINT('',(-13.32712870704,0.666913168584,3.51));
#6999 = CARTESIAN_POINT('',(-13.24698866258,0.69626774542,3.51));
#7000 = CARTESIAN_POINT('',(-13.10386030075,0.745462211022,3.51));
#7001 = CARTESIAN_POINT('',(-13.04109719351,0.765951527738,3.51));
#7002 = CARTESIAN_POINT('',(-12.97800348427,0.785422202172,3.51));
#7003 = CARTESIAN_POINT('',(-12.91458228833,0.803814403458,3.51));
#7004 = CARTESIAN_POINT('',(-12.85083873269,0.821058702867,3.51));
#7005 = CARTESIAN_POINT('',(-12.78677923439,0.837068033334,3.51));
#7006 = CARTESIAN_POINT('',(-12.70160963633,0.856456147299,3.51));
#7007 = CARTESIAN_POINT('',(-12.6807769323,0.861049135771,3.51));
#7008 = CARTESIAN_POINT('',(-12.65991228337,0.865497211032,3.51));
#7009 = CARTESIAN_POINT('',(-12.63901594818,0.869794453005,3.51));
#7010 = CARTESIAN_POINT('',(-12.61808827768,0.87393578031,3.51));
#7011 = CARTESIAN_POINT('',(-12.59712971934,0.877916856051,3.51));
#7012 = CARTESIAN_POINT('',(-12.55515161187,0.885543153312,3.51));
#7013 = CARTESIAN_POINT('',(-12.53413216692,0.889187790554,3.51));
#7014 = CARTESIAN_POINT('',(-12.51308265707,0.892660882835,3.51));
#7015 = CARTESIAN_POINT('',(-12.49200370829,0.895947178562,3.51));
#7016 = CARTESIAN_POINT('',(-12.47089579654,0.899047845901,3.51));
#7017 = CARTESIAN_POINT('',(-12.44976000061,0.901946918976,3.51));
#7018 = CARTESIAN_POINT('',(-12.41973131172,0.905754609958,3.51));
#7019 = CARTESIAN_POINT('',(-12.41086094311,0.90684096989,3.51));
#7020 = CARTESIAN_POINT('',(-12.40198587915,0.907888611447,3.51));
#7021 = CARTESIAN_POINT('',(-12.39310620189,0.908896648616,3.51));
#7022 = CARTESIAN_POINT('',(-12.38422200296,0.909864213787,3.51));
#7023 = CARTESIAN_POINT('',(-12.37533338357,0.910790457744,3.51));
#7024 = CARTESIAN_POINT('',(-12.36644045453,0.911674549675,3.51));
#7025 = ORIENTED_EDGE('',*,*,#7026,.F.);
#7026 = EDGE_CURVE('',#2544,#6984,#7027,.T.);
#7027 = LINE('',#7028,#7029);
#7028 = CARTESIAN_POINT('',(-14.24827088159,0.221983974119,0.));
#7029 = VECTOR('',#7030,1.);
#7030 = DIRECTION('',(0.,0.,1.));
#7031 = SURFACE_OF_LINEAR_EXTRUSION('',#7032,#7055);
#7032 = B_SPLINE_CURVE_WITH_KNOTS('',3,(#7033,#7034,#7035,#7036,#7037,
    #7038,#7039,#7040,#7041,#7042,#7043,#7044,#7045,#7046,#7047,#7048,
    #7049,#7050,#7051,#7052,#7053,#7054),.UNSPECIFIED.,.F.,.F.,(4,1,1,1,
    1,1,1,1,1,1,1,1,1,1,1,1,1,1,1,4),(0.,5.083557895354E-02,
    0.107823372855,0.170963381733,0.240255605606,0.31570004449,
    0.397296698396,0.485045567335,0.578946651312,0.678999950336,
    0.785205464409,0.897563193537,1.016073137724,1.140735296972,
    1.271549671283,1.408516260661,1.551635065106,1.700906084621,
    1.856329319208,2.017904768867),.UNSPECIFIED.);
#7033 = CARTESIAN_POINT('',(-12.36644045453,0.911674549675,0.));
#7034 = CARTESIAN_POINT('',(-12.3833034575,0.909998111599,0.));
#7035 = CARTESIAN_POINT('',(-12.41902682824,0.906028997014,0.));
#7036 = CARTESIAN_POINT('',(-12.47551501621,0.898459980233,0.));
#7037 = CARTESIAN_POINT('',(-12.53789792899,0.888678383884,0.));
#7038 = CARTESIAN_POINT('',(-12.60610181467,0.876412420071,0.));
#7039 = CARTESIAN_POINT('',(-12.68004349318,0.861397683647,0.));
#7040 = CARTESIAN_POINT('',(-12.75963092742,0.843370734042,0.));
#7041 = CARTESIAN_POINT('',(-12.84476314148,0.822071428299,0.));
#7042 = CARTESIAN_POINT('',(-12.93533034957,0.79724255895,0.));
#7043 = CARTESIAN_POINT('',(-13.03121403074,0.768630308419,0.));
#7044 = CARTESIAN_POINT('',(-13.13228702947,0.735984454347,0.));
#7045 = CARTESIAN_POINT('',(-13.23841365823,0.699058645678,0.));
#7046 = CARTESIAN_POINT('',(-13.34944980882,0.657610654653,0.));
#7047 = CARTESIAN_POINT('',(-13.46524307063,0.611402629622,0.));
#7048 = CARTESIAN_POINT('',(-13.58563285542,0.560201352872,0.));
#7049 = CARTESIAN_POINT('',(-13.71045053213,0.503778454747,0.));
#7050 = CARTESIAN_POINT('',(-13.8395195565,0.441910787061,0.));
#7051 = CARTESIAN_POINT('',(-13.97265565578,0.374380142541,0.));
#7052 = CARTESIAN_POINT('',(-14.10966682843,0.300975555075,0.));
#7053 = CARTESIAN_POINT('',(-14.20167272725,0.248990983077,0.));
#7054 = CARTESIAN_POINT('',(-14.24827088159,0.221983974119,0.));
#7055 = VECTOR('',#7056,1.);
#7056 = DIRECTION('',(-0.,-0.,-1.));
#7057 = ADVANCED_FACE('',(#7058),#7078,.T.);
#7058 = FACE_BOUND('',#7059,.T.);
#7059 = EDGE_LOOP('',(#7060,#7061,#7062,#7072));
#7060 = ORIENTED_EDGE('',*,*,#2570,.F.);
#7061 = ORIENTED_EDGE('',*,*,#7026,.T.);
#7062 = ORIENTED_EDGE('',*,*,#7063,.F.);
#7063 = EDGE_CURVE('',#7064,#6984,#7066,.T.);
#7064 = VERTEX_POINT('',#7065);
#7065 = CARTESIAN_POINT('',(-14.24827088159,-0.221983974119,3.51));
#7066 = B_SPLINE_CURVE_WITH_KNOTS('',4,(#7067,#7068,#7069,#7070,#7071),
  .UNSPECIFIED.,.F.,.F.,(5,5),(0.,1.),.PIECEWISE_BEZIER_KNOTS.);
#7067 = CARTESIAN_POINT('',(-14.24827088159,-0.221983974119,3.51));
#7068 = CARTESIAN_POINT('',(-14.24827088159,-0.110991987059,3.51));
#7069 = CARTESIAN_POINT('',(-14.24827088159,4.95120021494E-15,3.51));
#7070 = CARTESIAN_POINT('',(-14.24827088159,0.110991987059,3.51));
#7071 = CARTESIAN_POINT('',(-14.24827088159,0.221983974119,3.51));
#7072 = ORIENTED_EDGE('',*,*,#7073,.F.);
#7073 = EDGE_CURVE('',#2571,#7064,#7074,.T.);
#7074 = LINE('',#7075,#7076);
#7075 = CARTESIAN_POINT('',(-14.24827088159,-0.221983974119,0.));
#7076 = VECTOR('',#7077,1.);
#7077 = DIRECTION('',(0.,0.,1.));
#7078 = SURFACE_OF_LINEAR_EXTRUSION('',#7079,#7082);
#7079 = B_SPLINE_CURVE_WITH_KNOTS('',1,(#7080,#7081),.UNSPECIFIED.,.F.,
  .F.,(2,2),(0.,0.443967948237),.PIECEWISE_BEZIER_KNOTS.);
#7080 = CARTESIAN_POINT('',(-14.24827088159,0.221983974119,0.));
#7081 = CARTESIAN_POINT('',(-14.24827088159,-0.221983974119,0.));
#7082 = VECTOR('',#7083,1.);
#7083 = DIRECTION('',(-0.,-0.,-1.));
#7084 = ADVANCED_FACE('',(#7085),#7164,.T.);
#7085 = FACE_BOUND('',#7086,.T.);
#7086 = EDGE_LOOP('',(#7087,#7088,#7089,#7120,#7131,#7158));
#7087 = ORIENTED_EDGE('',*,*,#2577,.F.);
#7088 = ORIENTED_EDGE('',*,*,#7073,.T.);
#7089 = ORIENTED_EDGE('',*,*,#7090,.F.);
#7090 = EDGE_CURVE('',#7091,#7064,#7093,.T.);
#7091 = VERTEX_POINT('',#7092);
#7092 = CARTESIAN_POINT('',(-14.19273000414,-0.253850407742,3.51));
#7093 = B_SPLINE_CURVE_WITH_KNOTS('',7,(#7094,#7095,#7096,#7097,#7098,
    #7099,#7100,#7101,#7102,#7103,#7104,#7105,#7106,#7107,#7108,#7109,
    #7110,#7111,#7112,#7113,#7114,#7115,#7116,#7117,#7118,#7119),
  .UNSPECIFIED.,.F.,.F.,(8,6,6,6,8),(0.,6.50006405025E-02,0.278003844969
    ,0.798008401284,1.),.UNSPECIFIED.);
#7094 = CARTESIAN_POINT('',(-12.36644045453,-0.911674549675,3.51));
#7095 = CARTESIAN_POINT('',(-12.38508695363,-0.909820805052,3.51));
#7096 = CARTESIAN_POINT('',(-12.403714473,-0.907781564547,3.51));
#7097 = CARTESIAN_POINT('',(-12.4223220359,-0.90556548605,3.51));
#7098 = CARTESIAN_POINT('',(-12.44090877447,-0.903178391239,3.51));
#7099 = CARTESIAN_POINT('',(-12.45947408354,-0.900630136687,3.51));
#7100 = CARTESIAN_POINT('',(-12.47801754463,-0.897932683439,3.51));
#7101 = CARTESIAN_POINT('',(-12.55723107533,-0.885771981055,3.51));
#7102 = CARTESIAN_POINT('',(-12.61768178423,-0.874892025843,3.51));
#7103 = CARTESIAN_POINT('',(-12.67787974158,-0.862664030118,3.51));
#7104 = CARTESIAN_POINT('',(-12.7378136227,-0.849211958402,3.51));
#7105 = CARTESIAN_POINT('',(-12.79747533733,-0.834627121074,3.51));
#7106 = CARTESIAN_POINT('',(-12.85686126776,-0.8189907076,3.51));
#7107 = CARTESIAN_POINT('',(-13.06027620181,-0.761762704712,3.51));
#7108 = CARTESIAN_POINT('',(-13.20290595781,-0.715260364664,3.51));
#7109 = CARTESIAN_POINT('',(-13.34383648228,-0.663747562218,3.51));
#7110 = CARTESIAN_POINT('',(-13.48301935265,-0.607711132589,3.51));
#7111 = CARTESIAN_POINT('',(-13.6204315294,-0.547572015012,3.51));
#7112 = CARTESIAN_POINT('',(-13.75606442155,-0.483637279147,3.51));
#7113 = CARTESIAN_POINT('',(-13.94193152819,-0.389949032964,3.51));
#7114 = CARTESIAN_POINT('',(-13.99366232955,-0.363204266544,3.51));
#7115 = CARTESIAN_POINT('',(-14.04512414157,-0.335943089444,3.51));
#7116 = CARTESIAN_POINT('',(-14.09631607706,-0.308177217672,3.51));
#7117 = CARTESIAN_POINT('',(-14.14723770218,-0.279919206187,3.51));
#7118 = CARTESIAN_POINT('',(-14.1978892641,-0.251183774289,3.51));
#7119 = CARTESIAN_POINT('',(-14.24827088159,-0.221983974119,3.51));
#7120 = ORIENTED_EDGE('',*,*,#7121,.F.);
#7121 = EDGE_CURVE('',#7122,#7091,#7124,.T.);
#7122 = VERTEX_POINT('',#7123);
#7123 = CARTESIAN_POINT('',(-14.19273000414,-0.253850407742,4.));
#7124 = B_SPLINE_CURVE_WITH_KNOTS('',5,(#7125,#7126,#7127,#7128,#7129,
    #7130),.UNSPECIFIED.,.F.,.F.,(6,6),(0.,1.),
  .PIECEWISE_BEZIER_KNOTS.);
#7125 = CARTESIAN_POINT('',(-14.19273000414,-0.253850407742,4.0000006));
#7126 = CARTESIAN_POINT('',(-14.19273000414,-0.253850407742,
    3.893700524585));
#7127 = CARTESIAN_POINT('',(-14.19273000414,-0.253850407742,
    3.807051538322));
#7128 = CARTESIAN_POINT('',(-14.19273000414,-0.253850407742,
    3.699906479312));
#7129 = CARTESIAN_POINT('',(-14.19273000414,-0.253850407742,
    3.58119590178));
#7130 = CARTESIAN_POINT('',(-14.19273000414,-0.253850407742,3.5099994));
#7131 = ORIENTED_EDGE('',*,*,#7132,.T.);
#7132 = EDGE_CURVE('',#7122,#7133,#7135,.T.);
#7133 = VERTEX_POINT('',#7134);
#7134 = CARTESIAN_POINT('',(-12.36644045453,-0.911674549675,4.));
#7135 = B_SPLINE_CURVE_WITH_KNOTS('',3,(#7136,#7137,#7138,#7139,#7140,
    #7141,#7142,#7143,#7144,#7145,#7146,#7147,#7148,#7149,#7150,#7151,
    #7152,#7153,#7154,#7155,#7156,#7157),.UNSPECIFIED.,.F.,.F.,(4,1,1,1,
    1,1,1,1,1,1,1,1,1,1,1,1,1,1,1,4),(0.,0.161575449659,0.316998684245,
    0.466269703761,0.609388508206,0.746355097584,0.877169471895,
    1.001831631143,1.120341575329,1.232699304458,1.338904818531,
    1.438958117555,1.532859201532,1.620608070471,1.702204724377,
    1.777649163261,1.846941387134,1.910081396012,1.967069189913,
    2.017904768867),.UNSPECIFIED.);
#7136 = CARTESIAN_POINT('',(-14.24827088159,-0.221983974119,4.));
#7137 = CARTESIAN_POINT('',(-14.20167272725,-0.248990983077,4.));
#7138 = CARTESIAN_POINT('',(-14.10966682843,-0.300975555075,4.));
#7139 = CARTESIAN_POINT('',(-13.97265565578,-0.374380142541,4.));
#7140 = CARTESIAN_POINT('',(-13.8395195565,-0.441910787061,4.));
#7141 = CARTESIAN_POINT('',(-13.71045053213,-0.503778454747,4.));
#7142 = CARTESIAN_POINT('',(-13.58563285542,-0.560201352872,4.));
#7143 = CARTESIAN_POINT('',(-13.46524307063,-0.611402629622,4.));
#7144 = CARTESIAN_POINT('',(-13.34944980882,-0.657610654653,4.));
#7145 = CARTESIAN_POINT('',(-13.23841365823,-0.699058645678,4.));
#7146 = CARTESIAN_POINT('',(-13.13228702947,-0.735984454347,4.));
#7147 = CARTESIAN_POINT('',(-13.03121403074,-0.768630308419,4.));
#7148 = CARTESIAN_POINT('',(-12.93533034957,-0.79724255895,4.));
#7149 = CARTESIAN_POINT('',(-12.84476314148,-0.822071428299,4.));
#7150 = CARTESIAN_POINT('',(-12.75963092742,-0.843370734042,4.));
#7151 = CARTESIAN_POINT('',(-12.68004349318,-0.861397683647,4.));
#7152 = CARTESIAN_POINT('',(-12.60610181467,-0.876412420071,4.));
#7153 = CARTESIAN_POINT('',(-12.53789792899,-0.888678383884,4.));
#7154 = CARTESIAN_POINT('',(-12.47551501621,-0.898459980233,4.));
#7155 = CARTESIAN_POINT('',(-12.41902682824,-0.906028997014,4.));
#7156 = CARTESIAN_POINT('',(-12.3833034575,-0.909998111599,4.));
#7157 = CARTESIAN_POINT('',(-12.36644045453,-0.911674549675,4.));
#7158 = ORIENTED_EDGE('',*,*,#7159,.F.);
#7159 = EDGE_CURVE('',#2578,#7133,#7160,.T.);
#7160 = LINE('',#7161,#7162);
#7161 = CARTESIAN_POINT('',(-12.36644045453,-0.911674549675,0.));
#7162 = VECTOR('',#7163,1.);
#7163 = DIRECTION('',(0.,0.,1.));
#7164 = SURFACE_OF_LINEAR_EXTRUSION('',#7165,#7188);
#7165 = B_SPLINE_CURVE_WITH_KNOTS('',3,(#7166,#7167,#7168,#7169,#7170,
    #7171,#7172,#7173,#7174,#7175,#7176,#7177,#7178,#7179,#7180,#7181,
    #7182,#7183,#7184,#7185,#7186,#7187),.UNSPECIFIED.,.F.,.F.,(4,1,1,1,
    1,1,1,1,1,1,1,1,1,1,1,1,1,1,1,4),(0.,0.161575449659,0.316998684245,
    0.466269703761,0.609388508206,0.746355097584,0.877169471895,
    1.001831631143,1.120341575329,1.232699304458,1.338904818531,
    1.438958117555,1.532859201532,1.620608070471,1.702204724377,
    1.777649163261,1.846941387134,1.910081396012,1.967069189913,
    2.017904768867),.UNSPECIFIED.);
#7166 = CARTESIAN_POINT('',(-14.24827088159,-0.221983974119,0.));
#7167 = CARTESIAN_POINT('',(-14.20167272725,-0.248990983077,0.));
#7168 = CARTESIAN_POINT('',(-14.10966682843,-0.300975555075,0.));
#7169 = CARTESIAN_POINT('',(-13.97265565578,-0.374380142541,0.));
#7170 = CARTESIAN_POINT('',(-13.8395195565,-0.441910787061,0.));
#7171 = CARTESIAN_POINT('',(-13.71045053213,-0.503778454747,0.));
#7172 = CARTESIAN_POINT('',(-13.58563285542,-0.560201352872,0.));
#7173 = CARTESIAN_POINT('',(-13.46524307063,-0.611402629622,0.));
#7174 = CARTESIAN_POINT('',(-13.34944980882,-0.657610654653,0.));
#7175 = CARTESIAN_POINT('',(-13.23841365823,-0.699058645678,0.));
#7176 = CARTESIAN_POINT('',(-13.13228702947,-0.735984454347,0.));
#7177 = CARTESIAN_POINT('',(-13.03121403074,-0.768630308419,0.));
#7178 = CARTESIAN_POINT('',(-12.93533034957,-0.79724255895,0.));
#7179 = CARTESIAN_POINT('',(-12.84476314148,-0.822071428299,0.));
#7180 = CARTESIAN_POINT('',(-12.75963092742,-0.843370734042,0.));
#7181 = CARTESIAN_POINT('',(-12.68004349318,-0.861397683647,0.));
#7182 = CARTESIAN_POINT('',(-12.60610181467,-0.876412420071,0.));
#7183 = CARTESIAN_POINT('',(-12.53789792899,-0.888678383884,0.));
#7184 = CARTESIAN_POINT('',(-12.47551501621,-0.898459980233,0.));
#7185 = CARTESIAN_POINT('',(-12.41902682824,-0.906028997014,0.));
#7186 = CARTESIAN_POINT('',(-12.3833034575,-0.909998111599,0.));
#7187 = CARTESIAN_POINT('',(-12.36644045453,-0.911674549675,0.));
#7188 = VECTOR('',#7189,1.);
#7189 = DIRECTION('',(-0.,-0.,-1.));
#7190 = ADVANCED_FACE('',(#7191),#7208,.T.);
#7191 = FACE_BOUND('',#7192,.T.);
#7192 = EDGE_LOOP('',(#7193,#7194,#7201,#7207));
#7193 = ORIENTED_EDGE('',*,*,#7159,.T.);
#7194 = ORIENTED_EDGE('',*,*,#7195,.T.);
#7195 = EDGE_CURVE('',#7133,#7196,#7198,.T.);
#7196 = VERTEX_POINT('',#7197);
#7197 = CARTESIAN_POINT('',(-12.22527217048,-2.074299968086,4.));
#7198 = B_SPLINE_CURVE_WITH_KNOTS('',1,(#7199,#7200),.UNSPECIFIED.,.F.,
  .F.,(2,2),(0.,1.171164526424),.PIECEWISE_BEZIER_KNOTS.);
#7199 = CARTESIAN_POINT('',(-12.36644045453,-0.911674549675,4.));
#7200 = CARTESIAN_POINT('',(-12.22527217048,-2.074299968086,4.));
#7201 = ORIENTED_EDGE('',*,*,#7202,.F.);
#7202 = EDGE_CURVE('',#2605,#7196,#7203,.T.);
#7203 = LINE('',#7204,#7205);
#7204 = CARTESIAN_POINT('',(-12.22527217048,-2.074299968086,0.));
#7205 = VECTOR('',#7206,1.);
#7206 = DIRECTION('',(0.,0.,1.));
#7207 = ORIENTED_EDGE('',*,*,#2604,.F.);
#7208 = SURFACE_OF_LINEAR_EXTRUSION('',#7209,#7212);
#7209 = B_SPLINE_CURVE_WITH_KNOTS('',1,(#7210,#7211),.UNSPECIFIED.,.F.,
  .F.,(2,2),(0.,1.171164526424),.PIECEWISE_BEZIER_KNOTS.);
#7210 = CARTESIAN_POINT('',(-12.36644045453,-0.911674549675,0.));
#7211 = CARTESIAN_POINT('',(-12.22527217048,-2.074299968086,0.));
#7212 = VECTOR('',#7213,1.);
#7213 = DIRECTION('',(-0.,-0.,-1.));
#7214 = ADVANCED_FACE('',(#7215),#7306,.T.);
#7215 = FACE_BOUND('',#7216,.T.);
#7216 = EDGE_LOOP('',(#7217,#7218,#7219,#7246,#7257,#7300));
#7217 = ORIENTED_EDGE('',*,*,#2611,.F.);
#7218 = ORIENTED_EDGE('',*,*,#7202,.T.);
#7219 = ORIENTED_EDGE('',*,*,#7220,.T.);
#7220 = EDGE_CURVE('',#7196,#7221,#7223,.T.);
#7221 = VERTEX_POINT('',#7222);
#7222 = CARTESIAN_POINT('',(-13.84106544341,-3.150068632748,4.));
#7223 = B_SPLINE_CURVE_WITH_KNOTS('',3,(#7224,#7225,#7226,#7227,#7228,
    #7229,#7230,#7231,#7232,#7233,#7234,#7235,#7236,#7237,#7238,#7239,
    #7240,#7241,#7242,#7243,#7244,#7245),.UNSPECIFIED.,.F.,.F.,(4,1,1,1,
    1,1,1,1,1,1,1,1,1,1,1,1,1,1,1,4),(0.,5.083557895354E-02,
    0.107823372855,0.170963381733,0.240255605606,0.31570004449,
    0.397296698396,0.485045567335,0.578946651312,0.678999950336,
    0.785205464409,0.897563193537,1.016073137724,1.140735296972,
    1.271549671283,1.408516260661,1.551635065106,1.700906084621,
    1.856329319208,2.017904768867),.UNSPECIFIED.);
#7224 = CARTESIAN_POINT('',(-12.22527217048,-2.074299968086,4.));
#7225 = CARTESIAN_POINT('',(-12.24124396734,-2.079963272676,4.));
#7226 = CARTESIAN_POINT('',(-12.27497941056,-2.092366214205,4.));
#7227 = CARTESIAN_POINT('',(-12.32801477017,-2.113233797342,4.));
#7228 = CARTESIAN_POINT('',(-12.38624405966,-2.137660366492,4.));
#7229 = CARTESIAN_POINT('',(-12.44953062709,-2.165892161898,4.));
#7230 = CARTESIAN_POINT('',(-12.51773043319,-2.198165999279,4.));
#7231 = CARTESIAN_POINT('',(-12.59069106981,-2.234715638186,4.));
#7232 = CARTESIAN_POINT('',(-12.66825223895,-2.275769497173,4.));
#7233 = CARTESIAN_POINT('',(-12.75024579121,-2.321551036272,4.));
#7234 = CARTESIAN_POINT('',(-12.83649590712,-2.372278333655,4.));
#7235 = CARTESIAN_POINT('',(-12.92681924395,-2.428163910372,4.));
#7236 = CARTESIAN_POINT('',(-13.02102510133,-2.489414486812,4.));
#7237 = CARTESIAN_POINT('',(-13.11891558968,-2.556230764685,4.));
#7238 = CARTESIAN_POINT('',(-13.22028580553,-2.628807209857,4.));
#7239 = CARTESIAN_POINT('',(-13.32492401442,-2.707331831881,4.));
#7240 = CARTESIAN_POINT('',(-13.43261183295,-2.791986008347,4.));
#7241 = CARTESIAN_POINT('',(-13.54312444405,-2.882944153356,4.));
#7242 = CARTESIAN_POINT('',(-13.6562307092,-2.980374034118,4.));
#7243 = CARTESIAN_POINT('',(-13.77169371857,-3.084434537477,4.));
#7244 = CARTESIAN_POINT('',(-13.8485853708,-3.156926985086,4.));
#7245 = CARTESIAN_POINT('',(-13.88736626717,-3.194300887707,4.));
#7246 = ORIENTED_EDGE('',*,*,#7247,.T.);
#7247 = EDGE_CURVE('',#7221,#7248,#7250,.T.);
#7248 = VERTEX_POINT('',#7249);
#7249 = CARTESIAN_POINT('',(-13.84106544341,-3.150068632748,3.51));
#7250 = B_SPLINE_CURVE_WITH_KNOTS('',5,(#7251,#7252,#7253,#7254,#7255,
    #7256),.UNSPECIFIED.,.F.,.F.,(6,6),(0.,1.),
  .PIECEWISE_BEZIER_KNOTS.);
#7251 = CARTESIAN_POINT('',(-13.84106544341,-3.150068632748,4.0000006));
#7252 = CARTESIAN_POINT('',(-13.84106544341,-3.150068632748,
    3.893700524585));
#7253 = CARTESIAN_POINT('',(-13.84106544341,-3.150068632748,
    3.807051538322));
#7254 = CARTESIAN_POINT('',(-13.84106544341,-3.150068632748,
    3.699906479312));
#7255 = CARTESIAN_POINT('',(-13.84106544341,-3.150068632748,
    3.58119590178));
#7256 = CARTESIAN_POINT('',(-13.84106544341,-3.150068632748,3.5099994));
#7257 = ORIENTED_EDGE('',*,*,#7258,.F.);
#7258 = EDGE_CURVE('',#7259,#7248,#7261,.T.);
#7259 = VERTEX_POINT('',#7260);
#7260 = CARTESIAN_POINT('',(-13.88736626717,-3.194300887707,3.51));
#7261 = B_SPLINE_CURVE_WITH_KNOTS('',7,(#7262,#7263,#7264,#7265,#7266,
    #7267,#7268,#7269,#7270,#7271,#7272,#7273,#7274,#7275,#7276,#7277,
    #7278,#7279,#7280,#7281,#7282,#7283,#7284,#7285,#7286,#7287,#7288,
    #7289,#7290,#7291,#7292,#7293,#7294,#7295,#7296,#7297,#7298,#7299),
  .UNSPECIFIED.,.F.,.F.,(8,6,6,6,6,6,8),(0.,0.29599853849,0.591998255967
    ,0.820999393951,0.894999573716,0.968999916493,1.),.UNSPECIFIED.);
#7262 = CARTESIAN_POINT('',(-13.88736626717,-3.194300887707,3.51));
#7263 = CARTESIAN_POINT('',(-13.82592472213,-3.135088478083,3.51));
#7264 = CARTESIAN_POINT('',(-13.76368209984,-3.076705139655,3.51));
#7265 = CARTESIAN_POINT('',(-13.70062700064,-3.019193371296,3.51));
#7266 = CARTESIAN_POINT('',(-13.63674890415,-2.962594025327,3.51));
#7267 = CARTESIAN_POINT('',(-13.57204415843,-2.906939994339,3.51));
#7268 = CARTESIAN_POINT('',(-13.50649770233,-2.852289073033,3.51));
#7269 = CARTESIAN_POINT('',(-13.37370134007,-2.745096262123,3.51));
#7270 = CARTESIAN_POINT('',(-13.30645201221,-2.692555408234,3.51));
#7271 = CARTESIAN_POINT('',(-13.23833899191,-2.641124914303,3.51));
#7272 = CARTESIAN_POINT('',(-13.16934930811,-2.590868026773,3.51));
#7273 = CARTESIAN_POINT('',(-13.09946933584,-2.541856775601,3.51));
#7274 = CARTESIAN_POINT('',(-13.02868302549,-2.494176421444,3.51));
#7275 = CARTESIAN_POINT('',(-12.90148671994,-2.412158598615,3.51));
#7276 = CARTESIAN_POINT('',(-12.84545080897,-2.377244469502,3.51));
#7277 = CARTESIAN_POINT('',(-12.78885012564,-2.343240264542,3.51));
#7278 = CARTESIAN_POINT('',(-12.73167337625,-2.310204821562,3.51));
#7279 = CARTESIAN_POINT('',(-12.67390892346,-2.278206778791,3.51));
#7280 = CARTESIAN_POINT('',(-12.61554216132,-2.247332208984,3.51));
#7281 = CARTESIAN_POINT('',(-12.53748731636,-2.208125059436,3.51));
#7282 = CARTESIAN_POINT('',(-12.51835914693,-2.198679942457,3.51));
#7283 = CARTESIAN_POINT('',(-12.49916528087,-2.189367882862,3.51));
#7284 = CARTESIAN_POINT('',(-12.47990455252,-2.180194690594,3.51));
#7285 = CARTESIAN_POINT('',(-12.46057608658,-2.171165383366,3.51));
#7286 = CARTESIAN_POINT('',(-12.44117927964,-2.162284279137,3.51));
#7287 = CARTESIAN_POINT('',(-12.40224607208,-2.14483356954,3.51));
#7288 = CARTESIAN_POINT('',(-12.38270963278,-2.136264556403,3.51));
#7289 = CARTESIAN_POINT('',(-12.36310294882,-2.127854908438,3.51));
#7290 = CARTESIAN_POINT('',(-12.34342297802,-2.119619583861,3.51));
#7291 = CARTESIAN_POINT('',(-12.32367046209,-2.111557562359,3.51));
#7292 = CARTESIAN_POINT('',(-12.30384262758,-2.103684604035,3.51));
#7293 = CARTESIAN_POINT('',(-12.27559775791,-2.092801222005,3.51));
#7294 = CARTESIAN_POINT('',(-12.26724512904,-2.089623611561,3.51));
#7295 = CARTESIAN_POINT('',(-12.25887867534,-2.086482470736,3.51));
#7296 = CARTESIAN_POINT('',(-12.25049826445,-2.083378679432,3.51));
#7297 = CARTESIAN_POINT('',(-12.24210377769,-2.080313101978,3.51));
#7298 = CARTESIAN_POINT('',(-12.23369511012,-2.077286587133,3.51));
#7299 = CARTESIAN_POINT('',(-12.22527217048,-2.074299968086,3.51));
#7300 = ORIENTED_EDGE('',*,*,#7301,.F.);
#7301 = EDGE_CURVE('',#2612,#7259,#7302,.T.);
#7302 = LINE('',#7303,#7304);
#7303 = CARTESIAN_POINT('',(-13.88736626717,-3.194300887707,0.));
#7304 = VECTOR('',#7305,1.);
#7305 = DIRECTION('',(0.,0.,1.));
#7306 = SURFACE_OF_LINEAR_EXTRUSION('',#7307,#7330);
#7307 = B_SPLINE_CURVE_WITH_KNOTS('',3,(#7308,#7309,#7310,#7311,#7312,
    #7313,#7314,#7315,#7316,#7317,#7318,#7319,#7320,#7321,#7322,#7323,
    #7324,#7325,#7326,#7327,#7328,#7329),.UNSPECIFIED.,.F.,.F.,(4,1,1,1,
    1,1,1,1,1,1,1,1,1,1,1,1,1,1,1,4),(0.,5.083557895354E-02,
    0.107823372855,0.170963381733,0.240255605606,0.31570004449,
    0.397296698396,0.485045567335,0.578946651312,0.678999950336,
    0.785205464409,0.897563193537,1.016073137724,1.140735296972,
    1.271549671283,1.408516260661,1.551635065106,1.700906084621,
    1.856329319208,2.017904768867),.UNSPECIFIED.);
#7308 = CARTESIAN_POINT('',(-12.22527217048,-2.074299968086,0.));
#7309 = CARTESIAN_POINT('',(-12.24124396734,-2.079963272676,0.));
#7310 = CARTESIAN_POINT('',(-12.27497941056,-2.092366214205,0.));
#7311 = CARTESIAN_POINT('',(-12.32801477017,-2.113233797342,0.));
#7312 = CARTESIAN_POINT('',(-12.38624405966,-2.137660366492,0.));
#7313 = CARTESIAN_POINT('',(-12.44953062709,-2.165892161898,0.));
#7314 = CARTESIAN_POINT('',(-12.51773043319,-2.198165999279,0.));
#7315 = CARTESIAN_POINT('',(-12.59069106981,-2.234715638186,0.));
#7316 = CARTESIAN_POINT('',(-12.66825223895,-2.275769497173,0.));
#7317 = CARTESIAN_POINT('',(-12.75024579121,-2.321551036272,0.));
#7318 = CARTESIAN_POINT('',(-12.83649590712,-2.372278333655,0.));
#7319 = CARTESIAN_POINT('',(-12.92681924395,-2.428163910372,0.));
#7320 = CARTESIAN_POINT('',(-13.02102510133,-2.489414486812,0.));
#7321 = CARTESIAN_POINT('',(-13.11891558968,-2.556230764685,0.));
#7322 = CARTESIAN_POINT('',(-13.22028580553,-2.628807209857,0.));
#7323 = CARTESIAN_POINT('',(-13.32492401442,-2.707331831881,0.));
#7324 = CARTESIAN_POINT('',(-13.43261183295,-2.791986008347,0.));
#7325 = CARTESIAN_POINT('',(-13.54312444405,-2.882944153356,0.));
#7326 = CARTESIAN_POINT('',(-13.6562307092,-2.980374034118,0.));
#7327 = CARTESIAN_POINT('',(-13.77169371857,-3.084434537477,0.));
#7328 = CARTESIAN_POINT('',(-13.8485853708,-3.156926985086,0.));
#7329 = CARTESIAN_POINT('',(-13.88736626717,-3.194300887707,0.));
#7330 = VECTOR('',#7331,1.);
#7331 = DIRECTION('',(-0.,-0.,-1.));
#7332 = ADVANCED_FACE('',(#7333),#7353,.T.);
#7333 = FACE_BOUND('',#7334,.T.);
#7334 = EDGE_LOOP('',(#7335,#7336,#7337,#7347));
#7335 = ORIENTED_EDGE('',*,*,#2638,.F.);
#7336 = ORIENTED_EDGE('',*,*,#7301,.T.);
#7337 = ORIENTED_EDGE('',*,*,#7338,.F.);
#7338 = EDGE_CURVE('',#7339,#7259,#7341,.T.);
#7339 = VERTEX_POINT('',#7340);
#7340 = CARTESIAN_POINT('',(-13.78111778272,-3.625367934248,3.51));
#7341 = B_SPLINE_CURVE_WITH_KNOTS('',4,(#7342,#7343,#7344,#7345,#7346),
  .UNSPECIFIED.,.F.,.F.,(5,5),(0.,1.),.PIECEWISE_BEZIER_KNOTS.);
#7342 = CARTESIAN_POINT('',(-13.78111778272,-3.625367934248,3.51));
#7343 = CARTESIAN_POINT('',(-13.80767990383,-3.517601172612,3.51));
#7344 = CARTESIAN_POINT('',(-13.83424202495,-3.409834410977,3.51));
#7345 = CARTESIAN_POINT('',(-13.86080414606,-3.302067649342,3.51));
#7346 = CARTESIAN_POINT('',(-13.88736626717,-3.194300887707,3.51));
#7347 = ORIENTED_EDGE('',*,*,#7348,.F.);
#7348 = EDGE_CURVE('',#2639,#7339,#7349,.T.);
#7349 = LINE('',#7350,#7351);
#7350 = CARTESIAN_POINT('',(-13.78111778272,-3.625367934248,0.));
#7351 = VECTOR('',#7352,1.);
#7352 = DIRECTION('',(0.,0.,1.));
#7353 = SURFACE_OF_LINEAR_EXTRUSION('',#7354,#7357);
#7354 = B_SPLINE_CURVE_WITH_KNOTS('',1,(#7355,#7356),.UNSPECIFIED.,.F.,
  .F.,(2,2),(0.,0.443967948237),.PIECEWISE_BEZIER_KNOTS.);
#7355 = CARTESIAN_POINT('',(-13.88736626717,-3.194300887707,0.));
#7356 = CARTESIAN_POINT('',(-13.78111778272,-3.625367934248,0.));
#7357 = VECTOR('',#7358,1.);
#7358 = DIRECTION('',(-0.,-0.,-1.));
#7359 = ADVANCED_FACE('',(#7360),#7439,.T.);
#7360 = FACE_BOUND('',#7361,.T.);
#7361 = EDGE_LOOP('',(#7362,#7363,#7364,#7395,#7406,#7433));
#7362 = ORIENTED_EDGE('',*,*,#2645,.F.);
#7363 = ORIENTED_EDGE('',*,*,#7348,.T.);
#7364 = ORIENTED_EDGE('',*,*,#7365,.F.);
#7365 = EDGE_CURVE('',#7366,#7339,#7368,.T.);
#7366 = VERTEX_POINT('',#7367);
#7367 = CARTESIAN_POINT('',(-13.7195646855,-3.643016585243,3.51));
#7368 = B_SPLINE_CURVE_WITH_KNOTS('',7,(#7369,#7370,#7371,#7372,#7373,
    #7374,#7375,#7376,#7377,#7378,#7379,#7380,#7381,#7382,#7383,#7384,
    #7385,#7386,#7387,#7388,#7389,#7390,#7391,#7392,#7393,#7394),
  .UNSPECIFIED.,.F.,.F.,(8,6,6,6,8),(0.,6.500064050247E-02,
    0.278003844969,0.798008401284,1.),.UNSPECIFIED.);
#7369 = CARTESIAN_POINT('',(-11.78891616954,-3.844665856412,3.51));
#7370 = CARTESIAN_POINT('',(-11.80746446539,-3.847328377557,3.51));
#7371 = CARTESIAN_POINT('',(-11.8260387251,-3.849806250847,3.51));
#7372 = CARTESIAN_POINT('',(-11.84463592834,-3.85210764884,3.51));
#7373 = CARTESIAN_POINT('',(-11.86325383925,-3.854238016355,3.51));
#7374 = CARTESIAN_POINT('',(-11.88188951141,-3.856206778722,3.51));
#7375 = CARTESIAN_POINT('',(-11.90053967603,-3.85802544927,3.51));
#7376 = CARTESIAN_POINT('',(-11.98036165206,-3.865175153517,3.51));
#7377 = CARTESIAN_POINT('',(-12.04165951694,-3.869078151587,3.51));
#7378 = CARTESIAN_POINT('',(-12.10303458197,-3.871611793345,3.51));
#7379 = CARTESIAN_POINT('',(-12.16444618491,-3.872893730959,3.51));
#7380 = CARTESIAN_POINT('',(-12.22586461858,-3.873010685367,3.51));
#7381 = CARTESIAN_POINT('',(-12.28726694048,-3.87204062104,3.51));
#7382 = CARTESIAN_POINT('',(-12.49846656376,-3.865155939977,3.51));
#7383 = CARTESIAN_POINT('',(-12.64808049667,-3.85413840822,3.51));
#7384 = CARTESIAN_POINT('',(-12.79724365676,-3.837849356274,3.51));
#7385 = CARTESIAN_POINT('',(-12.94579252126,-3.816749884529,3.51));
#7386 = CARTESIAN_POINT('',(-13.09360398277,-3.791243186771,3.51));
#7387 = CARTESIAN_POINT('',(-13.24059621336,-3.761625353818,3.51));
#7388 = CARTESIAN_POINT('',(-13.44348342455,-3.715140427891,3.51));
#7389 = CARTESIAN_POINT('',(-13.50011146438,-3.701552806868,3.51));
#7390 = CARTESIAN_POINT('',(-13.55660191638,-3.68739940776,3.51));
#7391 = CARTESIAN_POINT('',(-13.61295111531,-3.672691393806,3.51));
#7392 = CARTESIAN_POINT('',(-13.66915563534,-3.65744085132,3.51));
#7393 = CARTESIAN_POINT('',(-13.72521219389,-3.641662131036,3.51));
#7394 = CARTESIAN_POINT('',(-13.78111778272,-3.625367934248,3.51));
#7395 = ORIENTED_EDGE('',*,*,#7396,.F.);
#7396 = EDGE_CURVE('',#7397,#7366,#7399,.T.);
#7397 = VERTEX_POINT('',#7398);
#7398 = CARTESIAN_POINT('',(-13.7195646855,-3.643016585243,4.));
#7399 = B_SPLINE_CURVE_WITH_KNOTS('',5,(#7400,#7401,#7402,#7403,#7404,
    #7405),.UNSPECIFIED.,.F.,.F.,(6,6),(0.,1.),
  .PIECEWISE_BEZIER_KNOTS.);
#7400 = CARTESIAN_POINT('',(-13.7195646855,-3.643016585243,4.0000006));
#7401 = CARTESIAN_POINT('',(-13.7195646855,-3.643016585243,
    3.893700524585));
#7402 = CARTESIAN_POINT('',(-13.7195646855,-3.643016585243,
    3.807051538322));
#7403 = CARTESIAN_POINT('',(-13.7195646855,-3.643016585243,
    3.699906479312));
#7404 = CARTESIAN_POINT('',(-13.7195646855,-3.643016585243,3.58119590178
    ));
#7405 = CARTESIAN_POINT('',(-13.7195646855,-3.643016585243,3.5099994));
#7406 = ORIENTED_EDGE('',*,*,#7407,.T.);
#7407 = EDGE_CURVE('',#7397,#7408,#7410,.T.);
#7408 = VERTEX_POINT('',#7409);
#7409 = CARTESIAN_POINT('',(-11.78891616954,-3.844665856412,4.));
#7410 = B_SPLINE_CURVE_WITH_KNOTS('',3,(#7411,#7412,#7413,#7414,#7415,
    #7416,#7417,#7418,#7419,#7420,#7421,#7422,#7423,#7424,#7425,#7426,
    #7427,#7428,#7429,#7430,#7431,#7432),.UNSPECIFIED.,.F.,.F.,(4,1,1,1,
    1,1,1,1,1,1,1,1,1,1,1,1,1,1,1,4),(0.,0.161575449659,0.316998684245,
    0.466269703761,0.609388508206,0.746355097584,0.877169471895,
    1.001831631143,1.120341575329,1.232699304458,1.338904818531,
    1.438958117555,1.532859201532,1.620608070471,1.702204724377,
    1.777649163261,1.846941387134,1.910081396012,1.967069189913,
    2.017904768867),.UNSPECIFIED.);
#7411 = CARTESIAN_POINT('',(-13.78111778272,-3.625367934248,4.));
#7412 = CARTESIAN_POINT('',(-13.72941048577,-3.640438500349,4.));
#7413 = CARTESIAN_POINT('',(-13.62763738877,-3.668894042367,4.));
#7414 = CARTESIAN_POINT('',(-13.47704064418,-3.707376706131,4.));
#7415 = CARTESIAN_POINT('',(-13.33161209693,-3.741083478814,4.));
#7416 = CARTESIAN_POINT('',(-13.19148768184,-3.770265145212,4.));
#7417 = CARTESIAN_POINT('',(-13.05679409663,-3.795177671245,4.));
#7418 = CARTESIAN_POINT('',(-12.92764935262,-3.816079970626,4.));
#7419 = CARTESIAN_POINT('',(-12.80416252835,-3.83323413306,4.));
#7420 = CARTESIAN_POINT('',(-12.686433733,-3.846905030657,4.));
#7421 = CARTESIAN_POINT('',(-12.57455402676,-3.857360077775,4.));
#7422 = CARTESIAN_POINT('',(-12.46860536142,-3.864868950826,4.));
#7423 = CARTESIAN_POINT('',(-12.36866052603,-3.869703314504,4.));
#7424 = CARTESIAN_POINT('',(-12.27478309904,-3.872136550466,4.));
#7425 = CARTESIAN_POINT('',(-12.1870274149,-3.872443464735,4.));
#7426 = CARTESIAN_POINT('',(-12.10543851543,-3.870900064254,4.));
#7427 = CARTESIAN_POINT('',(-12.0300521861,-3.867783097814,4.));
#7428 = CARTESIAN_POINT('',(-11.9608947441,-3.863370376803,4.));
#7429 = CARTESIAN_POINT('',(-11.89798367616,-3.857938529526,4.));
#7430 = CARTESIAN_POINT('',(-11.84132554799,-3.851769096208,4.));
#7431 = CARTESIAN_POINT('',(-11.80569036218,-3.847073713336,4.));
#7432 = CARTESIAN_POINT('',(-11.78891616954,-3.844665856412,4.));
#7433 = ORIENTED_EDGE('',*,*,#7434,.F.);
#7434 = EDGE_CURVE('',#2646,#7408,#7435,.T.);
#7435 = LINE('',#7436,#7437);
#7436 = CARTESIAN_POINT('',(-11.78891616954,-3.844665856412,0.));
#7437 = VECTOR('',#7438,1.);
#7438 = DIRECTION('',(0.,0.,1.));
#7439 = SURFACE_OF_LINEAR_EXTRUSION('',#7440,#7463);
#7440 = B_SPLINE_CURVE_WITH_KNOTS('',3,(#7441,#7442,#7443,#7444,#7445,
    #7446,#7447,#7448,#7449,#7450,#7451,#7452,#7453,#7454,#7455,#7456,
    #7457,#7458,#7459,#7460,#7461,#7462),.UNSPECIFIED.,.F.,.F.,(4,1,1,1,
    1,1,1,1,1,1,1,1,1,1,1,1,1,1,1,4),(0.,0.161575449659,0.316998684245,
    0.466269703761,0.609388508206,0.746355097584,0.877169471895,
    1.001831631143,1.120341575329,1.232699304458,1.338904818531,
    1.438958117555,1.532859201532,1.620608070471,1.702204724377,
    1.777649163261,1.846941387134,1.910081396012,1.967069189913,
    2.017904768867),.UNSPECIFIED.);
#7441 = CARTESIAN_POINT('',(-13.78111778272,-3.625367934248,0.));
#7442 = CARTESIAN_POINT('',(-13.72941048577,-3.640438500349,0.));
#7443 = CARTESIAN_POINT('',(-13.62763738877,-3.668894042367,0.));
#7444 = CARTESIAN_POINT('',(-13.47704064418,-3.707376706131,0.));
#7445 = CARTESIAN_POINT('',(-13.33161209693,-3.741083478814,0.));
#7446 = CARTESIAN_POINT('',(-13.19148768184,-3.770265145212,0.));
#7447 = CARTESIAN_POINT('',(-13.05679409663,-3.795177671245,0.));
#7448 = CARTESIAN_POINT('',(-12.92764935262,-3.816079970626,0.));
#7449 = CARTESIAN_POINT('',(-12.80416252835,-3.83323413306,0.));
#7450 = CARTESIAN_POINT('',(-12.686433733,-3.846905030657,0.));
#7451 = CARTESIAN_POINT('',(-12.57455402676,-3.857360077775,0.));
#7452 = CARTESIAN_POINT('',(-12.46860536142,-3.864868950826,0.));
#7453 = CARTESIAN_POINT('',(-12.36866052603,-3.869703314504,0.));
#7454 = CARTESIAN_POINT('',(-12.27478309904,-3.872136550466,0.));
#7455 = CARTESIAN_POINT('',(-12.1870274149,-3.872443464735,0.));
#7456 = CARTESIAN_POINT('',(-12.10543851543,-3.870900064254,0.));
#7457 = CARTESIAN_POINT('',(-12.0300521861,-3.867783097814,0.));
#7458 = CARTESIAN_POINT('',(-11.9608947441,-3.863370376803,0.));
#7459 = CARTESIAN_POINT('',(-11.89798367616,-3.857938529526,0.));
#7460 = CARTESIAN_POINT('',(-11.84132554799,-3.851769096208,0.));
#7461 = CARTESIAN_POINT('',(-11.80569036218,-3.847073713336,0.));
#7462 = CARTESIAN_POINT('',(-11.78891616954,-3.844665856412,0.));
#7463 = VECTOR('',#7464,1.);
#7464 = DIRECTION('',(-0.,-0.,-1.));
#7465 = ADVANCED_FACE('',(#7466),#7483,.T.);
#7466 = FACE_BOUND('',#7467,.T.);
#7467 = EDGE_LOOP('',(#7468,#7469,#7476,#7482));
#7468 = ORIENTED_EDGE('',*,*,#7434,.T.);
#7469 = ORIENTED_EDGE('',*,*,#7470,.T.);
#7470 = EDGE_CURVE('',#7408,#7471,#7473,.T.);
#7471 = VERTEX_POINT('',#7472);
#7472 = CARTESIAN_POINT('',(-11.37361550494,-4.939723711475,4.));
#7473 = B_SPLINE_CURVE_WITH_KNOTS('',1,(#7474,#7475),.UNSPECIFIED.,.F.,
  .F.,(2,2),(0.,1.171164526424),.PIECEWISE_BEZIER_KNOTS.);
#7474 = CARTESIAN_POINT('',(-11.78891616954,-3.844665856412,4.));
#7475 = CARTESIAN_POINT('',(-11.37361550494,-4.939723711475,4.));
#7476 = ORIENTED_EDGE('',*,*,#7477,.F.);
#7477 = EDGE_CURVE('',#2673,#7471,#7478,.T.);
#7478 = LINE('',#7479,#7480);
#7479 = CARTESIAN_POINT('',(-11.37361550494,-4.939723711475,0.));
#7480 = VECTOR('',#7481,1.);
#7481 = DIRECTION('',(0.,0.,1.));
#7482 = ORIENTED_EDGE('',*,*,#2672,.F.);
#7483 = SURFACE_OF_LINEAR_EXTRUSION('',#7484,#7487);
#7484 = B_SPLINE_CURVE_WITH_KNOTS('',1,(#7485,#7486),.UNSPECIFIED.,.F.,
  .F.,(2,2),(0.,1.171164526424),.PIECEWISE_BEZIER_KNOTS.);
#7485 = CARTESIAN_POINT('',(-11.78891616954,-3.844665856412,0.));
#7486 = CARTESIAN_POINT('',(-11.37361550494,-4.939723711475,0.));
#7487 = VECTOR('',#7488,1.);
#7488 = DIRECTION('',(-0.,-0.,-1.));
#7489 = ADVANCED_FACE('',(#7490),#7581,.T.);
#7490 = FACE_BOUND('',#7491,.T.);
#7491 = EDGE_LOOP('',(#7492,#7493,#7494,#7521,#7532,#7575));
#7492 = ORIENTED_EDGE('',*,*,#2679,.F.);
#7493 = ORIENTED_EDGE('',*,*,#7477,.T.);
#7494 = ORIENTED_EDGE('',*,*,#7495,.T.);
#7495 = EDGE_CURVE('',#7471,#7496,#7498,.T.);
#7496 = VERTEX_POINT('',#7497);
#7497 = CARTESIAN_POINT('',(-12.68500846934,-6.370917134336,4.));
#7498 = B_SPLINE_CURVE_WITH_KNOTS('',3,(#7499,#7500,#7501,#7502,#7503,
    #7504,#7505,#7506,#7507,#7508,#7509,#7510,#7511,#7512,#7513,#7514,
    #7515,#7516,#7517,#7518,#7519,#7520),.UNSPECIFIED.,.F.,.F.,(4,1,1,1,
    1,1,1,1,1,1,1,1,1,1,1,1,1,1,1,4),(0.,5.083557895354E-02,
    0.107823372855,0.170963381733,0.240255605606,0.31570004449,
    0.397296698396,0.485045567335,0.578946651312,0.678999950336,
    0.785205464409,0.897563193537,1.016073137724,1.140735296972,
    1.271549671283,1.408516260661,1.551635065106,1.700906084621,
    1.856329319208,2.017904768867),.UNSPECIFIED.);
#7499 = CARTESIAN_POINT('',(-11.37361550494,-4.939723711475,4.));
#7500 = CARTESIAN_POINT('',(-11.38776787291,-4.949044751902,4.));
#7501 = CARTESIAN_POINT('',(-11.41755480727,-4.969160706497,4.));
#7502 = CARTESIAN_POINT('',(-11.4640551162,-5.002114107908,4.));
#7503 = CARTESIAN_POINT('',(-11.51474670774,-5.039766066447,4.));
#7504 = CARTESIAN_POINT('',(-11.56943797167,-5.082322964114,4.));
#7505 = CARTESIAN_POINT('',(-11.62793238052,-5.129980264336,4.));
#7506 = CARTESIAN_POINT('',(-11.69002601253,-5.182928460383,4.));
#7507 = CARTESIAN_POINT('',(-11.75550856351,-5.241350971555,4.));
#7508 = CARTESIAN_POINT('',(-11.82416329273,-5.305424523761,4.));
#7509 = CARTESIAN_POINT('',(-11.89576730015,-5.375318781859,4.));
#7510 = CARTESIAN_POINT('',(-11.97009171105,-5.451196214638,4.));
#7511 = CARTESIAN_POINT('',(-12.04690189504,-5.533211897983,4.));
#7512 = CARTESIAN_POINT('',(-12.12595768178,-5.621513343501,4.));
#7513 = CARTESIAN_POINT('',(-12.20701358321,-5.716240329625,4.));
#7514 = CARTESIAN_POINT('',(-12.28981902383,-5.817524731315,4.));
#7515 = CARTESIAN_POINT('',(-12.37411855959,-5.925490393092,4.));
#7516 = CARTESIAN_POINT('',(-12.45965216617,-6.040252858655,4.));
#7517 = CARTESIAN_POINT('',(-12.54615527218,-6.161919705132,4.));
#7518 = CARTESIAN_POINT('',(-12.63335982785,-6.290588506174,4.));
#7519 = CARTESIAN_POINT('',(-12.69066857016,-6.379375831838,4.));
#7520 = CARTESIAN_POINT('',(-12.71937840384,-6.424944592751,4.));
#7521 = ORIENTED_EDGE('',*,*,#7522,.T.);
#7522 = EDGE_CURVE('',#7496,#7523,#7525,.T.);
#7523 = VERTEX_POINT('',#7524);
#7524 = CARTESIAN_POINT('',(-12.68500846934,-6.370917134336,3.51));
#7525 = B_SPLINE_CURVE_WITH_KNOTS('',5,(#7526,#7527,#7528,#7529,#7530,
    #7531),.UNSPECIFIED.,.F.,.F.,(6,6),(0.,1.),
  .PIECEWISE_BEZIER_KNOTS.);
#7526 = CARTESIAN_POINT('',(-12.68500846934,-6.370917134336,4.0000006));
#7527 = CARTESIAN_POINT('',(-12.68500846934,-6.370917134336,
    3.893700524585));
#7528 = CARTESIAN_POINT('',(-12.68500846934,-6.370917134336,
    3.807051538322));
#7529 = CARTESIAN_POINT('',(-12.68500846934,-6.370917134336,
    3.699906479312));
#7530 = CARTESIAN_POINT('',(-12.68500846934,-6.370917134336,
    3.58119590178));
#7531 = CARTESIAN_POINT('',(-12.68500846934,-6.370917134336,3.5099994));
#7532 = ORIENTED_EDGE('',*,*,#7533,.F.);
#7533 = EDGE_CURVE('',#7534,#7523,#7536,.T.);
#7534 = VERTEX_POINT('',#7535);
#7535 = CARTESIAN_POINT('',(-12.71937840384,-6.424944592751,3.51));
#7536 = B_SPLINE_CURVE_WITH_KNOTS('',7,(#7537,#7538,#7539,#7540,#7541,
    #7542,#7543,#7544,#7545,#7546,#7547,#7548,#7549,#7550,#7551,#7552,
    #7553,#7554,#7555,#7556,#7557,#7558,#7559,#7560,#7561,#7562,#7563,
    #7564,#7565,#7566,#7567,#7568,#7569,#7570,#7571,#7572,#7573,#7574),
  .UNSPECIFIED.,.F.,.F.,(8,6,6,6,6,6,8),(0.,0.29599853849,0.591998255967
    ,0.820999393952,0.894999573716,0.968999916493,1.),.UNSPECIFIED.);
#7537 = CARTESIAN_POINT('',(-12.71937840384,-6.424944592751,3.51));
#7538 = CARTESIAN_POINT('',(-12.67389269556,-6.352748863967,3.51));
#7539 = CARTESIAN_POINT('',(-12.62743077818,-6.281166404748,3.51));
#7540 = CARTESIAN_POINT('',(-12.57997141262,-6.210235750901,3.51));
#7541 = CARTESIAN_POINT('',(-12.53149460759,-6.139994049968,3.51));
#7542 = CARTESIAN_POINT('',(-12.48198894558,-6.070472364766,3.51));
#7543 = CARTESIAN_POINT('',(-12.4314259719,-6.001723206227,3.51));
#7544 = CARTESIAN_POINT('',(-12.32814134933,-5.865864973937,3.51));
#7545 = CARTESIAN_POINT('',(-12.27542001408,-5.798757044206,3.51));
#7546 = CARTESIAN_POINT('',(-12.22159435717,-5.732520514255,3.51));
#7547 = CARTESIAN_POINT('',(-12.16663664862,-5.667213688532,3.51));
#7548 = CARTESIAN_POINT('',(-12.11051642148,-5.602903243261,3.51));
#7549 = CARTESIAN_POINT('',(-12.05319768829,-5.539668120656,3.51));
#7550 = CARTESIAN_POINT('',(-11.94932562596,-5.42959351834,3.51));
#7551 = CARTESIAN_POINT('',(-11.90327351472,-5.382283659106,3.51));
#7552 = CARTESIAN_POINT('',(-11.85645528328,-5.335722124412,3.51));
#7553 = CARTESIAN_POINT('',(-11.8088458853,-5.289963339605,3.51));
#7554 = CARTESIAN_POINT('',(-11.76041759538,-5.24507116341,3.51));
#7555 = CARTESIAN_POINT('',(-11.71113563346,-5.201125672036,3.51));
#7556 = CARTESIAN_POINT('',(-11.64473180547,-5.144378063926,3.51));
#7557 = CARTESIAN_POINT('',(-11.62841983033,-5.130629734306,3.51));
#7558 = CARTESIAN_POINT('',(-11.61201222486,-5.116994873432,3.51));
#7559 = CARTESIAN_POINT('',(-11.59550646687,-5.103478843461,3.51));
#7560 = CARTESIAN_POINT('',(-11.57890050569,-5.090086306825,3.51));
#7561 = CARTESIAN_POINT('',(-11.56219272206,-5.076821311606,3.51));
#7562 = CARTESIAN_POINT('',(-11.52856707091,-5.050560361483,3.51));
#7563 = CARTESIAN_POINT('',(-11.51164902411,-5.037564972348,3.51));
#7564 = CARTESIAN_POINT('',(-11.49462463523,-5.024707506871,3.51));
#7565 = CARTESIAN_POINT('',(-11.47748737079,-5.012001760574,3.51));
#7566 = CARTESIAN_POINT('',(-11.46023819511,-4.999446920294,3.51));
#7567 = CARTESIAN_POINT('',(-11.44287064368,-4.987057624443,3.51));
#7568 = CARTESIAN_POINT('',(-11.41805108239,-4.969731053967,3.51));
#7569 = CARTESIAN_POINT('',(-11.41070161769,-4.96464686418,3.51));
#7570 = CARTESIAN_POINT('',(-11.40333000213,-4.959594775775,3.51));
#7571 = CARTESIAN_POINT('',(-11.39593589663,-4.954575611405,3.51));
#7572 = CARTESIAN_POINT('',(-11.3885189791,-4.949590181886,3.51));
#7573 = CARTESIAN_POINT('',(-11.38107894454,-4.944639286196,3.51));
#7574 = CARTESIAN_POINT('',(-11.37361550494,-4.939723711475,3.51));
#7575 = ORIENTED_EDGE('',*,*,#7576,.F.);
#7576 = EDGE_CURVE('',#2680,#7534,#7577,.T.);
#7577 = LINE('',#7578,#7579);
#7578 = CARTESIAN_POINT('',(-12.71937840384,-6.424944592751,0.));
#7579 = VECTOR('',#7580,1.);
#7580 = DIRECTION('',(0.,0.,1.));
#7581 = SURFACE_OF_LINEAR_EXTRUSION('',#7582,#7605);
#7582 = B_SPLINE_CURVE_WITH_KNOTS('',3,(#7583,#7584,#7585,#7586,#7587,
    #7588,#7589,#7590,#7591,#7592,#7593,#7594,#7595,#7596,#7597,#7598,
    #7599,#7600,#7601,#7602,#7603,#7604),.UNSPECIFIED.,.F.,.F.,(4,1,1,1,
    1,1,1,1,1,1,1,1,1,1,1,1,1,1,1,4),(0.,5.083557895354E-02,
    0.107823372855,0.170963381733,0.240255605606,0.31570004449,
    0.397296698396,0.485045567335,0.578946651312,0.678999950336,
    0.785205464409,0.897563193537,1.016073137724,1.140735296972,
    1.271549671283,1.408516260661,1.551635065106,1.700906084621,
    1.856329319208,2.017904768867),.UNSPECIFIED.);
#7583 = CARTESIAN_POINT('',(-11.37361550494,-4.939723711475,0.));
#7584 = CARTESIAN_POINT('',(-11.38776787291,-4.949044751902,0.));
#7585 = CARTESIAN_POINT('',(-11.41755480727,-4.969160706497,0.));
#7586 = CARTESIAN_POINT('',(-11.4640551162,-5.002114107908,0.));
#7587 = CARTESIAN_POINT('',(-11.51474670774,-5.039766066447,0.));
#7588 = CARTESIAN_POINT('',(-11.56943797167,-5.082322964114,0.));
#7589 = CARTESIAN_POINT('',(-11.62793238052,-5.129980264336,0.));
#7590 = CARTESIAN_POINT('',(-11.69002601253,-5.182928460383,0.));
#7591 = CARTESIAN_POINT('',(-11.75550856351,-5.241350971555,0.));
#7592 = CARTESIAN_POINT('',(-11.82416329273,-5.305424523761,0.));
#7593 = CARTESIAN_POINT('',(-11.89576730015,-5.375318781859,0.));
#7594 = CARTESIAN_POINT('',(-11.97009171105,-5.451196214638,0.));
#7595 = CARTESIAN_POINT('',(-12.04690189504,-5.533211897983,0.));
#7596 = CARTESIAN_POINT('',(-12.12595768178,-5.621513343501,0.));
#7597 = CARTESIAN_POINT('',(-12.20701358321,-5.716240329625,0.));
#7598 = CARTESIAN_POINT('',(-12.28981902383,-5.817524731315,0.));
#7599 = CARTESIAN_POINT('',(-12.37411855959,-5.925490393092,0.));
#7600 = CARTESIAN_POINT('',(-12.45965216617,-6.040252858655,0.));
#7601 = CARTESIAN_POINT('',(-12.54615527218,-6.161919705132,0.));
#7602 = CARTESIAN_POINT('',(-12.63335982785,-6.290588506174,0.));
#7603 = CARTESIAN_POINT('',(-12.69066857016,-6.379375831838,0.));
#7604 = CARTESIAN_POINT('',(-12.71937840384,-6.424944592751,0.));
#7605 = VECTOR('',#7606,1.);
#7606 = DIRECTION('',(-0.,-0.,-1.));
#7607 = ADVANCED_FACE('',(#7608),#7628,.T.);
#7608 = FACE_BOUND('',#7609,.T.);
#7609 = EDGE_LOOP('',(#7610,#7611,#7612,#7622));
#7610 = ORIENTED_EDGE('',*,*,#2706,.F.);
#7611 = ORIENTED_EDGE('',*,*,#7576,.T.);
#7612 = ORIENTED_EDGE('',*,*,#7613,.F.);
#7613 = EDGE_CURVE('',#7614,#7534,#7616,.T.);
#7614 = VERTEX_POINT('',#7615);
#7615 = CARTESIAN_POINT('',(-12.51305621065,-6.818058687714,3.51));
#7616 = B_SPLINE_CURVE_WITH_KNOTS('',4,(#7617,#7618,#7619,#7620,#7621),
  .UNSPECIFIED.,.F.,.F.,(5,5),(0.,1.),.PIECEWISE_BEZIER_KNOTS.);
#7617 = CARTESIAN_POINT('',(-12.51305621065,-6.818058687714,3.51));
#7618 = CARTESIAN_POINT('',(-12.56463675894,-6.719780163973,3.51));
#7619 = CARTESIAN_POINT('',(-12.61621730724,-6.621501640232,3.51));
#7620 = CARTESIAN_POINT('',(-12.66779785554,-6.523223116492,3.51));
#7621 = CARTESIAN_POINT('',(-12.71937840384,-6.424944592751,3.51));
#7622 = ORIENTED_EDGE('',*,*,#7623,.F.);
#7623 = EDGE_CURVE('',#2707,#7614,#7624,.T.);
#7624 = LINE('',#7625,#7626);
#7625 = CARTESIAN_POINT('',(-12.51305621065,-6.818058687714,0.));
#7626 = VECTOR('',#7627,1.);
#7627 = DIRECTION('',(0.,0.,1.));
#7628 = SURFACE_OF_LINEAR_EXTRUSION('',#7629,#7632);
#7629 = B_SPLINE_CURVE_WITH_KNOTS('',1,(#7630,#7631),.UNSPECIFIED.,.F.,
  .F.,(2,2),(0.,0.443967948237),.PIECEWISE_BEZIER_KNOTS.);
#7630 = CARTESIAN_POINT('',(-12.71937840384,-6.424944592751,0.));
#7631 = CARTESIAN_POINT('',(-12.51305621065,-6.818058687714,0.));
#7632 = VECTOR('',#7633,1.);
#7633 = DIRECTION('',(-0.,-0.,-1.));
#7634 = ADVANCED_FACE('',(#7635),#7714,.T.);
#7635 = FACE_BOUND('',#7636,.T.);
#7636 = EDGE_LOOP('',(#7637,#7638,#7639,#7670,#7681,#7708));
#7637 = ORIENTED_EDGE('',*,*,#2713,.F.);
#7638 = ORIENTED_EDGE('',*,*,#7623,.T.);
#7639 = ORIENTED_EDGE('',*,*,#7640,.F.);
#7640 = EDGE_CURVE('',#7641,#7614,#7643,.T.);
#7641 = VERTEX_POINT('',#7642);
#7642 = CARTESIAN_POINT('',(-12.44906813592,-6.820463880636,3.51));
#7643 = B_SPLINE_CURVE_WITH_KNOTS('',7,(#7644,#7645,#7646,#7647,#7648,
    #7649,#7650,#7651,#7652,#7653,#7654,#7655,#7656,#7657,#7658,#7659,
    #7660,#7661,#7662,#7663,#7664,#7665,#7666,#7667,#7668,#7669),
  .UNSPECIFIED.,.F.,.F.,(8,6,6,6,8),(0.,6.500064050213E-02,
    0.278003844968,0.798008401284,1.),.UNSPECIFIED.);
#7644 = CARTESIAN_POINT('',(-10.52626292775,-6.554219158365,3.51));
#7645 = CARTESIAN_POINT('',(-10.54363506081,-6.561243209228,3.51));
#7646 = CARTESIAN_POINT('',(-10.5610765924,-6.568094191324,3.51));
#7647 = CARTESIAN_POINT('',(-10.57858263412,-6.574779316921,3.51));
#7648 = CARTESIAN_POINT('',(-10.59614971206,-6.581303337546,3.51));
#7649 = CARTESIAN_POINT('',(-10.61377270978,-6.587674699518,3.51));
#7650 = CARTESIAN_POINT('',(-10.63144569817,-6.593903799341,3.51));
#7651 = CARTESIAN_POINT('',(-10.70723715642,-6.619948395395,3.51));
#7652 = CARTESIAN_POINT('',(-10.76581976817,-6.638407518687,3.51));
#7653 = CARTESIAN_POINT('',(-10.8248050452,-6.655555551879,3.51));
#7654 = CARTESIAN_POINT('',(-10.88412535082,-6.671496997269,3.51));
#7655 = CARTESIAN_POINT('',(-10.94373108741,-6.686308946447,3.51));
#7656 = CARTESIAN_POINT('',(-11.00358132101,-6.700061607879,3.51));
#7657 = CARTESIAN_POINT('',(-11.21029147911,-6.74392036128,3.51));
#7658 = CARTESIAN_POINT('',(-11.35819457097,-6.769027936714,3.51));
#7659 = CARTESIAN_POINT('',(-11.50692154601,-6.788909295757,3.51));
#7660 = CARTESIAN_POINT('',(-11.65620328458,-6.803973006501,3.51));
#7661 = CARTESIAN_POINT('',(-11.80582376597,-6.814581085122,3.51));
#7662 = CARTESIAN_POINT('',(-11.95563268085,-6.821001435876,3.51));
#7663 = CARTESIAN_POINT('',(-12.16374892934,-6.824421365135,3.51));
#7664 = CARTESIAN_POINT('',(-12.2219831918,-6.824780552653,3.51));
#7665 = CARTESIAN_POINT('',(-12.28021926405,-6.824557475648,3.51));
#7666 = CARTESIAN_POINT('',(-12.3384509158,-6.823762095822,3.51));
#7667 = CARTESIAN_POINT('',(-12.39667192833,-6.822405328431,3.51));
#7668 = CARTESIAN_POINT('',(-12.4548756801,-6.820500321629,3.51));
#7669 = CARTESIAN_POINT('',(-12.51305621065,-6.818058687714,3.51));
#7670 = ORIENTED_EDGE('',*,*,#7671,.F.);
#7671 = EDGE_CURVE('',#7672,#7641,#7674,.T.);
#7672 = VERTEX_POINT('',#7673);
#7673 = CARTESIAN_POINT('',(-12.44906813592,-6.820463880636,4.));
#7674 = B_SPLINE_CURVE_WITH_KNOTS('',5,(#7675,#7676,#7677,#7678,#7679,
    #7680),.UNSPECIFIED.,.F.,.F.,(6,6),(0.,1.),
  .PIECEWISE_BEZIER_KNOTS.);
#7675 = CARTESIAN_POINT('',(-12.44906813592,-6.820463880636,4.0000006));
#7676 = CARTESIAN_POINT('',(-12.44906813592,-6.820463880636,
    3.893700524585));
#7677 = CARTESIAN_POINT('',(-12.44906813592,-6.820463880636,
    3.807051538322));
#7678 = CARTESIAN_POINT('',(-12.44906813592,-6.820463880636,
    3.699906479312));
#7679 = CARTESIAN_POINT('',(-12.44906813592,-6.820463880636,
    3.58119590178));
#7680 = CARTESIAN_POINT('',(-12.44906813592,-6.820463880636,3.5099994));
#7681 = ORIENTED_EDGE('',*,*,#7682,.T.);
#7682 = EDGE_CURVE('',#7672,#7683,#7685,.T.);
#7683 = VERTEX_POINT('',#7684);
#7684 = CARTESIAN_POINT('',(-10.52626292775,-6.554219158365,4.));
#7685 = B_SPLINE_CURVE_WITH_KNOTS('',3,(#7686,#7687,#7688,#7689,#7690,
    #7691,#7692,#7693,#7694,#7695,#7696,#7697,#7698,#7699,#7700,#7701,
    #7702,#7703,#7704,#7705,#7706,#7707),.UNSPECIFIED.,.F.,.F.,(4,1,1,1,
    1,1,1,1,1,1,1,1,1,1,1,1,1,1,1,4),(0.,0.161575449659,0.316998684245,
    0.466269703761,0.609388508206,0.746355097584,0.877169471895,
    1.001831631143,1.120341575329,1.232699304458,1.338904818531,
    1.438958117555,1.532859201532,1.620608070471,1.702204724377,
    1.777649163261,1.846941387134,1.910081396012,1.967069189913,
    2.017904768867),.UNSPECIFIED.);
#7686 = CARTESIAN_POINT('',(-12.51305621065,-6.818058687714,4.));
#7687 = CARTESIAN_POINT('',(-12.45924481123,-6.820316964437,4.));
#7688 = CARTESIAN_POINT('',(-12.35361919853,-6.823589743805,4.));
#7689 = CARTESIAN_POINT('',(-12.19818901739,-6.824914011327,4.));
#7690 = CARTESIAN_POINT('',(-12.04891980072,-6.822837997063,4.));
#7691 = CARTESIAN_POINT('',(-11.9058835166,-6.817637729793,4.));
#7692 = CARTESIAN_POINT('',(-11.76914192445,-6.809592058274,4.));
#7693 = CARTESIAN_POINT('',(-11.63874764434,-6.798980614624,4.));
#7694 = CARTESIAN_POINT('',(-11.51474386298,-6.786083976893,4.));
#7695 = CARTESIAN_POINT('',(-11.39716439251,-6.771183278185,4.));
#7696 = CARTESIAN_POINT('',(-11.28603365065,-6.754559954416,4.));
#7697 = CARTESIAN_POINT('',(-11.18136667004,-6.736495458038,4.));
#7698 = CARTESIAN_POINT('',(-11.08316911096,-6.717270979219,4.));
#7699 = CARTESIAN_POINT('',(-10.9914372799,-6.697167170964,4.));
#7700 = CARTESIAN_POINT('',(-10.90615816706,-6.676463857017,4.));
#7701 = CARTESIAN_POINT('',(-10.82730945264,-6.655439803275,4.));
#7702 = CARTESIAN_POINT('',(-10.75485965193,-6.634372280732,4.));
#7703 = CARTESIAN_POINT('',(-10.68876783277,-6.613537326202,4.));
#7704 = CARTESIAN_POINT('',(-10.62898477226,-6.593207714519,4.));
#7705 = CARTESIAN_POINT('',(-10.57544946836,-6.573658376142,4.));
#7706 = CARTESIAN_POINT('',(-10.54197345496,-6.560571374398,4.));
#7707 = CARTESIAN_POINT('',(-10.52626292775,-6.554219158365,4.));
#7708 = ORIENTED_EDGE('',*,*,#7709,.F.);
#7709 = EDGE_CURVE('',#2714,#7683,#7710,.T.);
#7710 = LINE('',#7711,#7712);
#7711 = CARTESIAN_POINT('',(-10.52626292775,-6.554219158365,0.));
#7712 = VECTOR('',#7713,1.);
#7713 = DIRECTION('',(0.,0.,1.));
#7714 = SURFACE_OF_LINEAR_EXTRUSION('',#7715,#7738);
#7715 = B_SPLINE_CURVE_WITH_KNOTS('',3,(#7716,#7717,#7718,#7719,#7720,
    #7721,#7722,#7723,#7724,#7725,#7726,#7727,#7728,#7729,#7730,#7731,
    #7732,#7733,#7734,#7735,#7736,#7737),.UNSPECIFIED.,.F.,.F.,(4,1,1,1,
    1,1,1,1,1,1,1,1,1,1,1,1,1,1,1,4),(0.,0.161575449659,0.316998684245,
    0.466269703761,0.609388508206,0.746355097584,0.877169471895,
    1.001831631143,1.120341575329,1.232699304458,1.338904818531,
    1.438958117555,1.532859201532,1.620608070471,1.702204724377,
    1.777649163261,1.846941387134,1.910081396012,1.967069189913,
    2.017904768867),.UNSPECIFIED.);
#7716 = CARTESIAN_POINT('',(-12.51305621065,-6.818058687714,0.));
#7717 = CARTESIAN_POINT('',(-12.45924481123,-6.820316964437,0.));
#7718 = CARTESIAN_POINT('',(-12.35361919853,-6.823589743805,0.));
#7719 = CARTESIAN_POINT('',(-12.19818901739,-6.824914011327,0.));
#7720 = CARTESIAN_POINT('',(-12.04891980072,-6.822837997063,0.));
#7721 = CARTESIAN_POINT('',(-11.9058835166,-6.817637729793,0.));
#7722 = CARTESIAN_POINT('',(-11.76914192445,-6.809592058274,0.));
#7723 = CARTESIAN_POINT('',(-11.63874764434,-6.798980614624,0.));
#7724 = CARTESIAN_POINT('',(-11.51474386298,-6.786083976893,0.));
#7725 = CARTESIAN_POINT('',(-11.39716439251,-6.771183278185,0.));
#7726 = CARTESIAN_POINT('',(-11.28603365065,-6.754559954416,0.));
#7727 = CARTESIAN_POINT('',(-11.18136667004,-6.736495458038,0.));
#7728 = CARTESIAN_POINT('',(-11.08316911096,-6.717270979219,0.));
#7729 = CARTESIAN_POINT('',(-10.9914372799,-6.697167170964,0.));
#7730 = CARTESIAN_POINT('',(-10.90615816706,-6.676463857017,0.));
#7731 = CARTESIAN_POINT('',(-10.82730945264,-6.655439803275,0.));
#7732 = CARTESIAN_POINT('',(-10.75485965193,-6.634372280732,0.));
#7733 = CARTESIAN_POINT('',(-10.68876783277,-6.613537326202,0.));
#7734 = CARTESIAN_POINT('',(-10.62898477226,-6.593207714519,0.));
#7735 = CARTESIAN_POINT('',(-10.57544946836,-6.573658376142,0.));
#7736 = CARTESIAN_POINT('',(-10.54197345496,-6.560571374398,0.));
#7737 = CARTESIAN_POINT('',(-10.52626292775,-6.554219158365,0.));
#7738 = VECTOR('',#7739,1.);
#7739 = DIRECTION('',(-0.,-0.,-1.));
#7740 = ADVANCED_FACE('',(#7741),#7758,.T.);
#7741 = FACE_BOUND('',#7742,.T.);
#7742 = EDGE_LOOP('',(#7743,#7744,#7751,#7757));
#7743 = ORIENTED_EDGE('',*,*,#7709,.T.);
#7744 = ORIENTED_EDGE('',*,*,#7745,.T.);
#7745 = EDGE_CURVE('',#7683,#7746,#7748,.T.);
#7746 = VERTEX_POINT('',#7747);
#7747 = CARTESIAN_POINT('',(-9.860965647666,-7.518068667919,4.));
#7748 = B_SPLINE_CURVE_WITH_KNOTS('',1,(#7749,#7750),.UNSPECIFIED.,.F.,
  .F.,(2,2),(0.,1.171164526424),.PIECEWISE_BEZIER_KNOTS.);
#7749 = CARTESIAN_POINT('',(-10.52626292775,-6.554219158365,4.));
#7750 = CARTESIAN_POINT('',(-9.860965647666,-7.518068667919,4.));
#7751 = ORIENTED_EDGE('',*,*,#7752,.F.);
#7752 = EDGE_CURVE('',#2741,#7746,#7753,.T.);
#7753 = LINE('',#7754,#7755);
#7754 = CARTESIAN_POINT('',(-9.860965647666,-7.518068667919,0.));
#7755 = VECTOR('',#7756,1.);
#7756 = DIRECTION('',(0.,0.,1.));
#7757 = ORIENTED_EDGE('',*,*,#2740,.F.);
#7758 = SURFACE_OF_LINEAR_EXTRUSION('',#7759,#7762);
#7759 = B_SPLINE_CURVE_WITH_KNOTS('',1,(#7760,#7761),.UNSPECIFIED.,.F.,
  .F.,(2,2),(0.,1.171164526424),.PIECEWISE_BEZIER_KNOTS.);
#7760 = CARTESIAN_POINT('',(-10.52626292775,-6.554219158365,0.));
#7761 = CARTESIAN_POINT('',(-9.860965647666,-7.518068667919,0.));
#7762 = VECTOR('',#7763,1.);
#7763 = DIRECTION('',(-0.,-0.,-1.));
#7764 = ADVANCED_FACE('',(#7765),#7856,.T.);
#7765 = FACE_BOUND('',#7766,.T.);
#7766 = EDGE_LOOP('',(#7767,#7768,#7769,#7796,#7807,#7850));
#7767 = ORIENTED_EDGE('',*,*,#2747,.F.);
#7768 = ORIENTED_EDGE('',*,*,#7752,.T.);
#7769 = ORIENTED_EDGE('',*,*,#7770,.T.);
#7770 = EDGE_CURVE('',#7746,#7771,#7773,.T.);
#7771 = VERTEX_POINT('',#7772);
#7772 = CARTESIAN_POINT('',(-10.79174491116,-9.221511089418,4.));
#7773 = B_SPLINE_CURVE_WITH_KNOTS('',3,(#7774,#7775,#7776,#7777,#7778,
    #7779,#7780,#7781,#7782,#7783,#7784,#7785,#7786,#7787,#7788,#7789,
    #7790,#7791,#7792,#7793,#7794,#7795),.UNSPECIFIED.,.F.,.F.,(4,1,1,1,
    1,1,1,1,1,1,1,1,1,1,1,1,1,1,1,4),(0.,5.083557895354E-02,
    0.107823372855,0.170963381733,0.240255605606,0.31570004449,
    0.397296698396,0.485045567335,0.578946651312,0.678999950336,
    0.785205464409,0.897563193537,1.016073137724,1.140735296972,
    1.271549671283,1.408516260661,1.551635065106,1.700906084621,
    1.856329319208,2.017904768867),.UNSPECIFIED.);
#7774 = CARTESIAN_POINT('',(-9.860965647666,-7.518068667919,4.));
#7775 = CARTESIAN_POINT('',(-9.872476102561,-7.530505739193,4.));
#7776 = CARTESIAN_POINT('',(-9.896583419711,-7.557165640691,4.));
#7777 = CARTESIAN_POINT('',(-9.93384624902,-7.600289728468,4.));
#7778 = CARTESIAN_POINT('',(-9.974054131569,-7.648978881424,4.));
#7779 = CARTESIAN_POINT('',(-10.01697163453,-7.703387629149,4.));
#7780 = CARTESIAN_POINT('',(-10.0623611637,-7.76365872315,4.));
#7781 = CARTESIAN_POINT('',(-10.10997913491,-7.829928319642,4.));
#7782 = CARTESIAN_POINT('',(-10.1595774599,-7.902324179005,4.));
#7783 = CARTESIAN_POINT('',(-10.21090340275,-7.980966022362,4.));
#7784 = CARTESIAN_POINT('',(-10.26369993705,-8.065965240949,4.));
#7785 = CARTESIAN_POINT('',(-10.31770595742,-8.157424809201,4.));
#7786 = CARTESIAN_POINT('',(-10.37265653931,-8.25543914605,4.));
#7787 = CARTESIAN_POINT('',(-10.42828318947,-8.360094000161,4.));
#7788 = CARTESIAN_POINT('',(-10.48431410211,-8.471466339123,4.));
#7789 = CARTESIAN_POINT('',(-10.54047442325,-8.589624239207,4.));
#7790 = CARTESIAN_POINT('',(-10.59648649364,-8.714626814472,4.));
#7791 = CARTESIAN_POINT('',(-10.65207019338,-8.846524023235,4.));
#7792 = CARTESIAN_POINT('',(-10.70694289416,-8.985357000551,4.));
#7793 = CARTESIAN_POINT('',(-10.76082098434,-9.131156336251,4.));
#7794 = CARTESIAN_POINT('',(-10.79521624093,-9.231078543332,4.));
#7795 = CARTESIAN_POINT('',(-10.81218650073,-9.282193871787,4.));
#7796 = ORIENTED_EDGE('',*,*,#7797,.T.);
#7797 = EDGE_CURVE('',#7771,#7798,#7800,.T.);
#7798 = VERTEX_POINT('',#7799);
#7799 = CARTESIAN_POINT('',(-10.79174491116,-9.221511089418,3.51));
#7800 = B_SPLINE_CURVE_WITH_KNOTS('',5,(#7801,#7802,#7803,#7804,#7805,
    #7806),.UNSPECIFIED.,.F.,.F.,(6,6),(0.,1.),
  .PIECEWISE_BEZIER_KNOTS.);
#7801 = CARTESIAN_POINT('',(-10.79174491116,-9.221511089418,4.0000006));
#7802 = CARTESIAN_POINT('',(-10.79174491116,-9.221511089418,
    3.893700524585));
#7803 = CARTESIAN_POINT('',(-10.79174491116,-9.221511089418,
    3.807051538322));
#7804 = CARTESIAN_POINT('',(-10.79174491116,-9.221511089418,
    3.699906479312));
#7805 = CARTESIAN_POINT('',(-10.79174491116,-9.221511089418,
    3.58119590178));
#7806 = CARTESIAN_POINT('',(-10.79174491116,-9.221511089418,3.5099994));
#7807 = ORIENTED_EDGE('',*,*,#7808,.F.);
#7808 = EDGE_CURVE('',#7809,#7798,#7811,.T.);
#7809 = VERTEX_POINT('',#7810);
#7810 = CARTESIAN_POINT('',(-10.81218650073,-9.282193871787,3.51));
#7811 = B_SPLINE_CURVE_WITH_KNOTS('',7,(#7812,#7813,#7814,#7815,#7816,
    #7817,#7818,#7819,#7820,#7821,#7822,#7823,#7824,#7825,#7826,#7827,
    #7828,#7829,#7830,#7831,#7832,#7833,#7834,#7835,#7836,#7837,#7838,
    #7839,#7840,#7841,#7842,#7843,#7844,#7845,#7846,#7847,#7848,#7849),
  .UNSPECIFIED.,.F.,.F.,(8,6,6,6,6,6,8),(0.,0.29599853849,0.591998255967
    ,0.820999393951,0.894999573716,0.968999916493,1.),.UNSPECIFIED.);
#7812 = CARTESIAN_POINT('',(-10.81218650073,-9.282193871787,3.51));
#7813 = CARTESIAN_POINT('',(-10.78530009326,-9.201210577181,3.51));
#7814 = CARTESIAN_POINT('',(-10.75731907853,-9.120589109507,3.51));
#7815 = CARTESIAN_POINT('',(-10.72821361242,-9.040361801955,3.51));
#7816 = CARTESIAN_POINT('',(-10.69795539457,-8.960559938392,3.51));
#7817 = CARTESIAN_POINT('',(-10.6665259054,-8.881210946624,3.51));
#7818 = CARTESIAN_POINT('',(-10.63388495039,-8.802359002051,3.51));
#7819 = CARTESIAN_POINT('',(-10.56611459435,-8.645730935018,3.51));
#7820 = CARTESIAN_POINT('',(-10.53098522406,-8.567955998393,3.51));
#7821 = CARTESIAN_POINT('',(-10.49457508208,-8.490762858784,3.51));
#7822 = CARTESIAN_POINT('',(-10.45684329105,-8.414201490197,3.51));
#7823 = CARTESIAN_POINT('',(-10.41774431264,-8.338329340148,3.51));
#7824 = CARTESIAN_POINT('',(-10.37722431303,-8.26321444457,3.51));
#7825 = CARTESIAN_POINT('',(-10.30271316064,-8.131480198549,3.51));
#7826 = CARTESIAN_POINT('',(-10.26932123044,-8.074524086248,3.51));
#7827 = CARTESIAN_POINT('',(-10.23500635632,-8.018111208972,3.51));
#7828 = CARTESIAN_POINT('',(-10.1997311949,-7.962288416585,3.51));
#7829 = CARTESIAN_POINT('',(-10.16345354404,-7.90711107707,3.51));
#7830 = CARTESIAN_POINT('',(-10.12612047083,-7.852648616351,3.51));
#7831 = CARTESIAN_POINT('',(-10.07522680893,-7.781658514393,3.51));
#7832 = CARTESIAN_POINT('',(-10.06267902077,-7.764405975077,3.51));
#7833 = CARTESIAN_POINT('',(-10.05001122628,-7.747240721478,3.51));
#7834 = CARTESIAN_POINT('',(-10.03721969332,-7.730167356337,3.51));
#7835 = CARTESIAN_POINT('',(-10.02430131499,-7.713189915843,3.51));
#7836 = CARTESIAN_POINT('',(-10.01125355033,-7.696311942938,3.51));
#7837 = CARTESIAN_POINT('',(-9.984889656215,-7.662766943257,3.51));
#7838 = CARTESIAN_POINT('',(-9.971573217291,-7.646100422904,3.51));
#7839 = CARTESIAN_POINT('',(-9.958120519107,-7.629542369072,3.51));
#7840 = CARTESIAN_POINT('',(-9.944521916541,-7.613104612849,3.51));
#7841 = CARTESIAN_POINT('',(-9.930778540495,-7.596786595471,3.51));
#7842 = CARTESIAN_POINT('',(-9.916880611114,-7.580600982934,3.51));
#7843 = CARTESIAN_POINT('',(-9.896928780894,-7.55783818131,3.51));
#7844 = CARTESIAN_POINT('',(-9.891009604534,-7.551142886811,3.51));
#7845 = CARTESIAN_POINT('',(-9.885061238622,-7.544473459839,3.51));
#7846 = CARTESIAN_POINT('',(-9.879083157038,-7.537830617992,3.51));
#7847 = CARTESIAN_POINT('',(-9.873074853037,-7.531215071451,3.51));
#7848 = CARTESIAN_POINT('',(-9.867035839245,-7.524627522978,3.51));
#7849 = CARTESIAN_POINT('',(-9.860965647666,-7.518068667919,3.51));
#7850 = ORIENTED_EDGE('',*,*,#7851,.F.);
#7851 = EDGE_CURVE('',#2748,#7809,#7852,.T.);
#7852 = LINE('',#7853,#7854);
#7853 = CARTESIAN_POINT('',(-10.81218650073,-9.282193871787,0.));
#7854 = VECTOR('',#7855,1.);
#7855 = DIRECTION('',(0.,0.,1.));
#7856 = SURFACE_OF_LINEAR_EXTRUSION('',#7857,#7880);
#7857 = B_SPLINE_CURVE_WITH_KNOTS('',3,(#7858,#7859,#7860,#7861,#7862,
    #7863,#7864,#7865,#7866,#7867,#7868,#7869,#7870,#7871,#7872,#7873,
    #7874,#7875,#7876,#7877,#7878,#7879),.UNSPECIFIED.,.F.,.F.,(4,1,1,1,
    1,1,1,1,1,1,1,1,1,1,1,1,1,1,1,4),(0.,5.083557895354E-02,
    0.107823372855,0.170963381733,0.240255605606,0.31570004449,
    0.397296698396,0.485045567335,0.578946651312,0.678999950336,
    0.785205464409,0.897563193537,1.016073137724,1.140735296972,
    1.271549671283,1.408516260661,1.551635065106,1.700906084621,
    1.856329319208,2.017904768867),.UNSPECIFIED.);
#7858 = CARTESIAN_POINT('',(-9.860965647666,-7.518068667919,0.));
#7859 = CARTESIAN_POINT('',(-9.872476102561,-7.530505739193,0.));
#7860 = CARTESIAN_POINT('',(-9.896583419711,-7.557165640691,0.));
#7861 = CARTESIAN_POINT('',(-9.93384624902,-7.600289728468,0.));
#7862 = CARTESIAN_POINT('',(-9.974054131569,-7.648978881424,0.));
#7863 = CARTESIAN_POINT('',(-10.01697163453,-7.703387629149,0.));
#7864 = CARTESIAN_POINT('',(-10.0623611637,-7.76365872315,0.));
#7865 = CARTESIAN_POINT('',(-10.10997913491,-7.829928319642,0.));
#7866 = CARTESIAN_POINT('',(-10.1595774599,-7.902324179005,0.));
#7867 = CARTESIAN_POINT('',(-10.21090340275,-7.980966022362,0.));
#7868 = CARTESIAN_POINT('',(-10.26369993705,-8.065965240949,0.));
#7869 = CARTESIAN_POINT('',(-10.31770595742,-8.157424809201,0.));
#7870 = CARTESIAN_POINT('',(-10.37265653931,-8.25543914605,0.));
#7871 = CARTESIAN_POINT('',(-10.42828318947,-8.360094000161,0.));
#7872 = CARTESIAN_POINT('',(-10.48431410211,-8.471466339123,0.));
#7873 = CARTESIAN_POINT('',(-10.54047442325,-8.589624239207,0.));
#7874 = CARTESIAN_POINT('',(-10.59648649364,-8.714626814472,0.));
#7875 = CARTESIAN_POINT('',(-10.65207019338,-8.846524023235,0.));
#7876 = CARTESIAN_POINT('',(-10.70694289416,-8.985357000551,0.));
#7877 = CARTESIAN_POINT('',(-10.76082098434,-9.131156336251,0.));
#7878 = CARTESIAN_POINT('',(-10.79521624093,-9.231078543332,0.));
#7879 = CARTESIAN_POINT('',(-10.81218650073,-9.282193871787,0.));
#7880 = VECTOR('',#7881,1.);
#7881 = DIRECTION('',(-0.,-0.,-1.));
#7882 = ADVANCED_FACE('',(#7883),#7903,.T.);
#7883 = FACE_BOUND('',#7884,.T.);
#7884 = EDGE_LOOP('',(#7885,#7886,#7887,#7897));
#7885 = ORIENTED_EDGE('',*,*,#2774,.F.);
#7886 = ORIENTED_EDGE('',*,*,#7851,.T.);
#7887 = ORIENTED_EDGE('',*,*,#7888,.F.);
#7888 = EDGE_CURVE('',#7889,#7809,#7891,.T.);
#7889 = VERTEX_POINT('',#7890);
#7890 = CARTESIAN_POINT('',(-10.51778129472,-9.614508652886,3.51));
#7891 = B_SPLINE_CURVE_WITH_KNOTS('',4,(#7892,#7893,#7894,#7895,#7896),
  .UNSPECIFIED.,.F.,.F.,(5,5),(0.,1.),.PIECEWISE_BEZIER_KNOTS.);
#7892 = CARTESIAN_POINT('',(-10.51778129472,-9.614508652886,3.51));
#7893 = CARTESIAN_POINT('',(-10.59138259622,-9.531429957611,3.51));
#7894 = CARTESIAN_POINT('',(-10.66498389772,-9.448351262336,3.51));
#7895 = CARTESIAN_POINT('',(-10.73858519922,-9.365272567062,3.51));
#7896 = CARTESIAN_POINT('',(-10.81218650073,-9.282193871787,3.51));
#7897 = ORIENTED_EDGE('',*,*,#7898,.F.);
#7898 = EDGE_CURVE('',#2775,#7889,#7899,.T.);
#7899 = LINE('',#7900,#7901);
#7900 = CARTESIAN_POINT('',(-10.51778129472,-9.614508652886,0.));
#7901 = VECTOR('',#7902,1.);
#7902 = DIRECTION('',(0.,0.,1.));
#7903 = SURFACE_OF_LINEAR_EXTRUSION('',#7904,#7907);
#7904 = B_SPLINE_CURVE_WITH_KNOTS('',1,(#7905,#7906),.UNSPECIFIED.,.F.,
  .F.,(2,2),(0.,0.443967948237),.PIECEWISE_BEZIER_KNOTS.);
#7905 = CARTESIAN_POINT('',(-10.81218650073,-9.282193871787,0.));
#7906 = CARTESIAN_POINT('',(-10.51778129472,-9.614508652886,0.));
#7907 = VECTOR('',#7908,1.);
#7908 = DIRECTION('',(-0.,-0.,-1.));
#7909 = ADVANCED_FACE('',(#7910),#7989,.T.);
#7910 = FACE_BOUND('',#7911,.T.);
#7911 = EDGE_LOOP('',(#7912,#7913,#7914,#7945,#7956,#7983));
#7912 = ORIENTED_EDGE('',*,*,#2781,.F.);
#7913 = ORIENTED_EDGE('',*,*,#7898,.T.);
#7914 = ORIENTED_EDGE('',*,*,#7915,.F.);
#7915 = EDGE_CURVE('',#7916,#7889,#7918,.T.);
#7916 = VERTEX_POINT('',#7917);
#7917 = CARTESIAN_POINT('',(-10.45507699681,-9.601530606664,3.51));
#7918 = B_SPLINE_CURVE_WITH_KNOTS('',7,(#7919,#7920,#7921,#7922,#7923,
    #7924,#7925,#7926,#7927,#7928,#7929,#7930,#7931,#7932,#7933,#7934,
    #7935,#7936,#7937,#7938,#7939,#7940,#7941,#7942,#7943,#7944),
  .UNSPECIFIED.,.F.,.F.,(8,6,6,6,8),(0.,6.500064050226E-02,
    0.278003844969,0.798008401284,1.),.UNSPECIFIED.);
#7919 = CARTESIAN_POINT('',(-8.651861546003,-8.882865066452,3.51));
#7920 = CARTESIAN_POINT('',(-8.667047911059,-8.893842434727,3.51));
#7921 = CARTESIAN_POINT('',(-8.682343076103,-8.904668371453,3.51));
#7922 = CARTESIAN_POINT('',(-8.697740568796,-8.915348709453,3.51));
#7923 = CARTESIAN_POINT('',(-8.71323587905,-8.925887230822,3.51));
#7924 = CARTESIAN_POINT('',(-8.728822017762,-8.936290912001,3.51));
#7925 = CARTESIAN_POINT('',(-8.744490740062,-8.94656842846,3.51));
#7926 = CARTESIAN_POINT('',(-8.811846956482,-8.989994299067,3.51));
#7927 = CARTESIAN_POINT('',(-8.864309706651,-9.02193677043,3.51));
#7928 = CARTESIAN_POINT('',(-8.917477185774,-9.052702613698,3.51));
#7929 = CARTESIAN_POINT('',(-8.97125871353,-9.082377108003,3.51));
#7930 = CARTESIAN_POINT('',(-9.025587684285,-9.111023235304,3.51));
#7931 = CARTESIAN_POINT('',(-9.080407551567,-9.138699367802,3.51));
#7932 = CARTESIAN_POINT('',(-9.270615001443,-9.230752644339,3.51));
#7933 = CARTESIAN_POINT('',(-9.408211662167,-9.290526165941,3.51));
#7934 = CARTESIAN_POINT('',(-9.547858980964,-9.345422503652,3.51));
#7935 = CARTESIAN_POINT('',(-9.689197881578,-9.395773948772,3.51));
#7936 = CARTESIAN_POINT('',(-9.831931984316,-9.441880300801,3.51));
#7937 = CARTESIAN_POINT('',(-9.975851233896,-9.483965707812,3.51));
#7938 = CARTESIAN_POINT('',(-10.1771015598,-9.537091738399,3.51));
#7939 = CARTESIAN_POINT('',(-10.23355768123,-9.551376859786,3.51));
#7940 = CARTESIAN_POINT('',(-10.29015490488,-9.565097069309,3.51));
#7941 = CARTESIAN_POINT('',(-10.3468847975,-9.578260548194,3.51));
#7942 = CARTESIAN_POINT('',(-10.40373870891,-9.590876406288,3.51));
#7943 = CARTESIAN_POINT('',(-10.4607070634,-9.60295582504,3.51));
#7944 = CARTESIAN_POINT('',(-10.51778129472,-9.614508652886,3.51));
#7945 = ORIENTED_EDGE('',*,*,#7946,.F.);
#7946 = EDGE_CURVE('',#7947,#7916,#7949,.T.);
#7947 = VERTEX_POINT('',#7948);
#7948 = CARTESIAN_POINT('',(-10.45507699681,-9.601530606664,4.));
#7949 = B_SPLINE_CURVE_WITH_KNOTS('',5,(#7950,#7951,#7952,#7953,#7954,
    #7955),.UNSPECIFIED.,.F.,.F.,(6,6),(0.,1.),
  .PIECEWISE_BEZIER_KNOTS.);
#7950 = CARTESIAN_POINT('',(-10.45507699681,-9.601530606664,4.0000006));
#7951 = CARTESIAN_POINT('',(-10.45507699681,-9.601530606664,
    3.893700524585));
#7952 = CARTESIAN_POINT('',(-10.45507699681,-9.601530606664,
    3.807051538322));
#7953 = CARTESIAN_POINT('',(-10.45507699681,-9.601530606664,
    3.699906479312));
#7954 = CARTESIAN_POINT('',(-10.45507699681,-9.601530606664,
    3.58119590178));
#7955 = CARTESIAN_POINT('',(-10.45507699681,-9.601530606664,3.5099994));
#7956 = ORIENTED_EDGE('',*,*,#7957,.T.);
#7957 = EDGE_CURVE('',#7947,#7958,#7960,.T.);
#7958 = VERTEX_POINT('',#7959);
#7959 = CARTESIAN_POINT('',(-8.651861546003,-8.882865066452,4.));
#7960 = B_SPLINE_CURVE_WITH_KNOTS('',3,(#7961,#7962,#7963,#7964,#7965,
    #7966,#7967,#7968,#7969,#7970,#7971,#7972,#7973,#7974,#7975,#7976,
    #7977,#7978,#7979,#7980,#7981,#7982),.UNSPECIFIED.,.F.,.F.,(4,1,1,1,
    1,1,1,1,1,1,1,1,1,1,1,1,1,1,1,4),(0.,0.161575449659,0.316998684245,
    0.466269703761,0.609388508206,0.746355097584,0.877169471895,
    1.001831631143,1.120341575329,1.232699304458,1.338904818531,
    1.438958117555,1.532859201532,1.620608070471,1.702204724377,
    1.777649163261,1.846941387134,1.910081396012,1.967069189913,
    2.017904768867),.UNSPECIFIED.);
#7961 = CARTESIAN_POINT('',(-10.51778129472,-9.614508652886,4.));
#7962 = CARTESIAN_POINT('',(-10.46499311578,-9.603823397394,4.));
#7963 = CARTESIAN_POINT('',(-10.36165356404,-9.581723212072,4.));
#7964 = CARTESIAN_POINT('',(-10.21042298353,-9.545812121738,4.));
#7965 = CARTESIAN_POINT('',(-10.06598808174,-9.508073970931,4.));
#7966 = CARTESIAN_POINT('',(-9.928352677494,-9.468793990623,4.));
#7967 = CARTESIAN_POINT('',(-9.797510002725,-9.428257706737,4.));
#7968 = CARTESIAN_POINT('',(-9.673444228094,-9.386749218588,4.));
#7969 = CARTESIAN_POINT('',(-9.556130138676,-9.3445512864,4.));
#7970 = CARTESIAN_POINT('',(-9.445533284538,-9.301944965834,4.));
#7971 = CARTESIAN_POINT('',(-9.341610021839,-9.259209358332,4.));
#7972 = CARTESIAN_POINT('',(-9.244307590406,-9.216621335393,4.));
#7973 = CARTESIAN_POINT('',(-9.15356419285,-9.174455270908,4.));
#7974 = CARTESIAN_POINT('',(-9.069309078312,-9.132982778697,4.));
#7975 = CARTESIAN_POINT('',(-8.991462648833,-9.092472437888,4.));
#7976 = CARTESIAN_POINT('',(-8.919936520143,-9.053189572469,4.));
#7977 = CARTESIAN_POINT('',(-8.854633767112,-9.015395861656,4.));
#7978 = CARTESIAN_POINT('',(-8.795448587085,-8.979349525433,4.));
#7979 = CARTESIAN_POINT('',(-8.74226790819,-8.945303632479,4.));
#7980 = CARTESIAN_POINT('',(-8.694966705824,-8.91351052553,4.));
#7981 = CARTESIAN_POINT('',(-8.665595369046,-8.892792473887,4.));
#7982 = CARTESIAN_POINT('',(-8.651861546003,-8.882865066452,4.));
#7983 = ORIENTED_EDGE('',*,*,#7984,.F.);
#7984 = EDGE_CURVE('',#2782,#7958,#7985,.T.);
#7985 = LINE('',#7986,#7987);
#7986 = CARTESIAN_POINT('',(-8.651861546003,-8.882865066452,0.));
#7987 = VECTOR('',#7988,1.);
#7988 = DIRECTION('',(0.,0.,1.));
#7989 = SURFACE_OF_LINEAR_EXTRUSION('',#7990,#8013);
#7990 = B_SPLINE_CURVE_WITH_KNOTS('',3,(#7991,#7992,#7993,#7994,#7995,
    #7996,#7997,#7998,#7999,#8000,#8001,#8002,#8003,#8004,#8005,#8006,
    #8007,#8008,#8009,#8010,#8011,#8012),.UNSPECIFIED.,.F.,.F.,(4,1,1,1,
    1,1,1,1,1,1,1,1,1,1,1,1,1,1,1,4),(0.,0.161575449659,0.316998684245,
    0.466269703761,0.609388508206,0.746355097584,0.877169471895,
    1.001831631143,1.120341575329,1.232699304458,1.338904818531,
    1.438958117555,1.532859201532,1.620608070471,1.702204724377,
    1.777649163261,1.846941387134,1.910081396012,1.967069189913,
    2.017904768867),.UNSPECIFIED.);
#7991 = CARTESIAN_POINT('',(-10.51778129472,-9.614508652886,0.));
#7992 = CARTESIAN_POINT('',(-10.46499311578,-9.603823397394,0.));
#7993 = CARTESIAN_POINT('',(-10.36165356404,-9.581723212072,0.));
#7994 = CARTESIAN_POINT('',(-10.21042298353,-9.545812121738,0.));
#7995 = CARTESIAN_POINT('',(-10.06598808174,-9.508073970931,0.));
#7996 = CARTESIAN_POINT('',(-9.928352677494,-9.468793990623,0.));
#7997 = CARTESIAN_POINT('',(-9.797510002725,-9.428257706737,0.));
#7998 = CARTESIAN_POINT('',(-9.673444228094,-9.386749218588,0.));
#7999 = CARTESIAN_POINT('',(-9.556130138676,-9.3445512864,0.));
#8000 = CARTESIAN_POINT('',(-9.445533284538,-9.301944965834,0.));
#8001 = CARTESIAN_POINT('',(-9.341610021839,-9.259209358332,0.));
#8002 = CARTESIAN_POINT('',(-9.244307590406,-9.216621335393,0.));
#8003 = CARTESIAN_POINT('',(-9.15356419285,-9.174455270908,0.));
#8004 = CARTESIAN_POINT('',(-9.069309078312,-9.132982778697,0.));
#8005 = CARTESIAN_POINT('',(-8.991462648833,-9.092472437888,0.));
#8006 = CARTESIAN_POINT('',(-8.919936520143,-9.053189572469,0.));
#8007 = CARTESIAN_POINT('',(-8.854633767112,-9.015395861656,0.));
#8008 = CARTESIAN_POINT('',(-8.795448587085,-8.979349525433,0.));
#8009 = CARTESIAN_POINT('',(-8.74226790819,-8.945303632479,0.));
#8010 = CARTESIAN_POINT('',(-8.694966705824,-8.91351052553,0.));
#8011 = CARTESIAN_POINT('',(-8.665595369046,-8.892792473887,0.));
#8012 = CARTESIAN_POINT('',(-8.651861546003,-8.882865066452,0.));
#8013 = VECTOR('',#8014,1.);
#8014 = DIRECTION('',(-0.,-0.,-1.));
#8015 = ADVANCED_FACE('',(#8016),#8033,.T.);
#8016 = FACE_BOUND('',#8017,.T.);
#8017 = EDGE_LOOP('',(#8018,#8019,#8026,#8032));
#8018 = ORIENTED_EDGE('',*,*,#7984,.T.);
#8019 = ORIENTED_EDGE('',*,*,#8020,.T.);
#8020 = EDGE_CURVE('',#7958,#8021,#8023,.T.);
#8021 = VERTEX_POINT('',#8022);
#8022 = CARTESIAN_POINT('',(-7.775232310098,-9.659490800451,4.));
#8023 = B_SPLINE_CURVE_WITH_KNOTS('',1,(#8024,#8025),.UNSPECIFIED.,.F.,
  .F.,(2,2),(0.,1.171164526424),.PIECEWISE_BEZIER_KNOTS.);
#8024 = CARTESIAN_POINT('',(-8.651861546003,-8.882865066452,4.));
#8025 = CARTESIAN_POINT('',(-7.775232310098,-9.659490800451,4.));
#8026 = ORIENTED_EDGE('',*,*,#8027,.F.);
#8027 = EDGE_CURVE('',#2809,#8021,#8028,.T.);
#8028 = LINE('',#8029,#8030);
#8029 = CARTESIAN_POINT('',(-7.775232310098,-9.659490800451,0.));
#8030 = VECTOR('',#8031,1.);
#8031 = DIRECTION('',(0.,0.,1.));
#8032 = ORIENTED_EDGE('',*,*,#2808,.F.);
#8033 = SURFACE_OF_LINEAR_EXTRUSION('',#8034,#8037);
#8034 = B_SPLINE_CURVE_WITH_KNOTS('',1,(#8035,#8036),.UNSPECIFIED.,.F.,
  .F.,(2,2),(0.,1.171164526424),.PIECEWISE_BEZIER_KNOTS.);
#8035 = CARTESIAN_POINT('',(-8.651861546003,-8.882865066452,0.));
#8036 = CARTESIAN_POINT('',(-7.775232310098,-9.659490800451,0.));
#8037 = VECTOR('',#8038,1.);
#8038 = DIRECTION('',(-0.,-0.,-1.));
#8039 = ADVANCED_FACE('',(#8040),#8131,.T.);
#8040 = FACE_BOUND('',#8041,.T.);
#8041 = EDGE_LOOP('',(#8042,#8043,#8044,#8071,#8082,#8125));
#8042 = ORIENTED_EDGE('',*,*,#2815,.F.);
#8043 = ORIENTED_EDGE('',*,*,#8027,.T.);
#8044 = ORIENTED_EDGE('',*,*,#8045,.T.);
#8045 = EDGE_CURVE('',#8021,#8046,#8048,.T.);
#8046 = VERTEX_POINT('',#8047);
#8047 = CARTESIAN_POINT('',(-8.271304365149,-11.53618433881,4.));
#8048 = B_SPLINE_CURVE_WITH_KNOTS('',3,(#8049,#8050,#8051,#8052,#8053,
    #8054,#8055,#8056,#8057,#8058,#8059,#8060,#8061,#8062,#8063,#8064,
    #8065,#8066,#8067,#8068,#8069,#8070),.UNSPECIFIED.,.F.,.F.,(4,1,1,1,
    1,1,1,1,1,1,1,1,1,1,1,1,1,1,1,4),(0.,5.083557895354E-02,
    0.107823372855,0.170963381733,0.240255605606,0.31570004449,
    0.397296698396,0.485045567335,0.578946651312,0.678999950336,
    0.785205464409,0.897563193537,1.016073137724,1.140735296972,
    1.271549671283,1.408516260661,1.551635065106,1.700906084621,
    1.856329319208,2.017904768867),.UNSPECIFIED.);
#8049 = CARTESIAN_POINT('',(-7.775232310098,-9.659490800451,4.));
#8050 = CARTESIAN_POINT('',(-7.783431906119,-9.674321105196,4.));
#8051 = CARTESIAN_POINT('',(-7.800458576409,-9.705975577027,4.));
#8052 = CARTESIAN_POINT('',(-7.826318345908,-9.756764135938,4.));
#8053 = CARTESIAN_POINT('',(-7.853705783482,-9.81366084672,4.));
#8054 = CARTESIAN_POINT('',(-7.882355316208,-9.876759405852,4.));
#8055 = CARTESIAN_POINT('',(-7.912002091256,-9.946141556725,4.));
#8056 = CARTESIAN_POINT('',(-7.942377018254,-10.02188120559,4.));
#8057 = CARTESIAN_POINT('',(-7.973208642888,-10.10404302895,4.));
#8058 = CARTESIAN_POINT('',(-8.004222922136,-10.19268278537,4.));
#8059 = CARTESIAN_POINT('',(-8.035143640639,-10.28784711882,4.));
#8060 = CARTESIAN_POINT('',(-8.065692636876,-10.38957352488,4.));
#8061 = CARTESIAN_POINT('',(-8.095590088596,-10.49789027824,4.));
#8062 = CARTESIAN_POINT('',(-8.12455478347,-10.61281638123,4.));
#8063 = CARTESIAN_POINT('',(-8.152304394336,-10.73436151751,4.));
#8064 = CARTESIAN_POINT('',(-8.178555762264,-10.86252600833,4.));
#8065 = CARTESIAN_POINT('',(-8.203025149349,-10.99730080177,4.));
#8066 = CARTESIAN_POINT('',(-8.22542861966,-11.13866736739,4.));
#8067 = CARTESIAN_POINT('',(-8.245481913285,-11.28659800754,4.));
#8068 = CARTESIAN_POINT('',(-8.262902339209,-11.44105455046,4.));
#8069 = CARTESIAN_POINT('',(-8.272385182793,-11.54630452349,4.));
#8070 = CARTESIAN_POINT('',(-8.276629618895,-11.59999578239,4.));
#8071 = ORIENTED_EDGE('',*,*,#8072,.T.);
#8072 = EDGE_CURVE('',#8046,#8073,#8075,.T.);
#8073 = VERTEX_POINT('',#8074);
#8074 = CARTESIAN_POINT('',(-8.271304365149,-11.53618433881,3.51));
#8075 = B_SPLINE_CURVE_WITH_KNOTS('',5,(#8076,#8077,#8078,#8079,#8080,
    #8081),.UNSPECIFIED.,.F.,.F.,(6,6),(0.,1.),
  .PIECEWISE_BEZIER_KNOTS.);
#8076 = CARTESIAN_POINT('',(-8.271304365149,-11.53618433881,4.0000006));
#8077 = CARTESIAN_POINT('',(-8.271304365149,-11.53618433881,
    3.893700524585));
#8078 = CARTESIAN_POINT('',(-8.271304365149,-11.53618433881,
    3.807051538322));
#8079 = CARTESIAN_POINT('',(-8.271304365149,-11.53618433881,
    3.699906479312));
#8080 = CARTESIAN_POINT('',(-8.271304365149,-11.53618433881,
    3.58119590178));
#8081 = CARTESIAN_POINT('',(-8.271304365149,-11.53618433881,3.5099994));
#8082 = ORIENTED_EDGE('',*,*,#8083,.F.);
#8083 = EDGE_CURVE('',#8084,#8073,#8086,.T.);
#8084 = VERTEX_POINT('',#8085);
#8085 = CARTESIAN_POINT('',(-8.276629618895,-11.59999578239,3.51));
#8086 = B_SPLINE_CURVE_WITH_KNOTS('',7,(#8087,#8088,#8089,#8090,#8091,
    #8092,#8093,#8094,#8095,#8096,#8097,#8098,#8099,#8100,#8101,#8102,
    #8103,#8104,#8105,#8106,#8107,#8108,#8109,#8110,#8111,#8112,#8113,
    #8114,#8115,#8116,#8117,#8118,#8119,#8120,#8121,#8122,#8123,#8124),
  .UNSPECIFIED.,.F.,.F.,(8,6,6,6,6,6,8),(0.,0.29599853849,0.591998255967
    ,0.820999393951,0.894999573716,0.968999916493,1.),.UNSPECIFIED.);
#8087 = CARTESIAN_POINT('',(-8.276629618895,-11.59999578239,3.51));
#8088 = CARTESIAN_POINT('',(-8.269905052513,-11.51493137668,3.51));
#8089 = CARTESIAN_POINT('',(-8.262031095313,-11.42995632721,3.51));
#8090 = CARTESIAN_POINT('',(-8.252971032551,-11.34509488545,3.51));
#8091 = CARTESIAN_POINT('',(-8.242689899505,-11.2603706535,3.51));
#8092 = CARTESIAN_POINT('',(-8.231163150846,-11.17580583015,3.51));
#8093 = CARTESIAN_POINT('',(-8.218341188162,-11.09143368794,3.51));
#8094 = CARTESIAN_POINT('',(-8.190023665407,-10.9231384401,3.51));
#8095 = CARTESIAN_POINT('',(-8.1745278514,-10.8392164932,3.51));
#8096 = CARTESIAN_POINT('',(-8.157649249459,-10.75555292862,3.51));
#8097 = CARTESIAN_POINT('',(-8.139336210477,-10.67218648562,3.51));
#8098 = CARTESIAN_POINT('',(-8.119530771314,-10.58916204437,3.51));
#8099 = CARTESIAN_POINT('',(-8.098164380387,-10.50653278052,3.51));
#8100 = CARTESIAN_POINT('',(-8.057344455254,-10.36079480634,3.51));
#8101 = CARTESIAN_POINT('',(-8.038553323713,-10.29750252319,3.51));
#8102 = CARTESIAN_POINT('',(-8.018736062673,-10.23451681471,3.51));
#8103 = CARTESIAN_POINT('',(-7.997845201978,-10.17187423253,3.51));
#8104 = CARTESIAN_POINT('',(-7.975826515379,-10.10961843611,3.51));
#8105 = CARTESIAN_POINT('',(-7.952611993385,-10.0478041663,3.51));
#8106 = CARTESIAN_POINT('',(-7.920186252215,-9.966697257181,3.51));
#8107 = CARTESIAN_POINT('',(-7.912131882883,-9.946943163044,3.51));
#8108 = CARTESIAN_POINT('',(-7.903940105549,-9.927245098865,3.51));
#8109 = CARTESIAN_POINT('',(-7.895606195006,-9.907606640478,3.51));
#8110 = CARTESIAN_POINT('',(-7.887126168718,-9.888030963257,3.51));
#8111 = CARTESIAN_POINT('',(-7.878496711683,-9.868520899103,3.51));
#8112 = CARTESIAN_POINT('',(-7.860926748298,-9.829641363314,3.51));
#8113 = CARTESIAN_POINT('',(-7.851985820277,-9.810272309323,3.51));
#8114 = CARTESIAN_POINT('',(-7.842886634705,-9.790975961043,3.51));
#8115 = CARTESIAN_POINT('',(-7.833616995364,-9.771761497532,3.51));
#8116 = CARTESIAN_POINT('',(-7.824178134018,-9.752628646916,3.51));
#8117 = CARTESIAN_POINT('',(-7.814557523822,-9.733587366661,3.51));
#8118 = CARTESIAN_POINT('',(-7.800632952519,-9.70671122518,3.51));
#8119 = CARTESIAN_POINT('',(-7.796488065517,-9.698793932147,3.51));
#8120 = CARTESIAN_POINT('',(-7.792308646654,-9.690894769463,3.51));
#8121 = CARTESIAN_POINT('',(-7.788094013366,-9.683014307962,3.51));
#8122 = CARTESIAN_POINT('',(-7.783843503674,-9.675153115916,3.51));
#8123 = CARTESIAN_POINT('',(-7.779556476187,-9.667311759033,3.51));
#8124 = CARTESIAN_POINT('',(-7.775232310098,-9.659490800451,3.51));
#8125 = ORIENTED_EDGE('',*,*,#8126,.F.);
#8126 = EDGE_CURVE('',#2816,#8084,#8127,.T.);
#8127 = LINE('',#8128,#8129);
#8128 = CARTESIAN_POINT('',(-8.276629618895,-11.59999578239,0.));
#8129 = VECTOR('',#8130,1.);
#8130 = DIRECTION('',(0.,0.,1.));
#8131 = SURFACE_OF_LINEAR_EXTRUSION('',#8132,#8155);
#8132 = B_SPLINE_CURVE_WITH_KNOTS('',3,(#8133,#8134,#8135,#8136,#8137,
    #8138,#8139,#8140,#8141,#8142,#8143,#8144,#8145,#8146,#8147,#8148,
    #8149,#8150,#8151,#8152,#8153,#8154),.UNSPECIFIED.,.F.,.F.,(4,1,1,1,
    1,1,1,1,1,1,1,1,1,1,1,1,1,1,1,4),(0.,5.083557895354E-02,
    0.107823372855,0.170963381733,0.240255605606,0.31570004449,
    0.397296698396,0.485045567335,0.578946651312,0.678999950336,
    0.785205464409,0.897563193537,1.016073137724,1.140735296972,
    1.271549671283,1.408516260661,1.551635065106,1.700906084621,
    1.856329319208,2.017904768867),.UNSPECIFIED.);
#8133 = CARTESIAN_POINT('',(-7.775232310098,-9.659490800451,0.));
#8134 = CARTESIAN_POINT('',(-7.783431906119,-9.674321105196,0.));
#8135 = CARTESIAN_POINT('',(-7.800458576409,-9.705975577027,0.));
#8136 = CARTESIAN_POINT('',(-7.826318345908,-9.756764135938,0.));
#8137 = CARTESIAN_POINT('',(-7.853705783482,-9.81366084672,0.));
#8138 = CARTESIAN_POINT('',(-7.882355316208,-9.876759405852,0.));
#8139 = CARTESIAN_POINT('',(-7.912002091256,-9.946141556725,0.));
#8140 = CARTESIAN_POINT('',(-7.942377018254,-10.02188120559,0.));
#8141 = CARTESIAN_POINT('',(-7.973208642888,-10.10404302895,0.));
#8142 = CARTESIAN_POINT('',(-8.004222922136,-10.19268278537,0.));
#8143 = CARTESIAN_POINT('',(-8.035143640639,-10.28784711882,0.));
#8144 = CARTESIAN_POINT('',(-8.065692636876,-10.38957352488,0.));
#8145 = CARTESIAN_POINT('',(-8.095590088596,-10.49789027824,0.));
#8146 = CARTESIAN_POINT('',(-8.12455478347,-10.61281638123,0.));
#8147 = CARTESIAN_POINT('',(-8.152304394336,-10.73436151751,0.));
#8148 = CARTESIAN_POINT('',(-8.178555762264,-10.86252600833,0.));
#8149 = CARTESIAN_POINT('',(-8.203025149349,-10.99730080177,0.));
#8150 = CARTESIAN_POINT('',(-8.22542861966,-11.13866736739,0.));
#8151 = CARTESIAN_POINT('',(-8.245481913285,-11.28659800754,0.));
#8152 = CARTESIAN_POINT('',(-8.262902339209,-11.44105455046,0.));
#8153 = CARTESIAN_POINT('',(-8.272385182793,-11.54630452349,0.));
#8154 = CARTESIAN_POINT('',(-8.276629618895,-11.59999578239,0.));
#8155 = VECTOR('',#8156,1.);
#8156 = DIRECTION('',(-0.,-0.,-1.));
#8157 = ADVANCED_FACE('',(#8158),#8178,.T.);
#8158 = FACE_BOUND('',#8159,.T.);
#8159 = EDGE_LOOP('',(#8160,#8161,#8162,#8172));
#8160 = ORIENTED_EDGE('',*,*,#2842,.F.);
#8161 = ORIENTED_EDGE('',*,*,#8126,.T.);
#8162 = ORIENTED_EDGE('',*,*,#8163,.F.);
#8163 = EDGE_CURVE('',#8164,#8084,#8166,.T.);
#8164 = VERTEX_POINT('',#8165);
#8165 = CARTESIAN_POINT('',(-7.911251160522,-11.85219832246,3.51));
#8166 = B_SPLINE_CURVE_WITH_KNOTS('',4,(#8167,#8168,#8169,#8170,#8171),
  .UNSPECIFIED.,.F.,.F.,(5,5),(0.,1.),.PIECEWISE_BEZIER_KNOTS.);
#8167 = CARTESIAN_POINT('',(-7.911251160522,-11.85219832246,3.51));
#8168 = CARTESIAN_POINT('',(-8.002595775115,-11.78914768745,3.51));
#8169 = CARTESIAN_POINT('',(-8.093940389709,-11.72609705243,3.51));
#8170 = CARTESIAN_POINT('',(-8.185285004302,-11.66304641741,3.51));
#8171 = CARTESIAN_POINT('',(-8.276629618895,-11.59999578239,3.51));
#8172 = ORIENTED_EDGE('',*,*,#8173,.F.);
#8173 = EDGE_CURVE('',#2843,#8164,#8174,.T.);
#8174 = LINE('',#8175,#8176);
#8175 = CARTESIAN_POINT('',(-7.911251160522,-11.85219832246,0.));
#8176 = VECTOR('',#8177,1.);
#8177 = DIRECTION('',(0.,0.,1.));
#8178 = SURFACE_OF_LINEAR_EXTRUSION('',#8179,#8182);
#8179 = B_SPLINE_CURVE_WITH_KNOTS('',1,(#8180,#8181),.UNSPECIFIED.,.F.,
  .F.,(2,2),(0.,0.443967948237),.PIECEWISE_BEZIER_KNOTS.);
#8180 = CARTESIAN_POINT('',(-8.276629618895,-11.59999578239,0.));
#8181 = CARTESIAN_POINT('',(-7.911251160522,-11.85219832246,0.));
#8182 = VECTOR('',#8183,1.);
#8183 = DIRECTION('',(-0.,-0.,-1.));
#8184 = ADVANCED_FACE('',(#8185),#8264,.T.);
#8185 = FACE_BOUND('',#8186,.T.);
#8186 = EDGE_LOOP('',(#8187,#8188,#8189,#8220,#8231,#8258));
#8187 = ORIENTED_EDGE('',*,*,#2849,.F.);
#8188 = ORIENTED_EDGE('',*,*,#8173,.T.);
#8189 = ORIENTED_EDGE('',*,*,#8190,.F.);
#8190 = EDGE_CURVE('',#8191,#8164,#8193,.T.);
#8191 = VERTEX_POINT('',#8192);
#8192 = CARTESIAN_POINT('',(-7.853474785305,-11.82459127397,3.51));
#8193 = B_SPLINE_CURVE_WITH_KNOTS('',7,(#8194,#8195,#8196,#8197,#8198,
    #8199,#8200,#8201,#8202,#8203,#8204,#8205,#8206,#8207,#8208,#8209,
    #8210,#8211,#8212,#8213,#8214,#8215,#8216,#8217,#8218,#8219),
  .UNSPECIFIED.,.F.,.F.,(8,6,6,6,8),(0.,6.500064050294E-02,0.27800384497
    ,0.798008401284,1.),.UNSPECIFIED.);
#8194 = CARTESIAN_POINT('',(-6.274645419441,-10.69527114477,3.51));
#8195 = CARTESIAN_POINT('',(-6.286763440147,-10.70956386572,3.51));
#8196 = CARTESIAN_POINT('',(-6.299023339254,-10.72373559298,3.51));
#8197 = CARTESIAN_POINT('',(-6.311417436609,-10.73779044096,3.51));
#8198 = CARTESIAN_POINT('',(-6.323940448066,-10.75173100252,3.51));
#8199 = CARTESIAN_POINT('',(-6.336583918042,-10.76556237877,3.51));
#8200 = CARTESIAN_POINT('',(-6.34933776507,-10.77929101997,3.51));
#8201 = CARTESIAN_POINT('',(-6.404344241184,-10.83757441137,3.51));
#8202 = CARTESIAN_POINT('',(-6.447638185427,-10.88114385048,3.51));
#8203 = CARTESIAN_POINT('',(-6.491897966015,-10.92373950484,3.51));
#8204 = CARTESIAN_POINT('',(-6.537015129002,-10.96542247431,3.51));
#8205 = CARTESIAN_POINT('',(-6.582909931622,-11.00623797094,3.51));
#8206 = CARTESIAN_POINT('',(-6.629513501157,-11.04622913828,3.51));
#8207 = CARTESIAN_POINT('',(-6.792164077204,-11.18112713612,3.51));
#8208 = CARTESIAN_POINT('',(-6.911457689011,-11.27209278409,3.51));
#8209 = CARTESIAN_POINT('',(-7.033909556995,-11.35881372486,3.51));
#8210 = CARTESIAN_POINT('',(-7.159091516495,-11.44152666138,3.51));
#8211 = CARTESIAN_POINT('',(-7.286644053351,-11.52045175323,3.51));
#8212 = CARTESIAN_POINT('',(-7.416309573966,-11.59575636562,3.51));
#8213 = CARTESIAN_POINT('',(-7.598998039855,-11.69550100574,3.51));
#8214 = CARTESIAN_POINT('',(-7.650394995688,-11.72288186167,3.51));
#8215 = CARTESIAN_POINT('',(-7.702064145823,-11.74974798901,3.51));
#8216 = CARTESIAN_POINT('',(-7.753995344179,-11.77610531306,3.51));
#8217 = CARTESIAN_POINT('',(-7.806178011791,-11.80196060882,3.51));
#8218 = CARTESIAN_POINT('',(-7.858600175314,-11.82732244122,3.51));
#8219 = CARTESIAN_POINT('',(-7.911251160522,-11.85219832246,3.51));
#8220 = ORIENTED_EDGE('',*,*,#8221,.F.);
#8221 = EDGE_CURVE('',#8222,#8191,#8224,.T.);
#8222 = VERTEX_POINT('',#8223);
#8223 = CARTESIAN_POINT('',(-7.853474785305,-11.82459127397,4.));
#8224 = B_SPLINE_CURVE_WITH_KNOTS('',5,(#8225,#8226,#8227,#8228,#8229,
    #8230),.UNSPECIFIED.,.F.,.F.,(6,6),(0.,1.),
  .PIECEWISE_BEZIER_KNOTS.);
#8225 = CARTESIAN_POINT('',(-7.853474785305,-11.82459127397,4.0000006));
#8226 = CARTESIAN_POINT('',(-7.853474785305,-11.82459127397,
    3.893700524585));
#8227 = CARTESIAN_POINT('',(-7.853474785305,-11.82459127397,
    3.807051538322));
#8228 = CARTESIAN_POINT('',(-7.853474785305,-11.82459127397,
    3.699906479312));
#8229 = CARTESIAN_POINT('',(-7.853474785305,-11.82459127397,
    3.58119590178));
#8230 = CARTESIAN_POINT('',(-7.853474785305,-11.82459127397,3.5099994));
#8231 = ORIENTED_EDGE('',*,*,#8232,.T.);
#8232 = EDGE_CURVE('',#8222,#8233,#8235,.T.);
#8233 = VERTEX_POINT('',#8234);
#8234 = CARTESIAN_POINT('',(-6.274645419441,-10.69527114477,4.));
#8235 = B_SPLINE_CURVE_WITH_KNOTS('',3,(#8236,#8237,#8238,#8239,#8240,
    #8241,#8242,#8243,#8244,#8245,#8246,#8247,#8248,#8249,#8250,#8251,
    #8252,#8253,#8254,#8255,#8256,#8257),.UNSPECIFIED.,.F.,.F.,(4,1,1,1,
    1,1,1,1,1,1,1,1,1,1,1,1,1,1,1,4),(0.,0.161575449659,0.316998684245,
    0.466269703761,0.609388508206,0.746355097584,0.877169471895,
    1.001831631143,1.120341575329,1.232699304458,1.338904818531,
    1.438958117555,1.532859201532,1.620608070471,1.702204724377,
    1.777649163261,1.846941387134,1.910081396012,1.967069189913,
    2.017904768867),.UNSPECIFIED.);
#8236 = CARTESIAN_POINT('',(-7.911251160522,-11.85219832246,4.));
#8237 = CARTESIAN_POINT('',(-7.862554059141,-11.82919052297,4.));
#8238 = CARTESIAN_POINT('',(-7.767506287499,-11.7830017554,4.));
#8239 = CARTESIAN_POINT('',(-7.629264279241,-11.71194232924,4.));
#8240 = CARTESIAN_POINT('',(-7.49805772383,-11.64073524605,4.));
#8241 = CARTESIAN_POINT('',(-7.373822068865,-11.56965836238,4.));
#8242 = CARTESIAN_POINT('',(-7.256482412133,-11.4989872876,4.));
#8243 = CARTESIAN_POINT('',(-7.145955394848,-11.42899407741,4.));
#8244 = CARTESIAN_POINT('',(-7.042148865832,-11.3599472412,4.));
#8245 = CARTESIAN_POINT('',(-6.944962115183,-11.29211142326,4.));
#8246 = CARTESIAN_POINT('',(-6.854285973923,-11.22574717019,4.));
#8247 = CARTESIAN_POINT('',(-6.770002955307,-11.16111068179,4.));
#8248 = CARTESIAN_POINT('',(-6.691987395698,-11.09845357004,4.));
#8249 = CARTESIAN_POINT('',(-6.620105598684,-11.03802262437,4.));
#8250 = CARTESIAN_POINT('',(-6.554216004087,-10.98005957046,4.));
#8251 = CARTESIAN_POINT('',(-6.494169299736,-10.92480087071,4.));
#8252 = CARTESIAN_POINT('',(-6.439808753035,-10.87247740473,4.));
#8253 = CARTESIAN_POINT('',(-6.390969839672,-10.82331456885,4.));
#8254 = CARTESIAN_POINT('',(-6.347482210143,-10.77753101817,4.));
#8255 = CARTESIAN_POINT('',(-6.309164083261,-10.73534184246,4.));
#8256 = CARTESIAN_POINT('',(-6.28560437844,-10.70819679877,4.));
#8257 = CARTESIAN_POINT('',(-6.274645419441,-10.69527114477,4.));
#8258 = ORIENTED_EDGE('',*,*,#8259,.F.);
#8259 = EDGE_CURVE('',#2850,#8233,#8260,.T.);
#8260 = LINE('',#8261,#8262);
#8261 = CARTESIAN_POINT('',(-6.274645419441,-10.69527114477,0.));
#8262 = VECTOR('',#8263,1.);
#8263 = DIRECTION('',(0.,0.,1.));
#8264 = SURFACE_OF_LINEAR_EXTRUSION('',#8265,#8288);
#8265 = B_SPLINE_CURVE_WITH_KNOTS('',3,(#8266,#8267,#8268,#8269,#8270,
    #8271,#8272,#8273,#8274,#8275,#8276,#8277,#8278,#8279,#8280,#8281,
    #8282,#8283,#8284,#8285,#8286,#8287),.UNSPECIFIED.,.F.,.F.,(4,1,1,1,
    1,1,1,1,1,1,1,1,1,1,1,1,1,1,1,4),(0.,0.161575449659,0.316998684245,
    0.466269703761,0.609388508206,0.746355097584,0.877169471895,
    1.001831631143,1.120341575329,1.232699304458,1.338904818531,
    1.438958117555,1.532859201532,1.620608070471,1.702204724377,
    1.777649163261,1.846941387134,1.910081396012,1.967069189913,
    2.017904768867),.UNSPECIFIED.);
#8266 = CARTESIAN_POINT('',(-7.911251160522,-11.85219832246,0.));
#8267 = CARTESIAN_POINT('',(-7.862554059141,-11.82919052297,0.));
#8268 = CARTESIAN_POINT('',(-7.767506287499,-11.7830017554,0.));
#8269 = CARTESIAN_POINT('',(-7.629264279241,-11.71194232924,0.));
#8270 = CARTESIAN_POINT('',(-7.49805772383,-11.64073524605,0.));
#8271 = CARTESIAN_POINT('',(-7.373822068865,-11.56965836238,0.));
#8272 = CARTESIAN_POINT('',(-7.256482412133,-11.4989872876,0.));
#8273 = CARTESIAN_POINT('',(-7.145955394848,-11.42899407741,0.));
#8274 = CARTESIAN_POINT('',(-7.042148865832,-11.3599472412,0.));
#8275 = CARTESIAN_POINT('',(-6.944962115183,-11.29211142326,0.));
#8276 = CARTESIAN_POINT('',(-6.854285973923,-11.22574717019,0.));
#8277 = CARTESIAN_POINT('',(-6.770002955307,-11.16111068179,0.));
#8278 = CARTESIAN_POINT('',(-6.691987395698,-11.09845357004,0.));
#8279 = CARTESIAN_POINT('',(-6.620105598684,-11.03802262437,0.));
#8280 = CARTESIAN_POINT('',(-6.554216004087,-10.98005957046,0.));
#8281 = CARTESIAN_POINT('',(-6.494169299736,-10.92480087071,0.));
#8282 = CARTESIAN_POINT('',(-6.439808753035,-10.87247740473,0.));
#8283 = CARTESIAN_POINT('',(-6.390969839672,-10.82331456885,0.));
#8284 = CARTESIAN_POINT('',(-6.347482210143,-10.77753101817,0.));
#8285 = CARTESIAN_POINT('',(-6.309164083261,-10.73534184246,0.));
#8286 = CARTESIAN_POINT('',(-6.28560437844,-10.70819679877,0.));
#8287 = CARTESIAN_POINT('',(-6.274645419441,-10.69527114477,0.));
#8288 = VECTOR('',#8289,1.);
#8289 = DIRECTION('',(-0.,-0.,-1.));
#8290 = ADVANCED_FACE('',(#8291),#8308,.T.);
#8291 = FACE_BOUND('',#8292,.T.);
#8292 = EDGE_LOOP('',(#8293,#8294,#8301,#8307));
#8293 = ORIENTED_EDGE('',*,*,#8259,.T.);
#8294 = ORIENTED_EDGE('',*,*,#8295,.T.);
#8295 = EDGE_CURVE('',#8233,#8296,#8298,.T.);
#8296 = VERTEX_POINT('',#8297);
#8297 = CARTESIAN_POINT('',(-5.237630732487,-11.23953843848,4.));
#8298 = B_SPLINE_CURVE_WITH_KNOTS('',1,(#8299,#8300),.UNSPECIFIED.,.F.,
  .F.,(2,2),(0.,1.171164526424),.PIECEWISE_BEZIER_KNOTS.);
#8299 = CARTESIAN_POINT('',(-6.274645419441,-10.69527114477,4.));
#8300 = CARTESIAN_POINT('',(-5.237630732487,-11.23953843848,4.));
#8301 = ORIENTED_EDGE('',*,*,#8302,.F.);
#8302 = EDGE_CURVE('',#2877,#8296,#8303,.T.);
#8303 = LINE('',#8304,#8305);
#8304 = CARTESIAN_POINT('',(-5.237630732487,-11.23953843848,0.));
#8305 = VECTOR('',#8306,1.);
#8306 = DIRECTION('',(0.,0.,1.));
#8307 = ORIENTED_EDGE('',*,*,#2876,.F.);
#8308 = SURFACE_OF_LINEAR_EXTRUSION('',#8309,#8312);
#8309 = B_SPLINE_CURVE_WITH_KNOTS('',1,(#8310,#8311),.UNSPECIFIED.,.F.,
  .F.,(2,2),(0.,1.171164526424),.PIECEWISE_BEZIER_KNOTS.);
#8310 = CARTESIAN_POINT('',(-6.274645419441,-10.69527114477,0.));
#8311 = CARTESIAN_POINT('',(-5.237630732487,-11.23953843848,0.));
#8312 = VECTOR('',#8313,1.);
#8313 = DIRECTION('',(-0.,-0.,-1.));
#8314 = ADVANCED_FACE('',(#8315),#8406,.T.);
#8315 = FACE_BOUND('',#8316,.T.);
#8316 = EDGE_LOOP('',(#8317,#8318,#8319,#8346,#8357,#8400));
#8317 = ORIENTED_EDGE('',*,*,#2883,.F.);
#8318 = ORIENTED_EDGE('',*,*,#8302,.T.);
#8319 = ORIENTED_EDGE('',*,*,#8320,.T.);
#8320 = EDGE_CURVE('',#8296,#8321,#8323,.T.);
#8321 = VERTEX_POINT('',#8322);
#8322 = CARTESIAN_POINT('',(-5.270165674396,-13.18041648675,4.));
#8323 = B_SPLINE_CURVE_WITH_KNOTS('',3,(#8324,#8325,#8326,#8327,#8328,
    #8329,#8330,#8331,#8332,#8333,#8334,#8335,#8336,#8337,#8338,#8339,
    #8340,#8341,#8342,#8343,#8344,#8345),.UNSPECIFIED.,.F.,.F.,(4,1,1,1,
    1,1,1,1,1,1,1,1,1,1,1,1,1,1,1,4),(0.,5.083557895354E-02,
    0.107823372855,0.170963381733,0.240255605606,0.31570004449,
    0.397296698396,0.485045567335,0.578946651312,0.678999950336,
    0.785205464409,0.897563193537,1.016073137724,1.140735296972,
    1.271549671283,1.408516260661,1.551635065106,1.700906084621,
    1.856329319208,2.017904768867),.UNSPECIFIED.);
#8324 = CARTESIAN_POINT('',(-5.237630732487,-11.23953843848,4.));
#8325 = CARTESIAN_POINT('',(-5.242042938918,-11.25590009329,4.));
#8326 = CARTESIAN_POINT('',(-5.25099943416,-11.29070949261,4.));
#8327 = CARTESIAN_POINT('',(-5.263953268042,-11.34621087622,4.));
#8328 = CARTESIAN_POINT('',(-5.276928602318,-11.40800851481,4.));
#8329 = CARTESIAN_POINT('',(-5.289645158097,-11.47612982644,4.));
#8330 = CARTESIAN_POINT('',(-5.301826216217,-11.55059079577,4.));
#8331 = CARTESIAN_POINT('',(-5.313192818659,-11.63139878393,4.));
#8332 = CARTESIAN_POINT('',(-5.323465920979,-11.71855162475,4.));
#8333 = CARTESIAN_POINT('',(-5.332366099448,-11.81203787379,4.));
#8334 = CARTESIAN_POINT('',(-5.339614002391,-11.91183671696,4.));
#8335 = CARTESIAN_POINT('',(-5.344930577876,-12.01791799186,4.));
#8336 = CARTESIAN_POINT('',(-5.348037368201,-12.13024218575,4.));
#8337 = CARTESIAN_POINT('',(-5.348656785002,-12.24876045025,4.));
#8338 = CARTESIAN_POINT('',(-5.346512387579,-12.37341462233,4.));
#8339 = CARTESIAN_POINT('',(-5.341329168208,-12.50413724952,4.));
#8340 = CARTESIAN_POINT('',(-5.332833800154,-12.64085164004,4.));
#8341 = CARTESIAN_POINT('',(-5.320755032776,-12.78347185156,4.));
#8342 = CARTESIAN_POINT('',(-5.304823494717,-12.93190296344,4.));
#8343 = CARTESIAN_POINT('',(-5.28477384455,-13.08604026075,4.));
#8344 = CARTESIAN_POINT('',(-5.268793166723,-13.19050125385,4.));
#8345 = CARTESIAN_POINT('',(-5.260065107935,-13.2436481024,4.));
#8346 = ORIENTED_EDGE('',*,*,#8347,.T.);
#8347 = EDGE_CURVE('',#8321,#8348,#8350,.T.);
#8348 = VERTEX_POINT('',#8349);
#8349 = CARTESIAN_POINT('',(-5.270165674396,-13.18041648675,3.51));
#8350 = B_SPLINE_CURVE_WITH_KNOTS('',5,(#8351,#8352,#8353,#8354,#8355,
    #8356),.UNSPECIFIED.,.F.,.F.,(6,6),(0.,1.),
  .PIECEWISE_BEZIER_KNOTS.);
#8351 = CARTESIAN_POINT('',(-5.270165674396,-13.18041648675,4.0000006));
#8352 = CARTESIAN_POINT('',(-5.270165674396,-13.18041648675,
    3.893700524585));
#8353 = CARTESIAN_POINT('',(-5.270165674396,-13.18041648675,
    3.807051538322));
#8354 = CARTESIAN_POINT('',(-5.270165674396,-13.18041648675,
    3.699906479312));
#8355 = CARTESIAN_POINT('',(-5.270165674396,-13.18041648675,
    3.58119590178));
#8356 = CARTESIAN_POINT('',(-5.270165674396,-13.18041648675,3.5099994));
#8357 = ORIENTED_EDGE('',*,*,#8358,.F.);
#8358 = EDGE_CURVE('',#8359,#8348,#8361,.T.);
#8359 = VERTEX_POINT('',#8360);
#8360 = CARTESIAN_POINT('',(-5.260065107935,-13.2436481024,3.51));
#8361 = B_SPLINE_CURVE_WITH_KNOTS('',7,(#8362,#8363,#8364,#8365,#8366,
    #8367,#8368,#8369,#8370,#8371,#8372,#8373,#8374,#8375,#8376,#8377,
    #8378,#8379,#8380,#8381,#8382,#8383,#8384,#8385,#8386,#8387,#8388,
    #8389,#8390,#8391,#8392,#8393,#8394,#8395,#8396,#8397,#8398,#8399),
  .UNSPECIFIED.,.F.,.F.,(8,6,6,6,6,6,8),(0.,0.295998538489,
    0.591998255966,0.82099939395,0.894999573715,0.968999916493,1.),
  .UNSPECIFIED.);
#8362 = CARTESIAN_POINT('',(-5.260065107935,-13.2436481024,3.51));
#8363 = CARTESIAN_POINT('',(-5.27389318999,-13.15944621965,3.51));
#8364 = CARTESIAN_POINT('',(-5.286583896089,-13.07505602938,3.51));
#8365 = CARTESIAN_POINT('',(-5.298095774591,-12.99049229195,3.51));
#8366 = CARTESIAN_POINT('',(-5.308389228436,-12.90576955602,3.51));
#8367 = CARTESIAN_POINT('',(-5.317435113022,-12.82090350123,3.51));
#8368 = CARTESIAN_POINT('',(-5.325177308529,-12.73591456362,3.51));
#8369 = CARTESIAN_POINT('',(-5.337958330553,-12.56573284305,3.51));
#8370 = CARTESIAN_POINT('',(-5.34299663321,-12.48054112438,3.51));
#8371 = CARTESIAN_POINT('',(-5.346630494299,-12.3952693571,3.51));
#8372 = CARTESIAN_POINT('',(-5.348800494634,-12.30994279433,3.51));
#8373 = CARTESIAN_POINT('',(-5.349439614848,-12.22459114062,3.51));
#8374 = CARTESIAN_POINT('',(-5.348468569577,-12.13924962097,3.51));
#8375 = CARTESIAN_POINT('',(-5.343712177385,-11.98797767995,3.51));
#8376 = CARTESIAN_POINT('',(-5.34061391676,-11.92202754339,3.51));
#8377 = CARTESIAN_POINT('',(-5.336445975975,-11.85612950414,3.51));
#8378 = CARTESIAN_POINT('',(-5.331153516893,-11.79030769134,3.51));
#8379 = CARTESIAN_POINT('',(-5.324673440586,-11.72459151861,3.51));
#8380 = CARTESIAN_POINT('',(-5.316926613452,-11.65901786038,3.51));
#8381 = CARTESIAN_POINT('',(-5.304853259224,-11.57250778285,3.51));
#8382 = CARTESIAN_POINT('',(-5.301760399386,-11.55140017004,3.51));
#8383 = CARTESIAN_POINT('',(-5.298520715528,-11.53031407517,3.51));
#8384 = CARTESIAN_POINT('',(-5.295128763994,-11.50925183935,3.51));
#8385 = CARTESIAN_POINT('',(-5.291579918055,-11.48821559261,3.51));
#8386 = CARTESIAN_POINT('',(-5.287870281322,-11.46720729122,3.51));
#8387 = CARTESIAN_POINT('',(-5.280115351076,-11.42525275662,3.51));
#8388 = CARTESIAN_POINT('',(-5.276069548196,-11.40430682801,3.51));
#8389 = CARTESIAN_POINT('',(-5.271852686827,-11.3833936189,3.51));
#8390 = CARTESIAN_POINT('',(-5.267450728457,-11.36251912288,3.51));
#8391 = CARTESIAN_POINT('',(-5.262864934122,-11.34168337076,3.51));
#8392 = CARTESIAN_POINT('',(-5.258080758007,-11.32089303278,3.51));
#8393 = CARTESIAN_POINT('',(-5.250992691091,-11.2914654951,3.51));
#8394 = CARTESIAN_POINT('',(-5.248862979214,-11.28278632782,3.51));
#8395 = CARTESIAN_POINT('',(-5.246695400032,-11.27411650005,3.51));
#8396 = CARTESIAN_POINT('',(-5.244489154206,-11.26545640267,3.51));
#8397 = CARTESIAN_POINT('',(-5.242243462998,-11.25680642903,3.51));
#8398 = CARTESIAN_POINT('',(-5.23995756827,-11.2481669749,3.51));
#8399 = CARTESIAN_POINT('',(-5.237630732487,-11.23953843848,3.51));
#8400 = ORIENTED_EDGE('',*,*,#8401,.F.);
#8401 = EDGE_CURVE('',#2884,#8359,#8402,.T.);
#8402 = LINE('',#8403,#8404);
#8403 = CARTESIAN_POINT('',(-5.260065107935,-13.2436481024,0.));
#8404 = VECTOR('',#8405,1.);
#8405 = DIRECTION('',(0.,0.,1.));
#8406 = SURFACE_OF_LINEAR_EXTRUSION('',#8407,#8430);
#8407 = B_SPLINE_CURVE_WITH_KNOTS('',3,(#8408,#8409,#8410,#8411,#8412,
    #8413,#8414,#8415,#8416,#8417,#8418,#8419,#8420,#8421,#8422,#8423,
    #8424,#8425,#8426,#8427,#8428,#8429),.UNSPECIFIED.,.F.,.F.,(4,1,1,1,
    1,1,1,1,1,1,1,1,1,1,1,1,1,1,1,4),(0.,5.083557895354E-02,
    0.107823372855,0.170963381733,0.240255605606,0.31570004449,
    0.397296698396,0.485045567335,0.578946651312,0.678999950336,
    0.785205464409,0.897563193537,1.016073137724,1.140735296972,
    1.271549671283,1.408516260661,1.551635065106,1.700906084621,
    1.856329319208,2.017904768867),.UNSPECIFIED.);
#8408 = CARTESIAN_POINT('',(-5.237630732487,-11.23953843848,0.));
#8409 = CARTESIAN_POINT('',(-5.242042938918,-11.25590009329,0.));
#8410 = CARTESIAN_POINT('',(-5.25099943416,-11.29070949261,0.));
#8411 = CARTESIAN_POINT('',(-5.263953268042,-11.34621087622,0.));
#8412 = CARTESIAN_POINT('',(-5.276928602318,-11.40800851481,0.));
#8413 = CARTESIAN_POINT('',(-5.289645158097,-11.47612982644,0.));
#8414 = CARTESIAN_POINT('',(-5.301826216217,-11.55059079577,0.));
#8415 = CARTESIAN_POINT('',(-5.313192818659,-11.63139878393,0.));
#8416 = CARTESIAN_POINT('',(-5.323465920979,-11.71855162475,0.));
#8417 = CARTESIAN_POINT('',(-5.332366099448,-11.81203787379,0.));
#8418 = CARTESIAN_POINT('',(-5.339614002391,-11.91183671696,0.));
#8419 = CARTESIAN_POINT('',(-5.344930577876,-12.01791799186,0.));
#8420 = CARTESIAN_POINT('',(-5.348037368201,-12.13024218575,0.));
#8421 = CARTESIAN_POINT('',(-5.348656785002,-12.24876045025,0.));
#8422 = CARTESIAN_POINT('',(-5.346512387579,-12.37341462233,0.));
#8423 = CARTESIAN_POINT('',(-5.341329168208,-12.50413724952,0.));
#8424 = CARTESIAN_POINT('',(-5.332833800154,-12.64085164004,0.));
#8425 = CARTESIAN_POINT('',(-5.320755032776,-12.78347185156,0.));
#8426 = CARTESIAN_POINT('',(-5.304823494717,-12.93190296344,0.));
#8427 = CARTESIAN_POINT('',(-5.28477384455,-13.08604026075,0.));
#8428 = CARTESIAN_POINT('',(-5.268793166723,-13.19050125385,0.));
#8429 = CARTESIAN_POINT('',(-5.260065107935,-13.2436481024,0.));
#8430 = VECTOR('',#8431,1.);
#8431 = DIRECTION('',(-0.,-0.,-1.));
#8432 = ADVANCED_FACE('',(#8433),#8453,.T.);
#8433 = FACE_BOUND('',#8434,.T.);
#8434 = EDGE_LOOP('',(#8435,#8436,#8437,#8447));
#8435 = ORIENTED_EDGE('',*,*,#2910,.F.);
#8436 = ORIENTED_EDGE('',*,*,#8401,.T.);
#8437 = ORIENTED_EDGE('',*,*,#8438,.F.);
#8438 = EDGE_CURVE('',#8439,#8359,#8441,.T.);
#8439 = VERTEX_POINT('',#8440);
#8440 = CARTESIAN_POINT('',(-4.844947865102,-13.40108130653,3.51));
#8441 = B_SPLINE_CURVE_WITH_KNOTS('',4,(#8442,#8443,#8444,#8445,#8446),
  .UNSPECIFIED.,.F.,.F.,(5,5),(0.,1.),.PIECEWISE_BEZIER_KNOTS.);
#8442 = CARTESIAN_POINT('',(-4.844947865102,-13.40108130653,3.51));
#8443 = CARTESIAN_POINT('',(-4.94872717581,-13.3617230055,3.51));
#8444 = CARTESIAN_POINT('',(-5.052506486519,-13.32236470447,3.51));
#8445 = CARTESIAN_POINT('',(-5.156285797227,-13.28300640343,3.51));
#8446 = CARTESIAN_POINT('',(-5.260065107935,-13.2436481024,3.51));
#8447 = ORIENTED_EDGE('',*,*,#8448,.F.);
#8448 = EDGE_CURVE('',#2911,#8439,#8449,.T.);
#8449 = LINE('',#8450,#8451);
#8450 = CARTESIAN_POINT('',(-4.844947865102,-13.40108130653,0.));
#8451 = VECTOR('',#8452,1.);
#8452 = DIRECTION('',(0.,0.,1.));
#8453 = SURFACE_OF_LINEAR_EXTRUSION('',#8454,#8457);
#8454 = B_SPLINE_CURVE_WITH_KNOTS('',1,(#8455,#8456),.UNSPECIFIED.,.F.,
  .F.,(2,2),(0.,0.443967948237),.PIECEWISE_BEZIER_KNOTS.);
#8455 = CARTESIAN_POINT('',(-5.260065107935,-13.2436481024,0.));
#8456 = CARTESIAN_POINT('',(-4.844947865102,-13.40108130653,0.));
#8457 = VECTOR('',#8458,1.);
#8458 = DIRECTION('',(-0.,-0.,-1.));
#8459 = ADVANCED_FACE('',(#8460),#8539,.T.);
#8460 = FACE_BOUND('',#8461,.T.);
#8461 = EDGE_LOOP('',(#8462,#8463,#8464,#8495,#8506,#8533));
#8462 = ORIENTED_EDGE('',*,*,#2917,.F.);
#8463 = ORIENTED_EDGE('',*,*,#8448,.T.);
#8464 = ORIENTED_EDGE('',*,*,#8465,.F.);
#8465 = EDGE_CURVE('',#8466,#8439,#8468,.T.);
#8466 = VERTEX_POINT('',#8467);
#8467 = CARTESIAN_POINT('',(-4.795457165493,-13.36044967708,3.51));
#8468 = B_SPLINE_CURVE_WITH_KNOTS('',7,(#8469,#8470,#8471,#8472,#8473,
    #8474,#8475,#8476,#8477,#8478,#8479,#8480,#8481,#8482,#8483,#8484,
    #8485,#8486,#8487,#8488,#8489,#8490,#8491,#8492,#8493,#8494),
  .UNSPECIFIED.,.F.,.F.,(8,6,6,6,8),(0.,6.500064050263E-02,
    0.278003844969,0.798008401284,1.),.UNSPECIFIED.);
#8469 = CARTESIAN_POINT('',(-3.532769708508,-11.88610693989,3.51));
#8470 = CARTESIAN_POINT('',(-3.541115129548,-11.90288437252,3.51));
#8471 = CARTESIAN_POINT('',(-3.549627261945,-11.91957828104,3.51));
#8472 = CARTESIAN_POINT('',(-3.558297664075,-11.93619082233,3.51));
#8473 = CARTESIAN_POINT('',(-3.56712058483,-11.95272324931,3.51));
#8474 = CARTESIAN_POINT('',(-3.576086593551,-11.96917849132,3.51));
#8475 = CARTESIAN_POINT('',(-3.585184358076,-11.98556039852,3.51));
#8476 = CARTESIAN_POINT('',(-3.624644317433,-12.05531409187,3.51));
#8477 = CARTESIAN_POINT('',(-3.656253369078,-12.10797840129,3.51));
#8478 = CARTESIAN_POINT('',(-3.689033233561,-12.15992836214,3.51));
#8479 = CARTESIAN_POINT('',(-3.72286398626,-12.21119734411,3.51));
#8480 = CARTESIAN_POINT('',(-3.757657381636,-12.26181016176,3.51));
#8481 = CARTESIAN_POINT('',(-3.793336223362,-12.31179222266,3.51));
#8482 = CARTESIAN_POINT('',(-3.91897726531,-12.48169516051,3.51));
#8483 = CARTESIAN_POINT('',(-4.013034917095,-12.59856634202,3.51));
#8484 = CARTESIAN_POINT('',(-4.111174876795,-12.71207197999,3.51));
#8485 = CARTESIAN_POINT('',(-4.21292477471,-12.8223394327,3.51));
#8486 = CARTESIAN_POINT('',(-4.31788285588,-12.92949642491,3.51));
#8487 = CARTESIAN_POINT('',(-4.425758958785,-13.03364381232,3.51));
#8488 = CARTESIAN_POINT('',(-4.579268375068,-13.17421026605,3.51));
#8489 = CARTESIAN_POINT('',(-4.622619161051,-13.21309558069,3.51));
#8490 = CARTESIAN_POINT('',(-4.666357414475,-13.25154626419,3.51));
#8491 = CARTESIAN_POINT('',(-4.710471866074,-13.28956564154,3.51));
#8492 = CARTESIAN_POINT('',(-4.754950622922,-13.32715775916,3.51));
#8493 = CARTESIAN_POINT('',(-4.799780009879,-13.36432806769,3.51));
#8494 = CARTESIAN_POINT('',(-4.844947865102,-13.40108130653,3.51));
#8495 = ORIENTED_EDGE('',*,*,#8496,.F.);
#8496 = EDGE_CURVE('',#8497,#8466,#8499,.T.);
#8497 = VERTEX_POINT('',#8498);
#8498 = CARTESIAN_POINT('',(-4.795457165493,-13.36044967708,4.));
#8499 = B_SPLINE_CURVE_WITH_KNOTS('',5,(#8500,#8501,#8502,#8503,#8504,
    #8505),.UNSPECIFIED.,.F.,.F.,(6,6),(0.,1.),
  .PIECEWISE_BEZIER_KNOTS.);
#8500 = CARTESIAN_POINT('',(-4.795457165493,-13.36044967708,4.0000006));
#8501 = CARTESIAN_POINT('',(-4.795457165493,-13.36044967708,
    3.893700524585));
#8502 = CARTESIAN_POINT('',(-4.795457165493,-13.36044967708,
    3.807051538322));
#8503 = CARTESIAN_POINT('',(-4.795457165493,-13.36044967708,
    3.699906479312));
#8504 = CARTESIAN_POINT('',(-4.795457165493,-13.36044967708,
    3.58119590178));
#8505 = CARTESIAN_POINT('',(-4.795457165493,-13.36044967708,3.5099994));
#8506 = ORIENTED_EDGE('',*,*,#8507,.T.);
#8507 = EDGE_CURVE('',#8497,#8508,#8510,.T.);
#8508 = VERTEX_POINT('',#8509);
#8509 = CARTESIAN_POINT('',(-3.532769708508,-11.88610693989,4.));
#8510 = B_SPLINE_CURVE_WITH_KNOTS('',3,(#8511,#8512,#8513,#8514,#8515,
    #8516,#8517,#8518,#8519,#8520,#8521,#8522,#8523,#8524,#8525,#8526,
    #8527,#8528,#8529,#8530,#8531,#8532),.UNSPECIFIED.,.F.,.F.,(4,1,1,1,
    1,1,1,1,1,1,1,1,1,1,1,1,1,1,1,4),(0.,0.161575449659,0.316998684245,
    0.466269703761,0.609388508206,0.746355097584,0.877169471895,
    1.001831631143,1.120341575329,1.232699304458,1.338904818531,
    1.438958117555,1.532859201532,1.620608070471,1.702204724377,
    1.777649163261,1.846941387134,1.910081396012,1.967069189913,
    2.017904768867),.UNSPECIFIED.);
#8511 = CARTESIAN_POINT('',(-4.844947865102,-13.40108130653,4.));
#8512 = CARTESIAN_POINT('',(-4.803171939804,-13.36708809271,4.));
#8513 = CARTESIAN_POINT('',(-4.721939779257,-13.29949506617,4.));
#8514 = CARTESIAN_POINT('',(-4.604720466288,-13.19741701976,4.));
#8515 = CARTESIAN_POINT('',(-4.494367505337,-13.09687930102,4.));
#8516 = CARTESIAN_POINT('',(-4.390751724346,-12.99813624412,4.));
#8517 = CARTESIAN_POINT('',(-4.293734439989,-12.90143752443,4.));
#8518 = CARTESIAN_POINT('',(-4.203169608544,-12.80702734316,4.));
#8519 = CARTESIAN_POINT('',(-4.118903498075,-12.71514435407,4.));
#8520 = CARTESIAN_POINT('',(-4.040774991603,-12.62602140992,4.));
#8521 = CARTESIAN_POINT('',(-3.968615739518,-12.53988536046,4.));
#8522 = CARTESIAN_POINT('',(-3.902250356406,-12.45695684434,4.));
#8523 = CARTESIAN_POINT('',(-3.841496615492,-12.37745008891,4.));
#8524 = CARTESIAN_POINT('',(-3.786165644766,-12.3015727167,4.));
#8525 = CARTESIAN_POINT('',(-3.736062148789,-12.22952555169,4.));
#8526 = CARTESIAN_POINT('',(-3.690984564973,-12.16150245239,4.));
#8527 = CARTESIAN_POINT('',(-3.650725461983,-12.09769008089,4.));
#8528 = CARTESIAN_POINT('',(-3.615071155408,-12.03826791067,4.));
#8529 = CARTESIAN_POINT('',(-3.583803918201,-11.98340747582,4.));
#8530 = CARTESIAN_POINT('',(-3.556695777056,-11.93327411289,4.));
#8531 = CARTESIAN_POINT('',(-3.540316908602,-11.90127964843,4.));
#8532 = CARTESIAN_POINT('',(-3.532769708508,-11.88610693989,4.));
#8533 = ORIENTED_EDGE('',*,*,#8534,.F.);
#8534 = EDGE_CURVE('',#2918,#8508,#8535,.T.);
#8535 = LINE('',#8536,#8537);
#8536 = CARTESIAN_POINT('',(-3.532769708508,-11.88610693989,0.));
#8537 = VECTOR('',#8538,1.);
#8538 = DIRECTION('',(0.,0.,1.));
#8539 = SURFACE_OF_LINEAR_EXTRUSION('',#8540,#8563);
#8540 = B_SPLINE_CURVE_WITH_KNOTS('',3,(#8541,#8542,#8543,#8544,#8545,
    #8546,#8547,#8548,#8549,#8550,#8551,#8552,#8553,#8554,#8555,#8556,
    #8557,#8558,#8559,#8560,#8561,#8562),.UNSPECIFIED.,.F.,.F.,(4,1,1,1,
    1,1,1,1,1,1,1,1,1,1,1,1,1,1,1,4),(0.,0.161575449659,0.316998684245,
    0.466269703761,0.609388508206,0.746355097584,0.877169471895,
    1.001831631143,1.120341575329,1.232699304458,1.338904818531,
    1.438958117555,1.532859201532,1.620608070471,1.702204724377,
    1.777649163261,1.846941387134,1.910081396012,1.967069189913,
    2.017904768867),.UNSPECIFIED.);
#8541 = CARTESIAN_POINT('',(-4.844947865102,-13.40108130653,0.));
#8542 = CARTESIAN_POINT('',(-4.803171939804,-13.36708809271,0.));
#8543 = CARTESIAN_POINT('',(-4.721939779257,-13.29949506617,0.));
#8544 = CARTESIAN_POINT('',(-4.604720466288,-13.19741701976,0.));
#8545 = CARTESIAN_POINT('',(-4.494367505337,-13.09687930102,0.));
#8546 = CARTESIAN_POINT('',(-4.390751724346,-12.99813624412,0.));
#8547 = CARTESIAN_POINT('',(-4.293734439989,-12.90143752443,0.));
#8548 = CARTESIAN_POINT('',(-4.203169608544,-12.80702734316,0.));
#8549 = CARTESIAN_POINT('',(-4.118903498075,-12.71514435407,0.));
#8550 = CARTESIAN_POINT('',(-4.040774991603,-12.62602140992,0.));
#8551 = CARTESIAN_POINT('',(-3.968615739518,-12.53988536046,0.));
#8552 = CARTESIAN_POINT('',(-3.902250356406,-12.45695684434,0.));
#8553 = CARTESIAN_POINT('',(-3.841496615492,-12.37745008891,0.));
#8554 = CARTESIAN_POINT('',(-3.786165644766,-12.3015727167,0.));
#8555 = CARTESIAN_POINT('',(-3.736062148789,-12.22952555169,0.));
#8556 = CARTESIAN_POINT('',(-3.690984564973,-12.16150245239,0.));
#8557 = CARTESIAN_POINT('',(-3.650725461983,-12.09769008089,0.));
#8558 = CARTESIAN_POINT('',(-3.615071155408,-12.03826791067,0.));
#8559 = CARTESIAN_POINT('',(-3.583803918201,-11.98340747582,0.));
#8560 = CARTESIAN_POINT('',(-3.556695777056,-11.93327411289,0.));
#8561 = CARTESIAN_POINT('',(-3.540316908602,-11.90127964843,0.));
#8562 = CARTESIAN_POINT('',(-3.532769708508,-11.88610693989,0.));
#8563 = VECTOR('',#8564,1.);
#8564 = DIRECTION('',(-0.,-0.,-1.));
#8565 = ADVANCED_FACE('',(#8566),#8583,.T.);
#8566 = FACE_BOUND('',#8567,.T.);
#8567 = EDGE_LOOP('',(#8568,#8569,#8576,#8582));
#8568 = ORIENTED_EDGE('',*,*,#8534,.T.);
#8569 = ORIENTED_EDGE('',*,*,#8570,.T.);
#8570 = EDGE_CURVE('',#8508,#8571,#8573,.T.);
#8571 = VERTEX_POINT('',#8572);
#8572 = CARTESIAN_POINT('',(-2.395637094717,-12.16638495652,4.));
#8573 = B_SPLINE_CURVE_WITH_KNOTS('',1,(#8574,#8575),.UNSPECIFIED.,.F.,
  .F.,(2,2),(0.,1.171164526424),.PIECEWISE_BEZIER_KNOTS.);
#8574 = CARTESIAN_POINT('',(-3.532769708508,-11.88610693989,4.));
#8575 = CARTESIAN_POINT('',(-2.395637094717,-12.16638495652,4.));
#8576 = ORIENTED_EDGE('',*,*,#8577,.F.);
#8577 = EDGE_CURVE('',#2945,#8571,#8578,.T.);
#8578 = LINE('',#8579,#8580);
#8579 = CARTESIAN_POINT('',(-2.395637094717,-12.16638495652,0.));
#8580 = VECTOR('',#8581,1.);
#8581 = DIRECTION('',(0.,0.,1.));
#8582 = ORIENTED_EDGE('',*,*,#2944,.F.);
#8583 = SURFACE_OF_LINEAR_EXTRUSION('',#8584,#8587);
#8584 = B_SPLINE_CURVE_WITH_KNOTS('',1,(#8585,#8586),.UNSPECIFIED.,.F.,
  .F.,(2,2),(0.,1.171164526424),.PIECEWISE_BEZIER_KNOTS.);
#8585 = CARTESIAN_POINT('',(-3.532769708508,-11.88610693989,0.));
#8586 = CARTESIAN_POINT('',(-2.395637094717,-12.16638495652,0.));
#8587 = VECTOR('',#8588,1.);
#8588 = DIRECTION('',(-0.,-0.,-1.));
#8589 = ADVANCED_FACE('',(#8590),#8681,.T.);
#8590 = FACE_BOUND('',#8591,.T.);
#8591 = EDGE_LOOP('',(#8592,#8593,#8594,#8621,#8632,#8675));
#8592 = ORIENTED_EDGE('',*,*,#2951,.F.);
#8593 = ORIENTED_EDGE('',*,*,#8577,.T.);
#8594 = ORIENTED_EDGE('',*,*,#8595,.T.);
#8595 = EDGE_CURVE('',#8571,#8596,#8598,.T.);
#8596 = VERTEX_POINT('',#8597);
#8597 = CARTESIAN_POINT('',(-1.962744110919,-14.05865073735,4.));
#8598 = B_SPLINE_CURVE_WITH_KNOTS('',3,(#8599,#8600,#8601,#8602,#8603,
    #8604,#8605,#8606,#8607,#8608,#8609,#8610,#8611,#8612,#8613,#8614,
    #8615,#8616,#8617,#8618,#8619,#8620),.UNSPECIFIED.,.F.,.F.,(4,1,1,1,
    1,1,1,1,1,1,1,1,1,1,1,1,1,1,1,4),(0.,5.083557895354E-02,
    0.107823372855,0.170963381733,0.240255605606,0.31570004449,
    0.397296698396,0.485045567335,0.578946651312,0.678999950336,
    0.785205464409,0.897563193537,1.016073137724,1.140735296972,
    1.271549671283,1.408516260661,1.551635065106,1.700906084621,
    1.856329319208,2.017904768867),.UNSPECIFIED.);
#8599 = CARTESIAN_POINT('',(-2.395637094717,-12.16638495652,4.));
#8600 = CARTESIAN_POINT('',(-2.396005490158,-12.18332708149,4.));
#8601 = CARTESIAN_POINT('',(-2.396371291404,-12.21926841254,4.));
#8602 = CARTESIAN_POINT('',(-2.395666359929,-12.27625708217,4.));
#8603 = CARTESIAN_POINT('',(-2.393475511642,-12.33936419444,4.));
#8604 = CARTESIAN_POINT('',(-2.389520050475,-12.40854929556,4.));
#8605 = CARTESIAN_POINT('',(-2.383527472846,-12.48376168246,4.));
#8606 = CARTESIAN_POINT('',(-2.375225165113,-12.56494174336,4.));
#8607 = CARTESIAN_POINT('',(-2.364342709755,-12.65202059533,4.));
#8608 = CARTESIAN_POINT('',(-2.350611541422,-12.744920256,4.));
#8609 = CARTESIAN_POINT('',(-2.333765407031,-12.84355366286,4.));
#8610 = CARTESIAN_POINT('',(-2.313540581722,-12.94782474851,4.));
#8611 = CARTESIAN_POINT('',(-2.289676155291,-13.05762850906,4.));
#8612 = CARTESIAN_POINT('',(-2.261914295766,-13.17285108433,4.));
#8613 = CARTESIAN_POINT('',(-2.230000514638,-13.29336984483,4.));
#8614 = CARTESIAN_POINT('',(-2.193683937838,-13.41905348446,4.));
#8615 = CARTESIAN_POINT('',(-2.152717534555,-13.54976212861,4.));
#8616 = CARTESIAN_POINT('',(-2.106858503544,-13.68534741775,4.));
#8617 = CARTESIAN_POINT('',(-2.055868016885,-13.82565272467,4.));
#8618 = CARTESIAN_POINT('',(-1.999513503417,-13.9705128769,4.));
#8619 = CARTESIAN_POINT('',(-1.958998043087,-14.06811399686,4.));
#8620 = CARTESIAN_POINT('',(-1.937804732461,-14.1176277334,4.));
#8621 = ORIENTED_EDGE('',*,*,#8622,.T.);
#8622 = EDGE_CURVE('',#8596,#8623,#8625,.T.);
#8623 = VERTEX_POINT('',#8624);
#8624 = CARTESIAN_POINT('',(-1.962744110919,-14.05865073735,3.51));
#8625 = B_SPLINE_CURVE_WITH_KNOTS('',5,(#8626,#8627,#8628,#8629,#8630,
    #8631),.UNSPECIFIED.,.F.,.F.,(6,6),(0.,1.),
  .PIECEWISE_BEZIER_KNOTS.);
#8626 = CARTESIAN_POINT('',(-1.962744110919,-14.05865073735,4.0000006));
#8627 = CARTESIAN_POINT('',(-1.962744110919,-14.05865073735,
    3.893700524585));
#8628 = CARTESIAN_POINT('',(-1.962744110919,-14.05865073735,
    3.807051538322));
#8629 = CARTESIAN_POINT('',(-1.962744110919,-14.05865073735,
    3.699906479312));
#8630 = CARTESIAN_POINT('',(-1.962744110919,-14.05865073735,
    3.58119590178));
#8631 = CARTESIAN_POINT('',(-1.962744110919,-14.05865073735,3.5099994));
#8632 = ORIENTED_EDGE('',*,*,#8633,.F.);
#8633 = EDGE_CURVE('',#8634,#8623,#8636,.T.);
#8634 = VERTEX_POINT('',#8635);
#8635 = CARTESIAN_POINT('',(-1.937804732461,-14.1176277334,3.51));
#8636 = B_SPLINE_CURVE_WITH_KNOTS('',7,(#8637,#8638,#8639,#8640,#8641,
    #8642,#8643,#8644,#8645,#8646,#8647,#8648,#8649,#8650,#8651,#8652,
    #8653,#8654,#8655,#8656,#8657,#8658,#8659,#8660,#8661,#8662,#8663,
    #8664,#8665,#8666,#8667,#8668,#8669,#8670,#8671,#8672,#8673,#8674),
  .UNSPECIFIED.,.F.,.F.,(8,6,6,6,6,6,8),(0.,0.29599853849,0.591998255967
    ,0.820999393951,0.894999573716,0.968999916493,1.),.UNSPECIFIED.);
#8637 = CARTESIAN_POINT('',(-1.937804732461,-14.1176277334,3.51));
#8638 = CARTESIAN_POINT('',(-1.971381825087,-14.03918188097,3.51));
#8639 = CARTESIAN_POINT('',(-2.003899656774,-13.96028100102,3.51));
#8640 = CARTESIAN_POINT('',(-2.035314448007,-13.88092950496,3.51));
#8641 = CARTESIAN_POINT('',(-2.06558427062,-13.8011320425,3.51));
#8642 = CARTESIAN_POINT('',(-2.094677074518,-13.7208968629,3.51));
#8643 = CARTESIAN_POINT('',(-2.122533479955,-13.64023037802,3.51));
#8644 = CARTESIAN_POINT('',(-2.175670260216,-13.47805252774,3.51));
#8645 = CARTESIAN_POINT('',(-2.2009498717,-13.39654207033,3.51));
#8646 = CARTESIAN_POINT('',(-2.224885009023,-13.31461778551,3.51));
#8647 = CARTESIAN_POINT('',(-2.24741193614,-13.23228997265,3.51));
#8648 = CARTESIAN_POINT('',(-2.268458472388,-13.14957143436,3.51));
#8649 = CARTESIAN_POINT('',(-2.287939206395,-13.06647739782,3.51));
#8650 = CARTESIAN_POINT('',(-2.319522771369,-12.91846286533,3.51));
#8651 = CARTESIAN_POINT('',(-2.332297441307,-12.85368765758,3.51));
#8652 = CARTESIAN_POINT('',(-2.344021046346,-12.78870704206,3.51));
#8653 = CARTESIAN_POINT('',(-2.35463456736,-12.72353132316,3.51));
#8654 = CARTESIAN_POINT('',(-2.364069699826,-12.6581739592,3.51));
#8655 = CARTESIAN_POINT('',(-2.372240784986,-12.59265181523,3.51));
#8656 = CARTESIAN_POINT('',(-2.381221477163,-12.50576622054,3.51));
#8657 = CARTESIAN_POINT('',(-2.383269872592,-12.48453178678,3.51));
#8658 = CARTESIAN_POINT('',(-2.38517056086,-12.46328310842,3.51));
#8659 = CARTESIAN_POINT('',(-2.386917696228,-12.44202115576,3.51));
#8660 = CARTESIAN_POINT('',(-2.388506276666,-12.42074688969,3.51));
#8661 = CARTESIAN_POINT('',(-2.389932050837,-12.39946127718,3.51));
#8662 = CARTESIAN_POINT('',(-2.392442842087,-12.35686998882,3.51));
#8663 = CARTESIAN_POINT('',(-2.393527291706,-12.33556448683,3.51));
#8664 = CARTESIAN_POINT('',(-2.394437823195,-12.31424981659,3.51));
#8665 = CARTESIAN_POINT('',(-2.395159371616,-12.29292843789,3.51));
#8666 = CARTESIAN_POINT('',(-2.395693153991,-12.27160068244,3.51));
#8667 = CARTESIAN_POINT('',(-2.396023450882,-12.25026954562,3.51));
#8668 = CARTESIAN_POINT('',(-2.396183821039,-12.22000083325,3.51));
#8669 = CARTESIAN_POINT('',(-2.396193055399,-12.21106419339,3.51));
#8670 = CARTESIAN_POINT('',(-2.396163287722,-12.2021275594,3.51));
#8671 = CARTESIAN_POINT('',(-2.396093648347,-12.19319111953,3.51));
#8672 = CARTESIAN_POINT('',(-2.395983287032,-12.18425506932,3.51));
#8673 = CARTESIAN_POINT('',(-2.395831372955,-12.17531961161,3.51));
#8674 = CARTESIAN_POINT('',(-2.395637094717,-12.16638495652,3.51));
#8675 = ORIENTED_EDGE('',*,*,#8676,.F.);
#8676 = EDGE_CURVE('',#2952,#8634,#8677,.T.);
#8677 = LINE('',#8678,#8679);
#8678 = CARTESIAN_POINT('',(-1.937804732461,-14.1176277334,0.));
#8679 = VECTOR('',#8680,1.);
#8680 = DIRECTION('',(0.,0.,1.));
#8681 = SURFACE_OF_LINEAR_EXTRUSION('',#8682,#8705);
#8682 = B_SPLINE_CURVE_WITH_KNOTS('',3,(#8683,#8684,#8685,#8686,#8687,
    #8688,#8689,#8690,#8691,#8692,#8693,#8694,#8695,#8696,#8697,#8698,
    #8699,#8700,#8701,#8702,#8703,#8704),.UNSPECIFIED.,.F.,.F.,(4,1,1,1,
    1,1,1,1,1,1,1,1,1,1,1,1,1,1,1,4),(0.,5.083557895354E-02,
    0.107823372855,0.170963381733,0.240255605606,0.31570004449,
    0.397296698396,0.485045567335,0.578946651312,0.678999950336,
    0.785205464409,0.897563193537,1.016073137724,1.140735296972,
    1.271549671283,1.408516260661,1.551635065106,1.700906084621,
    1.856329319208,2.017904768867),.UNSPECIFIED.);
#8683 = CARTESIAN_POINT('',(-2.395637094717,-12.16638495652,0.));
#8684 = CARTESIAN_POINT('',(-2.396005490158,-12.18332708149,0.));
#8685 = CARTESIAN_POINT('',(-2.396371291404,-12.21926841254,0.));
#8686 = CARTESIAN_POINT('',(-2.395666359929,-12.27625708217,0.));
#8687 = CARTESIAN_POINT('',(-2.393475511642,-12.33936419444,0.));
#8688 = CARTESIAN_POINT('',(-2.389520050475,-12.40854929556,0.));
#8689 = CARTESIAN_POINT('',(-2.383527472846,-12.48376168246,0.));
#8690 = CARTESIAN_POINT('',(-2.375225165113,-12.56494174336,0.));
#8691 = CARTESIAN_POINT('',(-2.364342709755,-12.65202059533,0.));
#8692 = CARTESIAN_POINT('',(-2.350611541422,-12.744920256,0.));
#8693 = CARTESIAN_POINT('',(-2.333765407031,-12.84355366286,0.));
#8694 = CARTESIAN_POINT('',(-2.313540581722,-12.94782474851,0.));
#8695 = CARTESIAN_POINT('',(-2.289676155291,-13.05762850906,0.));
#8696 = CARTESIAN_POINT('',(-2.261914295766,-13.17285108433,0.));
#8697 = CARTESIAN_POINT('',(-2.230000514638,-13.29336984483,0.));
#8698 = CARTESIAN_POINT('',(-2.193683937838,-13.41905348446,0.));
#8699 = CARTESIAN_POINT('',(-2.152717534555,-13.54976212861,0.));
#8700 = CARTESIAN_POINT('',(-2.106858503544,-13.68534741775,0.));
#8701 = CARTESIAN_POINT('',(-2.055868016885,-13.82565272467,0.));
#8702 = CARTESIAN_POINT('',(-1.999513503417,-13.9705128769,0.));
#8703 = CARTESIAN_POINT('',(-1.958998043087,-14.06811399686,0.));
#8704 = CARTESIAN_POINT('',(-1.937804732461,-14.1176277334,0.));
#8705 = VECTOR('',#8706,1.);
#8706 = DIRECTION('',(-0.,-0.,-1.));
#8707 = ADVANCED_FACE('',(#8708),#8728,.T.);
#8708 = FACE_BOUND('',#8709,.T.);
#8709 = EDGE_LOOP('',(#8710,#8711,#8712,#8722));
#8710 = ORIENTED_EDGE('',*,*,#2978,.F.);
#8711 = ORIENTED_EDGE('',*,*,#8676,.T.);
#8712 = ORIENTED_EDGE('',*,*,#8713,.F.);
#8713 = EDGE_CURVE('',#8714,#8634,#8716,.T.);
#8714 = VERTEX_POINT('',#8715);
#8715 = CARTESIAN_POINT('',(-1.497073810431,-14.17114215602,3.51));
#8716 = B_SPLINE_CURVE_WITH_KNOTS('',4,(#8717,#8718,#8719,#8720,#8721),
  .UNSPECIFIED.,.F.,.F.,(5,5),(0.,1.),.PIECEWISE_BEZIER_KNOTS.);
#8717 = CARTESIAN_POINT('',(-1.497073810431,-14.17114215602,3.51));
#8718 = CARTESIAN_POINT('',(-1.607256540938,-14.15776355036,3.51));
#8719 = CARTESIAN_POINT('',(-1.717439271446,-14.14438494471,3.51));
#8720 = CARTESIAN_POINT('',(-1.827622001953,-14.13100633905,3.51));
#8721 = CARTESIAN_POINT('',(-1.937804732461,-14.1176277334,3.51));
#8722 = ORIENTED_EDGE('',*,*,#8723,.F.);
#8723 = EDGE_CURVE('',#2979,#8714,#8724,.T.);
#8724 = LINE('',#8725,#8726);
#8725 = CARTESIAN_POINT('',(-1.497073810431,-14.17114215602,0.));
#8726 = VECTOR('',#8727,1.);
#8727 = DIRECTION('',(0.,0.,1.));
#8728 = SURFACE_OF_LINEAR_EXTRUSION('',#8729,#8732);
#8729 = B_SPLINE_CURVE_WITH_KNOTS('',1,(#8730,#8731),.UNSPECIFIED.,.F.,
  .F.,(2,2),(0.,0.443967948237),.PIECEWISE_BEZIER_KNOTS.);
#8730 = CARTESIAN_POINT('',(-1.937804732461,-14.1176277334,0.));
#8731 = CARTESIAN_POINT('',(-1.497073810431,-14.17114215602,0.));
#8732 = VECTOR('',#8733,1.);
#8733 = DIRECTION('',(-0.,-0.,-1.));
#8734 = ADVANCED_FACE('',(#8735),#8814,.T.);
#8735 = FACE_BOUND('',#8736,.T.);
#8736 = EDGE_LOOP('',(#8737,#8738,#8739,#8770,#8781,#8808));
#8737 = ORIENTED_EDGE('',*,*,#2985,.F.);
#8738 = ORIENTED_EDGE('',*,*,#8723,.T.);
#8739 = ORIENTED_EDGE('',*,*,#8740,.F.);
#8740 = EDGE_CURVE('',#8741,#8714,#8743,.T.);
#8741 = VERTEX_POINT('',#8742);
#8742 = CARTESIAN_POINT('',(-1.458745006,-14.11984730822,3.51));
#8743 = B_SPLINE_CURVE_WITH_KNOTS('',7,(#8744,#8745,#8746,#8747,#8748,
    #8749,#8750,#8751,#8752,#8753,#8754,#8755,#8756,#8757,#8758,#8759,
    #8760,#8761,#8762,#8763,#8764,#8765,#8766,#8767,#8768,#8769),
  .UNSPECIFIED.,.F.,.F.,(8,6,6,6,8),(0.,6.500064050245E-02,
    0.278003844969,0.798008401284,1.),.UNSPECIFIED.);
#8744 = CARTESIAN_POINT('',(-0.585582263212,-12.38616540391,3.51));
#8745 = CARTESIAN_POINT('',(-0.58967007905,-12.40445250481,3.51));
#8746 = CARTESIAN_POINT('',(-0.593939750542,-12.42269840531,3.51));
#8747 = CARTESIAN_POINT('',(-0.598382565191,-12.44090317938,3.51));
#8748 = CARTESIAN_POINT('',(-0.602992639158,-12.45906666722,3.51));
#8749 = CARTESIAN_POINT('',(-0.607760114788,-12.47718945614,3.51));
#8750 = CARTESIAN_POINT('',(-0.612673067805,-12.49527257246,3.51));
#8751 = CARTESIAN_POINT('',(-0.634293240998,-12.57244273664,3.51));
#8752 = CARTESIAN_POINT('',(-0.652380396857,-12.63114125813,3.51));
#8753 = CARTESIAN_POINT('',(-0.671775298663,-12.68942638258,3.51));
#8754 = CARTESIAN_POINT('',(-0.692353520696,-12.74730181016,3.51));
#8755 = CARTESIAN_POINT('',(-0.714023443159,-12.80477051585,3.51));
#8756 = CARTESIAN_POINT('',(-0.736704032481,-12.8618386946,3.51));
#8757 = CARTESIAN_POINT('',(-0.818033739659,-13.05687243128,3.51));
#8758 = CARTESIAN_POINT('',(-0.881389142586,-13.19285701808,3.51));
#8759 = CARTESIAN_POINT('',(-0.949513656268,-13.32655081814,3.51));
#8760 = CARTESIAN_POINT('',(-1.021918158379,-13.45796444349,3.51));
#8761 = CARTESIAN_POINT('',(-1.098182001689,-13.58712576117,3.51));
#8762 = CARTESIAN_POINT('',(-1.177999319898,-13.71406325601,3.51));
#8763 = CARTESIAN_POINT('',(-1.293408277286,-13.887282312,3.51));
#8764 = CARTESIAN_POINT('',(-1.32619350331,-13.93541221222,3.51));
#8765 = CARTESIAN_POINT('',(-1.359458951717,-13.98321283791,3.51));
#8766 = CARTESIAN_POINT('',(-1.393192884981,-14.03068472054,3.51));
#8767 = CARTESIAN_POINT('',(-1.427382787392,-14.07782894278,3.51));
#8768 = CARTESIAN_POINT('',(-1.462014076761,-14.12464752422,3.51));
#8769 = CARTESIAN_POINT('',(-1.497073810431,-14.17114215602,3.51));
#8770 = ORIENTED_EDGE('',*,*,#8771,.F.);
#8771 = EDGE_CURVE('',#8772,#8741,#8774,.T.);
#8772 = VERTEX_POINT('',#8773);
#8773 = CARTESIAN_POINT('',(-1.458745006,-14.11984730822,4.));
#8774 = B_SPLINE_CURVE_WITH_KNOTS('',5,(#8775,#8776,#8777,#8778,#8779,
    #8780),.UNSPECIFIED.,.F.,.F.,(6,6),(0.,1.),
  .PIECEWISE_BEZIER_KNOTS.);
#8775 = CARTESIAN_POINT('',(-1.458745006,-14.11984730822,4.0000006));
#8776 = CARTESIAN_POINT('',(-1.458745006,-14.11984730822,3.893700524585)
  );
#8777 = CARTESIAN_POINT('',(-1.458745006,-14.11984730822,3.807051538322)
  );
#8778 = CARTESIAN_POINT('',(-1.458745006,-14.11984730822,3.699906479312)
  );
#8779 = CARTESIAN_POINT('',(-1.458745006,-14.11984730822,3.58119590178)
  );
#8780 = CARTESIAN_POINT('',(-1.458745006,-14.11984730822,3.5099994));
#8781 = ORIENTED_EDGE('',*,*,#8782,.T.);
#8782 = EDGE_CURVE('',#8772,#8783,#8785,.T.);
#8783 = VERTEX_POINT('',#8784);
#8784 = CARTESIAN_POINT('',(-0.585582263212,-12.38616540391,4.));
#8785 = B_SPLINE_CURVE_WITH_KNOTS('',3,(#8786,#8787,#8788,#8789,#8790,
    #8791,#8792,#8793,#8794,#8795,#8796,#8797,#8798,#8799,#8800,#8801,
    #8802,#8803,#8804,#8805,#8806,#8807),.UNSPECIFIED.,.F.,.F.,(4,1,1,1,
    1,1,1,1,1,1,1,1,1,1,1,1,1,1,1,4),(0.,0.161575449659,0.316998684245,
    0.466269703761,0.609388508206,0.746355097584,0.877169471895,
    1.001831631143,1.120341575329,1.232699304458,1.338904818531,
    1.438958117555,1.532859201532,1.620608070471,1.702204724377,
    1.777649163261,1.846941387134,1.910081396012,1.967069189913,
    2.017904768867),.UNSPECIFIED.);
#8786 = CARTESIAN_POINT('',(-1.497073810431,-14.17114215602,4.));
#8787 = CARTESIAN_POINT('',(-1.464646926145,-14.12813908989,4.));
#8788 = CARTESIAN_POINT('',(-1.401951294598,-14.04307006539,4.));
#8789 = CARTESIAN_POINT('',(-1.312567037312,-13.91590580374,4.));
#8790 = CARTESIAN_POINT('',(-1.229480983795,-13.79188033623,4.));
#8791 = CARTESIAN_POINT('',(-1.152506849341,-13.67120969365,4.));
#8792 = CARTESIAN_POINT('',(-1.081450229283,-13.55410310716,4.));
#8793 = CARTESIAN_POINT('',(-1.016110882492,-13.44076273137,4.));
#8794 = CARTESIAN_POINT('',(-0.956282430616,-13.33138349476,4.));
#8795 = CARTESIAN_POINT('',(-0.901752713131,-13.22615292596,4.));
#8796 = CARTESIAN_POINT('',(-0.852303983664,-13.1252509942,4.));
#8797 = CARTESIAN_POINT('',(-0.807713150894,-13.02884995431,4.));
#8798 = CARTESIAN_POINT('',(-0.767752015266,-12.93711419883,4.));
#8799 = CARTESIAN_POINT('',(-0.732187505725,-12.85020011713,4.));
#8800 = CARTESIAN_POINT('',(-0.700781941437,-12.76825596037,4.));
#8801 = CARTESIAN_POINT('',(-0.673293223477,-12.6914217168,4.));
#8802 = CARTESIAN_POINT('',(-0.649475276928,-12.61982898286,4.));
#8803 = CARTESIAN_POINT('',(-0.629077675841,-12.55360087885,4.));
#8804 = CARTESIAN_POINT('',(-0.611847969131,-12.49285184889,4.));
#8805 = CARTESIAN_POINT('',(-0.597525240353,-12.43768786757,4.));
#8806 = CARTESIAN_POINT('',(-0.589279088565,-12.40270338432,4.));
#8807 = CARTESIAN_POINT('',(-0.585582263212,-12.38616540391,4.));
#8808 = ORIENTED_EDGE('',*,*,#8809,.F.);
#8809 = EDGE_CURVE('',#2986,#8783,#8810,.T.);
#8810 = LINE('',#8811,#8812);
#8811 = CARTESIAN_POINT('',(-0.585582263212,-12.38616540391,0.));
#8812 = VECTOR('',#8813,1.);
#8813 = DIRECTION('',(0.,0.,1.));
#8814 = SURFACE_OF_LINEAR_EXTRUSION('',#8815,#8838);
#8815 = B_SPLINE_CURVE_WITH_KNOTS('',3,(#8816,#8817,#8818,#8819,#8820,
    #8821,#8822,#8823,#8824,#8825,#8826,#8827,#8828,#8829,#8830,#8831,
    #8832,#8833,#8834,#8835,#8836,#8837),.UNSPECIFIED.,.F.,.F.,(4,1,1,1,
    1,1,1,1,1,1,1,1,1,1,1,1,1,1,1,4),(0.,0.161575449659,0.316998684245,
    0.466269703761,0.609388508206,0.746355097584,0.877169471895,
    1.001831631143,1.120341575329,1.232699304458,1.338904818531,
    1.438958117555,1.532859201532,1.620608070471,1.702204724377,
    1.777649163261,1.846941387134,1.910081396012,1.967069189913,
    2.017904768867),.UNSPECIFIED.);
#8816 = CARTESIAN_POINT('',(-1.497073810431,-14.17114215602,0.));
#8817 = CARTESIAN_POINT('',(-1.464646926145,-14.12813908989,0.));
#8818 = CARTESIAN_POINT('',(-1.401951294598,-14.04307006539,0.));
#8819 = CARTESIAN_POINT('',(-1.312567037312,-13.91590580374,0.));
#8820 = CARTESIAN_POINT('',(-1.229480983795,-13.79188033623,0.));
#8821 = CARTESIAN_POINT('',(-1.152506849341,-13.67120969365,0.));
#8822 = CARTESIAN_POINT('',(-1.081450229283,-13.55410310716,0.));
#8823 = CARTESIAN_POINT('',(-1.016110882492,-13.44076273137,0.));
#8824 = CARTESIAN_POINT('',(-0.956282430616,-13.33138349476,0.));
#8825 = CARTESIAN_POINT('',(-0.901752713131,-13.22615292596,0.));
#8826 = CARTESIAN_POINT('',(-0.852303983664,-13.1252509942,0.));
#8827 = CARTESIAN_POINT('',(-0.807713150894,-13.02884995431,0.));
#8828 = CARTESIAN_POINT('',(-0.767752015266,-12.93711419883,0.));
#8829 = CARTESIAN_POINT('',(-0.732187505725,-12.85020011713,0.));
#8830 = CARTESIAN_POINT('',(-0.700781941437,-12.76825596037,0.));
#8831 = CARTESIAN_POINT('',(-0.673293223477,-12.6914217168,0.));
#8832 = CARTESIAN_POINT('',(-0.649475276928,-12.61982898286,0.));
#8833 = CARTESIAN_POINT('',(-0.629077675841,-12.55360087885,0.));
#8834 = CARTESIAN_POINT('',(-0.611847969131,-12.49285184889,0.));
#8835 = CARTESIAN_POINT('',(-0.597525240353,-12.43768786757,0.));
#8836 = CARTESIAN_POINT('',(-0.589279088565,-12.40270338432,0.));
#8837 = CARTESIAN_POINT('',(-0.585582263212,-12.38616540391,0.));
#8838 = VECTOR('',#8839,1.);
#8839 = DIRECTION('',(-0.,-0.,-1.));
#8840 = ADVANCED_FACE('',(#8841),#8858,.T.);
#8841 = FACE_BOUND('',#8842,.T.);
#8842 = EDGE_LOOP('',(#8843,#8844,#8851,#8857));
#8843 = ORIENTED_EDGE('',*,*,#8809,.T.);
#8844 = ORIENTED_EDGE('',*,*,#8845,.T.);
#8845 = EDGE_CURVE('',#8783,#8846,#8848,.T.);
#8846 = VERTEX_POINT('',#8847);
#8847 = CARTESIAN_POINT('',(0.585582263212,-12.38616540391,4.));
#8848 = B_SPLINE_CURVE_WITH_KNOTS('',1,(#8849,#8850),.UNSPECIFIED.,.F.,
  .F.,(2,2),(0.,1.171164526424),.PIECEWISE_BEZIER_KNOTS.);
#8849 = CARTESIAN_POINT('',(-0.585582263212,-12.38616540391,4.));
#8850 = CARTESIAN_POINT('',(0.585582263212,-12.38616540391,4.));
#8851 = ORIENTED_EDGE('',*,*,#8852,.F.);
#8852 = EDGE_CURVE('',#3013,#8846,#8853,.T.);
#8853 = LINE('',#8854,#8855);
#8854 = CARTESIAN_POINT('',(0.585582263212,-12.38616540391,0.));
#8855 = VECTOR('',#8856,1.);
#8856 = DIRECTION('',(0.,0.,1.));
#8857 = ORIENTED_EDGE('',*,*,#3012,.F.);
#8858 = SURFACE_OF_LINEAR_EXTRUSION('',#8859,#8862);
#8859 = B_SPLINE_CURVE_WITH_KNOTS('',1,(#8860,#8861),.UNSPECIFIED.,.F.,
  .F.,(2,2),(0.,1.171164526424),.PIECEWISE_BEZIER_KNOTS.);
#8860 = CARTESIAN_POINT('',(-0.585582263212,-12.38616540391,0.));
#8861 = CARTESIAN_POINT('',(0.585582263212,-12.38616540391,0.));
#8862 = VECTOR('',#8863,1.);
#8863 = DIRECTION('',(-0.,-0.,-1.));
#8864 = ADVANCED_FACE('',(#8865),#8956,.T.);
#8865 = FACE_BOUND('',#8866,.T.);
#8866 = EDGE_LOOP('',(#8867,#8868,#8869,#8896,#8907,#8950));
#8867 = ORIENTED_EDGE('',*,*,#3019,.F.);
#8868 = ORIENTED_EDGE('',*,*,#8852,.T.);
#8869 = ORIENTED_EDGE('',*,*,#8870,.T.);
#8870 = EDGE_CURVE('',#8846,#8871,#8873,.T.);
#8871 = VERTEX_POINT('',#8872);
#8872 = CARTESIAN_POINT('',(1.458745006,-14.11984730822,4.));
#8873 = B_SPLINE_CURVE_WITH_KNOTS('',3,(#8874,#8875,#8876,#8877,#8878,
    #8879,#8880,#8881,#8882,#8883,#8884,#8885,#8886,#8887,#8888,#8889,
    #8890,#8891,#8892,#8893,#8894,#8895),.UNSPECIFIED.,.F.,.F.,(4,1,1,1,
    1,1,1,1,1,1,1,1,1,1,1,1,1,1,1,4),(0.,5.083557895354E-02,
    0.107823372855,0.170963381733,0.240255605606,0.31570004449,
    0.397296698396,0.485045567335,0.578946651312,0.678999950336,
    0.785205464409,0.897563193537,1.016073137724,1.140735296972,
    1.271549671283,1.408516260661,1.551635065106,1.700906084621,
    1.856329319208,2.017904768867),.UNSPECIFIED.);
#8874 = CARTESIAN_POINT('',(0.585582263212,-12.38616540391,4.));
#8875 = CARTESIAN_POINT('',(0.589279088565,-12.40270338432,4.));
#8876 = CARTESIAN_POINT('',(0.597525240353,-12.43768786757,4.));
#8877 = CARTESIAN_POINT('',(0.611847969131,-12.49285184889,4.));
#8878 = CARTESIAN_POINT('',(0.629077675841,-12.55360087885,4.));
#8879 = CARTESIAN_POINT('',(0.649475276928,-12.61982898286,4.));
#8880 = CARTESIAN_POINT('',(0.673293223477,-12.6914217168,4.));
#8881 = CARTESIAN_POINT('',(0.700781941437,-12.76825596037,4.));
#8882 = CARTESIAN_POINT('',(0.732187505725,-12.85020011713,4.));
#8883 = CARTESIAN_POINT('',(0.767752015266,-12.93711419883,4.));
#8884 = CARTESIAN_POINT('',(0.807713150894,-13.02884995431,4.));
#8885 = CARTESIAN_POINT('',(0.852303983664,-13.1252509942,4.));
#8886 = CARTESIAN_POINT('',(0.901752713131,-13.22615292596,4.));
#8887 = CARTESIAN_POINT('',(0.956282430616,-13.33138349476,4.));
#8888 = CARTESIAN_POINT('',(1.016110882492,-13.44076273137,4.));
#8889 = CARTESIAN_POINT('',(1.081450229283,-13.55410310716,4.));
#8890 = CARTESIAN_POINT('',(1.152506849341,-13.67120969365,4.));
#8891 = CARTESIAN_POINT('',(1.229480983794,-13.79188033623,4.));
#8892 = CARTESIAN_POINT('',(1.312567037312,-13.91590580374,4.));
#8893 = CARTESIAN_POINT('',(1.401951294598,-14.04307006539,4.));
#8894 = CARTESIAN_POINT('',(1.464646926145,-14.12813908989,4.));
#8895 = CARTESIAN_POINT('',(1.497073810431,-14.17114215602,4.));
#8896 = ORIENTED_EDGE('',*,*,#8897,.T.);
#8897 = EDGE_CURVE('',#8871,#8898,#8900,.T.);
#8898 = VERTEX_POINT('',#8899);
#8899 = CARTESIAN_POINT('',(1.458745006,-14.11984730822,3.51));
#8900 = B_SPLINE_CURVE_WITH_KNOTS('',5,(#8901,#8902,#8903,#8904,#8905,
    #8906),.UNSPECIFIED.,.F.,.F.,(6,6),(0.,1.),
  .PIECEWISE_BEZIER_KNOTS.);
#8901 = CARTESIAN_POINT('',(1.458745006,-14.11984730822,4.0000006));
#8902 = CARTESIAN_POINT('',(1.458745006,-14.11984730822,3.893700524585)
  );
#8903 = CARTESIAN_POINT('',(1.458745006,-14.11984730822,3.807051538322)
  );
#8904 = CARTESIAN_POINT('',(1.458745006,-14.11984730822,3.699906479312)
  );
#8905 = CARTESIAN_POINT('',(1.458745006,-14.11984730822,3.58119590178));
#8906 = CARTESIAN_POINT('',(1.458745006,-14.11984730822,3.5099994));
#8907 = ORIENTED_EDGE('',*,*,#8908,.F.);
#8908 = EDGE_CURVE('',#8909,#8898,#8911,.T.);
#8909 = VERTEX_POINT('',#8910);
#8910 = CARTESIAN_POINT('',(1.497073810431,-14.17114215602,3.51));
#8911 = B_SPLINE_CURVE_WITH_KNOTS('',7,(#8912,#8913,#8914,#8915,#8916,
    #8917,#8918,#8919,#8920,#8921,#8922,#8923,#8924,#8925,#8926,#8927,
    #8928,#8929,#8930,#8931,#8932,#8933,#8934,#8935,#8936,#8937,#8938,
    #8939,#8940,#8941,#8942,#8943,#8944,#8945,#8946,#8947,#8948,#8949),
  .UNSPECIFIED.,.F.,.F.,(8,6,6,6,6,6,8),(0.,0.29599853849,0.591998255967
    ,0.820999393952,0.894999573716,0.968999916493,1.),.UNSPECIFIED.);
#8912 = CARTESIAN_POINT('',(1.497073810431,-14.17114215602,3.51));
#8913 = CARTESIAN_POINT('',(1.44569908581,-14.10301132172,3.51));
#8914 = CARTESIAN_POINT('',(1.395243946714,-14.03418518443,3.51));
#8915 = CARTESIAN_POINT('',(1.345751956228,-13.96465755027,3.51));
#8916 = CARTESIAN_POINT('',(1.297264936911,-13.89442289975,3.51));
#8917 = CARTESIAN_POINT('',(1.249815981714,-13.82348157234,3.51));
#8918 = CARTESIAN_POINT('',(1.203464279378,-13.75182558308,3.51));
#8919 = CARTESIAN_POINT('',(1.113059857405,-13.60707679024,3.51));
#8920 = CARTESIAN_POINT('',(1.069008096225,-13.5339846856,3.51));
#8921 = CARTESIAN_POINT('',(1.026162705851,-13.46016902489,3.51));
#8922 = CARTESIAN_POINT('',(0.984588035071,-13.38562455518,3.51));
#8923 = CARTESIAN_POINT('',(0.944357230976,-13.31034643308,3.51));
#8924 = CARTESIAN_POINT('',(0.905556867141,-13.23432900303,3.51));
#8925 = CARTESIAN_POINT('',(0.839468866997,-13.09817394567,3.51));
#8926 = CARTESIAN_POINT('',(0.811563683879,-13.03833816636,3.51));
#8927 = CARTESIAN_POINT('',(0.784629866327,-12.97805141176,3.51));
#8928 = CARTESIAN_POINT('',(0.758727184479,-12.91730956263,3.51));
#8929 = CARTESIAN_POINT('',(0.733925178844,-12.85610933988,3.51));
#8930 = CARTESIAN_POINT('',(0.710311055158,-12.794446619,3.51));
#8931 = CARTESIAN_POINT('',(0.680798241763,-12.71223498209,3.51));
#8932 = CARTESIAN_POINT('',(0.673727636363,-12.69210779551,3.51));
#8933 = CARTESIAN_POINT('',(0.666797037063,-12.67193142959,3.51));
#8934 = CARTESIAN_POINT('',(0.660012351949,-12.6517054275,3.51));
#8935 = CARTESIAN_POINT('',(0.653378667655,-12.63142952512,3.51));
#8936 = CARTESIAN_POINT('',(0.646900343393,-12.61110364392,3.51));
#8937 = CARTESIAN_POINT('',(0.634269748707,-12.57035085267,3.51));
#8938 = CARTESIAN_POINT('',(0.62811807086,-12.54992397562,3.51));
#8939 = CARTESIAN_POINT('',(0.622133063294,-12.52944657541,3.51));
#8940 = CARTESIAN_POINT('',(0.616329941852,-12.50891743507,3.51));
#8941 = CARTESIAN_POINT('',(0.610707604261,-12.48833716791,3.51));
#8942 = CARTESIAN_POINT('',(0.605282030017,-12.46770492038,3.51));
#8943 = CARTESIAN_POINT('',(0.597882542919,-12.43835414087,3.51));
#8944 = CARTESIAN_POINT('',(0.595734898988,-12.42967939345,3.51));
#8945 = CARTESIAN_POINT('',(0.593625125171,-12.42099531794,3.51));
#8946 = CARTESIAN_POINT('',(0.591554110908,-12.41230188897,3.51));
#8947 = CARTESIAN_POINT('',(0.589522728531,-12.40359909295,3.51));
#8948 = CARTESIAN_POINT('',(0.587531833262,-12.39488692798,3.51));
#8949 = CARTESIAN_POINT('',(0.585582263212,-12.38616540391,3.51));
#8950 = ORIENTED_EDGE('',*,*,#8951,.F.);
#8951 = EDGE_CURVE('',#3020,#8909,#8952,.T.);
#8952 = LINE('',#8953,#8954);
#8953 = CARTESIAN_POINT('',(1.497073810431,-14.17114215602,0.));
#8954 = VECTOR('',#8955,1.);
#8955 = DIRECTION('',(0.,0.,1.));
#8956 = SURFACE_OF_LINEAR_EXTRUSION('',#8957,#8980);
#8957 = B_SPLINE_CURVE_WITH_KNOTS('',3,(#8958,#8959,#8960,#8961,#8962,
    #8963,#8964,#8965,#8966,#8967,#8968,#8969,#8970,#8971,#8972,#8973,
    #8974,#8975,#8976,#8977,#8978,#8979),.UNSPECIFIED.,.F.,.F.,(4,1,1,1,
    1,1,1,1,1,1,1,1,1,1,1,1,1,1,1,4),(0.,5.083557895354E-02,
    0.107823372855,0.170963381733,0.240255605606,0.31570004449,
    0.397296698396,0.485045567335,0.578946651312,0.678999950336,
    0.785205464409,0.897563193537,1.016073137724,1.140735296972,
    1.271549671283,1.408516260661,1.551635065106,1.700906084621,
    1.856329319208,2.017904768867),.UNSPECIFIED.);
#8958 = CARTESIAN_POINT('',(0.585582263212,-12.38616540391,0.));
#8959 = CARTESIAN_POINT('',(0.589279088565,-12.40270338432,0.));
#8960 = CARTESIAN_POINT('',(0.597525240353,-12.43768786757,0.));
#8961 = CARTESIAN_POINT('',(0.611847969131,-12.49285184889,0.));
#8962 = CARTESIAN_POINT('',(0.629077675841,-12.55360087885,0.));
#8963 = CARTESIAN_POINT('',(0.649475276928,-12.61982898286,0.));
#8964 = CARTESIAN_POINT('',(0.673293223477,-12.6914217168,0.));
#8965 = CARTESIAN_POINT('',(0.700781941437,-12.76825596037,0.));
#8966 = CARTESIAN_POINT('',(0.732187505725,-12.85020011713,0.));
#8967 = CARTESIAN_POINT('',(0.767752015266,-12.93711419883,0.));
#8968 = CARTESIAN_POINT('',(0.807713150894,-13.02884995431,0.));
#8969 = CARTESIAN_POINT('',(0.852303983664,-13.1252509942,0.));
#8970 = CARTESIAN_POINT('',(0.901752713131,-13.22615292596,0.));
#8971 = CARTESIAN_POINT('',(0.956282430616,-13.33138349476,0.));
#8972 = CARTESIAN_POINT('',(1.016110882492,-13.44076273137,0.));
#8973 = CARTESIAN_POINT('',(1.081450229283,-13.55410310716,0.));
#8974 = CARTESIAN_POINT('',(1.152506849341,-13.67120969365,0.));
#8975 = CARTESIAN_POINT('',(1.229480983794,-13.79188033623,0.));
#8976 = CARTESIAN_POINT('',(1.312567037312,-13.91590580374,0.));
#8977 = CARTESIAN_POINT('',(1.401951294598,-14.04307006539,0.));
#8978 = CARTESIAN_POINT('',(1.464646926145,-14.12813908989,0.));
#8979 = CARTESIAN_POINT('',(1.497073810431,-14.17114215602,0.));
#8980 = VECTOR('',#8981,1.);
#8981 = DIRECTION('',(-0.,-0.,-1.));
#8982 = ADVANCED_FACE('',(#8983),#9003,.T.);
#8983 = FACE_BOUND('',#8984,.T.);
#8984 = EDGE_LOOP('',(#8985,#8986,#8987,#8997));
#8985 = ORIENTED_EDGE('',*,*,#3046,.F.);
#8986 = ORIENTED_EDGE('',*,*,#8951,.T.);
#8987 = ORIENTED_EDGE('',*,*,#8988,.F.);
#8988 = EDGE_CURVE('',#8989,#8909,#8991,.T.);
#8989 = VERTEX_POINT('',#8990);
#8990 = CARTESIAN_POINT('',(1.937804732461,-14.1176277334,3.51));
#8991 = B_SPLINE_CURVE_WITH_KNOTS('',4,(#8992,#8993,#8994,#8995,#8996),
  .UNSPECIFIED.,.F.,.F.,(5,5),(0.,1.),.PIECEWISE_BEZIER_KNOTS.);
#8992 = CARTESIAN_POINT('',(1.937804732461,-14.1176277334,3.51));
#8993 = CARTESIAN_POINT('',(1.827622001953,-14.13100633905,3.51));
#8994 = CARTESIAN_POINT('',(1.717439271446,-14.14438494471,3.51));
#8995 = CARTESIAN_POINT('',(1.607256540938,-14.15776355036,3.51));
#8996 = CARTESIAN_POINT('',(1.497073810431,-14.17114215602,3.51));
#8997 = ORIENTED_EDGE('',*,*,#8998,.F.);
#8998 = EDGE_CURVE('',#3047,#8989,#8999,.T.);
#8999 = LINE('',#9000,#9001);
#9000 = CARTESIAN_POINT('',(1.937804732461,-14.1176277334,0.));
#9001 = VECTOR('',#9002,1.);
#9002 = DIRECTION('',(0.,0.,1.));
#9003 = SURFACE_OF_LINEAR_EXTRUSION('',#9004,#9007);
#9004 = B_SPLINE_CURVE_WITH_KNOTS('',1,(#9005,#9006),.UNSPECIFIED.,.F.,
  .F.,(2,2),(0.,0.443967948237),.PIECEWISE_BEZIER_KNOTS.);
#9005 = CARTESIAN_POINT('',(1.497073810431,-14.17114215602,0.));
#9006 = CARTESIAN_POINT('',(1.937804732461,-14.1176277334,0.));
#9007 = VECTOR('',#9008,1.);
#9008 = DIRECTION('',(-0.,-0.,-1.));
#9009 = ADVANCED_FACE('',(#9010),#9089,.T.);
#9010 = FACE_BOUND('',#9011,.T.);
#9011 = EDGE_LOOP('',(#9012,#9013,#9014,#9045,#9056,#9083));
#9012 = ORIENTED_EDGE('',*,*,#3053,.F.);
#9013 = ORIENTED_EDGE('',*,*,#8998,.T.);
#9014 = ORIENTED_EDGE('',*,*,#9015,.F.);
#9015 = EDGE_CURVE('',#9016,#8989,#9018,.T.);
#9016 = VERTEX_POINT('',#9017);
#9017 = CARTESIAN_POINT('',(1.962744110919,-14.05865073735,3.51));
#9018 = B_SPLINE_CURVE_WITH_KNOTS('',7,(#9019,#9020,#9021,#9022,#9023,
    #9024,#9025,#9026,#9027,#9028,#9029,#9030,#9031,#9032,#9033,#9034,
    #9035,#9036,#9037,#9038,#9039,#9040,#9041,#9042,#9043,#9044),
  .UNSPECIFIED.,.F.,.F.,(8,6,6,6,8),(0.,6.500064050273E-02,
    0.278003844969,0.798008401284,1.),.UNSPECIFIED.);
#9019 = CARTESIAN_POINT('',(2.395637094717,-12.16638495652,3.51));
#9020 = CARTESIAN_POINT('',(2.396044453078,-12.18511894587,3.51));
#9021 = CARTESIAN_POINT('',(2.39626538028,-12.20385645294,3.51));
#9022 = CARTESIAN_POINT('',(2.39630835335,-12.2225954645,3.51));
#9023 = CARTESIAN_POINT('',(2.396179046912,-12.24133441731,3.51));
#9024 = CARTESIAN_POINT('',(2.395887172728,-12.26007152251,3.51));
#9025 = CARTESIAN_POINT('',(2.39544455419,-12.27880492295,3.51));
#9026 = CARTESIAN_POINT('',(2.392920653041,-12.35890670852,3.51));
#9027 = CARTESIAN_POINT('',(2.389406552722,-12.42022809737,3.51));
#9028 = CARTESIAN_POINT('',(2.38452377479,-12.48146106584,3.51));
#9029 = CARTESIAN_POINT('',(2.378394014888,-12.54257942956,3.51));
#9030 = CARTESIAN_POINT('',(2.371106942465,-12.603564151,3.51));
#9031 = CARTESIAN_POINT('',(2.362742718958,-12.6644018525,3.51));
#9032 = CARTESIAN_POINT('',(2.330450933509,-12.87323173614,3.51));
#9033 = CARTESIAN_POINT('',(2.301479765171,-13.02042679833,3.51));
#9034 = CARTESIAN_POINT('',(2.267329846619,-13.16653896279,3.51));
#9035 = CARTESIAN_POINT('',(2.228478626796,-13.31146147854,3.51));
#9036 = CARTESIAN_POINT('',(2.18534119871,-13.45512073539,3.51));
#9037 = CARTESIAN_POINT('',(2.138221357607,-13.59747119186,3.51));
#9038 = CARTESIAN_POINT('',(2.067620008225,-13.7932759882,3.51));
#9039 = CARTESIAN_POINT('',(2.047305700327,-13.84785333913,3.51));
#9040 = CARTESIAN_POINT('',(2.026446323883,-13.90222590839,3.51));
#9041 = CARTESIAN_POINT('',(2.005053402537,-13.95639140304,3.51));
#9042 = CARTESIAN_POINT('',(1.983139347417,-14.01034787907,3.51));
#9043 = CARTESIAN_POINT('',(1.960718800294,-14.06409380764,3.51));
#9044 = CARTESIAN_POINT('',(1.937804732461,-14.1176277334,3.51));
#9045 = ORIENTED_EDGE('',*,*,#9046,.F.);
#9046 = EDGE_CURVE('',#9047,#9016,#9049,.T.);
#9047 = VERTEX_POINT('',#9048);
#9048 = CARTESIAN_POINT('',(1.962744110919,-14.05865073735,4.));
#9049 = B_SPLINE_CURVE_WITH_KNOTS('',5,(#9050,#9051,#9052,#9053,#9054,
    #9055),.UNSPECIFIED.,.F.,.F.,(6,6),(0.,1.),
  .PIECEWISE_BEZIER_KNOTS.);
#9050 = CARTESIAN_POINT('',(1.962744110919,-14.05865073735,4.0000006));
#9051 = CARTESIAN_POINT('',(1.962744110919,-14.05865073735,
    3.893700524585));
#9052 = CARTESIAN_POINT('',(1.962744110919,-14.05865073735,
    3.807051538322));
#9053 = CARTESIAN_POINT('',(1.962744110919,-14.05865073735,
    3.699906479312));
#9054 = CARTESIAN_POINT('',(1.962744110919,-14.05865073735,3.58119590178
    ));
#9055 = CARTESIAN_POINT('',(1.962744110919,-14.05865073735,3.5099994));
#9056 = ORIENTED_EDGE('',*,*,#9057,.T.);
#9057 = EDGE_CURVE('',#9047,#9058,#9060,.T.);
#9058 = VERTEX_POINT('',#9059);
#9059 = CARTESIAN_POINT('',(2.395637094717,-12.16638495652,4.));
#9060 = B_SPLINE_CURVE_WITH_KNOTS('',3,(#9061,#9062,#9063,#9064,#9065,
    #9066,#9067,#9068,#9069,#9070,#9071,#9072,#9073,#9074,#9075,#9076,
    #9077,#9078,#9079,#9080,#9081,#9082),.UNSPECIFIED.,.F.,.F.,(4,1,1,1,
    1,1,1,1,1,1,1,1,1,1,1,1,1,1,1,4),(0.,0.161575449659,0.316998684245,
    0.466269703761,0.609388508206,0.746355097584,0.877169471895,
    1.001831631143,1.120341575329,1.232699304458,1.338904818531,
    1.438958117555,1.532859201532,1.620608070471,1.702204724377,
    1.777649163261,1.846941387134,1.910081396012,1.967069189913,
    2.017904768867),.UNSPECIFIED.);
#9061 = CARTESIAN_POINT('',(1.937804732461,-14.1176277334,4.));
#9062 = CARTESIAN_POINT('',(1.958998043087,-14.06811399686,4.));
#9063 = CARTESIAN_POINT('',(1.999513503417,-13.9705128769,4.));
#9064 = CARTESIAN_POINT('',(2.055868016885,-13.82565272467,4.));
#9065 = CARTESIAN_POINT('',(2.106858503544,-13.68534741775,4.));
#9066 = CARTESIAN_POINT('',(2.152717534555,-13.54976212861,4.));
#9067 = CARTESIAN_POINT('',(2.193683937838,-13.41905348446,4.));
#9068 = CARTESIAN_POINT('',(2.230000514638,-13.29336984483,4.));
#9069 = CARTESIAN_POINT('',(2.261914295766,-13.17285108433,4.));
#9070 = CARTESIAN_POINT('',(2.289676155291,-13.05762850906,4.));
#9071 = CARTESIAN_POINT('',(2.313540581722,-12.94782474851,4.));
#9072 = CARTESIAN_POINT('',(2.333765407031,-12.84355366286,4.));
#9073 = CARTESIAN_POINT('',(2.350611541422,-12.744920256,4.));
#9074 = CARTESIAN_POINT('',(2.364342709755,-12.65202059533,4.));
#9075 = CARTESIAN_POINT('',(2.375225165113,-12.56494174336,4.));
#9076 = CARTESIAN_POINT('',(2.383527472846,-12.48376168246,4.));
#9077 = CARTESIAN_POINT('',(2.389520050475,-12.40854929556,4.));
#9078 = CARTESIAN_POINT('',(2.393475511642,-12.33936419444,4.));
#9079 = CARTESIAN_POINT('',(2.395666359929,-12.27625708217,4.));
#9080 = CARTESIAN_POINT('',(2.396371291404,-12.21926841254,4.));
#9081 = CARTESIAN_POINT('',(2.396005490158,-12.18332708149,4.));
#9082 = CARTESIAN_POINT('',(2.395637094717,-12.16638495652,4.));
#9083 = ORIENTED_EDGE('',*,*,#9084,.F.);
#9084 = EDGE_CURVE('',#3054,#9058,#9085,.T.);
#9085 = LINE('',#9086,#9087);
#9086 = CARTESIAN_POINT('',(2.395637094717,-12.16638495652,0.));
#9087 = VECTOR('',#9088,1.);
#9088 = DIRECTION('',(0.,0.,1.));
#9089 = SURFACE_OF_LINEAR_EXTRUSION('',#9090,#9113);
#9090 = B_SPLINE_CURVE_WITH_KNOTS('',3,(#9091,#9092,#9093,#9094,#9095,
    #9096,#9097,#9098,#9099,#9100,#9101,#9102,#9103,#9104,#9105,#9106,
    #9107,#9108,#9109,#9110,#9111,#9112),.UNSPECIFIED.,.F.,.F.,(4,1,1,1,
    1,1,1,1,1,1,1,1,1,1,1,1,1,1,1,4),(0.,0.161575449659,0.316998684245,
    0.466269703761,0.609388508206,0.746355097584,0.877169471895,
    1.001831631143,1.120341575329,1.232699304458,1.338904818531,
    1.438958117555,1.532859201532,1.620608070471,1.702204724377,
    1.777649163261,1.846941387134,1.910081396012,1.967069189913,
    2.017904768867),.UNSPECIFIED.);
#9091 = CARTESIAN_POINT('',(1.937804732461,-14.1176277334,0.));
#9092 = CARTESIAN_POINT('',(1.958998043087,-14.06811399686,0.));
#9093 = CARTESIAN_POINT('',(1.999513503417,-13.9705128769,0.));
#9094 = CARTESIAN_POINT('',(2.055868016885,-13.82565272467,0.));
#9095 = CARTESIAN_POINT('',(2.106858503544,-13.68534741775,0.));
#9096 = CARTESIAN_POINT('',(2.152717534555,-13.54976212861,0.));
#9097 = CARTESIAN_POINT('',(2.193683937838,-13.41905348446,0.));
#9098 = CARTESIAN_POINT('',(2.230000514638,-13.29336984483,0.));
#9099 = CARTESIAN_POINT('',(2.261914295766,-13.17285108433,0.));
#9100 = CARTESIAN_POINT('',(2.289676155291,-13.05762850906,0.));
#9101 = CARTESIAN_POINT('',(2.313540581722,-12.94782474851,0.));
#9102 = CARTESIAN_POINT('',(2.333765407031,-12.84355366286,0.));
#9103 = CARTESIAN_POINT('',(2.350611541422,-12.744920256,0.));
#9104 = CARTESIAN_POINT('',(2.364342709755,-12.65202059533,0.));
#9105 = CARTESIAN_POINT('',(2.375225165113,-12.56494174336,0.));
#9106 = CARTESIAN_POINT('',(2.383527472846,-12.48376168246,0.));
#9107 = CARTESIAN_POINT('',(2.389520050475,-12.40854929556,0.));
#9108 = CARTESIAN_POINT('',(2.393475511642,-12.33936419444,0.));
#9109 = CARTESIAN_POINT('',(2.395666359929,-12.27625708217,0.));
#9110 = CARTESIAN_POINT('',(2.396371291404,-12.21926841254,0.));
#9111 = CARTESIAN_POINT('',(2.396005490158,-12.18332708149,0.));
#9112 = CARTESIAN_POINT('',(2.395637094717,-12.16638495652,0.));
#9113 = VECTOR('',#9114,1.);
#9114 = DIRECTION('',(-0.,-0.,-1.));
#9115 = ADVANCED_FACE('',(#9116),#9133,.T.);
#9116 = FACE_BOUND('',#9117,.T.);
#9117 = EDGE_LOOP('',(#9118,#9119,#9126,#9132));
#9118 = ORIENTED_EDGE('',*,*,#9084,.T.);
#9119 = ORIENTED_EDGE('',*,*,#9120,.T.);
#9120 = EDGE_CURVE('',#9058,#9121,#9123,.T.);
#9121 = VERTEX_POINT('',#9122);
#9122 = CARTESIAN_POINT('',(3.532769708508,-11.88610693989,4.));
#9123 = B_SPLINE_CURVE_WITH_KNOTS('',1,(#9124,#9125),.UNSPECIFIED.,.F.,
  .F.,(2,2),(0.,1.171164526424),.PIECEWISE_BEZIER_KNOTS.);
#9124 = CARTESIAN_POINT('',(2.395637094717,-12.16638495652,4.));
#9125 = CARTESIAN_POINT('',(3.532769708508,-11.88610693989,4.));
#9126 = ORIENTED_EDGE('',*,*,#9127,.F.);
#9127 = EDGE_CURVE('',#3081,#9121,#9128,.T.);
#9128 = LINE('',#9129,#9130);
#9129 = CARTESIAN_POINT('',(3.532769708508,-11.88610693989,0.));
#9130 = VECTOR('',#9131,1.);
#9131 = DIRECTION('',(0.,0.,1.));
#9132 = ORIENTED_EDGE('',*,*,#3080,.F.);
#9133 = SURFACE_OF_LINEAR_EXTRUSION('',#9134,#9137);
#9134 = B_SPLINE_CURVE_WITH_KNOTS('',1,(#9135,#9136),.UNSPECIFIED.,.F.,
  .F.,(2,2),(0.,1.171164526424),.PIECEWISE_BEZIER_KNOTS.);
#9135 = CARTESIAN_POINT('',(2.395637094717,-12.16638495652,0.));
#9136 = CARTESIAN_POINT('',(3.532769708508,-11.88610693989,0.));
#9137 = VECTOR('',#9138,1.);
#9138 = DIRECTION('',(-0.,-0.,-1.));
#9139 = ADVANCED_FACE('',(#9140),#9231,.T.);
#9140 = FACE_BOUND('',#9141,.T.);
#9141 = EDGE_LOOP('',(#9142,#9143,#9144,#9171,#9182,#9225));
#9142 = ORIENTED_EDGE('',*,*,#3087,.F.);
#9143 = ORIENTED_EDGE('',*,*,#9127,.T.);
#9144 = ORIENTED_EDGE('',*,*,#9145,.T.);
#9145 = EDGE_CURVE('',#9121,#9146,#9148,.T.);
#9146 = VERTEX_POINT('',#9147);
#9147 = CARTESIAN_POINT('',(4.795457165493,-13.36044967708,4.));
#9148 = B_SPLINE_CURVE_WITH_KNOTS('',3,(#9149,#9150,#9151,#9152,#9153,
    #9154,#9155,#9156,#9157,#9158,#9159,#9160,#9161,#9162,#9163,#9164,
    #9165,#9166,#9167,#9168,#9169,#9170),.UNSPECIFIED.,.F.,.F.,(4,1,1,1,
    1,1,1,1,1,1,1,1,1,1,1,1,1,1,1,4),(0.,5.083557895354E-02,
    0.107823372855,0.170963381733,0.240255605606,0.31570004449,
    0.397296698396,0.485045567335,0.578946651312,0.678999950336,
    0.785205464409,0.897563193537,1.016073137724,1.140735296972,
    1.271549671283,1.408516260661,1.551635065106,1.700906084621,
    1.856329319208,2.017904768867),.UNSPECIFIED.);
#9149 = CARTESIAN_POINT('',(3.532769708508,-11.88610693989,4.));
#9150 = CARTESIAN_POINT('',(3.540316908602,-11.90127964843,4.));
#9151 = CARTESIAN_POINT('',(3.556695777056,-11.93327411289,4.));
#9152 = CARTESIAN_POINT('',(3.583803918201,-11.98340747582,4.));
#9153 = CARTESIAN_POINT('',(3.615071155408,-12.03826791067,4.));
#9154 = CARTESIAN_POINT('',(3.650725461983,-12.09769008089,4.));
#9155 = CARTESIAN_POINT('',(3.690984564973,-12.16150245239,4.));
#9156 = CARTESIAN_POINT('',(3.736062148789,-12.22952555169,4.));
#9157 = CARTESIAN_POINT('',(3.786165644766,-12.3015727167,4.));
#9158 = CARTESIAN_POINT('',(3.841496615492,-12.37745008891,4.));
#9159 = CARTESIAN_POINT('',(3.902250356406,-12.45695684434,4.));
#9160 = CARTESIAN_POINT('',(3.968615739518,-12.53988536046,4.));
#9161 = CARTESIAN_POINT('',(4.040774991603,-12.62602140992,4.));
#9162 = CARTESIAN_POINT('',(4.118903498075,-12.71514435407,4.));
#9163 = CARTESIAN_POINT('',(4.203169608544,-12.80702734316,4.));
#9164 = CARTESIAN_POINT('',(4.293734439989,-12.90143752443,4.));
#9165 = CARTESIAN_POINT('',(4.390751724346,-12.99813624412,4.));
#9166 = CARTESIAN_POINT('',(4.494367505337,-13.09687930102,4.));
#9167 = CARTESIAN_POINT('',(4.604720466288,-13.19741701976,4.));
#9168 = CARTESIAN_POINT('',(4.721939779257,-13.29949506617,4.));
#9169 = CARTESIAN_POINT('',(4.803171939804,-13.36708809271,4.));
#9170 = CARTESIAN_POINT('',(4.844947865102,-13.40108130653,4.));
#9171 = ORIENTED_EDGE('',*,*,#9172,.T.);
#9172 = EDGE_CURVE('',#9146,#9173,#9175,.T.);
#9173 = VERTEX_POINT('',#9174);
#9174 = CARTESIAN_POINT('',(4.795457165493,-13.36044967708,3.51));
#9175 = B_SPLINE_CURVE_WITH_KNOTS('',5,(#9176,#9177,#9178,#9179,#9180,
    #9181),.UNSPECIFIED.,.F.,.F.,(6,6),(0.,1.),
  .PIECEWISE_BEZIER_KNOTS.);
#9176 = CARTESIAN_POINT('',(4.795457165493,-13.36044967708,4.0000006));
#9177 = CARTESIAN_POINT('',(4.795457165493,-13.36044967708,
    3.893700524585));
#9178 = CARTESIAN_POINT('',(4.795457165493,-13.36044967708,
    3.807051538322));
#9179 = CARTESIAN_POINT('',(4.795457165493,-13.36044967708,
    3.699906479312));
#9180 = CARTESIAN_POINT('',(4.795457165493,-13.36044967708,3.58119590178
    ));
#9181 = CARTESIAN_POINT('',(4.795457165493,-13.36044967708,3.5099994));
#9182 = ORIENTED_EDGE('',*,*,#9183,.F.);
#9183 = EDGE_CURVE('',#9184,#9173,#9186,.T.);
#9184 = VERTEX_POINT('',#9185);
#9185 = CARTESIAN_POINT('',(4.844947865102,-13.40108130653,3.51));
#9186 = B_SPLINE_CURVE_WITH_KNOTS('',7,(#9187,#9188,#9189,#9190,#9191,
    #9192,#9193,#9194,#9195,#9196,#9197,#9198,#9199,#9200,#9201,#9202,
    #9203,#9204,#9205,#9206,#9207,#9208,#9209,#9210,#9211,#9212,#9213,
    #9214,#9215,#9216,#9217,#9218,#9219,#9220,#9221,#9222,#9223,#9224),
  .UNSPECIFIED.,.F.,.F.,(8,6,6,6,6,6,8),(0.,0.29599853849,0.591998255967
    ,0.820999393951,0.894999573716,0.968999916493,1.),.UNSPECIFIED.);
#9187 = CARTESIAN_POINT('',(4.844947865102,-13.40108130653,3.51));
#9188 = CARTESIAN_POINT('',(4.778761220741,-13.34722500681,3.51));
#9189 = CARTESIAN_POINT('',(4.713301043524,-13.29247353712,3.51));
#9190 = CARTESIAN_POINT('',(4.648608148376,-13.23681045822,3.51));
#9191 = CARTESIAN_POINT('',(4.584721821676,-13.18022040224,3.51));
#9192 = CARTESIAN_POINT('',(4.521674275986,-13.1226957791,3.51));
#9193 = CARTESIAN_POINT('',(4.459521069208,-13.06421467109,3.51));
#9194 = CARTESIAN_POINT('',(4.337102981921,-12.9453072094,3.51));
#9195 = CARTESIAN_POINT('',(4.276839199285,-12.88488130497,3.51));
#9196 = CARTESIAN_POINT('',(4.217573574209,-12.82346416627,3.51));
#9197 = CARTESIAN_POINT('',(4.159367328517,-12.76103529333,3.51));
#9198 = CARTESIAN_POINT('',(4.102290324675,-12.69757247825,3.51));
#9199 = CARTESIAN_POINT('',(4.046425267125,-12.6330495114,3.51));
#9200 = CARTESIAN_POINT('',(3.949673626158,-12.51666676622,3.51));
#9201 = CARTESIAN_POINT('',(3.908259677671,-12.46524785334,3.51));
#9202 = CARTESIAN_POINT('',(3.867680943182,-12.4131586067,3.51));
#9203 = CARTESIAN_POINT('',(3.827994470218,-12.36038072282,3.51));
#9204 = CARTESIAN_POINT('',(3.789266993829,-12.30689437578,3.51));
#9205 = CARTESIAN_POINT('',(3.751582198652,-12.2526746912,3.51));
#9206 = CARTESIAN_POINT('',(3.703252441479,-12.17991485359,3.51));
#9207 = CARTESIAN_POINT('',(3.691570543993,-12.16206463309,3.51));
#9208 = CARTESIAN_POINT('',(3.680012814901,-12.14413315668,3.51));
#9209 = CARTESIAN_POINT('',(3.668584881279,-12.12611856687,3.51));
#9210 = CARTESIAN_POINT('',(3.657291618748,-12.10801938993,3.51));
#9211 = CARTESIAN_POINT('',(3.646137241052,-12.08983450637,3.51));
#9212 = CARTESIAN_POINT('',(3.624120887184,-12.05328861633,3.51));
#9213 = CARTESIAN_POINT('',(3.613259494264,-12.03492750007,3.51));
#9214 = CARTESIAN_POINT('',(3.602547837505,-12.01647744195,3.51));
#9215 = CARTESIAN_POINT('',(3.592000399369,-11.99793361898,3.51));
#9216 = CARTESIAN_POINT('',(3.581616256384,-11.97929689044,3.51));
#9217 = CARTESIAN_POINT('',(3.571410719442,-11.96056260343,3.51));
#9218 = CARTESIAN_POINT('',(3.557202146696,-11.9338355174,3.51));
#9219 = CARTESIAN_POINT('',(3.553040906454,-11.92592680721,3.51));
#9220 = CARTESIAN_POINT('',(3.548914203528,-11.91799997707,3.51));
#9221 = CARTESIAN_POINT('',(3.544822895449,-11.9100547895,3.51));
#9222 = CARTESIAN_POINT('',(3.54076782594,-11.90209102254,3.51));
#9223 = CARTESIAN_POINT('',(3.536749824922,-11.89410846967,3.51));
#9224 = CARTESIAN_POINT('',(3.532769708508,-11.88610693989,3.51));
#9225 = ORIENTED_EDGE('',*,*,#9226,.F.);
#9226 = EDGE_CURVE('',#3088,#9184,#9227,.T.);
#9227 = LINE('',#9228,#9229);
#9228 = CARTESIAN_POINT('',(4.844947865102,-13.40108130653,0.));
#9229 = VECTOR('',#9230,1.);
#9230 = DIRECTION('',(0.,0.,1.));
#9231 = SURFACE_OF_LINEAR_EXTRUSION('',#9232,#9255);
#9232 = B_SPLINE_CURVE_WITH_KNOTS('',3,(#9233,#9234,#9235,#9236,#9237,
    #9238,#9239,#9240,#9241,#9242,#9243,#9244,#9245,#9246,#9247,#9248,
    #9249,#9250,#9251,#9252,#9253,#9254),.UNSPECIFIED.,.F.,.F.,(4,1,1,1,
    1,1,1,1,1,1,1,1,1,1,1,1,1,1,1,4),(0.,5.083557895354E-02,
    0.107823372855,0.170963381733,0.240255605606,0.31570004449,
    0.397296698396,0.485045567335,0.578946651312,0.678999950336,
    0.785205464409,0.897563193537,1.016073137724,1.140735296972,
    1.271549671283,1.408516260661,1.551635065106,1.700906084621,
    1.856329319208,2.017904768867),.UNSPECIFIED.);
#9233 = CARTESIAN_POINT('',(3.532769708508,-11.88610693989,0.));
#9234 = CARTESIAN_POINT('',(3.540316908602,-11.90127964843,0.));
#9235 = CARTESIAN_POINT('',(3.556695777056,-11.93327411289,0.));
#9236 = CARTESIAN_POINT('',(3.583803918201,-11.98340747582,0.));
#9237 = CARTESIAN_POINT('',(3.615071155408,-12.03826791067,0.));
#9238 = CARTESIAN_POINT('',(3.650725461983,-12.09769008089,0.));
#9239 = CARTESIAN_POINT('',(3.690984564973,-12.16150245239,0.));
#9240 = CARTESIAN_POINT('',(3.736062148789,-12.22952555169,0.));
#9241 = CARTESIAN_POINT('',(3.786165644766,-12.3015727167,0.));
#9242 = CARTESIAN_POINT('',(3.841496615492,-12.37745008891,0.));
#9243 = CARTESIAN_POINT('',(3.902250356406,-12.45695684434,0.));
#9244 = CARTESIAN_POINT('',(3.968615739518,-12.53988536046,0.));
#9245 = CARTESIAN_POINT('',(4.040774991603,-12.62602140992,0.));
#9246 = CARTESIAN_POINT('',(4.118903498075,-12.71514435407,0.));
#9247 = CARTESIAN_POINT('',(4.203169608544,-12.80702734316,0.));
#9248 = CARTESIAN_POINT('',(4.293734439989,-12.90143752443,0.));
#9249 = CARTESIAN_POINT('',(4.390751724346,-12.99813624412,0.));
#9250 = CARTESIAN_POINT('',(4.494367505337,-13.09687930102,0.));
#9251 = CARTESIAN_POINT('',(4.604720466288,-13.19741701976,0.));
#9252 = CARTESIAN_POINT('',(4.721939779257,-13.29949506617,0.));
#9253 = CARTESIAN_POINT('',(4.803171939804,-13.36708809271,0.));
#9254 = CARTESIAN_POINT('',(4.844947865102,-13.40108130653,0.));
#9255 = VECTOR('',#9256,1.);
#9256 = DIRECTION('',(-0.,-0.,-1.));
#9257 = ADVANCED_FACE('',(#9258),#9278,.T.);
#9258 = FACE_BOUND('',#9259,.T.);
#9259 = EDGE_LOOP('',(#9260,#9261,#9262,#9272));
#9260 = ORIENTED_EDGE('',*,*,#3114,.F.);
#9261 = ORIENTED_EDGE('',*,*,#9226,.T.);
#9262 = ORIENTED_EDGE('',*,*,#9263,.F.);
#9263 = EDGE_CURVE('',#9264,#9184,#9266,.T.);
#9264 = VERTEX_POINT('',#9265);
#9265 = CARTESIAN_POINT('',(5.260065107935,-13.2436481024,3.51));
#9266 = B_SPLINE_CURVE_WITH_KNOTS('',4,(#9267,#9268,#9269,#9270,#9271),
  .UNSPECIFIED.,.F.,.F.,(5,5),(0.,1.),.PIECEWISE_BEZIER_KNOTS.);
#9267 = CARTESIAN_POINT('',(5.260065107935,-13.2436481024,3.51));
#9268 = CARTESIAN_POINT('',(5.156285797227,-13.28300640343,3.51));
#9269 = CARTESIAN_POINT('',(5.052506486519,-13.32236470447,3.51));
#9270 = CARTESIAN_POINT('',(4.94872717581,-13.3617230055,3.51));
#9271 = CARTESIAN_POINT('',(4.844947865102,-13.40108130653,3.51));
#9272 = ORIENTED_EDGE('',*,*,#9273,.F.);
#9273 = EDGE_CURVE('',#3115,#9264,#9274,.T.);
#9274 = LINE('',#9275,#9276);
#9275 = CARTESIAN_POINT('',(5.260065107935,-13.2436481024,0.));
#9276 = VECTOR('',#9277,1.);
#9277 = DIRECTION('',(0.,0.,1.));
#9278 = SURFACE_OF_LINEAR_EXTRUSION('',#9279,#9282);
#9279 = B_SPLINE_CURVE_WITH_KNOTS('',1,(#9280,#9281),.UNSPECIFIED.,.F.,
  .F.,(2,2),(0.,0.443967948237),.PIECEWISE_BEZIER_KNOTS.);
#9280 = CARTESIAN_POINT('',(4.844947865102,-13.40108130653,0.));
#9281 = CARTESIAN_POINT('',(5.260065107935,-13.2436481024,0.));
#9282 = VECTOR('',#9283,1.);
#9283 = DIRECTION('',(-0.,-0.,-1.));
#9284 = ADVANCED_FACE('',(#9285),#9364,.T.);
#9285 = FACE_BOUND('',#9286,.T.);
#9286 = EDGE_LOOP('',(#9287,#9288,#9289,#9320,#9331,#9358));
#9287 = ORIENTED_EDGE('',*,*,#3121,.F.);
#9288 = ORIENTED_EDGE('',*,*,#9273,.T.);
#9289 = ORIENTED_EDGE('',*,*,#9290,.F.);
#9290 = EDGE_CURVE('',#9291,#9264,#9293,.T.);
#9291 = VERTEX_POINT('',#9292);
#9292 = CARTESIAN_POINT('',(5.270165674396,-13.18041648675,3.51));
#9293 = B_SPLINE_CURVE_WITH_KNOTS('',7,(#9294,#9295,#9296,#9297,#9298,
    #9299,#9300,#9301,#9302,#9303,#9304,#9305,#9306,#9307,#9308,#9309,
    #9310,#9311,#9312,#9313,#9314,#9315,#9316,#9317,#9318,#9319),
  .UNSPECIFIED.,.F.,.F.,(8,6,6,6,8),(0.,6.500064050251E-02,0.27800384497
    ,0.798008401284,1.),.UNSPECIFIED.);
#9294 = CARTESIAN_POINT('',(5.237630732487,-11.23953843848,3.51));
#9295 = CARTESIAN_POINT('',(5.242509590862,-11.25763056491,3.51));
#9296 = CARTESIAN_POINT('',(5.247208277269,-11.27577072273,3.51));
#9297 = CARTESIAN_POINT('',(5.25173454062,-11.29395492854,3.51));
#9298 = CARTESIAN_POINT('',(5.256093516532,-11.3121803065,3.51));
#9299 = CARTESIAN_POINT('',(5.26029420646,-11.33044279554,3.51));
#9300 = CARTESIAN_POINT('',(5.264347645783,-11.34873776296,3.51));
#9301 = CARTESIAN_POINT('',(5.281066696638,-11.4271159453,3.51));
#9302 = CARTESIAN_POINT('',(5.292329878596,-11.48749642529,3.51));
#9303 = CARTESIAN_POINT('',(5.302242993843,-11.54811860023,3.51));
#9304 = CARTESIAN_POINT('',(5.310917935437,-11.60892792294,3.51));
#9305 = CARTESIAN_POINT('',(5.318437211215,-11.66988444978,3.51));
#9306 = CARTESIAN_POINT('',(5.324875451791,-11.73095600795,3.51));
#9307 = CARTESIAN_POINT('',(5.343498269266,-11.94144560479,3.51));
#9308 = CARTESIAN_POINT('',(5.350595034514,-12.09129670038,3.51));
#9309 = CARTESIAN_POINT('',(5.35240438023,-12.24133572134,3.51));
#9310 = CARTESIAN_POINT('',(5.349364334372,-12.39134475765,3.51));
#9311 = CARTESIAN_POINT('',(5.341860312032,-12.54115299984,3.51));
#9312 = CARTESIAN_POINT('',(5.330176381927,-12.69064352684,3.51));
#9313 = CARTESIAN_POINT('',(5.308485734351,-12.89765460048,3.51));
#9314 = CARTESIAN_POINT('',(5.301822938313,-12.95550756487,3.51));
#9315 = CARTESIAN_POINT('',(5.294581904971,-13.01329214162,3.51));
#9316 = CARTESIAN_POINT('',(5.286773274372,-13.07100334662,3.51));
#9317 = CARTESIAN_POINT('',(5.278408631772,-13.12863632218,3.51));
#9318 = CARTESIAN_POINT('',(5.269501827598,-13.18618607987,3.51));
#9319 = CARTESIAN_POINT('',(5.260065107935,-13.2436481024,3.51));
#9320 = ORIENTED_EDGE('',*,*,#9321,.F.);
#9321 = EDGE_CURVE('',#9322,#9291,#9324,.T.);
#9322 = VERTEX_POINT('',#9323);
#9323 = CARTESIAN_POINT('',(5.270165674396,-13.18041648675,4.));
#9324 = B_SPLINE_CURVE_WITH_KNOTS('',5,(#9325,#9326,#9327,#9328,#9329,
    #9330),.UNSPECIFIED.,.F.,.F.,(6,6),(0.,1.),
  .PIECEWISE_BEZIER_KNOTS.);
#9325 = CARTESIAN_POINT('',(5.270165674396,-13.18041648675,4.0000006));
#9326 = CARTESIAN_POINT('',(5.270165674396,-13.18041648675,
    3.893700524585));
#9327 = CARTESIAN_POINT('',(5.270165674396,-13.18041648675,
    3.807051538322));
#9328 = CARTESIAN_POINT('',(5.270165674396,-13.18041648675,
    3.699906479312));
#9329 = CARTESIAN_POINT('',(5.270165674396,-13.18041648675,3.58119590178
    ));
#9330 = CARTESIAN_POINT('',(5.270165674396,-13.18041648675,3.5099994));
#9331 = ORIENTED_EDGE('',*,*,#9332,.T.);
#9332 = EDGE_CURVE('',#9322,#9333,#9335,.T.);
#9333 = VERTEX_POINT('',#9334);
#9334 = CARTESIAN_POINT('',(5.237630732487,-11.23953843848,4.));
#9335 = B_SPLINE_CURVE_WITH_KNOTS('',3,(#9336,#9337,#9338,#9339,#9340,
    #9341,#9342,#9343,#9344,#9345,#9346,#9347,#9348,#9349,#9350,#9351,
    #9352,#9353,#9354,#9355,#9356,#9357),.UNSPECIFIED.,.F.,.F.,(4,1,1,1,
    1,1,1,1,1,1,1,1,1,1,1,1,1,1,1,4),(0.,0.161575449659,0.316998684245,
    0.466269703761,0.609388508206,0.746355097584,0.877169471895,
    1.001831631143,1.120341575329,1.232699304458,1.338904818531,
    1.438958117555,1.532859201532,1.620608070471,1.702204724377,
    1.777649163261,1.846941387134,1.910081396012,1.967069189913,
    2.017904768867),.UNSPECIFIED.);
#9336 = CARTESIAN_POINT('',(5.260065107935,-13.2436481024,4.));
#9337 = CARTESIAN_POINT('',(5.268793166723,-13.19050125385,4.));
#9338 = CARTESIAN_POINT('',(5.28477384455,-13.08604026075,4.));
#9339 = CARTESIAN_POINT('',(5.304823494717,-12.93190296344,4.));
#9340 = CARTESIAN_POINT('',(5.320755032776,-12.78347185156,4.));
#9341 = CARTESIAN_POINT('',(5.332833800154,-12.64085164004,4.));
#9342 = CARTESIAN_POINT('',(5.341329168208,-12.50413724952,4.));
#9343 = CARTESIAN_POINT('',(5.346512387579,-12.37341462233,4.));
#9344 = CARTESIAN_POINT('',(5.348656785002,-12.24876045025,4.));
#9345 = CARTESIAN_POINT('',(5.348037368201,-12.13024218575,4.));
#9346 = CARTESIAN_POINT('',(5.344930577876,-12.01791799186,4.));
#9347 = CARTESIAN_POINT('',(5.339614002391,-11.91183671696,4.));
#9348 = CARTESIAN_POINT('',(5.332366099448,-11.81203787379,4.));
#9349 = CARTESIAN_POINT('',(5.323465920979,-11.71855162475,4.));
#9350 = CARTESIAN_POINT('',(5.313192818658,-11.63139878393,4.));
#9351 = CARTESIAN_POINT('',(5.301826216217,-11.55059079577,4.));
#9352 = CARTESIAN_POINT('',(5.289645158097,-11.47612982644,4.));
#9353 = CARTESIAN_POINT('',(5.276928602318,-11.40800851481,4.));
#9354 = CARTESIAN_POINT('',(5.263953268042,-11.34621087622,4.));
#9355 = CARTESIAN_POINT('',(5.25099943416,-11.29070949261,4.));
#9356 = CARTESIAN_POINT('',(5.242042938918,-11.25590009329,4.));
#9357 = CARTESIAN_POINT('',(5.237630732487,-11.23953843848,4.));
#9358 = ORIENTED_EDGE('',*,*,#9359,.F.);
#9359 = EDGE_CURVE('',#3122,#9333,#9360,.T.);
#9360 = LINE('',#9361,#9362);
#9361 = CARTESIAN_POINT('',(5.237630732487,-11.23953843848,0.));
#9362 = VECTOR('',#9363,1.);
#9363 = DIRECTION('',(0.,0.,1.));
#9364 = SURFACE_OF_LINEAR_EXTRUSION('',#9365,#9388);
#9365 = B_SPLINE_CURVE_WITH_KNOTS('',3,(#9366,#9367,#9368,#9369,#9370,
    #9371,#9372,#9373,#9374,#9375,#9376,#9377,#9378,#9379,#9380,#9381,
    #9382,#9383,#9384,#9385,#9386,#9387),.UNSPECIFIED.,.F.,.F.,(4,1,1,1,
    1,1,1,1,1,1,1,1,1,1,1,1,1,1,1,4),(0.,0.161575449659,0.316998684245,
    0.466269703761,0.609388508206,0.746355097584,0.877169471895,
    1.001831631143,1.120341575329,1.232699304458,1.338904818531,
    1.438958117555,1.532859201532,1.620608070471,1.702204724377,
    1.777649163261,1.846941387134,1.910081396012,1.967069189913,
    2.017904768867),.UNSPECIFIED.);
#9366 = CARTESIAN_POINT('',(5.260065107935,-13.2436481024,0.));
#9367 = CARTESIAN_POINT('',(5.268793166723,-13.19050125385,0.));
#9368 = CARTESIAN_POINT('',(5.28477384455,-13.08604026075,0.));
#9369 = CARTESIAN_POINT('',(5.304823494717,-12.93190296344,0.));
#9370 = CARTESIAN_POINT('',(5.320755032776,-12.78347185156,0.));
#9371 = CARTESIAN_POINT('',(5.332833800154,-12.64085164004,0.));
#9372 = CARTESIAN_POINT('',(5.341329168208,-12.50413724952,0.));
#9373 = CARTESIAN_POINT('',(5.346512387579,-12.37341462233,0.));
#9374 = CARTESIAN_POINT('',(5.348656785002,-12.24876045025,0.));
#9375 = CARTESIAN_POINT('',(5.348037368201,-12.13024218575,0.));
#9376 = CARTESIAN_POINT('',(5.344930577876,-12.01791799186,0.));
#9377 = CARTESIAN_POINT('',(5.339614002391,-11.91183671696,0.));
#9378 = CARTESIAN_POINT('',(5.332366099448,-11.81203787379,0.));
#9379 = CARTESIAN_POINT('',(5.323465920979,-11.71855162475,0.));
#9380 = CARTESIAN_POINT('',(5.313192818658,-11.63139878393,0.));
#9381 = CARTESIAN_POINT('',(5.301826216217,-11.55059079577,0.));
#9382 = CARTESIAN_POINT('',(5.289645158097,-11.47612982644,0.));
#9383 = CARTESIAN_POINT('',(5.276928602318,-11.40800851481,0.));
#9384 = CARTESIAN_POINT('',(5.263953268042,-11.34621087622,0.));
#9385 = CARTESIAN_POINT('',(5.25099943416,-11.29070949261,0.));
#9386 = CARTESIAN_POINT('',(5.242042938918,-11.25590009329,0.));
#9387 = CARTESIAN_POINT('',(5.237630732487,-11.23953843848,0.));
#9388 = VECTOR('',#9389,1.);
#9389 = DIRECTION('',(-0.,-0.,-1.));
#9390 = ADVANCED_FACE('',(#9391),#9408,.T.);
#9391 = FACE_BOUND('',#9392,.T.);
#9392 = EDGE_LOOP('',(#9393,#9394,#9401,#9407));
#9393 = ORIENTED_EDGE('',*,*,#9359,.T.);
#9394 = ORIENTED_EDGE('',*,*,#9395,.T.);
#9395 = EDGE_CURVE('',#9333,#9396,#9398,.T.);
#9396 = VERTEX_POINT('',#9397);
#9397 = CARTESIAN_POINT('',(6.274645419441,-10.69527114477,4.));
#9398 = B_SPLINE_CURVE_WITH_KNOTS('',1,(#9399,#9400),.UNSPECIFIED.,.F.,
  .F.,(2,2),(0.,1.171164526424),.PIECEWISE_BEZIER_KNOTS.);
#9399 = CARTESIAN_POINT('',(5.237630732487,-11.23953843848,4.));
#9400 = CARTESIAN_POINT('',(6.274645419441,-10.69527114477,4.));
#9401 = ORIENTED_EDGE('',*,*,#9402,.F.);
#9402 = EDGE_CURVE('',#3149,#9396,#9403,.T.);
#9403 = LINE('',#9404,#9405);
#9404 = CARTESIAN_POINT('',(6.274645419441,-10.69527114477,0.));
#9405 = VECTOR('',#9406,1.);
#9406 = DIRECTION('',(0.,0.,1.));
#9407 = ORIENTED_EDGE('',*,*,#3148,.F.);
#9408 = SURFACE_OF_LINEAR_EXTRUSION('',#9409,#9412);
#9409 = B_SPLINE_CURVE_WITH_KNOTS('',1,(#9410,#9411),.UNSPECIFIED.,.F.,
  .F.,(2,2),(0.,1.171164526424),.PIECEWISE_BEZIER_KNOTS.);
#9410 = CARTESIAN_POINT('',(5.237630732487,-11.23953843848,0.));
#9411 = CARTESIAN_POINT('',(6.274645419441,-10.69527114477,0.));
#9412 = VECTOR('',#9413,1.);
#9413 = DIRECTION('',(-0.,-0.,-1.));
#9414 = ADVANCED_FACE('',(#9415),#9506,.T.);
#9415 = FACE_BOUND('',#9416,.T.);
#9416 = EDGE_LOOP('',(#9417,#9418,#9419,#9446,#9457,#9500));
#9417 = ORIENTED_EDGE('',*,*,#3155,.F.);
#9418 = ORIENTED_EDGE('',*,*,#9402,.T.);
#9419 = ORIENTED_EDGE('',*,*,#9420,.T.);
#9420 = EDGE_CURVE('',#9396,#9421,#9423,.T.);
#9421 = VERTEX_POINT('',#9422);
#9422 = CARTESIAN_POINT('',(7.853474785304,-11.82459127397,4.));
#9423 = B_SPLINE_CURVE_WITH_KNOTS('',3,(#9424,#9425,#9426,#9427,#9428,
    #9429,#9430,#9431,#9432,#9433,#9434,#9435,#9436,#9437,#9438,#9439,
    #9440,#9441,#9442,#9443,#9444,#9445),.UNSPECIFIED.,.F.,.F.,(4,1,1,1,
    1,1,1,1,1,1,1,1,1,1,1,1,1,1,1,4),(0.,5.083557895354E-02,
    0.107823372855,0.170963381733,0.240255605606,0.31570004449,
    0.397296698396,0.485045567335,0.578946651312,0.678999950336,
    0.785205464409,0.897563193537,1.016073137724,1.140735296972,
    1.271549671283,1.408516260661,1.551635065106,1.700906084621,
    1.856329319208,2.017904768867),.UNSPECIFIED.);
#9424 = CARTESIAN_POINT('',(6.274645419441,-10.69527114477,4.));
#9425 = CARTESIAN_POINT('',(6.28560437844,-10.70819679877,4.));
#9426 = CARTESIAN_POINT('',(6.309164083261,-10.73534184246,4.));
#9427 = CARTESIAN_POINT('',(6.347482210143,-10.77753101817,4.));
#9428 = CARTESIAN_POINT('',(6.390969839672,-10.82331456885,4.));
#9429 = CARTESIAN_POINT('',(6.439808753035,-10.87247740473,4.));
#9430 = CARTESIAN_POINT('',(6.494169299736,-10.92480087071,4.));
#9431 = CARTESIAN_POINT('',(6.554216004087,-10.98005957046,4.));
#9432 = CARTESIAN_POINT('',(6.620105598684,-11.03802262437,4.));
#9433 = CARTESIAN_POINT('',(6.691987395698,-11.09845357004,4.));
#9434 = CARTESIAN_POINT('',(6.770002955307,-11.16111068179,4.));
#9435 = CARTESIAN_POINT('',(6.854285973923,-11.22574717019,4.));
#9436 = CARTESIAN_POINT('',(6.944962115183,-11.29211142326,4.));
#9437 = CARTESIAN_POINT('',(7.042148865832,-11.3599472412,4.));
#9438 = CARTESIAN_POINT('',(7.145955394848,-11.42899407741,4.));
#9439 = CARTESIAN_POINT('',(7.256482412133,-11.4989872876,4.));
#9440 = CARTESIAN_POINT('',(7.373822068865,-11.56965836238,4.));
#9441 = CARTESIAN_POINT('',(7.49805772383,-11.64073524605,4.));
#9442 = CARTESIAN_POINT('',(7.629264279241,-11.71194232924,4.));
#9443 = CARTESIAN_POINT('',(7.767506287499,-11.7830017554,4.));
#9444 = CARTESIAN_POINT('',(7.862554059141,-11.82919052297,4.));
#9445 = CARTESIAN_POINT('',(7.911251160522,-11.85219832246,4.));
#9446 = ORIENTED_EDGE('',*,*,#9447,.T.);
#9447 = EDGE_CURVE('',#9421,#9448,#9450,.T.);
#9448 = VERTEX_POINT('',#9449);
#9449 = CARTESIAN_POINT('',(7.853474785304,-11.82459127397,3.51));
#9450 = B_SPLINE_CURVE_WITH_KNOTS('',5,(#9451,#9452,#9453,#9454,#9455,
    #9456),.UNSPECIFIED.,.F.,.F.,(6,6),(0.,1.),
  .PIECEWISE_BEZIER_KNOTS.);
#9451 = CARTESIAN_POINT('',(7.853474785304,-11.82459127397,4.0000006));
#9452 = CARTESIAN_POINT('',(7.853474785304,-11.82459127397,
    3.893700524585));
#9453 = CARTESIAN_POINT('',(7.853474785304,-11.82459127397,
    3.807051538322));
#9454 = CARTESIAN_POINT('',(7.853474785304,-11.82459127397,
    3.699906479312));
#9455 = CARTESIAN_POINT('',(7.853474785304,-11.82459127397,3.58119590178
    ));
#9456 = CARTESIAN_POINT('',(7.853474785304,-11.82459127397,3.5099994));
#9457 = ORIENTED_EDGE('',*,*,#9458,.F.);
#9458 = EDGE_CURVE('',#9459,#9448,#9461,.T.);
#9459 = VERTEX_POINT('',#9460);
#9460 = CARTESIAN_POINT('',(7.911251160522,-11.85219832246,3.51));
#9461 = B_SPLINE_CURVE_WITH_KNOTS('',7,(#9462,#9463,#9464,#9465,#9466,
    #9467,#9468,#9469,#9470,#9471,#9472,#9473,#9474,#9475,#9476,#9477,
    #9478,#9479,#9480,#9481,#9482,#9483,#9484,#9485,#9486,#9487,#9488,
    #9489,#9490,#9491,#9492,#9493,#9494,#9495,#9496,#9497,#9498,#9499),
  .UNSPECIFIED.,.F.,.F.,(8,6,6,6,6,6,8),(0.,0.29599853849,0.591998255967
    ,0.820999393951,0.894999573716,0.968999916493,1.),.UNSPECIFIED.);
#9462 = CARTESIAN_POINT('',(7.911251160522,-11.85219832246,3.51));
#9463 = CARTESIAN_POINT('',(7.834099123613,-11.81574648969,3.51));
#9464 = CARTESIAN_POINT('',(7.757438215836,-11.778251644,3.51));
#9465 = CARTESIAN_POINT('',(7.681304131945,-11.73968805619,3.51));
#9466 = CARTESIAN_POINT('',(7.605731338949,-11.7000314031,3.51));
#9467 = CARTESIAN_POINT('',(7.530749296955,-11.65926660624,3.51));
#9468 = CARTESIAN_POINT('',(7.456406704195,-11.61735908891,3.51));
#9469 = CARTESIAN_POINT('',(7.309089445856,-11.53120342783,3.51));
#9470 = CARTESIAN_POINT('',(7.23611595376,-11.48695545754,3.51));
#9471 = CARTESIAN_POINT('',(7.163874396692,-11.44150618171,3.51));
#9472 = CARTESIAN_POINT('',(7.092419311514,-11.3948210447,3.51));
#9473 = CARTESIAN_POINT('',(7.021813215922,-11.34686176478,3.51));
#9474 = CARTESIAN_POINT('',(6.952130138741,-11.29758310144,3.51));
#9475 = CARTESIAN_POINT('',(6.830337710646,-11.20773641054,3.51));
#9476 = CARTESIAN_POINT('',(6.777821824944,-11.16772264442,3.51));
#9477 = CARTESIAN_POINT('',(6.725956462068,-11.12685814342,3.51));
#9478 = CARTESIAN_POINT('',(6.674792631541,-11.08511148357,3.51));
#9479 = CARTESIAN_POINT('',(6.624390384558,-11.0424474443,3.51));
#9480 = CARTESIAN_POINT('',(6.574825021206,-10.998821847,3.51));
#9481 = CARTESIAN_POINT('',(6.51048707007,-10.93974234598,3.51));
#9482 = CARTESIAN_POINT('',(6.49487278992,-10.92520648151,3.51));
#9483 = CARTESIAN_POINT('',(6.479359624239,-10.91056200682,3.51));
#9484 = CARTESIAN_POINT('',(6.463952592072,-10.89580577178,3.51));
#9485 = CARTESIAN_POINT('',(6.448656074673,-10.88093517865,3.51));
#9486 = CARTESIAN_POINT('',(6.43347389543,-10.86594813207,3.51));
#9487 = CARTESIAN_POINT('',(6.403351292841,-10.83573305752,3.51));
#9488 = CARTESIAN_POINT('',(6.388411409526,-10.82050478339,3.51));
#9489 = CARTESIAN_POINT('',(6.37359562613,-10.80515431769,3.51));
#9490 = CARTESIAN_POINT('',(6.358916850065,-10.78967351168,3.51));
#9491 = CARTESIAN_POINT('',(6.344374390332,-10.77406342067,3.51));
#9492 = CARTESIAN_POINT('',(6.329981999403,-10.75831586284,3.51));
#9493 = CARTESIAN_POINT('',(6.309790091612,-10.73576575139,3.51));
#9494 = CARTESIAN_POINT('',(6.303857091215,-10.72908270391,3.51));
#9495 = CARTESIAN_POINT('',(6.297953288155,-10.7223737977,3.51));
#9496 = CARTESIAN_POINT('',(6.292079458213,-10.71563859696,3.51));
#9497 = CARTESIAN_POINT('',(6.286236367473,-10.70887668424,3.51));
#9498 = CARTESIAN_POINT('',(6.28042477232,-10.70208766044,3.51));
#9499 = CARTESIAN_POINT('',(6.274645419441,-10.69527114477,3.51));
#9500 = ORIENTED_EDGE('',*,*,#9501,.F.);
#9501 = EDGE_CURVE('',#3156,#9459,#9502,.T.);
#9502 = LINE('',#9503,#9504);
#9503 = CARTESIAN_POINT('',(7.911251160522,-11.85219832246,0.));
#9504 = VECTOR('',#9505,1.);
#9505 = DIRECTION('',(0.,0.,1.));
#9506 = SURFACE_OF_LINEAR_EXTRUSION('',#9507,#9530);
#9507 = B_SPLINE_CURVE_WITH_KNOTS('',3,(#9508,#9509,#9510,#9511,#9512,
    #9513,#9514,#9515,#9516,#9517,#9518,#9519,#9520,#9521,#9522,#9523,
    #9524,#9525,#9526,#9527,#9528,#9529),.UNSPECIFIED.,.F.,.F.,(4,1,1,1,
    1,1,1,1,1,1,1,1,1,1,1,1,1,1,1,4),(0.,5.083557895354E-02,
    0.107823372855,0.170963381733,0.240255605606,0.31570004449,
    0.397296698396,0.485045567335,0.578946651312,0.678999950336,
    0.785205464409,0.897563193537,1.016073137724,1.140735296972,
    1.271549671283,1.408516260661,1.551635065106,1.700906084621,
    1.856329319208,2.017904768867),.UNSPECIFIED.);
#9508 = CARTESIAN_POINT('',(6.274645419441,-10.69527114477,0.));
#9509 = CARTESIAN_POINT('',(6.28560437844,-10.70819679877,0.));
#9510 = CARTESIAN_POINT('',(6.309164083261,-10.73534184246,0.));
#9511 = CARTESIAN_POINT('',(6.347482210143,-10.77753101817,0.));
#9512 = CARTESIAN_POINT('',(6.390969839672,-10.82331456885,0.));
#9513 = CARTESIAN_POINT('',(6.439808753035,-10.87247740473,0.));
#9514 = CARTESIAN_POINT('',(6.494169299736,-10.92480087071,0.));
#9515 = CARTESIAN_POINT('',(6.554216004087,-10.98005957046,0.));
#9516 = CARTESIAN_POINT('',(6.620105598684,-11.03802262437,0.));
#9517 = CARTESIAN_POINT('',(6.691987395698,-11.09845357004,0.));
#9518 = CARTESIAN_POINT('',(6.770002955307,-11.16111068179,0.));
#9519 = CARTESIAN_POINT('',(6.854285973923,-11.22574717019,0.));
#9520 = CARTESIAN_POINT('',(6.944962115183,-11.29211142326,0.));
#9521 = CARTESIAN_POINT('',(7.042148865832,-11.3599472412,0.));
#9522 = CARTESIAN_POINT('',(7.145955394848,-11.42899407741,0.));
#9523 = CARTESIAN_POINT('',(7.256482412133,-11.4989872876,0.));
#9524 = CARTESIAN_POINT('',(7.373822068865,-11.56965836238,0.));
#9525 = CARTESIAN_POINT('',(7.49805772383,-11.64073524605,0.));
#9526 = CARTESIAN_POINT('',(7.629264279241,-11.71194232924,0.));
#9527 = CARTESIAN_POINT('',(7.767506287499,-11.7830017554,0.));
#9528 = CARTESIAN_POINT('',(7.862554059141,-11.82919052297,0.));
#9529 = CARTESIAN_POINT('',(7.911251160522,-11.85219832246,0.));
#9530 = VECTOR('',#9531,1.);
#9531 = DIRECTION('',(-0.,-0.,-1.));
#9532 = ADVANCED_FACE('',(#9533),#9553,.T.);
#9533 = FACE_BOUND('',#9534,.T.);
#9534 = EDGE_LOOP('',(#9535,#9536,#9537,#9547));
#9535 = ORIENTED_EDGE('',*,*,#3182,.F.);
#9536 = ORIENTED_EDGE('',*,*,#9501,.T.);
#9537 = ORIENTED_EDGE('',*,*,#9538,.F.);
#9538 = EDGE_CURVE('',#9539,#9459,#9541,.T.);
#9539 = VERTEX_POINT('',#9540);
#9540 = CARTESIAN_POINT('',(8.276629618895,-11.59999578239,3.51));
#9541 = B_SPLINE_CURVE_WITH_KNOTS('',4,(#9542,#9543,#9544,#9545,#9546),
  .UNSPECIFIED.,.F.,.F.,(5,5),(0.,1.),.PIECEWISE_BEZIER_KNOTS.);
#9542 = CARTESIAN_POINT('',(8.276629618895,-11.59999578239,3.51));
#9543 = CARTESIAN_POINT('',(8.185285004302,-11.66304641741,3.51));
#9544 = CARTESIAN_POINT('',(8.093940389709,-11.72609705243,3.51));
#9545 = CARTESIAN_POINT('',(8.002595775115,-11.78914768745,3.51));
#9546 = CARTESIAN_POINT('',(7.911251160522,-11.85219832246,3.51));
#9547 = ORIENTED_EDGE('',*,*,#9548,.F.);
#9548 = EDGE_CURVE('',#3183,#9539,#9549,.T.);
#9549 = LINE('',#9550,#9551);
#9550 = CARTESIAN_POINT('',(8.276629618895,-11.59999578239,0.));
#9551 = VECTOR('',#9552,1.);
#9552 = DIRECTION('',(0.,0.,1.));
#9553 = SURFACE_OF_LINEAR_EXTRUSION('',#9554,#9557);
#9554 = B_SPLINE_CURVE_WITH_KNOTS('',1,(#9555,#9556),.UNSPECIFIED.,.F.,
  .F.,(2,2),(0.,0.443967948237),.PIECEWISE_BEZIER_KNOTS.);
#9555 = CARTESIAN_POINT('',(7.911251160522,-11.85219832246,0.));
#9556 = CARTESIAN_POINT('',(8.276629618895,-11.59999578239,0.));
#9557 = VECTOR('',#9558,1.);
#9558 = DIRECTION('',(-0.,-0.,-1.));
#9559 = ADVANCED_FACE('',(#9560),#9639,.T.);
#9560 = FACE_BOUND('',#9561,.T.);
#9561 = EDGE_LOOP('',(#9562,#9563,#9564,#9595,#9606,#9633));
#9562 = ORIENTED_EDGE('',*,*,#3189,.F.);
#9563 = ORIENTED_EDGE('',*,*,#9548,.T.);
#9564 = ORIENTED_EDGE('',*,*,#9565,.F.);
#9565 = EDGE_CURVE('',#9566,#9539,#9568,.T.);
#9566 = VERTEX_POINT('',#9567);
#9567 = CARTESIAN_POINT('',(8.271304365149,-11.53618433881,3.51));
#9568 = B_SPLINE_CURVE_WITH_KNOTS('',7,(#9569,#9570,#9571,#9572,#9573,
    #9574,#9575,#9576,#9577,#9578,#9579,#9580,#9581,#9582,#9583,#9584,
    #9585,#9586,#9587,#9588,#9589,#9590,#9591,#9592,#9593,#9594),
  .UNSPECIFIED.,.F.,.F.,(8,6,6,6,8),(0.,6.500064050254E-02,
    0.278003844969,0.798008401284,1.),.UNSPECIFIED.);
#9569 = CARTESIAN_POINT('',(7.775232310098,-9.659490800451,3.51));
#9570 = CARTESIAN_POINT('',(7.784299126971,-9.675889615337,3.51));
#9571 = CARTESIAN_POINT('',(7.79320250201,-9.692378183881,3.51));
#9572 = CARTESIAN_POINT('',(7.801949005668,-9.708950784002,3.51));
#9573 = CARTESIAN_POINT('',(7.810542936094,-9.725603394379,3.51));
#9574 = CARTESIAN_POINT('',(7.818992061305,-9.742329917784,3.51));
#9575 = CARTESIAN_POINT('',(7.827305987327,-9.759123215171,3.51));
#9576 = CARTESIAN_POINT('',(7.862296339723,-9.831222739217,3.51));
#9577 = CARTESIAN_POINT('',(7.887682228763,-9.887153216327,3.51));
#9578 = CARTESIAN_POINT('',(7.911815122963,-9.943641457278,3.51));
#9579 = CARTESIAN_POINT('',(7.934790609979,-10.00060772217,3.51));
#9580 = CARTESIAN_POINT('',(7.956679240983,-10.05799348265,3.51));
#9581 = CARTESIAN_POINT('',(7.977545778501,-10.11574964051,3.51));
#9582 = CARTESIAN_POINT('',(8.04600090844,-10.31566606028,3.51));
#9583 = CARTESIAN_POINT('',(8.088753169073,-10.45946438829,3.51));
#9584 = CARTESIAN_POINT('',(8.12641662646,-10.60471054321,3.51));
#9585 = CARTESIAN_POINT('',(8.159364430983,-10.75108812014,3.51));
#9586 = CARTESIAN_POINT('',(8.187929920891,-10.89833903718,3.51));
#9587 = CARTESIAN_POINT('',(8.212360929332,-11.04628178864,3.51));
#9588 = CARTESIAN_POINT('',(8.240841565156,-11.25246840844,3.51));
#9589 = CARTESIAN_POINT('',(8.248217498467,-11.31023478229,3.51));
#9590 = CARTESIAN_POINT('',(8.255015630765,-11.36807313697,3.51));
#9591 = CARTESIAN_POINT('',(8.26124510014,-11.42597608685,3.51));
#9592 = CARTESIAN_POINT('',(8.266915992683,-11.48393614289,3.51));
#9593 = CARTESIAN_POINT('',(8.272040562542,-11.54194514697,3.51));
#9594 = CARTESIAN_POINT('',(8.276629618895,-11.59999578239,3.51));
#9595 = ORIENTED_EDGE('',*,*,#9596,.F.);
#9596 = EDGE_CURVE('',#9597,#9566,#9599,.T.);
#9597 = VERTEX_POINT('',#9598);
#9598 = CARTESIAN_POINT('',(8.271304365149,-11.53618433881,4.));
#9599 = B_SPLINE_CURVE_WITH_KNOTS('',5,(#9600,#9601,#9602,#9603,#9604,
    #9605),.UNSPECIFIED.,.F.,.F.,(6,6),(0.,1.),
  .PIECEWISE_BEZIER_KNOTS.);
#9600 = CARTESIAN_POINT('',(8.271304365149,-11.53618433881,4.0000006));
#9601 = CARTESIAN_POINT('',(8.271304365149,-11.53618433881,
    3.893700524585));
#9602 = CARTESIAN_POINT('',(8.271304365149,-11.53618433881,
    3.807051538322));
#9603 = CARTESIAN_POINT('',(8.271304365149,-11.53618433881,
    3.699906479312));
#9604 = CARTESIAN_POINT('',(8.271304365149,-11.53618433881,3.58119590178
    ));
#9605 = CARTESIAN_POINT('',(8.271304365149,-11.53618433881,3.5099994));
#9606 = ORIENTED_EDGE('',*,*,#9607,.T.);
#9607 = EDGE_CURVE('',#9597,#9608,#9610,.T.);
#9608 = VERTEX_POINT('',#9609);
#9609 = CARTESIAN_POINT('',(7.775232310098,-9.659490800451,4.));
#9610 = B_SPLINE_CURVE_WITH_KNOTS('',3,(#9611,#9612,#9613,#9614,#9615,
    #9616,#9617,#9618,#9619,#9620,#9621,#9622,#9623,#9624,#9625,#9626,
    #9627,#9628,#9629,#9630,#9631,#9632),.UNSPECIFIED.,.F.,.F.,(4,1,1,1,
    1,1,1,1,1,1,1,1,1,1,1,1,1,1,1,4),(0.,0.161575449659,0.316998684245,
    0.466269703761,0.609388508206,0.746355097584,0.877169471895,
    1.001831631143,1.120341575329,1.232699304458,1.338904818531,
    1.438958117555,1.532859201532,1.620608070471,1.702204724377,
    1.777649163261,1.846941387134,1.910081396012,1.967069189913,
    2.017904768867),.UNSPECIFIED.);
#9611 = CARTESIAN_POINT('',(8.276629618895,-11.59999578239,4.));
#9612 = CARTESIAN_POINT('',(8.272385182793,-11.54630452349,4.));
#9613 = CARTESIAN_POINT('',(8.262902339209,-11.44105455046,4.));
#9614 = CARTESIAN_POINT('',(8.245481913285,-11.28659800754,4.));
#9615 = CARTESIAN_POINT('',(8.22542861966,-11.13866736739,4.));
#9616 = CARTESIAN_POINT('',(8.203025149349,-10.99730080177,4.));
#9617 = CARTESIAN_POINT('',(8.178555762264,-10.86252600833,4.));
#9618 = CARTESIAN_POINT('',(8.152304394336,-10.73436151751,4.));
#9619 = CARTESIAN_POINT('',(8.12455478347,-10.61281638123,4.));
#9620 = CARTESIAN_POINT('',(8.095590088596,-10.49789027824,4.));
#9621 = CARTESIAN_POINT('',(8.065692636876,-10.38957352488,4.));
#9622 = CARTESIAN_POINT('',(8.035143640639,-10.28784711882,4.));
#9623 = CARTESIAN_POINT('',(8.004222922136,-10.19268278537,4.));
#9624 = CARTESIAN_POINT('',(7.973208642888,-10.10404302895,4.));
#9625 = CARTESIAN_POINT('',(7.942377018254,-10.02188120559,4.));
#9626 = CARTESIAN_POINT('',(7.912002091256,-9.946141556725,4.));
#9627 = CARTESIAN_POINT('',(7.882355316208,-9.876759405852,4.));
#9628 = CARTESIAN_POINT('',(7.853705783482,-9.81366084672,4.));
#9629 = CARTESIAN_POINT('',(7.826318345908,-9.756764135938,4.));
#9630 = CARTESIAN_POINT('',(7.800458576409,-9.705975577027,4.));
#9631 = CARTESIAN_POINT('',(7.783431906119,-9.674321105196,4.));
#9632 = CARTESIAN_POINT('',(7.775232310098,-9.659490800451,4.));
#9633 = ORIENTED_EDGE('',*,*,#9634,.F.);
#9634 = EDGE_CURVE('',#3190,#9608,#9635,.T.);
#9635 = LINE('',#9636,#9637);
#9636 = CARTESIAN_POINT('',(7.775232310098,-9.659490800451,0.));
#9637 = VECTOR('',#9638,1.);
#9638 = DIRECTION('',(0.,0.,1.));
#9639 = SURFACE_OF_LINEAR_EXTRUSION('',#9640,#9663);
#9640 = B_SPLINE_CURVE_WITH_KNOTS('',3,(#9641,#9642,#9643,#9644,#9645,
    #9646,#9647,#9648,#9649,#9650,#9651,#9652,#9653,#9654,#9655,#9656,
    #9657,#9658,#9659,#9660,#9661,#9662),.UNSPECIFIED.,.F.,.F.,(4,1,1,1,
    1,1,1,1,1,1,1,1,1,1,1,1,1,1,1,4),(0.,0.161575449659,0.316998684245,
    0.466269703761,0.609388508206,0.746355097584,0.877169471895,
    1.001831631143,1.120341575329,1.232699304458,1.338904818531,
    1.438958117555,1.532859201532,1.620608070471,1.702204724377,
    1.777649163261,1.846941387134,1.910081396012,1.967069189913,
    2.017904768867),.UNSPECIFIED.);
#9641 = CARTESIAN_POINT('',(8.276629618895,-11.59999578239,0.));
#9642 = CARTESIAN_POINT('',(8.272385182793,-11.54630452349,0.));
#9643 = CARTESIAN_POINT('',(8.262902339209,-11.44105455046,0.));
#9644 = CARTESIAN_POINT('',(8.245481913285,-11.28659800754,0.));
#9645 = CARTESIAN_POINT('',(8.22542861966,-11.13866736739,0.));
#9646 = CARTESIAN_POINT('',(8.203025149349,-10.99730080177,0.));
#9647 = CARTESIAN_POINT('',(8.178555762264,-10.86252600833,0.));
#9648 = CARTESIAN_POINT('',(8.152304394336,-10.73436151751,0.));
#9649 = CARTESIAN_POINT('',(8.12455478347,-10.61281638123,0.));
#9650 = CARTESIAN_POINT('',(8.095590088596,-10.49789027824,0.));
#9651 = CARTESIAN_POINT('',(8.065692636876,-10.38957352488,0.));
#9652 = CARTESIAN_POINT('',(8.035143640639,-10.28784711882,0.));
#9653 = CARTESIAN_POINT('',(8.004222922136,-10.19268278537,0.));
#9654 = CARTESIAN_POINT('',(7.973208642888,-10.10404302895,0.));
#9655 = CARTESIAN_POINT('',(7.942377018254,-10.02188120559,0.));
#9656 = CARTESIAN_POINT('',(7.912002091256,-9.946141556725,0.));
#9657 = CARTESIAN_POINT('',(7.882355316208,-9.876759405852,0.));
#9658 = CARTESIAN_POINT('',(7.853705783482,-9.81366084672,0.));
#9659 = CARTESIAN_POINT('',(7.826318345908,-9.756764135938,0.));
#9660 = CARTESIAN_POINT('',(7.800458576409,-9.705975577027,0.));
#9661 = CARTESIAN_POINT('',(7.783431906119,-9.674321105196,0.));
#9662 = CARTESIAN_POINT('',(7.775232310098,-9.659490800451,0.));
#9663 = VECTOR('',#9664,1.);
#9664 = DIRECTION('',(-0.,-0.,-1.));
#9665 = ADVANCED_FACE('',(#9666),#9683,.T.);
#9666 = FACE_BOUND('',#9667,.T.);
#9667 = EDGE_LOOP('',(#9668,#9669,#9676,#9682));
#9668 = ORIENTED_EDGE('',*,*,#9634,.T.);
#9669 = ORIENTED_EDGE('',*,*,#9670,.T.);
#9670 = EDGE_CURVE('',#9608,#9671,#9673,.T.);
#9671 = VERTEX_POINT('',#9672);
#9672 = CARTESIAN_POINT('',(8.651861546003,-8.882865066452,4.));
#9673 = B_SPLINE_CURVE_WITH_KNOTS('',1,(#9674,#9675),.UNSPECIFIED.,.F.,
  .F.,(2,2),(0.,1.171164526424),.PIECEWISE_BEZIER_KNOTS.);
#9674 = CARTESIAN_POINT('',(7.775232310098,-9.659490800451,4.));
#9675 = CARTESIAN_POINT('',(8.651861546003,-8.882865066452,4.));
#9676 = ORIENTED_EDGE('',*,*,#9677,.F.);
#9677 = EDGE_CURVE('',#3217,#9671,#9678,.T.);
#9678 = LINE('',#9679,#9680);
#9679 = CARTESIAN_POINT('',(8.651861546003,-8.882865066452,0.));
#9680 = VECTOR('',#9681,1.);
#9681 = DIRECTION('',(0.,0.,1.));
#9682 = ORIENTED_EDGE('',*,*,#3216,.F.);
#9683 = SURFACE_OF_LINEAR_EXTRUSION('',#9684,#9687);
#9684 = B_SPLINE_CURVE_WITH_KNOTS('',1,(#9685,#9686),.UNSPECIFIED.,.F.,
  .F.,(2,2),(0.,1.171164526424),.PIECEWISE_BEZIER_KNOTS.);
#9685 = CARTESIAN_POINT('',(7.775232310098,-9.659490800451,0.));
#9686 = CARTESIAN_POINT('',(8.651861546003,-8.882865066452,0.));
#9687 = VECTOR('',#9688,1.);
#9688 = DIRECTION('',(-0.,-0.,-1.));
#9689 = ADVANCED_FACE('',(#9690),#9781,.T.);
#9690 = FACE_BOUND('',#9691,.T.);
#9691 = EDGE_LOOP('',(#9692,#9693,#9694,#9721,#9732,#9775));
#9692 = ORIENTED_EDGE('',*,*,#3223,.F.);
#9693 = ORIENTED_EDGE('',*,*,#9677,.T.);
#9694 = ORIENTED_EDGE('',*,*,#9695,.T.);
#9695 = EDGE_CURVE('',#9671,#9696,#9698,.T.);
#9696 = VERTEX_POINT('',#9697);
#9697 = CARTESIAN_POINT('',(10.455076996814,-9.601530606664,4.));
#9698 = B_SPLINE_CURVE_WITH_KNOTS('',3,(#9699,#9700,#9701,#9702,#9703,
    #9704,#9705,#9706,#9707,#9708,#9709,#9710,#9711,#9712,#9713,#9714,
    #9715,#9716,#9717,#9718,#9719,#9720),.UNSPECIFIED.,.F.,.F.,(4,1,1,1,
    1,1,1,1,1,1,1,1,1,1,1,1,1,1,1,4),(0.,5.083557895354E-02,
    0.107823372855,0.170963381733,0.240255605606,0.31570004449,
    0.397296698396,0.485045567335,0.578946651312,0.678999950336,
    0.785205464409,0.897563193537,1.016073137724,1.140735296972,
    1.271549671283,1.408516260661,1.551635065106,1.700906084621,
    1.856329319208,2.017904768867),.UNSPECIFIED.);
#9699 = CARTESIAN_POINT('',(8.651861546003,-8.882865066452,4.));
#9700 = CARTESIAN_POINT('',(8.665595369046,-8.892792473887,4.));
#9701 = CARTESIAN_POINT('',(8.694966705824,-8.91351052553,4.));
#9702 = CARTESIAN_POINT('',(8.74226790819,-8.945303632479,4.));
#9703 = CARTESIAN_POINT('',(8.795448587085,-8.979349525433,4.));
#9704 = CARTESIAN_POINT('',(8.854633767112,-9.015395861656,4.));
#9705 = CARTESIAN_POINT('',(8.919936520143,-9.053189572469,4.));
#9706 = CARTESIAN_POINT('',(8.991462648833,-9.092472437888,4.));
#9707 = CARTESIAN_POINT('',(9.069309078312,-9.132982778697,4.));
#9708 = CARTESIAN_POINT('',(9.15356419285,-9.174455270908,4.));
#9709 = CARTESIAN_POINT('',(9.244307590406,-9.216621335393,4.));
#9710 = CARTESIAN_POINT('',(9.341610021839,-9.259209358332,4.));
#9711 = CARTESIAN_POINT('',(9.445533284538,-9.301944965834,4.));
#9712 = CARTESIAN_POINT('',(9.556130138676,-9.3445512864,4.));
#9713 = CARTESIAN_POINT('',(9.673444228094,-9.386749218588,4.));
#9714 = CARTESIAN_POINT('',(9.797510002725,-9.428257706737,4.));
#9715 = CARTESIAN_POINT('',(9.928352677494,-9.468793990623,4.));
#9716 = CARTESIAN_POINT('',(10.065988081745,-9.508073970931,4.));
#9717 = CARTESIAN_POINT('',(10.210422983532,-9.545812121738,4.));
#9718 = CARTESIAN_POINT('',(10.361653564047,-9.581723212072,4.));
#9719 = CARTESIAN_POINT('',(10.464993115783,-9.603823397394,4.));
#9720 = CARTESIAN_POINT('',(10.517781294721,-9.614508652886,4.));
#9721 = ORIENTED_EDGE('',*,*,#9722,.T.);
#9722 = EDGE_CURVE('',#9696,#9723,#9725,.T.);
#9723 = VERTEX_POINT('',#9724);
#9724 = CARTESIAN_POINT('',(10.455076996814,-9.601530606664,3.51));
#9725 = B_SPLINE_CURVE_WITH_KNOTS('',5,(#9726,#9727,#9728,#9729,#9730,
    #9731),.UNSPECIFIED.,.F.,.F.,(6,6),(0.,1.),
  .PIECEWISE_BEZIER_KNOTS.);
#9726 = CARTESIAN_POINT('',(10.455076996814,-9.601530606664,4.0000006));
#9727 = CARTESIAN_POINT('',(10.455076996814,-9.601530606664,
    3.893700524585));
#9728 = CARTESIAN_POINT('',(10.455076996814,-9.601530606664,
    3.807051538322));
#9729 = CARTESIAN_POINT('',(10.455076996814,-9.601530606664,
    3.699906479312));
#9730 = CARTESIAN_POINT('',(10.455076996814,-9.601530606664,
    3.58119590178));
#9731 = CARTESIAN_POINT('',(10.455076996814,-9.601530606664,3.5099994));
#9732 = ORIENTED_EDGE('',*,*,#9733,.F.);
#9733 = EDGE_CURVE('',#9734,#9723,#9736,.T.);
#9734 = VERTEX_POINT('',#9735);
#9735 = CARTESIAN_POINT('',(10.517781294721,-9.614508652886,3.51));
#9736 = B_SPLINE_CURVE_WITH_KNOTS('',7,(#9737,#9738,#9739,#9740,#9741,
    #9742,#9743,#9744,#9745,#9746,#9747,#9748,#9749,#9750,#9751,#9752,
    #9753,#9754,#9755,#9756,#9757,#9758,#9759,#9760,#9761,#9762,#9763,
    #9764,#9765,#9766,#9767,#9768,#9769,#9770,#9771,#9772,#9773,#9774),
  .UNSPECIFIED.,.F.,.F.,(8,6,6,6,6,6,8),(0.,0.29599853849,0.591998255967
    ,0.820999393952,0.894999573716,0.968999916493,1.),.UNSPECIFIED.);
#9737 = CARTESIAN_POINT('',(10.517781294721,-9.614508652886,3.51));
#9738 = CARTESIAN_POINT('',(10.434147661212,-9.597579735092,3.51));
#9739 = CARTESIAN_POINT('',(10.350741276185,-9.579520577537,3.51));
#9740 = CARTESIAN_POINT('',(10.267590639769,-9.560297656362,3.51));
#9741 = CARTESIAN_POINT('',(10.184723396511,-9.539879106695,3.51));
#9742 = CARTESIAN_POINT('',(10.102164541945,-9.518243237938,3.51));
#9743 = CARTESIAN_POINT('',(10.01995308447,-9.495344823872,3.51));
#9744 = CARTESIAN_POINT('',(9.856298198657,-9.446948017262,3.51));
#9745 = CARTESIAN_POINT('',(9.774855951213,-9.421449512306,3.51));
#9746 = CARTESIAN_POINT('',(9.693836878862,-9.394609446044,3.51));
#9747 = CARTESIAN_POINT('',(9.613285664021,-9.366381215452,3.51));
#9748 = CARTESIAN_POINT('',(9.533253846312,-9.336712689711,3.51));
#9749 = CARTESIAN_POINT('',(9.453802476658,-9.305542226673,3.51));
#9750 = CARTESIAN_POINT('',(9.314047394658,-9.247453153159,3.51));
#9751 = CARTESIAN_POINT('',(9.25348160413,-9.221169988427,3.51));
#9752 = CARTESIAN_POINT('',(9.193343839236,-9.193905129328,3.51));
#9753 = CARTESIAN_POINT('',(9.133676107003,-9.165615857631,3.51));
#9754 = CARTESIAN_POINT('',(9.074528284815,-9.13625360502,3.51));
#9755 = CARTESIAN_POINT('',(9.015962912045,-9.105757456153,3.51));
#9756 = CARTESIAN_POINT('',(8.939355854807,-9.063791777574,3.51));
#9757 = CARTESIAN_POINT('',(8.920716637198,-9.053415040733,3.51));
#9758 = CARTESIAN_POINT('',(8.90214960373,-9.042908651416,3.51));
#9759 = CARTESIAN_POINT('',(8.883658873726,-9.032268349885,3.51));
#9760 = CARTESIAN_POINT('',(8.865248079449,-9.02149056539,3.51));
#9761 = CARTESIAN_POINT('',(8.846920431733,-9.010572348448,3.51));
#9762 = CARTESIAN_POINT('',(8.810442196593,-8.988444079705,3.51));
#9763 = CARTESIAN_POINT('',(8.792292074596,-8.977233659648,3.51));
#9764 = CARTESIAN_POINT('',(8.774233204041,-8.965874899621,3.51));
#9765 = CARTESIAN_POINT('',(8.756276167157,-8.954356798743,3.51));
#9766 = CARTESIAN_POINT('',(8.738420545576,-8.942680547026,3.51));
#9767 = CARTESIAN_POINT('',(8.720677734107,-8.930834909201,3.51));
#9768 = CARTESIAN_POINT('',(8.695675971556,-8.913772302828,3.51));
#9769 = CARTESIAN_POINT('',(8.688316015423,-8.9087033125,3.51));
#9770 = CARTESIAN_POINT('',(8.680978219803,-8.903602227459,3.51));
#9771 = CARTESIAN_POINT('',(8.673663233645,-8.898468438925,3.51));
#9772 = CARTESIAN_POINT('',(8.666371700868,-8.893301358242,3.51));
#9773 = CARTESIAN_POINT('',(8.659104260366,-8.888100416885,3.51));
#9774 = CARTESIAN_POINT('',(8.651861546003,-8.882865066452,3.51));
#9775 = ORIENTED_EDGE('',*,*,#9776,.F.);
#9776 = EDGE_CURVE('',#3224,#9734,#9777,.T.);
#9777 = LINE('',#9778,#9779);
#9778 = CARTESIAN_POINT('',(10.517781294721,-9.614508652886,0.));
#9779 = VECTOR('',#9780,1.);
#9780 = DIRECTION('',(0.,0.,1.));
#9781 = SURFACE_OF_LINEAR_EXTRUSION('',#9782,#9805);
#9782 = B_SPLINE_CURVE_WITH_KNOTS('',3,(#9783,#9784,#9785,#9786,#9787,
    #9788,#9789,#9790,#9791,#9792,#9793,#9794,#9795,#9796,#9797,#9798,
    #9799,#9800,#9801,#9802,#9803,#9804),.UNSPECIFIED.,.F.,.F.,(4,1,1,1,
    1,1,1,1,1,1,1,1,1,1,1,1,1,1,1,4),(0.,5.083557895354E-02,
    0.107823372855,0.170963381733,0.240255605606,0.31570004449,
    0.397296698396,0.485045567335,0.578946651312,0.678999950336,
    0.785205464409,0.897563193537,1.016073137724,1.140735296972,
    1.271549671283,1.408516260661,1.551635065106,1.700906084621,
    1.856329319208,2.017904768867),.UNSPECIFIED.);
#9783 = CARTESIAN_POINT('',(8.651861546003,-8.882865066452,0.));
#9784 = CARTESIAN_POINT('',(8.665595369046,-8.892792473887,0.));
#9785 = CARTESIAN_POINT('',(8.694966705824,-8.91351052553,0.));
#9786 = CARTESIAN_POINT('',(8.74226790819,-8.945303632479,0.));
#9787 = CARTESIAN_POINT('',(8.795448587085,-8.979349525433,0.));
#9788 = CARTESIAN_POINT('',(8.854633767112,-9.015395861656,0.));
#9789 = CARTESIAN_POINT('',(8.919936520143,-9.053189572469,0.));
#9790 = CARTESIAN_POINT('',(8.991462648833,-9.092472437888,0.));
#9791 = CARTESIAN_POINT('',(9.069309078312,-9.132982778697,0.));
#9792 = CARTESIAN_POINT('',(9.15356419285,-9.174455270908,0.));
#9793 = CARTESIAN_POINT('',(9.244307590406,-9.216621335393,0.));
#9794 = CARTESIAN_POINT('',(9.341610021839,-9.259209358332,0.));
#9795 = CARTESIAN_POINT('',(9.445533284538,-9.301944965834,0.));
#9796 = CARTESIAN_POINT('',(9.556130138676,-9.3445512864,0.));
#9797 = CARTESIAN_POINT('',(9.673444228094,-9.386749218588,0.));
#9798 = CARTESIAN_POINT('',(9.797510002725,-9.428257706737,0.));
#9799 = CARTESIAN_POINT('',(9.928352677494,-9.468793990623,0.));
#9800 = CARTESIAN_POINT('',(10.065988081745,-9.508073970931,0.));
#9801 = CARTESIAN_POINT('',(10.210422983532,-9.545812121738,0.));
#9802 = CARTESIAN_POINT('',(10.361653564047,-9.581723212072,0.));
#9803 = CARTESIAN_POINT('',(10.464993115783,-9.603823397394,0.));
#9804 = CARTESIAN_POINT('',(10.517781294721,-9.614508652886,0.));
#9805 = VECTOR('',#9806,1.);
#9806 = DIRECTION('',(-0.,-0.,-1.));
#9807 = ADVANCED_FACE('',(#9808),#9828,.T.);
#9808 = FACE_BOUND('',#9809,.T.);
#9809 = EDGE_LOOP('',(#9810,#9811,#9812,#9822));
#9810 = ORIENTED_EDGE('',*,*,#3250,.F.);
#9811 = ORIENTED_EDGE('',*,*,#9776,.T.);
#9812 = ORIENTED_EDGE('',*,*,#9813,.F.);
#9813 = EDGE_CURVE('',#9814,#9734,#9816,.T.);
#9814 = VERTEX_POINT('',#9815);
#9815 = CARTESIAN_POINT('',(10.81218650073,-9.282193871787,3.51));
#9816 = B_SPLINE_CURVE_WITH_KNOTS('',4,(#9817,#9818,#9819,#9820,#9821),
  .UNSPECIFIED.,.F.,.F.,(5,5),(0.,1.),.PIECEWISE_BEZIER_KNOTS.);
#9817 = CARTESIAN_POINT('',(10.81218650073,-9.282193871787,3.51));
#9818 = CARTESIAN_POINT('',(10.738585199227,-9.365272567062,3.51));
#9819 = CARTESIAN_POINT('',(10.664983897725,-9.448351262336,3.51));
#9820 = CARTESIAN_POINT('',(10.591382596223,-9.531429957611,3.51));
#9821 = CARTESIAN_POINT('',(10.517781294721,-9.614508652886,3.51));
#9822 = ORIENTED_EDGE('',*,*,#9823,.F.);
#9823 = EDGE_CURVE('',#3251,#9814,#9824,.T.);
#9824 = LINE('',#9825,#9826);
#9825 = CARTESIAN_POINT('',(10.81218650073,-9.282193871787,0.));
#9826 = VECTOR('',#9827,1.);
#9827 = DIRECTION('',(0.,0.,1.));
#9828 = SURFACE_OF_LINEAR_EXTRUSION('',#9829,#9832);
#9829 = B_SPLINE_CURVE_WITH_KNOTS('',1,(#9830,#9831),.UNSPECIFIED.,.F.,
  .F.,(2,2),(0.,0.443967948237),.PIECEWISE_BEZIER_KNOTS.);
#9830 = CARTESIAN_POINT('',(10.517781294721,-9.614508652886,0.));
#9831 = CARTESIAN_POINT('',(10.81218650073,-9.282193871787,0.));
#9832 = VECTOR('',#9833,1.);
#9833 = DIRECTION('',(-0.,-0.,-1.));
#9834 = ADVANCED_FACE('',(#9835),#9914,.T.);
#9835 = FACE_BOUND('',#9836,.T.);
#9836 = EDGE_LOOP('',(#9837,#9838,#9839,#9870,#9881,#9908));
#9837 = ORIENTED_EDGE('',*,*,#3257,.F.);
#9838 = ORIENTED_EDGE('',*,*,#9823,.T.);
#9839 = ORIENTED_EDGE('',*,*,#9840,.F.);
#9840 = EDGE_CURVE('',#9841,#9814,#9843,.T.);
#9841 = VERTEX_POINT('',#9842);
#9842 = CARTESIAN_POINT('',(10.791744911169,-9.221511089418,3.51));
#9843 = B_SPLINE_CURVE_WITH_KNOTS('',7,(#9844,#9845,#9846,#9847,#9848,
    #9849,#9850,#9851,#9852,#9853,#9854,#9855,#9856,#9857,#9858,#9859,
    #9860,#9861,#9862,#9863,#9864,#9865,#9866,#9867,#9868,#9869),
  .UNSPECIFIED.,.F.,.F.,(8,6,6,6,8),(0.,6.50006405027E-02,0.278003844969
    ,0.798008401284,1.),.UNSPECIFIED.);
#9844 = CARTESIAN_POINT('',(9.860965647666,-7.518068667919,3.51));
#9845 = CARTESIAN_POINT('',(9.873693492597,-7.531821131745,3.51));
#9846 = CARTESIAN_POINT('',(9.886284124472,-7.545699855342,3.51));
#9847 = CARTESIAN_POINT('',(9.898742553438,-7.55969771049,3.51));
#9848 = CARTESIAN_POINT('',(9.911071990378,-7.573809764106,3.51));
#9849 = CARTESIAN_POINT('',(9.923278518426,-7.588028237127,3.51));
#9850 = CARTESIAN_POINT('',(9.935369755988,-7.602343899084,3.51));
#9851 = CARTESIAN_POINT('',(9.986597897827,-7.663974602569,3.51));
#9852 = CARTESIAN_POINT('',(10.024631158353,-7.712204600765,3.51));
#9853 = CARTESIAN_POINT('',(10.061581315414,-7.76127601649,3.51));
#9854 = CARTESIAN_POINT('',(10.09752209606,-7.811088551325,3.51));
#9855 = CARTESIAN_POINT('',(10.132507994617,-7.861568493627,3.51));
#9856 = CARTESIAN_POINT('',(10.166590141763,-7.912652673221,3.51));
#9857 = CARTESIAN_POINT('',(10.280899220838,-8.090377500272,3.51));
#9858 = CARTESIAN_POINT('',(10.356822370867,-8.219766024558,3.51));
#9859 = CARTESIAN_POINT('',(10.428151076682,-8.351778134866,3.51));
#9860 = CARTESIAN_POINT('',(10.495171924947,-8.48601731972,3.51));
#9861 = CARTESIAN_POINT('',(10.558146804663,-8.622153223533,3.51));
#9862 = CARTESIAN_POINT('',(10.617272910241,-8.759950304496,3.51));
#9863 = CARTESIAN_POINT('',(10.694269638436,-8.953329653574,3.51));
#9864 = CARTESIAN_POINT('',(10.715255638661,-9.007652265206,3.51));
#9865 = CARTESIAN_POINT('',(10.735697853859,-9.062183042863,3.51));
#9866 = CARTESIAN_POINT('',(10.755603389091,-9.116912628656,3.51));
#9867 = CARTESIAN_POINT('',(10.774980245116,-9.171831337386,3.51));
#9868 = CARTESIAN_POINT('',(10.793838367636,-9.226928315397,3.51));
#9869 = CARTESIAN_POINT('',(10.81218650073,-9.282193871787,3.51));
#9870 = ORIENTED_EDGE('',*,*,#9871,.F.);
#9871 = EDGE_CURVE('',#9872,#9841,#9874,.T.);
#9872 = VERTEX_POINT('',#9873);
#9873 = CARTESIAN_POINT('',(10.791744911169,-9.221511089418,4.));
#9874 = B_SPLINE_CURVE_WITH_KNOTS('',5,(#9875,#9876,#9877,#9878,#9879,
    #9880),.UNSPECIFIED.,.F.,.F.,(6,6),(0.,1.),
  .PIECEWISE_BEZIER_KNOTS.);
#9875 = CARTESIAN_POINT('',(10.791744911169,-9.221511089418,4.0000006));
#9876 = CARTESIAN_POINT('',(10.791744911169,-9.221511089418,
    3.893700524585));
#9877 = CARTESIAN_POINT('',(10.791744911169,-9.221511089418,
    3.807051538322));
#9878 = CARTESIAN_POINT('',(10.791744911169,-9.221511089418,
    3.699906479312));
#9879 = CARTESIAN_POINT('',(10.791744911169,-9.221511089418,
    3.58119590178));
#9880 = CARTESIAN_POINT('',(10.791744911169,-9.221511089418,3.5099994));
#9881 = ORIENTED_EDGE('',*,*,#9882,.T.);
#9882 = EDGE_CURVE('',#9872,#9883,#9885,.T.);
#9883 = VERTEX_POINT('',#9884);
#9884 = CARTESIAN_POINT('',(9.860965647666,-7.518068667919,4.));
#9885 = B_SPLINE_CURVE_WITH_KNOTS('',3,(#9886,#9887,#9888,#9889,#9890,
    #9891,#9892,#9893,#9894,#9895,#9896,#9897,#9898,#9899,#9900,#9901,
    #9902,#9903,#9904,#9905,#9906,#9907),.UNSPECIFIED.,.F.,.F.,(4,1,1,1,
    1,1,1,1,1,1,1,1,1,1,1,1,1,1,1,4),(0.,0.161575449659,0.316998684245,
    0.466269703761,0.609388508206,0.746355097584,0.877169471895,
    1.001831631143,1.120341575329,1.232699304458,1.338904818531,
    1.438958117555,1.532859201532,1.620608070471,1.702204724377,
    1.777649163261,1.846941387134,1.910081396012,1.967069189913,
    2.017904768867),.UNSPECIFIED.);
#9886 = CARTESIAN_POINT('',(10.81218650073,-9.282193871787,4.));
#9887 = CARTESIAN_POINT('',(10.795216240935,-9.231078543332,4.));
#9888 = CARTESIAN_POINT('',(10.760820984341,-9.131156336251,4.));
#9889 = CARTESIAN_POINT('',(10.70694289416,-8.985357000551,4.));
#9890 = CARTESIAN_POINT('',(10.652070193387,-8.846524023235,4.));
#9891 = CARTESIAN_POINT('',(10.596486493647,-8.714626814472,4.));
#9892 = CARTESIAN_POINT('',(10.540474423258,-8.589624239207,4.));
#9893 = CARTESIAN_POINT('',(10.484314102115,-8.471466339123,4.));
#9894 = CARTESIAN_POINT('',(10.428283189478,-8.360094000161,4.));
#9895 = CARTESIAN_POINT('',(10.372656539315,-8.25543914605,4.));
#9896 = CARTESIAN_POINT('',(10.317705957421,-8.157424809201,4.));
#9897 = CARTESIAN_POINT('',(10.263699937052,-8.065965240949,4.));
#9898 = CARTESIAN_POINT('',(10.210903402756,-7.980966022362,4.));
#9899 = CARTESIAN_POINT('',(10.159577459907,-7.902324179005,4.));
#9900 = CARTESIAN_POINT('',(10.109979134914,-7.829928319642,4.));
#9901 = CARTESIAN_POINT('',(10.062361163708,-7.76365872315,4.));
#9902 = CARTESIAN_POINT('',(10.016971634537,-7.703387629149,4.));
#9903 = CARTESIAN_POINT('',(9.974054131569,-7.648978881424,4.));
#9904 = CARTESIAN_POINT('',(9.93384624902,-7.600289728468,4.));
#9905 = CARTESIAN_POINT('',(9.896583419711,-7.557165640691,4.));
#9906 = CARTESIAN_POINT('',(9.872476102561,-7.530505739193,4.));
#9907 = CARTESIAN_POINT('',(9.860965647666,-7.518068667919,4.));
#9908 = ORIENTED_EDGE('',*,*,#9909,.F.);
#9909 = EDGE_CURVE('',#3258,#9883,#9910,.T.);
#9910 = LINE('',#9911,#9912);
#9911 = CARTESIAN_POINT('',(9.860965647666,-7.518068667919,0.));
#9912 = VECTOR('',#9913,1.);
#9913 = DIRECTION('',(0.,0.,1.));
#9914 = SURFACE_OF_LINEAR_EXTRUSION('',#9915,#9938);
#9915 = B_SPLINE_CURVE_WITH_KNOTS('',3,(#9916,#9917,#9918,#9919,#9920,
    #9921,#9922,#9923,#9924,#9925,#9926,#9927,#9928,#9929,#9930,#9931,
    #9932,#9933,#9934,#9935,#9936,#9937),.UNSPECIFIED.,.F.,.F.,(4,1,1,1,
    1,1,1,1,1,1,1,1,1,1,1,1,1,1,1,4),(0.,0.161575449659,0.316998684245,
    0.466269703761,0.609388508206,0.746355097584,0.877169471895,
    1.001831631143,1.120341575329,1.232699304458,1.338904818531,
    1.438958117555,1.532859201532,1.620608070471,1.702204724377,
    1.777649163261,1.846941387134,1.910081396012,1.967069189913,
    2.017904768867),.UNSPECIFIED.);
#9916 = CARTESIAN_POINT('',(10.81218650073,-9.282193871787,0.));
#9917 = CARTESIAN_POINT('',(10.795216240935,-9.231078543332,0.));
#9918 = CARTESIAN_POINT('',(10.760820984341,-9.131156336251,0.));
#9919 = CARTESIAN_POINT('',(10.70694289416,-8.985357000551,0.));
#9920 = CARTESIAN_POINT('',(10.652070193387,-8.846524023235,0.));
#9921 = CARTESIAN_POINT('',(10.596486493647,-8.714626814472,0.));
#9922 = CARTESIAN_POINT('',(10.540474423258,-8.589624239207,0.));
#9923 = CARTESIAN_POINT('',(10.484314102115,-8.471466339123,0.));
#9924 = CARTESIAN_POINT('',(10.428283189478,-8.360094000161,0.));
#9925 = CARTESIAN_POINT('',(10.372656539315,-8.25543914605,0.));
#9926 = CARTESIAN_POINT('',(10.317705957421,-8.157424809201,0.));
#9927 = CARTESIAN_POINT('',(10.263699937052,-8.065965240949,0.));
#9928 = CARTESIAN_POINT('',(10.210903402756,-7.980966022362,0.));
#9929 = CARTESIAN_POINT('',(10.159577459907,-7.902324179005,0.));
#9930 = CARTESIAN_POINT('',(10.109979134914,-7.829928319642,0.));
#9931 = CARTESIAN_POINT('',(10.062361163708,-7.76365872315,0.));
#9932 = CARTESIAN_POINT('',(10.016971634537,-7.703387629149,0.));
#9933 = CARTESIAN_POINT('',(9.974054131569,-7.648978881424,0.));
#9934 = CARTESIAN_POINT('',(9.93384624902,-7.600289728468,0.));
#9935 = CARTESIAN_POINT('',(9.896583419711,-7.557165640691,0.));
#9936 = CARTESIAN_POINT('',(9.872476102561,-7.530505739193,0.));
#9937 = CARTESIAN_POINT('',(9.860965647666,-7.518068667919,0.));
#9938 = VECTOR('',#9939,1.);
#9939 = DIRECTION('',(-0.,-0.,-1.));
#9940 = ADVANCED_FACE('',(#9941),#9958,.T.);
#9941 = FACE_BOUND('',#9942,.T.);
#9942 = EDGE_LOOP('',(#9943,#9944,#9951,#9957));
#9943 = ORIENTED_EDGE('',*,*,#9909,.T.);
#9944 = ORIENTED_EDGE('',*,*,#9945,.T.);
#9945 = EDGE_CURVE('',#9883,#9946,#9948,.T.);
#9946 = VERTEX_POINT('',#9947);
#9947 = CARTESIAN_POINT('',(10.52626292775,-6.554219158365,4.));
#9948 = B_SPLINE_CURVE_WITH_KNOTS('',1,(#9949,#9950),.UNSPECIFIED.,.F.,
  .F.,(2,2),(0.,1.171164526424),.PIECEWISE_BEZIER_KNOTS.);
#9949 = CARTESIAN_POINT('',(9.860965647666,-7.518068667919,4.));
#9950 = CARTESIAN_POINT('',(10.52626292775,-6.554219158365,4.));
#9951 = ORIENTED_EDGE('',*,*,#9952,.F.);
#9952 = EDGE_CURVE('',#3285,#9946,#9953,.T.);
#9953 = LINE('',#9954,#9955);
#9954 = CARTESIAN_POINT('',(10.52626292775,-6.554219158365,0.));
#9955 = VECTOR('',#9956,1.);
#9956 = DIRECTION('',(0.,0.,1.));
#9957 = ORIENTED_EDGE('',*,*,#3284,.F.);
#9958 = SURFACE_OF_LINEAR_EXTRUSION('',#9959,#9962);
#9959 = B_SPLINE_CURVE_WITH_KNOTS('',1,(#9960,#9961),.UNSPECIFIED.,.F.,
  .F.,(2,2),(0.,1.171164526424),.PIECEWISE_BEZIER_KNOTS.);
#9960 = CARTESIAN_POINT('',(9.860965647666,-7.518068667919,0.));
#9961 = CARTESIAN_POINT('',(10.52626292775,-6.554219158365,0.));
#9962 = VECTOR('',#9963,1.);
#9963 = DIRECTION('',(-0.,-0.,-1.));
#9964 = ADVANCED_FACE('',(#9965),#10056,.T.);
#9965 = FACE_BOUND('',#9966,.T.);
#9966 = EDGE_LOOP('',(#9967,#9968,#9969,#9996,#10007,#10050));
#9967 = ORIENTED_EDGE('',*,*,#3291,.F.);
#9968 = ORIENTED_EDGE('',*,*,#9952,.T.);
#9969 = ORIENTED_EDGE('',*,*,#9970,.T.);
#9970 = EDGE_CURVE('',#9946,#9971,#9973,.T.);
#9971 = VERTEX_POINT('',#9972);
#9972 = CARTESIAN_POINT('',(12.449068135927,-6.820463880636,4.));
#9973 = B_SPLINE_CURVE_WITH_KNOTS('',3,(#9974,#9975,#9976,#9977,#9978,
    #9979,#9980,#9981,#9982,#9983,#9984,#9985,#9986,#9987,#9988,#9989,
    #9990,#9991,#9992,#9993,#9994,#9995),.UNSPECIFIED.,.F.,.F.,(4,1,1,1,
    1,1,1,1,1,1,1,1,1,1,1,1,1,1,1,4),(0.,5.083557895354E-02,
    0.107823372855,0.170963381733,0.240255605606,0.31570004449,
    0.397296698396,0.485045567335,0.578946651312,0.678999950336,
    0.785205464409,0.897563193537,1.016073137724,1.140735296972,
    1.271549671283,1.408516260661,1.551635065106,1.700906084621,
    1.856329319208,2.017904768867),.UNSPECIFIED.);
#9974 = CARTESIAN_POINT('',(10.52626292775,-6.554219158365,4.));
#9975 = CARTESIAN_POINT('',(10.54197345496,-6.560571374398,4.));
#9976 = CARTESIAN_POINT('',(10.575449468363,-6.573658376142,4.));
#9977 = CARTESIAN_POINT('',(10.628984772264,-6.593207714519,4.));
#9978 = CARTESIAN_POINT('',(10.68876783277,-6.613537326202,4.));
#9979 = CARTESIAN_POINT('',(10.75485965193,-6.634372280732,4.));
#9980 = CARTESIAN_POINT('',(10.827309452649,-6.655439803275,4.));
#9981 = CARTESIAN_POINT('',(10.906158167066,-6.676463857017,4.));
#9982 = CARTESIAN_POINT('',(10.991437279906,-6.697167170964,4.));
#9983 = CARTESIAN_POINT('',(11.083169110965,-6.717270979219,4.));
#9984 = CARTESIAN_POINT('',(11.18136667004,-6.736495458038,4.));
#9985 = CARTESIAN_POINT('',(11.286033650657,-6.754559954416,4.));
#9986 = CARTESIAN_POINT('',(11.397164392512,-6.771183278185,4.));
#9987 = CARTESIAN_POINT('',(11.51474386298,-6.786083976893,4.));
#9988 = CARTESIAN_POINT('',(11.638747644342,-6.798980614624,4.));
#9989 = CARTESIAN_POINT('',(11.769141924457,-6.809592058274,4.));
#9990 = CARTESIAN_POINT('',(11.905883516601,-6.817637729793,4.));
#9991 = CARTESIAN_POINT('',(12.048919800727,-6.822837997063,4.));
#9992 = CARTESIAN_POINT('',(12.198189017397,-6.824914011327,4.));
#9993 = CARTESIAN_POINT('',(12.353619198532,-6.823589743805,4.));
#9994 = CARTESIAN_POINT('',(12.459244811237,-6.820316964437,4.));
#9995 = CARTESIAN_POINT('',(12.51305621065,-6.818058687714,4.));
#9996 = ORIENTED_EDGE('',*,*,#9997,.T.);
#9997 = EDGE_CURVE('',#9971,#9998,#10000,.T.);
#9998 = VERTEX_POINT('',#9999);
#9999 = CARTESIAN_POINT('',(12.449068135927,-6.820463880636,3.51));
#10000 = B_SPLINE_CURVE_WITH_KNOTS('',5,(#10001,#10002,#10003,#10004,
    #10005,#10006),.UNSPECIFIED.,.F.,.F.,(6,6),(0.,1.),
  .PIECEWISE_BEZIER_KNOTS.);
#10001 = CARTESIAN_POINT('',(12.449068135927,-6.820463880636,4.0000006)
  );
#10002 = CARTESIAN_POINT('',(12.449068135927,-6.820463880636,
    3.893700524585));
#10003 = CARTESIAN_POINT('',(12.449068135927,-6.820463880636,
    3.807051538322));
#10004 = CARTESIAN_POINT('',(12.449068135927,-6.820463880636,
    3.699906479312));
#10005 = CARTESIAN_POINT('',(12.449068135927,-6.820463880636,
    3.58119590178));
#10006 = CARTESIAN_POINT('',(12.449068135927,-6.820463880636,3.5099994)
  );
#10007 = ORIENTED_EDGE('',*,*,#10008,.F.);
#10008 = EDGE_CURVE('',#10009,#9998,#10011,.T.);
#10009 = VERTEX_POINT('',#10010);
#10010 = CARTESIAN_POINT('',(12.51305621065,-6.818058687714,3.51));
#10011 = B_SPLINE_CURVE_WITH_KNOTS('',7,(#10012,#10013,#10014,#10015,
    #10016,#10017,#10018,#10019,#10020,#10021,#10022,#10023,#10024,
    #10025,#10026,#10027,#10028,#10029,#10030,#10031,#10032,#10033,
    #10034,#10035,#10036,#10037,#10038,#10039,#10040,#10041,#10042,
    #10043,#10044,#10045,#10046,#10047,#10048,#10049),.UNSPECIFIED.,.F.,
  .F.,(8,6,6,6,6,6,8),(0.,0.29599853849,0.591998255967,0.820999393951,
    0.894999573716,0.968999916493,1.),.UNSPECIFIED.);
#10012 = CARTESIAN_POINT('',(12.51305621065,-6.818058687714,3.51));
#10013 = CARTESIAN_POINT('',(12.427801463326,-6.821636532064,3.51));
#10014 = CARTESIAN_POINT('',(12.342496876976,-6.824062595245,3.51));
#10015 = CARTESIAN_POINT('',(12.257162100783,-6.825297507013,3.51));
#10016 = CARTESIAN_POINT('',(12.171816350233,-6.825303712658,3.51));
#10017 = CARTESIAN_POINT('',(12.08647870363,-6.824054170049,3.51));
#10018 = CARTESIAN_POINT('',(12.001176212524,-6.821495631837,3.51));
#10019 = CARTESIAN_POINT('',(11.830694726338,-6.813670326182,3.51));
#10020 = CARTESIAN_POINT('',(11.745516850938,-6.808403166987,3.51));
#10021 = CARTESIAN_POINT('',(11.660428797296,-6.80173215739,3.51));
#10022 = CARTESIAN_POINT('',(11.575462796607,-6.793601355365,3.51));
#10023 = CARTESIAN_POINT('',(11.490656415122,-6.783947810681,3.51));
#10024 = CARTESIAN_POINT('',(11.406054177805,-6.772697061956,3.51));
#10025 = CARTESIAN_POINT('',(11.256458499278,-6.749741531632,3.51));
#10026 = CARTESIAN_POINT('',(11.191362667522,-6.738716450293,3.51));
#10027 = CARTESIAN_POINT('',(11.126447488912,-6.726635767602,3.51));
#10028 = CARTESIAN_POINT('',(11.061743526687,-6.713447953702,3.51));
#10029 = CARTESIAN_POINT('',(10.997287585728,-6.699093915147,3.51));
#10030 = CARTESIAN_POINT('',(10.933125810128,-6.68349954003,3.51));
#10031 = CARTESIAN_POINT('',(10.848701770499,-6.661086576593,3.51));
#10032 = CARTESIAN_POINT('',(10.828120859008,-6.65547202561,3.51));
#10033 = CARTESIAN_POINT('',(10.80757900625,-6.64971431482,3.51));
#10034 = CARTESIAN_POINT('',(10.787079192425,-6.643808322448,3.51));
#10035 = CARTESIAN_POINT('',(10.766624089713,-6.637749712244,3.51));
#10036 = CARTESIAN_POINT('',(10.74621610979,-6.631534852032,3.51));
#10037 = CARTESIAN_POINT('',(10.705502224533,-6.618779403636,3.51));
#10038 = CARTESIAN_POINT('',(10.685196682972,-6.612238346514,3.51));
#10039 = CARTESIAN_POINT('',(10.664944241174,-6.605531422013,3.51));
#10040 = CARTESIAN_POINT('',(10.644752541183,-6.598645416424,3.51));
#10041 = CARTESIAN_POINT('',(10.624621461578,-6.591581585301,3.51));
#10042 = CARTESIAN_POINT('',(10.604559377279,-6.584326292896,3.51));
#10043 = CARTESIAN_POINT('',(10.57620077153,-6.573742808267,3.51));
#10044 = CARTESIAN_POINT('',(10.567841593559,-6.570582466377,3.51));
#10045 = CARTESIAN_POINT('',(10.559496251388,-6.56738565903,3.51));
#10046 = CARTESIAN_POINT('',(10.55116522942,-6.564151639832,3.51));
#10047 = CARTESIAN_POINT('',(10.542849011988,-6.560879683133,3.51));
#10048 = CARTESIAN_POINT('',(10.534548083363,-6.557569084031,3.51));
#10049 = CARTESIAN_POINT('',(10.52626292775,-6.554219158365,3.51));
#10050 = ORIENTED_EDGE('',*,*,#10051,.F.);
#10051 = EDGE_CURVE('',#3292,#10009,#10052,.T.);
#10052 = LINE('',#10053,#10054);
#10053 = CARTESIAN_POINT('',(12.51305621065,-6.818058687714,0.));
#10054 = VECTOR('',#10055,1.);
#10055 = DIRECTION('',(0.,0.,1.));
#10056 = SURFACE_OF_LINEAR_EXTRUSION('',#10057,#10080);
#10057 = B_SPLINE_CURVE_WITH_KNOTS('',3,(#10058,#10059,#10060,#10061,
    #10062,#10063,#10064,#10065,#10066,#10067,#10068,#10069,#10070,
    #10071,#10072,#10073,#10074,#10075,#10076,#10077,#10078,#10079),
  .UNSPECIFIED.,.F.,.F.,(4,1,1,1,1,1,1,1,1,1,1,1,1,1,1,1,1,1,1,4),(0.,
    5.083557895354E-02,0.107823372855,0.170963381733,0.240255605606,
    0.31570004449,0.397296698396,0.485045567335,0.578946651312,
    0.678999950336,0.785205464409,0.897563193537,1.016073137724,
    1.140735296972,1.271549671283,1.408516260661,1.551635065106,
    1.700906084621,1.856329319208,2.017904768867),.UNSPECIFIED.);
#10058 = CARTESIAN_POINT('',(10.52626292775,-6.554219158365,0.));
#10059 = CARTESIAN_POINT('',(10.54197345496,-6.560571374398,0.));
#10060 = CARTESIAN_POINT('',(10.575449468363,-6.573658376142,0.));
#10061 = CARTESIAN_POINT('',(10.628984772264,-6.593207714519,0.));
#10062 = CARTESIAN_POINT('',(10.68876783277,-6.613537326202,0.));
#10063 = CARTESIAN_POINT('',(10.75485965193,-6.634372280732,0.));
#10064 = CARTESIAN_POINT('',(10.827309452649,-6.655439803275,0.));
#10065 = CARTESIAN_POINT('',(10.906158167066,-6.676463857017,0.));
#10066 = CARTESIAN_POINT('',(10.991437279906,-6.697167170964,0.));
#10067 = CARTESIAN_POINT('',(11.083169110965,-6.717270979219,0.));
#10068 = CARTESIAN_POINT('',(11.18136667004,-6.736495458038,0.));
#10069 = CARTESIAN_POINT('',(11.286033650657,-6.754559954416,0.));
#10070 = CARTESIAN_POINT('',(11.397164392512,-6.771183278185,0.));
#10071 = CARTESIAN_POINT('',(11.51474386298,-6.786083976893,0.));
#10072 = CARTESIAN_POINT('',(11.638747644342,-6.798980614624,0.));
#10073 = CARTESIAN_POINT('',(11.769141924457,-6.809592058274,0.));
#10074 = CARTESIAN_POINT('',(11.905883516601,-6.817637729793,0.));
#10075 = CARTESIAN_POINT('',(12.048919800727,-6.822837997063,0.));
#10076 = CARTESIAN_POINT('',(12.198189017397,-6.824914011327,0.));
#10077 = CARTESIAN_POINT('',(12.353619198532,-6.823589743805,0.));
#10078 = CARTESIAN_POINT('',(12.459244811237,-6.820316964437,0.));
#10079 = CARTESIAN_POINT('',(12.51305621065,-6.818058687714,0.));
#10080 = VECTOR('',#10081,1.);
#10081 = DIRECTION('',(-0.,-0.,-1.));
#10082 = ADVANCED_FACE('',(#10083),#10103,.T.);
#10083 = FACE_BOUND('',#10084,.T.);
#10084 = EDGE_LOOP('',(#10085,#10086,#10087,#10097));
#10085 = ORIENTED_EDGE('',*,*,#3318,.F.);
#10086 = ORIENTED_EDGE('',*,*,#10051,.T.);
#10087 = ORIENTED_EDGE('',*,*,#10088,.F.);
#10088 = EDGE_CURVE('',#10089,#10009,#10091,.T.);
#10089 = VERTEX_POINT('',#10090);
#10090 = CARTESIAN_POINT('',(12.71937840384,-6.424944592751,3.51));
#10091 = B_SPLINE_CURVE_WITH_KNOTS('',4,(#10092,#10093,#10094,#10095,
    #10096),.UNSPECIFIED.,.F.,.F.,(5,5),(0.,1.),
  .PIECEWISE_BEZIER_KNOTS.);
#10092 = CARTESIAN_POINT('',(12.71937840384,-6.424944592751,3.51));
#10093 = CARTESIAN_POINT('',(12.667797855543,-6.523223116492,3.51));
#10094 = CARTESIAN_POINT('',(12.616217307245,-6.621501640232,3.51));
#10095 = CARTESIAN_POINT('',(12.564636758948,-6.719780163973,3.51));
#10096 = CARTESIAN_POINT('',(12.51305621065,-6.818058687714,3.51));
#10097 = ORIENTED_EDGE('',*,*,#10098,.F.);
#10098 = EDGE_CURVE('',#3319,#10089,#10099,.T.);
#10099 = LINE('',#10100,#10101);
#10100 = CARTESIAN_POINT('',(12.71937840384,-6.424944592751,0.));
#10101 = VECTOR('',#10102,1.);
#10102 = DIRECTION('',(0.,0.,1.));
#10103 = SURFACE_OF_LINEAR_EXTRUSION('',#10104,#10107);
#10104 = B_SPLINE_CURVE_WITH_KNOTS('',1,(#10105,#10106),.UNSPECIFIED.,
  .F.,.F.,(2,2),(0.,0.443967948237),.PIECEWISE_BEZIER_KNOTS.);
#10105 = CARTESIAN_POINT('',(12.51305621065,-6.818058687714,0.));
#10106 = CARTESIAN_POINT('',(12.71937840384,-6.424944592751,0.));
#10107 = VECTOR('',#10108,1.);
#10108 = DIRECTION('',(-0.,-0.,-1.));
#10109 = ADVANCED_FACE('',(#10110),#10189,.T.);
#10110 = FACE_BOUND('',#10111,.T.);
#10111 = EDGE_LOOP('',(#10112,#10113,#10114,#10145,#10156,#10183));
#10112 = ORIENTED_EDGE('',*,*,#3325,.F.);
#10113 = ORIENTED_EDGE('',*,*,#10098,.T.);
#10114 = ORIENTED_EDGE('',*,*,#10115,.F.);
#10115 = EDGE_CURVE('',#10116,#10089,#10118,.T.);
#10116 = VERTEX_POINT('',#10117);
#10117 = CARTESIAN_POINT('',(12.685008469348,-6.370917134336,3.51));
#10118 = B_SPLINE_CURVE_WITH_KNOTS('',7,(#10119,#10120,#10121,#10122,
    #10123,#10124,#10125,#10126,#10127,#10128,#10129,#10130,#10131,
    #10132,#10133,#10134,#10135,#10136,#10137,#10138,#10139,#10140,
    #10141,#10142,#10143,#10144),.UNSPECIFIED.,.F.,.F.,(8,6,6,6,8),(0.,
    6.500064050263E-02,0.278003844969,0.798008401284,1.),.UNSPECIFIED.);
#10119 = CARTESIAN_POINT('',(11.373615504943,-4.939723711475,3.51));
#10120 = CARTESIAN_POINT('',(11.389264681848,-4.950030581032,3.51));
#10121 = CARTESIAN_POINT('',(11.404810848801,-4.960492878713,3.51));
#10122 = CARTESIAN_POINT('',(11.420257164466,-4.971102484428,3.51));
#10123 = CARTESIAN_POINT('',(11.435605565863,-4.981853840021,3.51));
#10124 = CARTESIAN_POINT('',(11.450860097706,-4.992737936688,3.51));
#10125 = CARTESIAN_POINT('',(11.466025948031,-5.003743988978,3.51));
#10126 = CARTESIAN_POINT('',(11.530514685916,-5.051324119435,3.51));
#10127 = CARTESIAN_POINT('',(11.57898496307,-5.089050686529,3.51));
#10128 = CARTESIAN_POINT('',(11.626604974174,-5.127853424715,3.51));
#10129 = CARTESIAN_POINT('',(11.673422300918,-5.167617306022,3.51));
#10130 = CARTESIAN_POINT('',(11.719472213772,-5.208257719391,3.51));
#10131 = CARTESIAN_POINT('',(11.764789240038,-5.249701093883,3.51));
#10132 = CARTESIAN_POINT('',(11.918309040069,-5.394905607269,3.51));
#10133 = CARTESIAN_POINT('',(12.022990701985,-5.50236473711,3.51));
#10134 = CARTESIAN_POINT('',(12.123839291114,-5.613470738798,3.51));
#10135 = CARTESIAN_POINT('',(12.221038175033,-5.727770038088,3.51));
#10136 = CARTESIAN_POINT('',(12.314762573448,-5.844879204779,3.51));
#10137 = CARTESIAN_POINT('',(12.405147581825,-5.964522349772,3.51));
#10138 = CARTESIAN_POINT('',(12.526185632417,-6.133855923263,3.51));
#10139 = CARTESIAN_POINT('',(12.559562069506,-6.181577739944,3.51));
#10140 = CARTESIAN_POINT('',(12.592460340362,-6.229631809998,3.51));
#10141 = CARTESIAN_POINT('',(12.624885104097,-6.278007347108,3.51));
#10142 = CARTESIAN_POINT('',(12.656841811163,-6.326693032802,3.51));
#10143 = CARTESIAN_POINT('',(12.688337520808,-6.375675948648,3.51));
#10144 = CARTESIAN_POINT('',(12.71937840384,-6.424944592751,3.51));
#10145 = ORIENTED_EDGE('',*,*,#10146,.F.);
#10146 = EDGE_CURVE('',#10147,#10116,#10149,.T.);
#10147 = VERTEX_POINT('',#10148);
#10148 = CARTESIAN_POINT('',(12.685008469348,-6.370917134336,4.));
#10149 = B_SPLINE_CURVE_WITH_KNOTS('',5,(#10150,#10151,#10152,#10153,
    #10154,#10155),.UNSPECIFIED.,.F.,.F.,(6,6),(0.,1.),
  .PIECEWISE_BEZIER_KNOTS.);
#10150 = CARTESIAN_POINT('',(12.685008469348,-6.370917134336,4.0000006)
  );
#10151 = CARTESIAN_POINT('',(12.685008469348,-6.370917134336,
    3.893700524585));
#10152 = CARTESIAN_POINT('',(12.685008469348,-6.370917134336,
    3.807051538322));
#10153 = CARTESIAN_POINT('',(12.685008469348,-6.370917134336,
    3.699906479312));
#10154 = CARTESIAN_POINT('',(12.685008469348,-6.370917134336,
    3.58119590178));
#10155 = CARTESIAN_POINT('',(12.685008469348,-6.370917134336,3.5099994)
  );
#10156 = ORIENTED_EDGE('',*,*,#10157,.T.);
#10157 = EDGE_CURVE('',#10147,#10158,#10160,.T.);
#10158 = VERTEX_POINT('',#10159);
#10159 = CARTESIAN_POINT('',(11.373615504943,-4.939723711475,4.));
#10160 = B_SPLINE_CURVE_WITH_KNOTS('',3,(#10161,#10162,#10163,#10164,
    #10165,#10166,#10167,#10168,#10169,#10170,#10171,#10172,#10173,
    #10174,#10175,#10176,#10177,#10178,#10179,#10180,#10181,#10182),
  .UNSPECIFIED.,.F.,.F.,(4,1,1,1,1,1,1,1,1,1,1,1,1,1,1,1,1,1,1,4),(0.,
    0.161575449659,0.316998684245,0.466269703761,0.609388508206,
    0.746355097584,0.877169471895,1.001831631143,1.120341575329,
    1.232699304458,1.338904818531,1.438958117555,1.532859201532,
    1.620608070471,1.702204724377,1.777649163261,1.846941387134,
    1.910081396012,1.967069189913,2.017904768867),.UNSPECIFIED.);
#10161 = CARTESIAN_POINT('',(12.71937840384,-6.424944592751,4.));
#10162 = CARTESIAN_POINT('',(12.690668570169,-6.379375831838,4.));
#10163 = CARTESIAN_POINT('',(12.633359827856,-6.290588506174,4.));
#10164 = CARTESIAN_POINT('',(12.546155272181,-6.161919705132,4.));
#10165 = CARTESIAN_POINT('',(12.459652166173,-6.040252858655,4.));
#10166 = CARTESIAN_POINT('',(12.374118559596,-5.925490393092,4.));
#10167 = CARTESIAN_POINT('',(12.289819023837,-5.817524731315,4.));
#10168 = CARTESIAN_POINT('',(12.20701358321,-5.716240329625,4.));
#10169 = CARTESIAN_POINT('',(12.12595768178,-5.621513343501,4.));
#10170 = CARTESIAN_POINT('',(12.046901895041,-5.533211897983,4.));
#10171 = CARTESIAN_POINT('',(11.970091711055,-5.451196214638,4.));
#10172 = CARTESIAN_POINT('',(11.895767300155,-5.375318781859,4.));
#10173 = CARTESIAN_POINT('',(11.824163292732,-5.305424523761,4.));
#10174 = CARTESIAN_POINT('',(11.755508563517,-5.241350971555,4.));
#10175 = CARTESIAN_POINT('',(11.690026012532,-5.182928460383,4.));
#10176 = CARTESIAN_POINT('',(11.627932380521,-5.129980264336,4.));
#10177 = CARTESIAN_POINT('',(11.569437971677,-5.082322964114,4.));
#10178 = CARTESIAN_POINT('',(11.514746707741,-5.039766066447,4.));
#10179 = CARTESIAN_POINT('',(11.4640551162,-5.002114107908,4.));
#10180 = CARTESIAN_POINT('',(11.417554807275,-4.969160706497,4.));
#10181 = CARTESIAN_POINT('',(11.387767872912,-4.949044751902,4.));
#10182 = CARTESIAN_POINT('',(11.373615504943,-4.939723711475,4.));
#10183 = ORIENTED_EDGE('',*,*,#10184,.F.);
#10184 = EDGE_CURVE('',#3326,#10158,#10185,.T.);
#10185 = LINE('',#10186,#10187);
#10186 = CARTESIAN_POINT('',(11.373615504943,-4.939723711475,0.));
#10187 = VECTOR('',#10188,1.);
#10188 = DIRECTION('',(0.,0.,1.));
#10189 = SURFACE_OF_LINEAR_EXTRUSION('',#10190,#10213);
#10190 = B_SPLINE_CURVE_WITH_KNOTS('',3,(#10191,#10192,#10193,#10194,
    #10195,#10196,#10197,#10198,#10199,#10200,#10201,#10202,#10203,
    #10204,#10205,#10206,#10207,#10208,#10209,#10210,#10211,#10212),
  .UNSPECIFIED.,.F.,.F.,(4,1,1,1,1,1,1,1,1,1,1,1,1,1,1,1,1,1,1,4),(0.,
    0.161575449659,0.316998684245,0.466269703761,0.609388508206,
    0.746355097584,0.877169471895,1.001831631143,1.120341575329,
    1.232699304458,1.338904818531,1.438958117555,1.532859201532,
    1.620608070471,1.702204724377,1.777649163261,1.846941387134,
    1.910081396012,1.967069189913,2.017904768867),.UNSPECIFIED.);
#10191 = CARTESIAN_POINT('',(12.71937840384,-6.424944592751,0.));
#10192 = CARTESIAN_POINT('',(12.690668570169,-6.379375831838,0.));
#10193 = CARTESIAN_POINT('',(12.633359827856,-6.290588506174,0.));
#10194 = CARTESIAN_POINT('',(12.546155272181,-6.161919705132,0.));
#10195 = CARTESIAN_POINT('',(12.459652166173,-6.040252858655,0.));
#10196 = CARTESIAN_POINT('',(12.374118559596,-5.925490393092,0.));
#10197 = CARTESIAN_POINT('',(12.289819023837,-5.817524731315,0.));
#10198 = CARTESIAN_POINT('',(12.20701358321,-5.716240329625,0.));
#10199 = CARTESIAN_POINT('',(12.12595768178,-5.621513343501,0.));
#10200 = CARTESIAN_POINT('',(12.046901895041,-5.533211897983,0.));
#10201 = CARTESIAN_POINT('',(11.970091711055,-5.451196214638,0.));
#10202 = CARTESIAN_POINT('',(11.895767300155,-5.375318781859,0.));
#10203 = CARTESIAN_POINT('',(11.824163292732,-5.305424523761,0.));
#10204 = CARTESIAN_POINT('',(11.755508563517,-5.241350971555,0.));
#10205 = CARTESIAN_POINT('',(11.690026012532,-5.182928460383,0.));
#10206 = CARTESIAN_POINT('',(11.627932380521,-5.129980264336,0.));
#10207 = CARTESIAN_POINT('',(11.569437971677,-5.082322964114,0.));
#10208 = CARTESIAN_POINT('',(11.514746707741,-5.039766066447,0.));
#10209 = CARTESIAN_POINT('',(11.4640551162,-5.002114107908,0.));
#10210 = CARTESIAN_POINT('',(11.417554807275,-4.969160706497,0.));
#10211 = CARTESIAN_POINT('',(11.387767872912,-4.949044751902,0.));
#10212 = CARTESIAN_POINT('',(11.373615504943,-4.939723711475,0.));
#10213 = VECTOR('',#10214,1.);
#10214 = DIRECTION('',(-0.,-0.,-1.));
#10215 = ADVANCED_FACE('',(#10216),#10233,.T.);
#10216 = FACE_BOUND('',#10217,.T.);
#10217 = EDGE_LOOP('',(#10218,#10219,#10226,#10232));
#10218 = ORIENTED_EDGE('',*,*,#10184,.T.);
#10219 = ORIENTED_EDGE('',*,*,#10220,.T.);
#10220 = EDGE_CURVE('',#10158,#10221,#10223,.T.);
#10221 = VERTEX_POINT('',#10222);
#10222 = CARTESIAN_POINT('',(11.788916169544,-3.844665856412,4.));
#10223 = B_SPLINE_CURVE_WITH_KNOTS('',1,(#10224,#10225),.UNSPECIFIED.,
  .F.,.F.,(2,2),(0.,1.171164526424),.PIECEWISE_BEZIER_KNOTS.);
#10224 = CARTESIAN_POINT('',(11.373615504943,-4.939723711475,4.));
#10225 = CARTESIAN_POINT('',(11.788916169544,-3.844665856412,4.));
#10226 = ORIENTED_EDGE('',*,*,#10227,.F.);
#10227 = EDGE_CURVE('',#3353,#10221,#10228,.T.);
#10228 = LINE('',#10229,#10230);
#10229 = CARTESIAN_POINT('',(11.788916169544,-3.844665856412,0.));
#10230 = VECTOR('',#10231,1.);
#10231 = DIRECTION('',(0.,0.,1.));
#10232 = ORIENTED_EDGE('',*,*,#3352,.F.);
#10233 = SURFACE_OF_LINEAR_EXTRUSION('',#10234,#10237);
#10234 = B_SPLINE_CURVE_WITH_KNOTS('',1,(#10235,#10236),.UNSPECIFIED.,
  .F.,.F.,(2,2),(0.,1.171164526424),.PIECEWISE_BEZIER_KNOTS.);
#10235 = CARTESIAN_POINT('',(11.373615504943,-4.939723711475,0.));
#10236 = CARTESIAN_POINT('',(11.788916169544,-3.844665856412,0.));
#10237 = VECTOR('',#10238,1.);
#10238 = DIRECTION('',(-0.,-0.,-1.));
#10239 = ADVANCED_FACE('',(#10240),#10331,.T.);
#10240 = FACE_BOUND('',#10241,.T.);
#10241 = EDGE_LOOP('',(#10242,#10243,#10244,#10271,#10282,#10325));
#10242 = ORIENTED_EDGE('',*,*,#3359,.F.);
#10243 = ORIENTED_EDGE('',*,*,#10227,.T.);
#10244 = ORIENTED_EDGE('',*,*,#10245,.T.);
#10245 = EDGE_CURVE('',#10221,#10246,#10248,.T.);
#10246 = VERTEX_POINT('',#10247);
#10247 = CARTESIAN_POINT('',(13.719564685501,-3.643016585243,4.));
#10248 = B_SPLINE_CURVE_WITH_KNOTS('',3,(#10249,#10250,#10251,#10252,
    #10253,#10254,#10255,#10256,#10257,#10258,#10259,#10260,#10261,
    #10262,#10263,#10264,#10265,#10266,#10267,#10268,#10269,#10270),
  .UNSPECIFIED.,.F.,.F.,(4,1,1,1,1,1,1,1,1,1,1,1,1,1,1,1,1,1,1,4),(0.,
    5.083557895354E-02,0.107823372855,0.170963381733,0.240255605606,
    0.31570004449,0.397296698396,0.485045567335,0.578946651312,
    0.678999950336,0.785205464409,0.897563193537,1.016073137724,
    1.140735296972,1.271549671283,1.408516260661,1.551635065106,
    1.700906084621,1.856329319208,2.017904768867),.UNSPECIFIED.);
#10249 = CARTESIAN_POINT('',(11.788916169544,-3.844665856412,4.));
#10250 = CARTESIAN_POINT('',(11.805690362186,-3.847073713336,4.));
#10251 = CARTESIAN_POINT('',(11.841325547996,-3.851769096208,4.));
#10252 = CARTESIAN_POINT('',(11.897983676162,-3.857938529526,4.));
#10253 = CARTESIAN_POINT('',(11.960894744106,-3.863370376803,4.));
#10254 = CARTESIAN_POINT('',(12.030052186101,-3.867783097814,4.));
#10255 = CARTESIAN_POINT('',(12.105438515436,-3.870900064254,4.));
#10256 = CARTESIAN_POINT('',(12.187027414901,-3.872443464735,4.));
#10257 = CARTESIAN_POINT('',(12.27478309904,-3.872136550466,4.));
#10258 = CARTESIAN_POINT('',(12.368660526032,-3.869703314504,4.));
#10259 = CARTESIAN_POINT('',(12.468605361426,-3.864868950826,4.));
#10260 = CARTESIAN_POINT('',(12.574554026761,-3.857360077775,4.));
#10261 = CARTESIAN_POINT('',(12.686433733001,-3.846905030657,4.));
#10262 = CARTESIAN_POINT('',(12.804162528359,-3.83323413306,4.));
#10263 = CARTESIAN_POINT('',(12.927649352628,-3.816079970626,4.));
#10264 = CARTESIAN_POINT('',(13.056794096631,-3.795177671245,4.));
#10265 = CARTESIAN_POINT('',(13.191487681849,-3.770265145212,4.));
#10266 = CARTESIAN_POINT('',(13.331612096932,-3.741083478814,4.));
#10267 = CARTESIAN_POINT('',(13.477040644184,-3.707376706131,4.));
#10268 = CARTESIAN_POINT('',(13.627637388776,-3.668894042367,4.));
#10269 = CARTESIAN_POINT('',(13.729410485774,-3.640438500349,4.));
#10270 = CARTESIAN_POINT('',(13.781117782725,-3.625367934248,4.));
#10271 = ORIENTED_EDGE('',*,*,#10272,.T.);
#10272 = EDGE_CURVE('',#10246,#10273,#10275,.T.);
#10273 = VERTEX_POINT('',#10274);
#10274 = CARTESIAN_POINT('',(13.719564685501,-3.643016585243,3.51));
#10275 = B_SPLINE_CURVE_WITH_KNOTS('',5,(#10276,#10277,#10278,#10279,
    #10280,#10281),.UNSPECIFIED.,.F.,.F.,(6,6),(0.,1.),
  .PIECEWISE_BEZIER_KNOTS.);
#10276 = CARTESIAN_POINT('',(13.719564685501,-3.643016585243,4.0000006)
  );
#10277 = CARTESIAN_POINT('',(13.719564685501,-3.643016585243,
    3.893700524585));
#10278 = CARTESIAN_POINT('',(13.719564685501,-3.643016585243,
    3.807051538322));
#10279 = CARTESIAN_POINT('',(13.719564685501,-3.643016585243,
    3.699906479312));
#10280 = CARTESIAN_POINT('',(13.719564685501,-3.643016585243,
    3.58119590178));
#10281 = CARTESIAN_POINT('',(13.719564685501,-3.643016585243,3.5099994)
  );
#10282 = ORIENTED_EDGE('',*,*,#10283,.F.);
#10283 = EDGE_CURVE('',#10284,#10273,#10286,.T.);
#10284 = VERTEX_POINT('',#10285);
#10285 = CARTESIAN_POINT('',(13.781117782725,-3.625367934248,3.51));
#10286 = B_SPLINE_CURVE_WITH_KNOTS('',7,(#10287,#10288,#10289,#10290,
    #10291,#10292,#10293,#10294,#10295,#10296,#10297,#10298,#10299,
    #10300,#10301,#10302,#10303,#10304,#10305,#10306,#10307,#10308,
    #10309,#10310,#10311,#10312,#10313,#10314,#10315,#10316,#10317,
    #10318,#10319,#10320,#10321,#10322,#10323,#10324),.UNSPECIFIED.,.F.,
  .F.,(8,6,6,6,6,6,8),(0.,0.295998538491,0.591998255968,0.820999393952,
    0.894999573716,0.968999916493,1.),.UNSPECIFIED.);
#10287 = CARTESIAN_POINT('',(13.781117782725,-3.625367934248,3.51));
#10288 = CARTESIAN_POINT('',(13.69919661761,-3.649244609433,3.51));
#10289 = CARTESIAN_POINT('',(13.616951422429,-3.672014899376,3.51));
#10290 = CARTESIAN_POINT('',(13.534391853468,-3.693635875504,3.51));
#10291 = CARTESIAN_POINT('',(13.451527580433,-3.714066475811,3.51));
#10292 = CARTESIAN_POINT('',(13.368370655622,-3.733275878225,3.51));
#10293 = CARTESIAN_POINT('',(13.284934601606,-3.751205908807,3.51));
#10294 = CARTESIAN_POINT('',(13.11753427935,-3.784406882428,3.51));
#10295 = CARTESIAN_POINT('',(13.033571004503,-3.799677177141,3.51));
#10296 = CARTESIAN_POINT('',(12.949358977965,-3.813562919039,3.51));
#10297 = CARTESIAN_POINT('',(12.864916106549,-3.82600207824,3.51));
#10298 = CARTESIAN_POINT('',(12.780263799922,-3.836924543541,3.51));
#10299 = CARTESIAN_POINT('',(12.695427469459,-3.846247361751,3.51));
#10300 = CARTESIAN_POINT('',(12.544685151482,-3.859759466599,3.51));
#10301 = CARTESIAN_POINT('',(12.478842411625,-3.864633206306,3.51));
#10302 = CARTESIAN_POINT('',(12.412922453524,-3.868438785389,3.51));
#10303 = CARTESIAN_POINT('',(12.346942620403,-3.871118857095,3.51));
#10304 = CARTESIAN_POINT('',(12.280924505671,-3.872607237141,3.51));
#10305 = CARTESIAN_POINT('',(12.214895176421,-3.872820924173,3.51));
#10306 = CARTESIAN_POINT('',(12.127560572716,-3.871263235845,3.51));
#10307 = CARTESIAN_POINT('',(12.10623405511,-3.870737168014,3.51));
#10308 = CARTESIAN_POINT('',(12.084911200877,-3.870062752974,3.51));
#10309 = CARTESIAN_POINT('',(12.063593677897,-3.86923430457,3.51));
#10310 = CARTESIAN_POINT('',(12.04228304297,-3.868246973061,3.51));
#10311 = CARTESIAN_POINT('',(12.020980768453,-3.867096654664,3.51));
#10312 = CARTESIAN_POINT('',(11.978397376101,-3.864455326912,3.51));
#10313 = CARTESIAN_POINT('',(11.957116499243,-3.86296377519,3.51));
#10314 = CARTESIAN_POINT('',(11.935847484504,-3.861298468288,3.51));
#10315 = CARTESIAN_POINT('',(11.914594589616,-3.859444747603,3.51));
#10316 = CARTESIAN_POINT('',(11.89335799716,-3.857403861263,3.51));
#10317 = CARTESIAN_POINT('',(11.872142575448,-3.8551605655,3.51));
#10318 = CARTESIAN_POINT('',(11.842075225588,-3.851671276273,3.51));
#10319 = CARTESIAN_POINT('',(11.833202630818,-3.850603250403,3.51));
#10320 = CARTESIAN_POINT('',(11.82433474305,-3.849496507573,3.51));
#10321 = CARTESIAN_POINT('',(11.815471853986,-3.848350207152,3.51));
#10322 = CARTESIAN_POINT('',(11.806614260227,-3.847163528668,3.51));
#10323 = CARTESIAN_POINT('',(11.797762263278,-3.845935671807,3.51));
#10324 = CARTESIAN_POINT('',(11.788916169544,-3.844665856412,3.51));
#10325 = ORIENTED_EDGE('',*,*,#10326,.F.);
#10326 = EDGE_CURVE('',#3360,#10284,#10327,.T.);
#10327 = LINE('',#10328,#10329);
#10328 = CARTESIAN_POINT('',(13.781117782725,-3.625367934248,0.));
#10329 = VECTOR('',#10330,1.);
#10330 = DIRECTION('',(0.,0.,1.));
#10331 = SURFACE_OF_LINEAR_EXTRUSION('',#10332,#10355);
#10332 = B_SPLINE_CURVE_WITH_KNOTS('',3,(#10333,#10334,#10335,#10336,
    #10337,#10338,#10339,#10340,#10341,#10342,#10343,#10344,#10345,
    #10346,#10347,#10348,#10349,#10350,#10351,#10352,#10353,#10354),
  .UNSPECIFIED.,.F.,.F.,(4,1,1,1,1,1,1,1,1,1,1,1,1,1,1,1,1,1,1,4),(0.,
    5.083557895354E-02,0.107823372855,0.170963381733,0.240255605606,
    0.31570004449,0.397296698396,0.485045567335,0.578946651312,
    0.678999950336,0.785205464409,0.897563193537,1.016073137724,
    1.140735296972,1.271549671283,1.408516260661,1.551635065106,
    1.700906084621,1.856329319208,2.017904768867),.UNSPECIFIED.);
#10333 = CARTESIAN_POINT('',(11.788916169544,-3.844665856412,0.));
#10334 = CARTESIAN_POINT('',(11.805690362186,-3.847073713336,0.));
#10335 = CARTESIAN_POINT('',(11.841325547996,-3.851769096208,0.));
#10336 = CARTESIAN_POINT('',(11.897983676162,-3.857938529526,0.));
#10337 = CARTESIAN_POINT('',(11.960894744106,-3.863370376803,0.));
#10338 = CARTESIAN_POINT('',(12.030052186101,-3.867783097814,0.));
#10339 = CARTESIAN_POINT('',(12.105438515436,-3.870900064254,0.));
#10340 = CARTESIAN_POINT('',(12.187027414901,-3.872443464735,0.));
#10341 = CARTESIAN_POINT('',(12.27478309904,-3.872136550466,0.));
#10342 = CARTESIAN_POINT('',(12.368660526032,-3.869703314504,0.));
#10343 = CARTESIAN_POINT('',(12.468605361426,-3.864868950826,0.));
#10344 = CARTESIAN_POINT('',(12.574554026761,-3.857360077775,0.));
#10345 = CARTESIAN_POINT('',(12.686433733001,-3.846905030657,0.));
#10346 = CARTESIAN_POINT('',(12.804162528359,-3.83323413306,0.));
#10347 = CARTESIAN_POINT('',(12.927649352628,-3.816079970626,0.));
#10348 = CARTESIAN_POINT('',(13.056794096631,-3.795177671245,0.));
#10349 = CARTESIAN_POINT('',(13.191487681849,-3.770265145212,0.));
#10350 = CARTESIAN_POINT('',(13.331612096932,-3.741083478814,0.));
#10351 = CARTESIAN_POINT('',(13.477040644184,-3.707376706131,0.));
#10352 = CARTESIAN_POINT('',(13.627637388776,-3.668894042367,0.));
#10353 = CARTESIAN_POINT('',(13.729410485774,-3.640438500349,0.));
#10354 = CARTESIAN_POINT('',(13.781117782725,-3.625367934248,0.));
#10355 = VECTOR('',#10356,1.);
#10356 = DIRECTION('',(-0.,-0.,-1.));
#10357 = ADVANCED_FACE('',(#10358),#10378,.T.);
#10358 = FACE_BOUND('',#10359,.T.);
#10359 = EDGE_LOOP('',(#10360,#10361,#10362,#10372));
#10360 = ORIENTED_EDGE('',*,*,#3386,.F.);
#10361 = ORIENTED_EDGE('',*,*,#10326,.T.);
#10362 = ORIENTED_EDGE('',*,*,#10363,.F.);
#10363 = EDGE_CURVE('',#10364,#10284,#10366,.T.);
#10364 = VERTEX_POINT('',#10365);
#10365 = CARTESIAN_POINT('',(13.887366267179,-3.194300887707,3.51));
#10366 = B_SPLINE_CURVE_WITH_KNOTS('',4,(#10367,#10368,#10369,#10370,
    #10371),.UNSPECIFIED.,.F.,.F.,(5,5),(0.,1.),
  .PIECEWISE_BEZIER_KNOTS.);
#10367 = CARTESIAN_POINT('',(13.887366267179,-3.194300887707,3.51));
#10368 = CARTESIAN_POINT('',(13.860804146066,-3.302067649342,3.51));
#10369 = CARTESIAN_POINT('',(13.834242024952,-3.409834410977,3.51));
#10370 = CARTESIAN_POINT('',(13.807679903838,-3.517601172612,3.51));
#10371 = CARTESIAN_POINT('',(13.781117782725,-3.625367934248,3.51));
#10372 = ORIENTED_EDGE('',*,*,#10373,.F.);
#10373 = EDGE_CURVE('',#3387,#10364,#10374,.T.);
#10374 = LINE('',#10375,#10376);
#10375 = CARTESIAN_POINT('',(13.887366267179,-3.194300887707,0.));
#10376 = VECTOR('',#10377,1.);
#10377 = DIRECTION('',(0.,0.,1.));
#10378 = SURFACE_OF_LINEAR_EXTRUSION('',#10379,#10382);
#10379 = B_SPLINE_CURVE_WITH_KNOTS('',1,(#10380,#10381),.UNSPECIFIED.,
  .F.,.F.,(2,2),(0.,0.443967948237),.PIECEWISE_BEZIER_KNOTS.);
#10380 = CARTESIAN_POINT('',(13.781117782725,-3.625367934248,0.));
#10381 = CARTESIAN_POINT('',(13.887366267179,-3.194300887707,0.));
#10382 = VECTOR('',#10383,1.);
#10383 = DIRECTION('',(-0.,-0.,-1.));
#10384 = ADVANCED_FACE('',(#10385),#10464,.T.);
#10385 = FACE_BOUND('',#10386,.T.);
#10386 = EDGE_LOOP('',(#10387,#10388,#10389,#10420,#10431,#10458));
#10387 = ORIENTED_EDGE('',*,*,#3393,.F.);
#10388 = ORIENTED_EDGE('',*,*,#10373,.T.);
#10389 = ORIENTED_EDGE('',*,*,#10390,.F.);
#10390 = EDGE_CURVE('',#10391,#10364,#10393,.T.);
#10391 = VERTEX_POINT('',#10392);
#10392 = CARTESIAN_POINT('',(13.841065443418,-3.150068632748,3.51));
#10393 = B_SPLINE_CURVE_WITH_KNOTS('',7,(#10394,#10395,#10396,#10397,
    #10398,#10399,#10400,#10401,#10402,#10403,#10404,#10405,#10406,
    #10407,#10408,#10409,#10410,#10411,#10412,#10413,#10414,#10415,
    #10416,#10417,#10418,#10419),.UNSPECIFIED.,.F.,.F.,(8,6,6,6,8),(0.,
    6.500064050264E-02,0.27800384497,0.798008401284,1.),.UNSPECIFIED.);
#10394 = CARTESIAN_POINT('',(12.225272170484,-2.074299968086,3.51));
#10395 = CARTESIAN_POINT('',(12.242933206084,-2.080562245579,3.51));
#10396 = CARTESIAN_POINT('',(12.260531421398,-2.087000086632,3.51));
#10397 = CARTESIAN_POINT('',(12.278067940042,-2.093604851192,3.51));
#10398 = CARTESIAN_POINT('',(12.295543312594,-2.100370679056,3.51));
#10399 = CARTESIAN_POINT('',(12.312959310291,-2.107287855234,3.51));
#10400 = CARTESIAN_POINT('',(12.330318389282,-2.114344666101,3.51));
#10401 = CARTESIAN_POINT('',(12.404319872176,-2.145109039294,3.51));
#10402 = CARTESIAN_POINT('',(12.460410249632,-2.170139644339,3.51));
#10403 = CARTESIAN_POINT('',(12.515932612824,-2.196418630883,3.51));
#10404 = CARTESIAN_POINT('',(12.570905632809,-2.223822926418,3.51));
#10405 = CARTESIAN_POINT('',(12.625343306411,-2.25226193775,3.51));
#10406 = CARTESIAN_POINT('',(12.67926155095,-2.281655968855,3.51));
#10407 = CARTESIAN_POINT('',(12.863070059183,-2.385901410055,3.51));
#10408 = CARTESIAN_POINT('',(12.990426515295,-2.465186011421,3.51));
#10409 = CARTESIAN_POINT('',(13.114934034311,-2.548928827528,3.51));
#10410 = CARTESIAN_POINT('',(13.23666210805,-2.636645581438,3.51));
#10411 = CARTESIAN_POINT('',(13.355689103807,-2.727922051916,3.51));
#10412 = CARTESIAN_POINT('',(13.472080166829,-2.822458036237,3.51));
#10413 = CARTESIAN_POINT('',(13.630125248275,-2.957904782351,3.51));
#10414 = CARTESIAN_POINT('',(13.673952405021,-2.996252385557,3.51));
#10415 = CARTESIAN_POINT('',(13.717394803613,-3.035037020127,3.51));
#10416 = CARTESIAN_POINT('',(13.760454386442,-3.074247098174,3.51));
#10417 = CARTESIAN_POINT('',(13.803133736893,-3.113870325744,3.51));
#10418 = CARTESIAN_POINT('',(13.845436617502,-3.153892470403,3.51));
#10419 = CARTESIAN_POINT('',(13.887366267179,-3.194300887707,3.51));
#10420 = ORIENTED_EDGE('',*,*,#10421,.F.);
#10421 = EDGE_CURVE('',#10422,#10391,#10424,.T.);
#10422 = VERTEX_POINT('',#10423);
#10423 = CARTESIAN_POINT('',(13.841065443418,-3.150068632748,4.));
#10424 = B_SPLINE_CURVE_WITH_KNOTS('',5,(#10425,#10426,#10427,#10428,
    #10429,#10430),.UNSPECIFIED.,.F.,.F.,(6,6),(0.,1.),
  .PIECEWISE_BEZIER_KNOTS.);
#10425 = CARTESIAN_POINT('',(13.841065443418,-3.150068632748,4.0000006)
  );
#10426 = CARTESIAN_POINT('',(13.841065443418,-3.150068632748,
    3.893700524585));
#10427 = CARTESIAN_POINT('',(13.841065443418,-3.150068632748,
    3.807051538322));
#10428 = CARTESIAN_POINT('',(13.841065443418,-3.150068632748,
    3.699906479312));
#10429 = CARTESIAN_POINT('',(13.841065443418,-3.150068632748,
    3.58119590178));
#10430 = CARTESIAN_POINT('',(13.841065443418,-3.150068632748,3.5099994)
  );
#10431 = ORIENTED_EDGE('',*,*,#10432,.T.);
#10432 = EDGE_CURVE('',#10422,#10433,#10435,.T.);
#10433 = VERTEX_POINT('',#10434);
#10434 = CARTESIAN_POINT('',(12.225272170484,-2.074299968086,4.));
#10435 = B_SPLINE_CURVE_WITH_KNOTS('',3,(#10436,#10437,#10438,#10439,
    #10440,#10441,#10442,#10443,#10444,#10445,#10446,#10447,#10448,
    #10449,#10450,#10451,#10452,#10453,#10454,#10455,#10456,#10457),
  .UNSPECIFIED.,.F.,.F.,(4,1,1,1,1,1,1,1,1,1,1,1,1,1,1,1,1,1,1,4),(0.,
    0.161575449659,0.316998684245,0.466269703761,0.609388508206,
    0.746355097584,0.877169471895,1.001831631143,1.120341575329,
    1.232699304458,1.338904818531,1.438958117555,1.532859201532,
    1.620608070471,1.702204724377,1.777649163261,1.846941387134,
    1.910081396012,1.967069189913,2.017904768867),.UNSPECIFIED.);
#10436 = CARTESIAN_POINT('',(13.887366267179,-3.194300887707,4.));
#10437 = CARTESIAN_POINT('',(13.848585370808,-3.156926985086,4.));
#10438 = CARTESIAN_POINT('',(13.77169371857,-3.084434537477,4.));
#10439 = CARTESIAN_POINT('',(13.656230709201,-2.980374034118,4.));
#10440 = CARTESIAN_POINT('',(13.543124444054,-2.882944153356,4.));
#10441 = CARTESIAN_POINT('',(13.432611832952,-2.791986008347,4.));
#10442 = CARTESIAN_POINT('',(13.324924014425,-2.707331831881,4.));
#10443 = CARTESIAN_POINT('',(13.220285805538,-2.628807209857,4.));
#10444 = CARTESIAN_POINT('',(13.11891558968,-2.556230764685,4.));
#10445 = CARTESIAN_POINT('',(13.021025101334,-2.489414486812,4.));
#10446 = CARTESIAN_POINT('',(12.926819243956,-2.428163910372,4.));
#10447 = CARTESIAN_POINT('',(12.836495907128,-2.372278333655,4.));
#10448 = CARTESIAN_POINT('',(12.750245791219,-2.321551036272,4.));
#10449 = CARTESIAN_POINT('',(12.668252238951,-2.275769497173,4.));
#10450 = CARTESIAN_POINT('',(12.590691069817,-2.234715638186,4.));
#10451 = CARTESIAN_POINT('',(12.517730433192,-2.198165999279,4.));
#10452 = CARTESIAN_POINT('',(12.449530627099,-2.165892161898,4.));
#10453 = CARTESIAN_POINT('',(12.38624405966,-2.137660366492,4.));
#10454 = CARTESIAN_POINT('',(12.328014770172,-2.113233797342,4.));
#10455 = CARTESIAN_POINT('',(12.274979410564,-2.092366214205,4.));
#10456 = CARTESIAN_POINT('',(12.241243967341,-2.079963272676,4.));
#10457 = CARTESIAN_POINT('',(12.225272170484,-2.074299968086,4.));
#10458 = ORIENTED_EDGE('',*,*,#10459,.F.);
#10459 = EDGE_CURVE('',#3394,#10433,#10460,.T.);
#10460 = LINE('',#10461,#10462);
#10461 = CARTESIAN_POINT('',(12.225272170484,-2.074299968086,0.));
#10462 = VECTOR('',#10463,1.);
#10463 = DIRECTION('',(0.,0.,1.));
#10464 = SURFACE_OF_LINEAR_EXTRUSION('',#10465,#10488);
#10465 = B_SPLINE_CURVE_WITH_KNOTS('',3,(#10466,#10467,#10468,#10469,
    #10470,#10471,#10472,#10473,#10474,#10475,#10476,#10477,#10478,
    #10479,#10480,#10481,#10482,#10483,#10484,#10485,#10486,#10487),
  .UNSPECIFIED.,.F.,.F.,(4,1,1,1,1,1,1,1,1,1,1,1,1,1,1,1,1,1,1,4),(0.,
    0.161575449659,0.316998684245,0.466269703761,0.609388508206,
    0.746355097584,0.877169471895,1.001831631143,1.120341575329,
    1.232699304458,1.338904818531,1.438958117555,1.532859201532,
    1.620608070471,1.702204724377,1.777649163261,1.846941387134,
    1.910081396012,1.967069189913,2.017904768867),.UNSPECIFIED.);
#10466 = CARTESIAN_POINT('',(13.887366267179,-3.194300887707,0.));
#10467 = CARTESIAN_POINT('',(13.848585370808,-3.156926985086,0.));
#10468 = CARTESIAN_POINT('',(13.77169371857,-3.084434537477,0.));
#10469 = CARTESIAN_POINT('',(13.656230709201,-2.980374034118,0.));
#10470 = CARTESIAN_POINT('',(13.543124444054,-2.882944153356,0.));
#10471 = CARTESIAN_POINT('',(13.432611832952,-2.791986008347,0.));
#10472 = CARTESIAN_POINT('',(13.324924014425,-2.707331831881,0.));
#10473 = CARTESIAN_POINT('',(13.220285805538,-2.628807209857,0.));
#10474 = CARTESIAN_POINT('',(13.11891558968,-2.556230764685,0.));
#10475 = CARTESIAN_POINT('',(13.021025101334,-2.489414486812,0.));
#10476 = CARTESIAN_POINT('',(12.926819243956,-2.428163910372,0.));
#10477 = CARTESIAN_POINT('',(12.836495907128,-2.372278333655,0.));
#10478 = CARTESIAN_POINT('',(12.750245791219,-2.321551036272,0.));
#10479 = CARTESIAN_POINT('',(12.668252238951,-2.275769497173,0.));
#10480 = CARTESIAN_POINT('',(12.590691069817,-2.234715638186,0.));
#10481 = CARTESIAN_POINT('',(12.517730433192,-2.198165999279,0.));
#10482 = CARTESIAN_POINT('',(12.449530627099,-2.165892161898,0.));
#10483 = CARTESIAN_POINT('',(12.38624405966,-2.137660366492,0.));
#10484 = CARTESIAN_POINT('',(12.328014770172,-2.113233797342,0.));
#10485 = CARTESIAN_POINT('',(12.274979410564,-2.092366214205,0.));
#10486 = CARTESIAN_POINT('',(12.241243967341,-2.079963272676,0.));
#10487 = CARTESIAN_POINT('',(12.225272170484,-2.074299968086,0.));
#10488 = VECTOR('',#10489,1.);
#10489 = DIRECTION('',(-0.,-0.,-1.));
#10490 = ADVANCED_FACE('',(#10491),#10508,.T.);
#10491 = FACE_BOUND('',#10492,.T.);
#10492 = EDGE_LOOP('',(#10493,#10494,#10501,#10507));
#10493 = ORIENTED_EDGE('',*,*,#10459,.T.);
#10494 = ORIENTED_EDGE('',*,*,#10495,.T.);
#10495 = EDGE_CURVE('',#10433,#10496,#10498,.T.);
#10496 = VERTEX_POINT('',#10497);
#10497 = CARTESIAN_POINT('',(12.366440454532,-0.911674549675,4.));
#10498 = B_SPLINE_CURVE_WITH_KNOTS('',1,(#10499,#10500),.UNSPECIFIED.,
  .F.,.F.,(2,2),(0.,1.171164526424),.PIECEWISE_BEZIER_KNOTS.);
#10499 = CARTESIAN_POINT('',(12.225272170484,-2.074299968086,4.));
#10500 = CARTESIAN_POINT('',(12.366440454532,-0.911674549675,4.));
#10501 = ORIENTED_EDGE('',*,*,#10502,.F.);
#10502 = EDGE_CURVE('',#3421,#10496,#10503,.T.);
#10503 = LINE('',#10504,#10505);
#10504 = CARTESIAN_POINT('',(12.366440454532,-0.911674549675,0.));
#10505 = VECTOR('',#10506,1.);
#10506 = DIRECTION('',(0.,0.,1.));
#10507 = ORIENTED_EDGE('',*,*,#3420,.F.);
#10508 = SURFACE_OF_LINEAR_EXTRUSION('',#10509,#10512);
#10509 = B_SPLINE_CURVE_WITH_KNOTS('',1,(#10510,#10511),.UNSPECIFIED.,
  .F.,.F.,(2,2),(0.,1.171164526424),.PIECEWISE_BEZIER_KNOTS.);
#10510 = CARTESIAN_POINT('',(12.225272170484,-2.074299968086,0.));
#10511 = CARTESIAN_POINT('',(12.366440454532,-0.911674549675,0.));
#10512 = VECTOR('',#10513,1.);
#10513 = DIRECTION('',(-0.,-0.,-1.));
#10514 = ADVANCED_FACE('',(#10515),#10599,.T.);
#10515 = FACE_BOUND('',#10516,.T.);
#10516 = EDGE_LOOP('',(#10517,#10518,#10519,#10546,#10557,#10598));
#10517 = ORIENTED_EDGE('',*,*,#3427,.F.);
#10518 = ORIENTED_EDGE('',*,*,#10502,.T.);
#10519 = ORIENTED_EDGE('',*,*,#10520,.T.);
#10520 = EDGE_CURVE('',#10496,#10521,#10523,.T.);
#10521 = VERTEX_POINT('',#10522);
#10522 = CARTESIAN_POINT('',(14.192730004143,-0.253850407742,4.));
#10523 = B_SPLINE_CURVE_WITH_KNOTS('',3,(#10524,#10525,#10526,#10527,
    #10528,#10529,#10530,#10531,#10532,#10533,#10534,#10535,#10536,
    #10537,#10538,#10539,#10540,#10541,#10542,#10543,#10544,#10545),
  .UNSPECIFIED.,.F.,.F.,(4,1,1,1,1,1,1,1,1,1,1,1,1,1,1,1,1,1,1,4),(0.,
    5.083557895354E-02,0.107823372855,0.170963381733,0.240255605606,
    0.31570004449,0.397296698396,0.485045567335,0.578946651312,
    0.678999950336,0.785205464409,0.897563193537,1.016073137724,
    1.140735296972,1.271549671283,1.408516260661,1.551635065106,
    1.700906084621,1.856329319208,2.017904768867),.UNSPECIFIED.);
#10524 = CARTESIAN_POINT('',(12.366440454532,-0.911674549675,4.));
#10525 = CARTESIAN_POINT('',(12.3833034575,-0.909998111599,4.));
#10526 = CARTESIAN_POINT('',(12.419026828246,-0.906028997014,4.));
#10527 = CARTESIAN_POINT('',(12.475515016212,-0.898459980233,4.));
#10528 = CARTESIAN_POINT('',(12.537897928997,-0.888678383884,4.));
#10529 = CARTESIAN_POINT('',(12.606101814677,-0.876412420071,4.));
#10530 = CARTESIAN_POINT('',(12.680043493185,-0.861397683647,4.));
#10531 = CARTESIAN_POINT('',(12.759630927424,-0.843370734042,4.));
#10532 = CARTESIAN_POINT('',(12.84476314148,-0.822071428299,4.));
#10533 = CARTESIAN_POINT('',(12.935330349578,-0.79724255895,4.));
#10534 = CARTESIAN_POINT('',(13.031214030743,-0.768630308419,4.));
#10535 = CARTESIAN_POINT('',(13.132287029475,-0.735984454347,4.));
#10536 = CARTESIAN_POINT('',(13.238413658238,-0.699058645678,4.));
#10537 = CARTESIAN_POINT('',(13.349449808826,-0.657610654653,4.));
#10538 = CARTESIAN_POINT('',(13.465243070632,-0.611402629622,4.));
#10539 = CARTESIAN_POINT('',(13.585632855424,-0.560201352872,4.));
#10540 = CARTESIAN_POINT('',(13.710450532134,-0.503778454747,4.));
#10541 = CARTESIAN_POINT('',(13.839519556502,-0.441910787061,4.));
#10542 = CARTESIAN_POINT('',(13.972655655781,-0.374380142541,4.));
#10543 = CARTESIAN_POINT('',(14.109666828431,-0.300975555075,4.));
#10544 = CARTESIAN_POINT('',(14.201672727255,-0.248990983077,4.));
#10545 = CARTESIAN_POINT('',(14.248270881592,-0.221983974119,4.));
#10546 = ORIENTED_EDGE('',*,*,#10547,.T.);
#10547 = EDGE_CURVE('',#10521,#10548,#10550,.T.);
#10548 = VERTEX_POINT('',#10549);
#10549 = CARTESIAN_POINT('',(14.192730004143,-0.253850407742,3.51));
#10550 = B_SPLINE_CURVE_WITH_KNOTS('',5,(#10551,#10552,#10553,#10554,
    #10555,#10556),.UNSPECIFIED.,.F.,.F.,(6,6),(0.,1.),
  .PIECEWISE_BEZIER_KNOTS.);
#10551 = CARTESIAN_POINT('',(14.192730004143,-0.253850407742,4.0000006)
  );
#10552 = CARTESIAN_POINT('',(14.192730004143,-0.253850407742,
    3.893700524585));
#10553 = CARTESIAN_POINT('',(14.192730004143,-0.253850407742,
    3.807051538322));
#10554 = CARTESIAN_POINT('',(14.192730004143,-0.253850407742,
    3.699906479312));
#10555 = CARTESIAN_POINT('',(14.192730004143,-0.253850407742,
    3.58119590178));
#10556 = CARTESIAN_POINT('',(14.192730004143,-0.253850407742,3.5099994)
  );
#10557 = ORIENTED_EDGE('',*,*,#10558,.F.);
#10558 = EDGE_CURVE('',#3484,#10548,#10559,.T.);
#10559 = B_SPLINE_CURVE_WITH_KNOTS('',7,(#10560,#10561,#10562,#10563,
    #10564,#10565,#10566,#10567,#10568,#10569,#10570,#10571,#10572,
    #10573,#10574,#10575,#10576,#10577,#10578,#10579,#10580,#10581,
    #10582,#10583,#10584,#10585,#10586,#10587,#10588,#10589,#10590,
    #10591,#10592,#10593,#10594,#10595,#10596,#10597),.UNSPECIFIED.,.F.,
  .F.,(8,6,6,6,6,6,8),(0.,0.29599853849,0.591998255967,0.820999393951,
    0.894999573716,0.968999916493,1.),.UNSPECIFIED.);
#10560 = CARTESIAN_POINT('',(14.248270881592,-0.221983974119,3.51));
#10561 = CARTESIAN_POINT('',(14.174444259034,-0.264771854565,3.51));
#10562 = CARTESIAN_POINT('',(14.100038246811,-0.306563044787,3.51));
#10563 = CARTESIAN_POINT('',(14.025051947149,-0.34731355273,3.51));
#10564 = CARTESIAN_POINT('',(13.949484921965,-0.386981195472,3.51));
#10565 = CARTESIAN_POINT('',(13.873341497163,-0.425533162264,3.51));
#10566 = CARTESIAN_POINT('',(13.796620880415,-0.462909733437,3.51));
#10567 = CARTESIAN_POINT('',(13.642030420344,-0.535207466427,3.51));
#10568 = CARTESIAN_POINT('',(13.564161386389,-0.570127761023,3.51));
#10569 = CARTESIAN_POINT('',(13.48571948384,-0.60376326557,3.51));
#10570 = CARTESIAN_POINT('',(13.406707254446,-0.63604946728,3.51));
#10571 = CARTESIAN_POINT('',(13.32712870704,-0.666913168584,3.51));
#10572 = CARTESIAN_POINT('',(13.246988662589,-0.69626774542,3.51));
#10573 = CARTESIAN_POINT('',(13.103860300757,-0.745462211022,3.51));
#10574 = CARTESIAN_POINT('',(13.041097193511,-0.765951527738,3.51));
#10575 = CARTESIAN_POINT('',(12.978003484274,-0.785422202172,3.51));
#10576 = CARTESIAN_POINT('',(12.914582288331,-0.803814403458,3.51));
#10577 = CARTESIAN_POINT('',(12.85083873269,-0.821058702867,3.51));
#10578 = CARTESIAN_POINT('',(12.786779234398,-0.837068033334,3.51));
#10579 = CARTESIAN_POINT('',(12.701609636335,-0.856456147299,3.51));
#10580 = CARTESIAN_POINT('',(12.6807769323,-0.861049135771,3.51));
#10581 = CARTESIAN_POINT('',(12.659912283375,-0.865497211032,3.51));
#10582 = CARTESIAN_POINT('',(12.639015948189,-0.869794453005,3.51));
#10583 = CARTESIAN_POINT('',(12.618088277686,-0.87393578031,3.51));
#10584 = CARTESIAN_POINT('',(12.59712971934,-0.877916856051,3.51));
#10585 = CARTESIAN_POINT('',(12.555151611872,-0.885543153312,3.51));
#10586 = CARTESIAN_POINT('',(12.534132166929,-0.889187790554,3.51));
#10587 = CARTESIAN_POINT('',(12.513082657075,-0.892660882835,3.51));
#10588 = CARTESIAN_POINT('',(12.49200370829,-0.895947178562,3.51));
#10589 = CARTESIAN_POINT('',(12.470895796545,-0.899047845901,3.51));
#10590 = CARTESIAN_POINT('',(12.449760000614,-0.901946918976,3.51));
#10591 = CARTESIAN_POINT('',(12.419731311727,-0.905754609958,3.51));
#10592 = CARTESIAN_POINT('',(12.410860943115,-0.90684096989,3.51));
#10593 = CARTESIAN_POINT('',(12.401985879153,-0.907888611447,3.51));
#10594 = CARTESIAN_POINT('',(12.393106201891,-0.908896648616,3.51));
#10595 = CARTESIAN_POINT('',(12.38422200296,-0.909864213787,3.51));
#10596 = CARTESIAN_POINT('',(12.375333383574,-0.910790457744,3.51));
#10597 = CARTESIAN_POINT('',(12.366440454532,-0.911674549675,3.51));
#10598 = ORIENTED_EDGE('',*,*,#3483,.F.);
#10599 = SURFACE_OF_LINEAR_EXTRUSION('',#10600,#10623);
#10600 = B_SPLINE_CURVE_WITH_KNOTS('',3,(#10601,#10602,#10603,#10604,
    #10605,#10606,#10607,#10608,#10609,#10610,#10611,#10612,#10613,
    #10614,#10615,#10616,#10617,#10618,#10619,#10620,#10621,#10622),
  .UNSPECIFIED.,.F.,.F.,(4,1,1,1,1,1,1,1,1,1,1,1,1,1,1,1,1,1,1,4),(0.,
    5.083557895354E-02,0.107823372855,0.170963381733,0.240255605606,
    0.31570004449,0.397296698396,0.485045567335,0.578946651312,
    0.678999950336,0.785205464409,0.897563193537,1.016073137724,
    1.140735296972,1.271549671283,1.408516260661,1.551635065106,
    1.700906084621,1.856329319208,2.017904768867),.UNSPECIFIED.);
#10601 = CARTESIAN_POINT('',(12.366440454532,-0.911674549675,0.));
#10602 = CARTESIAN_POINT('',(12.3833034575,-0.909998111599,0.));
#10603 = CARTESIAN_POINT('',(12.419026828246,-0.906028997014,0.));
#10604 = CARTESIAN_POINT('',(12.475515016212,-0.898459980233,0.));
#10605 = CARTESIAN_POINT('',(12.537897928997,-0.888678383884,0.));
#10606 = CARTESIAN_POINT('',(12.606101814677,-0.876412420071,0.));
#10607 = CARTESIAN_POINT('',(12.680043493185,-0.861397683647,0.));
#10608 = CARTESIAN_POINT('',(12.759630927424,-0.843370734042,0.));
#10609 = CARTESIAN_POINT('',(12.84476314148,-0.822071428299,0.));
#10610 = CARTESIAN_POINT('',(12.935330349578,-0.79724255895,0.));
#10611 = CARTESIAN_POINT('',(13.031214030743,-0.768630308419,0.));
#10612 = CARTESIAN_POINT('',(13.132287029475,-0.735984454347,0.));
#10613 = CARTESIAN_POINT('',(13.238413658238,-0.699058645678,0.));
#10614 = CARTESIAN_POINT('',(13.349449808826,-0.657610654653,0.));
#10615 = CARTESIAN_POINT('',(13.465243070632,-0.611402629622,0.));
#10616 = CARTESIAN_POINT('',(13.585632855424,-0.560201352872,0.));
#10617 = CARTESIAN_POINT('',(13.710450532134,-0.503778454747,0.));
#10618 = CARTESIAN_POINT('',(13.839519556502,-0.441910787061,0.));
#10619 = CARTESIAN_POINT('',(13.972655655781,-0.374380142541,0.));
#10620 = CARTESIAN_POINT('',(14.109666828431,-0.300975555075,0.));
#10621 = CARTESIAN_POINT('',(14.201672727255,-0.248990983077,0.));
#10622 = CARTESIAN_POINT('',(14.248270881592,-0.221983974119,0.));
#10623 = VECTOR('',#10624,1.);
#10624 = DIRECTION('',(-0.,-0.,-1.));
#10625 = ADVANCED_FACE('',(#10626),#11061,.F.);
#10626 = FACE_BOUND('',#10627,.T.);
#10627 = EDGE_LOOP('',(#10628,#10637,#10643,#10644,#10645,#10652,#10653,
    #10660,#10661,#10668,#10669,#10676,#10677,#10684,#10685,#10692,
    #10693,#10700,#10701,#10708,#10709,#10716,#10717,#10724,#10725,
    #10732,#10733,#10740,#10741,#10748,#10749,#10756,#10757,#10764,
    #10765,#10772,#10773,#10780,#10781,#10788,#10789,#10796,#10797,
    #10804,#10805,#10812,#10813,#10820,#10821,#10828,#10829,#10836,
    #10837,#10844,#10845,#10852,#10853,#10860,#10861,#10868,#10869,
    #10876,#10877,#10884,#10885,#10892,#10893,#10900,#10901,#10908,
    #10909,#10916,#10917,#10924,#10925,#10932,#10933,#10940,#10941,
    #10948,#10949,#10956,#10957,#10964,#10965,#10972,#10973,#10980,
    #10981,#10988,#10989,#10996,#10997,#11004,#11005,#11012,#11013,
    #11020,#11021,#11028,#11029,#11036,#11037,#11044,#11045,#11052,
    #11053,#11060));
#10628 = ORIENTED_EDGE('',*,*,#10629,.F.);
#10629 = EDGE_CURVE('',#10630,#3516,#10632,.T.);
#10630 = VERTEX_POINT('',#10631);
#10631 = CARTESIAN_POINT('',(14.195,0.,3.51));
#10632 = CIRCLE('',#10633,14.195);
#10633 = AXIS2_PLACEMENT_3D('',#10634,#10635,#10636);
#10634 = CARTESIAN_POINT('',(0.,0.,3.51));
#10635 = DIRECTION('',(0.,0.,1.));
#10636 = DIRECTION('',(1.,0.,0.));
#10637 = ORIENTED_EDGE('',*,*,#10638,.T.);
#10638 = EDGE_CURVE('',#10630,#3466,#10639,.T.);
#10639 = LINE('',#10640,#10641);
#10640 = CARTESIAN_POINT('',(14.195,0.,3.51));
#10641 = VECTOR('',#10642,1.);
#10642 = DIRECTION('',(0.,0.,1.));
#10643 = ORIENTED_EDGE('',*,*,#3465,.T.);
#10644 = ORIENTED_EDGE('',*,*,#10638,.F.);
#10645 = ORIENTED_EDGE('',*,*,#10646,.F.);
#10646 = EDGE_CURVE('',#10548,#10630,#10647,.T.);
#10647 = CIRCLE('',#10648,14.195);
#10648 = AXIS2_PLACEMENT_3D('',#10649,#10650,#10651);
#10649 = CARTESIAN_POINT('',(0.,0.,3.51));
#10650 = DIRECTION('',(0.,0.,1.));
#10651 = DIRECTION('',(1.,0.,0.));
#10652 = ORIENTED_EDGE('',*,*,#10547,.F.);
#10653 = ORIENTED_EDGE('',*,*,#10654,.T.);
#10654 = EDGE_CURVE('',#10521,#10422,#10655,.T.);
#10655 = CIRCLE('',#10656,14.195);
#10656 = AXIS2_PLACEMENT_3D('',#10657,#10658,#10659);
#10657 = CARTESIAN_POINT('',(0.,0.,4.));
#10658 = DIRECTION('',(0.,0.,-1.));
#10659 = DIRECTION('',(1.,0.,0.));
#10660 = ORIENTED_EDGE('',*,*,#10421,.T.);
#10661 = ORIENTED_EDGE('',*,*,#10662,.F.);
#10662 = EDGE_CURVE('',#10273,#10391,#10663,.T.);
#10663 = CIRCLE('',#10664,14.195);
#10664 = AXIS2_PLACEMENT_3D('',#10665,#10666,#10667);
#10665 = CARTESIAN_POINT('',(0.,0.,3.51));
#10666 = DIRECTION('',(0.,0.,1.));
#10667 = DIRECTION('',(1.,0.,0.));
#10668 = ORIENTED_EDGE('',*,*,#10272,.F.);
#10669 = ORIENTED_EDGE('',*,*,#10670,.T.);
#10670 = EDGE_CURVE('',#10246,#10147,#10671,.T.);
#10671 = CIRCLE('',#10672,14.195);
#10672 = AXIS2_PLACEMENT_3D('',#10673,#10674,#10675);
#10673 = CARTESIAN_POINT('',(0.,0.,4.));
#10674 = DIRECTION('',(0.,0.,-1.));
#10675 = DIRECTION('',(1.,0.,0.));
#10676 = ORIENTED_EDGE('',*,*,#10146,.T.);
#10677 = ORIENTED_EDGE('',*,*,#10678,.F.);
#10678 = EDGE_CURVE('',#9998,#10116,#10679,.T.);
#10679 = CIRCLE('',#10680,14.195);
#10680 = AXIS2_PLACEMENT_3D('',#10681,#10682,#10683);
#10681 = CARTESIAN_POINT('',(0.,0.,3.51));
#10682 = DIRECTION('',(0.,0.,1.));
#10683 = DIRECTION('',(1.,0.,0.));
#10684 = ORIENTED_EDGE('',*,*,#9997,.F.);
#10685 = ORIENTED_EDGE('',*,*,#10686,.T.);
#10686 = EDGE_CURVE('',#9971,#9872,#10687,.T.);
#10687 = CIRCLE('',#10688,14.195);
#10688 = AXIS2_PLACEMENT_3D('',#10689,#10690,#10691);
#10689 = CARTESIAN_POINT('',(0.,0.,4.));
#10690 = DIRECTION('',(0.,0.,-1.));
#10691 = DIRECTION('',(1.,0.,0.));
#10692 = ORIENTED_EDGE('',*,*,#9871,.T.);
#10693 = ORIENTED_EDGE('',*,*,#10694,.F.);
#10694 = EDGE_CURVE('',#9723,#9841,#10695,.T.);
#10695 = CIRCLE('',#10696,14.195);
#10696 = AXIS2_PLACEMENT_3D('',#10697,#10698,#10699);
#10697 = CARTESIAN_POINT('',(0.,0.,3.51));
#10698 = DIRECTION('',(0.,0.,1.));
#10699 = DIRECTION('',(1.,0.,0.));
#10700 = ORIENTED_EDGE('',*,*,#9722,.F.);
#10701 = ORIENTED_EDGE('',*,*,#10702,.T.);
#10702 = EDGE_CURVE('',#9696,#9597,#10703,.T.);
#10703 = CIRCLE('',#10704,14.195);
#10704 = AXIS2_PLACEMENT_3D('',#10705,#10706,#10707);
#10705 = CARTESIAN_POINT('',(0.,0.,4.));
#10706 = DIRECTION('',(0.,0.,-1.));
#10707 = DIRECTION('',(1.,0.,0.));
#10708 = ORIENTED_EDGE('',*,*,#9596,.T.);
#10709 = ORIENTED_EDGE('',*,*,#10710,.F.);
#10710 = EDGE_CURVE('',#9448,#9566,#10711,.T.);
#10711 = CIRCLE('',#10712,14.195);
#10712 = AXIS2_PLACEMENT_3D('',#10713,#10714,#10715);
#10713 = CARTESIAN_POINT('',(0.,0.,3.51));
#10714 = DIRECTION('',(0.,0.,1.));
#10715 = DIRECTION('',(1.,0.,0.));
#10716 = ORIENTED_EDGE('',*,*,#9447,.F.);
#10717 = ORIENTED_EDGE('',*,*,#10718,.T.);
#10718 = EDGE_CURVE('',#9421,#9322,#10719,.T.);
#10719 = CIRCLE('',#10720,14.195);
#10720 = AXIS2_PLACEMENT_3D('',#10721,#10722,#10723);
#10721 = CARTESIAN_POINT('',(0.,0.,4.));
#10722 = DIRECTION('',(0.,0.,-1.));
#10723 = DIRECTION('',(1.,0.,0.));
#10724 = ORIENTED_EDGE('',*,*,#9321,.T.);
#10725 = ORIENTED_EDGE('',*,*,#10726,.F.);
#10726 = EDGE_CURVE('',#9173,#9291,#10727,.T.);
#10727 = CIRCLE('',#10728,14.195);
#10728 = AXIS2_PLACEMENT_3D('',#10729,#10730,#10731);
#10729 = CARTESIAN_POINT('',(0.,0.,3.51));
#10730 = DIRECTION('',(0.,0.,1.));
#10731 = DIRECTION('',(1.,0.,0.));
#10732 = ORIENTED_EDGE('',*,*,#9172,.F.);
#10733 = ORIENTED_EDGE('',*,*,#10734,.T.);
#10734 = EDGE_CURVE('',#9146,#9047,#10735,.T.);
#10735 = CIRCLE('',#10736,14.195);
#10736 = AXIS2_PLACEMENT_3D('',#10737,#10738,#10739);
#10737 = CARTESIAN_POINT('',(0.,0.,4.));
#10738 = DIRECTION('',(0.,0.,-1.));
#10739 = DIRECTION('',(1.,0.,0.));
#10740 = ORIENTED_EDGE('',*,*,#9046,.T.);
#10741 = ORIENTED_EDGE('',*,*,#10742,.F.);
#10742 = EDGE_CURVE('',#8898,#9016,#10743,.T.);
#10743 = CIRCLE('',#10744,14.195);
#10744 = AXIS2_PLACEMENT_3D('',#10745,#10746,#10747);
#10745 = CARTESIAN_POINT('',(0.,0.,3.51));
#10746 = DIRECTION('',(0.,0.,1.));
#10747 = DIRECTION('',(1.,0.,0.));
#10748 = ORIENTED_EDGE('',*,*,#8897,.F.);
#10749 = ORIENTED_EDGE('',*,*,#10750,.T.);
#10750 = EDGE_CURVE('',#8871,#8772,#10751,.T.);
#10751 = CIRCLE('',#10752,14.195);
#10752 = AXIS2_PLACEMENT_3D('',#10753,#10754,#10755);
#10753 = CARTESIAN_POINT('',(0.,0.,4.));
#10754 = DIRECTION('',(0.,0.,-1.));
#10755 = DIRECTION('',(1.,0.,0.));
#10756 = ORIENTED_EDGE('',*,*,#8771,.T.);
#10757 = ORIENTED_EDGE('',*,*,#10758,.F.);
#10758 = EDGE_CURVE('',#8623,#8741,#10759,.T.);
#10759 = CIRCLE('',#10760,14.195);
#10760 = AXIS2_PLACEMENT_3D('',#10761,#10762,#10763);
#10761 = CARTESIAN_POINT('',(0.,0.,3.51));
#10762 = DIRECTION('',(0.,0.,1.));
#10763 = DIRECTION('',(1.,0.,0.));
#10764 = ORIENTED_EDGE('',*,*,#8622,.F.);
#10765 = ORIENTED_EDGE('',*,*,#10766,.T.);
#10766 = EDGE_CURVE('',#8596,#8497,#10767,.T.);
#10767 = CIRCLE('',#10768,14.195);
#10768 = AXIS2_PLACEMENT_3D('',#10769,#10770,#10771);
#10769 = CARTESIAN_POINT('',(0.,0.,4.));
#10770 = DIRECTION('',(0.,0.,-1.));
#10771 = DIRECTION('',(1.,0.,0.));
#10772 = ORIENTED_EDGE('',*,*,#8496,.T.);
#10773 = ORIENTED_EDGE('',*,*,#10774,.F.);
#10774 = EDGE_CURVE('',#8348,#8466,#10775,.T.);
#10775 = CIRCLE('',#10776,14.195);
#10776 = AXIS2_PLACEMENT_3D('',#10777,#10778,#10779);
#10777 = CARTESIAN_POINT('',(0.,0.,3.51));
#10778 = DIRECTION('',(0.,0.,1.));
#10779 = DIRECTION('',(1.,0.,0.));
#10780 = ORIENTED_EDGE('',*,*,#8347,.F.);
#10781 = ORIENTED_EDGE('',*,*,#10782,.T.);
#10782 = EDGE_CURVE('',#8321,#8222,#10783,.T.);
#10783 = CIRCLE('',#10784,14.195);
#10784 = AXIS2_PLACEMENT_3D('',#10785,#10786,#10787);
#10785 = CARTESIAN_POINT('',(0.,0.,4.));
#10786 = DIRECTION('',(0.,0.,-1.));
#10787 = DIRECTION('',(1.,0.,0.));
#10788 = ORIENTED_EDGE('',*,*,#8221,.T.);
#10789 = ORIENTED_EDGE('',*,*,#10790,.F.);
#10790 = EDGE_CURVE('',#8073,#8191,#10791,.T.);
#10791 = CIRCLE('',#10792,14.195);
#10792 = AXIS2_PLACEMENT_3D('',#10793,#10794,#10795);
#10793 = CARTESIAN_POINT('',(0.,0.,3.51));
#10794 = DIRECTION('',(0.,0.,1.));
#10795 = DIRECTION('',(1.,0.,0.));
#10796 = ORIENTED_EDGE('',*,*,#8072,.F.);
#10797 = ORIENTED_EDGE('',*,*,#10798,.T.);
#10798 = EDGE_CURVE('',#8046,#7947,#10799,.T.);
#10799 = CIRCLE('',#10800,14.195);
#10800 = AXIS2_PLACEMENT_3D('',#10801,#10802,#10803);
#10801 = CARTESIAN_POINT('',(0.,0.,4.));
#10802 = DIRECTION('',(0.,0.,-1.));
#10803 = DIRECTION('',(1.,0.,0.));
#10804 = ORIENTED_EDGE('',*,*,#7946,.T.);
#10805 = ORIENTED_EDGE('',*,*,#10806,.F.);
#10806 = EDGE_CURVE('',#7798,#7916,#10807,.T.);
#10807 = CIRCLE('',#10808,14.195);
#10808 = AXIS2_PLACEMENT_3D('',#10809,#10810,#10811);
#10809 = CARTESIAN_POINT('',(0.,0.,3.51));
#10810 = DIRECTION('',(0.,0.,1.));
#10811 = DIRECTION('',(1.,0.,0.));
#10812 = ORIENTED_EDGE('',*,*,#7797,.F.);
#10813 = ORIENTED_EDGE('',*,*,#10814,.T.);
#10814 = EDGE_CURVE('',#7771,#7672,#10815,.T.);
#10815 = CIRCLE('',#10816,14.195);
#10816 = AXIS2_PLACEMENT_3D('',#10817,#10818,#10819);
#10817 = CARTESIAN_POINT('',(0.,0.,4.));
#10818 = DIRECTION('',(0.,0.,-1.));
#10819 = DIRECTION('',(1.,0.,0.));
#10820 = ORIENTED_EDGE('',*,*,#7671,.T.);
#10821 = ORIENTED_EDGE('',*,*,#10822,.F.);
#10822 = EDGE_CURVE('',#7523,#7641,#10823,.T.);
#10823 = CIRCLE('',#10824,14.195);
#10824 = AXIS2_PLACEMENT_3D('',#10825,#10826,#10827);
#10825 = CARTESIAN_POINT('',(0.,0.,3.51));
#10826 = DIRECTION('',(0.,0.,1.));
#10827 = DIRECTION('',(1.,0.,0.));
#10828 = ORIENTED_EDGE('',*,*,#7522,.F.);
#10829 = ORIENTED_EDGE('',*,*,#10830,.T.);
#10830 = EDGE_CURVE('',#7496,#7397,#10831,.T.);
#10831 = CIRCLE('',#10832,14.195);
#10832 = AXIS2_PLACEMENT_3D('',#10833,#10834,#10835);
#10833 = CARTESIAN_POINT('',(0.,0.,4.));
#10834 = DIRECTION('',(0.,0.,-1.));
#10835 = DIRECTION('',(1.,0.,0.));
#10836 = ORIENTED_EDGE('',*,*,#7396,.T.);
#10837 = ORIENTED_EDGE('',*,*,#10838,.F.);
#10838 = EDGE_CURVE('',#7248,#7366,#10839,.T.);
#10839 = CIRCLE('',#10840,14.195);
#10840 = AXIS2_PLACEMENT_3D('',#10841,#10842,#10843);
#10841 = CARTESIAN_POINT('',(0.,0.,3.51));
#10842 = DIRECTION('',(0.,0.,1.));
#10843 = DIRECTION('',(1.,0.,0.));
#10844 = ORIENTED_EDGE('',*,*,#7247,.F.);
#10845 = ORIENTED_EDGE('',*,*,#10846,.T.);
#10846 = EDGE_CURVE('',#7221,#7122,#10847,.T.);
#10847 = CIRCLE('',#10848,14.195);
#10848 = AXIS2_PLACEMENT_3D('',#10849,#10850,#10851);
#10849 = CARTESIAN_POINT('',(0.,0.,4.));
#10850 = DIRECTION('',(0.,0.,-1.));
#10851 = DIRECTION('',(1.,0.,0.));
#10852 = ORIENTED_EDGE('',*,*,#7121,.T.);
#10853 = ORIENTED_EDGE('',*,*,#10854,.F.);
#10854 = EDGE_CURVE('',#6973,#7091,#10855,.T.);
#10855 = CIRCLE('',#10856,14.195);
#10856 = AXIS2_PLACEMENT_3D('',#10857,#10858,#10859);
#10857 = CARTESIAN_POINT('',(0.,0.,3.51));
#10858 = DIRECTION('',(0.,0.,1.));
#10859 = DIRECTION('',(1.,0.,0.));
#10860 = ORIENTED_EDGE('',*,*,#6972,.F.);
#10861 = ORIENTED_EDGE('',*,*,#10862,.T.);
#10862 = EDGE_CURVE('',#6946,#6847,#10863,.T.);
#10863 = CIRCLE('',#10864,14.195);
#10864 = AXIS2_PLACEMENT_3D('',#10865,#10866,#10867);
#10865 = CARTESIAN_POINT('',(0.,0.,4.));
#10866 = DIRECTION('',(0.,0.,-1.));
#10867 = DIRECTION('',(1.,0.,0.));
#10868 = ORIENTED_EDGE('',*,*,#6846,.T.);
#10869 = ORIENTED_EDGE('',*,*,#10870,.F.);
#10870 = EDGE_CURVE('',#6698,#6816,#10871,.T.);
#10871 = CIRCLE('',#10872,14.195);
#10872 = AXIS2_PLACEMENT_3D('',#10873,#10874,#10875);
#10873 = CARTESIAN_POINT('',(0.,0.,3.51));
#10874 = DIRECTION('',(0.,0.,1.));
#10875 = DIRECTION('',(1.,0.,0.));
#10876 = ORIENTED_EDGE('',*,*,#6697,.F.);
#10877 = ORIENTED_EDGE('',*,*,#10878,.T.);
#10878 = EDGE_CURVE('',#6671,#6572,#10879,.T.);
#10879 = CIRCLE('',#10880,14.195);
#10880 = AXIS2_PLACEMENT_3D('',#10881,#10882,#10883);
#10881 = CARTESIAN_POINT('',(0.,0.,4.));
#10882 = DIRECTION('',(0.,0.,-1.));
#10883 = DIRECTION('',(1.,0.,0.));
#10884 = ORIENTED_EDGE('',*,*,#6571,.T.);
#10885 = ORIENTED_EDGE('',*,*,#10886,.F.);
#10886 = EDGE_CURVE('',#6423,#6541,#10887,.T.);
#10887 = CIRCLE('',#10888,14.195);
#10888 = AXIS2_PLACEMENT_3D('',#10889,#10890,#10891);
#10889 = CARTESIAN_POINT('',(0.,0.,3.51));
#10890 = DIRECTION('',(0.,0.,1.));
#10891 = DIRECTION('',(1.,0.,0.));
#10892 = ORIENTED_EDGE('',*,*,#6422,.F.);
#10893 = ORIENTED_EDGE('',*,*,#10894,.T.);
#10894 = EDGE_CURVE('',#6396,#6297,#10895,.T.);
#10895 = CIRCLE('',#10896,14.195);
#10896 = AXIS2_PLACEMENT_3D('',#10897,#10898,#10899);
#10897 = CARTESIAN_POINT('',(0.,0.,4.));
#10898 = DIRECTION('',(0.,0.,-1.));
#10899 = DIRECTION('',(1.,0.,0.));
#10900 = ORIENTED_EDGE('',*,*,#6296,.T.);
#10901 = ORIENTED_EDGE('',*,*,#10902,.F.);
#10902 = EDGE_CURVE('',#6148,#6266,#10903,.T.);
#10903 = CIRCLE('',#10904,14.195);
#10904 = AXIS2_PLACEMENT_3D('',#10905,#10906,#10907);
#10905 = CARTESIAN_POINT('',(0.,0.,3.51));
#10906 = DIRECTION('',(0.,0.,1.));
#10907 = DIRECTION('',(1.,0.,0.));
#10908 = ORIENTED_EDGE('',*,*,#6147,.F.);
#10909 = ORIENTED_EDGE('',*,*,#10910,.T.);
#10910 = EDGE_CURVE('',#6121,#6022,#10911,.T.);
#10911 = CIRCLE('',#10912,14.195);
#10912 = AXIS2_PLACEMENT_3D('',#10913,#10914,#10915);
#10913 = CARTESIAN_POINT('',(0.,0.,4.));
#10914 = DIRECTION('',(0.,0.,-1.));
#10915 = DIRECTION('',(1.,0.,0.));
#10916 = ORIENTED_EDGE('',*,*,#6021,.T.);
#10917 = ORIENTED_EDGE('',*,*,#10918,.F.);
#10918 = EDGE_CURVE('',#5873,#5991,#10919,.T.);
#10919 = CIRCLE('',#10920,14.195);
#10920 = AXIS2_PLACEMENT_3D('',#10921,#10922,#10923);
#10921 = CARTESIAN_POINT('',(0.,0.,3.51));
#10922 = DIRECTION('',(0.,0.,1.));
#10923 = DIRECTION('',(1.,0.,0.));
#10924 = ORIENTED_EDGE('',*,*,#5872,.F.);
#10925 = ORIENTED_EDGE('',*,*,#10926,.T.);
#10926 = EDGE_CURVE('',#5846,#5747,#10927,.T.);
#10927 = CIRCLE('',#10928,14.195);
#10928 = AXIS2_PLACEMENT_3D('',#10929,#10930,#10931);
#10929 = CARTESIAN_POINT('',(0.,0.,4.));
#10930 = DIRECTION('',(0.,0.,-1.));
#10931 = DIRECTION('',(1.,0.,0.));
#10932 = ORIENTED_EDGE('',*,*,#5746,.T.);
#10933 = ORIENTED_EDGE('',*,*,#10934,.F.);
#10934 = EDGE_CURVE('',#5598,#5716,#10935,.T.);
#10935 = CIRCLE('',#10936,14.195);
#10936 = AXIS2_PLACEMENT_3D('',#10937,#10938,#10939);
#10937 = CARTESIAN_POINT('',(0.,0.,3.51));
#10938 = DIRECTION('',(0.,0.,1.));
#10939 = DIRECTION('',(1.,0.,0.));
#10940 = ORIENTED_EDGE('',*,*,#5597,.F.);
#10941 = ORIENTED_EDGE('',*,*,#10942,.T.);
#10942 = EDGE_CURVE('',#5571,#5472,#10943,.T.);
#10943 = CIRCLE('',#10944,14.195);
#10944 = AXIS2_PLACEMENT_3D('',#10945,#10946,#10947);
#10945 = CARTESIAN_POINT('',(0.,0.,4.));
#10946 = DIRECTION('',(0.,0.,-1.));
#10947 = DIRECTION('',(1.,0.,0.));
#10948 = ORIENTED_EDGE('',*,*,#5471,.T.);
#10949 = ORIENTED_EDGE('',*,*,#10950,.F.);
#10950 = EDGE_CURVE('',#5323,#5441,#10951,.T.);
#10951 = CIRCLE('',#10952,14.195);
#10952 = AXIS2_PLACEMENT_3D('',#10953,#10954,#10955);
#10953 = CARTESIAN_POINT('',(0.,0.,3.51));
#10954 = DIRECTION('',(0.,0.,1.));
#10955 = DIRECTION('',(1.,0.,0.));
#10956 = ORIENTED_EDGE('',*,*,#5322,.F.);
#10957 = ORIENTED_EDGE('',*,*,#10958,.T.);
#10958 = EDGE_CURVE('',#5296,#5197,#10959,.T.);
#10959 = CIRCLE('',#10960,14.195);
#10960 = AXIS2_PLACEMENT_3D('',#10961,#10962,#10963);
#10961 = CARTESIAN_POINT('',(0.,0.,4.));
#10962 = DIRECTION('',(0.,0.,-1.));
#10963 = DIRECTION('',(1.,0.,0.));
#10964 = ORIENTED_EDGE('',*,*,#5196,.T.);
#10965 = ORIENTED_EDGE('',*,*,#10966,.F.);
#10966 = EDGE_CURVE('',#5048,#5166,#10967,.T.);
#10967 = CIRCLE('',#10968,14.195);
#10968 = AXIS2_PLACEMENT_3D('',#10969,#10970,#10971);
#10969 = CARTESIAN_POINT('',(0.,0.,3.51));
#10970 = DIRECTION('',(0.,0.,1.));
#10971 = DIRECTION('',(1.,0.,0.));
#10972 = ORIENTED_EDGE('',*,*,#5047,.F.);
#10973 = ORIENTED_EDGE('',*,*,#10974,.T.);
#10974 = EDGE_CURVE('',#5021,#4922,#10975,.T.);
#10975 = CIRCLE('',#10976,14.195);
#10976 = AXIS2_PLACEMENT_3D('',#10977,#10978,#10979);
#10977 = CARTESIAN_POINT('',(0.,0.,4.));
#10978 = DIRECTION('',(0.,0.,-1.));
#10979 = DIRECTION('',(1.,0.,0.));
#10980 = ORIENTED_EDGE('',*,*,#4921,.T.);
#10981 = ORIENTED_EDGE('',*,*,#10982,.F.);
#10982 = EDGE_CURVE('',#4773,#4891,#10983,.T.);
#10983 = CIRCLE('',#10984,14.195);
#10984 = AXIS2_PLACEMENT_3D('',#10985,#10986,#10987);
#10985 = CARTESIAN_POINT('',(0.,0.,3.51));
#10986 = DIRECTION('',(0.,0.,1.));
#10987 = DIRECTION('',(1.,0.,0.));
#10988 = ORIENTED_EDGE('',*,*,#4772,.F.);
#10989 = ORIENTED_EDGE('',*,*,#10990,.T.);
#10990 = EDGE_CURVE('',#4746,#4647,#10991,.T.);
#10991 = CIRCLE('',#10992,14.195);
#10992 = AXIS2_PLACEMENT_3D('',#10993,#10994,#10995);
#10993 = CARTESIAN_POINT('',(0.,0.,4.));
#10994 = DIRECTION('',(0.,0.,-1.));
#10995 = DIRECTION('',(1.,0.,0.));
#10996 = ORIENTED_EDGE('',*,*,#4646,.T.);
#10997 = ORIENTED_EDGE('',*,*,#10998,.F.);
#10998 = EDGE_CURVE('',#4498,#4616,#10999,.T.);
#10999 = CIRCLE('',#11000,14.195);
#11000 = AXIS2_PLACEMENT_3D('',#11001,#11002,#11003);
#11001 = CARTESIAN_POINT('',(0.,0.,3.51));
#11002 = DIRECTION('',(0.,0.,1.));
#11003 = DIRECTION('',(1.,0.,0.));
#11004 = ORIENTED_EDGE('',*,*,#4497,.F.);
#11005 = ORIENTED_EDGE('',*,*,#11006,.T.);
#11006 = EDGE_CURVE('',#4471,#4372,#11007,.T.);
#11007 = CIRCLE('',#11008,14.195);
#11008 = AXIS2_PLACEMENT_3D('',#11009,#11010,#11011);
#11009 = CARTESIAN_POINT('',(0.,0.,4.));
#11010 = DIRECTION('',(0.,0.,-1.));
#11011 = DIRECTION('',(1.,0.,0.));
#11012 = ORIENTED_EDGE('',*,*,#4371,.T.);
#11013 = ORIENTED_EDGE('',*,*,#11014,.F.);
#11014 = EDGE_CURVE('',#4223,#4341,#11015,.T.);
#11015 = CIRCLE('',#11016,14.195);
#11016 = AXIS2_PLACEMENT_3D('',#11017,#11018,#11019);
#11017 = CARTESIAN_POINT('',(0.,0.,3.51));
#11018 = DIRECTION('',(0.,0.,1.));
#11019 = DIRECTION('',(1.,0.,0.));
#11020 = ORIENTED_EDGE('',*,*,#4222,.F.);
#11021 = ORIENTED_EDGE('',*,*,#11022,.T.);
#11022 = EDGE_CURVE('',#4196,#4097,#11023,.T.);
#11023 = CIRCLE('',#11024,14.195);
#11024 = AXIS2_PLACEMENT_3D('',#11025,#11026,#11027);
#11025 = CARTESIAN_POINT('',(0.,0.,4.));
#11026 = DIRECTION('',(0.,0.,-1.));
#11027 = DIRECTION('',(1.,0.,0.));
#11028 = ORIENTED_EDGE('',*,*,#4096,.T.);
#11029 = ORIENTED_EDGE('',*,*,#11030,.F.);
#11030 = EDGE_CURVE('',#3948,#4066,#11031,.T.);
#11031 = CIRCLE('',#11032,14.195);
#11032 = AXIS2_PLACEMENT_3D('',#11033,#11034,#11035);
#11033 = CARTESIAN_POINT('',(0.,0.,3.51));
#11034 = DIRECTION('',(0.,0.,1.));
#11035 = DIRECTION('',(1.,0.,0.));
#11036 = ORIENTED_EDGE('',*,*,#3947,.F.);
#11037 = ORIENTED_EDGE('',*,*,#11038,.T.);
#11038 = EDGE_CURVE('',#3921,#3822,#11039,.T.);
#11039 = CIRCLE('',#11040,14.195);
#11040 = AXIS2_PLACEMENT_3D('',#11041,#11042,#11043);
#11041 = CARTESIAN_POINT('',(0.,0.,4.));
#11042 = DIRECTION('',(0.,0.,-1.));
#11043 = DIRECTION('',(1.,0.,0.));
#11044 = ORIENTED_EDGE('',*,*,#3821,.T.);
#11045 = ORIENTED_EDGE('',*,*,#11046,.F.);
#11046 = EDGE_CURVE('',#3673,#3791,#11047,.T.);
#11047 = CIRCLE('',#11048,14.195);
#11048 = AXIS2_PLACEMENT_3D('',#11049,#11050,#11051);
#11049 = CARTESIAN_POINT('',(0.,0.,3.51));
#11050 = DIRECTION('',(0.,0.,1.));
#11051 = DIRECTION('',(1.,0.,0.));
#11052 = ORIENTED_EDGE('',*,*,#3672,.F.);
#11053 = ORIENTED_EDGE('',*,*,#11054,.T.);
#11054 = EDGE_CURVE('',#3646,#3547,#11055,.T.);
#11055 = CIRCLE('',#11056,14.195);
#11056 = AXIS2_PLACEMENT_3D('',#11057,#11058,#11059);
#11057 = CARTESIAN_POINT('',(0.,0.,4.));
#11058 = DIRECTION('',(0.,0.,-1.));
#11059 = DIRECTION('',(1.,0.,0.));
#11060 = ORIENTED_EDGE('',*,*,#3546,.T.);
#11061 = CYLINDRICAL_SURFACE('',#11062,14.195);
#11062 = AXIS2_PLACEMENT_3D('',#11063,#11064,#11065);
#11063 = CARTESIAN_POINT('',(0.,0.,3.51));
#11064 = DIRECTION('',(-0.,-0.,-1.));
#11065 = DIRECTION('',(1.,0.,0.));
#11066 = ADVANCED_FACE('',(#11067),#11074,.F.);
#11067 = FACE_BOUND('',#11068,.F.);
#11068 = EDGE_LOOP('',(#11069,#11070,#11071,#11072,#11073));
#11069 = ORIENTED_EDGE('',*,*,#10629,.F.);
#11070 = ORIENTED_EDGE('',*,*,#10646,.F.);
#11071 = ORIENTED_EDGE('',*,*,#10558,.F.);
#11072 = ORIENTED_EDGE('',*,*,#3491,.F.);
#11073 = ORIENTED_EDGE('',*,*,#3515,.F.);
#11074 = PLANE('',#11075);
#11075 = AXIS2_PLACEMENT_3D('',#11076,#11077,#11078);
#11076 = CARTESIAN_POINT('',(-9.597474245049E-16,3.992858139769E-16,3.51
    ));
#11077 = DIRECTION('',(0.,0.,1.));
#11078 = DIRECTION('',(1.,0.,0.));
#11079 = ADVANCED_FACE('',(#11080),#11086,.F.);
#11080 = FACE_BOUND('',#11081,.F.);
#11081 = EDGE_LOOP('',(#11082,#11083,#11084,#11085));
#11082 = ORIENTED_EDGE('',*,*,#11054,.T.);
#11083 = ORIENTED_EDGE('',*,*,#3557,.T.);
#11084 = ORIENTED_EDGE('',*,*,#3620,.T.);
#11085 = ORIENTED_EDGE('',*,*,#3645,.T.);
#11086 = PLANE('',#11087);
#11087 = AXIS2_PLACEMENT_3D('',#11088,#11089,#11090);
#11088 = CARTESIAN_POINT('',(-1.025580099405E-15,3.057510672446E-17,4.)
  );
#11089 = DIRECTION('',(-0.,-0.,-1.));
#11090 = DIRECTION('',(-1.,0.,0.));
#11091 = ADVANCED_FACE('',(#11092),#11098,.F.);
#11092 = FACE_BOUND('',#11093,.F.);
#11093 = EDGE_LOOP('',(#11094,#11095,#11096,#11097));
#11094 = ORIENTED_EDGE('',*,*,#11046,.F.);
#11095 = ORIENTED_EDGE('',*,*,#3683,.F.);
#11096 = ORIENTED_EDGE('',*,*,#3763,.F.);
#11097 = ORIENTED_EDGE('',*,*,#3790,.F.);
#11098 = PLANE('',#11099);
#11099 = AXIS2_PLACEMENT_3D('',#11100,#11101,#11102);
#11100 = CARTESIAN_POINT('',(-9.597474245049E-16,3.992858139769E-16,3.51
    ));
#11101 = DIRECTION('',(0.,0.,1.));
#11102 = DIRECTION('',(1.,0.,0.));
#11103 = ADVANCED_FACE('',(#11104),#11110,.F.);
#11104 = FACE_BOUND('',#11105,.F.);
#11105 = EDGE_LOOP('',(#11106,#11107,#11108,#11109));
#11106 = ORIENTED_EDGE('',*,*,#11038,.T.);
#11107 = ORIENTED_EDGE('',*,*,#3832,.T.);
#11108 = ORIENTED_EDGE('',*,*,#3895,.T.);
#11109 = ORIENTED_EDGE('',*,*,#3920,.T.);
#11110 = PLANE('',#11111);
#11111 = AXIS2_PLACEMENT_3D('',#11112,#11113,#11114);
#11112 = CARTESIAN_POINT('',(-1.025580099405E-15,3.057510672446E-17,4.)
  );
#11113 = DIRECTION('',(-0.,-0.,-1.));
#11114 = DIRECTION('',(-1.,0.,0.));
#11115 = ADVANCED_FACE('',(#11116),#11122,.F.);
#11116 = FACE_BOUND('',#11117,.F.);
#11117 = EDGE_LOOP('',(#11118,#11119,#11120,#11121));
#11118 = ORIENTED_EDGE('',*,*,#11030,.F.);
#11119 = ORIENTED_EDGE('',*,*,#3958,.F.);
#11120 = ORIENTED_EDGE('',*,*,#4038,.F.);
#11121 = ORIENTED_EDGE('',*,*,#4065,.F.);
#11122 = PLANE('',#11123);
#11123 = AXIS2_PLACEMENT_3D('',#11124,#11125,#11126);
#11124 = CARTESIAN_POINT('',(-9.597474245049E-16,3.992858139769E-16,3.51
    ));
#11125 = DIRECTION('',(0.,0.,1.));
#11126 = DIRECTION('',(1.,0.,0.));
#11127 = ADVANCED_FACE('',(#11128),#11134,.F.);
#11128 = FACE_BOUND('',#11129,.F.);
#11129 = EDGE_LOOP('',(#11130,#11131,#11132,#11133));
#11130 = ORIENTED_EDGE('',*,*,#11022,.T.);
#11131 = ORIENTED_EDGE('',*,*,#4107,.T.);
#11132 = ORIENTED_EDGE('',*,*,#4170,.T.);
#11133 = ORIENTED_EDGE('',*,*,#4195,.T.);
#11134 = PLANE('',#11135);
#11135 = AXIS2_PLACEMENT_3D('',#11136,#11137,#11138);
#11136 = CARTESIAN_POINT('',(-1.025580099405E-15,3.057510672446E-17,4.)
  );
#11137 = DIRECTION('',(-0.,-0.,-1.));
#11138 = DIRECTION('',(-1.,0.,0.));
#11139 = ADVANCED_FACE('',(#11140),#11146,.F.);
#11140 = FACE_BOUND('',#11141,.F.);
#11141 = EDGE_LOOP('',(#11142,#11143,#11144,#11145));
#11142 = ORIENTED_EDGE('',*,*,#11014,.F.);
#11143 = ORIENTED_EDGE('',*,*,#4233,.F.);
#11144 = ORIENTED_EDGE('',*,*,#4313,.F.);
#11145 = ORIENTED_EDGE('',*,*,#4340,.F.);
#11146 = PLANE('',#11147);
#11147 = AXIS2_PLACEMENT_3D('',#11148,#11149,#11150);
#11148 = CARTESIAN_POINT('',(-9.597474245049E-16,3.992858139769E-16,3.51
    ));
#11149 = DIRECTION('',(0.,0.,1.));
#11150 = DIRECTION('',(1.,0.,0.));
#11151 = ADVANCED_FACE('',(#11152),#11158,.F.);
#11152 = FACE_BOUND('',#11153,.F.);
#11153 = EDGE_LOOP('',(#11154,#11155,#11156,#11157));
#11154 = ORIENTED_EDGE('',*,*,#11006,.T.);
#11155 = ORIENTED_EDGE('',*,*,#4382,.T.);
#11156 = ORIENTED_EDGE('',*,*,#4445,.T.);
#11157 = ORIENTED_EDGE('',*,*,#4470,.T.);
#11158 = PLANE('',#11159);
#11159 = AXIS2_PLACEMENT_3D('',#11160,#11161,#11162);
#11160 = CARTESIAN_POINT('',(-1.025580099405E-15,3.057510672446E-17,4.)
  );
#11161 = DIRECTION('',(-0.,-0.,-1.));
#11162 = DIRECTION('',(-1.,0.,0.));
#11163 = ADVANCED_FACE('',(#11164),#11170,.F.);
#11164 = FACE_BOUND('',#11165,.F.);
#11165 = EDGE_LOOP('',(#11166,#11167,#11168,#11169));
#11166 = ORIENTED_EDGE('',*,*,#10998,.F.);
#11167 = ORIENTED_EDGE('',*,*,#4508,.F.);
#11168 = ORIENTED_EDGE('',*,*,#4588,.F.);
#11169 = ORIENTED_EDGE('',*,*,#4615,.F.);
#11170 = PLANE('',#11171);
#11171 = AXIS2_PLACEMENT_3D('',#11172,#11173,#11174);
#11172 = CARTESIAN_POINT('',(-9.597474245049E-16,3.992858139769E-16,3.51
    ));
#11173 = DIRECTION('',(0.,0.,1.));
#11174 = DIRECTION('',(1.,0.,0.));
#11175 = ADVANCED_FACE('',(#11176),#11182,.F.);
#11176 = FACE_BOUND('',#11177,.F.);
#11177 = EDGE_LOOP('',(#11178,#11179,#11180,#11181));
#11178 = ORIENTED_EDGE('',*,*,#10990,.T.);
#11179 = ORIENTED_EDGE('',*,*,#4657,.T.);
#11180 = ORIENTED_EDGE('',*,*,#4720,.T.);
#11181 = ORIENTED_EDGE('',*,*,#4745,.T.);
#11182 = PLANE('',#11183);
#11183 = AXIS2_PLACEMENT_3D('',#11184,#11185,#11186);
#11184 = CARTESIAN_POINT('',(-1.025580099405E-15,3.057510672446E-17,4.)
  );
#11185 = DIRECTION('',(-0.,-0.,-1.));
#11186 = DIRECTION('',(-1.,0.,0.));
#11187 = ADVANCED_FACE('',(#11188),#11194,.F.);
#11188 = FACE_BOUND('',#11189,.F.);
#11189 = EDGE_LOOP('',(#11190,#11191,#11192,#11193));
#11190 = ORIENTED_EDGE('',*,*,#10982,.F.);
#11191 = ORIENTED_EDGE('',*,*,#4783,.F.);
#11192 = ORIENTED_EDGE('',*,*,#4863,.F.);
#11193 = ORIENTED_EDGE('',*,*,#4890,.F.);
#11194 = PLANE('',#11195);
#11195 = AXIS2_PLACEMENT_3D('',#11196,#11197,#11198);
#11196 = CARTESIAN_POINT('',(-9.597474245049E-16,3.992858139769E-16,3.51
    ));
#11197 = DIRECTION('',(0.,0.,1.));
#11198 = DIRECTION('',(1.,0.,0.));
#11199 = ADVANCED_FACE('',(#11200),#11206,.F.);
#11200 = FACE_BOUND('',#11201,.F.);
#11201 = EDGE_LOOP('',(#11202,#11203,#11204,#11205));
#11202 = ORIENTED_EDGE('',*,*,#10974,.T.);
#11203 = ORIENTED_EDGE('',*,*,#4932,.T.);
#11204 = ORIENTED_EDGE('',*,*,#4995,.T.);
#11205 = ORIENTED_EDGE('',*,*,#5020,.T.);
#11206 = PLANE('',#11207);
#11207 = AXIS2_PLACEMENT_3D('',#11208,#11209,#11210);
#11208 = CARTESIAN_POINT('',(-1.025580099405E-15,3.057510672446E-17,4.)
  );
#11209 = DIRECTION('',(-0.,-0.,-1.));
#11210 = DIRECTION('',(-1.,0.,0.));
#11211 = ADVANCED_FACE('',(#11212),#11218,.F.);
#11212 = FACE_BOUND('',#11213,.F.);
#11213 = EDGE_LOOP('',(#11214,#11215,#11216,#11217));
#11214 = ORIENTED_EDGE('',*,*,#10966,.F.);
#11215 = ORIENTED_EDGE('',*,*,#5058,.F.);
#11216 = ORIENTED_EDGE('',*,*,#5138,.F.);
#11217 = ORIENTED_EDGE('',*,*,#5165,.F.);
#11218 = PLANE('',#11219);
#11219 = AXIS2_PLACEMENT_3D('',#11220,#11221,#11222);
#11220 = CARTESIAN_POINT('',(-9.597474245049E-16,3.992858139769E-16,3.51
    ));
#11221 = DIRECTION('',(0.,0.,1.));
#11222 = DIRECTION('',(1.,0.,0.));
#11223 = ADVANCED_FACE('',(#11224),#11230,.F.);
#11224 = FACE_BOUND('',#11225,.F.);
#11225 = EDGE_LOOP('',(#11226,#11227,#11228,#11229));
#11226 = ORIENTED_EDGE('',*,*,#10958,.T.);
#11227 = ORIENTED_EDGE('',*,*,#5207,.T.);
#11228 = ORIENTED_EDGE('',*,*,#5270,.T.);
#11229 = ORIENTED_EDGE('',*,*,#5295,.T.);
#11230 = PLANE('',#11231);
#11231 = AXIS2_PLACEMENT_3D('',#11232,#11233,#11234);
#11232 = CARTESIAN_POINT('',(-1.025580099405E-15,3.057510672446E-17,4.)
  );
#11233 = DIRECTION('',(-0.,-0.,-1.));
#11234 = DIRECTION('',(-1.,0.,0.));
#11235 = ADVANCED_FACE('',(#11236),#11242,.F.);
#11236 = FACE_BOUND('',#11237,.F.);
#11237 = EDGE_LOOP('',(#11238,#11239,#11240,#11241));
#11238 = ORIENTED_EDGE('',*,*,#10950,.F.);
#11239 = ORIENTED_EDGE('',*,*,#5333,.F.);
#11240 = ORIENTED_EDGE('',*,*,#5413,.F.);
#11241 = ORIENTED_EDGE('',*,*,#5440,.F.);
#11242 = PLANE('',#11243);
#11243 = AXIS2_PLACEMENT_3D('',#11244,#11245,#11246);
#11244 = CARTESIAN_POINT('',(-9.597474245049E-16,3.992858139769E-16,3.51
    ));
#11245 = DIRECTION('',(0.,0.,1.));
#11246 = DIRECTION('',(1.,0.,0.));
#11247 = ADVANCED_FACE('',(#11248),#11254,.F.);
#11248 = FACE_BOUND('',#11249,.F.);
#11249 = EDGE_LOOP('',(#11250,#11251,#11252,#11253));
#11250 = ORIENTED_EDGE('',*,*,#10942,.T.);
#11251 = ORIENTED_EDGE('',*,*,#5482,.T.);
#11252 = ORIENTED_EDGE('',*,*,#5545,.T.);
#11253 = ORIENTED_EDGE('',*,*,#5570,.T.);
#11254 = PLANE('',#11255);
#11255 = AXIS2_PLACEMENT_3D('',#11256,#11257,#11258);
#11256 = CARTESIAN_POINT('',(-1.025580099405E-15,3.057510672446E-17,4.)
  );
#11257 = DIRECTION('',(-0.,-0.,-1.));
#11258 = DIRECTION('',(-1.,0.,0.));
#11259 = ADVANCED_FACE('',(#11260),#11266,.F.);
#11260 = FACE_BOUND('',#11261,.F.);
#11261 = EDGE_LOOP('',(#11262,#11263,#11264,#11265));
#11262 = ORIENTED_EDGE('',*,*,#10934,.F.);
#11263 = ORIENTED_EDGE('',*,*,#5608,.F.);
#11264 = ORIENTED_EDGE('',*,*,#5688,.F.);
#11265 = ORIENTED_EDGE('',*,*,#5715,.F.);
#11266 = PLANE('',#11267);
#11267 = AXIS2_PLACEMENT_3D('',#11268,#11269,#11270);
#11268 = CARTESIAN_POINT('',(-9.597474245049E-16,3.992858139769E-16,3.51
    ));
#11269 = DIRECTION('',(0.,0.,1.));
#11270 = DIRECTION('',(1.,0.,0.));
#11271 = ADVANCED_FACE('',(#11272),#11278,.F.);
#11272 = FACE_BOUND('',#11273,.F.);
#11273 = EDGE_LOOP('',(#11274,#11275,#11276,#11277));
#11274 = ORIENTED_EDGE('',*,*,#10926,.T.);
#11275 = ORIENTED_EDGE('',*,*,#5757,.T.);
#11276 = ORIENTED_EDGE('',*,*,#5820,.T.);
#11277 = ORIENTED_EDGE('',*,*,#5845,.T.);
#11278 = PLANE('',#11279);
#11279 = AXIS2_PLACEMENT_3D('',#11280,#11281,#11282);
#11280 = CARTESIAN_POINT('',(-1.025580099405E-15,3.057510672446E-17,4.)
  );
#11281 = DIRECTION('',(-0.,-0.,-1.));
#11282 = DIRECTION('',(-1.,0.,0.));
#11283 = ADVANCED_FACE('',(#11284),#11290,.F.);
#11284 = FACE_BOUND('',#11285,.F.);
#11285 = EDGE_LOOP('',(#11286,#11287,#11288,#11289));
#11286 = ORIENTED_EDGE('',*,*,#10918,.F.);
#11287 = ORIENTED_EDGE('',*,*,#5883,.F.);
#11288 = ORIENTED_EDGE('',*,*,#5963,.F.);
#11289 = ORIENTED_EDGE('',*,*,#5990,.F.);
#11290 = PLANE('',#11291);
#11291 = AXIS2_PLACEMENT_3D('',#11292,#11293,#11294);
#11292 = CARTESIAN_POINT('',(-9.597474245049E-16,3.992858139769E-16,3.51
    ));
#11293 = DIRECTION('',(0.,0.,1.));
#11294 = DIRECTION('',(1.,0.,0.));
#11295 = ADVANCED_FACE('',(#11296),#11302,.F.);
#11296 = FACE_BOUND('',#11297,.F.);
#11297 = EDGE_LOOP('',(#11298,#11299,#11300,#11301));
#11298 = ORIENTED_EDGE('',*,*,#10910,.T.);
#11299 = ORIENTED_EDGE('',*,*,#6032,.T.);
#11300 = ORIENTED_EDGE('',*,*,#6095,.T.);
#11301 = ORIENTED_EDGE('',*,*,#6120,.T.);
#11302 = PLANE('',#11303);
#11303 = AXIS2_PLACEMENT_3D('',#11304,#11305,#11306);
#11304 = CARTESIAN_POINT('',(-1.025580099405E-15,3.057510672446E-17,4.)
  );
#11305 = DIRECTION('',(-0.,-0.,-1.));
#11306 = DIRECTION('',(-1.,0.,0.));
#11307 = ADVANCED_FACE('',(#11308),#11314,.F.);
#11308 = FACE_BOUND('',#11309,.F.);
#11309 = EDGE_LOOP('',(#11310,#11311,#11312,#11313));
#11310 = ORIENTED_EDGE('',*,*,#10902,.F.);
#11311 = ORIENTED_EDGE('',*,*,#6158,.F.);
#11312 = ORIENTED_EDGE('',*,*,#6238,.F.);
#11313 = ORIENTED_EDGE('',*,*,#6265,.F.);
#11314 = PLANE('',#11315);
#11315 = AXIS2_PLACEMENT_3D('',#11316,#11317,#11318);
#11316 = CARTESIAN_POINT('',(-9.597474245049E-16,3.992858139769E-16,3.51
    ));
#11317 = DIRECTION('',(0.,0.,1.));
#11318 = DIRECTION('',(1.,0.,0.));
#11319 = ADVANCED_FACE('',(#11320),#11326,.F.);
#11320 = FACE_BOUND('',#11321,.F.);
#11321 = EDGE_LOOP('',(#11322,#11323,#11324,#11325));
#11322 = ORIENTED_EDGE('',*,*,#10894,.T.);
#11323 = ORIENTED_EDGE('',*,*,#6307,.T.);
#11324 = ORIENTED_EDGE('',*,*,#6370,.T.);
#11325 = ORIENTED_EDGE('',*,*,#6395,.T.);
#11326 = PLANE('',#11327);
#11327 = AXIS2_PLACEMENT_3D('',#11328,#11329,#11330);
#11328 = CARTESIAN_POINT('',(-1.025580099405E-15,3.057510672446E-17,4.)
  );
#11329 = DIRECTION('',(-0.,-0.,-1.));
#11330 = DIRECTION('',(-1.,0.,0.));
#11331 = ADVANCED_FACE('',(#11332),#11338,.F.);
#11332 = FACE_BOUND('',#11333,.F.);
#11333 = EDGE_LOOP('',(#11334,#11335,#11336,#11337));
#11334 = ORIENTED_EDGE('',*,*,#10886,.F.);
#11335 = ORIENTED_EDGE('',*,*,#6433,.F.);
#11336 = ORIENTED_EDGE('',*,*,#6513,.F.);
#11337 = ORIENTED_EDGE('',*,*,#6540,.F.);
#11338 = PLANE('',#11339);
#11339 = AXIS2_PLACEMENT_3D('',#11340,#11341,#11342);
#11340 = CARTESIAN_POINT('',(-9.597474245049E-16,3.992858139769E-16,3.51
    ));
#11341 = DIRECTION('',(0.,0.,1.));
#11342 = DIRECTION('',(1.,0.,0.));
#11343 = ADVANCED_FACE('',(#11344),#11350,.F.);
#11344 = FACE_BOUND('',#11345,.F.);
#11345 = EDGE_LOOP('',(#11346,#11347,#11348,#11349));
#11346 = ORIENTED_EDGE('',*,*,#10878,.T.);
#11347 = ORIENTED_EDGE('',*,*,#6582,.T.);
#11348 = ORIENTED_EDGE('',*,*,#6645,.T.);
#11349 = ORIENTED_EDGE('',*,*,#6670,.T.);
#11350 = PLANE('',#11351);
#11351 = AXIS2_PLACEMENT_3D('',#11352,#11353,#11354);
#11352 = CARTESIAN_POINT('',(-1.025580099405E-15,3.057510672446E-17,4.)
  );
#11353 = DIRECTION('',(-0.,-0.,-1.));
#11354 = DIRECTION('',(-1.,0.,0.));
#11355 = ADVANCED_FACE('',(#11356),#11362,.F.);
#11356 = FACE_BOUND('',#11357,.F.);
#11357 = EDGE_LOOP('',(#11358,#11359,#11360,#11361));
#11358 = ORIENTED_EDGE('',*,*,#10870,.F.);
#11359 = ORIENTED_EDGE('',*,*,#6708,.F.);
#11360 = ORIENTED_EDGE('',*,*,#6788,.F.);
#11361 = ORIENTED_EDGE('',*,*,#6815,.F.);
#11362 = PLANE('',#11363);
#11363 = AXIS2_PLACEMENT_3D('',#11364,#11365,#11366);
#11364 = CARTESIAN_POINT('',(-9.597474245049E-16,3.992858139769E-16,3.51
    ));
#11365 = DIRECTION('',(0.,0.,1.));
#11366 = DIRECTION('',(1.,0.,0.));
#11367 = ADVANCED_FACE('',(#11368),#11374,.F.);
#11368 = FACE_BOUND('',#11369,.F.);
#11369 = EDGE_LOOP('',(#11370,#11371,#11372,#11373));
#11370 = ORIENTED_EDGE('',*,*,#10862,.T.);
#11371 = ORIENTED_EDGE('',*,*,#6857,.T.);
#11372 = ORIENTED_EDGE('',*,*,#6920,.T.);
#11373 = ORIENTED_EDGE('',*,*,#6945,.T.);
#11374 = PLANE('',#11375);
#11375 = AXIS2_PLACEMENT_3D('',#11376,#11377,#11378);
#11376 = CARTESIAN_POINT('',(-1.025580099405E-15,3.057510672446E-17,4.)
  );
#11377 = DIRECTION('',(-0.,-0.,-1.));
#11378 = DIRECTION('',(-1.,0.,0.));
#11379 = ADVANCED_FACE('',(#11380),#11386,.F.);
#11380 = FACE_BOUND('',#11381,.F.);
#11381 = EDGE_LOOP('',(#11382,#11383,#11384,#11385));
#11382 = ORIENTED_EDGE('',*,*,#10854,.F.);
#11383 = ORIENTED_EDGE('',*,*,#6983,.F.);
#11384 = ORIENTED_EDGE('',*,*,#7063,.F.);
#11385 = ORIENTED_EDGE('',*,*,#7090,.F.);
#11386 = PLANE('',#11387);
#11387 = AXIS2_PLACEMENT_3D('',#11388,#11389,#11390);
#11388 = CARTESIAN_POINT('',(-9.597474245049E-16,3.992858139769E-16,3.51
    ));
#11389 = DIRECTION('',(0.,0.,1.));
#11390 = DIRECTION('',(1.,0.,0.));
#11391 = ADVANCED_FACE('',(#11392),#11398,.F.);
#11392 = FACE_BOUND('',#11393,.F.);
#11393 = EDGE_LOOP('',(#11394,#11395,#11396,#11397));
#11394 = ORIENTED_EDGE('',*,*,#7220,.T.);
#11395 = ORIENTED_EDGE('',*,*,#10846,.T.);
#11396 = ORIENTED_EDGE('',*,*,#7132,.T.);
#11397 = ORIENTED_EDGE('',*,*,#7195,.T.);
#11398 = PLANE('',#11399);
#11399 = AXIS2_PLACEMENT_3D('',#11400,#11401,#11402);
#11400 = CARTESIAN_POINT('',(-1.025580099405E-15,3.057510672446E-17,4.)
  );
#11401 = DIRECTION('',(-0.,-0.,-1.));
#11402 = DIRECTION('',(-1.,0.,0.));
#11403 = ADVANCED_FACE('',(#11404),#11410,.F.);
#11404 = FACE_BOUND('',#11405,.F.);
#11405 = EDGE_LOOP('',(#11406,#11407,#11408,#11409));
#11406 = ORIENTED_EDGE('',*,*,#7365,.F.);
#11407 = ORIENTED_EDGE('',*,*,#10838,.F.);
#11408 = ORIENTED_EDGE('',*,*,#7258,.F.);
#11409 = ORIENTED_EDGE('',*,*,#7338,.F.);
#11410 = PLANE('',#11411);
#11411 = AXIS2_PLACEMENT_3D('',#11412,#11413,#11414);
#11412 = CARTESIAN_POINT('',(-9.597474245049E-16,3.992858139769E-16,3.51
    ));
#11413 = DIRECTION('',(0.,0.,1.));
#11414 = DIRECTION('',(1.,0.,0.));
#11415 = ADVANCED_FACE('',(#11416),#11422,.F.);
#11416 = FACE_BOUND('',#11417,.F.);
#11417 = EDGE_LOOP('',(#11418,#11419,#11420,#11421));
#11418 = ORIENTED_EDGE('',*,*,#7495,.T.);
#11419 = ORIENTED_EDGE('',*,*,#10830,.T.);
#11420 = ORIENTED_EDGE('',*,*,#7407,.T.);
#11421 = ORIENTED_EDGE('',*,*,#7470,.T.);
#11422 = PLANE('',#11423);
#11423 = AXIS2_PLACEMENT_3D('',#11424,#11425,#11426);
#11424 = CARTESIAN_POINT('',(-1.025580099405E-15,3.057510672446E-17,4.)
  );
#11425 = DIRECTION('',(-0.,-0.,-1.));
#11426 = DIRECTION('',(-1.,0.,0.));
#11427 = ADVANCED_FACE('',(#11428),#11434,.F.);
#11428 = FACE_BOUND('',#11429,.F.);
#11429 = EDGE_LOOP('',(#11430,#11431,#11432,#11433));
#11430 = ORIENTED_EDGE('',*,*,#7640,.F.);
#11431 = ORIENTED_EDGE('',*,*,#10822,.F.);
#11432 = ORIENTED_EDGE('',*,*,#7533,.F.);
#11433 = ORIENTED_EDGE('',*,*,#7613,.F.);
#11434 = PLANE('',#11435);
#11435 = AXIS2_PLACEMENT_3D('',#11436,#11437,#11438);
#11436 = CARTESIAN_POINT('',(-9.597474245049E-16,3.992858139769E-16,3.51
    ));
#11437 = DIRECTION('',(0.,0.,1.));
#11438 = DIRECTION('',(1.,0.,0.));
#11439 = ADVANCED_FACE('',(#11440),#11446,.F.);
#11440 = FACE_BOUND('',#11441,.F.);
#11441 = EDGE_LOOP('',(#11442,#11443,#11444,#11445));
#11442 = ORIENTED_EDGE('',*,*,#7770,.T.);
#11443 = ORIENTED_EDGE('',*,*,#10814,.T.);
#11444 = ORIENTED_EDGE('',*,*,#7682,.T.);
#11445 = ORIENTED_EDGE('',*,*,#7745,.T.);
#11446 = PLANE('',#11447);
#11447 = AXIS2_PLACEMENT_3D('',#11448,#11449,#11450);
#11448 = CARTESIAN_POINT('',(-1.025580099405E-15,3.057510672446E-17,4.)
  );
#11449 = DIRECTION('',(-0.,-0.,-1.));
#11450 = DIRECTION('',(-1.,0.,0.));
#11451 = ADVANCED_FACE('',(#11452),#11458,.F.);
#11452 = FACE_BOUND('',#11453,.F.);
#11453 = EDGE_LOOP('',(#11454,#11455,#11456,#11457));
#11454 = ORIENTED_EDGE('',*,*,#7915,.F.);
#11455 = ORIENTED_EDGE('',*,*,#10806,.F.);
#11456 = ORIENTED_EDGE('',*,*,#7808,.F.);
#11457 = ORIENTED_EDGE('',*,*,#7888,.F.);
#11458 = PLANE('',#11459);
#11459 = AXIS2_PLACEMENT_3D('',#11460,#11461,#11462);
#11460 = CARTESIAN_POINT('',(-9.597474245049E-16,3.992858139769E-16,3.51
    ));
#11461 = DIRECTION('',(0.,0.,1.));
#11462 = DIRECTION('',(1.,0.,0.));
#11463 = ADVANCED_FACE('',(#11464),#11470,.F.);
#11464 = FACE_BOUND('',#11465,.F.);
#11465 = EDGE_LOOP('',(#11466,#11467,#11468,#11469));
#11466 = ORIENTED_EDGE('',*,*,#8045,.T.);
#11467 = ORIENTED_EDGE('',*,*,#10798,.T.);
#11468 = ORIENTED_EDGE('',*,*,#7957,.T.);
#11469 = ORIENTED_EDGE('',*,*,#8020,.T.);
#11470 = PLANE('',#11471);
#11471 = AXIS2_PLACEMENT_3D('',#11472,#11473,#11474);
#11472 = CARTESIAN_POINT('',(-1.025580099405E-15,3.057510672446E-17,4.)
  );
#11473 = DIRECTION('',(-0.,-0.,-1.));
#11474 = DIRECTION('',(-1.,0.,0.));
#11475 = ADVANCED_FACE('',(#11476),#11482,.F.);
#11476 = FACE_BOUND('',#11477,.F.);
#11477 = EDGE_LOOP('',(#11478,#11479,#11480,#11481));
#11478 = ORIENTED_EDGE('',*,*,#8190,.F.);
#11479 = ORIENTED_EDGE('',*,*,#10790,.F.);
#11480 = ORIENTED_EDGE('',*,*,#8083,.F.);
#11481 = ORIENTED_EDGE('',*,*,#8163,.F.);
#11482 = PLANE('',#11483);
#11483 = AXIS2_PLACEMENT_3D('',#11484,#11485,#11486);
#11484 = CARTESIAN_POINT('',(-9.597474245049E-16,3.992858139769E-16,3.51
    ));
#11485 = DIRECTION('',(0.,0.,1.));
#11486 = DIRECTION('',(1.,0.,0.));
#11487 = ADVANCED_FACE('',(#11488),#11494,.F.);
#11488 = FACE_BOUND('',#11489,.F.);
#11489 = EDGE_LOOP('',(#11490,#11491,#11492,#11493));
#11490 = ORIENTED_EDGE('',*,*,#8320,.T.);
#11491 = ORIENTED_EDGE('',*,*,#10782,.T.);
#11492 = ORIENTED_EDGE('',*,*,#8232,.T.);
#11493 = ORIENTED_EDGE('',*,*,#8295,.T.);
#11494 = PLANE('',#11495);
#11495 = AXIS2_PLACEMENT_3D('',#11496,#11497,#11498);
#11496 = CARTESIAN_POINT('',(-1.025580099405E-15,3.057510672446E-17,4.)
  );
#11497 = DIRECTION('',(-0.,-0.,-1.));
#11498 = DIRECTION('',(-1.,0.,0.));
#11499 = ADVANCED_FACE('',(#11500),#11506,.F.);
#11500 = FACE_BOUND('',#11501,.F.);
#11501 = EDGE_LOOP('',(#11502,#11503,#11504,#11505));
#11502 = ORIENTED_EDGE('',*,*,#8465,.F.);
#11503 = ORIENTED_EDGE('',*,*,#10774,.F.);
#11504 = ORIENTED_EDGE('',*,*,#8358,.F.);
#11505 = ORIENTED_EDGE('',*,*,#8438,.F.);
#11506 = PLANE('',#11507);
#11507 = AXIS2_PLACEMENT_3D('',#11508,#11509,#11510);
#11508 = CARTESIAN_POINT('',(-9.597474245049E-16,3.992858139769E-16,3.51
    ));
#11509 = DIRECTION('',(0.,0.,1.));
#11510 = DIRECTION('',(1.,0.,0.));
#11511 = ADVANCED_FACE('',(#11512),#11518,.F.);
#11512 = FACE_BOUND('',#11513,.F.);
#11513 = EDGE_LOOP('',(#11514,#11515,#11516,#11517));
#11514 = ORIENTED_EDGE('',*,*,#8595,.T.);
#11515 = ORIENTED_EDGE('',*,*,#10766,.T.);
#11516 = ORIENTED_EDGE('',*,*,#8507,.T.);
#11517 = ORIENTED_EDGE('',*,*,#8570,.T.);
#11518 = PLANE('',#11519);
#11519 = AXIS2_PLACEMENT_3D('',#11520,#11521,#11522);
#11520 = CARTESIAN_POINT('',(-1.025580099405E-15,3.057510672446E-17,4.)
  );
#11521 = DIRECTION('',(-0.,-0.,-1.));
#11522 = DIRECTION('',(-1.,0.,0.));
#11523 = ADVANCED_FACE('',(#11524),#11530,.F.);
#11524 = FACE_BOUND('',#11525,.F.);
#11525 = EDGE_LOOP('',(#11526,#11527,#11528,#11529));
#11526 = ORIENTED_EDGE('',*,*,#8740,.F.);
#11527 = ORIENTED_EDGE('',*,*,#10758,.F.);
#11528 = ORIENTED_EDGE('',*,*,#8633,.F.);
#11529 = ORIENTED_EDGE('',*,*,#8713,.F.);
#11530 = PLANE('',#11531);
#11531 = AXIS2_PLACEMENT_3D('',#11532,#11533,#11534);
#11532 = CARTESIAN_POINT('',(-9.597474245049E-16,3.992858139769E-16,3.51
    ));
#11533 = DIRECTION('',(0.,0.,1.));
#11534 = DIRECTION('',(1.,0.,0.));
#11535 = ADVANCED_FACE('',(#11536),#11542,.F.);
#11536 = FACE_BOUND('',#11537,.F.);
#11537 = EDGE_LOOP('',(#11538,#11539,#11540,#11541));
#11538 = ORIENTED_EDGE('',*,*,#8870,.T.);
#11539 = ORIENTED_EDGE('',*,*,#10750,.T.);
#11540 = ORIENTED_EDGE('',*,*,#8782,.T.);
#11541 = ORIENTED_EDGE('',*,*,#8845,.T.);
#11542 = PLANE('',#11543);
#11543 = AXIS2_PLACEMENT_3D('',#11544,#11545,#11546);
#11544 = CARTESIAN_POINT('',(-1.025580099405E-15,3.057510672446E-17,4.)
  );
#11545 = DIRECTION('',(-0.,-0.,-1.));
#11546 = DIRECTION('',(-1.,0.,0.));
#11547 = ADVANCED_FACE('',(#11548),#11554,.F.);
#11548 = FACE_BOUND('',#11549,.F.);
#11549 = EDGE_LOOP('',(#11550,#11551,#11552,#11553));
#11550 = ORIENTED_EDGE('',*,*,#9015,.F.);
#11551 = ORIENTED_EDGE('',*,*,#10742,.F.);
#11552 = ORIENTED_EDGE('',*,*,#8908,.F.);
#11553 = ORIENTED_EDGE('',*,*,#8988,.F.);
#11554 = PLANE('',#11555);
#11555 = AXIS2_PLACEMENT_3D('',#11556,#11557,#11558);
#11556 = CARTESIAN_POINT('',(-9.597474245049E-16,3.992858139769E-16,3.51
    ));
#11557 = DIRECTION('',(0.,0.,1.));
#11558 = DIRECTION('',(1.,0.,0.));
#11559 = ADVANCED_FACE('',(#11560),#11566,.F.);
#11560 = FACE_BOUND('',#11561,.F.);
#11561 = EDGE_LOOP('',(#11562,#11563,#11564,#11565));
#11562 = ORIENTED_EDGE('',*,*,#9145,.T.);
#11563 = ORIENTED_EDGE('',*,*,#10734,.T.);
#11564 = ORIENTED_EDGE('',*,*,#9057,.T.);
#11565 = ORIENTED_EDGE('',*,*,#9120,.T.);
#11566 = PLANE('',#11567);
#11567 = AXIS2_PLACEMENT_3D('',#11568,#11569,#11570);
#11568 = CARTESIAN_POINT('',(-1.025580099405E-15,3.057510672446E-17,4.)
  );
#11569 = DIRECTION('',(-0.,-0.,-1.));
#11570 = DIRECTION('',(-1.,0.,0.));
#11571 = ADVANCED_FACE('',(#11572),#11578,.F.);
#11572 = FACE_BOUND('',#11573,.F.);
#11573 = EDGE_LOOP('',(#11574,#11575,#11576,#11577));
#11574 = ORIENTED_EDGE('',*,*,#9290,.F.);
#11575 = ORIENTED_EDGE('',*,*,#10726,.F.);
#11576 = ORIENTED_EDGE('',*,*,#9183,.F.);
#11577 = ORIENTED_EDGE('',*,*,#9263,.F.);
#11578 = PLANE('',#11579);
#11579 = AXIS2_PLACEMENT_3D('',#11580,#11581,#11582);
#11580 = CARTESIAN_POINT('',(-9.597474245049E-16,3.992858139769E-16,3.51
    ));
#11581 = DIRECTION('',(0.,0.,1.));
#11582 = DIRECTION('',(1.,0.,0.));
#11583 = ADVANCED_FACE('',(#11584),#11590,.F.);
#11584 = FACE_BOUND('',#11585,.F.);
#11585 = EDGE_LOOP('',(#11586,#11587,#11588,#11589));
#11586 = ORIENTED_EDGE('',*,*,#9420,.T.);
#11587 = ORIENTED_EDGE('',*,*,#10718,.T.);
#11588 = ORIENTED_EDGE('',*,*,#9332,.T.);
#11589 = ORIENTED_EDGE('',*,*,#9395,.T.);
#11590 = PLANE('',#11591);
#11591 = AXIS2_PLACEMENT_3D('',#11592,#11593,#11594);
#11592 = CARTESIAN_POINT('',(-1.025580099405E-15,3.057510672446E-17,4.)
  );
#11593 = DIRECTION('',(-0.,-0.,-1.));
#11594 = DIRECTION('',(-1.,0.,0.));
#11595 = ADVANCED_FACE('',(#11596),#11602,.F.);
#11596 = FACE_BOUND('',#11597,.F.);
#11597 = EDGE_LOOP('',(#11598,#11599,#11600,#11601));
#11598 = ORIENTED_EDGE('',*,*,#9565,.F.);
#11599 = ORIENTED_EDGE('',*,*,#10710,.F.);
#11600 = ORIENTED_EDGE('',*,*,#9458,.F.);
#11601 = ORIENTED_EDGE('',*,*,#9538,.F.);
#11602 = PLANE('',#11603);
#11603 = AXIS2_PLACEMENT_3D('',#11604,#11605,#11606);
#11604 = CARTESIAN_POINT('',(-9.597474245049E-16,3.992858139769E-16,3.51
    ));
#11605 = DIRECTION('',(0.,0.,1.));
#11606 = DIRECTION('',(1.,0.,0.));
#11607 = ADVANCED_FACE('',(#11608),#11614,.F.);
#11608 = FACE_BOUND('',#11609,.F.);
#11609 = EDGE_LOOP('',(#11610,#11611,#11612,#11613));
#11610 = ORIENTED_EDGE('',*,*,#9695,.T.);
#11611 = ORIENTED_EDGE('',*,*,#10702,.T.);
#11612 = ORIENTED_EDGE('',*,*,#9607,.T.);
#11613 = ORIENTED_EDGE('',*,*,#9670,.T.);
#11614 = PLANE('',#11615);
#11615 = AXIS2_PLACEMENT_3D('',#11616,#11617,#11618);
#11616 = CARTESIAN_POINT('',(-1.025580099405E-15,3.057510672446E-17,4.)
  );
#11617 = DIRECTION('',(-0.,-0.,-1.));
#11618 = DIRECTION('',(-1.,0.,0.));
#11619 = ADVANCED_FACE('',(#11620),#11626,.F.);
#11620 = FACE_BOUND('',#11621,.F.);
#11621 = EDGE_LOOP('',(#11622,#11623,#11624,#11625));
#11622 = ORIENTED_EDGE('',*,*,#9840,.F.);
#11623 = ORIENTED_EDGE('',*,*,#10694,.F.);
#11624 = ORIENTED_EDGE('',*,*,#9733,.F.);
#11625 = ORIENTED_EDGE('',*,*,#9813,.F.);
#11626 = PLANE('',#11627);
#11627 = AXIS2_PLACEMENT_3D('',#11628,#11629,#11630);
#11628 = CARTESIAN_POINT('',(-9.597474245049E-16,3.992858139769E-16,3.51
    ));
#11629 = DIRECTION('',(0.,0.,1.));
#11630 = DIRECTION('',(1.,0.,0.));
#11631 = ADVANCED_FACE('',(#11632),#11638,.F.);
#11632 = FACE_BOUND('',#11633,.F.);
#11633 = EDGE_LOOP('',(#11634,#11635,#11636,#11637));
#11634 = ORIENTED_EDGE('',*,*,#9970,.T.);
#11635 = ORIENTED_EDGE('',*,*,#10686,.T.);
#11636 = ORIENTED_EDGE('',*,*,#9882,.T.);
#11637 = ORIENTED_EDGE('',*,*,#9945,.T.);
#11638 = PLANE('',#11639);
#11639 = AXIS2_PLACEMENT_3D('',#11640,#11641,#11642);
#11640 = CARTESIAN_POINT('',(-1.025580099405E-15,3.057510672446E-17,4.)
  );
#11641 = DIRECTION('',(-0.,-0.,-1.));
#11642 = DIRECTION('',(-1.,0.,0.));
#11643 = ADVANCED_FACE('',(#11644),#11650,.F.);
#11644 = FACE_BOUND('',#11645,.F.);
#11645 = EDGE_LOOP('',(#11646,#11647,#11648,#11649));
#11646 = ORIENTED_EDGE('',*,*,#10115,.F.);
#11647 = ORIENTED_EDGE('',*,*,#10678,.F.);
#11648 = ORIENTED_EDGE('',*,*,#10008,.F.);
#11649 = ORIENTED_EDGE('',*,*,#10088,.F.);
#11650 = PLANE('',#11651);
#11651 = AXIS2_PLACEMENT_3D('',#11652,#11653,#11654);
#11652 = CARTESIAN_POINT('',(-9.597474245049E-16,3.992858139769E-16,3.51
    ));
#11653 = DIRECTION('',(0.,0.,1.));
#11654 = DIRECTION('',(1.,0.,0.));
#11655 = ADVANCED_FACE('',(#11656),#11662,.F.);
#11656 = FACE_BOUND('',#11657,.F.);
#11657 = EDGE_LOOP('',(#11658,#11659,#11660,#11661));
#11658 = ORIENTED_EDGE('',*,*,#10245,.T.);
#11659 = ORIENTED_EDGE('',*,*,#10670,.T.);
#11660 = ORIENTED_EDGE('',*,*,#10157,.T.);
#11661 = ORIENTED_EDGE('',*,*,#10220,.T.);
#11662 = PLANE('',#11663);
#11663 = AXIS2_PLACEMENT_3D('',#11664,#11665,#11666);
#11664 = CARTESIAN_POINT('',(-1.025580099405E-15,3.057510672446E-17,4.)
  );
#11665 = DIRECTION('',(-0.,-0.,-1.));
#11666 = DIRECTION('',(-1.,0.,0.));
#11667 = ADVANCED_FACE('',(#11668),#11674,.F.);
#11668 = FACE_BOUND('',#11669,.F.);
#11669 = EDGE_LOOP('',(#11670,#11671,#11672,#11673));
#11670 = ORIENTED_EDGE('',*,*,#10390,.F.);
#11671 = ORIENTED_EDGE('',*,*,#10662,.F.);
#11672 = ORIENTED_EDGE('',*,*,#10283,.F.);
#11673 = ORIENTED_EDGE('',*,*,#10363,.F.);
#11674 = PLANE('',#11675);
#11675 = AXIS2_PLACEMENT_3D('',#11676,#11677,#11678);
#11676 = CARTESIAN_POINT('',(-9.597474245049E-16,3.992858139769E-16,3.51
    ));
#11677 = DIRECTION('',(0.,0.,1.));
#11678 = DIRECTION('',(1.,0.,0.));
#11679 = ADVANCED_FACE('',(#11680),#11686,.F.);
#11680 = FACE_BOUND('',#11681,.F.);
#11681 = EDGE_LOOP('',(#11682,#11683,#11684,#11685));
#11682 = ORIENTED_EDGE('',*,*,#10520,.T.);
#11683 = ORIENTED_EDGE('',*,*,#10654,.T.);
#11684 = ORIENTED_EDGE('',*,*,#10432,.T.);
#11685 = ORIENTED_EDGE('',*,*,#10495,.T.);
#11686 = PLANE('',#11687);
#11687 = AXIS2_PLACEMENT_3D('',#11688,#11689,#11690);
#11688 = CARTESIAN_POINT('',(-1.025580099405E-15,3.057510672446E-17,4.)
  );
#11689 = DIRECTION('',(-0.,-0.,-1.));
#11690 = DIRECTION('',(-1.,0.,0.));
#11691 = ( GEOMETRIC_REPRESENTATION_CONTEXT(3) 
GLOBAL_UNCERTAINTY_ASSIGNED_CONTEXT((#11695)) 
GLOBAL_UNIT_ASSIGNED_CONTEXT((#11692,#11693,#11694)) 
REPRESENTATION_CONTEXT('Context #1',
  '3D Context with UNIT and UNCERTAINTY') );
#11692 = ( LENGTH_UNIT() NAMED_UNIT(*) SI_UNIT(.MILLI.,.METRE.) );
#11693 = ( NAMED_UNIT(*) PLANE_ANGLE_UNIT() SI_UNIT($,.RADIAN.) );
#11694 = ( NAMED_UNIT(*) SI_UNIT($,.STERADIAN.) SOLID_ANGLE_UNIT() );
#11695 = UNCERTAINTY_MEASURE_WITH_UNIT(LENGTH_MEASURE(2.E-06),#11692,
  'distance_accuracy_value','confusion accuracy');
#11696 = PRODUCT_RELATED_PRODUCT_CATEGORY('part',$,(#7));
#11697 = MECHANICAL_DESIGN_GEOMETRIC_PRESENTATION_REPRESENTATION('',(
    #11698),#11691);
#11698 = STYLED_ITEM('color',(#11699),#15);
#11699 = PRESENTATION_STYLE_ASSIGNMENT((#11700,#11706));
#11700 = SURFACE_STYLE_USAGE(.BOTH.,#11701);
#11701 = SURFACE_SIDE_STYLE('',(#11702));
#11702 = SURFACE_STYLE_FILL_AREA(#11703);
#11703 = FILL_AREA_STYLE('',(#11704));
#11704 = FILL_AREA_STYLE_COLOUR('',#11705);
#11705 = COLOUR_RGB('',0.447058818107,0.474509808674,0.501960817233);
#11706 = CURVE_STYLE('',#11707,POSITIVE_LENGTH_MEASURE(0.1),#11708);
#11707 = DRAUGHTING_PRE_DEFINED_CURVE_FONT('continuous');
#11708 = COLOUR_RGB('',9.803921802644E-02,9.803921802644E-02,
  9.803921802644E-02);
ENDSEC;
END-ISO-10303-21;
