ISO-10303-21;
HEADER;
FILE_DESCRIPTION(('FreeCAD Model'),'2;1');
FILE_NAME('Open CASCADE Shape Model','2026-05-03T22:35:07',(''),(''),
  'Open CASCADE STEP processor 7.8','FreeCAD','Unknown');
FILE_SCHEMA(('AUTOMOTIVE_DESIGN { 1 0 10303 214 1 1 1 1 }'));
ENDSEC;
DATA;
#1 = APPLICATION_PROTOCOL_DEFINITION('international standard',
  'automotive_design',2000,#2);
#2 = APPLICATION_CONTEXT(
  'core data for automotive mechanical design processes');
#3 = SHAPE_DEFINITION_REPRESENTATION(#4,#10);
#4 = PRODUCT_DEFINITION_SHAPE('','',#5);
#5 = PRODUCT_DEFINITION('design','',#6,#9);
#6 = PRODUCT_DEFINITION_FORMATION('','',#7);
#7 = PRODUCT('Wheel','Wheel','',(#8));
#8 = PRODUCT_CONTEXT('',#2,'mechanical');
#9 = PRODUCT_DEFINITION_CONTEXT('part definition',#2,'design');
#10 = ADVANCED_BREP_SHAPE_REPRESENTATION('',(#11,#15),#7839);
#11 = AXIS2_PLACEMENT_3D('',#12,#13,#14);
#12 = CARTESIAN_POINT('',(0.,0.,0.));
#13 = DIRECTION('',(0.,0.,1.));
#14 = DIRECTION('',(1.,0.,-0.));
#15 = MANIFOLD_SOLID_BREP('',#16);
#16 = CLOSED_SHELL('',(#17,#50,#488,#2378,#2395,#2412,#2429,#2446,#2463,
    #2480,#2497,#2514,#2531,#2548,#2565,#2582,#2599,#2616,#2633,#2650,
    #2667,#2684,#2701,#2718,#2735,#2752,#2777,#2794,#2811,#2828,#2845,
    #2862,#2879,#2896,#2913,#2930,#2947,#2964,#2981,#2998,#3015,#3032,
    #3049,#3080,#3104,#3128,#3145,#3176,#3200,#3224,#3241,#3272,#3296,
    #3320,#3337,#3368,#3392,#3416,#3433,#3464,#3488,#3512,#3529,#3560,
    #3584,#3608,#3625,#3656,#3680,#3704,#3721,#3752,#3776,#3800,#3817,
    #3848,#3872,#3896,#3913,#3944,#3968,#3992,#4009,#4040,#4064,#4088,
    #4105,#4136,#4160,#4184,#4201,#4232,#4256,#4280,#4297,#4328,#4352,
    #4376,#4393,#4424,#4448,#4472,#4489,#4520,#4544,#4568,#4585,#4616,
    #4640,#4664,#4681,#4712,#4736,#4760,#4777,#4808,#4832,#4856,#4873,
    #4904,#4928,#4952,#4969,#5000,#5024,#5048,#5065,#5096,#5120,#5144,
    #5161,#5192,#5216,#5240,#5257,#5281,#5312,#5336,#5360,#5377,#5408,
    #5432,#5456,#5473,#5504,#5528,#5552,#5569,#5600,#5624,#5648,#5665,
    #5696,#5720,#5744,#5761,#5792,#5816,#5840,#5857,#5888,#5912,#5936,
    #5960,#5984,#6008,#6032,#6056,#6080,#6104,#6128,#6152,#6176,#6200,
    #6224,#6248,#6272,#6296,#6320,#6344,#6368,#6392,#6416,#6433,#6464,
    #6488,#6512,#6529,#6560,#6584,#6608,#6625,#6656,#6680,#6704,#6721,
    #6752,#6776,#6800,#6817,#6848,#6872,#6896,#6913,#6944,#6968,#6992,
    #7009,#7040,#7064,#7088,#7105,#7136,#7160,#7184,#7201,#7239,#7251,
    #7263,#7275,#7287,#7299,#7311,#7323,#7335,#7347,#7359,#7371,#7383,
    #7395,#7407,#7419,#7431,#7443,#7455,#7467,#7479,#7491,#7503,#7515,
    #7541,#7553,#7565,#7577,#7589,#7601,#7613,#7625,#7637,#7649,#7661,
    #7673,#7685,#7697,#7709,#7741,#7769,#7793,#7807));
#17 = ADVANCED_FACE('',(#18),#45,.T.);
#18 = FACE_BOUND('',#19,.F.);
#19 = EDGE_LOOP('',(#20,#30,#37,#38));
#20 = ORIENTED_EDGE('',*,*,#21,.T.);
#21 = EDGE_CURVE('',#22,#24,#26,.T.);
#22 = VERTEX_POINT('',#23);
#23 = CARTESIAN_POINT('',(20.,0.,0.));
#24 = VERTEX_POINT('',#25);
#25 = CARTESIAN_POINT('',(20.,0.,2.));
#26 = LINE('',#27,#28);
#27 = CARTESIAN_POINT('',(20.,0.,0.));
#28 = VECTOR('',#29,1.);
#29 = DIRECTION('',(0.,0.,1.));
#30 = ORIENTED_EDGE('',*,*,#31,.T.);
#31 = EDGE_CURVE('',#24,#24,#32,.T.);
#32 = CIRCLE('',#33,20.);
#33 = AXIS2_PLACEMENT_3D('',#34,#35,#36);
#34 = CARTESIAN_POINT('',(0.,0.,2.));
#35 = DIRECTION('',(0.,0.,1.));
#36 = DIRECTION('',(1.,0.,0.));
#37 = ORIENTED_EDGE('',*,*,#21,.F.);
#38 = ORIENTED_EDGE('',*,*,#39,.F.);
#39 = EDGE_CURVE('',#22,#22,#40,.T.);
#40 = CIRCLE('',#41,20.);
#41 = AXIS2_PLACEMENT_3D('',#42,#43,#44);
#42 = CARTESIAN_POINT('',(0.,0.,0.));
#43 = DIRECTION('',(0.,0.,1.));
#44 = DIRECTION('',(1.,0.,0.));
#45 = CYLINDRICAL_SURFACE('',#46,20.);
#46 = AXIS2_PLACEMENT_3D('',#47,#48,#49);
#47 = CARTESIAN_POINT('',(0.,0.,0.));
#48 = DIRECTION('',(-0.,-0.,-1.));
#49 = DIRECTION('',(1.,0.,0.));
#50 = ADVANCED_FACE('',(#51,#54,#65,#76,#87,#98,#109,#120,#131,#142,#153
    ,#164,#175,#186,#197,#208,#219,#230,#241,#252,#263,#274,#285,#296,
    #307,#318,#329,#340,#351,#362,#373,#384,#395,#406,#417,#428,#439,
    #450,#461,#472),#483,.F.);
#51 = FACE_BOUND('',#52,.F.);
#52 = EDGE_LOOP('',(#53));
#53 = ORIENTED_EDGE('',*,*,#39,.T.);
#54 = FACE_BOUND('',#55,.F.);
#55 = EDGE_LOOP('',(#56));
#56 = ORIENTED_EDGE('',*,*,#57,.F.);
#57 = EDGE_CURVE('',#58,#58,#60,.T.);
#58 = VERTEX_POINT('',#59);
#59 = CARTESIAN_POINT('',(-10.44670982013,-15.98987973481,0.));
#60 = CIRCLE('',#61,1.1);
#61 = AXIS2_PLACEMENT_3D('',#62,#63,#64);
#62 = CARTESIAN_POINT('',(-9.845066846204,-15.06899660872,0.));
#63 = DIRECTION('',(0.,0.,1.));
#64 = DIRECTION('',(-0.546948158122,-0.837166478263,0.));
#65 = FACE_BOUND('',#66,.F.);
#66 = EDGE_LOOP('',(#67));
#67 = ORIENTED_EDGE('',*,*,#68,.F.);
#68 = EDGE_CURVE('',#69,#69,#71,.T.);
#69 = VERTEX_POINT('',#70);
#70 = CARTESIAN_POINT('',(-12.93607801805,-14.05232669385,0.));
#71 = CIRCLE('',#72,1.1);
#72 = AXIS2_PLACEMENT_3D('',#73,#74,#75);
#73 = CARTESIAN_POINT('',(-12.19106828926,-13.24303039211,0.));
#74 = DIRECTION('',(0.,0.,1.));
#75 = DIRECTION('',(-0.677281571626,-0.735723910673,0.));
#76 = FACE_BOUND('',#77,.F.);
#77 = EDGE_LOOP('',(#78));
#78 = ORIENTED_EDGE('',*,*,#79,.F.);
#79 = EDGE_CURVE('',#80,#80,#82,.T.);
#80 = VERTEX_POINT('',#81);
#81 = CARTESIAN_POINT('',(-15.07258372947,-11.73146281237,0.));
#82 = CIRCLE('',#83,1.1);
#83 = AXIS2_PLACEMENT_3D('',#84,#85,#86);
#84 = CARTESIAN_POINT('',(-14.20452916913,-11.05582882841,0.));
#85 = DIRECTION('',(0.,0.,1.));
#86 = DIRECTION('',(-0.789140509396,-0.61421271269,0.));
#87 = FACE_BOUND('',#88,.F.);
#88 = EDGE_LOOP('',(#89));
#89 = ORIENTED_EDGE('',*,*,#90,.F.);
#90 = EDGE_CURVE('',#91,#91,#93,.T.);
#91 = VERTEX_POINT('',#92);
#92 = CARTESIAN_POINT('',(-7.672382610872,-17.49127053911,0.));
#93 = CIRCLE('',#94,1.1);
#94 = AXIS2_PLACEMENT_3D('',#95,#96,#97);
#95 = CARTESIAN_POINT('',(-7.230517643753,-16.48391987979,0.));
#96 = DIRECTION('',(0.,0.,1.));
#97 = DIRECTION('',(-0.401695424653,-0.915773326655,0.));
#98 = FACE_BOUND('',#99,.F.);
#99 = EDGE_LOOP('',(#100));
#100 = ORIENTED_EDGE('',*,*,#101,.F.);
#101 = EDGE_CURVE('',#102,#102,#104,.T.);
#102 = VERTEX_POINT('',#103);
#103 = CARTESIAN_POINT('',(-4.688772804389,-18.51554507944,0.));
#104 = CIRCLE('',#105,1.1);
#105 = AXIS2_PLACEMENT_3D('',#106,#107,#108);
#106 = CARTESIAN_POINT('',(-4.418738768534,-17.4492047869,0.));
#107 = DIRECTION('',(0.,0.,1.));
#108 = DIRECTION('',(-0.245485487141,-0.969400265939,0.));
#109 = FACE_BOUND('',#110,.F.);
#110 = EDGE_LOOP('',(#111));
#111 = ORIENTED_EDGE('',*,*,#112,.F.);
#112 = EDGE_CURVE('',#113,#113,#115,.T.);
#113 = VERTEX_POINT('',#114);
#114 = CARTESIAN_POINT('',(-1.577265498522,-19.03476381642,0.));
#115 = CIRCLE('',#116,1.1);
#116 = AXIS2_PLACEMENT_3D('',#117,#118,#119);
#117 = CARTESIAN_POINT('',(-1.486428218502,-17.93852087412,0.));
#118 = DIRECTION('',(0.,0.,1.));
#119 = DIRECTION('',(-8.257934547233E-02,-0.996584493007,0.));
#120 = FACE_BOUND('',#121,.F.);
#121 = EDGE_LOOP('',(#122));
#122 = ORIENTED_EDGE('',*,*,#123,.F.);
#123 = EDGE_CURVE('',#124,#124,#126,.T.);
#124 = VERTEX_POINT('',#125);
#125 = CARTESIAN_POINT('',(-16.79794864804,-9.090595207008,0.));
#126 = CIRCLE('',#127,1.1);
#127 = AXIS2_PLACEMENT_3D('',#128,#129,#130);
#128 = CARTESIAN_POINT('',(-15.83052752171,-8.567053074667,0.));
#129 = DIRECTION('',(0.,0.,1.));
#130 = DIRECTION('',(-0.879473751206,-0.475947393037,0.));
#131 = FACE_BOUND('',#132,.F.);
#132 = EDGE_LOOP('',(#133));
#133 = ORIENTED_EDGE('',*,*,#134,.F.);
#134 = EDGE_CURVE('',#135,#135,#137,.T.);
#135 = VERTEX_POINT('',#136);
#136 = CARTESIAN_POINT('',(-18.06510931648,-6.201759861809,0.));
#137 = CIRCLE('',#138,1.1);
#138 = AXIS2_PLACEMENT_3D('',#139,#140,#141);
#139 = CARTESIAN_POINT('',(-17.02471035061,-5.844590445684,0.));
#140 = DIRECTION('',(0.,0.,1.));
#141 = DIRECTION('',(-0.945817241701,-0.324699469205,0.));
#142 = FACE_BOUND('',#143,.F.);
#143 = EDGE_LOOP('',(#144));
#144 = ORIENTED_EDGE('',*,*,#145,.F.);
#145 = EDGE_CURVE('',#146,#146,#148,.T.);
#146 = VERTEX_POINT('',#147);
#147 = CARTESIAN_POINT('',(-18.83950089499,-3.143756674362,0.));
#148 = CIRCLE('',#149,1.1);
#149 = AXIS2_PLACEMENT_3D('',#150,#151,#152);
#150 = CARTESIAN_POINT('',(-17.75450346124,-2.962702625053,0.));
#151 = DIRECTION('',(0.,0.,1.));
#152 = DIRECTION('',(-0.986361303403,-0.164594590281,0.));
#153 = FACE_BOUND('',#154,.F.);
#154 = EDGE_LOOP('',(#155));
#155 = ORIENTED_EDGE('',*,*,#156,.F.);
#156 = EDGE_CURVE('',#157,#157,#159,.T.);
#157 = VERTEX_POINT('',#158);
#158 = CARTESIAN_POINT('',(1.577265498522,-19.03476381642,0.));
#159 = CIRCLE('',#160,1.1);
#160 = AXIS2_PLACEMENT_3D('',#161,#162,#163);
#161 = CARTESIAN_POINT('',(1.486428218502,-17.93852087412,0.));
#162 = DIRECTION('',(-0.,0.,1.));
#163 = DIRECTION('',(8.257934547233E-02,-0.996584493007,0.));
#164 = FACE_BOUND('',#165,.F.);
#165 = EDGE_LOOP('',(#166));
#166 = ORIENTED_EDGE('',*,*,#167,.F.);
#167 = EDGE_CURVE('',#168,#168,#170,.T.);
#168 = VERTEX_POINT('',#169);
#169 = CARTESIAN_POINT('',(4.688772804389,-18.51554507944,0.));
#170 = CIRCLE('',#171,1.1);
#171 = AXIS2_PLACEMENT_3D('',#172,#173,#174);
#172 = CARTESIAN_POINT('',(4.418738768534,-17.4492047869,0.));
#173 = DIRECTION('',(-0.,0.,1.));
#174 = DIRECTION('',(0.245485487141,-0.969400265939,0.));
#175 = FACE_BOUND('',#176,.F.);
#176 = EDGE_LOOP('',(#177));
#177 = ORIENTED_EDGE('',*,*,#178,.F.);
#178 = EDGE_CURVE('',#179,#179,#181,.T.);
#179 = VERTEX_POINT('',#180);
#180 = CARTESIAN_POINT('',(7.672382610872,-17.49127053911,0.));
#181 = CIRCLE('',#182,1.1);
#182 = AXIS2_PLACEMENT_3D('',#183,#184,#185);
#183 = CARTESIAN_POINT('',(7.230517643753,-16.48391987979,0.));
#184 = DIRECTION('',(-0.,0.,1.));
#185 = DIRECTION('',(0.401695424653,-0.915773326655,0.));
#186 = FACE_BOUND('',#187,.F.);
#187 = EDGE_LOOP('',(#188));
#188 = ORIENTED_EDGE('',*,*,#189,.F.);
#189 = EDGE_CURVE('',#190,#190,#192,.T.);
#190 = VERTEX_POINT('',#191);
#191 = CARTESIAN_POINT('',(10.446709820138,-15.98987973481,0.));
#192 = CIRCLE('',#193,1.1);
#193 = AXIS2_PLACEMENT_3D('',#194,#195,#196);
#194 = CARTESIAN_POINT('',(9.845066846204,-15.06899660872,0.));
#195 = DIRECTION('',(-0.,0.,1.));
#196 = DIRECTION('',(0.546948158122,-0.837166478263,0.));
#197 = FACE_BOUND('',#198,.F.);
#198 = EDGE_LOOP('',(#199));
#199 = ORIENTED_EDGE('',*,*,#200,.F.);
#200 = EDGE_CURVE('',#201,#201,#203,.T.);
#201 = VERTEX_POINT('',#202);
#202 = CARTESIAN_POINT('',(12.936078018052,-14.05232669385,0.));
#203 = CIRCLE('',#204,1.1);
#204 = AXIS2_PLACEMENT_3D('',#205,#206,#207);
#205 = CARTESIAN_POINT('',(12.191068289263,-13.24303039211,0.));
#206 = DIRECTION('',(-0.,0.,1.));
#207 = DIRECTION('',(0.677281571626,-0.735723910673,0.));
#208 = FACE_BOUND('',#209,.F.);
#209 = EDGE_LOOP('',(#210));
#210 = ORIENTED_EDGE('',*,*,#211,.F.);
#211 = EDGE_CURVE('',#212,#212,#214,.T.);
#212 = VERTEX_POINT('',#213);
#213 = CARTESIAN_POINT('',(15.072583729471,-11.73146281237,0.));
#214 = CIRCLE('',#215,1.1);
#215 = AXIS2_PLACEMENT_3D('',#216,#217,#218);
#216 = CARTESIAN_POINT('',(14.204529169135,-11.05582882841,0.));
#217 = DIRECTION('',(-0.,0.,1.));
#218 = DIRECTION('',(0.789140509396,-0.61421271269,0.));
#219 = FACE_BOUND('',#220,.F.);
#220 = EDGE_LOOP('',(#221));
#221 = ORIENTED_EDGE('',*,*,#222,.F.);
#222 = EDGE_CURVE('',#223,#223,#225,.T.);
#223 = VERTEX_POINT('',#224);
#224 = CARTESIAN_POINT('',(16.797948648044,-9.090595207008,0.));
#225 = CIRCLE('',#226,1.1);
#226 = AXIS2_PLACEMENT_3D('',#227,#228,#229);
#227 = CARTESIAN_POINT('',(15.830527521717,-8.567053074667,0.));
#228 = DIRECTION('',(-0.,0.,1.));
#229 = DIRECTION('',(0.879473751206,-0.475947393037,0.));
#230 = FACE_BOUND('',#231,.F.);
#231 = EDGE_LOOP('',(#232));
#232 = ORIENTED_EDGE('',*,*,#233,.F.);
#233 = EDGE_CURVE('',#234,#234,#236,.T.);
#234 = VERTEX_POINT('',#235);
#235 = CARTESIAN_POINT('',(18.065109316482,-6.201759861809,0.));
#236 = CIRCLE('',#237,1.1);
#237 = AXIS2_PLACEMENT_3D('',#238,#239,#240);
#238 = CARTESIAN_POINT('',(17.024710350611,-5.844590445684,0.));
#239 = DIRECTION('',(-0.,0.,1.));
#240 = DIRECTION('',(0.945817241701,-0.324699469205,0.));
#241 = FACE_BOUND('',#242,.F.);
#242 = EDGE_LOOP('',(#243));
#243 = ORIENTED_EDGE('',*,*,#244,.F.);
#244 = EDGE_CURVE('',#245,#245,#247,.T.);
#245 = VERTEX_POINT('',#246);
#246 = CARTESIAN_POINT('',(18.839500894992,-3.143756674362,0.));
#247 = CIRCLE('',#248,1.1);
#248 = AXIS2_PLACEMENT_3D('',#249,#250,#251);
#249 = CARTESIAN_POINT('',(17.754503461249,-2.962702625053,0.));
#250 = DIRECTION('',(-0.,0.,1.));
#251 = DIRECTION('',(0.986361303403,-0.164594590281,0.));
#252 = FACE_BOUND('',#253,.F.);
#253 = EDGE_LOOP('',(#254));
#254 = ORIENTED_EDGE('',*,*,#255,.F.);
#255 = EDGE_CURVE('',#256,#256,#258,.T.);
#256 = VERTEX_POINT('',#257);
#257 = CARTESIAN_POINT('',(-19.1,2.339075386371E-15,0.));
#258 = CIRCLE('',#259,1.1);
#259 = AXIS2_PLACEMENT_3D('',#260,#261,#262);
#260 = CARTESIAN_POINT('',(-18.,2.204364238465E-15,0.));
#261 = DIRECTION('',(0.,0.,1.));
#262 = DIRECTION('',(-1.,1.224646799147E-16,0.));
#263 = FACE_BOUND('',#264,.F.);
#264 = EDGE_LOOP('',(#265));
#265 = ORIENTED_EDGE('',*,*,#266,.F.);
#266 = EDGE_CURVE('',#267,#267,#269,.T.);
#267 = VERTEX_POINT('',#268);
#268 = CARTESIAN_POINT('',(-18.83950089499,3.143756674362,0.));
#269 = CIRCLE('',#270,1.1);
#270 = AXIS2_PLACEMENT_3D('',#271,#272,#273);
#271 = CARTESIAN_POINT('',(-17.75450346124,2.962702625053,0.));
#272 = DIRECTION('',(0.,0.,1.));
#273 = DIRECTION('',(-0.986361303403,0.164594590281,0.));
#274 = FACE_BOUND('',#275,.F.);
#275 = EDGE_LOOP('',(#276));
#276 = ORIENTED_EDGE('',*,*,#277,.F.);
#277 = EDGE_CURVE('',#278,#278,#280,.T.);
#278 = VERTEX_POINT('',#279);
#279 = CARTESIAN_POINT('',(-18.06510931648,6.201759861809,0.));
#280 = CIRCLE('',#281,1.1);
#281 = AXIS2_PLACEMENT_3D('',#282,#283,#284);
#282 = CARTESIAN_POINT('',(-17.02471035061,5.844590445684,0.));
#283 = DIRECTION('',(0.,0.,1.));
#284 = DIRECTION('',(-0.945817241701,0.324699469205,0.));
#285 = FACE_BOUND('',#286,.F.);
#286 = EDGE_LOOP('',(#287));
#287 = ORIENTED_EDGE('',*,*,#288,.F.);
#288 = EDGE_CURVE('',#289,#289,#291,.T.);
#289 = VERTEX_POINT('',#290);
#290 = CARTESIAN_POINT('',(-16.79794864804,9.090595207008,0.));
#291 = CIRCLE('',#292,1.1);
#292 = AXIS2_PLACEMENT_3D('',#293,#294,#295);
#293 = CARTESIAN_POINT('',(-15.83052752171,8.567053074667,0.));
#294 = DIRECTION('',(0.,0.,1.));
#295 = DIRECTION('',(-0.879473751206,0.475947393037,0.));
#296 = FACE_BOUND('',#297,.F.);
#297 = EDGE_LOOP('',(#298));
#298 = ORIENTED_EDGE('',*,*,#299,.F.);
#299 = EDGE_CURVE('',#300,#300,#302,.T.);
#300 = VERTEX_POINT('',#301);
#301 = CARTESIAN_POINT('',(16.1,0.,0.));
#302 = CIRCLE('',#303,16.1);
#303 = AXIS2_PLACEMENT_3D('',#304,#305,#306);
#304 = CARTESIAN_POINT('',(0.,0.,0.));
#305 = DIRECTION('',(0.,0.,1.));
#306 = DIRECTION('',(1.,0.,0.));
#307 = FACE_BOUND('',#308,.F.);
#308 = EDGE_LOOP('',(#309));
#309 = ORIENTED_EDGE('',*,*,#310,.F.);
#310 = EDGE_CURVE('',#311,#311,#313,.T.);
#311 = VERTEX_POINT('',#312);
#312 = CARTESIAN_POINT('',(-15.07258372947,11.731462812373,0.));
#313 = CIRCLE('',#314,1.1);
#314 = AXIS2_PLACEMENT_3D('',#315,#316,#317);
#315 = CARTESIAN_POINT('',(-14.20452916913,11.055828828414,0.));
#316 = DIRECTION('',(0.,0.,1.));
#317 = DIRECTION('',(-0.789140509396,0.61421271269,0.));
#318 = FACE_BOUND('',#319,.F.);
#319 = EDGE_LOOP('',(#320));
#320 = ORIENTED_EDGE('',*,*,#321,.F.);
#321 = EDGE_CURVE('',#322,#322,#324,.T.);
#322 = VERTEX_POINT('',#323);
#323 = CARTESIAN_POINT('',(-12.93607801805,14.052326693857,0.));
#324 = CIRCLE('',#325,1.1);
#325 = AXIS2_PLACEMENT_3D('',#326,#327,#328);
#326 = CARTESIAN_POINT('',(-12.19106828926,13.243030392116,0.));
#327 = DIRECTION('',(0.,0.,1.));
#328 = DIRECTION('',(-0.677281571626,0.735723910673,0.));
#329 = FACE_BOUND('',#330,.F.);
#330 = EDGE_LOOP('',(#331));
#331 = ORIENTED_EDGE('',*,*,#332,.F.);
#332 = EDGE_CURVE('',#333,#333,#335,.T.);
#333 = VERTEX_POINT('',#334);
#334 = CARTESIAN_POINT('',(-10.44670982013,15.989879734814,0.));
#335 = CIRCLE('',#336,1.1);
#336 = AXIS2_PLACEMENT_3D('',#337,#338,#339);
#337 = CARTESIAN_POINT('',(-9.845066846204,15.068996608726,0.));
#338 = DIRECTION('',(0.,0.,1.));
#339 = DIRECTION('',(-0.546948158122,0.837166478263,0.));
#340 = FACE_BOUND('',#341,.F.);
#341 = EDGE_LOOP('',(#342));
#342 = ORIENTED_EDGE('',*,*,#343,.F.);
#343 = EDGE_CURVE('',#344,#344,#346,.T.);
#344 = VERTEX_POINT('',#345);
#345 = CARTESIAN_POINT('',(-7.672382610872,17.491270539112,0.));
#346 = CIRCLE('',#347,1.1);
#347 = AXIS2_PLACEMENT_3D('',#348,#349,#350);
#348 = CARTESIAN_POINT('',(-7.230517643753,16.483919879791,0.));
#349 = DIRECTION('',(0.,0.,1.));
#350 = DIRECTION('',(-0.401695424653,0.915773326655,0.));
#351 = FACE_BOUND('',#352,.F.);
#352 = EDGE_LOOP('',(#353));
#353 = ORIENTED_EDGE('',*,*,#354,.F.);
#354 = EDGE_CURVE('',#355,#355,#357,.T.);
#355 = VERTEX_POINT('',#356);
#356 = CARTESIAN_POINT('',(-4.688772804389,18.515545079441,0.));
#357 = CIRCLE('',#358,1.1);
#358 = AXIS2_PLACEMENT_3D('',#359,#360,#361);
#359 = CARTESIAN_POINT('',(-4.418738768534,17.449204786908,0.));
#360 = DIRECTION('',(0.,0.,1.));
#361 = DIRECTION('',(-0.245485487141,0.969400265939,0.));
#362 = FACE_BOUND('',#363,.F.);
#363 = EDGE_LOOP('',(#364));
#364 = ORIENTED_EDGE('',*,*,#365,.F.);
#365 = EDGE_CURVE('',#366,#366,#368,.T.);
#366 = VERTEX_POINT('',#367);
#367 = CARTESIAN_POINT('',(-1.577265498522,19.034763816427,0.));
#368 = CIRCLE('',#369,1.1);
#369 = AXIS2_PLACEMENT_3D('',#370,#371,#372);
#370 = CARTESIAN_POINT('',(-1.486428218502,17.93852087412,0.));
#371 = DIRECTION('',(0.,0.,1.));
#372 = DIRECTION('',(-8.257934547233E-02,0.996584493007,0.));
#373 = FACE_BOUND('',#374,.F.);
#374 = EDGE_LOOP('',(#375));
#375 = ORIENTED_EDGE('',*,*,#376,.F.);
#376 = EDGE_CURVE('',#377,#377,#379,.T.);
#377 = VERTEX_POINT('',#378);
#378 = CARTESIAN_POINT('',(19.1,0.,0.));
#379 = CIRCLE('',#380,1.1);
#380 = AXIS2_PLACEMENT_3D('',#381,#382,#383);
#381 = CARTESIAN_POINT('',(18.,0.,0.));
#382 = DIRECTION('',(0.,0.,1.));
#383 = DIRECTION('',(1.,0.,0.));
#384 = FACE_BOUND('',#385,.F.);
#385 = EDGE_LOOP('',(#386));
#386 = ORIENTED_EDGE('',*,*,#387,.F.);
#387 = EDGE_CURVE('',#388,#388,#390,.T.);
#388 = VERTEX_POINT('',#389);
#389 = CARTESIAN_POINT('',(18.839500894992,3.143756674362,0.));
#390 = CIRCLE('',#391,1.1);
#391 = AXIS2_PLACEMENT_3D('',#392,#393,#394);
#392 = CARTESIAN_POINT('',(17.754503461249,2.962702625053,0.));
#393 = DIRECTION('',(0.,-0.,1.));
#394 = DIRECTION('',(0.986361303403,0.164594590281,0.));
#395 = FACE_BOUND('',#396,.F.);
#396 = EDGE_LOOP('',(#397));
#397 = ORIENTED_EDGE('',*,*,#398,.F.);
#398 = EDGE_CURVE('',#399,#399,#401,.T.);
#399 = VERTEX_POINT('',#400);
#400 = CARTESIAN_POINT('',(18.065109316482,6.201759861809,0.));
#401 = CIRCLE('',#402,1.1);
#402 = AXIS2_PLACEMENT_3D('',#403,#404,#405);
#403 = CARTESIAN_POINT('',(17.024710350611,5.844590445684,0.));
#404 = DIRECTION('',(0.,-0.,1.));
#405 = DIRECTION('',(0.945817241701,0.324699469205,0.));
#406 = FACE_BOUND('',#407,.F.);
#407 = EDGE_LOOP('',(#408));
#408 = ORIENTED_EDGE('',*,*,#409,.F.);
#409 = EDGE_CURVE('',#410,#410,#412,.T.);
#410 = VERTEX_POINT('',#411);
#411 = CARTESIAN_POINT('',(16.797948648044,9.090595207008,0.));
#412 = CIRCLE('',#413,1.1);
#413 = AXIS2_PLACEMENT_3D('',#414,#415,#416);
#414 = CARTESIAN_POINT('',(15.830527521717,8.567053074667,0.));
#415 = DIRECTION('',(0.,-0.,1.));
#416 = DIRECTION('',(0.879473751206,0.475947393037,0.));
#417 = FACE_BOUND('',#418,.F.);
#418 = EDGE_LOOP('',(#419));
#419 = ORIENTED_EDGE('',*,*,#420,.F.);
#420 = EDGE_CURVE('',#421,#421,#423,.T.);
#421 = VERTEX_POINT('',#422);
#422 = CARTESIAN_POINT('',(1.577265498522,19.034763816427,0.));
#423 = CIRCLE('',#424,1.1);
#424 = AXIS2_PLACEMENT_3D('',#425,#426,#427);
#425 = CARTESIAN_POINT('',(1.486428218502,17.93852087412,0.));
#426 = DIRECTION('',(0.,-0.,1.));
#427 = DIRECTION('',(8.257934547233E-02,0.996584493007,0.));
#428 = FACE_BOUND('',#429,.F.);
#429 = EDGE_LOOP('',(#430));
#430 = ORIENTED_EDGE('',*,*,#431,.F.);
#431 = EDGE_CURVE('',#432,#432,#434,.T.);
#432 = VERTEX_POINT('',#433);
#433 = CARTESIAN_POINT('',(4.688772804389,18.515545079441,0.));
#434 = CIRCLE('',#435,1.1);
#435 = AXIS2_PLACEMENT_3D('',#436,#437,#438);
#436 = CARTESIAN_POINT('',(4.418738768534,17.449204786908,0.));
#437 = DIRECTION('',(0.,-0.,1.));
#438 = DIRECTION('',(0.245485487141,0.969400265939,0.));
#439 = FACE_BOUND('',#440,.F.);
#440 = EDGE_LOOP('',(#441));
#441 = ORIENTED_EDGE('',*,*,#442,.F.);
#442 = EDGE_CURVE('',#443,#443,#445,.T.);
#443 = VERTEX_POINT('',#444);
#444 = CARTESIAN_POINT('',(7.672382610872,17.491270539112,0.));
#445 = CIRCLE('',#446,1.1);
#446 = AXIS2_PLACEMENT_3D('',#447,#448,#449);
#447 = CARTESIAN_POINT('',(7.230517643753,16.483919879791,0.));
#448 = DIRECTION('',(0.,-0.,1.));
#449 = DIRECTION('',(0.401695424653,0.915773326655,0.));
#450 = FACE_BOUND('',#451,.F.);
#451 = EDGE_LOOP('',(#452));
#452 = ORIENTED_EDGE('',*,*,#453,.F.);
#453 = EDGE_CURVE('',#454,#454,#456,.T.);
#454 = VERTEX_POINT('',#455);
#455 = CARTESIAN_POINT('',(15.072583729471,11.731462812373,0.));
#456 = CIRCLE('',#457,1.1);
#457 = AXIS2_PLACEMENT_3D('',#458,#459,#460);
#458 = CARTESIAN_POINT('',(14.204529169135,11.055828828414,0.));
#459 = DIRECTION('',(0.,-0.,1.));
#460 = DIRECTION('',(0.789140509396,0.61421271269,0.));
#461 = FACE_BOUND('',#462,.F.);
#462 = EDGE_LOOP('',(#463));
#463 = ORIENTED_EDGE('',*,*,#464,.F.);
#464 = EDGE_CURVE('',#465,#465,#467,.T.);
#465 = VERTEX_POINT('',#466);
#466 = CARTESIAN_POINT('',(12.936078018052,14.052326693857,0.));
#467 = CIRCLE('',#468,1.1);
#468 = AXIS2_PLACEMENT_3D('',#469,#470,#471);
#469 = CARTESIAN_POINT('',(12.191068289263,13.243030392116,0.));
#470 = DIRECTION('',(0.,-0.,1.));
#471 = DIRECTION('',(0.677281571626,0.735723910673,0.));
#472 = FACE_BOUND('',#473,.F.);
#473 = EDGE_LOOP('',(#474));
#474 = ORIENTED_EDGE('',*,*,#475,.F.);
#475 = EDGE_CURVE('',#476,#476,#478,.T.);
#476 = VERTEX_POINT('',#477);
#477 = CARTESIAN_POINT('',(10.446709820138,15.989879734814,0.));
#478 = CIRCLE('',#479,1.1);
#479 = AXIS2_PLACEMENT_3D('',#480,#481,#482);
#480 = CARTESIAN_POINT('',(9.845066846204,15.068996608726,0.));
#481 = DIRECTION('',(0.,-0.,1.));
#482 = DIRECTION('',(0.546948158122,0.837166478263,0.));
#483 = PLANE('',#484);
#484 = AXIS2_PLACEMENT_3D('',#485,#486,#487);
#485 = CARTESIAN_POINT('',(-9.597474245049E-16,1.623166583418E-16,0.));
#486 = DIRECTION('',(0.,0.,1.));
#487 = DIRECTION('',(1.,0.,0.));
#488 = ADVANCED_FACE('',(#489,#492,#503,#514,#525,#559,#570,#604,#615,
    #626,#660,#694,#728,#762,#773,#784,#818,#852,#863,#897,#931,#942,
    #953,#987,#1021,#1032,#1066,#1100,#1111,#1122,#1156,#1167,#1201,
    #1235,#1246,#1257,#1291,#1302,#1336,#1347,#1381,#1392,#1426,#1437,
    #1448,#1482,#1516,#1527,#1538,#1572,#1583,#1594,#1628,#1662,#1673,
    #1707,#1741,#1775,#1786,#1797,#1991,#2002,#2036,#2047,#2081,#2115,
    #2126,#2137,#2171,#2205,#2239,#2250,#2261,#2295,#2306,#2340,#2351,
    #2362),#2373,.T.);
#489 = FACE_BOUND('',#490,.T.);
#490 = EDGE_LOOP('',(#491));
#491 = ORIENTED_EDGE('',*,*,#31,.T.);
#492 = FACE_BOUND('',#493,.T.);
#493 = EDGE_LOOP('',(#494));
#494 = ORIENTED_EDGE('',*,*,#495,.T.);
#495 = EDGE_CURVE('',#496,#496,#498,.T.);
#496 = VERTEX_POINT('',#497);
#497 = CARTESIAN_POINT('',(-10.44670982013,-15.98987973481,2.));
#498 = CIRCLE('',#499,1.1);
#499 = AXIS2_PLACEMENT_3D('',#500,#501,#502);
#500 = CARTESIAN_POINT('',(-9.845066846204,-15.06899660872,2.));
#501 = DIRECTION('',(0.,0.,-1.));
#502 = DIRECTION('',(-0.546948158122,-0.837166478263,-0.));
#503 = FACE_BOUND('',#504,.T.);
#504 = EDGE_LOOP('',(#505));
#505 = ORIENTED_EDGE('',*,*,#506,.T.);
#506 = EDGE_CURVE('',#507,#507,#509,.T.);
#507 = VERTEX_POINT('',#508);
#508 = CARTESIAN_POINT('',(-12.93607801805,-14.05232669385,2.));
#509 = CIRCLE('',#510,1.1);
#510 = AXIS2_PLACEMENT_3D('',#511,#512,#513);
#511 = CARTESIAN_POINT('',(-12.19106828926,-13.24303039211,2.));
#512 = DIRECTION('',(0.,0.,-1.));
#513 = DIRECTION('',(-0.677281571626,-0.735723910673,-0.));
#514 = FACE_BOUND('',#515,.T.);
#515 = EDGE_LOOP('',(#516));
#516 = ORIENTED_EDGE('',*,*,#517,.T.);
#517 = EDGE_CURVE('',#518,#518,#520,.T.);
#518 = VERTEX_POINT('',#519);
#519 = CARTESIAN_POINT('',(-15.07258372947,-11.73146281237,2.));
#520 = CIRCLE('',#521,1.1);
#521 = AXIS2_PLACEMENT_3D('',#522,#523,#524);
#522 = CARTESIAN_POINT('',(-14.20452916913,-11.05582882841,2.));
#523 = DIRECTION('',(0.,0.,-1.));
#524 = DIRECTION('',(-0.789140509396,-0.61421271269,-0.));
#525 = FACE_BOUND('',#526,.T.);
#526 = EDGE_LOOP('',(#527,#537,#545,#553));
#527 = ORIENTED_EDGE('',*,*,#528,.F.);
#528 = EDGE_CURVE('',#529,#531,#533,.T.);
#529 = VERTEX_POINT('',#530);
#530 = CARTESIAN_POINT('',(-10.28506801571,-10.01361761952,2.));
#531 = VERTEX_POINT('',#532);
#532 = CARTESIAN_POINT('',(-10.82875022339,-9.423021305145,2.));
#533 = LINE('',#534,#535);
#534 = CARTESIAN_POINT('',(-10.28506801571,-10.01361761952,2.));
#535 = VECTOR('',#536,1.);
#536 = DIRECTION('',(-0.677281571626,0.735723910673,0.));
#537 = ORIENTED_EDGE('',*,*,#538,.F.);
#538 = EDGE_CURVE('',#539,#529,#541,.T.);
#539 = VERTEX_POINT('',#540);
#540 = CARTESIAN_POINT('',(-11.76155880166,-11.37282313873,2.));
#541 = LINE('',#542,#543);
#542 = CARTESIAN_POINT('',(-11.76155880166,-11.37282313873,2.));
#543 = VECTOR('',#544,1.);
#544 = DIRECTION('',(0.735723910673,0.677281571626,0.));
#545 = ORIENTED_EDGE('',*,*,#546,.F.);
#546 = EDGE_CURVE('',#547,#539,#549,.T.);
#547 = VERTEX_POINT('',#548);
#548 = CARTESIAN_POINT('',(-12.30524100934,-10.78222682435,2.));
#549 = LINE('',#550,#551);
#550 = CARTESIAN_POINT('',(-12.30524100934,-10.78222682435,2.));
#551 = VECTOR('',#552,1.);
#552 = DIRECTION('',(0.677281571626,-0.735723910673,0.));
#553 = ORIENTED_EDGE('',*,*,#554,.F.);
#554 = EDGE_CURVE('',#531,#547,#555,.T.);
#555 = LINE('',#556,#557);
#556 = CARTESIAN_POINT('',(-10.82875022339,-9.423021305145,2.));
#557 = VECTOR('',#558,1.);
#558 = DIRECTION('',(-0.735723910673,-0.677281571626,0.));
#559 = FACE_BOUND('',#560,.T.);
#560 = EDGE_LOOP('',(#561));
#561 = ORIENTED_EDGE('',*,*,#562,.T.);
#562 = EDGE_CURVE('',#563,#563,#565,.T.);
#563 = VERTEX_POINT('',#564);
#564 = CARTESIAN_POINT('',(-7.672382610872,-17.49127053911,2.));
#565 = CIRCLE('',#566,1.1);
#566 = AXIS2_PLACEMENT_3D('',#567,#568,#569);
#567 = CARTESIAN_POINT('',(-7.230517643753,-16.48391987979,2.));
#568 = DIRECTION('',(0.,0.,-1.));
#569 = DIRECTION('',(-0.401695424653,-0.915773326655,-0.));
#570 = FACE_BOUND('',#571,.T.);
#571 = EDGE_LOOP('',(#572,#582,#590,#598));
#572 = ORIENTED_EDGE('',*,*,#573,.F.);
#573 = EDGE_CURVE('',#574,#576,#578,.T.);
#574 = VERTEX_POINT('',#575);
#575 = CARTESIAN_POINT('',(-4.279492148307,-13.70186516027,2.));
#576 = VERTEX_POINT('',#577);
#577 = CARTESIAN_POINT('',(-5.038739155129,-13.4412153336,2.));
#578 = LINE('',#579,#580);
#579 = CARTESIAN_POINT('',(-4.279492148307,-13.70186516027,2.));
#580 = VECTOR('',#581,1.);
#581 = DIRECTION('',(-0.945817241701,0.324699469205,0.));
#582 = ORIENTED_EDGE('',*,*,#583,.F.);
#583 = EDGE_CURVE('',#584,#574,#586,.T.);
#584 = VERTEX_POINT('',#585);
#585 = CARTESIAN_POINT('',(-4.931116714981,-15.59998267733,2.));
#586 = LINE('',#587,#588);
#587 = CARTESIAN_POINT('',(-4.931116714981,-15.59998267733,2.));
#588 = VECTOR('',#589,1.);
#589 = DIRECTION('',(0.324699469205,0.945817241701,0.));
#590 = ORIENTED_EDGE('',*,*,#591,.F.);
#591 = EDGE_CURVE('',#592,#584,#594,.T.);
#592 = VERTEX_POINT('',#593);
#593 = CARTESIAN_POINT('',(-5.690363721803,-15.33933285066,2.));
#594 = LINE('',#595,#596);
#595 = CARTESIAN_POINT('',(-5.690363721803,-15.33933285066,2.));
#596 = VECTOR('',#597,1.);
#597 = DIRECTION('',(0.945817241701,-0.324699469205,0.));
#598 = ORIENTED_EDGE('',*,*,#599,.F.);
#599 = EDGE_CURVE('',#576,#592,#600,.T.);
#600 = LINE('',#601,#602);
#601 = CARTESIAN_POINT('',(-5.038739155129,-13.4412153336,2.));
#602 = VECTOR('',#603,1.);
#603 = DIRECTION('',(-0.324699469205,-0.945817241701,0.));
#604 = FACE_BOUND('',#605,.T.);
#605 = EDGE_LOOP('',(#606));
#606 = ORIENTED_EDGE('',*,*,#607,.T.);
#607 = EDGE_CURVE('',#608,#608,#610,.T.);
#608 = VERTEX_POINT('',#609);
#609 = CARTESIAN_POINT('',(-4.688772804389,-18.51554507944,2.));
#610 = CIRCLE('',#611,1.1);
#611 = AXIS2_PLACEMENT_3D('',#612,#613,#614);
#612 = CARTESIAN_POINT('',(-4.418738768534,-17.4492047869,2.));
#613 = DIRECTION('',(0.,0.,-1.));
#614 = DIRECTION('',(-0.245485487141,-0.969400265939,-0.));
#615 = FACE_BOUND('',#616,.T.);
#616 = EDGE_LOOP('',(#617));
#617 = ORIENTED_EDGE('',*,*,#618,.T.);
#618 = EDGE_CURVE('',#619,#619,#621,.T.);
#619 = VERTEX_POINT('',#620);
#620 = CARTESIAN_POINT('',(-1.577265498522,-19.03476381642,2.));
#621 = CIRCLE('',#622,1.1);
#622 = AXIS2_PLACEMENT_3D('',#623,#624,#625);
#623 = CARTESIAN_POINT('',(-1.486428218502,-17.93852087412,2.));
#624 = DIRECTION('',(0.,0.,-1.));
#625 = DIRECTION('',(-8.257934547233E-02,-0.996584493007,-0.));
#626 = FACE_BOUND('',#627,.T.);
#627 = EDGE_LOOP('',(#628,#638,#646,#654));
#628 = ORIENTED_EDGE('',*,*,#629,.F.);
#629 = EDGE_CURVE('',#630,#632,#634,.T.);
#630 = VERTEX_POINT('',#631);
#631 = CARTESIAN_POINT('',(-1.965872571168,-14.2193708353,2.));
#632 = VERTEX_POINT('',#633);
#633 = CARTESIAN_POINT('',(-2.757665989849,-14.08724388254,2.));
#634 = LINE('',#635,#636);
#635 = CARTESIAN_POINT('',(-1.965872571168,-14.2193708353,2.));
#636 = VECTOR('',#637,1.);
#637 = DIRECTION('',(-0.986361303403,0.164594590281,0.));
#638 = ORIENTED_EDGE('',*,*,#639,.F.);
#639 = EDGE_CURVE('',#640,#630,#642,.T.);
#640 = VERTEX_POINT('',#641);
#641 = CARTESIAN_POINT('',(-2.296189953058,-16.198854382,2.));
#642 = LINE('',#643,#644);
#643 = CARTESIAN_POINT('',(-2.296189953058,-16.198854382,2.));
#644 = VECTOR('',#645,1.);
#645 = DIRECTION('',(0.164594590281,0.986361303403,0.));
#646 = ORIENTED_EDGE('',*,*,#647,.F.);
#647 = EDGE_CURVE('',#648,#640,#650,.T.);
#648 = VERTEX_POINT('',#649);
#649 = CARTESIAN_POINT('',(-3.087983371739,-16.06672742924,2.));
#650 = LINE('',#651,#652);
#651 = CARTESIAN_POINT('',(-3.087983371739,-16.06672742924,2.));
#652 = VECTOR('',#653,1.);
#653 = DIRECTION('',(0.986361303403,-0.164594590281,0.));
#654 = ORIENTED_EDGE('',*,*,#655,.F.);
#655 = EDGE_CURVE('',#632,#648,#656,.T.);
#656 = LINE('',#657,#658);
#657 = CARTESIAN_POINT('',(-2.757665989849,-14.08724388254,2.));
#658 = VECTOR('',#659,1.);
#659 = DIRECTION('',(-0.164594590281,-0.986361303403,0.));
#660 = FACE_BOUND('',#661,.T.);
#661 = EDGE_LOOP('',(#662,#672,#680,#688));
#662 = ORIENTED_EDGE('',*,*,#663,.F.);
#663 = EDGE_CURVE('',#664,#666,#668,.T.);
#664 = VERTEX_POINT('',#665);
#665 = CARTESIAN_POINT('',(0.401370885065,-14.34900914106,2.));
#666 = VERTEX_POINT('',#667);
#667 = CARTESIAN_POINT('',(-0.401370885065,-14.34900914106,2.));
#668 = LINE('',#669,#670);
#669 = CARTESIAN_POINT('',(0.401370885065,-14.34900914106,2.));
#670 = VECTOR('',#671,1.);
#671 = DIRECTION('',(-1.,-1.360023205166E-15,0.));
#672 = ORIENTED_EDGE('',*,*,#673,.F.);
#673 = EDGE_CURVE('',#674,#664,#676,.T.);
#674 = VERTEX_POINT('',#675);
#675 = CARTESIAN_POINT('',(0.401370885065,-16.35586356639,2.));
#676 = LINE('',#677,#678);
#677 = CARTESIAN_POINT('',(0.401370885065,-16.35586356639,2.));
#678 = VECTOR('',#679,1.);
#679 = DIRECTION('',(3.053113317719E-16,1.,0.));
#680 = ORIENTED_EDGE('',*,*,#681,.F.);
#681 = EDGE_CURVE('',#682,#674,#684,.T.);
#682 = VERTEX_POINT('',#683);
#683 = CARTESIAN_POINT('',(-0.401370885065,-16.35586356639,2.));
#684 = LINE('',#685,#686);
#685 = CARTESIAN_POINT('',(-0.401370885065,-16.35586356639,2.));
#686 = VECTOR('',#687,1.);
#687 = DIRECTION('',(1.,1.346145417358E-15,0.));
#688 = ORIENTED_EDGE('',*,*,#689,.F.);
#689 = EDGE_CURVE('',#666,#682,#690,.T.);
#690 = LINE('',#691,#692);
#691 = CARTESIAN_POINT('',(-0.401370885065,-14.34900914106,2.));
#692 = VECTOR('',#693,1.);
#693 = DIRECTION('',(-3.608224830032E-16,-1.,0.));
#694 = FACE_BOUND('',#695,.T.);
#695 = EDGE_LOOP('',(#696,#706,#714,#722));
#696 = ORIENTED_EDGE('',*,*,#697,.F.);
#697 = EDGE_CURVE('',#698,#700,#702,.T.);
#698 = VERTEX_POINT('',#699);
#699 = CARTESIAN_POINT('',(-6.476378335444,-12.81060832177,2.));
#700 = VERTEX_POINT('',#701);
#701 = CARTESIAN_POINT('',(-7.18236865127,-12.428545469,2.));
#702 = LINE('',#703,#704);
#703 = CARTESIAN_POINT('',(-6.476378335444,-12.81060832177,2.));
#704 = VECTOR('',#705,1.);
#705 = DIRECTION('',(-0.879473751206,0.475947393037,0.));
#706 = ORIENTED_EDGE('',*,*,#707,.F.);
#707 = EDGE_CURVE('',#708,#698,#710,.T.);
#708 = VERTEX_POINT('',#709);
#709 = CARTESIAN_POINT('',(-7.431535467382,-14.57558411134,2.));
#710 = LINE('',#711,#712);
#711 = CARTESIAN_POINT('',(-7.431535467382,-14.57558411134,2.));
#712 = VECTOR('',#713,1.);
#713 = DIRECTION('',(0.475947393037,0.879473751206,0.));
#714 = ORIENTED_EDGE('',*,*,#715,.F.);
#715 = EDGE_CURVE('',#716,#708,#718,.T.);
#716 = VERTEX_POINT('',#717);
#717 = CARTESIAN_POINT('',(-8.137525783208,-14.19352125857,2.));
#718 = LINE('',#719,#720);
#719 = CARTESIAN_POINT('',(-8.137525783208,-14.19352125857,2.));
#720 = VECTOR('',#721,1.);
#721 = DIRECTION('',(0.879473751206,-0.475947393037,0.));
#722 = ORIENTED_EDGE('',*,*,#723,.F.);
#723 = EDGE_CURVE('',#700,#716,#724,.T.);
#724 = LINE('',#725,#726);
#725 = CARTESIAN_POINT('',(-7.18236865127,-12.428545469,2.));
#726 = VECTOR('',#727,1.);
#727 = DIRECTION('',(-0.475947393037,-0.879473751206,0.));
#728 = FACE_BOUND('',#729,.T.);
#729 = EDGE_LOOP('',(#730,#740,#748,#756));
#730 = ORIENTED_EDGE('',*,*,#731,.F.);
#731 = EDGE_CURVE('',#732,#734,#736,.T.);
#732 = VERTEX_POINT('',#733);
#733 = CARTESIAN_POINT('',(-8.496605804248,-11.56991148302,2.));
#734 = VERTEX_POINT('',#735);
#735 = CARTESIAN_POINT('',(-9.130081853642,-11.0768572828,2.));
#736 = LINE('',#737,#738);
#737 = CARTESIAN_POINT('',(-8.496605804248,-11.56991148302,2.));
#738 = VECTOR('',#739,1.);
#739 = DIRECTION('',(-0.789140509396,0.61421271269,0.));
#740 = ORIENTED_EDGE('',*,*,#741,.F.);
#741 = EDGE_CURVE('',#742,#732,#744,.T.);
#742 = VERTEX_POINT('',#743);
#743 = CARTESIAN_POINT('',(-9.729241304799,-13.15360160651,2.));
#744 = LINE('',#745,#746);
#745 = CARTESIAN_POINT('',(-9.729241304799,-13.15360160651,2.));
#746 = VECTOR('',#747,1.);
#747 = DIRECTION('',(0.61421271269,0.789140509396,0.));
#748 = ORIENTED_EDGE('',*,*,#749,.F.);
#749 = EDGE_CURVE('',#750,#742,#752,.T.);
#750 = VERTEX_POINT('',#751);
#751 = CARTESIAN_POINT('',(-10.36271735419,-12.66054740629,2.));
#752 = LINE('',#753,#754);
#753 = CARTESIAN_POINT('',(-10.36271735419,-12.66054740629,2.));
#754 = VECTOR('',#755,1.);
#755 = DIRECTION('',(0.789140509396,-0.61421271269,0.));
#756 = ORIENTED_EDGE('',*,*,#757,.F.);
#757 = EDGE_CURVE('',#734,#750,#758,.T.);
#758 = LINE('',#759,#760);
#759 = CARTESIAN_POINT('',(-9.130081853642,-11.0768572828,2.));
#760 = VECTOR('',#761,1.);
#761 = DIRECTION('',(-0.61421271269,-0.789140509396,0.));
#762 = FACE_BOUND('',#763,.T.);
#763 = EDGE_LOOP('',(#764));
#764 = ORIENTED_EDGE('',*,*,#765,.T.);
#765 = EDGE_CURVE('',#766,#766,#768,.T.);
#766 = VERTEX_POINT('',#767);
#767 = CARTESIAN_POINT('',(-16.79794864804,-9.090595207008,2.));
#768 = CIRCLE('',#769,1.1);
#769 = AXIS2_PLACEMENT_3D('',#770,#771,#772);
#770 = CARTESIAN_POINT('',(-15.83052752171,-8.567053074667,2.));
#771 = DIRECTION('',(0.,0.,-1.));
#772 = DIRECTION('',(-0.879473751206,-0.475947393037,-0.));
#773 = FACE_BOUND('',#774,.T.);
#774 = EDGE_LOOP('',(#775));
#775 = ORIENTED_EDGE('',*,*,#776,.T.);
#776 = EDGE_CURVE('',#777,#777,#779,.T.);
#777 = VERTEX_POINT('',#778);
#778 = CARTESIAN_POINT('',(-18.06510931648,-6.201759861809,2.));
#779 = CIRCLE('',#780,1.1);
#780 = AXIS2_PLACEMENT_3D('',#781,#782,#783);
#781 = CARTESIAN_POINT('',(-17.02471035061,-5.844590445684,2.));
#782 = DIRECTION('',(0.,0.,-1.));
#783 = DIRECTION('',(-0.945817241701,-0.324699469205,-0.));
#784 = FACE_BOUND('',#785,.T.);
#785 = EDGE_LOOP('',(#786,#796,#804,#812));
#786 = ORIENTED_EDGE('',*,*,#787,.F.);
#787 = EDGE_CURVE('',#788,#790,#792,.T.);
#788 = VERTEX_POINT('',#789);
#789 = CARTESIAN_POINT('',(-11.79298038287,-8.184178370916,2.));
#790 = VERTEX_POINT('',#791);
#791 = CARTESIAN_POINT('',(-12.23203851549,-7.512149870263,2.));
#792 = LINE('',#793,#794);
#793 = CARTESIAN_POINT('',(-11.79298038287,-8.184178370916,2.));
#794 = VECTOR('',#795,1.);
#795 = DIRECTION('',(-0.546948158122,0.837166478263,0.));
#796 = ORIENTED_EDGE('',*,*,#797,.F.);
#797 = EDGE_CURVE('',#798,#788,#800,.T.);
#798 = VERTEX_POINT('',#799);
#799 = CARTESIAN_POINT('',(-13.4730516345,-9.281823702467,2.));
#800 = LINE('',#801,#802);
#801 = CARTESIAN_POINT('',(-13.4730516345,-9.281823702467,2.));
#802 = VECTOR('',#803,1.);
#803 = DIRECTION('',(0.837166478263,0.546948158122,0.));
#804 = ORIENTED_EDGE('',*,*,#805,.F.);
#805 = EDGE_CURVE('',#806,#798,#808,.T.);
#806 = VERTEX_POINT('',#807);
#807 = CARTESIAN_POINT('',(-13.91210976713,-8.609795201813,2.));
#808 = LINE('',#809,#810);
#809 = CARTESIAN_POINT('',(-13.91210976713,-8.609795201813,2.));
#810 = VECTOR('',#811,1.);
#811 = DIRECTION('',(0.546948158122,-0.837166478263,0.));
#812 = ORIENTED_EDGE('',*,*,#813,.F.);
#813 = EDGE_CURVE('',#790,#806,#814,.T.);
#814 = LINE('',#815,#816);
#815 = CARTESIAN_POINT('',(-12.23203851549,-7.512149870263,2.));
#816 = VECTOR('',#817,1.);
#817 = DIRECTION('',(-0.837166478263,-0.546948158122,0.));
#818 = FACE_BOUND('',#819,.T.);
#819 = EDGE_LOOP('',(#820,#830,#838,#846));
#820 = ORIENTED_EDGE('',*,*,#821,.F.);
#821 = EDGE_CURVE('',#822,#824,#826,.T.);
#822 = VERTEX_POINT('',#823);
#823 = CARTESIAN_POINT('',(-12.9792109872,-6.131496070909,2.));
#824 = VERTEX_POINT('',#825);
#825 = CARTESIAN_POINT('',(-13.30166868344,-5.396366569633,2.));
#826 = LINE('',#827,#828);
#827 = CARTESIAN_POINT('',(-12.9792109872,-6.131496070909,2.));
#828 = VECTOR('',#829,1.);
#829 = DIRECTION('',(-0.401695424653,0.915773326655,0.));
#830 = ORIENTED_EDGE('',*,*,#831,.F.);
#831 = EDGE_CURVE('',#832,#822,#834,.T.);
#832 = VERTEX_POINT('',#833);
#833 = CARTESIAN_POINT('',(-14.81703474039,-6.937640311507,2.));
#834 = LINE('',#835,#836);
#835 = CARTESIAN_POINT('',(-14.81703474039,-6.937640311507,2.));
#836 = VECTOR('',#837,1.);
#837 = DIRECTION('',(0.915773326655,0.401695424653,0.));
#838 = ORIENTED_EDGE('',*,*,#839,.F.);
#839 = EDGE_CURVE('',#840,#832,#842,.T.);
#840 = VERTEX_POINT('',#841);
#841 = CARTESIAN_POINT('',(-15.13949243663,-6.20251081023,2.));
#842 = LINE('',#843,#844);
#843 = CARTESIAN_POINT('',(-15.13949243663,-6.20251081023,2.));
#844 = VECTOR('',#845,1.);
#845 = DIRECTION('',(0.401695424653,-0.915773326655,0.));
#846 = ORIENTED_EDGE('',*,*,#847,.F.);
#847 = EDGE_CURVE('',#824,#840,#848,.T.);
#848 = LINE('',#849,#850);
#849 = CARTESIAN_POINT('',(-13.30166868344,-5.396366569633,2.));
#850 = VECTOR('',#851,1.);
#851 = DIRECTION('',(-0.915773326655,-0.401695424653,0.));
#852 = FACE_BOUND('',#853,.T.);
#853 = EDGE_LOOP('',(#854));
#854 = ORIENTED_EDGE('',*,*,#855,.T.);
#855 = EDGE_CURVE('',#856,#856,#858,.T.);
#856 = VERTEX_POINT('',#857);
#857 = CARTESIAN_POINT('',(-18.83950089499,-3.143756674362,2.));
#858 = CIRCLE('',#859,1.1);
#859 = AXIS2_PLACEMENT_3D('',#860,#861,#862);
#860 = CARTESIAN_POINT('',(-17.75450346124,-2.962702625053,2.));
#861 = DIRECTION('',(0.,0.,-1.));
#862 = DIRECTION('',(-0.986361303403,-0.164594590281,-0.));
#863 = FACE_BOUND('',#864,.T.);
#864 = EDGE_LOOP('',(#865,#875,#883,#891));
#865 = ORIENTED_EDGE('',*,*,#866,.F.);
#866 = EDGE_CURVE('',#867,#869,#871,.T.);
#867 = VERTEX_POINT('',#868);
#868 = CARTESIAN_POINT('',(-13.81140255007,-3.911562541705,2.));
#869 = VERTEX_POINT('',#870);
#870 = CARTESIAN_POINT('',(-14.00846400456,-3.133384456261,2.));
#871 = LINE('',#872,#873);
#872 = CARTESIAN_POINT('',(-13.81140255007,-3.911562541705,2.));
#873 = VECTOR('',#874,1.);
#874 = DIRECTION('',(-0.245485487141,0.969400265939,0.));
#875 = ORIENTED_EDGE('',*,*,#876,.F.);
#876 = EDGE_CURVE('',#877,#867,#879,.T.);
#877 = VERTEX_POINT('',#878);
#878 = CARTESIAN_POINT('',(-15.75684776368,-4.404216177927,2.));
#879 = LINE('',#880,#881);
#880 = CARTESIAN_POINT('',(-15.75684776368,-4.404216177927,2.));
#881 = VECTOR('',#882,1.);
#882 = DIRECTION('',(0.969400265939,0.245485487141,0.));
#883 = ORIENTED_EDGE('',*,*,#884,.F.);
#884 = EDGE_CURVE('',#885,#877,#887,.T.);
#885 = VERTEX_POINT('',#886);
#886 = CARTESIAN_POINT('',(-15.95390921817,-3.626038092482,2.));
#887 = LINE('',#888,#889);
#888 = CARTESIAN_POINT('',(-15.95390921817,-3.626038092482,2.));
#889 = VECTOR('',#890,1.);
#890 = DIRECTION('',(0.245485487141,-0.969400265939,0.));
#891 = ORIENTED_EDGE('',*,*,#892,.F.);
#892 = EDGE_CURVE('',#869,#885,#893,.T.);
#893 = LINE('',#894,#895);
#894 = CARTESIAN_POINT('',(-14.00846400456,-3.133384456261,2.));
#895 = VECTOR('',#896,1.);
#896 = DIRECTION('',(-0.969400265939,-0.245485487141,0.));
#897 = FACE_BOUND('',#898,.T.);
#898 = EDGE_LOOP('',(#899,#909,#917,#925));
#899 = ORIENTED_EDGE('',*,*,#900,.F.);
#900 = EDGE_CURVE('',#901,#903,#905,.T.);
#901 = VERTEX_POINT('',#902);
#902 = CARTESIAN_POINT('',(-14.26685505502,-1.584931783046,2.));
#903 = VERTEX_POINT('',#904);
#904 = CARTESIAN_POINT('',(-14.33314494498,-0.784931783046,2.));
#905 = LINE('',#906,#907);
#906 = CARTESIAN_POINT('',(-14.26685505502,-1.584931783046,2.));
#907 = VECTOR('',#908,1.);
#908 = DIRECTION('',(-8.257934547233E-02,0.996584493007,0.));
#909 = ORIENTED_EDGE('',*,*,#910,.F.);
#910 = EDGE_CURVE('',#911,#901,#913,.T.);
#911 = VERTEX_POINT('',#912);
#912 = CARTESIAN_POINT('',(-16.26685505502,-1.750656507947,2.));
#913 = LINE('',#914,#915);
#914 = CARTESIAN_POINT('',(-16.26685505502,-1.750656507947,2.));
#915 = VECTOR('',#916,1.);
#916 = DIRECTION('',(0.996584493007,8.257934547233E-02,0.));
#917 = ORIENTED_EDGE('',*,*,#918,.F.);
#918 = EDGE_CURVE('',#919,#911,#921,.T.);
#919 = VERTEX_POINT('',#920);
#920 = CARTESIAN_POINT('',(-16.33314494498,-0.950656507947,2.));
#921 = LINE('',#922,#923);
#922 = CARTESIAN_POINT('',(-16.33314494498,-0.950656507947,2.));
#923 = VECTOR('',#924,1.);
#924 = DIRECTION('',(8.257934547233E-02,-0.996584493007,0.));
#925 = ORIENTED_EDGE('',*,*,#926,.F.);
#926 = EDGE_CURVE('',#903,#919,#927,.T.);
#927 = LINE('',#928,#929);
#928 = CARTESIAN_POINT('',(-14.33314494498,-0.784931783046,2.));
#929 = VECTOR('',#930,1.);
#930 = DIRECTION('',(-0.996584493007,-8.257934547233E-02,0.));
#931 = FACE_BOUND('',#932,.T.);
#932 = EDGE_LOOP('',(#933));
#933 = ORIENTED_EDGE('',*,*,#934,.T.);
#934 = EDGE_CURVE('',#935,#935,#937,.T.);
#935 = VERTEX_POINT('',#936);
#936 = CARTESIAN_POINT('',(1.577265498522,-19.03476381642,2.));
#937 = CIRCLE('',#938,1.1);
#938 = AXIS2_PLACEMENT_3D('',#939,#940,#941);
#939 = CARTESIAN_POINT('',(1.486428218502,-17.93852087412,2.));
#940 = DIRECTION('',(0.,-0.,-1.));
#941 = DIRECTION('',(8.257934547233E-02,-0.996584493007,0.));
#942 = FACE_BOUND('',#943,.T.);
#943 = EDGE_LOOP('',(#944));
#944 = ORIENTED_EDGE('',*,*,#945,.T.);
#945 = EDGE_CURVE('',#946,#946,#948,.T.);
#946 = VERTEX_POINT('',#947);
#947 = CARTESIAN_POINT('',(4.688772804389,-18.51554507944,2.));
#948 = CIRCLE('',#949,1.1);
#949 = AXIS2_PLACEMENT_3D('',#950,#951,#952);
#950 = CARTESIAN_POINT('',(4.418738768534,-17.4492047869,2.));
#951 = DIRECTION('',(0.,-0.,-1.));
#952 = DIRECTION('',(0.245485487141,-0.969400265939,0.));
#953 = FACE_BOUND('',#954,.T.);
#954 = EDGE_LOOP('',(#955,#965,#973,#981));
#955 = ORIENTED_EDGE('',*,*,#956,.F.);
#956 = EDGE_CURVE('',#957,#959,#961,.T.);
#957 = VERTEX_POINT('',#958);
#958 = CARTESIAN_POINT('',(2.757665989849,-14.08724388254,2.));
#959 = VERTEX_POINT('',#960);
#960 = CARTESIAN_POINT('',(1.965872571168,-14.2193708353,2.));
#961 = LINE('',#962,#963);
#962 = CARTESIAN_POINT('',(2.757665989849,-14.08724388254,2.));
#963 = VECTOR('',#964,1.);
#964 = DIRECTION('',(-0.986361303403,-0.164594590281,0.));
#965 = ORIENTED_EDGE('',*,*,#966,.F.);
#966 = EDGE_CURVE('',#967,#957,#969,.T.);
#967 = VERTEX_POINT('',#968);
#968 = CARTESIAN_POINT('',(3.087983371739,-16.06672742924,2.));
#969 = LINE('',#970,#971);
#970 = CARTESIAN_POINT('',(3.087983371739,-16.06672742924,2.));
#971 = VECTOR('',#972,1.);
#972 = DIRECTION('',(-0.164594590281,0.986361303403,0.));
#973 = ORIENTED_EDGE('',*,*,#974,.F.);
#974 = EDGE_CURVE('',#975,#967,#977,.T.);
#975 = VERTEX_POINT('',#976);
#976 = CARTESIAN_POINT('',(2.296189953058,-16.198854382,2.));
#977 = LINE('',#978,#979);
#978 = CARTESIAN_POINT('',(2.296189953058,-16.198854382,2.));
#979 = VECTOR('',#980,1.);
#980 = DIRECTION('',(0.986361303403,0.164594590281,0.));
#981 = ORIENTED_EDGE('',*,*,#982,.F.);
#982 = EDGE_CURVE('',#959,#975,#983,.T.);
#983 = LINE('',#984,#985);
#984 = CARTESIAN_POINT('',(1.965872571168,-14.2193708353,2.));
#985 = VECTOR('',#986,1.);
#986 = DIRECTION('',(0.164594590281,-0.986361303403,0.));
#987 = FACE_BOUND('',#988,.T.);
#988 = EDGE_LOOP('',(#989,#999,#1007,#1015));
#989 = ORIENTED_EDGE('',*,*,#990,.F.);
#990 = EDGE_CURVE('',#991,#993,#995,.T.);
#991 = VERTEX_POINT('',#992);
#992 = CARTESIAN_POINT('',(5.038739155129,-13.4412153336,2.));
#993 = VERTEX_POINT('',#994);
#994 = CARTESIAN_POINT('',(4.279492148307,-13.70186516027,2.));
#995 = LINE('',#996,#997);
#996 = CARTESIAN_POINT('',(5.038739155129,-13.4412153336,2.));
#997 = VECTOR('',#998,1.);
#998 = DIRECTION('',(-0.945817241701,-0.324699469205,0.));
#999 = ORIENTED_EDGE('',*,*,#1000,.F.);
#1000 = EDGE_CURVE('',#1001,#991,#1003,.T.);
#1001 = VERTEX_POINT('',#1002);
#1002 = CARTESIAN_POINT('',(5.690363721803,-15.33933285066,2.));
#1003 = LINE('',#1004,#1005);
#1004 = CARTESIAN_POINT('',(5.690363721803,-15.33933285066,2.));
#1005 = VECTOR('',#1006,1.);
#1006 = DIRECTION('',(-0.324699469205,0.945817241701,0.));
#1007 = ORIENTED_EDGE('',*,*,#1008,.F.);
#1008 = EDGE_CURVE('',#1009,#1001,#1011,.T.);
#1009 = VERTEX_POINT('',#1010);
#1010 = CARTESIAN_POINT('',(4.931116714981,-15.59998267733,2.));
#1011 = LINE('',#1012,#1013);
#1012 = CARTESIAN_POINT('',(4.931116714981,-15.59998267733,2.));
#1013 = VECTOR('',#1014,1.);
#1014 = DIRECTION('',(0.945817241701,0.324699469205,0.));
#1015 = ORIENTED_EDGE('',*,*,#1016,.F.);
#1016 = EDGE_CURVE('',#993,#1009,#1017,.T.);
#1017 = LINE('',#1018,#1019);
#1018 = CARTESIAN_POINT('',(4.279492148307,-13.70186516027,2.));
#1019 = VECTOR('',#1020,1.);
#1020 = DIRECTION('',(0.324699469205,-0.945817241701,0.));
#1021 = FACE_BOUND('',#1022,.T.);
#1022 = EDGE_LOOP('',(#1023));
#1023 = ORIENTED_EDGE('',*,*,#1024,.T.);
#1024 = EDGE_CURVE('',#1025,#1025,#1027,.T.);
#1025 = VERTEX_POINT('',#1026);
#1026 = CARTESIAN_POINT('',(7.672382610872,-17.49127053911,2.));
#1027 = CIRCLE('',#1028,1.1);
#1028 = AXIS2_PLACEMENT_3D('',#1029,#1030,#1031);
#1029 = CARTESIAN_POINT('',(7.230517643753,-16.48391987979,2.));
#1030 = DIRECTION('',(0.,-0.,-1.));
#1031 = DIRECTION('',(0.401695424653,-0.915773326655,0.));
#1032 = FACE_BOUND('',#1033,.T.);
#1033 = EDGE_LOOP('',(#1034,#1044,#1052,#1060));
#1034 = ORIENTED_EDGE('',*,*,#1035,.F.);
#1035 = EDGE_CURVE('',#1036,#1038,#1040,.T.);
#1036 = VERTEX_POINT('',#1037);
#1037 = CARTESIAN_POINT('',(7.18236865127,-12.428545469,2.));
#1038 = VERTEX_POINT('',#1039);
#1039 = CARTESIAN_POINT('',(6.476378335444,-12.81060832177,2.));
#1040 = LINE('',#1041,#1042);
#1041 = CARTESIAN_POINT('',(7.18236865127,-12.428545469,2.));
#1042 = VECTOR('',#1043,1.);
#1043 = DIRECTION('',(-0.879473751206,-0.475947393037,0.));
#1044 = ORIENTED_EDGE('',*,*,#1045,.F.);
#1045 = EDGE_CURVE('',#1046,#1036,#1048,.T.);
#1046 = VERTEX_POINT('',#1047);
#1047 = CARTESIAN_POINT('',(8.137525783208,-14.19352125857,2.));
#1048 = LINE('',#1049,#1050);
#1049 = CARTESIAN_POINT('',(8.137525783208,-14.19352125857,2.));
#1050 = VECTOR('',#1051,1.);
#1051 = DIRECTION('',(-0.475947393037,0.879473751206,0.));
#1052 = ORIENTED_EDGE('',*,*,#1053,.F.);
#1053 = EDGE_CURVE('',#1054,#1046,#1056,.T.);
#1054 = VERTEX_POINT('',#1055);
#1055 = CARTESIAN_POINT('',(7.431535467382,-14.57558411134,2.));
#1056 = LINE('',#1057,#1058);
#1057 = CARTESIAN_POINT('',(7.431535467382,-14.57558411134,2.));
#1058 = VECTOR('',#1059,1.);
#1059 = DIRECTION('',(0.879473751206,0.475947393037,0.));
#1060 = ORIENTED_EDGE('',*,*,#1061,.F.);
#1061 = EDGE_CURVE('',#1038,#1054,#1062,.T.);
#1062 = LINE('',#1063,#1064);
#1063 = CARTESIAN_POINT('',(6.476378335444,-12.81060832177,2.));
#1064 = VECTOR('',#1065,1.);
#1065 = DIRECTION('',(0.475947393037,-0.879473751206,0.));
#1066 = FACE_BOUND('',#1067,.T.);
#1067 = EDGE_LOOP('',(#1068,#1078,#1086,#1094));
#1068 = ORIENTED_EDGE('',*,*,#1069,.F.);
#1069 = EDGE_CURVE('',#1070,#1072,#1074,.T.);
#1070 = VERTEX_POINT('',#1071);
#1071 = CARTESIAN_POINT('',(9.130081853642,-11.0768572828,2.));
#1072 = VERTEX_POINT('',#1073);
#1073 = CARTESIAN_POINT('',(8.496605804248,-11.56991148302,2.));
#1074 = LINE('',#1075,#1076);
#1075 = CARTESIAN_POINT('',(9.130081853642,-11.0768572828,2.));
#1076 = VECTOR('',#1077,1.);
#1077 = DIRECTION('',(-0.789140509396,-0.61421271269,0.));
#1078 = ORIENTED_EDGE('',*,*,#1079,.F.);
#1079 = EDGE_CURVE('',#1080,#1070,#1082,.T.);
#1080 = VERTEX_POINT('',#1081);
#1081 = CARTESIAN_POINT('',(10.362717354193,-12.66054740629,2.));
#1082 = LINE('',#1083,#1084);
#1083 = CARTESIAN_POINT('',(10.362717354193,-12.66054740629,2.));
#1084 = VECTOR('',#1085,1.);
#1085 = DIRECTION('',(-0.61421271269,0.789140509396,0.));
#1086 = ORIENTED_EDGE('',*,*,#1087,.F.);
#1087 = EDGE_CURVE('',#1088,#1080,#1090,.T.);
#1088 = VERTEX_POINT('',#1089);
#1089 = CARTESIAN_POINT('',(9.729241304799,-13.15360160651,2.));
#1090 = LINE('',#1091,#1092);
#1091 = CARTESIAN_POINT('',(9.729241304799,-13.15360160651,2.));
#1092 = VECTOR('',#1093,1.);
#1093 = DIRECTION('',(0.789140509396,0.61421271269,0.));
#1094 = ORIENTED_EDGE('',*,*,#1095,.F.);
#1095 = EDGE_CURVE('',#1072,#1088,#1096,.T.);
#1096 = LINE('',#1097,#1098);
#1097 = CARTESIAN_POINT('',(8.496605804248,-11.56991148302,2.));
#1098 = VECTOR('',#1099,1.);
#1099 = DIRECTION('',(0.61421271269,-0.789140509396,0.));
#1100 = FACE_BOUND('',#1101,.T.);
#1101 = EDGE_LOOP('',(#1102));
#1102 = ORIENTED_EDGE('',*,*,#1103,.T.);
#1103 = EDGE_CURVE('',#1104,#1104,#1106,.T.);
#1104 = VERTEX_POINT('',#1105);
#1105 = CARTESIAN_POINT('',(10.446709820138,-15.98987973481,2.));
#1106 = CIRCLE('',#1107,1.1);
#1107 = AXIS2_PLACEMENT_3D('',#1108,#1109,#1110);
#1108 = CARTESIAN_POINT('',(9.845066846204,-15.06899660872,2.));
#1109 = DIRECTION('',(0.,-0.,-1.));
#1110 = DIRECTION('',(0.546948158122,-0.837166478263,0.));
#1111 = FACE_BOUND('',#1112,.T.);
#1112 = EDGE_LOOP('',(#1113));
#1113 = ORIENTED_EDGE('',*,*,#1114,.T.);
#1114 = EDGE_CURVE('',#1115,#1115,#1117,.T.);
#1115 = VERTEX_POINT('',#1116);
#1116 = CARTESIAN_POINT('',(12.936078018052,-14.05232669385,2.));
#1117 = CIRCLE('',#1118,1.1);
#1118 = AXIS2_PLACEMENT_3D('',#1119,#1120,#1121);
#1119 = CARTESIAN_POINT('',(12.191068289263,-13.24303039211,2.));
#1120 = DIRECTION('',(0.,-0.,-1.));
#1121 = DIRECTION('',(0.677281571626,-0.735723910673,0.));
#1122 = FACE_BOUND('',#1123,.T.);
#1123 = EDGE_LOOP('',(#1124,#1134,#1142,#1150));
#1124 = ORIENTED_EDGE('',*,*,#1125,.F.);
#1125 = EDGE_CURVE('',#1126,#1128,#1130,.T.);
#1126 = VERTEX_POINT('',#1127);
#1127 = CARTESIAN_POINT('',(10.828750223393,-9.423021305145,2.));
#1128 = VERTEX_POINT('',#1129);
#1129 = CARTESIAN_POINT('',(10.28506801571,-10.01361761952,2.));
#1130 = LINE('',#1131,#1132);
#1131 = CARTESIAN_POINT('',(10.828750223393,-9.423021305145,2.));
#1132 = VECTOR('',#1133,1.);
#1133 = DIRECTION('',(-0.677281571626,-0.735723910673,0.));
#1134 = ORIENTED_EDGE('',*,*,#1135,.F.);
#1135 = EDGE_CURVE('',#1136,#1126,#1138,.T.);
#1136 = VERTEX_POINT('',#1137);
#1137 = CARTESIAN_POINT('',(12.305241009344,-10.78222682435,2.));
#1138 = LINE('',#1139,#1140);
#1139 = CARTESIAN_POINT('',(12.305241009344,-10.78222682435,2.));
#1140 = VECTOR('',#1141,1.);
#1141 = DIRECTION('',(-0.735723910673,0.677281571626,0.));
#1142 = ORIENTED_EDGE('',*,*,#1143,.F.);
#1143 = EDGE_CURVE('',#1144,#1136,#1146,.T.);
#1144 = VERTEX_POINT('',#1145);
#1145 = CARTESIAN_POINT('',(11.761558801661,-11.37282313873,2.));
#1146 = LINE('',#1147,#1148);
#1147 = CARTESIAN_POINT('',(11.761558801661,-11.37282313873,2.));
#1148 = VECTOR('',#1149,1.);
#1149 = DIRECTION('',(0.677281571626,0.735723910673,0.));
#1150 = ORIENTED_EDGE('',*,*,#1151,.F.);
#1151 = EDGE_CURVE('',#1128,#1144,#1152,.T.);
#1152 = LINE('',#1153,#1154);
#1153 = CARTESIAN_POINT('',(10.28506801571,-10.01361761952,2.));
#1154 = VECTOR('',#1155,1.);
#1155 = DIRECTION('',(0.735723910673,-0.677281571626,0.));
#1156 = FACE_BOUND('',#1157,.T.);
#1157 = EDGE_LOOP('',(#1158));
#1158 = ORIENTED_EDGE('',*,*,#1159,.T.);
#1159 = EDGE_CURVE('',#1160,#1160,#1162,.T.);
#1160 = VERTEX_POINT('',#1161);
#1161 = CARTESIAN_POINT('',(15.072583729471,-11.73146281237,2.));
#1162 = CIRCLE('',#1163,1.1);
#1163 = AXIS2_PLACEMENT_3D('',#1164,#1165,#1166);
#1164 = CARTESIAN_POINT('',(14.204529169135,-11.05582882841,2.));
#1165 = DIRECTION('',(0.,-0.,-1.));
#1166 = DIRECTION('',(0.789140509396,-0.61421271269,0.));
#1167 = FACE_BOUND('',#1168,.T.);
#1168 = EDGE_LOOP('',(#1169,#1179,#1187,#1195));
#1169 = ORIENTED_EDGE('',*,*,#1170,.F.);
#1170 = EDGE_CURVE('',#1171,#1173,#1175,.T.);
#1171 = VERTEX_POINT('',#1172);
#1172 = CARTESIAN_POINT('',(12.232038515495,-7.512149870263,2.));
#1173 = VERTEX_POINT('',#1174);
#1174 = CARTESIAN_POINT('',(11.792980382875,-8.184178370916,2.));
#1175 = LINE('',#1176,#1177);
#1176 = CARTESIAN_POINT('',(12.232038515495,-7.512149870263,2.));
#1177 = VECTOR('',#1178,1.);
#1178 = DIRECTION('',(-0.546948158122,-0.837166478263,0.));
#1179 = ORIENTED_EDGE('',*,*,#1180,.F.);
#1180 = EDGE_CURVE('',#1181,#1171,#1183,.T.);
#1181 = VERTEX_POINT('',#1182);
#1182 = CARTESIAN_POINT('',(13.91210976713,-8.609795201813,2.));
#1183 = LINE('',#1184,#1185);
#1184 = CARTESIAN_POINT('',(13.91210976713,-8.609795201813,2.));
#1185 = VECTOR('',#1186,1.);
#1186 = DIRECTION('',(-0.837166478263,0.546948158122,0.));
#1187 = ORIENTED_EDGE('',*,*,#1188,.F.);
#1188 = EDGE_CURVE('',#1189,#1181,#1191,.T.);
#1189 = VERTEX_POINT('',#1190);
#1190 = CARTESIAN_POINT('',(13.473051634509,-9.281823702467,2.));
#1191 = LINE('',#1192,#1193);
#1192 = CARTESIAN_POINT('',(13.473051634509,-9.281823702467,2.));
#1193 = VECTOR('',#1194,1.);
#1194 = DIRECTION('',(0.546948158122,0.837166478263,0.));
#1195 = ORIENTED_EDGE('',*,*,#1196,.F.);
#1196 = EDGE_CURVE('',#1173,#1189,#1197,.T.);
#1197 = LINE('',#1198,#1199);
#1198 = CARTESIAN_POINT('',(11.792980382875,-8.184178370916,2.));
#1199 = VECTOR('',#1200,1.);
#1200 = DIRECTION('',(0.837166478263,-0.546948158122,0.));
#1201 = FACE_BOUND('',#1202,.T.);
#1202 = EDGE_LOOP('',(#1203,#1213,#1221,#1229));
#1203 = ORIENTED_EDGE('',*,*,#1204,.F.);
#1204 = EDGE_CURVE('',#1205,#1207,#1209,.T.);
#1205 = VERTEX_POINT('',#1206);
#1206 = CARTESIAN_POINT('',(13.30166868344,-5.396366569633,2.));
#1207 = VERTEX_POINT('',#1208);
#1208 = CARTESIAN_POINT('',(12.979210987201,-6.131496070909,2.));
#1209 = LINE('',#1210,#1211);
#1210 = CARTESIAN_POINT('',(13.30166868344,-5.396366569633,2.));
#1211 = VECTOR('',#1212,1.);
#1212 = DIRECTION('',(-0.401695424653,-0.915773326655,0.));
#1213 = ORIENTED_EDGE('',*,*,#1214,.F.);
#1214 = EDGE_CURVE('',#1215,#1205,#1217,.T.);
#1215 = VERTEX_POINT('',#1216);
#1216 = CARTESIAN_POINT('',(15.139492436631,-6.20251081023,2.));
#1217 = LINE('',#1218,#1219);
#1218 = CARTESIAN_POINT('',(15.139492436631,-6.20251081023,2.));
#1219 = VECTOR('',#1220,1.);
#1220 = DIRECTION('',(-0.915773326655,0.401695424653,0.));
#1221 = ORIENTED_EDGE('',*,*,#1222,.F.);
#1222 = EDGE_CURVE('',#1223,#1215,#1225,.T.);
#1223 = VERTEX_POINT('',#1224);
#1224 = CARTESIAN_POINT('',(14.817034740392,-6.937640311507,2.));
#1225 = LINE('',#1226,#1227);
#1226 = CARTESIAN_POINT('',(14.817034740392,-6.937640311507,2.));
#1227 = VECTOR('',#1228,1.);
#1228 = DIRECTION('',(0.401695424653,0.915773326655,0.));
#1229 = ORIENTED_EDGE('',*,*,#1230,.F.);
#1230 = EDGE_CURVE('',#1207,#1223,#1231,.T.);
#1231 = LINE('',#1232,#1233);
#1232 = CARTESIAN_POINT('',(12.979210987201,-6.131496070909,2.));
#1233 = VECTOR('',#1234,1.);
#1234 = DIRECTION('',(0.915773326655,-0.401695424653,0.));
#1235 = FACE_BOUND('',#1236,.T.);
#1236 = EDGE_LOOP('',(#1237));
#1237 = ORIENTED_EDGE('',*,*,#1238,.T.);
#1238 = EDGE_CURVE('',#1239,#1239,#1241,.T.);
#1239 = VERTEX_POINT('',#1240);
#1240 = CARTESIAN_POINT('',(16.797948648044,-9.090595207008,2.));
#1241 = CIRCLE('',#1242,1.1);
#1242 = AXIS2_PLACEMENT_3D('',#1243,#1244,#1245);
#1243 = CARTESIAN_POINT('',(15.830527521717,-8.567053074667,2.));
#1244 = DIRECTION('',(0.,-0.,-1.));
#1245 = DIRECTION('',(0.879473751206,-0.475947393037,0.));
#1246 = FACE_BOUND('',#1247,.T.);
#1247 = EDGE_LOOP('',(#1248));
#1248 = ORIENTED_EDGE('',*,*,#1249,.T.);
#1249 = EDGE_CURVE('',#1250,#1250,#1252,.T.);
#1250 = VERTEX_POINT('',#1251);
#1251 = CARTESIAN_POINT('',(18.065109316482,-6.201759861809,2.));
#1252 = CIRCLE('',#1253,1.1);
#1253 = AXIS2_PLACEMENT_3D('',#1254,#1255,#1256);
#1254 = CARTESIAN_POINT('',(17.024710350611,-5.844590445684,2.));
#1255 = DIRECTION('',(0.,-0.,-1.));
#1256 = DIRECTION('',(0.945817241701,-0.324699469205,0.));
#1257 = FACE_BOUND('',#1258,.T.);
#1258 = EDGE_LOOP('',(#1259,#1269,#1277,#1285));
#1259 = ORIENTED_EDGE('',*,*,#1260,.F.);
#1260 = EDGE_CURVE('',#1261,#1263,#1265,.T.);
#1261 = VERTEX_POINT('',#1262);
#1262 = CARTESIAN_POINT('',(14.008464004562,-3.133384456261,2.));
#1263 = VERTEX_POINT('',#1264);
#1264 = CARTESIAN_POINT('',(13.811402550074,-3.911562541705,2.));
#1265 = LINE('',#1266,#1267);
#1266 = CARTESIAN_POINT('',(14.008464004562,-3.133384456261,2.));
#1267 = VECTOR('',#1268,1.);
#1268 = DIRECTION('',(-0.245485487141,-0.969400265939,0.));
#1269 = ORIENTED_EDGE('',*,*,#1270,.F.);
#1270 = EDGE_CURVE('',#1271,#1261,#1273,.T.);
#1271 = VERTEX_POINT('',#1272);
#1272 = CARTESIAN_POINT('',(15.953909218173,-3.626038092482,2.));
#1273 = LINE('',#1274,#1275);
#1274 = CARTESIAN_POINT('',(15.953909218173,-3.626038092482,2.));
#1275 = VECTOR('',#1276,1.);
#1276 = DIRECTION('',(-0.969400265939,0.245485487141,0.));
#1277 = ORIENTED_EDGE('',*,*,#1278,.F.);
#1278 = EDGE_CURVE('',#1279,#1271,#1281,.T.);
#1279 = VERTEX_POINT('',#1280);
#1280 = CARTESIAN_POINT('',(15.756847763684,-4.404216177927,2.));
#1281 = LINE('',#1282,#1283);
#1282 = CARTESIAN_POINT('',(15.756847763684,-4.404216177927,2.));
#1283 = VECTOR('',#1284,1.);
#1284 = DIRECTION('',(0.245485487141,0.969400265939,0.));
#1285 = ORIENTED_EDGE('',*,*,#1286,.F.);
#1286 = EDGE_CURVE('',#1263,#1279,#1287,.T.);
#1287 = LINE('',#1288,#1289);
#1288 = CARTESIAN_POINT('',(13.811402550074,-3.911562541705,2.));
#1289 = VECTOR('',#1290,1.);
#1290 = DIRECTION('',(0.969400265939,-0.245485487141,0.));
#1291 = FACE_BOUND('',#1292,.T.);
#1292 = EDGE_LOOP('',(#1293));
#1293 = ORIENTED_EDGE('',*,*,#1294,.T.);
#1294 = EDGE_CURVE('',#1295,#1295,#1297,.T.);
#1295 = VERTEX_POINT('',#1296);
#1296 = CARTESIAN_POINT('',(18.839500894992,-3.143756674362,2.));
#1297 = CIRCLE('',#1298,1.1);
#1298 = AXIS2_PLACEMENT_3D('',#1299,#1300,#1301);
#1299 = CARTESIAN_POINT('',(17.754503461249,-2.962702625053,2.));
#1300 = DIRECTION('',(0.,-0.,-1.));
#1301 = DIRECTION('',(0.986361303403,-0.164594590281,0.));
#1302 = FACE_BOUND('',#1303,.T.);
#1303 = EDGE_LOOP('',(#1304,#1314,#1322,#1330));
#1304 = ORIENTED_EDGE('',*,*,#1305,.F.);
#1305 = EDGE_CURVE('',#1306,#1308,#1310,.T.);
#1306 = VERTEX_POINT('',#1307);
#1307 = CARTESIAN_POINT('',(14.33314494498,-0.784931783046,2.));
#1308 = VERTEX_POINT('',#1309);
#1309 = CARTESIAN_POINT('',(14.26685505502,-1.584931783046,2.));
#1310 = LINE('',#1311,#1312);
#1311 = CARTESIAN_POINT('',(14.33314494498,-0.784931783046,2.));
#1312 = VECTOR('',#1313,1.);
#1313 = DIRECTION('',(-8.257934547233E-02,-0.996584493007,0.));
#1314 = ORIENTED_EDGE('',*,*,#1315,.F.);
#1315 = EDGE_CURVE('',#1316,#1306,#1318,.T.);
#1316 = VERTEX_POINT('',#1317);
#1317 = CARTESIAN_POINT('',(16.33314494498,-0.950656507948,2.));
#1318 = LINE('',#1319,#1320);
#1319 = CARTESIAN_POINT('',(16.33314494498,-0.950656507948,2.));
#1320 = VECTOR('',#1321,1.);
#1321 = DIRECTION('',(-0.996584493007,8.257934547233E-02,0.));
#1322 = ORIENTED_EDGE('',*,*,#1323,.F.);
#1323 = EDGE_CURVE('',#1324,#1316,#1326,.T.);
#1324 = VERTEX_POINT('',#1325);
#1325 = CARTESIAN_POINT('',(16.26685505502,-1.750656507948,2.));
#1326 = LINE('',#1327,#1328);
#1327 = CARTESIAN_POINT('',(16.26685505502,-1.750656507948,2.));
#1328 = VECTOR('',#1329,1.);
#1329 = DIRECTION('',(8.257934547233E-02,0.996584493007,0.));
#1330 = ORIENTED_EDGE('',*,*,#1331,.F.);
#1331 = EDGE_CURVE('',#1308,#1324,#1332,.T.);
#1332 = LINE('',#1333,#1334);
#1333 = CARTESIAN_POINT('',(14.26685505502,-1.584931783046,2.));
#1334 = VECTOR('',#1335,1.);
#1335 = DIRECTION('',(0.996584493007,-8.257934547233E-02,0.));
#1336 = FACE_BOUND('',#1337,.T.);
#1337 = EDGE_LOOP('',(#1338));
#1338 = ORIENTED_EDGE('',*,*,#1339,.T.);
#1339 = EDGE_CURVE('',#1340,#1340,#1342,.T.);
#1340 = VERTEX_POINT('',#1341);
#1341 = CARTESIAN_POINT('',(-19.1,2.339075386371E-15,2.));
#1342 = CIRCLE('',#1343,1.1);
#1343 = AXIS2_PLACEMENT_3D('',#1344,#1345,#1346);
#1344 = CARTESIAN_POINT('',(-18.,2.204364238465E-15,2.));
#1345 = DIRECTION('',(0.,0.,-1.));
#1346 = DIRECTION('',(-1.,1.224646799147E-16,0.));
#1347 = FACE_BOUND('',#1348,.T.);
#1348 = EDGE_LOOP('',(#1349,#1359,#1367,#1375));
#1349 = ORIENTED_EDGE('',*,*,#1350,.F.);
#1350 = EDGE_CURVE('',#1351,#1353,#1355,.T.);
#1351 = VERTEX_POINT('',#1352);
#1352 = CARTESIAN_POINT('',(-14.33314494498,0.784931783046,2.));
#1353 = VERTEX_POINT('',#1354);
#1354 = CARTESIAN_POINT('',(-14.26685505502,1.584931783046,2.));
#1355 = LINE('',#1356,#1357);
#1356 = CARTESIAN_POINT('',(-14.33314494498,0.784931783046,2.));
#1357 = VECTOR('',#1358,1.);
#1358 = DIRECTION('',(8.257934547233E-02,0.996584493007,0.));
#1359 = ORIENTED_EDGE('',*,*,#1360,.F.);
#1360 = EDGE_CURVE('',#1361,#1351,#1363,.T.);
#1361 = VERTEX_POINT('',#1362);
#1362 = CARTESIAN_POINT('',(-16.33314494498,0.950656507948,2.));
#1363 = LINE('',#1364,#1365);
#1364 = CARTESIAN_POINT('',(-16.33314494498,0.950656507948,2.));
#1365 = VECTOR('',#1366,1.);
#1366 = DIRECTION('',(0.996584493007,-8.257934547233E-02,0.));
#1367 = ORIENTED_EDGE('',*,*,#1368,.F.);
#1368 = EDGE_CURVE('',#1369,#1361,#1371,.T.);
#1369 = VERTEX_POINT('',#1370);
#1370 = CARTESIAN_POINT('',(-16.26685505502,1.750656507948,2.));
#1371 = LINE('',#1372,#1373);
#1372 = CARTESIAN_POINT('',(-16.26685505502,1.750656507948,2.));
#1373 = VECTOR('',#1374,1.);
#1374 = DIRECTION('',(-8.257934547233E-02,-0.996584493007,0.));
#1375 = ORIENTED_EDGE('',*,*,#1376,.F.);
#1376 = EDGE_CURVE('',#1353,#1369,#1377,.T.);
#1377 = LINE('',#1378,#1379);
#1378 = CARTESIAN_POINT('',(-14.26685505502,1.584931783046,2.));
#1379 = VECTOR('',#1380,1.);
#1380 = DIRECTION('',(-0.996584493007,8.257934547233E-02,0.));
#1381 = FACE_BOUND('',#1382,.T.);
#1382 = EDGE_LOOP('',(#1383));
#1383 = ORIENTED_EDGE('',*,*,#1384,.T.);
#1384 = EDGE_CURVE('',#1385,#1385,#1387,.T.);
#1385 = VERTEX_POINT('',#1386);
#1386 = CARTESIAN_POINT('',(-18.83950089499,3.143756674362,2.));
#1387 = CIRCLE('',#1388,1.1);
#1388 = AXIS2_PLACEMENT_3D('',#1389,#1390,#1391);
#1389 = CARTESIAN_POINT('',(-17.75450346124,2.962702625053,2.));
#1390 = DIRECTION('',(0.,0.,-1.));
#1391 = DIRECTION('',(-0.986361303403,0.164594590281,0.));
#1392 = FACE_BOUND('',#1393,.T.);
#1393 = EDGE_LOOP('',(#1394,#1404,#1412,#1420));
#1394 = ORIENTED_EDGE('',*,*,#1395,.F.);
#1395 = EDGE_CURVE('',#1396,#1398,#1400,.T.);
#1396 = VERTEX_POINT('',#1397);
#1397 = CARTESIAN_POINT('',(-14.00846400456,3.133384456261,2.));
#1398 = VERTEX_POINT('',#1399);
#1399 = CARTESIAN_POINT('',(-13.81140255007,3.911562541705,2.));
#1400 = LINE('',#1401,#1402);
#1401 = CARTESIAN_POINT('',(-14.00846400456,3.133384456261,2.));
#1402 = VECTOR('',#1403,1.);
#1403 = DIRECTION('',(0.245485487141,0.969400265939,0.));
#1404 = ORIENTED_EDGE('',*,*,#1405,.F.);
#1405 = EDGE_CURVE('',#1406,#1396,#1408,.T.);
#1406 = VERTEX_POINT('',#1407);
#1407 = CARTESIAN_POINT('',(-15.95390921817,3.626038092482,2.));
#1408 = LINE('',#1409,#1410);
#1409 = CARTESIAN_POINT('',(-15.95390921817,3.626038092482,2.));
#1410 = VECTOR('',#1411,1.);
#1411 = DIRECTION('',(0.969400265939,-0.245485487141,0.));
#1412 = ORIENTED_EDGE('',*,*,#1413,.F.);
#1413 = EDGE_CURVE('',#1414,#1406,#1416,.T.);
#1414 = VERTEX_POINT('',#1415);
#1415 = CARTESIAN_POINT('',(-15.75684776368,4.404216177927,2.));
#1416 = LINE('',#1417,#1418);
#1417 = CARTESIAN_POINT('',(-15.75684776368,4.404216177927,2.));
#1418 = VECTOR('',#1419,1.);
#1419 = DIRECTION('',(-0.245485487141,-0.969400265939,0.));
#1420 = ORIENTED_EDGE('',*,*,#1421,.F.);
#1421 = EDGE_CURVE('',#1398,#1414,#1422,.T.);
#1422 = LINE('',#1423,#1424);
#1423 = CARTESIAN_POINT('',(-13.81140255007,3.911562541705,2.));
#1424 = VECTOR('',#1425,1.);
#1425 = DIRECTION('',(-0.969400265939,0.245485487141,0.));
#1426 = FACE_BOUND('',#1427,.T.);
#1427 = EDGE_LOOP('',(#1428));
#1428 = ORIENTED_EDGE('',*,*,#1429,.T.);
#1429 = EDGE_CURVE('',#1430,#1430,#1432,.T.);
#1430 = VERTEX_POINT('',#1431);
#1431 = CARTESIAN_POINT('',(-18.06510931648,6.201759861809,2.));
#1432 = CIRCLE('',#1433,1.1);
#1433 = AXIS2_PLACEMENT_3D('',#1434,#1435,#1436);
#1434 = CARTESIAN_POINT('',(-17.02471035061,5.844590445684,2.));
#1435 = DIRECTION('',(0.,0.,-1.));
#1436 = DIRECTION('',(-0.945817241701,0.324699469205,0.));
#1437 = FACE_BOUND('',#1438,.T.);
#1438 = EDGE_LOOP('',(#1439));
#1439 = ORIENTED_EDGE('',*,*,#1440,.T.);
#1440 = EDGE_CURVE('',#1441,#1441,#1443,.T.);
#1441 = VERTEX_POINT('',#1442);
#1442 = CARTESIAN_POINT('',(-16.79794864804,9.090595207008,2.));
#1443 = CIRCLE('',#1444,1.1);
#1444 = AXIS2_PLACEMENT_3D('',#1445,#1446,#1447);
#1445 = CARTESIAN_POINT('',(-15.83052752171,8.567053074667,2.));
#1446 = DIRECTION('',(0.,0.,-1.));
#1447 = DIRECTION('',(-0.879473751206,0.475947393037,0.));
#1448 = FACE_BOUND('',#1449,.T.);
#1449 = EDGE_LOOP('',(#1450,#1460,#1468,#1476));
#1450 = ORIENTED_EDGE('',*,*,#1451,.F.);
#1451 = EDGE_CURVE('',#1452,#1454,#1456,.T.);
#1452 = VERTEX_POINT('',#1453);
#1453 = CARTESIAN_POINT('',(-13.30166868344,5.396366569633,2.));
#1454 = VERTEX_POINT('',#1455);
#1455 = CARTESIAN_POINT('',(-12.9792109872,6.131496070909,2.));
#1456 = LINE('',#1457,#1458);
#1457 = CARTESIAN_POINT('',(-13.30166868344,5.396366569633,2.));
#1458 = VECTOR('',#1459,1.);
#1459 = DIRECTION('',(0.401695424653,0.915773326655,0.));
#1460 = ORIENTED_EDGE('',*,*,#1461,.F.);
#1461 = EDGE_CURVE('',#1462,#1452,#1464,.T.);
#1462 = VERTEX_POINT('',#1463);
#1463 = CARTESIAN_POINT('',(-15.13949243663,6.20251081023,2.));
#1464 = LINE('',#1465,#1466);
#1465 = CARTESIAN_POINT('',(-15.13949243663,6.20251081023,2.));
#1466 = VECTOR('',#1467,1.);
#1467 = DIRECTION('',(0.915773326655,-0.401695424653,0.));
#1468 = ORIENTED_EDGE('',*,*,#1469,.F.);
#1469 = EDGE_CURVE('',#1470,#1462,#1472,.T.);
#1470 = VERTEX_POINT('',#1471);
#1471 = CARTESIAN_POINT('',(-14.81703474039,6.937640311507,2.));
#1472 = LINE('',#1473,#1474);
#1473 = CARTESIAN_POINT('',(-14.81703474039,6.937640311507,2.));
#1474 = VECTOR('',#1475,1.);
#1475 = DIRECTION('',(-0.401695424653,-0.915773326655,0.));
#1476 = ORIENTED_EDGE('',*,*,#1477,.F.);
#1477 = EDGE_CURVE('',#1454,#1470,#1478,.T.);
#1478 = LINE('',#1479,#1480);
#1479 = CARTESIAN_POINT('',(-12.9792109872,6.131496070909,2.));
#1480 = VECTOR('',#1481,1.);
#1481 = DIRECTION('',(-0.915773326655,0.401695424653,0.));
#1482 = FACE_BOUND('',#1483,.T.);
#1483 = EDGE_LOOP('',(#1484,#1494,#1502,#1510));
#1484 = ORIENTED_EDGE('',*,*,#1485,.F.);
#1485 = EDGE_CURVE('',#1486,#1488,#1490,.T.);
#1486 = VERTEX_POINT('',#1487);
#1487 = CARTESIAN_POINT('',(-12.23203851549,7.512149870263,2.));
#1488 = VERTEX_POINT('',#1489);
#1489 = CARTESIAN_POINT('',(-11.79298038287,8.184178370916,2.));
#1490 = LINE('',#1491,#1492);
#1491 = CARTESIAN_POINT('',(-12.23203851549,7.512149870263,2.));
#1492 = VECTOR('',#1493,1.);
#1493 = DIRECTION('',(0.546948158122,0.837166478263,0.));
#1494 = ORIENTED_EDGE('',*,*,#1495,.F.);
#1495 = EDGE_CURVE('',#1496,#1486,#1498,.T.);
#1496 = VERTEX_POINT('',#1497);
#1497 = CARTESIAN_POINT('',(-13.91210976713,8.609795201813,2.));
#1498 = LINE('',#1499,#1500);
#1499 = CARTESIAN_POINT('',(-13.91210976713,8.609795201813,2.));
#1500 = VECTOR('',#1501,1.);
#1501 = DIRECTION('',(0.837166478263,-0.546948158122,0.));
#1502 = ORIENTED_EDGE('',*,*,#1503,.F.);
#1503 = EDGE_CURVE('',#1504,#1496,#1506,.T.);
#1504 = VERTEX_POINT('',#1505);
#1505 = CARTESIAN_POINT('',(-13.4730516345,9.281823702467,2.));
#1506 = LINE('',#1507,#1508);
#1507 = CARTESIAN_POINT('',(-13.4730516345,9.281823702467,2.));
#1508 = VECTOR('',#1509,1.);
#1509 = DIRECTION('',(-0.546948158122,-0.837166478263,0.));
#1510 = ORIENTED_EDGE('',*,*,#1511,.F.);
#1511 = EDGE_CURVE('',#1488,#1504,#1512,.T.);
#1512 = LINE('',#1513,#1514);
#1513 = CARTESIAN_POINT('',(-11.79298038287,8.184178370916,2.));
#1514 = VECTOR('',#1515,1.);
#1515 = DIRECTION('',(-0.837166478263,0.546948158122,0.));
#1516 = FACE_BOUND('',#1517,.T.);
#1517 = EDGE_LOOP('',(#1518));
#1518 = ORIENTED_EDGE('',*,*,#1519,.F.);
#1519 = EDGE_CURVE('',#1520,#1520,#1522,.T.);
#1520 = VERTEX_POINT('',#1521);
#1521 = CARTESIAN_POINT('',(14.195,0.,2.));
#1522 = CIRCLE('',#1523,14.195);
#1523 = AXIS2_PLACEMENT_3D('',#1524,#1525,#1526);
#1524 = CARTESIAN_POINT('',(0.,0.,2.));
#1525 = DIRECTION('',(0.,0.,1.));
#1526 = DIRECTION('',(1.,0.,0.));
#1527 = FACE_BOUND('',#1528,.T.);
#1528 = EDGE_LOOP('',(#1529));
#1529 = ORIENTED_EDGE('',*,*,#1530,.T.);
#1530 = EDGE_CURVE('',#1531,#1531,#1533,.T.);
#1531 = VERTEX_POINT('',#1532);
#1532 = CARTESIAN_POINT('',(-15.07258372947,11.731462812373,2.));
#1533 = CIRCLE('',#1534,1.1);
#1534 = AXIS2_PLACEMENT_3D('',#1535,#1536,#1537);
#1535 = CARTESIAN_POINT('',(-14.20452916913,11.055828828414,2.));
#1536 = DIRECTION('',(0.,0.,-1.));
#1537 = DIRECTION('',(-0.789140509396,0.61421271269,0.));
#1538 = FACE_BOUND('',#1539,.T.);
#1539 = EDGE_LOOP('',(#1540,#1550,#1558,#1566));
#1540 = ORIENTED_EDGE('',*,*,#1541,.F.);
#1541 = EDGE_CURVE('',#1542,#1544,#1546,.T.);
#1542 = VERTEX_POINT('',#1543);
#1543 = CARTESIAN_POINT('',(-10.82875022339,9.423021305145,2.));
#1544 = VERTEX_POINT('',#1545);
#1545 = CARTESIAN_POINT('',(-10.28506801571,10.013617619525,2.));
#1546 = LINE('',#1547,#1548);
#1547 = CARTESIAN_POINT('',(-10.82875022339,9.423021305145,2.));
#1548 = VECTOR('',#1549,1.);
#1549 = DIRECTION('',(0.677281571626,0.735723910673,0.));
#1550 = ORIENTED_EDGE('',*,*,#1551,.F.);
#1551 = EDGE_CURVE('',#1552,#1542,#1554,.T.);
#1552 = VERTEX_POINT('',#1553);
#1553 = CARTESIAN_POINT('',(-12.30524100934,10.782226824353,2.));
#1554 = LINE('',#1555,#1556);
#1555 = CARTESIAN_POINT('',(-12.30524100934,10.782226824353,2.));
#1556 = VECTOR('',#1557,1.);
#1557 = DIRECTION('',(0.735723910673,-0.677281571626,0.));
#1558 = ORIENTED_EDGE('',*,*,#1559,.F.);
#1559 = EDGE_CURVE('',#1560,#1552,#1562,.T.);
#1560 = VERTEX_POINT('',#1561);
#1561 = CARTESIAN_POINT('',(-11.76155880166,11.372823138733,2.));
#1562 = LINE('',#1563,#1564);
#1563 = CARTESIAN_POINT('',(-11.76155880166,11.372823138733,2.));
#1564 = VECTOR('',#1565,1.);
#1565 = DIRECTION('',(-0.677281571626,-0.735723910673,0.));
#1566 = ORIENTED_EDGE('',*,*,#1567,.F.);
#1567 = EDGE_CURVE('',#1544,#1560,#1568,.T.);
#1568 = LINE('',#1569,#1570);
#1569 = CARTESIAN_POINT('',(-10.28506801571,10.013617619525,2.));
#1570 = VECTOR('',#1571,1.);
#1571 = DIRECTION('',(-0.735723910673,0.677281571626,0.));
#1572 = FACE_BOUND('',#1573,.T.);
#1573 = EDGE_LOOP('',(#1574));
#1574 = ORIENTED_EDGE('',*,*,#1575,.T.);
#1575 = EDGE_CURVE('',#1576,#1576,#1578,.T.);
#1576 = VERTEX_POINT('',#1577);
#1577 = CARTESIAN_POINT('',(-12.93607801805,14.052326693857,2.));
#1578 = CIRCLE('',#1579,1.1);
#1579 = AXIS2_PLACEMENT_3D('',#1580,#1581,#1582);
#1580 = CARTESIAN_POINT('',(-12.19106828926,13.243030392116,2.));
#1581 = DIRECTION('',(0.,0.,-1.));
#1582 = DIRECTION('',(-0.677281571626,0.735723910673,0.));
#1583 = FACE_BOUND('',#1584,.T.);
#1584 = EDGE_LOOP('',(#1585));
#1585 = ORIENTED_EDGE('',*,*,#1586,.T.);
#1586 = EDGE_CURVE('',#1587,#1587,#1589,.T.);
#1587 = VERTEX_POINT('',#1588);
#1588 = CARTESIAN_POINT('',(-10.44670982013,15.989879734814,2.));
#1589 = CIRCLE('',#1590,1.1);
#1590 = AXIS2_PLACEMENT_3D('',#1591,#1592,#1593);
#1591 = CARTESIAN_POINT('',(-9.845066846204,15.068996608726,2.));
#1592 = DIRECTION('',(0.,0.,-1.));
#1593 = DIRECTION('',(-0.546948158122,0.837166478263,0.));
#1594 = FACE_BOUND('',#1595,.T.);
#1595 = EDGE_LOOP('',(#1596,#1606,#1614,#1622));
#1596 = ORIENTED_EDGE('',*,*,#1597,.F.);
#1597 = EDGE_CURVE('',#1598,#1600,#1602,.T.);
#1598 = VERTEX_POINT('',#1599);
#1599 = CARTESIAN_POINT('',(-9.130081853642,11.076857282806,2.));
#1600 = VERTEX_POINT('',#1601);
#1601 = CARTESIAN_POINT('',(-8.496605804248,11.569911483027,2.));
#1602 = LINE('',#1603,#1604);
#1603 = CARTESIAN_POINT('',(-9.130081853642,11.076857282806,2.));
#1604 = VECTOR('',#1605,1.);
#1605 = DIRECTION('',(0.789140509396,0.61421271269,0.));
#1606 = ORIENTED_EDGE('',*,*,#1607,.F.);
#1607 = EDGE_CURVE('',#1608,#1598,#1610,.T.);
#1608 = VERTEX_POINT('',#1609);
#1609 = CARTESIAN_POINT('',(-10.36271735419,12.660547406291,2.));
#1610 = LINE('',#1611,#1612);
#1611 = CARTESIAN_POINT('',(-10.36271735419,12.660547406291,2.));
#1612 = VECTOR('',#1613,1.);
#1613 = DIRECTION('',(0.61421271269,-0.789140509396,0.));
#1614 = ORIENTED_EDGE('',*,*,#1615,.F.);
#1615 = EDGE_CURVE('',#1616,#1608,#1618,.T.);
#1616 = VERTEX_POINT('',#1617);
#1617 = CARTESIAN_POINT('',(-9.729241304799,13.153601606512,2.));
#1618 = LINE('',#1619,#1620);
#1619 = CARTESIAN_POINT('',(-9.729241304799,13.153601606512,2.));
#1620 = VECTOR('',#1621,1.);
#1621 = DIRECTION('',(-0.789140509396,-0.61421271269,0.));
#1622 = ORIENTED_EDGE('',*,*,#1623,.F.);
#1623 = EDGE_CURVE('',#1600,#1616,#1624,.T.);
#1624 = LINE('',#1625,#1626);
#1625 = CARTESIAN_POINT('',(-8.496605804248,11.569911483027,2.));
#1626 = VECTOR('',#1627,1.);
#1627 = DIRECTION('',(-0.61421271269,0.789140509396,0.));
#1628 = FACE_BOUND('',#1629,.T.);
#1629 = EDGE_LOOP('',(#1630,#1640,#1648,#1656));
#1630 = ORIENTED_EDGE('',*,*,#1631,.F.);
#1631 = EDGE_CURVE('',#1632,#1634,#1636,.T.);
#1632 = VERTEX_POINT('',#1633);
#1633 = CARTESIAN_POINT('',(-7.18236865127,12.428545469004,2.));
#1634 = VERTEX_POINT('',#1635);
#1635 = CARTESIAN_POINT('',(-6.476378335444,12.810608321779,2.));
#1636 = LINE('',#1637,#1638);
#1637 = CARTESIAN_POINT('',(-7.18236865127,12.428545469004,2.));
#1638 = VECTOR('',#1639,1.);
#1639 = DIRECTION('',(0.879473751206,0.475947393037,0.));
#1640 = ORIENTED_EDGE('',*,*,#1641,.F.);
#1641 = EDGE_CURVE('',#1642,#1632,#1644,.T.);
#1642 = VERTEX_POINT('',#1643);
#1643 = CARTESIAN_POINT('',(-8.137525783208,14.19352125857,2.));
#1644 = LINE('',#1645,#1646);
#1645 = CARTESIAN_POINT('',(-8.137525783208,14.19352125857,2.));
#1646 = VECTOR('',#1647,1.);
#1647 = DIRECTION('',(0.475947393037,-0.879473751206,0.));
#1648 = ORIENTED_EDGE('',*,*,#1649,.F.);
#1649 = EDGE_CURVE('',#1650,#1642,#1652,.T.);
#1650 = VERTEX_POINT('',#1651);
#1651 = CARTESIAN_POINT('',(-7.431535467382,14.575584111345,2.));
#1652 = LINE('',#1653,#1654);
#1653 = CARTESIAN_POINT('',(-7.431535467382,14.575584111345,2.));
#1654 = VECTOR('',#1655,1.);
#1655 = DIRECTION('',(-0.879473751206,-0.475947393037,0.));
#1656 = ORIENTED_EDGE('',*,*,#1657,.F.);
#1657 = EDGE_CURVE('',#1634,#1650,#1658,.T.);
#1658 = LINE('',#1659,#1660);
#1659 = CARTESIAN_POINT('',(-6.476378335444,12.810608321779,2.));
#1660 = VECTOR('',#1661,1.);
#1661 = DIRECTION('',(-0.475947393037,0.879473751206,0.));
#1662 = FACE_BOUND('',#1663,.T.);
#1663 = EDGE_LOOP('',(#1664));
#1664 = ORIENTED_EDGE('',*,*,#1665,.T.);
#1665 = EDGE_CURVE('',#1666,#1666,#1668,.T.);
#1666 = VERTEX_POINT('',#1667);
#1667 = CARTESIAN_POINT('',(-7.672382610872,17.491270539112,2.));
#1668 = CIRCLE('',#1669,1.1);
#1669 = AXIS2_PLACEMENT_3D('',#1670,#1671,#1672);
#1670 = CARTESIAN_POINT('',(-7.230517643753,16.483919879791,2.));
#1671 = DIRECTION('',(0.,0.,-1.));
#1672 = DIRECTION('',(-0.401695424653,0.915773326655,0.));
#1673 = FACE_BOUND('',#1674,.T.);
#1674 = EDGE_LOOP('',(#1675,#1685,#1693,#1701));
#1675 = ORIENTED_EDGE('',*,*,#1676,.F.);
#1676 = EDGE_CURVE('',#1677,#1679,#1681,.T.);
#1677 = VERTEX_POINT('',#1678);
#1678 = CARTESIAN_POINT('',(-5.038739155129,13.441215333608,2.));
#1679 = VERTEX_POINT('',#1680);
#1680 = CARTESIAN_POINT('',(-4.279492148307,13.701865160278,2.));
#1681 = LINE('',#1682,#1683);
#1682 = CARTESIAN_POINT('',(-5.038739155129,13.441215333608,2.));
#1683 = VECTOR('',#1684,1.);
#1684 = DIRECTION('',(0.945817241701,0.324699469205,0.));
#1685 = ORIENTED_EDGE('',*,*,#1686,.F.);
#1686 = EDGE_CURVE('',#1687,#1677,#1689,.T.);
#1687 = VERTEX_POINT('',#1688);
#1688 = CARTESIAN_POINT('',(-5.690363721803,15.339332850663,2.));
#1689 = LINE('',#1690,#1691);
#1690 = CARTESIAN_POINT('',(-5.690363721803,15.339332850663,2.));
#1691 = VECTOR('',#1692,1.);
#1692 = DIRECTION('',(0.324699469205,-0.945817241701,0.));
#1693 = ORIENTED_EDGE('',*,*,#1694,.F.);
#1694 = EDGE_CURVE('',#1695,#1687,#1697,.T.);
#1695 = VERTEX_POINT('',#1696);
#1696 = CARTESIAN_POINT('',(-4.931116714981,15.599982677332,2.));
#1697 = LINE('',#1698,#1699);
#1698 = CARTESIAN_POINT('',(-4.931116714981,15.599982677332,2.));
#1699 = VECTOR('',#1700,1.);
#1700 = DIRECTION('',(-0.945817241701,-0.324699469205,0.));
#1701 = ORIENTED_EDGE('',*,*,#1702,.F.);
#1702 = EDGE_CURVE('',#1679,#1695,#1703,.T.);
#1703 = LINE('',#1704,#1705);
#1704 = CARTESIAN_POINT('',(-4.279492148307,13.701865160278,2.));
#1705 = VECTOR('',#1706,1.);
#1706 = DIRECTION('',(-0.324699469205,0.945817241701,0.));
#1707 = FACE_BOUND('',#1708,.T.);
#1708 = EDGE_LOOP('',(#1709,#1719,#1727,#1735));
#1709 = ORIENTED_EDGE('',*,*,#1710,.F.);
#1710 = EDGE_CURVE('',#1711,#1713,#1715,.T.);
#1711 = VERTEX_POINT('',#1712);
#1712 = CARTESIAN_POINT('',(-2.757665989849,14.087243882544,2.));
#1713 = VERTEX_POINT('',#1714);
#1714 = CARTESIAN_POINT('',(-1.965872571168,14.2193708353,2.));
#1715 = LINE('',#1716,#1717);
#1716 = CARTESIAN_POINT('',(-2.757665989849,14.087243882544,2.));
#1717 = VECTOR('',#1718,1.);
#1718 = DIRECTION('',(0.986361303403,0.164594590281,0.));
#1719 = ORIENTED_EDGE('',*,*,#1720,.F.);
#1720 = EDGE_CURVE('',#1721,#1711,#1723,.T.);
#1721 = VERTEX_POINT('',#1722);
#1722 = CARTESIAN_POINT('',(-3.087983371739,16.066727429247,2.));
#1723 = LINE('',#1724,#1725);
#1724 = CARTESIAN_POINT('',(-3.087983371739,16.066727429247,2.));
#1725 = VECTOR('',#1726,1.);
#1726 = DIRECTION('',(0.164594590281,-0.986361303403,0.));
#1727 = ORIENTED_EDGE('',*,*,#1728,.F.);
#1728 = EDGE_CURVE('',#1729,#1721,#1731,.T.);
#1729 = VERTEX_POINT('',#1730);
#1730 = CARTESIAN_POINT('',(-2.296189953058,16.198854382002,2.));
#1731 = LINE('',#1732,#1733);
#1732 = CARTESIAN_POINT('',(-2.296189953058,16.198854382002,2.));
#1733 = VECTOR('',#1734,1.);
#1734 = DIRECTION('',(-0.986361303403,-0.164594590281,0.));
#1735 = ORIENTED_EDGE('',*,*,#1736,.F.);
#1736 = EDGE_CURVE('',#1713,#1729,#1737,.T.);
#1737 = LINE('',#1738,#1739);
#1738 = CARTESIAN_POINT('',(-1.965872571168,14.2193708353,2.));
#1739 = VECTOR('',#1740,1.);
#1740 = DIRECTION('',(-0.164594590281,0.986361303403,0.));
#1741 = FACE_BOUND('',#1742,.T.);
#1742 = EDGE_LOOP('',(#1743,#1753,#1761,#1769));
#1743 = ORIENTED_EDGE('',*,*,#1744,.F.);
#1744 = EDGE_CURVE('',#1745,#1747,#1749,.T.);
#1745 = VERTEX_POINT('',#1746);
#1746 = CARTESIAN_POINT('',(-0.401370885065,14.349009141069,2.));
#1747 = VERTEX_POINT('',#1748);
#1748 = CARTESIAN_POINT('',(0.401370885065,14.349009141069,2.));
#1749 = LINE('',#1750,#1751);
#1750 = CARTESIAN_POINT('',(-0.401370885065,14.349009141069,2.));
#1751 = VECTOR('',#1752,1.);
#1752 = DIRECTION('',(1.,1.693090112553E-15,0.));
#1753 = ORIENTED_EDGE('',*,*,#1754,.F.);
#1754 = EDGE_CURVE('',#1755,#1745,#1757,.T.);
#1755 = VERTEX_POINT('',#1756);
#1756 = CARTESIAN_POINT('',(-0.401370885065,16.355863566393,2.));
#1757 = LINE('',#1758,#1759);
#1758 = CARTESIAN_POINT('',(-0.401370885065,16.355863566393,2.));
#1759 = VECTOR('',#1760,1.);
#1760 = DIRECTION('',(2.775557561563E-17,-1.,0.));
#1761 = ORIENTED_EDGE('',*,*,#1762,.F.);
#1762 = EDGE_CURVE('',#1763,#1755,#1765,.T.);
#1763 = VERTEX_POINT('',#1764);
#1764 = CARTESIAN_POINT('',(0.401370885065,16.355863566393,2.));
#1765 = LINE('',#1766,#1767);
#1766 = CARTESIAN_POINT('',(0.401370885065,16.355863566393,2.));
#1767 = VECTOR('',#1768,1.);
#1768 = DIRECTION('',(-1.,-1.679212324746E-15,0.));
#1769 = ORIENTED_EDGE('',*,*,#1770,.F.);
#1770 = EDGE_CURVE('',#1747,#1763,#1771,.T.);
#1771 = LINE('',#1772,#1773);
#1772 = CARTESIAN_POINT('',(0.401370885065,14.349009141069,2.));
#1773 = VECTOR('',#1774,1.);
#1774 = DIRECTION('',(2.775557561563E-17,1.,0.));
#1775 = FACE_BOUND('',#1776,.T.);
#1776 = EDGE_LOOP('',(#1777));
#1777 = ORIENTED_EDGE('',*,*,#1778,.T.);
#1778 = EDGE_CURVE('',#1779,#1779,#1781,.T.);
#1779 = VERTEX_POINT('',#1780);
#1780 = CARTESIAN_POINT('',(-4.688772804389,18.515545079441,2.));
#1781 = CIRCLE('',#1782,1.1);
#1782 = AXIS2_PLACEMENT_3D('',#1783,#1784,#1785);
#1783 = CARTESIAN_POINT('',(-4.418738768534,17.449204786908,2.));
#1784 = DIRECTION('',(0.,0.,-1.));
#1785 = DIRECTION('',(-0.245485487141,0.969400265939,0.));
#1786 = FACE_BOUND('',#1787,.T.);
#1787 = EDGE_LOOP('',(#1788));
#1788 = ORIENTED_EDGE('',*,*,#1789,.T.);
#1789 = EDGE_CURVE('',#1790,#1790,#1792,.T.);
#1790 = VERTEX_POINT('',#1791);
#1791 = CARTESIAN_POINT('',(-1.577265498522,19.034763816427,2.));
#1792 = CIRCLE('',#1793,1.1);
#1793 = AXIS2_PLACEMENT_3D('',#1794,#1795,#1796);
#1794 = CARTESIAN_POINT('',(-1.486428218502,17.93852087412,2.));
#1795 = DIRECTION('',(0.,0.,-1.));
#1796 = DIRECTION('',(-8.257934547233E-02,0.996584493007,0.));
#1797 = FACE_BOUND('',#1798,.T.);
#1798 = EDGE_LOOP('',(#1799,#1809,#1817,#1825,#1833,#1841,#1849,#1857,
    #1865,#1873,#1881,#1889,#1897,#1905,#1913,#1921,#1929,#1937,#1945,
    #1953,#1961,#1969,#1977,#1985));
#1799 = ORIENTED_EDGE('',*,*,#1800,.F.);
#1800 = EDGE_CURVE('',#1801,#1803,#1805,.T.);
#1801 = VERTEX_POINT('',#1802);
#1802 = CARTESIAN_POINT('',(14.26685505502,1.584931783046,2.));
#1803 = VERTEX_POINT('',#1804);
#1804 = CARTESIAN_POINT('',(14.312245741803,1.037147657165,2.));
#1805 = LINE('',#1806,#1807);
#1806 = CARTESIAN_POINT('',(14.26685505502,1.584931783046,2.));
#1807 = VECTOR('',#1808,1.);
#1808 = DIRECTION('',(8.257934547233E-02,-0.996584493007,0.));
#1809 = ORIENTED_EDGE('',*,*,#1810,.F.);
#1810 = EDGE_CURVE('',#1811,#1801,#1813,.T.);
#1811 = VERTEX_POINT('',#1812);
#1812 = CARTESIAN_POINT('',(16.26685505502,1.750656507947,2.));
#1813 = LINE('',#1814,#1815);
#1814 = CARTESIAN_POINT('',(16.26685505502,1.750656507947,2.));
#1815 = VECTOR('',#1816,1.);
#1816 = DIRECTION('',(-0.996584493007,-8.257934547233E-02,0.));
#1817 = ORIENTED_EDGE('',*,*,#1818,.F.);
#1818 = EDGE_CURVE('',#1819,#1811,#1821,.T.);
#1819 = VERTEX_POINT('',#1820);
#1820 = CARTESIAN_POINT('',(16.294767822156,1.413799504222,2.));
#1821 = LINE('',#1822,#1823);
#1822 = CARTESIAN_POINT('',(16.33314494498,0.950656507947,2.));
#1823 = VECTOR('',#1824,1.);
#1824 = DIRECTION('',(-8.257934547233E-02,0.996584493007,0.));
#1825 = ORIENTED_EDGE('',*,*,#1826,.F.);
#1826 = EDGE_CURVE('',#1827,#1819,#1829,.T.);
#1827 = VERTEX_POINT('',#1828);
#1828 = CARTESIAN_POINT('',(16.299561373,1.414097110402,2.));
#1829 = LINE('',#1830,#1831);
#1830 = CARTESIAN_POINT('',(16.299561373,1.414097110402,2.));
#1831 = VECTOR('',#1832,1.);
#1832 = DIRECTION('',(-0.998078298466,-6.196539462859E-02,0.));
#1833 = ORIENTED_EDGE('',*,*,#1834,.F.);
#1834 = EDGE_CURVE('',#1835,#1827,#1837,.T.);
#1835 = VERTEX_POINT('',#1836);
#1836 = CARTESIAN_POINT('',(16.313958432965,1.182203273552,2.));
#1837 = LINE('',#1838,#1839);
#1838 = CARTESIAN_POINT('',(16.349303583571,0.612897970364,2.));
#1839 = VECTOR('',#1840,1.);
#1840 = DIRECTION('',(-6.19653946286E-02,0.998078298466,0.));
#1841 = ORIENTED_EDGE('',*,*,#1842,.F.);
#1842 = EDGE_CURVE('',#1843,#1835,#1845,.T.);
#1843 = VERTEX_POINT('',#1844);
#1844 = CARTESIAN_POINT('',(16.322690283414,1.076825509858,2.));
#1845 = LINE('',#1846,#1847);
#1846 = CARTESIAN_POINT('',(16.33314494498,0.950656507947,2.));
#1847 = VECTOR('',#1848,1.);
#1848 = DIRECTION('',(-8.257934547233E-02,0.996584493007,0.));
#1849 = ORIENTED_EDGE('',*,*,#1850,.F.);
#1850 = EDGE_CURVE('',#1851,#1843,#1853,.T.);
#1851 = VERTEX_POINT('',#1852);
#1852 = CARTESIAN_POINT('',(16.325305065633,1.076933658051,2.));
#1853 = LINE('',#1854,#1855);
#1854 = CARTESIAN_POINT('',(16.325305065633,1.076933658051,2.));
#1855 = VECTOR('',#1856,1.);
#1856 = DIRECTION('',(-0.999145758387,-4.132497424881E-02,0.));
#1857 = ORIENTED_EDGE('',*,*,#1858,.F.);
#1858 = EDGE_CURVE('',#1859,#1851,#1861,.T.);
#1859 = VERTEX_POINT('',#1860);
#1860 = CARTESIAN_POINT('',(16.327919847853,1.013714052687,2.));
#1861 = LINE('',#1862,#1863);
#1862 = CARTESIAN_POINT('',(16.358478348612,0.274877623346,2.));
#1863 = VECTOR('',#1864,1.);
#1864 = DIRECTION('',(-4.132497424881E-02,0.999145758387,0.));
#1865 = ORIENTED_EDGE('',*,*,#1866,.F.);
#1866 = EDGE_CURVE('',#1867,#1859,#1869,.T.);
#1867 = VERTEX_POINT('',#1868);
#1868 = CARTESIAN_POINT('',(16.33314494498,0.950656507947,2.));
#1869 = LINE('',#1870,#1871);
#1870 = CARTESIAN_POINT('',(16.33314494498,0.950656507947,2.));
#1871 = VECTOR('',#1872,1.);
#1872 = DIRECTION('',(-8.257934547233E-02,0.996584493007,0.));
#1873 = ORIENTED_EDGE('',*,*,#1874,.F.);
#1874 = EDGE_CURVE('',#1875,#1867,#1877,.T.);
#1875 = VERTEX_POINT('',#1876);
#1876 = CARTESIAN_POINT('',(16.330536865638,0.950440396332,2.));
#1877 = LINE('',#1878,#1879);
#1878 = CARTESIAN_POINT('',(14.33314494498,0.784931783046,2.));
#1879 = VECTOR('',#1880,1.);
#1880 = DIRECTION('',(0.996584493007,8.257934547233E-02,0.));
#1881 = ORIENTED_EDGE('',*,*,#1882,.F.);
#1882 = EDGE_CURVE('',#1883,#1875,#1885,.T.);
#1883 = VERTEX_POINT('',#1884);
#1884 = CARTESIAN_POINT('',(16.334906523606,0.844791807214,2.));
#1885 = LINE('',#1886,#1887);
#1886 = CARTESIAN_POINT('',(16.358478348612,0.274877623346,2.));
#1887 = VECTOR('',#1888,1.);
#1888 = DIRECTION('',(-4.132497424881E-02,0.999145758387,0.));
#1889 = ORIENTED_EDGE('',*,*,#1890,.F.);
#1890 = EDGE_CURVE('',#1891,#1883,#1893,.T.);
#1891 = VERTEX_POINT('',#1892);
#1892 = CARTESIAN_POINT('',(16.341458677245,0.739256090152,2.));
#1893 = LINE('',#1894,#1895);
#1894 = CARTESIAN_POINT('',(16.349303583571,0.612897970364,2.));
#1895 = VECTOR('',#1896,1.);
#1896 = DIRECTION('',(-6.19653946286E-02,0.998078298466,0.));
#1897 = ORIENTED_EDGE('',*,*,#1898,.F.);
#1898 = EDGE_CURVE('',#1899,#1891,#1901,.T.);
#1899 = VERTEX_POINT('',#1900);
#1900 = CARTESIAN_POINT('',(16.344075136079,0.7393101758,2.));
#1901 = LINE('',#1902,#1903);
#1902 = CARTESIAN_POINT('',(16.344075136079,0.7393101758,2.));
#1903 = VECTOR('',#1904,1.);
#1904 = DIRECTION('',(-0.999786416788,-2.066690122755E-02,0.));
#1905 = ORIENTED_EDGE('',*,*,#1906,.F.);
#1906 = EDGE_CURVE('',#1907,#1899,#1909,.T.);
#1907 = VERTEX_POINT('',#1908);
#1908 = CARTESIAN_POINT('',(16.345382806485,0.676050033636,2.));
#1909 = LINE('',#1910,#1911);
#1910 = CARTESIAN_POINT('',(16.360665320954,-6.3260142164E-02,2.));
#1911 = VECTOR('',#1912,1.);
#1912 = DIRECTION('',(-2.066690122756E-02,0.999786416788,0.));
#1913 = ORIENTED_EDGE('',*,*,#1914,.F.);
#1914 = EDGE_CURVE('',#1915,#1907,#1917,.T.);
#1915 = VERTEX_POINT('',#1916);
#1916 = CARTESIAN_POINT('',(16.349303583571,0.612897970364,2.));
#1917 = LINE('',#1918,#1919);
#1918 = CARTESIAN_POINT('',(16.349303583571,0.612897970364,2.));
#1919 = VECTOR('',#1920,1.);
#1920 = DIRECTION('',(-6.19653946286E-02,0.998078298466,0.));
#1921 = ORIENTED_EDGE('',*,*,#1922,.F.);
#1922 = EDGE_CURVE('',#1923,#1915,#1925,.T.);
#1923 = VERTEX_POINT('',#1924);
#1924 = CARTESIAN_POINT('',(16.346691594913,0.612735805824,2.));
#1925 = LINE('',#1926,#1927);
#1926 = CARTESIAN_POINT('',(14.346305733474,0.488542443936,2.));
#1927 = VECTOR('',#1928,1.);
#1928 = DIRECTION('',(0.998078298466,6.196539462859E-02,0.));
#1929 = ORIENTED_EDGE('',*,*,#1930,.F.);
#1930 = EDGE_CURVE('',#1931,#1923,#1933,.T.);
#1931 = VERTEX_POINT('',#1932);
#1932 = CARTESIAN_POINT('',(16.34887689064,0.507019474182,2.));
#1933 = LINE('',#1934,#1935);
#1934 = CARTESIAN_POINT('',(16.360665320954,-6.3260142164E-02,2.));
#1935 = VECTOR('',#1936,1.);
#1936 = DIRECTION('',(-2.066690122756E-02,0.999786416788,0.));
#1937 = ORIENTED_EDGE('',*,*,#1938,.F.);
#1938 = EDGE_CURVE('',#1939,#1931,#1941,.T.);
#1939 = VERTEX_POINT('',#1940);
#1940 = CARTESIAN_POINT('',(16.358478348612,0.274877623346,2.));
#1941 = LINE('',#1942,#1943);
#1942 = CARTESIAN_POINT('',(16.358478348612,0.274877623346,2.));
#1943 = VECTOR('',#1944,1.);
#1944 = DIRECTION('',(-4.132497424881E-02,0.999145758387,0.));
#1945 = ORIENTED_EDGE('',*,*,#1946,.F.);
#1946 = EDGE_CURVE('',#1947,#1939,#1949,.T.);
#1947 = VERTEX_POINT('',#1948);
#1948 = CARTESIAN_POINT('',(16.353679670993,0.274679148571,2.));
#1949 = LINE('',#1950,#1951);
#1950 = CARTESIAN_POINT('',(14.353338261849,0.191944415898,2.));
#1951 = VECTOR('',#1952,1.);
#1952 = DIRECTION('',(0.999145758387,4.132497424881E-02,0.));
#1953 = ORIENTED_EDGE('',*,*,#1954,.F.);
#1954 = EDGE_CURVE('',#1955,#1947,#1957,.T.);
#1955 = VERTEX_POINT('',#1956);
#1956 = CARTESIAN_POINT('',(16.360665320954,-6.3260142164E-02,2.));
#1957 = LINE('',#1958,#1959);
#1958 = CARTESIAN_POINT('',(16.360665320954,-6.3260142164E-02,2.));
#1959 = VECTOR('',#1960,1.);
#1960 = DIRECTION('',(-2.066690122756E-02,0.999786416788,0.));
#1961 = ORIENTED_EDGE('',*,*,#1962,.F.);
#1962 = EDGE_CURVE('',#1963,#1955,#1965,.T.);
#1963 = VERTEX_POINT('',#1964);
#1964 = CARTESIAN_POINT('',(14.354239526044,-0.10473560435,2.));
#1965 = LINE('',#1966,#1967);
#1966 = CARTESIAN_POINT('',(14.354239526044,-0.10473560435,2.));
#1967 = VECTOR('',#1968,1.);
#1968 = DIRECTION('',(0.999786416788,2.066690122755E-02,0.));
#1969 = ORIENTED_EDGE('',*,*,#1970,.F.);
#1970 = EDGE_CURVE('',#1971,#1963,#1973,.T.);
#1971 = VERTEX_POINT('',#1972);
#1972 = CARTESIAN_POINT('',(14.342879726144,0.444808495755,2.));
#1973 = LINE('',#1974,#1975);
#1974 = CARTESIAN_POINT('',(14.337649341169,0.697834713614,2.));
#1975 = VECTOR('',#1976,1.);
#1976 = DIRECTION('',(2.066690122756E-02,-0.999786416788,0.));
#1977 = ORIENTED_EDGE('',*,*,#1978,.F.);
#1978 = EDGE_CURVE('',#1979,#1971,#1981,.T.);
#1979 = VERTEX_POINT('',#1980);
#1980 = CARTESIAN_POINT('',(14.330623514575,0.741136370747,2.));
#1981 = LINE('',#1982,#1983);
#1982 = CARTESIAN_POINT('',(14.32016497887,0.994000450603,2.));
#1983 = VECTOR('',#1984,1.);
#1984 = DIRECTION('',(4.132497424881E-02,-0.999145758387,0.));
#1985 = ORIENTED_EDGE('',*,*,#1986,.F.);
#1986 = EDGE_CURVE('',#1803,#1979,#1987,.T.);
#1987 = LINE('',#1988,#1989);
#1988 = CARTESIAN_POINT('',(14.296563522904,1.289741583975,2.));
#1989 = VECTOR('',#1990,1.);
#1990 = DIRECTION('',(6.19653946286E-02,-0.998078298466,0.));
#1991 = FACE_BOUND('',#1992,.T.);
#1992 = EDGE_LOOP('',(#1993));
#1993 = ORIENTED_EDGE('',*,*,#1994,.T.);
#1994 = EDGE_CURVE('',#1995,#1995,#1997,.T.);
#1995 = VERTEX_POINT('',#1996);
#1996 = CARTESIAN_POINT('',(19.1,0.,2.));
#1997 = CIRCLE('',#1998,1.1);
#1998 = AXIS2_PLACEMENT_3D('',#1999,#2000,#2001);
#1999 = CARTESIAN_POINT('',(18.,0.,2.));
#2000 = DIRECTION('',(0.,0.,-1.));
#2001 = DIRECTION('',(1.,0.,0.));
#2002 = FACE_BOUND('',#2003,.T.);
#2003 = EDGE_LOOP('',(#2004,#2014,#2022,#2030));
#2004 = ORIENTED_EDGE('',*,*,#2005,.F.);
#2005 = EDGE_CURVE('',#2006,#2008,#2010,.T.);
#2006 = VERTEX_POINT('',#2007);
#2007 = CARTESIAN_POINT('',(13.811402550074,3.911562541705,2.));
#2008 = VERTEX_POINT('',#2009);
#2009 = CARTESIAN_POINT('',(14.008464004562,3.133384456261,2.));
#2010 = LINE('',#2011,#2012);
#2011 = CARTESIAN_POINT('',(13.811402550074,3.911562541705,2.));
#2012 = VECTOR('',#2013,1.);
#2013 = DIRECTION('',(0.245485487141,-0.969400265939,0.));
#2014 = ORIENTED_EDGE('',*,*,#2015,.F.);
#2015 = EDGE_CURVE('',#2016,#2006,#2018,.T.);
#2016 = VERTEX_POINT('',#2017);
#2017 = CARTESIAN_POINT('',(15.756847763684,4.404216177927,2.));
#2018 = LINE('',#2019,#2020);
#2019 = CARTESIAN_POINT('',(15.756847763684,4.404216177927,2.));
#2020 = VECTOR('',#2021,1.);
#2021 = DIRECTION('',(-0.969400265939,-0.245485487141,0.));
#2022 = ORIENTED_EDGE('',*,*,#2023,.F.);
#2023 = EDGE_CURVE('',#2024,#2016,#2026,.T.);
#2024 = VERTEX_POINT('',#2025);
#2025 = CARTESIAN_POINT('',(15.953909218173,3.626038092482,2.));
#2026 = LINE('',#2027,#2028);
#2027 = CARTESIAN_POINT('',(15.953909218173,3.626038092482,2.));
#2028 = VECTOR('',#2029,1.);
#2029 = DIRECTION('',(-0.245485487141,0.969400265939,0.));
#2030 = ORIENTED_EDGE('',*,*,#2031,.F.);
#2031 = EDGE_CURVE('',#2008,#2024,#2032,.T.);
#2032 = LINE('',#2033,#2034);
#2033 = CARTESIAN_POINT('',(14.008464004562,3.133384456261,2.));
#2034 = VECTOR('',#2035,1.);
#2035 = DIRECTION('',(0.969400265939,0.245485487141,0.));
#2036 = FACE_BOUND('',#2037,.T.);
#2037 = EDGE_LOOP('',(#2038));
#2038 = ORIENTED_EDGE('',*,*,#2039,.T.);
#2039 = EDGE_CURVE('',#2040,#2040,#2042,.T.);
#2040 = VERTEX_POINT('',#2041);
#2041 = CARTESIAN_POINT('',(18.839500894992,3.143756674362,2.));
#2042 = CIRCLE('',#2043,1.1);
#2043 = AXIS2_PLACEMENT_3D('',#2044,#2045,#2046);
#2044 = CARTESIAN_POINT('',(17.754503461249,2.962702625053,2.));
#2045 = DIRECTION('',(0.,0.,-1.));
#2046 = DIRECTION('',(0.986361303403,0.164594590281,0.));
#2047 = FACE_BOUND('',#2048,.T.);
#2048 = EDGE_LOOP('',(#2049,#2059,#2067,#2075));
#2049 = ORIENTED_EDGE('',*,*,#2050,.F.);
#2050 = EDGE_CURVE('',#2051,#2053,#2055,.T.);
#2051 = VERTEX_POINT('',#2052);
#2052 = CARTESIAN_POINT('',(12.979210987201,6.131496070909,2.));
#2053 = VERTEX_POINT('',#2054);
#2054 = CARTESIAN_POINT('',(13.30166868344,5.396366569633,2.));
#2055 = LINE('',#2056,#2057);
#2056 = CARTESIAN_POINT('',(12.979210987201,6.131496070909,2.));
#2057 = VECTOR('',#2058,1.);
#2058 = DIRECTION('',(0.401695424653,-0.915773326655,0.));
#2059 = ORIENTED_EDGE('',*,*,#2060,.F.);
#2060 = EDGE_CURVE('',#2061,#2051,#2063,.T.);
#2061 = VERTEX_POINT('',#2062);
#2062 = CARTESIAN_POINT('',(14.817034740392,6.937640311507,2.));
#2063 = LINE('',#2064,#2065);
#2064 = CARTESIAN_POINT('',(14.817034740392,6.937640311507,2.));
#2065 = VECTOR('',#2066,1.);
#2066 = DIRECTION('',(-0.915773326655,-0.401695424653,0.));
#2067 = ORIENTED_EDGE('',*,*,#2068,.F.);
#2068 = EDGE_CURVE('',#2069,#2061,#2071,.T.);
#2069 = VERTEX_POINT('',#2070);
#2070 = CARTESIAN_POINT('',(15.139492436631,6.20251081023,2.));
#2071 = LINE('',#2072,#2073);
#2072 = CARTESIAN_POINT('',(15.139492436631,6.20251081023,2.));
#2073 = VECTOR('',#2074,1.);
#2074 = DIRECTION('',(-0.401695424653,0.915773326655,0.));
#2075 = ORIENTED_EDGE('',*,*,#2076,.F.);
#2076 = EDGE_CURVE('',#2053,#2069,#2077,.T.);
#2077 = LINE('',#2078,#2079);
#2078 = CARTESIAN_POINT('',(13.30166868344,5.396366569633,2.));
#2079 = VECTOR('',#2080,1.);
#2080 = DIRECTION('',(0.915773326655,0.401695424653,0.));
#2081 = FACE_BOUND('',#2082,.T.);
#2082 = EDGE_LOOP('',(#2083,#2093,#2101,#2109));
#2083 = ORIENTED_EDGE('',*,*,#2084,.F.);
#2084 = EDGE_CURVE('',#2085,#2087,#2089,.T.);
#2085 = VERTEX_POINT('',#2086);
#2086 = CARTESIAN_POINT('',(11.792980382875,8.184178370916,2.));
#2087 = VERTEX_POINT('',#2088);
#2088 = CARTESIAN_POINT('',(12.232038515495,7.512149870263,2.));
#2089 = LINE('',#2090,#2091);
#2090 = CARTESIAN_POINT('',(11.792980382875,8.184178370916,2.));
#2091 = VECTOR('',#2092,1.);
#2092 = DIRECTION('',(0.546948158122,-0.837166478263,0.));
#2093 = ORIENTED_EDGE('',*,*,#2094,.F.);
#2094 = EDGE_CURVE('',#2095,#2085,#2097,.T.);
#2095 = VERTEX_POINT('',#2096);
#2096 = CARTESIAN_POINT('',(13.473051634509,9.281823702467,2.));
#2097 = LINE('',#2098,#2099);
#2098 = CARTESIAN_POINT('',(13.473051634509,9.281823702467,2.));
#2099 = VECTOR('',#2100,1.);
#2100 = DIRECTION('',(-0.837166478263,-0.546948158122,0.));
#2101 = ORIENTED_EDGE('',*,*,#2102,.F.);
#2102 = EDGE_CURVE('',#2103,#2095,#2105,.T.);
#2103 = VERTEX_POINT('',#2104);
#2104 = CARTESIAN_POINT('',(13.91210976713,8.609795201813,2.));
#2105 = LINE('',#2106,#2107);
#2106 = CARTESIAN_POINT('',(13.91210976713,8.609795201813,2.));
#2107 = VECTOR('',#2108,1.);
#2108 = DIRECTION('',(-0.546948158122,0.837166478263,0.));
#2109 = ORIENTED_EDGE('',*,*,#2110,.F.);
#2110 = EDGE_CURVE('',#2087,#2103,#2111,.T.);
#2111 = LINE('',#2112,#2113);
#2112 = CARTESIAN_POINT('',(12.232038515495,7.512149870263,2.));
#2113 = VECTOR('',#2114,1.);
#2114 = DIRECTION('',(0.837166478263,0.546948158122,0.));
#2115 = FACE_BOUND('',#2116,.T.);
#2116 = EDGE_LOOP('',(#2117));
#2117 = ORIENTED_EDGE('',*,*,#2118,.T.);
#2118 = EDGE_CURVE('',#2119,#2119,#2121,.T.);
#2119 = VERTEX_POINT('',#2120);
#2120 = CARTESIAN_POINT('',(18.065109316482,6.201759861809,2.));
#2121 = CIRCLE('',#2122,1.1);
#2122 = AXIS2_PLACEMENT_3D('',#2123,#2124,#2125);
#2123 = CARTESIAN_POINT('',(17.024710350611,5.844590445684,2.));
#2124 = DIRECTION('',(0.,0.,-1.));
#2125 = DIRECTION('',(0.945817241701,0.324699469205,0.));
#2126 = FACE_BOUND('',#2127,.T.);
#2127 = EDGE_LOOP('',(#2128));
#2128 = ORIENTED_EDGE('',*,*,#2129,.T.);
#2129 = EDGE_CURVE('',#2130,#2130,#2132,.T.);
#2130 = VERTEX_POINT('',#2131);
#2131 = CARTESIAN_POINT('',(16.797948648044,9.090595207008,2.));
#2132 = CIRCLE('',#2133,1.1);
#2133 = AXIS2_PLACEMENT_3D('',#2134,#2135,#2136);
#2134 = CARTESIAN_POINT('',(15.830527521717,8.567053074667,2.));
#2135 = DIRECTION('',(0.,0.,-1.));
#2136 = DIRECTION('',(0.879473751206,0.475947393037,0.));
#2137 = FACE_BOUND('',#2138,.T.);
#2138 = EDGE_LOOP('',(#2139,#2149,#2157,#2165));
#2139 = ORIENTED_EDGE('',*,*,#2140,.F.);
#2140 = EDGE_CURVE('',#2141,#2143,#2145,.T.);
#2141 = VERTEX_POINT('',#2142);
#2142 = CARTESIAN_POINT('',(8.496605804248,11.569911483027,2.));
#2143 = VERTEX_POINT('',#2144);
#2144 = CARTESIAN_POINT('',(9.130081853642,11.076857282806,2.));
#2145 = LINE('',#2146,#2147);
#2146 = CARTESIAN_POINT('',(8.496605804248,11.569911483027,2.));
#2147 = VECTOR('',#2148,1.);
#2148 = DIRECTION('',(0.789140509396,-0.61421271269,0.));
#2149 = ORIENTED_EDGE('',*,*,#2150,.F.);
#2150 = EDGE_CURVE('',#2151,#2141,#2153,.T.);
#2151 = VERTEX_POINT('',#2152);
#2152 = CARTESIAN_POINT('',(9.729241304799,13.153601606512,2.));
#2153 = LINE('',#2154,#2155);
#2154 = CARTESIAN_POINT('',(9.729241304799,13.153601606512,2.));
#2155 = VECTOR('',#2156,1.);
#2156 = DIRECTION('',(-0.61421271269,-0.789140509396,0.));
#2157 = ORIENTED_EDGE('',*,*,#2158,.F.);
#2158 = EDGE_CURVE('',#2159,#2151,#2161,.T.);
#2159 = VERTEX_POINT('',#2160);
#2160 = CARTESIAN_POINT('',(10.362717354193,12.660547406291,2.));
#2161 = LINE('',#2162,#2163);
#2162 = CARTESIAN_POINT('',(10.362717354193,12.660547406291,2.));
#2163 = VECTOR('',#2164,1.);
#2164 = DIRECTION('',(-0.789140509396,0.61421271269,0.));
#2165 = ORIENTED_EDGE('',*,*,#2166,.F.);
#2166 = EDGE_CURVE('',#2143,#2159,#2167,.T.);
#2167 = LINE('',#2168,#2169);
#2168 = CARTESIAN_POINT('',(9.130081853642,11.076857282806,2.));
#2169 = VECTOR('',#2170,1.);
#2170 = DIRECTION('',(0.61421271269,0.789140509396,0.));
#2171 = FACE_BOUND('',#2172,.T.);
#2172 = EDGE_LOOP('',(#2173,#2183,#2191,#2199));
#2173 = ORIENTED_EDGE('',*,*,#2174,.F.);
#2174 = EDGE_CURVE('',#2175,#2177,#2179,.T.);
#2175 = VERTEX_POINT('',#2176);
#2176 = CARTESIAN_POINT('',(6.476378335444,12.810608321779,2.));
#2177 = VERTEX_POINT('',#2178);
#2178 = CARTESIAN_POINT('',(7.18236865127,12.428545469004,2.));
#2179 = LINE('',#2180,#2181);
#2180 = CARTESIAN_POINT('',(6.476378335444,12.810608321779,2.));
#2181 = VECTOR('',#2182,1.);
#2182 = DIRECTION('',(0.879473751206,-0.475947393037,0.));
#2183 = ORIENTED_EDGE('',*,*,#2184,.F.);
#2184 = EDGE_CURVE('',#2185,#2175,#2187,.T.);
#2185 = VERTEX_POINT('',#2186);
#2186 = CARTESIAN_POINT('',(7.431535467382,14.575584111345,2.));
#2187 = LINE('',#2188,#2189);
#2188 = CARTESIAN_POINT('',(7.431535467382,14.575584111345,2.));
#2189 = VECTOR('',#2190,1.);
#2190 = DIRECTION('',(-0.475947393037,-0.879473751206,0.));
#2191 = ORIENTED_EDGE('',*,*,#2192,.F.);
#2192 = EDGE_CURVE('',#2193,#2185,#2195,.T.);
#2193 = VERTEX_POINT('',#2194);
#2194 = CARTESIAN_POINT('',(8.137525783208,14.19352125857,2.));
#2195 = LINE('',#2196,#2197);
#2196 = CARTESIAN_POINT('',(8.137525783208,14.19352125857,2.));
#2197 = VECTOR('',#2198,1.);
#2198 = DIRECTION('',(-0.879473751206,0.475947393037,0.));
#2199 = ORIENTED_EDGE('',*,*,#2200,.F.);
#2200 = EDGE_CURVE('',#2177,#2193,#2201,.T.);
#2201 = LINE('',#2202,#2203);
#2202 = CARTESIAN_POINT('',(7.18236865127,12.428545469004,2.));
#2203 = VECTOR('',#2204,1.);
#2204 = DIRECTION('',(0.475947393037,0.879473751206,0.));
#2205 = FACE_BOUND('',#2206,.T.);
#2206 = EDGE_LOOP('',(#2207,#2217,#2225,#2233));
#2207 = ORIENTED_EDGE('',*,*,#2208,.F.);
#2208 = EDGE_CURVE('',#2209,#2211,#2213,.T.);
#2209 = VERTEX_POINT('',#2210);
#2210 = CARTESIAN_POINT('',(1.965872571168,14.2193708353,2.));
#2211 = VERTEX_POINT('',#2212);
#2212 = CARTESIAN_POINT('',(2.757665989849,14.087243882544,2.));
#2213 = LINE('',#2214,#2215);
#2214 = CARTESIAN_POINT('',(1.965872571168,14.2193708353,2.));
#2215 = VECTOR('',#2216,1.);
#2216 = DIRECTION('',(0.986361303403,-0.164594590281,0.));
#2217 = ORIENTED_EDGE('',*,*,#2218,.F.);
#2218 = EDGE_CURVE('',#2219,#2209,#2221,.T.);
#2219 = VERTEX_POINT('',#2220);
#2220 = CARTESIAN_POINT('',(2.296189953058,16.198854382002,2.));
#2221 = LINE('',#2222,#2223);
#2222 = CARTESIAN_POINT('',(2.296189953058,16.198854382002,2.));
#2223 = VECTOR('',#2224,1.);
#2224 = DIRECTION('',(-0.164594590281,-0.986361303403,0.));
#2225 = ORIENTED_EDGE('',*,*,#2226,.F.);
#2226 = EDGE_CURVE('',#2227,#2219,#2229,.T.);
#2227 = VERTEX_POINT('',#2228);
#2228 = CARTESIAN_POINT('',(3.087983371739,16.066727429247,2.));
#2229 = LINE('',#2230,#2231);
#2230 = CARTESIAN_POINT('',(3.087983371739,16.066727429247,2.));
#2231 = VECTOR('',#2232,1.);
#2232 = DIRECTION('',(-0.986361303403,0.164594590281,0.));
#2233 = ORIENTED_EDGE('',*,*,#2234,.F.);
#2234 = EDGE_CURVE('',#2211,#2227,#2235,.T.);
#2235 = LINE('',#2236,#2237);
#2236 = CARTESIAN_POINT('',(2.757665989849,14.087243882544,2.));
#2237 = VECTOR('',#2238,1.);
#2238 = DIRECTION('',(0.164594590281,0.986361303403,0.));
#2239 = FACE_BOUND('',#2240,.T.);
#2240 = EDGE_LOOP('',(#2241));
#2241 = ORIENTED_EDGE('',*,*,#2242,.T.);
#2242 = EDGE_CURVE('',#2243,#2243,#2245,.T.);
#2243 = VERTEX_POINT('',#2244);
#2244 = CARTESIAN_POINT('',(1.577265498522,19.034763816427,2.));
#2245 = CIRCLE('',#2246,1.1);
#2246 = AXIS2_PLACEMENT_3D('',#2247,#2248,#2249);
#2247 = CARTESIAN_POINT('',(1.486428218502,17.93852087412,2.));
#2248 = DIRECTION('',(0.,0.,-1.));
#2249 = DIRECTION('',(8.257934547233E-02,0.996584493007,0.));
#2250 = FACE_BOUND('',#2251,.T.);
#2251 = EDGE_LOOP('',(#2252));
#2252 = ORIENTED_EDGE('',*,*,#2253,.T.);
#2253 = EDGE_CURVE('',#2254,#2254,#2256,.T.);
#2254 = VERTEX_POINT('',#2255);
#2255 = CARTESIAN_POINT('',(4.688772804389,18.515545079441,2.));
#2256 = CIRCLE('',#2257,1.1);
#2257 = AXIS2_PLACEMENT_3D('',#2258,#2259,#2260);
#2258 = CARTESIAN_POINT('',(4.418738768534,17.449204786908,2.));
#2259 = DIRECTION('',(0.,0.,-1.));
#2260 = DIRECTION('',(0.245485487141,0.969400265939,0.));
#2261 = FACE_BOUND('',#2262,.T.);
#2262 = EDGE_LOOP('',(#2263,#2273,#2281,#2289));
#2263 = ORIENTED_EDGE('',*,*,#2264,.F.);
#2264 = EDGE_CURVE('',#2265,#2267,#2269,.T.);
#2265 = VERTEX_POINT('',#2266);
#2266 = CARTESIAN_POINT('',(4.279492148307,13.701865160278,2.));
#2267 = VERTEX_POINT('',#2268);
#2268 = CARTESIAN_POINT('',(5.038739155129,13.441215333608,2.));
#2269 = LINE('',#2270,#2271);
#2270 = CARTESIAN_POINT('',(4.279492148307,13.701865160278,2.));
#2271 = VECTOR('',#2272,1.);
#2272 = DIRECTION('',(0.945817241701,-0.324699469205,0.));
#2273 = ORIENTED_EDGE('',*,*,#2274,.F.);
#2274 = EDGE_CURVE('',#2275,#2265,#2277,.T.);
#2275 = VERTEX_POINT('',#2276);
#2276 = CARTESIAN_POINT('',(4.931116714981,15.599982677332,2.));
#2277 = LINE('',#2278,#2279);
#2278 = CARTESIAN_POINT('',(4.931116714981,15.599982677332,2.));
#2279 = VECTOR('',#2280,1.);
#2280 = DIRECTION('',(-0.324699469205,-0.945817241701,0.));
#2281 = ORIENTED_EDGE('',*,*,#2282,.F.);
#2282 = EDGE_CURVE('',#2283,#2275,#2285,.T.);
#2283 = VERTEX_POINT('',#2284);
#2284 = CARTESIAN_POINT('',(5.690363721803,15.339332850663,2.));
#2285 = LINE('',#2286,#2287);
#2286 = CARTESIAN_POINT('',(5.690363721803,15.339332850663,2.));
#2287 = VECTOR('',#2288,1.);
#2288 = DIRECTION('',(-0.945817241701,0.324699469205,0.));
#2289 = ORIENTED_EDGE('',*,*,#2290,.F.);
#2290 = EDGE_CURVE('',#2267,#2283,#2291,.T.);
#2291 = LINE('',#2292,#2293);
#2292 = CARTESIAN_POINT('',(5.038739155129,13.441215333608,2.));
#2293 = VECTOR('',#2294,1.);
#2294 = DIRECTION('',(0.324699469205,0.945817241701,0.));
#2295 = FACE_BOUND('',#2296,.T.);
#2296 = EDGE_LOOP('',(#2297));
#2297 = ORIENTED_EDGE('',*,*,#2298,.T.);
#2298 = EDGE_CURVE('',#2299,#2299,#2301,.T.);
#2299 = VERTEX_POINT('',#2300);
#2300 = CARTESIAN_POINT('',(7.672382610872,17.491270539112,2.));
#2301 = CIRCLE('',#2302,1.1);
#2302 = AXIS2_PLACEMENT_3D('',#2303,#2304,#2305);
#2303 = CARTESIAN_POINT('',(7.230517643753,16.483919879791,2.));
#2304 = DIRECTION('',(0.,0.,-1.));
#2305 = DIRECTION('',(0.401695424653,0.915773326655,0.));
#2306 = FACE_BOUND('',#2307,.T.);
#2307 = EDGE_LOOP('',(#2308,#2318,#2326,#2334));
#2308 = ORIENTED_EDGE('',*,*,#2309,.F.);
#2309 = EDGE_CURVE('',#2310,#2312,#2314,.T.);
#2310 = VERTEX_POINT('',#2311);
#2311 = CARTESIAN_POINT('',(10.28506801571,10.013617619525,2.));
#2312 = VERTEX_POINT('',#2313);
#2313 = CARTESIAN_POINT('',(10.828750223393,9.423021305145,2.));
#2314 = LINE('',#2315,#2316);
#2315 = CARTESIAN_POINT('',(10.28506801571,10.013617619525,2.));
#2316 = VECTOR('',#2317,1.);
#2317 = DIRECTION('',(0.677281571626,-0.735723910673,0.));
#2318 = ORIENTED_EDGE('',*,*,#2319,.F.);
#2319 = EDGE_CURVE('',#2320,#2310,#2322,.T.);
#2320 = VERTEX_POINT('',#2321);
#2321 = CARTESIAN_POINT('',(11.761558801661,11.372823138733,2.));
#2322 = LINE('',#2323,#2324);
#2323 = CARTESIAN_POINT('',(11.761558801661,11.372823138733,2.));
#2324 = VECTOR('',#2325,1.);
#2325 = DIRECTION('',(-0.735723910673,-0.677281571626,0.));
#2326 = ORIENTED_EDGE('',*,*,#2327,.F.);
#2327 = EDGE_CURVE('',#2328,#2320,#2330,.T.);
#2328 = VERTEX_POINT('',#2329);
#2329 = CARTESIAN_POINT('',(12.305241009344,10.782226824353,2.));
#2330 = LINE('',#2331,#2332);
#2331 = CARTESIAN_POINT('',(12.305241009344,10.782226824353,2.));
#2332 = VECTOR('',#2333,1.);
#2333 = DIRECTION('',(-0.677281571626,0.735723910673,0.));
#2334 = ORIENTED_EDGE('',*,*,#2335,.F.);
#2335 = EDGE_CURVE('',#2312,#2328,#2336,.T.);
#2336 = LINE('',#2337,#2338);
#2337 = CARTESIAN_POINT('',(10.828750223393,9.423021305145,2.));
#2338 = VECTOR('',#2339,1.);
#2339 = DIRECTION('',(0.735723910673,0.677281571626,0.));
#2340 = FACE_BOUND('',#2341,.T.);
#2341 = EDGE_LOOP('',(#2342));
#2342 = ORIENTED_EDGE('',*,*,#2343,.T.);
#2343 = EDGE_CURVE('',#2344,#2344,#2346,.T.);
#2344 = VERTEX_POINT('',#2345);
#2345 = CARTESIAN_POINT('',(15.072583729471,11.731462812373,2.));
#2346 = CIRCLE('',#2347,1.1);
#2347 = AXIS2_PLACEMENT_3D('',#2348,#2349,#2350);
#2348 = CARTESIAN_POINT('',(14.204529169135,11.055828828414,2.));
#2349 = DIRECTION('',(0.,0.,-1.));
#2350 = DIRECTION('',(0.789140509396,0.61421271269,0.));
#2351 = FACE_BOUND('',#2352,.T.);
#2352 = EDGE_LOOP('',(#2353));
#2353 = ORIENTED_EDGE('',*,*,#2354,.T.);
#2354 = EDGE_CURVE('',#2355,#2355,#2357,.T.);
#2355 = VERTEX_POINT('',#2356);
#2356 = CARTESIAN_POINT('',(12.936078018052,14.052326693857,2.));
#2357 = CIRCLE('',#2358,1.1);
#2358 = AXIS2_PLACEMENT_3D('',#2359,#2360,#2361);
#2359 = CARTESIAN_POINT('',(12.191068289263,13.243030392116,2.));
#2360 = DIRECTION('',(0.,0.,-1.));
#2361 = DIRECTION('',(0.677281571626,0.735723910673,0.));
#2362 = FACE_BOUND('',#2363,.T.);
#2363 = EDGE_LOOP('',(#2364));
#2364 = ORIENTED_EDGE('',*,*,#2365,.T.);
#2365 = EDGE_CURVE('',#2366,#2366,#2368,.T.);
#2366 = VERTEX_POINT('',#2367);
#2367 = CARTESIAN_POINT('',(10.446709820138,15.989879734814,2.));
#2368 = CIRCLE('',#2369,1.1);
#2369 = AXIS2_PLACEMENT_3D('',#2370,#2371,#2372);
#2370 = CARTESIAN_POINT('',(9.845066846204,15.068996608726,2.));
#2371 = DIRECTION('',(0.,0.,-1.));
#2372 = DIRECTION('',(0.546948158122,0.837166478263,0.));
#2373 = PLANE('',#2374);
#2374 = AXIS2_PLACEMENT_3D('',#2375,#2376,#2377);
#2375 = CARTESIAN_POINT('',(-9.597474245049E-16,1.623166583418E-16,2.));
#2376 = DIRECTION('',(0.,0.,1.));
#2377 = DIRECTION('',(1.,0.,0.));
#2378 = ADVANCED_FACE('',(#2379),#2390,.F.);
#2379 = FACE_BOUND('',#2380,.T.);
#2380 = EDGE_LOOP('',(#2381,#2382,#2388,#2389));
#2381 = ORIENTED_EDGE('',*,*,#57,.F.);
#2382 = ORIENTED_EDGE('',*,*,#2383,.T.);
#2383 = EDGE_CURVE('',#58,#496,#2384,.T.);
#2384 = LINE('',#2385,#2386);
#2385 = CARTESIAN_POINT('',(-10.44670982013,-15.98987973481,0.));
#2386 = VECTOR('',#2387,1.);
#2387 = DIRECTION('',(0.,0.,1.));
#2388 = ORIENTED_EDGE('',*,*,#495,.F.);
#2389 = ORIENTED_EDGE('',*,*,#2383,.F.);
#2390 = CYLINDRICAL_SURFACE('',#2391,1.1);
#2391 = AXIS2_PLACEMENT_3D('',#2392,#2393,#2394);
#2392 = CARTESIAN_POINT('',(-9.845066846204,-15.06899660872,0.));
#2393 = DIRECTION('',(0.,0.,-1.));
#2394 = DIRECTION('',(-0.546948158122,-0.837166478263,0.));
#2395 = ADVANCED_FACE('',(#2396),#2407,.F.);
#2396 = FACE_BOUND('',#2397,.T.);
#2397 = EDGE_LOOP('',(#2398,#2399,#2405,#2406));
#2398 = ORIENTED_EDGE('',*,*,#68,.F.);
#2399 = ORIENTED_EDGE('',*,*,#2400,.T.);
#2400 = EDGE_CURVE('',#69,#507,#2401,.T.);
#2401 = LINE('',#2402,#2403);
#2402 = CARTESIAN_POINT('',(-12.93607801805,-14.05232669385,0.));
#2403 = VECTOR('',#2404,1.);
#2404 = DIRECTION('',(0.,0.,1.));
#2405 = ORIENTED_EDGE('',*,*,#506,.F.);
#2406 = ORIENTED_EDGE('',*,*,#2400,.F.);
#2407 = CYLINDRICAL_SURFACE('',#2408,1.1);
#2408 = AXIS2_PLACEMENT_3D('',#2409,#2410,#2411);
#2409 = CARTESIAN_POINT('',(-12.19106828926,-13.24303039211,0.));
#2410 = DIRECTION('',(0.,0.,-1.));
#2411 = DIRECTION('',(-0.677281571626,-0.735723910673,0.));
#2412 = ADVANCED_FACE('',(#2413),#2424,.F.);
#2413 = FACE_BOUND('',#2414,.T.);
#2414 = EDGE_LOOP('',(#2415,#2416,#2422,#2423));
#2415 = ORIENTED_EDGE('',*,*,#79,.F.);
#2416 = ORIENTED_EDGE('',*,*,#2417,.T.);
#2417 = EDGE_CURVE('',#80,#518,#2418,.T.);
#2418 = LINE('',#2419,#2420);
#2419 = CARTESIAN_POINT('',(-15.07258372947,-11.73146281237,0.));
#2420 = VECTOR('',#2421,1.);
#2421 = DIRECTION('',(0.,0.,1.));
#2422 = ORIENTED_EDGE('',*,*,#517,.F.);
#2423 = ORIENTED_EDGE('',*,*,#2417,.F.);
#2424 = CYLINDRICAL_SURFACE('',#2425,1.1);
#2425 = AXIS2_PLACEMENT_3D('',#2426,#2427,#2428);
#2426 = CARTESIAN_POINT('',(-14.20452916913,-11.05582882841,0.));
#2427 = DIRECTION('',(0.,0.,-1.));
#2428 = DIRECTION('',(-0.789140509396,-0.61421271269,0.));
#2429 = ADVANCED_FACE('',(#2430),#2441,.F.);
#2430 = FACE_BOUND('',#2431,.T.);
#2431 = EDGE_LOOP('',(#2432,#2433,#2439,#2440));
#2432 = ORIENTED_EDGE('',*,*,#90,.F.);
#2433 = ORIENTED_EDGE('',*,*,#2434,.T.);
#2434 = EDGE_CURVE('',#91,#563,#2435,.T.);
#2435 = LINE('',#2436,#2437);
#2436 = CARTESIAN_POINT('',(-7.672382610872,-17.49127053911,0.));
#2437 = VECTOR('',#2438,1.);
#2438 = DIRECTION('',(0.,0.,1.));
#2439 = ORIENTED_EDGE('',*,*,#562,.F.);
#2440 = ORIENTED_EDGE('',*,*,#2434,.F.);
#2441 = CYLINDRICAL_SURFACE('',#2442,1.1);
#2442 = AXIS2_PLACEMENT_3D('',#2443,#2444,#2445);
#2443 = CARTESIAN_POINT('',(-7.230517643753,-16.48391987979,0.));
#2444 = DIRECTION('',(0.,0.,-1.));
#2445 = DIRECTION('',(-0.401695424653,-0.915773326655,0.));
#2446 = ADVANCED_FACE('',(#2447),#2458,.F.);
#2447 = FACE_BOUND('',#2448,.T.);
#2448 = EDGE_LOOP('',(#2449,#2450,#2456,#2457));
#2449 = ORIENTED_EDGE('',*,*,#101,.F.);
#2450 = ORIENTED_EDGE('',*,*,#2451,.T.);
#2451 = EDGE_CURVE('',#102,#608,#2452,.T.);
#2452 = LINE('',#2453,#2454);
#2453 = CARTESIAN_POINT('',(-4.688772804389,-18.51554507944,0.));
#2454 = VECTOR('',#2455,1.);
#2455 = DIRECTION('',(0.,0.,1.));
#2456 = ORIENTED_EDGE('',*,*,#607,.F.);
#2457 = ORIENTED_EDGE('',*,*,#2451,.F.);
#2458 = CYLINDRICAL_SURFACE('',#2459,1.1);
#2459 = AXIS2_PLACEMENT_3D('',#2460,#2461,#2462);
#2460 = CARTESIAN_POINT('',(-4.418738768534,-17.4492047869,0.));
#2461 = DIRECTION('',(0.,0.,-1.));
#2462 = DIRECTION('',(-0.245485487141,-0.969400265939,0.));
#2463 = ADVANCED_FACE('',(#2464),#2475,.F.);
#2464 = FACE_BOUND('',#2465,.T.);
#2465 = EDGE_LOOP('',(#2466,#2467,#2473,#2474));
#2466 = ORIENTED_EDGE('',*,*,#112,.F.);
#2467 = ORIENTED_EDGE('',*,*,#2468,.T.);
#2468 = EDGE_CURVE('',#113,#619,#2469,.T.);
#2469 = LINE('',#2470,#2471);
#2470 = CARTESIAN_POINT('',(-1.577265498522,-19.03476381642,0.));
#2471 = VECTOR('',#2472,1.);
#2472 = DIRECTION('',(0.,0.,1.));
#2473 = ORIENTED_EDGE('',*,*,#618,.F.);
#2474 = ORIENTED_EDGE('',*,*,#2468,.F.);
#2475 = CYLINDRICAL_SURFACE('',#2476,1.1);
#2476 = AXIS2_PLACEMENT_3D('',#2477,#2478,#2479);
#2477 = CARTESIAN_POINT('',(-1.486428218502,-17.93852087412,0.));
#2478 = DIRECTION('',(0.,0.,-1.));
#2479 = DIRECTION('',(-8.257934547233E-02,-0.996584493007,0.));
#2480 = ADVANCED_FACE('',(#2481),#2492,.F.);
#2481 = FACE_BOUND('',#2482,.T.);
#2482 = EDGE_LOOP('',(#2483,#2484,#2490,#2491));
#2483 = ORIENTED_EDGE('',*,*,#123,.F.);
#2484 = ORIENTED_EDGE('',*,*,#2485,.T.);
#2485 = EDGE_CURVE('',#124,#766,#2486,.T.);
#2486 = LINE('',#2487,#2488);
#2487 = CARTESIAN_POINT('',(-16.79794864804,-9.090595207008,0.));
#2488 = VECTOR('',#2489,1.);
#2489 = DIRECTION('',(0.,0.,1.));
#2490 = ORIENTED_EDGE('',*,*,#765,.F.);
#2491 = ORIENTED_EDGE('',*,*,#2485,.F.);
#2492 = CYLINDRICAL_SURFACE('',#2493,1.1);
#2493 = AXIS2_PLACEMENT_3D('',#2494,#2495,#2496);
#2494 = CARTESIAN_POINT('',(-15.83052752171,-8.567053074667,0.));
#2495 = DIRECTION('',(0.,0.,-1.));
#2496 = DIRECTION('',(-0.879473751206,-0.475947393037,0.));
#2497 = ADVANCED_FACE('',(#2498),#2509,.F.);
#2498 = FACE_BOUND('',#2499,.T.);
#2499 = EDGE_LOOP('',(#2500,#2501,#2507,#2508));
#2500 = ORIENTED_EDGE('',*,*,#134,.F.);
#2501 = ORIENTED_EDGE('',*,*,#2502,.T.);
#2502 = EDGE_CURVE('',#135,#777,#2503,.T.);
#2503 = LINE('',#2504,#2505);
#2504 = CARTESIAN_POINT('',(-18.06510931648,-6.201759861809,0.));
#2505 = VECTOR('',#2506,1.);
#2506 = DIRECTION('',(0.,0.,1.));
#2507 = ORIENTED_EDGE('',*,*,#776,.F.);
#2508 = ORIENTED_EDGE('',*,*,#2502,.F.);
#2509 = CYLINDRICAL_SURFACE('',#2510,1.1);
#2510 = AXIS2_PLACEMENT_3D('',#2511,#2512,#2513);
#2511 = CARTESIAN_POINT('',(-17.02471035061,-5.844590445684,0.));
#2512 = DIRECTION('',(0.,0.,-1.));
#2513 = DIRECTION('',(-0.945817241701,-0.324699469205,0.));
#2514 = ADVANCED_FACE('',(#2515),#2526,.F.);
#2515 = FACE_BOUND('',#2516,.T.);
#2516 = EDGE_LOOP('',(#2517,#2518,#2524,#2525));
#2517 = ORIENTED_EDGE('',*,*,#145,.F.);
#2518 = ORIENTED_EDGE('',*,*,#2519,.T.);
#2519 = EDGE_CURVE('',#146,#856,#2520,.T.);
#2520 = LINE('',#2521,#2522);
#2521 = CARTESIAN_POINT('',(-18.83950089499,-3.143756674362,0.));
#2522 = VECTOR('',#2523,1.);
#2523 = DIRECTION('',(0.,0.,1.));
#2524 = ORIENTED_EDGE('',*,*,#855,.F.);
#2525 = ORIENTED_EDGE('',*,*,#2519,.F.);
#2526 = CYLINDRICAL_SURFACE('',#2527,1.1);
#2527 = AXIS2_PLACEMENT_3D('',#2528,#2529,#2530);
#2528 = CARTESIAN_POINT('',(-17.75450346124,-2.962702625053,0.));
#2529 = DIRECTION('',(0.,0.,-1.));
#2530 = DIRECTION('',(-0.986361303403,-0.164594590281,0.));
#2531 = ADVANCED_FACE('',(#2532),#2543,.F.);
#2532 = FACE_BOUND('',#2533,.T.);
#2533 = EDGE_LOOP('',(#2534,#2535,#2541,#2542));
#2534 = ORIENTED_EDGE('',*,*,#156,.F.);
#2535 = ORIENTED_EDGE('',*,*,#2536,.T.);
#2536 = EDGE_CURVE('',#157,#935,#2537,.T.);
#2537 = LINE('',#2538,#2539);
#2538 = CARTESIAN_POINT('',(1.577265498522,-19.03476381642,0.));
#2539 = VECTOR('',#2540,1.);
#2540 = DIRECTION('',(0.,0.,1.));
#2541 = ORIENTED_EDGE('',*,*,#934,.F.);
#2542 = ORIENTED_EDGE('',*,*,#2536,.F.);
#2543 = CYLINDRICAL_SURFACE('',#2544,1.1);
#2544 = AXIS2_PLACEMENT_3D('',#2545,#2546,#2547);
#2545 = CARTESIAN_POINT('',(1.486428218502,-17.93852087412,0.));
#2546 = DIRECTION('',(-0.,0.,-1.));
#2547 = DIRECTION('',(8.257934547233E-02,-0.996584493007,0.));
#2548 = ADVANCED_FACE('',(#2549),#2560,.F.);
#2549 = FACE_BOUND('',#2550,.T.);
#2550 = EDGE_LOOP('',(#2551,#2552,#2558,#2559));
#2551 = ORIENTED_EDGE('',*,*,#167,.F.);
#2552 = ORIENTED_EDGE('',*,*,#2553,.T.);
#2553 = EDGE_CURVE('',#168,#946,#2554,.T.);
#2554 = LINE('',#2555,#2556);
#2555 = CARTESIAN_POINT('',(4.688772804389,-18.51554507944,0.));
#2556 = VECTOR('',#2557,1.);
#2557 = DIRECTION('',(0.,0.,1.));
#2558 = ORIENTED_EDGE('',*,*,#945,.F.);
#2559 = ORIENTED_EDGE('',*,*,#2553,.F.);
#2560 = CYLINDRICAL_SURFACE('',#2561,1.1);
#2561 = AXIS2_PLACEMENT_3D('',#2562,#2563,#2564);
#2562 = CARTESIAN_POINT('',(4.418738768534,-17.4492047869,0.));
#2563 = DIRECTION('',(-0.,0.,-1.));
#2564 = DIRECTION('',(0.245485487141,-0.969400265939,0.));
#2565 = ADVANCED_FACE('',(#2566),#2577,.F.);
#2566 = FACE_BOUND('',#2567,.T.);
#2567 = EDGE_LOOP('',(#2568,#2569,#2575,#2576));
#2568 = ORIENTED_EDGE('',*,*,#178,.F.);
#2569 = ORIENTED_EDGE('',*,*,#2570,.T.);
#2570 = EDGE_CURVE('',#179,#1025,#2571,.T.);
#2571 = LINE('',#2572,#2573);
#2572 = CARTESIAN_POINT('',(7.672382610872,-17.49127053911,0.));
#2573 = VECTOR('',#2574,1.);
#2574 = DIRECTION('',(0.,0.,1.));
#2575 = ORIENTED_EDGE('',*,*,#1024,.F.);
#2576 = ORIENTED_EDGE('',*,*,#2570,.F.);
#2577 = CYLINDRICAL_SURFACE('',#2578,1.1);
#2578 = AXIS2_PLACEMENT_3D('',#2579,#2580,#2581);
#2579 = CARTESIAN_POINT('',(7.230517643753,-16.48391987979,0.));
#2580 = DIRECTION('',(-0.,0.,-1.));
#2581 = DIRECTION('',(0.401695424653,-0.915773326655,0.));
#2582 = ADVANCED_FACE('',(#2583),#2594,.F.);
#2583 = FACE_BOUND('',#2584,.T.);
#2584 = EDGE_LOOP('',(#2585,#2586,#2592,#2593));
#2585 = ORIENTED_EDGE('',*,*,#189,.F.);
#2586 = ORIENTED_EDGE('',*,*,#2587,.T.);
#2587 = EDGE_CURVE('',#190,#1104,#2588,.T.);
#2588 = LINE('',#2589,#2590);
#2589 = CARTESIAN_POINT('',(10.446709820138,-15.98987973481,0.));
#2590 = VECTOR('',#2591,1.);
#2591 = DIRECTION('',(0.,0.,1.));
#2592 = ORIENTED_EDGE('',*,*,#1103,.F.);
#2593 = ORIENTED_EDGE('',*,*,#2587,.F.);
#2594 = CYLINDRICAL_SURFACE('',#2595,1.1);
#2595 = AXIS2_PLACEMENT_3D('',#2596,#2597,#2598);
#2596 = CARTESIAN_POINT('',(9.845066846204,-15.06899660872,0.));
#2597 = DIRECTION('',(-0.,0.,-1.));
#2598 = DIRECTION('',(0.546948158122,-0.837166478263,0.));
#2599 = ADVANCED_FACE('',(#2600),#2611,.F.);
#2600 = FACE_BOUND('',#2601,.T.);
#2601 = EDGE_LOOP('',(#2602,#2603,#2609,#2610));
#2602 = ORIENTED_EDGE('',*,*,#200,.F.);
#2603 = ORIENTED_EDGE('',*,*,#2604,.T.);
#2604 = EDGE_CURVE('',#201,#1115,#2605,.T.);
#2605 = LINE('',#2606,#2607);
#2606 = CARTESIAN_POINT('',(12.936078018052,-14.05232669385,0.));
#2607 = VECTOR('',#2608,1.);
#2608 = DIRECTION('',(0.,0.,1.));
#2609 = ORIENTED_EDGE('',*,*,#1114,.F.);
#2610 = ORIENTED_EDGE('',*,*,#2604,.F.);
#2611 = CYLINDRICAL_SURFACE('',#2612,1.1);
#2612 = AXIS2_PLACEMENT_3D('',#2613,#2614,#2615);
#2613 = CARTESIAN_POINT('',(12.191068289263,-13.24303039211,0.));
#2614 = DIRECTION('',(-0.,0.,-1.));
#2615 = DIRECTION('',(0.677281571626,-0.735723910673,0.));
#2616 = ADVANCED_FACE('',(#2617),#2628,.F.);
#2617 = FACE_BOUND('',#2618,.T.);
#2618 = EDGE_LOOP('',(#2619,#2620,#2626,#2627));
#2619 = ORIENTED_EDGE('',*,*,#211,.F.);
#2620 = ORIENTED_EDGE('',*,*,#2621,.T.);
#2621 = EDGE_CURVE('',#212,#1160,#2622,.T.);
#2622 = LINE('',#2623,#2624);
#2623 = CARTESIAN_POINT('',(15.072583729471,-11.73146281237,0.));
#2624 = VECTOR('',#2625,1.);
#2625 = DIRECTION('',(0.,0.,1.));
#2626 = ORIENTED_EDGE('',*,*,#1159,.F.);
#2627 = ORIENTED_EDGE('',*,*,#2621,.F.);
#2628 = CYLINDRICAL_SURFACE('',#2629,1.1);
#2629 = AXIS2_PLACEMENT_3D('',#2630,#2631,#2632);
#2630 = CARTESIAN_POINT('',(14.204529169135,-11.05582882841,0.));
#2631 = DIRECTION('',(-0.,0.,-1.));
#2632 = DIRECTION('',(0.789140509396,-0.61421271269,0.));
#2633 = ADVANCED_FACE('',(#2634),#2645,.F.);
#2634 = FACE_BOUND('',#2635,.T.);
#2635 = EDGE_LOOP('',(#2636,#2637,#2643,#2644));
#2636 = ORIENTED_EDGE('',*,*,#222,.F.);
#2637 = ORIENTED_EDGE('',*,*,#2638,.T.);
#2638 = EDGE_CURVE('',#223,#1239,#2639,.T.);
#2639 = LINE('',#2640,#2641);
#2640 = CARTESIAN_POINT('',(16.797948648044,-9.090595207008,0.));
#2641 = VECTOR('',#2642,1.);
#2642 = DIRECTION('',(0.,0.,1.));
#2643 = ORIENTED_EDGE('',*,*,#1238,.F.);
#2644 = ORIENTED_EDGE('',*,*,#2638,.F.);
#2645 = CYLINDRICAL_SURFACE('',#2646,1.1);
#2646 = AXIS2_PLACEMENT_3D('',#2647,#2648,#2649);
#2647 = CARTESIAN_POINT('',(15.830527521717,-8.567053074667,0.));
#2648 = DIRECTION('',(-0.,0.,-1.));
#2649 = DIRECTION('',(0.879473751206,-0.475947393037,0.));
#2650 = ADVANCED_FACE('',(#2651),#2662,.F.);
#2651 = FACE_BOUND('',#2652,.T.);
#2652 = EDGE_LOOP('',(#2653,#2654,#2660,#2661));
#2653 = ORIENTED_EDGE('',*,*,#233,.F.);
#2654 = ORIENTED_EDGE('',*,*,#2655,.T.);
#2655 = EDGE_CURVE('',#234,#1250,#2656,.T.);
#2656 = LINE('',#2657,#2658);
#2657 = CARTESIAN_POINT('',(18.065109316482,-6.201759861809,0.));
#2658 = VECTOR('',#2659,1.);
#2659 = DIRECTION('',(0.,0.,1.));
#2660 = ORIENTED_EDGE('',*,*,#1249,.F.);
#2661 = ORIENTED_EDGE('',*,*,#2655,.F.);
#2662 = CYLINDRICAL_SURFACE('',#2663,1.1);
#2663 = AXIS2_PLACEMENT_3D('',#2664,#2665,#2666);
#2664 = CARTESIAN_POINT('',(17.024710350611,-5.844590445684,0.));
#2665 = DIRECTION('',(-0.,0.,-1.));
#2666 = DIRECTION('',(0.945817241701,-0.324699469205,0.));
#2667 = ADVANCED_FACE('',(#2668),#2679,.F.);
#2668 = FACE_BOUND('',#2669,.T.);
#2669 = EDGE_LOOP('',(#2670,#2671,#2677,#2678));
#2670 = ORIENTED_EDGE('',*,*,#244,.F.);
#2671 = ORIENTED_EDGE('',*,*,#2672,.T.);
#2672 = EDGE_CURVE('',#245,#1295,#2673,.T.);
#2673 = LINE('',#2674,#2675);
#2674 = CARTESIAN_POINT('',(18.839500894992,-3.143756674362,0.));
#2675 = VECTOR('',#2676,1.);
#2676 = DIRECTION('',(0.,0.,1.));
#2677 = ORIENTED_EDGE('',*,*,#1294,.F.);
#2678 = ORIENTED_EDGE('',*,*,#2672,.F.);
#2679 = CYLINDRICAL_SURFACE('',#2680,1.1);
#2680 = AXIS2_PLACEMENT_3D('',#2681,#2682,#2683);
#2681 = CARTESIAN_POINT('',(17.754503461249,-2.962702625053,0.));
#2682 = DIRECTION('',(-0.,0.,-1.));
#2683 = DIRECTION('',(0.986361303403,-0.164594590281,0.));
#2684 = ADVANCED_FACE('',(#2685),#2696,.F.);
#2685 = FACE_BOUND('',#2686,.T.);
#2686 = EDGE_LOOP('',(#2687,#2688,#2694,#2695));
#2687 = ORIENTED_EDGE('',*,*,#255,.F.);
#2688 = ORIENTED_EDGE('',*,*,#2689,.T.);
#2689 = EDGE_CURVE('',#256,#1340,#2690,.T.);
#2690 = LINE('',#2691,#2692);
#2691 = CARTESIAN_POINT('',(-19.1,2.339075386371E-15,0.));
#2692 = VECTOR('',#2693,1.);
#2693 = DIRECTION('',(0.,0.,1.));
#2694 = ORIENTED_EDGE('',*,*,#1339,.F.);
#2695 = ORIENTED_EDGE('',*,*,#2689,.F.);
#2696 = CYLINDRICAL_SURFACE('',#2697,1.1);
#2697 = AXIS2_PLACEMENT_3D('',#2698,#2699,#2700);
#2698 = CARTESIAN_POINT('',(-18.,2.204364238465E-15,0.));
#2699 = DIRECTION('',(0.,0.,-1.));
#2700 = DIRECTION('',(-1.,1.224646799147E-16,0.));
#2701 = ADVANCED_FACE('',(#2702),#2713,.F.);
#2702 = FACE_BOUND('',#2703,.T.);
#2703 = EDGE_LOOP('',(#2704,#2705,#2711,#2712));
#2704 = ORIENTED_EDGE('',*,*,#266,.F.);
#2705 = ORIENTED_EDGE('',*,*,#2706,.T.);
#2706 = EDGE_CURVE('',#267,#1385,#2707,.T.);
#2707 = LINE('',#2708,#2709);
#2708 = CARTESIAN_POINT('',(-18.83950089499,3.143756674362,0.));
#2709 = VECTOR('',#2710,1.);
#2710 = DIRECTION('',(0.,0.,1.));
#2711 = ORIENTED_EDGE('',*,*,#1384,.F.);
#2712 = ORIENTED_EDGE('',*,*,#2706,.F.);
#2713 = CYLINDRICAL_SURFACE('',#2714,1.1);
#2714 = AXIS2_PLACEMENT_3D('',#2715,#2716,#2717);
#2715 = CARTESIAN_POINT('',(-17.75450346124,2.962702625053,0.));
#2716 = DIRECTION('',(0.,0.,-1.));
#2717 = DIRECTION('',(-0.986361303403,0.164594590281,0.));
#2718 = ADVANCED_FACE('',(#2719),#2730,.F.);
#2719 = FACE_BOUND('',#2720,.T.);
#2720 = EDGE_LOOP('',(#2721,#2722,#2728,#2729));
#2721 = ORIENTED_EDGE('',*,*,#277,.F.);
#2722 = ORIENTED_EDGE('',*,*,#2723,.T.);
#2723 = EDGE_CURVE('',#278,#1430,#2724,.T.);
#2724 = LINE('',#2725,#2726);
#2725 = CARTESIAN_POINT('',(-18.06510931648,6.201759861809,0.));
#2726 = VECTOR('',#2727,1.);
#2727 = DIRECTION('',(0.,0.,1.));
#2728 = ORIENTED_EDGE('',*,*,#1429,.F.);
#2729 = ORIENTED_EDGE('',*,*,#2723,.F.);
#2730 = CYLINDRICAL_SURFACE('',#2731,1.1);
#2731 = AXIS2_PLACEMENT_3D('',#2732,#2733,#2734);
#2732 = CARTESIAN_POINT('',(-17.02471035061,5.844590445684,0.));
#2733 = DIRECTION('',(0.,0.,-1.));
#2734 = DIRECTION('',(-0.945817241701,0.324699469205,0.));
#2735 = ADVANCED_FACE('',(#2736),#2747,.F.);
#2736 = FACE_BOUND('',#2737,.T.);
#2737 = EDGE_LOOP('',(#2738,#2739,#2745,#2746));
#2738 = ORIENTED_EDGE('',*,*,#288,.F.);
#2739 = ORIENTED_EDGE('',*,*,#2740,.T.);
#2740 = EDGE_CURVE('',#289,#1441,#2741,.T.);
#2741 = LINE('',#2742,#2743);
#2742 = CARTESIAN_POINT('',(-16.79794864804,9.090595207008,0.));
#2743 = VECTOR('',#2744,1.);
#2744 = DIRECTION('',(0.,0.,1.));
#2745 = ORIENTED_EDGE('',*,*,#1440,.F.);
#2746 = ORIENTED_EDGE('',*,*,#2740,.F.);
#2747 = CYLINDRICAL_SURFACE('',#2748,1.1);
#2748 = AXIS2_PLACEMENT_3D('',#2749,#2750,#2751);
#2749 = CARTESIAN_POINT('',(-15.83052752171,8.567053074667,0.));
#2750 = DIRECTION('',(0.,0.,-1.));
#2751 = DIRECTION('',(-0.879473751206,0.475947393037,0.));
#2752 = ADVANCED_FACE('',(#2753),#2772,.T.);
#2753 = FACE_BOUND('',#2754,.T.);
#2754 = EDGE_LOOP('',(#2755,#2763,#2770,#2771));
#2755 = ORIENTED_EDGE('',*,*,#2756,.T.);
#2756 = EDGE_CURVE('',#300,#2757,#2759,.T.);
#2757 = VERTEX_POINT('',#2758);
#2758 = CARTESIAN_POINT('',(16.1,0.,-22.5));
#2759 = LINE('',#2760,#2761);
#2760 = CARTESIAN_POINT('',(16.1,0.,0.));
#2761 = VECTOR('',#2762,1.);
#2762 = DIRECTION('',(-0.,-0.,-1.));
#2763 = ORIENTED_EDGE('',*,*,#2764,.T.);
#2764 = EDGE_CURVE('',#2757,#2757,#2765,.T.);
#2765 = CIRCLE('',#2766,16.1);
#2766 = AXIS2_PLACEMENT_3D('',#2767,#2768,#2769);
#2767 = CARTESIAN_POINT('',(0.,0.,-22.5));
#2768 = DIRECTION('',(0.,0.,1.));
#2769 = DIRECTION('',(1.,0.,0.));
#2770 = ORIENTED_EDGE('',*,*,#2756,.F.);
#2771 = ORIENTED_EDGE('',*,*,#299,.F.);
#2772 = CYLINDRICAL_SURFACE('',#2773,16.1);
#2773 = AXIS2_PLACEMENT_3D('',#2774,#2775,#2776);
#2774 = CARTESIAN_POINT('',(0.,0.,0.));
#2775 = DIRECTION('',(0.,0.,1.));
#2776 = DIRECTION('',(1.,0.,0.));
#2777 = ADVANCED_FACE('',(#2778),#2789,.F.);
#2778 = FACE_BOUND('',#2779,.T.);
#2779 = EDGE_LOOP('',(#2780,#2781,#2787,#2788));
#2780 = ORIENTED_EDGE('',*,*,#310,.F.);
#2781 = ORIENTED_EDGE('',*,*,#2782,.T.);
#2782 = EDGE_CURVE('',#311,#1531,#2783,.T.);
#2783 = LINE('',#2784,#2785);
#2784 = CARTESIAN_POINT('',(-15.07258372947,11.731462812373,0.));
#2785 = VECTOR('',#2786,1.);
#2786 = DIRECTION('',(0.,0.,1.));
#2787 = ORIENTED_EDGE('',*,*,#1530,.F.);
#2788 = ORIENTED_EDGE('',*,*,#2782,.F.);
#2789 = CYLINDRICAL_SURFACE('',#2790,1.1);
#2790 = AXIS2_PLACEMENT_3D('',#2791,#2792,#2793);
#2791 = CARTESIAN_POINT('',(-14.20452916913,11.055828828414,0.));
#2792 = DIRECTION('',(0.,0.,-1.));
#2793 = DIRECTION('',(-0.789140509396,0.61421271269,0.));
#2794 = ADVANCED_FACE('',(#2795),#2806,.F.);
#2795 = FACE_BOUND('',#2796,.T.);
#2796 = EDGE_LOOP('',(#2797,#2798,#2804,#2805));
#2797 = ORIENTED_EDGE('',*,*,#321,.F.);
#2798 = ORIENTED_EDGE('',*,*,#2799,.T.);
#2799 = EDGE_CURVE('',#322,#1576,#2800,.T.);
#2800 = LINE('',#2801,#2802);
#2801 = CARTESIAN_POINT('',(-12.93607801805,14.052326693857,0.));
#2802 = VECTOR('',#2803,1.);
#2803 = DIRECTION('',(0.,0.,1.));
#2804 = ORIENTED_EDGE('',*,*,#1575,.F.);
#2805 = ORIENTED_EDGE('',*,*,#2799,.F.);
#2806 = CYLINDRICAL_SURFACE('',#2807,1.1);
#2807 = AXIS2_PLACEMENT_3D('',#2808,#2809,#2810);
#2808 = CARTESIAN_POINT('',(-12.19106828926,13.243030392116,0.));
#2809 = DIRECTION('',(0.,0.,-1.));
#2810 = DIRECTION('',(-0.677281571626,0.735723910673,0.));
#2811 = ADVANCED_FACE('',(#2812),#2823,.F.);
#2812 = FACE_BOUND('',#2813,.T.);
#2813 = EDGE_LOOP('',(#2814,#2815,#2821,#2822));
#2814 = ORIENTED_EDGE('',*,*,#332,.F.);
#2815 = ORIENTED_EDGE('',*,*,#2816,.T.);
#2816 = EDGE_CURVE('',#333,#1587,#2817,.T.);
#2817 = LINE('',#2818,#2819);
#2818 = CARTESIAN_POINT('',(-10.44670982013,15.989879734814,0.));
#2819 = VECTOR('',#2820,1.);
#2820 = DIRECTION('',(0.,0.,1.));
#2821 = ORIENTED_EDGE('',*,*,#1586,.F.);
#2822 = ORIENTED_EDGE('',*,*,#2816,.F.);
#2823 = CYLINDRICAL_SURFACE('',#2824,1.1);
#2824 = AXIS2_PLACEMENT_3D('',#2825,#2826,#2827);
#2825 = CARTESIAN_POINT('',(-9.845066846204,15.068996608726,0.));
#2826 = DIRECTION('',(0.,0.,-1.));
#2827 = DIRECTION('',(-0.546948158122,0.837166478263,0.));
#2828 = ADVANCED_FACE('',(#2829),#2840,.F.);
#2829 = FACE_BOUND('',#2830,.T.);
#2830 = EDGE_LOOP('',(#2831,#2832,#2838,#2839));
#2831 = ORIENTED_EDGE('',*,*,#343,.F.);
#2832 = ORIENTED_EDGE('',*,*,#2833,.T.);
#2833 = EDGE_CURVE('',#344,#1666,#2834,.T.);
#2834 = LINE('',#2835,#2836);
#2835 = CARTESIAN_POINT('',(-7.672382610872,17.491270539112,0.));
#2836 = VECTOR('',#2837,1.);
#2837 = DIRECTION('',(0.,0.,1.));
#2838 = ORIENTED_EDGE('',*,*,#1665,.F.);
#2839 = ORIENTED_EDGE('',*,*,#2833,.F.);
#2840 = CYLINDRICAL_SURFACE('',#2841,1.1);
#2841 = AXIS2_PLACEMENT_3D('',#2842,#2843,#2844);
#2842 = CARTESIAN_POINT('',(-7.230517643753,16.483919879791,0.));
#2843 = DIRECTION('',(0.,0.,-1.));
#2844 = DIRECTION('',(-0.401695424653,0.915773326655,0.));
#2845 = ADVANCED_FACE('',(#2846),#2857,.F.);
#2846 = FACE_BOUND('',#2847,.T.);
#2847 = EDGE_LOOP('',(#2848,#2849,#2855,#2856));
#2848 = ORIENTED_EDGE('',*,*,#354,.F.);
#2849 = ORIENTED_EDGE('',*,*,#2850,.T.);
#2850 = EDGE_CURVE('',#355,#1779,#2851,.T.);
#2851 = LINE('',#2852,#2853);
#2852 = CARTESIAN_POINT('',(-4.688772804389,18.515545079441,0.));
#2853 = VECTOR('',#2854,1.);
#2854 = DIRECTION('',(0.,0.,1.));
#2855 = ORIENTED_EDGE('',*,*,#1778,.F.);
#2856 = ORIENTED_EDGE('',*,*,#2850,.F.);
#2857 = CYLINDRICAL_SURFACE('',#2858,1.1);
#2858 = AXIS2_PLACEMENT_3D('',#2859,#2860,#2861);
#2859 = CARTESIAN_POINT('',(-4.418738768534,17.449204786908,0.));
#2860 = DIRECTION('',(0.,0.,-1.));
#2861 = DIRECTION('',(-0.245485487141,0.969400265939,0.));
#2862 = ADVANCED_FACE('',(#2863),#2874,.F.);
#2863 = FACE_BOUND('',#2864,.T.);
#2864 = EDGE_LOOP('',(#2865,#2866,#2872,#2873));
#2865 = ORIENTED_EDGE('',*,*,#365,.F.);
#2866 = ORIENTED_EDGE('',*,*,#2867,.T.);
#2867 = EDGE_CURVE('',#366,#1790,#2868,.T.);
#2868 = LINE('',#2869,#2870);
#2869 = CARTESIAN_POINT('',(-1.577265498522,19.034763816427,0.));
#2870 = VECTOR('',#2871,1.);
#2871 = DIRECTION('',(0.,0.,1.));
#2872 = ORIENTED_EDGE('',*,*,#1789,.F.);
#2873 = ORIENTED_EDGE('',*,*,#2867,.F.);
#2874 = CYLINDRICAL_SURFACE('',#2875,1.1);
#2875 = AXIS2_PLACEMENT_3D('',#2876,#2877,#2878);
#2876 = CARTESIAN_POINT('',(-1.486428218502,17.93852087412,0.));
#2877 = DIRECTION('',(0.,0.,-1.));
#2878 = DIRECTION('',(-8.257934547233E-02,0.996584493007,0.));
#2879 = ADVANCED_FACE('',(#2880),#2891,.F.);
#2880 = FACE_BOUND('',#2881,.T.);
#2881 = EDGE_LOOP('',(#2882,#2883,#2889,#2890));
#2882 = ORIENTED_EDGE('',*,*,#376,.F.);
#2883 = ORIENTED_EDGE('',*,*,#2884,.T.);
#2884 = EDGE_CURVE('',#377,#1995,#2885,.T.);
#2885 = LINE('',#2886,#2887);
#2886 = CARTESIAN_POINT('',(19.1,0.,0.));
#2887 = VECTOR('',#2888,1.);
#2888 = DIRECTION('',(0.,0.,1.));
#2889 = ORIENTED_EDGE('',*,*,#1994,.F.);
#2890 = ORIENTED_EDGE('',*,*,#2884,.F.);
#2891 = CYLINDRICAL_SURFACE('',#2892,1.1);
#2892 = AXIS2_PLACEMENT_3D('',#2893,#2894,#2895);
#2893 = CARTESIAN_POINT('',(18.,0.,0.));
#2894 = DIRECTION('',(-0.,-0.,-1.));
#2895 = DIRECTION('',(1.,0.,0.));
#2896 = ADVANCED_FACE('',(#2897),#2908,.F.);
#2897 = FACE_BOUND('',#2898,.T.);
#2898 = EDGE_LOOP('',(#2899,#2900,#2906,#2907));
#2899 = ORIENTED_EDGE('',*,*,#387,.F.);
#2900 = ORIENTED_EDGE('',*,*,#2901,.T.);
#2901 = EDGE_CURVE('',#388,#2040,#2902,.T.);
#2902 = LINE('',#2903,#2904);
#2903 = CARTESIAN_POINT('',(18.839500894992,3.143756674362,0.));
#2904 = VECTOR('',#2905,1.);
#2905 = DIRECTION('',(0.,0.,1.));
#2906 = ORIENTED_EDGE('',*,*,#2039,.F.);
#2907 = ORIENTED_EDGE('',*,*,#2901,.F.);
#2908 = CYLINDRICAL_SURFACE('',#2909,1.1);
#2909 = AXIS2_PLACEMENT_3D('',#2910,#2911,#2912);
#2910 = CARTESIAN_POINT('',(17.754503461249,2.962702625053,0.));
#2911 = DIRECTION('',(0.,-0.,-1.));
#2912 = DIRECTION('',(0.986361303403,0.164594590281,0.));
#2913 = ADVANCED_FACE('',(#2914),#2925,.F.);
#2914 = FACE_BOUND('',#2915,.T.);
#2915 = EDGE_LOOP('',(#2916,#2917,#2923,#2924));
#2916 = ORIENTED_EDGE('',*,*,#398,.F.);
#2917 = ORIENTED_EDGE('',*,*,#2918,.T.);
#2918 = EDGE_CURVE('',#399,#2119,#2919,.T.);
#2919 = LINE('',#2920,#2921);
#2920 = CARTESIAN_POINT('',(18.065109316482,6.201759861809,0.));
#2921 = VECTOR('',#2922,1.);
#2922 = DIRECTION('',(0.,0.,1.));
#2923 = ORIENTED_EDGE('',*,*,#2118,.F.);
#2924 = ORIENTED_EDGE('',*,*,#2918,.F.);
#2925 = CYLINDRICAL_SURFACE('',#2926,1.1);
#2926 = AXIS2_PLACEMENT_3D('',#2927,#2928,#2929);
#2927 = CARTESIAN_POINT('',(17.024710350611,5.844590445684,0.));
#2928 = DIRECTION('',(0.,-0.,-1.));
#2929 = DIRECTION('',(0.945817241701,0.324699469205,0.));
#2930 = ADVANCED_FACE('',(#2931),#2942,.F.);
#2931 = FACE_BOUND('',#2932,.T.);
#2932 = EDGE_LOOP('',(#2933,#2934,#2940,#2941));
#2933 = ORIENTED_EDGE('',*,*,#409,.F.);
#2934 = ORIENTED_EDGE('',*,*,#2935,.T.);
#2935 = EDGE_CURVE('',#410,#2130,#2936,.T.);
#2936 = LINE('',#2937,#2938);
#2937 = CARTESIAN_POINT('',(16.797948648044,9.090595207008,0.));
#2938 = VECTOR('',#2939,1.);
#2939 = DIRECTION('',(0.,0.,1.));
#2940 = ORIENTED_EDGE('',*,*,#2129,.F.);
#2941 = ORIENTED_EDGE('',*,*,#2935,.F.);
#2942 = CYLINDRICAL_SURFACE('',#2943,1.1);
#2943 = AXIS2_PLACEMENT_3D('',#2944,#2945,#2946);
#2944 = CARTESIAN_POINT('',(15.830527521717,8.567053074667,0.));
#2945 = DIRECTION('',(0.,-0.,-1.));
#2946 = DIRECTION('',(0.879473751206,0.475947393037,0.));
#2947 = ADVANCED_FACE('',(#2948),#2959,.F.);
#2948 = FACE_BOUND('',#2949,.T.);
#2949 = EDGE_LOOP('',(#2950,#2951,#2957,#2958));
#2950 = ORIENTED_EDGE('',*,*,#420,.F.);
#2951 = ORIENTED_EDGE('',*,*,#2952,.T.);
#2952 = EDGE_CURVE('',#421,#2243,#2953,.T.);
#2953 = LINE('',#2954,#2955);
#2954 = CARTESIAN_POINT('',(1.577265498522,19.034763816427,0.));
#2955 = VECTOR('',#2956,1.);
#2956 = DIRECTION('',(0.,0.,1.));
#2957 = ORIENTED_EDGE('',*,*,#2242,.F.);
#2958 = ORIENTED_EDGE('',*,*,#2952,.F.);
#2959 = CYLINDRICAL_SURFACE('',#2960,1.1);
#2960 = AXIS2_PLACEMENT_3D('',#2961,#2962,#2963);
#2961 = CARTESIAN_POINT('',(1.486428218502,17.93852087412,0.));
#2962 = DIRECTION('',(0.,-0.,-1.));
#2963 = DIRECTION('',(8.257934547233E-02,0.996584493007,0.));
#2964 = ADVANCED_FACE('',(#2965),#2976,.F.);
#2965 = FACE_BOUND('',#2966,.T.);
#2966 = EDGE_LOOP('',(#2967,#2968,#2974,#2975));
#2967 = ORIENTED_EDGE('',*,*,#431,.F.);
#2968 = ORIENTED_EDGE('',*,*,#2969,.T.);
#2969 = EDGE_CURVE('',#432,#2254,#2970,.T.);
#2970 = LINE('',#2971,#2972);
#2971 = CARTESIAN_POINT('',(4.688772804389,18.515545079441,0.));
#2972 = VECTOR('',#2973,1.);
#2973 = DIRECTION('',(0.,0.,1.));
#2974 = ORIENTED_EDGE('',*,*,#2253,.F.);
#2975 = ORIENTED_EDGE('',*,*,#2969,.F.);
#2976 = CYLINDRICAL_SURFACE('',#2977,1.1);
#2977 = AXIS2_PLACEMENT_3D('',#2978,#2979,#2980);
#2978 = CARTESIAN_POINT('',(4.418738768534,17.449204786908,0.));
#2979 = DIRECTION('',(0.,-0.,-1.));
#2980 = DIRECTION('',(0.245485487141,0.969400265939,0.));
#2981 = ADVANCED_FACE('',(#2982),#2993,.F.);
#2982 = FACE_BOUND('',#2983,.T.);
#2983 = EDGE_LOOP('',(#2984,#2985,#2991,#2992));
#2984 = ORIENTED_EDGE('',*,*,#442,.F.);
#2985 = ORIENTED_EDGE('',*,*,#2986,.T.);
#2986 = EDGE_CURVE('',#443,#2299,#2987,.T.);
#2987 = LINE('',#2988,#2989);
#2988 = CARTESIAN_POINT('',(7.672382610872,17.491270539112,0.));
#2989 = VECTOR('',#2990,1.);
#2990 = DIRECTION('',(0.,0.,1.));
#2991 = ORIENTED_EDGE('',*,*,#2298,.F.);
#2992 = ORIENTED_EDGE('',*,*,#2986,.F.);
#2993 = CYLINDRICAL_SURFACE('',#2994,1.1);
#2994 = AXIS2_PLACEMENT_3D('',#2995,#2996,#2997);
#2995 = CARTESIAN_POINT('',(7.230517643753,16.483919879791,0.));
#2996 = DIRECTION('',(0.,-0.,-1.));
#2997 = DIRECTION('',(0.401695424653,0.915773326655,0.));
#2998 = ADVANCED_FACE('',(#2999),#3010,.F.);
#2999 = FACE_BOUND('',#3000,.T.);
#3000 = EDGE_LOOP('',(#3001,#3002,#3008,#3009));
#3001 = ORIENTED_EDGE('',*,*,#453,.F.);
#3002 = ORIENTED_EDGE('',*,*,#3003,.T.);
#3003 = EDGE_CURVE('',#454,#2344,#3004,.T.);
#3004 = LINE('',#3005,#3006);
#3005 = CARTESIAN_POINT('',(15.072583729471,11.731462812373,0.));
#3006 = VECTOR('',#3007,1.);
#3007 = DIRECTION('',(0.,0.,1.));
#3008 = ORIENTED_EDGE('',*,*,#2343,.F.);
#3009 = ORIENTED_EDGE('',*,*,#3003,.F.);
#3010 = CYLINDRICAL_SURFACE('',#3011,1.1);
#3011 = AXIS2_PLACEMENT_3D('',#3012,#3013,#3014);
#3012 = CARTESIAN_POINT('',(14.204529169135,11.055828828414,0.));
#3013 = DIRECTION('',(0.,-0.,-1.));
#3014 = DIRECTION('',(0.789140509396,0.61421271269,0.));
#3015 = ADVANCED_FACE('',(#3016),#3027,.F.);
#3016 = FACE_BOUND('',#3017,.T.);
#3017 = EDGE_LOOP('',(#3018,#3019,#3025,#3026));
#3018 = ORIENTED_EDGE('',*,*,#464,.F.);
#3019 = ORIENTED_EDGE('',*,*,#3020,.T.);
#3020 = EDGE_CURVE('',#465,#2355,#3021,.T.);
#3021 = LINE('',#3022,#3023);
#3022 = CARTESIAN_POINT('',(12.936078018052,14.052326693857,0.));
#3023 = VECTOR('',#3024,1.);
#3024 = DIRECTION('',(0.,0.,1.));
#3025 = ORIENTED_EDGE('',*,*,#2354,.F.);
#3026 = ORIENTED_EDGE('',*,*,#3020,.F.);
#3027 = CYLINDRICAL_SURFACE('',#3028,1.1);
#3028 = AXIS2_PLACEMENT_3D('',#3029,#3030,#3031);
#3029 = CARTESIAN_POINT('',(12.191068289263,13.243030392116,0.));
#3030 = DIRECTION('',(0.,-0.,-1.));
#3031 = DIRECTION('',(0.677281571626,0.735723910673,0.));
#3032 = ADVANCED_FACE('',(#3033),#3044,.F.);
#3033 = FACE_BOUND('',#3034,.T.);
#3034 = EDGE_LOOP('',(#3035,#3036,#3042,#3043));
#3035 = ORIENTED_EDGE('',*,*,#475,.F.);
#3036 = ORIENTED_EDGE('',*,*,#3037,.T.);
#3037 = EDGE_CURVE('',#476,#2366,#3038,.T.);
#3038 = LINE('',#3039,#3040);
#3039 = CARTESIAN_POINT('',(10.446709820138,15.989879734814,0.));
#3040 = VECTOR('',#3041,1.);
#3041 = DIRECTION('',(0.,0.,1.));
#3042 = ORIENTED_EDGE('',*,*,#2365,.F.);
#3043 = ORIENTED_EDGE('',*,*,#3037,.F.);
#3044 = CYLINDRICAL_SURFACE('',#3045,1.1);
#3045 = AXIS2_PLACEMENT_3D('',#3046,#3047,#3048);
#3046 = CARTESIAN_POINT('',(9.845066846204,15.068996608726,0.));
#3047 = DIRECTION('',(0.,-0.,-1.));
#3048 = DIRECTION('',(0.546948158122,0.837166478263,0.));
#3049 = ADVANCED_FACE('',(#3050),#3075,.F.);
#3050 = FACE_BOUND('',#3051,.F.);
#3051 = EDGE_LOOP('',(#3052,#3060,#3068,#3074));
#3052 = ORIENTED_EDGE('',*,*,#3053,.T.);
#3053 = EDGE_CURVE('',#529,#3054,#3056,.T.);
#3054 = VERTEX_POINT('',#3055);
#3055 = CARTESIAN_POINT('',(-10.28506801571,-10.01361761952,1.6));
#3056 = LINE('',#3057,#3058);
#3057 = CARTESIAN_POINT('',(-10.28506801571,-10.01361761952,2.));
#3058 = VECTOR('',#3059,1.);
#3059 = DIRECTION('',(0.,0.,-1.));
#3060 = ORIENTED_EDGE('',*,*,#3061,.T.);
#3061 = EDGE_CURVE('',#3054,#3062,#3064,.T.);
#3062 = VERTEX_POINT('',#3063);
#3063 = CARTESIAN_POINT('',(-10.82875022339,-9.423021305145,1.6));
#3064 = LINE('',#3065,#3066);
#3065 = CARTESIAN_POINT('',(-10.28506801571,-10.01361761952,1.6));
#3066 = VECTOR('',#3067,1.);
#3067 = DIRECTION('',(-0.677281571626,0.735723910673,0.));
#3068 = ORIENTED_EDGE('',*,*,#3069,.F.);
#3069 = EDGE_CURVE('',#531,#3062,#3070,.T.);
#3070 = LINE('',#3071,#3072);
#3071 = CARTESIAN_POINT('',(-10.82875022339,-9.423021305145,2.));
#3072 = VECTOR('',#3073,1.);
#3073 = DIRECTION('',(0.,0.,-1.));
#3074 = ORIENTED_EDGE('',*,*,#528,.F.);
#3075 = PLANE('',#3076);
#3076 = AXIS2_PLACEMENT_3D('',#3077,#3078,#3079);
#3077 = CARTESIAN_POINT('',(-10.28506801571,-10.01361761952,2.));
#3078 = DIRECTION('',(0.735723910673,0.677281571626,0.));
#3079 = DIRECTION('',(-0.677281571626,0.735723910673,0.));
#3080 = ADVANCED_FACE('',(#3081),#3099,.F.);
#3081 = FACE_BOUND('',#3082,.F.);
#3082 = EDGE_LOOP('',(#3083,#3091,#3097,#3098));
#3083 = ORIENTED_EDGE('',*,*,#3084,.T.);
#3084 = EDGE_CURVE('',#539,#3085,#3087,.T.);
#3085 = VERTEX_POINT('',#3086);
#3086 = CARTESIAN_POINT('',(-11.76155880166,-11.37282313873,1.6));
#3087 = LINE('',#3088,#3089);
#3088 = CARTESIAN_POINT('',(-11.76155880166,-11.37282313873,2.));
#3089 = VECTOR('',#3090,1.);
#3090 = DIRECTION('',(0.,0.,-1.));
#3091 = ORIENTED_EDGE('',*,*,#3092,.T.);
#3092 = EDGE_CURVE('',#3085,#3054,#3093,.T.);
#3093 = LINE('',#3094,#3095);
#3094 = CARTESIAN_POINT('',(-11.76155880166,-11.37282313873,1.6));
#3095 = VECTOR('',#3096,1.);
#3096 = DIRECTION('',(0.735723910673,0.677281571626,0.));
#3097 = ORIENTED_EDGE('',*,*,#3053,.F.);
#3098 = ORIENTED_EDGE('',*,*,#538,.F.);
#3099 = PLANE('',#3100);
#3100 = AXIS2_PLACEMENT_3D('',#3101,#3102,#3103);
#3101 = CARTESIAN_POINT('',(-11.76155880166,-11.37282313873,2.));
#3102 = DIRECTION('',(0.677281571626,-0.735723910673,0.));
#3103 = DIRECTION('',(0.735723910673,0.677281571626,0.));
#3104 = ADVANCED_FACE('',(#3105),#3123,.F.);
#3105 = FACE_BOUND('',#3106,.F.);
#3106 = EDGE_LOOP('',(#3107,#3108,#3116,#3122));
#3107 = ORIENTED_EDGE('',*,*,#3069,.T.);
#3108 = ORIENTED_EDGE('',*,*,#3109,.T.);
#3109 = EDGE_CURVE('',#3062,#3110,#3112,.T.);
#3110 = VERTEX_POINT('',#3111);
#3111 = CARTESIAN_POINT('',(-12.30524100934,-10.78222682435,1.6));
#3112 = LINE('',#3113,#3114);
#3113 = CARTESIAN_POINT('',(-10.82875022339,-9.423021305145,1.6));
#3114 = VECTOR('',#3115,1.);
#3115 = DIRECTION('',(-0.735723910673,-0.677281571626,0.));
#3116 = ORIENTED_EDGE('',*,*,#3117,.F.);
#3117 = EDGE_CURVE('',#547,#3110,#3118,.T.);
#3118 = LINE('',#3119,#3120);
#3119 = CARTESIAN_POINT('',(-12.30524100934,-10.78222682435,2.));
#3120 = VECTOR('',#3121,1.);
#3121 = DIRECTION('',(0.,0.,-1.));
#3122 = ORIENTED_EDGE('',*,*,#554,.F.);
#3123 = PLANE('',#3124);
#3124 = AXIS2_PLACEMENT_3D('',#3125,#3126,#3127);
#3125 = CARTESIAN_POINT('',(-10.82875022339,-9.423021305145,2.));
#3126 = DIRECTION('',(-0.677281571626,0.735723910673,0.));
#3127 = DIRECTION('',(-0.735723910673,-0.677281571626,0.));
#3128 = ADVANCED_FACE('',(#3129),#3140,.F.);
#3129 = FACE_BOUND('',#3130,.F.);
#3130 = EDGE_LOOP('',(#3131,#3132,#3138,#3139));
#3131 = ORIENTED_EDGE('',*,*,#3117,.T.);
#3132 = ORIENTED_EDGE('',*,*,#3133,.T.);
#3133 = EDGE_CURVE('',#3110,#3085,#3134,.T.);
#3134 = LINE('',#3135,#3136);
#3135 = CARTESIAN_POINT('',(-12.30524100934,-10.78222682435,1.6));
#3136 = VECTOR('',#3137,1.);
#3137 = DIRECTION('',(0.677281571626,-0.735723910673,0.));
#3138 = ORIENTED_EDGE('',*,*,#3084,.F.);
#3139 = ORIENTED_EDGE('',*,*,#546,.F.);
#3140 = PLANE('',#3141);
#3141 = AXIS2_PLACEMENT_3D('',#3142,#3143,#3144);
#3142 = CARTESIAN_POINT('',(-12.30524100934,-10.78222682435,2.));
#3143 = DIRECTION('',(-0.735723910673,-0.677281571626,0.));
#3144 = DIRECTION('',(0.677281571626,-0.735723910673,0.));
#3145 = ADVANCED_FACE('',(#3146),#3171,.F.);
#3146 = FACE_BOUND('',#3147,.F.);
#3147 = EDGE_LOOP('',(#3148,#3156,#3164,#3170));
#3148 = ORIENTED_EDGE('',*,*,#3149,.T.);
#3149 = EDGE_CURVE('',#574,#3150,#3152,.T.);
#3150 = VERTEX_POINT('',#3151);
#3151 = CARTESIAN_POINT('',(-4.279492148307,-13.70186516027,1.6));
#3152 = LINE('',#3153,#3154);
#3153 = CARTESIAN_POINT('',(-4.279492148307,-13.70186516027,2.));
#3154 = VECTOR('',#3155,1.);
#3155 = DIRECTION('',(0.,0.,-1.));
#3156 = ORIENTED_EDGE('',*,*,#3157,.T.);
#3157 = EDGE_CURVE('',#3150,#3158,#3160,.T.);
#3158 = VERTEX_POINT('',#3159);
#3159 = CARTESIAN_POINT('',(-5.038739155129,-13.4412153336,1.6));
#3160 = LINE('',#3161,#3162);
#3161 = CARTESIAN_POINT('',(-4.279492148307,-13.70186516027,1.6));
#3162 = VECTOR('',#3163,1.);
#3163 = DIRECTION('',(-0.945817241701,0.324699469205,0.));
#3164 = ORIENTED_EDGE('',*,*,#3165,.F.);
#3165 = EDGE_CURVE('',#576,#3158,#3166,.T.);
#3166 = LINE('',#3167,#3168);
#3167 = CARTESIAN_POINT('',(-5.038739155129,-13.4412153336,2.));
#3168 = VECTOR('',#3169,1.);
#3169 = DIRECTION('',(0.,0.,-1.));
#3170 = ORIENTED_EDGE('',*,*,#573,.F.);
#3171 = PLANE('',#3172);
#3172 = AXIS2_PLACEMENT_3D('',#3173,#3174,#3175);
#3173 = CARTESIAN_POINT('',(-4.279492148307,-13.70186516027,2.));
#3174 = DIRECTION('',(0.324699469205,0.945817241701,0.));
#3175 = DIRECTION('',(-0.945817241701,0.324699469205,0.));
#3176 = ADVANCED_FACE('',(#3177),#3195,.F.);
#3177 = FACE_BOUND('',#3178,.F.);
#3178 = EDGE_LOOP('',(#3179,#3187,#3193,#3194));
#3179 = ORIENTED_EDGE('',*,*,#3180,.T.);
#3180 = EDGE_CURVE('',#584,#3181,#3183,.T.);
#3181 = VERTEX_POINT('',#3182);
#3182 = CARTESIAN_POINT('',(-4.931116714981,-15.59998267733,1.6));
#3183 = LINE('',#3184,#3185);
#3184 = CARTESIAN_POINT('',(-4.931116714981,-15.59998267733,2.));
#3185 = VECTOR('',#3186,1.);
#3186 = DIRECTION('',(0.,0.,-1.));
#3187 = ORIENTED_EDGE('',*,*,#3188,.T.);
#3188 = EDGE_CURVE('',#3181,#3150,#3189,.T.);
#3189 = LINE('',#3190,#3191);
#3190 = CARTESIAN_POINT('',(-4.931116714981,-15.59998267733,1.6));
#3191 = VECTOR('',#3192,1.);
#3192 = DIRECTION('',(0.324699469205,0.945817241701,0.));
#3193 = ORIENTED_EDGE('',*,*,#3149,.F.);
#3194 = ORIENTED_EDGE('',*,*,#583,.F.);
#3195 = PLANE('',#3196);
#3196 = AXIS2_PLACEMENT_3D('',#3197,#3198,#3199);
#3197 = CARTESIAN_POINT('',(-4.931116714981,-15.59998267733,2.));
#3198 = DIRECTION('',(0.945817241701,-0.324699469205,0.));
#3199 = DIRECTION('',(0.324699469205,0.945817241701,0.));
#3200 = ADVANCED_FACE('',(#3201),#3219,.F.);
#3201 = FACE_BOUND('',#3202,.F.);
#3202 = EDGE_LOOP('',(#3203,#3204,#3212,#3218));
#3203 = ORIENTED_EDGE('',*,*,#3165,.T.);
#3204 = ORIENTED_EDGE('',*,*,#3205,.T.);
#3205 = EDGE_CURVE('',#3158,#3206,#3208,.T.);
#3206 = VERTEX_POINT('',#3207);
#3207 = CARTESIAN_POINT('',(-5.690363721803,-15.33933285066,1.6));
#3208 = LINE('',#3209,#3210);
#3209 = CARTESIAN_POINT('',(-5.038739155129,-13.4412153336,1.6));
#3210 = VECTOR('',#3211,1.);
#3211 = DIRECTION('',(-0.324699469205,-0.945817241701,0.));
#3212 = ORIENTED_EDGE('',*,*,#3213,.F.);
#3213 = EDGE_CURVE('',#592,#3206,#3214,.T.);
#3214 = LINE('',#3215,#3216);
#3215 = CARTESIAN_POINT('',(-5.690363721803,-15.33933285066,2.));
#3216 = VECTOR('',#3217,1.);
#3217 = DIRECTION('',(0.,0.,-1.));
#3218 = ORIENTED_EDGE('',*,*,#599,.F.);
#3219 = PLANE('',#3220);
#3220 = AXIS2_PLACEMENT_3D('',#3221,#3222,#3223);
#3221 = CARTESIAN_POINT('',(-5.038739155129,-13.4412153336,2.));
#3222 = DIRECTION('',(-0.945817241701,0.324699469205,0.));
#3223 = DIRECTION('',(-0.324699469205,-0.945817241701,0.));
#3224 = ADVANCED_FACE('',(#3225),#3236,.F.);
#3225 = FACE_BOUND('',#3226,.F.);
#3226 = EDGE_LOOP('',(#3227,#3228,#3234,#3235));
#3227 = ORIENTED_EDGE('',*,*,#3213,.T.);
#3228 = ORIENTED_EDGE('',*,*,#3229,.T.);
#3229 = EDGE_CURVE('',#3206,#3181,#3230,.T.);
#3230 = LINE('',#3231,#3232);
#3231 = CARTESIAN_POINT('',(-5.690363721803,-15.33933285066,1.6));
#3232 = VECTOR('',#3233,1.);
#3233 = DIRECTION('',(0.945817241701,-0.324699469205,0.));
#3234 = ORIENTED_EDGE('',*,*,#3180,.F.);
#3235 = ORIENTED_EDGE('',*,*,#591,.F.);
#3236 = PLANE('',#3237);
#3237 = AXIS2_PLACEMENT_3D('',#3238,#3239,#3240);
#3238 = CARTESIAN_POINT('',(-5.690363721803,-15.33933285066,2.));
#3239 = DIRECTION('',(-0.324699469205,-0.945817241701,0.));
#3240 = DIRECTION('',(0.945817241701,-0.324699469205,0.));
#3241 = ADVANCED_FACE('',(#3242),#3267,.F.);
#3242 = FACE_BOUND('',#3243,.F.);
#3243 = EDGE_LOOP('',(#3244,#3252,#3260,#3266));
#3244 = ORIENTED_EDGE('',*,*,#3245,.T.);
#3245 = EDGE_CURVE('',#630,#3246,#3248,.T.);
#3246 = VERTEX_POINT('',#3247);
#3247 = CARTESIAN_POINT('',(-1.965872571168,-14.2193708353,1.6));
#3248 = LINE('',#3249,#3250);
#3249 = CARTESIAN_POINT('',(-1.965872571168,-14.2193708353,2.));
#3250 = VECTOR('',#3251,1.);
#3251 = DIRECTION('',(0.,0.,-1.));
#3252 = ORIENTED_EDGE('',*,*,#3253,.T.);
#3253 = EDGE_CURVE('',#3246,#3254,#3256,.T.);
#3254 = VERTEX_POINT('',#3255);
#3255 = CARTESIAN_POINT('',(-2.757665989849,-14.08724388254,1.6));
#3256 = LINE('',#3257,#3258);
#3257 = CARTESIAN_POINT('',(-1.965872571168,-14.2193708353,1.6));
#3258 = VECTOR('',#3259,1.);
#3259 = DIRECTION('',(-0.986361303403,0.164594590281,0.));
#3260 = ORIENTED_EDGE('',*,*,#3261,.F.);
#3261 = EDGE_CURVE('',#632,#3254,#3262,.T.);
#3262 = LINE('',#3263,#3264);
#3263 = CARTESIAN_POINT('',(-2.757665989849,-14.08724388254,2.));
#3264 = VECTOR('',#3265,1.);
#3265 = DIRECTION('',(0.,0.,-1.));
#3266 = ORIENTED_EDGE('',*,*,#629,.F.);
#3267 = PLANE('',#3268);
#3268 = AXIS2_PLACEMENT_3D('',#3269,#3270,#3271);
#3269 = CARTESIAN_POINT('',(-1.965872571168,-14.2193708353,2.));
#3270 = DIRECTION('',(0.164594590281,0.986361303403,0.));
#3271 = DIRECTION('',(-0.986361303403,0.164594590281,0.));
#3272 = ADVANCED_FACE('',(#3273),#3291,.F.);
#3273 = FACE_BOUND('',#3274,.F.);
#3274 = EDGE_LOOP('',(#3275,#3283,#3289,#3290));
#3275 = ORIENTED_EDGE('',*,*,#3276,.T.);
#3276 = EDGE_CURVE('',#640,#3277,#3279,.T.);
#3277 = VERTEX_POINT('',#3278);
#3278 = CARTESIAN_POINT('',(-2.296189953058,-16.198854382,1.6));
#3279 = LINE('',#3280,#3281);
#3280 = CARTESIAN_POINT('',(-2.296189953058,-16.198854382,2.));
#3281 = VECTOR('',#3282,1.);
#3282 = DIRECTION('',(0.,0.,-1.));
#3283 = ORIENTED_EDGE('',*,*,#3284,.T.);
#3284 = EDGE_CURVE('',#3277,#3246,#3285,.T.);
#3285 = LINE('',#3286,#3287);
#3286 = CARTESIAN_POINT('',(-2.296189953058,-16.198854382,1.6));
#3287 = VECTOR('',#3288,1.);
#3288 = DIRECTION('',(0.164594590281,0.986361303403,0.));
#3289 = ORIENTED_EDGE('',*,*,#3245,.F.);
#3290 = ORIENTED_EDGE('',*,*,#639,.F.);
#3291 = PLANE('',#3292);
#3292 = AXIS2_PLACEMENT_3D('',#3293,#3294,#3295);
#3293 = CARTESIAN_POINT('',(-2.296189953058,-16.198854382,2.));
#3294 = DIRECTION('',(0.986361303403,-0.164594590281,0.));
#3295 = DIRECTION('',(0.164594590281,0.986361303403,0.));
#3296 = ADVANCED_FACE('',(#3297),#3315,.F.);
#3297 = FACE_BOUND('',#3298,.F.);
#3298 = EDGE_LOOP('',(#3299,#3300,#3308,#3314));
#3299 = ORIENTED_EDGE('',*,*,#3261,.T.);
#3300 = ORIENTED_EDGE('',*,*,#3301,.T.);
#3301 = EDGE_CURVE('',#3254,#3302,#3304,.T.);
#3302 = VERTEX_POINT('',#3303);
#3303 = CARTESIAN_POINT('',(-3.087983371739,-16.06672742924,1.6));
#3304 = LINE('',#3305,#3306);
#3305 = CARTESIAN_POINT('',(-2.757665989849,-14.08724388254,1.6));
#3306 = VECTOR('',#3307,1.);
#3307 = DIRECTION('',(-0.164594590281,-0.986361303403,0.));
#3308 = ORIENTED_EDGE('',*,*,#3309,.F.);
#3309 = EDGE_CURVE('',#648,#3302,#3310,.T.);
#3310 = LINE('',#3311,#3312);
#3311 = CARTESIAN_POINT('',(-3.087983371739,-16.06672742924,2.));
#3312 = VECTOR('',#3313,1.);
#3313 = DIRECTION('',(0.,0.,-1.));
#3314 = ORIENTED_EDGE('',*,*,#655,.F.);
#3315 = PLANE('',#3316);
#3316 = AXIS2_PLACEMENT_3D('',#3317,#3318,#3319);
#3317 = CARTESIAN_POINT('',(-2.757665989849,-14.08724388254,2.));
#3318 = DIRECTION('',(-0.986361303403,0.164594590281,0.));
#3319 = DIRECTION('',(-0.164594590281,-0.986361303403,0.));
#3320 = ADVANCED_FACE('',(#3321),#3332,.F.);
#3321 = FACE_BOUND('',#3322,.F.);
#3322 = EDGE_LOOP('',(#3323,#3324,#3330,#3331));
#3323 = ORIENTED_EDGE('',*,*,#3309,.T.);
#3324 = ORIENTED_EDGE('',*,*,#3325,.T.);
#3325 = EDGE_CURVE('',#3302,#3277,#3326,.T.);
#3326 = LINE('',#3327,#3328);
#3327 = CARTESIAN_POINT('',(-3.087983371739,-16.06672742924,1.6));
#3328 = VECTOR('',#3329,1.);
#3329 = DIRECTION('',(0.986361303403,-0.164594590281,0.));
#3330 = ORIENTED_EDGE('',*,*,#3276,.F.);
#3331 = ORIENTED_EDGE('',*,*,#647,.F.);
#3332 = PLANE('',#3333);
#3333 = AXIS2_PLACEMENT_3D('',#3334,#3335,#3336);
#3334 = CARTESIAN_POINT('',(-3.087983371739,-16.06672742924,2.));
#3335 = DIRECTION('',(-0.164594590281,-0.986361303403,0.));
#3336 = DIRECTION('',(0.986361303403,-0.164594590281,0.));
#3337 = ADVANCED_FACE('',(#3338),#3363,.F.);
#3338 = FACE_BOUND('',#3339,.F.);
#3339 = EDGE_LOOP('',(#3340,#3348,#3356,#3362));
#3340 = ORIENTED_EDGE('',*,*,#3341,.T.);
#3341 = EDGE_CURVE('',#664,#3342,#3344,.T.);
#3342 = VERTEX_POINT('',#3343);
#3343 = CARTESIAN_POINT('',(0.401370885065,-14.34900914106,1.6));
#3344 = LINE('',#3345,#3346);
#3345 = CARTESIAN_POINT('',(0.401370885065,-14.34900914106,2.));
#3346 = VECTOR('',#3347,1.);
#3347 = DIRECTION('',(0.,0.,-1.));
#3348 = ORIENTED_EDGE('',*,*,#3349,.T.);
#3349 = EDGE_CURVE('',#3342,#3350,#3352,.T.);
#3350 = VERTEX_POINT('',#3351);
#3351 = CARTESIAN_POINT('',(-0.401370885065,-14.34900914106,1.6));
#3352 = LINE('',#3353,#3354);
#3353 = CARTESIAN_POINT('',(0.401370885065,-14.34900914106,1.6));
#3354 = VECTOR('',#3355,1.);
#3355 = DIRECTION('',(-1.,-1.360023205166E-15,0.));
#3356 = ORIENTED_EDGE('',*,*,#3357,.F.);
#3357 = EDGE_CURVE('',#666,#3350,#3358,.T.);
#3358 = LINE('',#3359,#3360);
#3359 = CARTESIAN_POINT('',(-0.401370885065,-14.34900914106,2.));
#3360 = VECTOR('',#3361,1.);
#3361 = DIRECTION('',(0.,0.,-1.));
#3362 = ORIENTED_EDGE('',*,*,#663,.F.);
#3363 = PLANE('',#3364);
#3364 = AXIS2_PLACEMENT_3D('',#3365,#3366,#3367);
#3365 = CARTESIAN_POINT('',(0.401370885065,-14.34900914106,2.));
#3366 = DIRECTION('',(-1.360023205166E-15,1.,0.));
#3367 = DIRECTION('',(-1.,-1.360023205166E-15,0.));
#3368 = ADVANCED_FACE('',(#3369),#3387,.F.);
#3369 = FACE_BOUND('',#3370,.F.);
#3370 = EDGE_LOOP('',(#3371,#3379,#3385,#3386));
#3371 = ORIENTED_EDGE('',*,*,#3372,.T.);
#3372 = EDGE_CURVE('',#674,#3373,#3375,.T.);
#3373 = VERTEX_POINT('',#3374);
#3374 = CARTESIAN_POINT('',(0.401370885065,-16.35586356639,1.6));
#3375 = LINE('',#3376,#3377);
#3376 = CARTESIAN_POINT('',(0.401370885065,-16.35586356639,2.));
#3377 = VECTOR('',#3378,1.);
#3378 = DIRECTION('',(0.,0.,-1.));
#3379 = ORIENTED_EDGE('',*,*,#3380,.T.);
#3380 = EDGE_CURVE('',#3373,#3342,#3381,.T.);
#3381 = LINE('',#3382,#3383);
#3382 = CARTESIAN_POINT('',(0.401370885065,-16.35586356639,1.6));
#3383 = VECTOR('',#3384,1.);
#3384 = DIRECTION('',(3.053113317719E-16,1.,0.));
#3385 = ORIENTED_EDGE('',*,*,#3341,.F.);
#3386 = ORIENTED_EDGE('',*,*,#673,.F.);
#3387 = PLANE('',#3388);
#3388 = AXIS2_PLACEMENT_3D('',#3389,#3390,#3391);
#3389 = CARTESIAN_POINT('',(0.401370885065,-16.35586356639,2.));
#3390 = DIRECTION('',(1.,-3.053113317719E-16,0.));
#3391 = DIRECTION('',(3.053113317719E-16,1.,0.));
#3392 = ADVANCED_FACE('',(#3393),#3411,.F.);
#3393 = FACE_BOUND('',#3394,.F.);
#3394 = EDGE_LOOP('',(#3395,#3396,#3404,#3410));
#3395 = ORIENTED_EDGE('',*,*,#3357,.T.);
#3396 = ORIENTED_EDGE('',*,*,#3397,.T.);
#3397 = EDGE_CURVE('',#3350,#3398,#3400,.T.);
#3398 = VERTEX_POINT('',#3399);
#3399 = CARTESIAN_POINT('',(-0.401370885065,-16.35586356639,1.6));
#3400 = LINE('',#3401,#3402);
#3401 = CARTESIAN_POINT('',(-0.401370885065,-14.34900914106,1.6));
#3402 = VECTOR('',#3403,1.);
#3403 = DIRECTION('',(-3.608224830032E-16,-1.,0.));
#3404 = ORIENTED_EDGE('',*,*,#3405,.F.);
#3405 = EDGE_CURVE('',#682,#3398,#3406,.T.);
#3406 = LINE('',#3407,#3408);
#3407 = CARTESIAN_POINT('',(-0.401370885065,-16.35586356639,2.));
#3408 = VECTOR('',#3409,1.);
#3409 = DIRECTION('',(0.,0.,-1.));
#3410 = ORIENTED_EDGE('',*,*,#689,.F.);
#3411 = PLANE('',#3412);
#3412 = AXIS2_PLACEMENT_3D('',#3413,#3414,#3415);
#3413 = CARTESIAN_POINT('',(-0.401370885065,-14.34900914106,2.));
#3414 = DIRECTION('',(-1.,3.608224830032E-16,0.));
#3415 = DIRECTION('',(-3.608224830032E-16,-1.,0.));
#3416 = ADVANCED_FACE('',(#3417),#3428,.F.);
#3417 = FACE_BOUND('',#3418,.F.);
#3418 = EDGE_LOOP('',(#3419,#3420,#3426,#3427));
#3419 = ORIENTED_EDGE('',*,*,#3405,.T.);
#3420 = ORIENTED_EDGE('',*,*,#3421,.T.);
#3421 = EDGE_CURVE('',#3398,#3373,#3422,.T.);
#3422 = LINE('',#3423,#3424);
#3423 = CARTESIAN_POINT('',(-0.401370885065,-16.35586356639,1.6));
#3424 = VECTOR('',#3425,1.);
#3425 = DIRECTION('',(1.,1.346145417358E-15,0.));
#3426 = ORIENTED_EDGE('',*,*,#3372,.F.);
#3427 = ORIENTED_EDGE('',*,*,#681,.F.);
#3428 = PLANE('',#3429);
#3429 = AXIS2_PLACEMENT_3D('',#3430,#3431,#3432);
#3430 = CARTESIAN_POINT('',(-0.401370885065,-16.35586356639,2.));
#3431 = DIRECTION('',(1.346145417358E-15,-1.,0.));
#3432 = DIRECTION('',(1.,1.346145417358E-15,0.));
#3433 = ADVANCED_FACE('',(#3434),#3459,.F.);
#3434 = FACE_BOUND('',#3435,.F.);
#3435 = EDGE_LOOP('',(#3436,#3444,#3452,#3458));
#3436 = ORIENTED_EDGE('',*,*,#3437,.T.);
#3437 = EDGE_CURVE('',#698,#3438,#3440,.T.);
#3438 = VERTEX_POINT('',#3439);
#3439 = CARTESIAN_POINT('',(-6.476378335444,-12.81060832177,1.6));
#3440 = LINE('',#3441,#3442);
#3441 = CARTESIAN_POINT('',(-6.476378335444,-12.81060832177,2.));
#3442 = VECTOR('',#3443,1.);
#3443 = DIRECTION('',(0.,0.,-1.));
#3444 = ORIENTED_EDGE('',*,*,#3445,.T.);
#3445 = EDGE_CURVE('',#3438,#3446,#3448,.T.);
#3446 = VERTEX_POINT('',#3447);
#3447 = CARTESIAN_POINT('',(-7.18236865127,-12.428545469,1.6));
#3448 = LINE('',#3449,#3450);
#3449 = CARTESIAN_POINT('',(-6.476378335444,-12.81060832177,1.6));
#3450 = VECTOR('',#3451,1.);
#3451 = DIRECTION('',(-0.879473751206,0.475947393037,0.));
#3452 = ORIENTED_EDGE('',*,*,#3453,.F.);
#3453 = EDGE_CURVE('',#700,#3446,#3454,.T.);
#3454 = LINE('',#3455,#3456);
#3455 = CARTESIAN_POINT('',(-7.18236865127,-12.428545469,2.));
#3456 = VECTOR('',#3457,1.);
#3457 = DIRECTION('',(0.,0.,-1.));
#3458 = ORIENTED_EDGE('',*,*,#697,.F.);
#3459 = PLANE('',#3460);
#3460 = AXIS2_PLACEMENT_3D('',#3461,#3462,#3463);
#3461 = CARTESIAN_POINT('',(-6.476378335444,-12.81060832177,2.));
#3462 = DIRECTION('',(0.475947393037,0.879473751206,0.));
#3463 = DIRECTION('',(-0.879473751206,0.475947393037,0.));
#3464 = ADVANCED_FACE('',(#3465),#3483,.F.);
#3465 = FACE_BOUND('',#3466,.F.);
#3466 = EDGE_LOOP('',(#3467,#3475,#3481,#3482));
#3467 = ORIENTED_EDGE('',*,*,#3468,.T.);
#3468 = EDGE_CURVE('',#708,#3469,#3471,.T.);
#3469 = VERTEX_POINT('',#3470);
#3470 = CARTESIAN_POINT('',(-7.431535467382,-14.57558411134,1.6));
#3471 = LINE('',#3472,#3473);
#3472 = CARTESIAN_POINT('',(-7.431535467382,-14.57558411134,2.));
#3473 = VECTOR('',#3474,1.);
#3474 = DIRECTION('',(0.,0.,-1.));
#3475 = ORIENTED_EDGE('',*,*,#3476,.T.);
#3476 = EDGE_CURVE('',#3469,#3438,#3477,.T.);
#3477 = LINE('',#3478,#3479);
#3478 = CARTESIAN_POINT('',(-7.431535467382,-14.57558411134,1.6));
#3479 = VECTOR('',#3480,1.);
#3480 = DIRECTION('',(0.475947393037,0.879473751206,0.));
#3481 = ORIENTED_EDGE('',*,*,#3437,.F.);
#3482 = ORIENTED_EDGE('',*,*,#707,.F.);
#3483 = PLANE('',#3484);
#3484 = AXIS2_PLACEMENT_3D('',#3485,#3486,#3487);
#3485 = CARTESIAN_POINT('',(-7.431535467382,-14.57558411134,2.));
#3486 = DIRECTION('',(0.879473751206,-0.475947393037,0.));
#3487 = DIRECTION('',(0.475947393037,0.879473751206,0.));
#3488 = ADVANCED_FACE('',(#3489),#3507,.F.);
#3489 = FACE_BOUND('',#3490,.F.);
#3490 = EDGE_LOOP('',(#3491,#3492,#3500,#3506));
#3491 = ORIENTED_EDGE('',*,*,#3453,.T.);
#3492 = ORIENTED_EDGE('',*,*,#3493,.T.);
#3493 = EDGE_CURVE('',#3446,#3494,#3496,.T.);
#3494 = VERTEX_POINT('',#3495);
#3495 = CARTESIAN_POINT('',(-8.137525783208,-14.19352125857,1.6));
#3496 = LINE('',#3497,#3498);
#3497 = CARTESIAN_POINT('',(-7.18236865127,-12.428545469,1.6));
#3498 = VECTOR('',#3499,1.);
#3499 = DIRECTION('',(-0.475947393037,-0.879473751206,0.));
#3500 = ORIENTED_EDGE('',*,*,#3501,.F.);
#3501 = EDGE_CURVE('',#716,#3494,#3502,.T.);
#3502 = LINE('',#3503,#3504);
#3503 = CARTESIAN_POINT('',(-8.137525783208,-14.19352125857,2.));
#3504 = VECTOR('',#3505,1.);
#3505 = DIRECTION('',(0.,0.,-1.));
#3506 = ORIENTED_EDGE('',*,*,#723,.F.);
#3507 = PLANE('',#3508);
#3508 = AXIS2_PLACEMENT_3D('',#3509,#3510,#3511);
#3509 = CARTESIAN_POINT('',(-7.18236865127,-12.428545469,2.));
#3510 = DIRECTION('',(-0.879473751206,0.475947393037,0.));
#3511 = DIRECTION('',(-0.475947393037,-0.879473751206,0.));
#3512 = ADVANCED_FACE('',(#3513),#3524,.F.);
#3513 = FACE_BOUND('',#3514,.F.);
#3514 = EDGE_LOOP('',(#3515,#3516,#3522,#3523));
#3515 = ORIENTED_EDGE('',*,*,#3501,.T.);
#3516 = ORIENTED_EDGE('',*,*,#3517,.T.);
#3517 = EDGE_CURVE('',#3494,#3469,#3518,.T.);
#3518 = LINE('',#3519,#3520);
#3519 = CARTESIAN_POINT('',(-8.137525783208,-14.19352125857,1.6));
#3520 = VECTOR('',#3521,1.);
#3521 = DIRECTION('',(0.879473751206,-0.475947393037,0.));
#3522 = ORIENTED_EDGE('',*,*,#3468,.F.);
#3523 = ORIENTED_EDGE('',*,*,#715,.F.);
#3524 = PLANE('',#3525);
#3525 = AXIS2_PLACEMENT_3D('',#3526,#3527,#3528);
#3526 = CARTESIAN_POINT('',(-8.137525783208,-14.19352125857,2.));
#3527 = DIRECTION('',(-0.475947393037,-0.879473751206,0.));
#3528 = DIRECTION('',(0.879473751206,-0.475947393037,0.));
#3529 = ADVANCED_FACE('',(#3530),#3555,.F.);
#3530 = FACE_BOUND('',#3531,.F.);
#3531 = EDGE_LOOP('',(#3532,#3540,#3548,#3554));
#3532 = ORIENTED_EDGE('',*,*,#3533,.T.);
#3533 = EDGE_CURVE('',#732,#3534,#3536,.T.);
#3534 = VERTEX_POINT('',#3535);
#3535 = CARTESIAN_POINT('',(-8.496605804248,-11.56991148302,1.6));
#3536 = LINE('',#3537,#3538);
#3537 = CARTESIAN_POINT('',(-8.496605804248,-11.56991148302,2.));
#3538 = VECTOR('',#3539,1.);
#3539 = DIRECTION('',(0.,0.,-1.));
#3540 = ORIENTED_EDGE('',*,*,#3541,.T.);
#3541 = EDGE_CURVE('',#3534,#3542,#3544,.T.);
#3542 = VERTEX_POINT('',#3543);
#3543 = CARTESIAN_POINT('',(-9.130081853642,-11.0768572828,1.6));
#3544 = LINE('',#3545,#3546);
#3545 = CARTESIAN_POINT('',(-8.496605804248,-11.56991148302,1.6));
#3546 = VECTOR('',#3547,1.);
#3547 = DIRECTION('',(-0.789140509396,0.61421271269,0.));
#3548 = ORIENTED_EDGE('',*,*,#3549,.F.);
#3549 = EDGE_CURVE('',#734,#3542,#3550,.T.);
#3550 = LINE('',#3551,#3552);
#3551 = CARTESIAN_POINT('',(-9.130081853642,-11.0768572828,2.));
#3552 = VECTOR('',#3553,1.);
#3553 = DIRECTION('',(0.,0.,-1.));
#3554 = ORIENTED_EDGE('',*,*,#731,.F.);
#3555 = PLANE('',#3556);
#3556 = AXIS2_PLACEMENT_3D('',#3557,#3558,#3559);
#3557 = CARTESIAN_POINT('',(-8.496605804248,-11.56991148302,2.));
#3558 = DIRECTION('',(0.61421271269,0.789140509396,0.));
#3559 = DIRECTION('',(-0.789140509396,0.61421271269,0.));
#3560 = ADVANCED_FACE('',(#3561),#3579,.F.);
#3561 = FACE_BOUND('',#3562,.F.);
#3562 = EDGE_LOOP('',(#3563,#3571,#3577,#3578));
#3563 = ORIENTED_EDGE('',*,*,#3564,.T.);
#3564 = EDGE_CURVE('',#742,#3565,#3567,.T.);
#3565 = VERTEX_POINT('',#3566);
#3566 = CARTESIAN_POINT('',(-9.729241304799,-13.15360160651,1.6));
#3567 = LINE('',#3568,#3569);
#3568 = CARTESIAN_POINT('',(-9.729241304799,-13.15360160651,2.));
#3569 = VECTOR('',#3570,1.);
#3570 = DIRECTION('',(0.,0.,-1.));
#3571 = ORIENTED_EDGE('',*,*,#3572,.T.);
#3572 = EDGE_CURVE('',#3565,#3534,#3573,.T.);
#3573 = LINE('',#3574,#3575);
#3574 = CARTESIAN_POINT('',(-9.729241304799,-13.15360160651,1.6));
#3575 = VECTOR('',#3576,1.);
#3576 = DIRECTION('',(0.61421271269,0.789140509396,0.));
#3577 = ORIENTED_EDGE('',*,*,#3533,.F.);
#3578 = ORIENTED_EDGE('',*,*,#741,.F.);
#3579 = PLANE('',#3580);
#3580 = AXIS2_PLACEMENT_3D('',#3581,#3582,#3583);
#3581 = CARTESIAN_POINT('',(-9.729241304799,-13.15360160651,2.));
#3582 = DIRECTION('',(0.789140509396,-0.61421271269,0.));
#3583 = DIRECTION('',(0.61421271269,0.789140509396,0.));
#3584 = ADVANCED_FACE('',(#3585),#3603,.F.);
#3585 = FACE_BOUND('',#3586,.F.);
#3586 = EDGE_LOOP('',(#3587,#3588,#3596,#3602));
#3587 = ORIENTED_EDGE('',*,*,#3549,.T.);
#3588 = ORIENTED_EDGE('',*,*,#3589,.T.);
#3589 = EDGE_CURVE('',#3542,#3590,#3592,.T.);
#3590 = VERTEX_POINT('',#3591);
#3591 = CARTESIAN_POINT('',(-10.36271735419,-12.66054740629,1.6));
#3592 = LINE('',#3593,#3594);
#3593 = CARTESIAN_POINT('',(-9.130081853642,-11.0768572828,1.6));
#3594 = VECTOR('',#3595,1.);
#3595 = DIRECTION('',(-0.61421271269,-0.789140509396,0.));
#3596 = ORIENTED_EDGE('',*,*,#3597,.F.);
#3597 = EDGE_CURVE('',#750,#3590,#3598,.T.);
#3598 = LINE('',#3599,#3600);
#3599 = CARTESIAN_POINT('',(-10.36271735419,-12.66054740629,2.));
#3600 = VECTOR('',#3601,1.);
#3601 = DIRECTION('',(0.,0.,-1.));
#3602 = ORIENTED_EDGE('',*,*,#757,.F.);
#3603 = PLANE('',#3604);
#3604 = AXIS2_PLACEMENT_3D('',#3605,#3606,#3607);
#3605 = CARTESIAN_POINT('',(-9.130081853642,-11.0768572828,2.));
#3606 = DIRECTION('',(-0.789140509396,0.61421271269,0.));
#3607 = DIRECTION('',(-0.61421271269,-0.789140509396,0.));
#3608 = ADVANCED_FACE('',(#3609),#3620,.F.);
#3609 = FACE_BOUND('',#3610,.F.);
#3610 = EDGE_LOOP('',(#3611,#3612,#3618,#3619));
#3611 = ORIENTED_EDGE('',*,*,#3597,.T.);
#3612 = ORIENTED_EDGE('',*,*,#3613,.T.);
#3613 = EDGE_CURVE('',#3590,#3565,#3614,.T.);
#3614 = LINE('',#3615,#3616);
#3615 = CARTESIAN_POINT('',(-10.36271735419,-12.66054740629,1.6));
#3616 = VECTOR('',#3617,1.);
#3617 = DIRECTION('',(0.789140509396,-0.61421271269,0.));
#3618 = ORIENTED_EDGE('',*,*,#3564,.F.);
#3619 = ORIENTED_EDGE('',*,*,#749,.F.);
#3620 = PLANE('',#3621);
#3621 = AXIS2_PLACEMENT_3D('',#3622,#3623,#3624);
#3622 = CARTESIAN_POINT('',(-10.36271735419,-12.66054740629,2.));
#3623 = DIRECTION('',(-0.61421271269,-0.789140509396,0.));
#3624 = DIRECTION('',(0.789140509396,-0.61421271269,0.));
#3625 = ADVANCED_FACE('',(#3626),#3651,.F.);
#3626 = FACE_BOUND('',#3627,.F.);
#3627 = EDGE_LOOP('',(#3628,#3636,#3644,#3650));
#3628 = ORIENTED_EDGE('',*,*,#3629,.T.);
#3629 = EDGE_CURVE('',#788,#3630,#3632,.T.);
#3630 = VERTEX_POINT('',#3631);
#3631 = CARTESIAN_POINT('',(-11.79298038287,-8.184178370916,1.6));
#3632 = LINE('',#3633,#3634);
#3633 = CARTESIAN_POINT('',(-11.79298038287,-8.184178370916,2.));
#3634 = VECTOR('',#3635,1.);
#3635 = DIRECTION('',(0.,0.,-1.));
#3636 = ORIENTED_EDGE('',*,*,#3637,.T.);
#3637 = EDGE_CURVE('',#3630,#3638,#3640,.T.);
#3638 = VERTEX_POINT('',#3639);
#3639 = CARTESIAN_POINT('',(-12.23203851549,-7.512149870263,1.6));
#3640 = LINE('',#3641,#3642);
#3641 = CARTESIAN_POINT('',(-11.79298038287,-8.184178370916,1.6));
#3642 = VECTOR('',#3643,1.);
#3643 = DIRECTION('',(-0.546948158122,0.837166478263,0.));
#3644 = ORIENTED_EDGE('',*,*,#3645,.F.);
#3645 = EDGE_CURVE('',#790,#3638,#3646,.T.);
#3646 = LINE('',#3647,#3648);
#3647 = CARTESIAN_POINT('',(-12.23203851549,-7.512149870263,2.));
#3648 = VECTOR('',#3649,1.);
#3649 = DIRECTION('',(0.,0.,-1.));
#3650 = ORIENTED_EDGE('',*,*,#787,.F.);
#3651 = PLANE('',#3652);
#3652 = AXIS2_PLACEMENT_3D('',#3653,#3654,#3655);
#3653 = CARTESIAN_POINT('',(-11.79298038287,-8.184178370916,2.));
#3654 = DIRECTION('',(0.837166478263,0.546948158122,0.));
#3655 = DIRECTION('',(-0.546948158122,0.837166478263,0.));
#3656 = ADVANCED_FACE('',(#3657),#3675,.F.);
#3657 = FACE_BOUND('',#3658,.F.);
#3658 = EDGE_LOOP('',(#3659,#3667,#3673,#3674));
#3659 = ORIENTED_EDGE('',*,*,#3660,.T.);
#3660 = EDGE_CURVE('',#798,#3661,#3663,.T.);
#3661 = VERTEX_POINT('',#3662);
#3662 = CARTESIAN_POINT('',(-13.4730516345,-9.281823702467,1.6));
#3663 = LINE('',#3664,#3665);
#3664 = CARTESIAN_POINT('',(-13.4730516345,-9.281823702467,2.));
#3665 = VECTOR('',#3666,1.);
#3666 = DIRECTION('',(0.,0.,-1.));
#3667 = ORIENTED_EDGE('',*,*,#3668,.T.);
#3668 = EDGE_CURVE('',#3661,#3630,#3669,.T.);
#3669 = LINE('',#3670,#3671);
#3670 = CARTESIAN_POINT('',(-13.4730516345,-9.281823702467,1.6));
#3671 = VECTOR('',#3672,1.);
#3672 = DIRECTION('',(0.837166478263,0.546948158122,0.));
#3673 = ORIENTED_EDGE('',*,*,#3629,.F.);
#3674 = ORIENTED_EDGE('',*,*,#797,.F.);
#3675 = PLANE('',#3676);
#3676 = AXIS2_PLACEMENT_3D('',#3677,#3678,#3679);
#3677 = CARTESIAN_POINT('',(-13.4730516345,-9.281823702467,2.));
#3678 = DIRECTION('',(0.546948158122,-0.837166478263,0.));
#3679 = DIRECTION('',(0.837166478263,0.546948158122,0.));
#3680 = ADVANCED_FACE('',(#3681),#3699,.F.);
#3681 = FACE_BOUND('',#3682,.F.);
#3682 = EDGE_LOOP('',(#3683,#3684,#3692,#3698));
#3683 = ORIENTED_EDGE('',*,*,#3645,.T.);
#3684 = ORIENTED_EDGE('',*,*,#3685,.T.);
#3685 = EDGE_CURVE('',#3638,#3686,#3688,.T.);
#3686 = VERTEX_POINT('',#3687);
#3687 = CARTESIAN_POINT('',(-13.91210976713,-8.609795201813,1.6));
#3688 = LINE('',#3689,#3690);
#3689 = CARTESIAN_POINT('',(-12.23203851549,-7.512149870263,1.6));
#3690 = VECTOR('',#3691,1.);
#3691 = DIRECTION('',(-0.837166478263,-0.546948158122,0.));
#3692 = ORIENTED_EDGE('',*,*,#3693,.F.);
#3693 = EDGE_CURVE('',#806,#3686,#3694,.T.);
#3694 = LINE('',#3695,#3696);
#3695 = CARTESIAN_POINT('',(-13.91210976713,-8.609795201813,2.));
#3696 = VECTOR('',#3697,1.);
#3697 = DIRECTION('',(0.,0.,-1.));
#3698 = ORIENTED_EDGE('',*,*,#813,.F.);
#3699 = PLANE('',#3700);
#3700 = AXIS2_PLACEMENT_3D('',#3701,#3702,#3703);
#3701 = CARTESIAN_POINT('',(-12.23203851549,-7.512149870263,2.));
#3702 = DIRECTION('',(-0.546948158122,0.837166478263,0.));
#3703 = DIRECTION('',(-0.837166478263,-0.546948158122,0.));
#3704 = ADVANCED_FACE('',(#3705),#3716,.F.);
#3705 = FACE_BOUND('',#3706,.F.);
#3706 = EDGE_LOOP('',(#3707,#3708,#3714,#3715));
#3707 = ORIENTED_EDGE('',*,*,#3693,.T.);
#3708 = ORIENTED_EDGE('',*,*,#3709,.T.);
#3709 = EDGE_CURVE('',#3686,#3661,#3710,.T.);
#3710 = LINE('',#3711,#3712);
#3711 = CARTESIAN_POINT('',(-13.91210976713,-8.609795201813,1.6));
#3712 = VECTOR('',#3713,1.);
#3713 = DIRECTION('',(0.546948158122,-0.837166478263,0.));
#3714 = ORIENTED_EDGE('',*,*,#3660,.F.);
#3715 = ORIENTED_EDGE('',*,*,#805,.F.);
#3716 = PLANE('',#3717);
#3717 = AXIS2_PLACEMENT_3D('',#3718,#3719,#3720);
#3718 = CARTESIAN_POINT('',(-13.91210976713,-8.609795201813,2.));
#3719 = DIRECTION('',(-0.837166478263,-0.546948158122,0.));
#3720 = DIRECTION('',(0.546948158122,-0.837166478263,0.));
#3721 = ADVANCED_FACE('',(#3722),#3747,.F.);
#3722 = FACE_BOUND('',#3723,.F.);
#3723 = EDGE_LOOP('',(#3724,#3732,#3740,#3746));
#3724 = ORIENTED_EDGE('',*,*,#3725,.T.);
#3725 = EDGE_CURVE('',#822,#3726,#3728,.T.);
#3726 = VERTEX_POINT('',#3727);
#3727 = CARTESIAN_POINT('',(-12.9792109872,-6.131496070909,1.6));
#3728 = LINE('',#3729,#3730);
#3729 = CARTESIAN_POINT('',(-12.9792109872,-6.131496070909,2.));
#3730 = VECTOR('',#3731,1.);
#3731 = DIRECTION('',(0.,0.,-1.));
#3732 = ORIENTED_EDGE('',*,*,#3733,.T.);
#3733 = EDGE_CURVE('',#3726,#3734,#3736,.T.);
#3734 = VERTEX_POINT('',#3735);
#3735 = CARTESIAN_POINT('',(-13.30166868344,-5.396366569633,1.6));
#3736 = LINE('',#3737,#3738);
#3737 = CARTESIAN_POINT('',(-12.9792109872,-6.131496070909,1.6));
#3738 = VECTOR('',#3739,1.);
#3739 = DIRECTION('',(-0.401695424653,0.915773326655,0.));
#3740 = ORIENTED_EDGE('',*,*,#3741,.F.);
#3741 = EDGE_CURVE('',#824,#3734,#3742,.T.);
#3742 = LINE('',#3743,#3744);
#3743 = CARTESIAN_POINT('',(-13.30166868344,-5.396366569633,2.));
#3744 = VECTOR('',#3745,1.);
#3745 = DIRECTION('',(0.,0.,-1.));
#3746 = ORIENTED_EDGE('',*,*,#821,.F.);
#3747 = PLANE('',#3748);
#3748 = AXIS2_PLACEMENT_3D('',#3749,#3750,#3751);
#3749 = CARTESIAN_POINT('',(-12.9792109872,-6.131496070909,2.));
#3750 = DIRECTION('',(0.915773326655,0.401695424653,0.));
#3751 = DIRECTION('',(-0.401695424653,0.915773326655,0.));
#3752 = ADVANCED_FACE('',(#3753),#3771,.F.);
#3753 = FACE_BOUND('',#3754,.F.);
#3754 = EDGE_LOOP('',(#3755,#3763,#3769,#3770));
#3755 = ORIENTED_EDGE('',*,*,#3756,.T.);
#3756 = EDGE_CURVE('',#832,#3757,#3759,.T.);
#3757 = VERTEX_POINT('',#3758);
#3758 = CARTESIAN_POINT('',(-14.81703474039,-6.937640311507,1.6));
#3759 = LINE('',#3760,#3761);
#3760 = CARTESIAN_POINT('',(-14.81703474039,-6.937640311507,2.));
#3761 = VECTOR('',#3762,1.);
#3762 = DIRECTION('',(0.,0.,-1.));
#3763 = ORIENTED_EDGE('',*,*,#3764,.T.);
#3764 = EDGE_CURVE('',#3757,#3726,#3765,.T.);
#3765 = LINE('',#3766,#3767);
#3766 = CARTESIAN_POINT('',(-14.81703474039,-6.937640311507,1.6));
#3767 = VECTOR('',#3768,1.);
#3768 = DIRECTION('',(0.915773326655,0.401695424653,0.));
#3769 = ORIENTED_EDGE('',*,*,#3725,.F.);
#3770 = ORIENTED_EDGE('',*,*,#831,.F.);
#3771 = PLANE('',#3772);
#3772 = AXIS2_PLACEMENT_3D('',#3773,#3774,#3775);
#3773 = CARTESIAN_POINT('',(-14.81703474039,-6.937640311507,2.));
#3774 = DIRECTION('',(0.401695424653,-0.915773326655,0.));
#3775 = DIRECTION('',(0.915773326655,0.401695424653,0.));
#3776 = ADVANCED_FACE('',(#3777),#3795,.F.);
#3777 = FACE_BOUND('',#3778,.F.);
#3778 = EDGE_LOOP('',(#3779,#3780,#3788,#3794));
#3779 = ORIENTED_EDGE('',*,*,#3741,.T.);
#3780 = ORIENTED_EDGE('',*,*,#3781,.T.);
#3781 = EDGE_CURVE('',#3734,#3782,#3784,.T.);
#3782 = VERTEX_POINT('',#3783);
#3783 = CARTESIAN_POINT('',(-15.13949243663,-6.20251081023,1.6));
#3784 = LINE('',#3785,#3786);
#3785 = CARTESIAN_POINT('',(-13.30166868344,-5.396366569633,1.6));
#3786 = VECTOR('',#3787,1.);
#3787 = DIRECTION('',(-0.915773326655,-0.401695424653,0.));
#3788 = ORIENTED_EDGE('',*,*,#3789,.F.);
#3789 = EDGE_CURVE('',#840,#3782,#3790,.T.);
#3790 = LINE('',#3791,#3792);
#3791 = CARTESIAN_POINT('',(-15.13949243663,-6.20251081023,2.));
#3792 = VECTOR('',#3793,1.);
#3793 = DIRECTION('',(0.,0.,-1.));
#3794 = ORIENTED_EDGE('',*,*,#847,.F.);
#3795 = PLANE('',#3796);
#3796 = AXIS2_PLACEMENT_3D('',#3797,#3798,#3799);
#3797 = CARTESIAN_POINT('',(-13.30166868344,-5.396366569633,2.));
#3798 = DIRECTION('',(-0.401695424653,0.915773326655,0.));
#3799 = DIRECTION('',(-0.915773326655,-0.401695424653,0.));
#3800 = ADVANCED_FACE('',(#3801),#3812,.F.);
#3801 = FACE_BOUND('',#3802,.F.);
#3802 = EDGE_LOOP('',(#3803,#3804,#3810,#3811));
#3803 = ORIENTED_EDGE('',*,*,#3789,.T.);
#3804 = ORIENTED_EDGE('',*,*,#3805,.T.);
#3805 = EDGE_CURVE('',#3782,#3757,#3806,.T.);
#3806 = LINE('',#3807,#3808);
#3807 = CARTESIAN_POINT('',(-15.13949243663,-6.20251081023,1.6));
#3808 = VECTOR('',#3809,1.);
#3809 = DIRECTION('',(0.401695424653,-0.915773326655,0.));
#3810 = ORIENTED_EDGE('',*,*,#3756,.F.);
#3811 = ORIENTED_EDGE('',*,*,#839,.F.);
#3812 = PLANE('',#3813);
#3813 = AXIS2_PLACEMENT_3D('',#3814,#3815,#3816);
#3814 = CARTESIAN_POINT('',(-15.13949243663,-6.20251081023,2.));
#3815 = DIRECTION('',(-0.915773326655,-0.401695424653,0.));
#3816 = DIRECTION('',(0.401695424653,-0.915773326655,0.));
#3817 = ADVANCED_FACE('',(#3818),#3843,.F.);
#3818 = FACE_BOUND('',#3819,.F.);
#3819 = EDGE_LOOP('',(#3820,#3828,#3836,#3842));
#3820 = ORIENTED_EDGE('',*,*,#3821,.T.);
#3821 = EDGE_CURVE('',#867,#3822,#3824,.T.);
#3822 = VERTEX_POINT('',#3823);
#3823 = CARTESIAN_POINT('',(-13.81140255007,-3.911562541705,1.6));
#3824 = LINE('',#3825,#3826);
#3825 = CARTESIAN_POINT('',(-13.81140255007,-3.911562541705,2.));
#3826 = VECTOR('',#3827,1.);
#3827 = DIRECTION('',(0.,0.,-1.));
#3828 = ORIENTED_EDGE('',*,*,#3829,.T.);
#3829 = EDGE_CURVE('',#3822,#3830,#3832,.T.);
#3830 = VERTEX_POINT('',#3831);
#3831 = CARTESIAN_POINT('',(-14.00846400456,-3.133384456261,1.6));
#3832 = LINE('',#3833,#3834);
#3833 = CARTESIAN_POINT('',(-13.81140255007,-3.911562541705,1.6));
#3834 = VECTOR('',#3835,1.);
#3835 = DIRECTION('',(-0.245485487141,0.969400265939,0.));
#3836 = ORIENTED_EDGE('',*,*,#3837,.F.);
#3837 = EDGE_CURVE('',#869,#3830,#3838,.T.);
#3838 = LINE('',#3839,#3840);
#3839 = CARTESIAN_POINT('',(-14.00846400456,-3.133384456261,2.));
#3840 = VECTOR('',#3841,1.);
#3841 = DIRECTION('',(0.,0.,-1.));
#3842 = ORIENTED_EDGE('',*,*,#866,.F.);
#3843 = PLANE('',#3844);
#3844 = AXIS2_PLACEMENT_3D('',#3845,#3846,#3847);
#3845 = CARTESIAN_POINT('',(-13.81140255007,-3.911562541705,2.));
#3846 = DIRECTION('',(0.969400265939,0.245485487141,0.));
#3847 = DIRECTION('',(-0.245485487141,0.969400265939,0.));
#3848 = ADVANCED_FACE('',(#3849),#3867,.F.);
#3849 = FACE_BOUND('',#3850,.F.);
#3850 = EDGE_LOOP('',(#3851,#3859,#3865,#3866));
#3851 = ORIENTED_EDGE('',*,*,#3852,.T.);
#3852 = EDGE_CURVE('',#877,#3853,#3855,.T.);
#3853 = VERTEX_POINT('',#3854);
#3854 = CARTESIAN_POINT('',(-15.75684776368,-4.404216177927,1.6));
#3855 = LINE('',#3856,#3857);
#3856 = CARTESIAN_POINT('',(-15.75684776368,-4.404216177927,2.));
#3857 = VECTOR('',#3858,1.);
#3858 = DIRECTION('',(0.,0.,-1.));
#3859 = ORIENTED_EDGE('',*,*,#3860,.T.);
#3860 = EDGE_CURVE('',#3853,#3822,#3861,.T.);
#3861 = LINE('',#3862,#3863);
#3862 = CARTESIAN_POINT('',(-15.75684776368,-4.404216177927,1.6));
#3863 = VECTOR('',#3864,1.);
#3864 = DIRECTION('',(0.969400265939,0.245485487141,0.));
#3865 = ORIENTED_EDGE('',*,*,#3821,.F.);
#3866 = ORIENTED_EDGE('',*,*,#876,.F.);
#3867 = PLANE('',#3868);
#3868 = AXIS2_PLACEMENT_3D('',#3869,#3870,#3871);
#3869 = CARTESIAN_POINT('',(-15.75684776368,-4.404216177927,2.));
#3870 = DIRECTION('',(0.245485487141,-0.969400265939,0.));
#3871 = DIRECTION('',(0.969400265939,0.245485487141,0.));
#3872 = ADVANCED_FACE('',(#3873),#3891,.F.);
#3873 = FACE_BOUND('',#3874,.F.);
#3874 = EDGE_LOOP('',(#3875,#3876,#3884,#3890));
#3875 = ORIENTED_EDGE('',*,*,#3837,.T.);
#3876 = ORIENTED_EDGE('',*,*,#3877,.T.);
#3877 = EDGE_CURVE('',#3830,#3878,#3880,.T.);
#3878 = VERTEX_POINT('',#3879);
#3879 = CARTESIAN_POINT('',(-15.95390921817,-3.626038092482,1.6));
#3880 = LINE('',#3881,#3882);
#3881 = CARTESIAN_POINT('',(-14.00846400456,-3.133384456261,1.6));
#3882 = VECTOR('',#3883,1.);
#3883 = DIRECTION('',(-0.969400265939,-0.245485487141,0.));
#3884 = ORIENTED_EDGE('',*,*,#3885,.F.);
#3885 = EDGE_CURVE('',#885,#3878,#3886,.T.);
#3886 = LINE('',#3887,#3888);
#3887 = CARTESIAN_POINT('',(-15.95390921817,-3.626038092482,2.));
#3888 = VECTOR('',#3889,1.);
#3889 = DIRECTION('',(0.,0.,-1.));
#3890 = ORIENTED_EDGE('',*,*,#892,.F.);
#3891 = PLANE('',#3892);
#3892 = AXIS2_PLACEMENT_3D('',#3893,#3894,#3895);
#3893 = CARTESIAN_POINT('',(-14.00846400456,-3.133384456261,2.));
#3894 = DIRECTION('',(-0.245485487141,0.969400265939,0.));
#3895 = DIRECTION('',(-0.969400265939,-0.245485487141,0.));
#3896 = ADVANCED_FACE('',(#3897),#3908,.F.);
#3897 = FACE_BOUND('',#3898,.F.);
#3898 = EDGE_LOOP('',(#3899,#3900,#3906,#3907));
#3899 = ORIENTED_EDGE('',*,*,#3885,.T.);
#3900 = ORIENTED_EDGE('',*,*,#3901,.T.);
#3901 = EDGE_CURVE('',#3878,#3853,#3902,.T.);
#3902 = LINE('',#3903,#3904);
#3903 = CARTESIAN_POINT('',(-15.95390921817,-3.626038092482,1.6));
#3904 = VECTOR('',#3905,1.);
#3905 = DIRECTION('',(0.245485487141,-0.969400265939,0.));
#3906 = ORIENTED_EDGE('',*,*,#3852,.F.);
#3907 = ORIENTED_EDGE('',*,*,#884,.F.);
#3908 = PLANE('',#3909);
#3909 = AXIS2_PLACEMENT_3D('',#3910,#3911,#3912);
#3910 = CARTESIAN_POINT('',(-15.95390921817,-3.626038092482,2.));
#3911 = DIRECTION('',(-0.969400265939,-0.245485487141,0.));
#3912 = DIRECTION('',(0.245485487141,-0.969400265939,0.));
#3913 = ADVANCED_FACE('',(#3914),#3939,.F.);
#3914 = FACE_BOUND('',#3915,.F.);
#3915 = EDGE_LOOP('',(#3916,#3924,#3932,#3938));
#3916 = ORIENTED_EDGE('',*,*,#3917,.T.);
#3917 = EDGE_CURVE('',#901,#3918,#3920,.T.);
#3918 = VERTEX_POINT('',#3919);
#3919 = CARTESIAN_POINT('',(-14.26685505502,-1.584931783046,1.6));
#3920 = LINE('',#3921,#3922);
#3921 = CARTESIAN_POINT('',(-14.26685505502,-1.584931783046,2.));
#3922 = VECTOR('',#3923,1.);
#3923 = DIRECTION('',(0.,0.,-1.));
#3924 = ORIENTED_EDGE('',*,*,#3925,.T.);
#3925 = EDGE_CURVE('',#3918,#3926,#3928,.T.);
#3926 = VERTEX_POINT('',#3927);
#3927 = CARTESIAN_POINT('',(-14.33314494498,-0.784931783046,1.6));
#3928 = LINE('',#3929,#3930);
#3929 = CARTESIAN_POINT('',(-14.26685505502,-1.584931783046,1.6));
#3930 = VECTOR('',#3931,1.);
#3931 = DIRECTION('',(-8.257934547233E-02,0.996584493007,0.));
#3932 = ORIENTED_EDGE('',*,*,#3933,.F.);
#3933 = EDGE_CURVE('',#903,#3926,#3934,.T.);
#3934 = LINE('',#3935,#3936);
#3935 = CARTESIAN_POINT('',(-14.33314494498,-0.784931783046,2.));
#3936 = VECTOR('',#3937,1.);
#3937 = DIRECTION('',(0.,0.,-1.));
#3938 = ORIENTED_EDGE('',*,*,#900,.F.);
#3939 = PLANE('',#3940);
#3940 = AXIS2_PLACEMENT_3D('',#3941,#3942,#3943);
#3941 = CARTESIAN_POINT('',(-14.26685505502,-1.584931783046,2.));
#3942 = DIRECTION('',(0.996584493007,8.257934547233E-02,0.));
#3943 = DIRECTION('',(-8.257934547233E-02,0.996584493007,0.));
#3944 = ADVANCED_FACE('',(#3945),#3963,.F.);
#3945 = FACE_BOUND('',#3946,.F.);
#3946 = EDGE_LOOP('',(#3947,#3955,#3961,#3962));
#3947 = ORIENTED_EDGE('',*,*,#3948,.T.);
#3948 = EDGE_CURVE('',#911,#3949,#3951,.T.);
#3949 = VERTEX_POINT('',#3950);
#3950 = CARTESIAN_POINT('',(-16.26685505502,-1.750656507947,1.6));
#3951 = LINE('',#3952,#3953);
#3952 = CARTESIAN_POINT('',(-16.26685505502,-1.750656507947,2.));
#3953 = VECTOR('',#3954,1.);
#3954 = DIRECTION('',(0.,0.,-1.));
#3955 = ORIENTED_EDGE('',*,*,#3956,.T.);
#3956 = EDGE_CURVE('',#3949,#3918,#3957,.T.);
#3957 = LINE('',#3958,#3959);
#3958 = CARTESIAN_POINT('',(-16.26685505502,-1.750656507947,1.6));
#3959 = VECTOR('',#3960,1.);
#3960 = DIRECTION('',(0.996584493007,8.257934547233E-02,0.));
#3961 = ORIENTED_EDGE('',*,*,#3917,.F.);
#3962 = ORIENTED_EDGE('',*,*,#910,.F.);
#3963 = PLANE('',#3964);
#3964 = AXIS2_PLACEMENT_3D('',#3965,#3966,#3967);
#3965 = CARTESIAN_POINT('',(-16.26685505502,-1.750656507947,2.));
#3966 = DIRECTION('',(8.257934547233E-02,-0.996584493007,0.));
#3967 = DIRECTION('',(0.996584493007,8.257934547233E-02,0.));
#3968 = ADVANCED_FACE('',(#3969),#3987,.F.);
#3969 = FACE_BOUND('',#3970,.F.);
#3970 = EDGE_LOOP('',(#3971,#3972,#3980,#3986));
#3971 = ORIENTED_EDGE('',*,*,#3933,.T.);
#3972 = ORIENTED_EDGE('',*,*,#3973,.T.);
#3973 = EDGE_CURVE('',#3926,#3974,#3976,.T.);
#3974 = VERTEX_POINT('',#3975);
#3975 = CARTESIAN_POINT('',(-16.33314494498,-0.950656507947,1.6));
#3976 = LINE('',#3977,#3978);
#3977 = CARTESIAN_POINT('',(-14.33314494498,-0.784931783046,1.6));
#3978 = VECTOR('',#3979,1.);
#3979 = DIRECTION('',(-0.996584493007,-8.257934547233E-02,0.));
#3980 = ORIENTED_EDGE('',*,*,#3981,.F.);
#3981 = EDGE_CURVE('',#919,#3974,#3982,.T.);
#3982 = LINE('',#3983,#3984);
#3983 = CARTESIAN_POINT('',(-16.33314494498,-0.950656507947,2.));
#3984 = VECTOR('',#3985,1.);
#3985 = DIRECTION('',(0.,0.,-1.));
#3986 = ORIENTED_EDGE('',*,*,#926,.F.);
#3987 = PLANE('',#3988);
#3988 = AXIS2_PLACEMENT_3D('',#3989,#3990,#3991);
#3989 = CARTESIAN_POINT('',(-14.33314494498,-0.784931783046,2.));
#3990 = DIRECTION('',(-8.257934547233E-02,0.996584493007,0.));
#3991 = DIRECTION('',(-0.996584493007,-8.257934547233E-02,0.));
#3992 = ADVANCED_FACE('',(#3993),#4004,.F.);
#3993 = FACE_BOUND('',#3994,.F.);
#3994 = EDGE_LOOP('',(#3995,#3996,#4002,#4003));
#3995 = ORIENTED_EDGE('',*,*,#3981,.T.);
#3996 = ORIENTED_EDGE('',*,*,#3997,.T.);
#3997 = EDGE_CURVE('',#3974,#3949,#3998,.T.);
#3998 = LINE('',#3999,#4000);
#3999 = CARTESIAN_POINT('',(-16.33314494498,-0.950656507947,1.6));
#4000 = VECTOR('',#4001,1.);
#4001 = DIRECTION('',(8.257934547233E-02,-0.996584493007,0.));
#4002 = ORIENTED_EDGE('',*,*,#3948,.F.);
#4003 = ORIENTED_EDGE('',*,*,#918,.F.);
#4004 = PLANE('',#4005);
#4005 = AXIS2_PLACEMENT_3D('',#4006,#4007,#4008);
#4006 = CARTESIAN_POINT('',(-16.33314494498,-0.950656507947,2.));
#4007 = DIRECTION('',(-0.996584493007,-8.257934547233E-02,0.));
#4008 = DIRECTION('',(8.257934547233E-02,-0.996584493007,0.));
#4009 = ADVANCED_FACE('',(#4010),#4035,.F.);
#4010 = FACE_BOUND('',#4011,.F.);
#4011 = EDGE_LOOP('',(#4012,#4020,#4028,#4034));
#4012 = ORIENTED_EDGE('',*,*,#4013,.T.);
#4013 = EDGE_CURVE('',#957,#4014,#4016,.T.);
#4014 = VERTEX_POINT('',#4015);
#4015 = CARTESIAN_POINT('',(2.757665989849,-14.08724388254,1.6));
#4016 = LINE('',#4017,#4018);
#4017 = CARTESIAN_POINT('',(2.757665989849,-14.08724388254,2.));
#4018 = VECTOR('',#4019,1.);
#4019 = DIRECTION('',(-0.,0.,-1.));
#4020 = ORIENTED_EDGE('',*,*,#4021,.T.);
#4021 = EDGE_CURVE('',#4014,#4022,#4024,.T.);
#4022 = VERTEX_POINT('',#4023);
#4023 = CARTESIAN_POINT('',(1.965872571168,-14.2193708353,1.6));
#4024 = LINE('',#4025,#4026);
#4025 = CARTESIAN_POINT('',(2.757665989849,-14.08724388254,1.6));
#4026 = VECTOR('',#4027,1.);
#4027 = DIRECTION('',(-0.986361303403,-0.164594590281,0.));
#4028 = ORIENTED_EDGE('',*,*,#4029,.F.);
#4029 = EDGE_CURVE('',#959,#4022,#4030,.T.);
#4030 = LINE('',#4031,#4032);
#4031 = CARTESIAN_POINT('',(1.965872571168,-14.2193708353,2.));
#4032 = VECTOR('',#4033,1.);
#4033 = DIRECTION('',(-0.,0.,-1.));
#4034 = ORIENTED_EDGE('',*,*,#956,.F.);
#4035 = PLANE('',#4036);
#4036 = AXIS2_PLACEMENT_3D('',#4037,#4038,#4039);
#4037 = CARTESIAN_POINT('',(2.757665989849,-14.08724388254,2.));
#4038 = DIRECTION('',(-0.164594590281,0.986361303403,0.));
#4039 = DIRECTION('',(-0.986361303403,-0.164594590281,0.));
#4040 = ADVANCED_FACE('',(#4041),#4059,.F.);
#4041 = FACE_BOUND('',#4042,.F.);
#4042 = EDGE_LOOP('',(#4043,#4051,#4057,#4058));
#4043 = ORIENTED_EDGE('',*,*,#4044,.T.);
#4044 = EDGE_CURVE('',#967,#4045,#4047,.T.);
#4045 = VERTEX_POINT('',#4046);
#4046 = CARTESIAN_POINT('',(3.087983371739,-16.06672742924,1.6));
#4047 = LINE('',#4048,#4049);
#4048 = CARTESIAN_POINT('',(3.087983371739,-16.06672742924,2.));
#4049 = VECTOR('',#4050,1.);
#4050 = DIRECTION('',(-0.,0.,-1.));
#4051 = ORIENTED_EDGE('',*,*,#4052,.T.);
#4052 = EDGE_CURVE('',#4045,#4014,#4053,.T.);
#4053 = LINE('',#4054,#4055);
#4054 = CARTESIAN_POINT('',(3.087983371739,-16.06672742924,1.6));
#4055 = VECTOR('',#4056,1.);
#4056 = DIRECTION('',(-0.164594590281,0.986361303403,0.));
#4057 = ORIENTED_EDGE('',*,*,#4013,.F.);
#4058 = ORIENTED_EDGE('',*,*,#966,.F.);
#4059 = PLANE('',#4060);
#4060 = AXIS2_PLACEMENT_3D('',#4061,#4062,#4063);
#4061 = CARTESIAN_POINT('',(3.087983371739,-16.06672742924,2.));
#4062 = DIRECTION('',(0.986361303403,0.164594590281,0.));
#4063 = DIRECTION('',(-0.164594590281,0.986361303403,0.));
#4064 = ADVANCED_FACE('',(#4065),#4083,.F.);
#4065 = FACE_BOUND('',#4066,.F.);
#4066 = EDGE_LOOP('',(#4067,#4068,#4076,#4082));
#4067 = ORIENTED_EDGE('',*,*,#4029,.T.);
#4068 = ORIENTED_EDGE('',*,*,#4069,.T.);
#4069 = EDGE_CURVE('',#4022,#4070,#4072,.T.);
#4070 = VERTEX_POINT('',#4071);
#4071 = CARTESIAN_POINT('',(2.296189953058,-16.198854382,1.6));
#4072 = LINE('',#4073,#4074);
#4073 = CARTESIAN_POINT('',(1.965872571168,-14.2193708353,1.6));
#4074 = VECTOR('',#4075,1.);
#4075 = DIRECTION('',(0.164594590281,-0.986361303403,0.));
#4076 = ORIENTED_EDGE('',*,*,#4077,.F.);
#4077 = EDGE_CURVE('',#975,#4070,#4078,.T.);
#4078 = LINE('',#4079,#4080);
#4079 = CARTESIAN_POINT('',(2.296189953058,-16.198854382,2.));
#4080 = VECTOR('',#4081,1.);
#4081 = DIRECTION('',(-0.,0.,-1.));
#4082 = ORIENTED_EDGE('',*,*,#982,.F.);
#4083 = PLANE('',#4084);
#4084 = AXIS2_PLACEMENT_3D('',#4085,#4086,#4087);
#4085 = CARTESIAN_POINT('',(1.965872571168,-14.2193708353,2.));
#4086 = DIRECTION('',(-0.986361303403,-0.164594590281,0.));
#4087 = DIRECTION('',(0.164594590281,-0.986361303403,0.));
#4088 = ADVANCED_FACE('',(#4089),#4100,.F.);
#4089 = FACE_BOUND('',#4090,.F.);
#4090 = EDGE_LOOP('',(#4091,#4092,#4098,#4099));
#4091 = ORIENTED_EDGE('',*,*,#4077,.T.);
#4092 = ORIENTED_EDGE('',*,*,#4093,.T.);
#4093 = EDGE_CURVE('',#4070,#4045,#4094,.T.);
#4094 = LINE('',#4095,#4096);
#4095 = CARTESIAN_POINT('',(2.296189953058,-16.198854382,1.6));
#4096 = VECTOR('',#4097,1.);
#4097 = DIRECTION('',(0.986361303403,0.164594590281,0.));
#4098 = ORIENTED_EDGE('',*,*,#4044,.F.);
#4099 = ORIENTED_EDGE('',*,*,#974,.F.);
#4100 = PLANE('',#4101);
#4101 = AXIS2_PLACEMENT_3D('',#4102,#4103,#4104);
#4102 = CARTESIAN_POINT('',(2.296189953058,-16.198854382,2.));
#4103 = DIRECTION('',(0.164594590281,-0.986361303403,0.));
#4104 = DIRECTION('',(0.986361303403,0.164594590281,0.));
#4105 = ADVANCED_FACE('',(#4106),#4131,.F.);
#4106 = FACE_BOUND('',#4107,.F.);
#4107 = EDGE_LOOP('',(#4108,#4116,#4124,#4130));
#4108 = ORIENTED_EDGE('',*,*,#4109,.T.);
#4109 = EDGE_CURVE('',#991,#4110,#4112,.T.);
#4110 = VERTEX_POINT('',#4111);
#4111 = CARTESIAN_POINT('',(5.038739155129,-13.4412153336,1.6));
#4112 = LINE('',#4113,#4114);
#4113 = CARTESIAN_POINT('',(5.038739155129,-13.4412153336,2.));
#4114 = VECTOR('',#4115,1.);
#4115 = DIRECTION('',(-0.,0.,-1.));
#4116 = ORIENTED_EDGE('',*,*,#4117,.T.);
#4117 = EDGE_CURVE('',#4110,#4118,#4120,.T.);
#4118 = VERTEX_POINT('',#4119);
#4119 = CARTESIAN_POINT('',(4.279492148307,-13.70186516027,1.6));
#4120 = LINE('',#4121,#4122);
#4121 = CARTESIAN_POINT('',(5.038739155129,-13.4412153336,1.6));
#4122 = VECTOR('',#4123,1.);
#4123 = DIRECTION('',(-0.945817241701,-0.324699469205,0.));
#4124 = ORIENTED_EDGE('',*,*,#4125,.F.);
#4125 = EDGE_CURVE('',#993,#4118,#4126,.T.);
#4126 = LINE('',#4127,#4128);
#4127 = CARTESIAN_POINT('',(4.279492148307,-13.70186516027,2.));
#4128 = VECTOR('',#4129,1.);
#4129 = DIRECTION('',(-0.,0.,-1.));
#4130 = ORIENTED_EDGE('',*,*,#990,.F.);
#4131 = PLANE('',#4132);
#4132 = AXIS2_PLACEMENT_3D('',#4133,#4134,#4135);
#4133 = CARTESIAN_POINT('',(5.038739155129,-13.4412153336,2.));
#4134 = DIRECTION('',(-0.324699469205,0.945817241701,0.));
#4135 = DIRECTION('',(-0.945817241701,-0.324699469205,0.));
#4136 = ADVANCED_FACE('',(#4137),#4155,.F.);
#4137 = FACE_BOUND('',#4138,.F.);
#4138 = EDGE_LOOP('',(#4139,#4147,#4153,#4154));
#4139 = ORIENTED_EDGE('',*,*,#4140,.T.);
#4140 = EDGE_CURVE('',#1001,#4141,#4143,.T.);
#4141 = VERTEX_POINT('',#4142);
#4142 = CARTESIAN_POINT('',(5.690363721803,-15.33933285066,1.6));
#4143 = LINE('',#4144,#4145);
#4144 = CARTESIAN_POINT('',(5.690363721803,-15.33933285066,2.));
#4145 = VECTOR('',#4146,1.);
#4146 = DIRECTION('',(-0.,0.,-1.));
#4147 = ORIENTED_EDGE('',*,*,#4148,.T.);
#4148 = EDGE_CURVE('',#4141,#4110,#4149,.T.);
#4149 = LINE('',#4150,#4151);
#4150 = CARTESIAN_POINT('',(5.690363721803,-15.33933285066,1.6));
#4151 = VECTOR('',#4152,1.);
#4152 = DIRECTION('',(-0.324699469205,0.945817241701,0.));
#4153 = ORIENTED_EDGE('',*,*,#4109,.F.);
#4154 = ORIENTED_EDGE('',*,*,#1000,.F.);
#4155 = PLANE('',#4156);
#4156 = AXIS2_PLACEMENT_3D('',#4157,#4158,#4159);
#4157 = CARTESIAN_POINT('',(5.690363721803,-15.33933285066,2.));
#4158 = DIRECTION('',(0.945817241701,0.324699469205,0.));
#4159 = DIRECTION('',(-0.324699469205,0.945817241701,0.));
#4160 = ADVANCED_FACE('',(#4161),#4179,.F.);
#4161 = FACE_BOUND('',#4162,.F.);
#4162 = EDGE_LOOP('',(#4163,#4164,#4172,#4178));
#4163 = ORIENTED_EDGE('',*,*,#4125,.T.);
#4164 = ORIENTED_EDGE('',*,*,#4165,.T.);
#4165 = EDGE_CURVE('',#4118,#4166,#4168,.T.);
#4166 = VERTEX_POINT('',#4167);
#4167 = CARTESIAN_POINT('',(4.931116714981,-15.59998267733,1.6));
#4168 = LINE('',#4169,#4170);
#4169 = CARTESIAN_POINT('',(4.279492148307,-13.70186516027,1.6));
#4170 = VECTOR('',#4171,1.);
#4171 = DIRECTION('',(0.324699469205,-0.945817241701,0.));
#4172 = ORIENTED_EDGE('',*,*,#4173,.F.);
#4173 = EDGE_CURVE('',#1009,#4166,#4174,.T.);
#4174 = LINE('',#4175,#4176);
#4175 = CARTESIAN_POINT('',(4.931116714981,-15.59998267733,2.));
#4176 = VECTOR('',#4177,1.);
#4177 = DIRECTION('',(-0.,0.,-1.));
#4178 = ORIENTED_EDGE('',*,*,#1016,.F.);
#4179 = PLANE('',#4180);
#4180 = AXIS2_PLACEMENT_3D('',#4181,#4182,#4183);
#4181 = CARTESIAN_POINT('',(4.279492148307,-13.70186516027,2.));
#4182 = DIRECTION('',(-0.945817241701,-0.324699469205,0.));
#4183 = DIRECTION('',(0.324699469205,-0.945817241701,0.));
#4184 = ADVANCED_FACE('',(#4185),#4196,.F.);
#4185 = FACE_BOUND('',#4186,.F.);
#4186 = EDGE_LOOP('',(#4187,#4188,#4194,#4195));
#4187 = ORIENTED_EDGE('',*,*,#4173,.T.);
#4188 = ORIENTED_EDGE('',*,*,#4189,.T.);
#4189 = EDGE_CURVE('',#4166,#4141,#4190,.T.);
#4190 = LINE('',#4191,#4192);
#4191 = CARTESIAN_POINT('',(4.931116714981,-15.59998267733,1.6));
#4192 = VECTOR('',#4193,1.);
#4193 = DIRECTION('',(0.945817241701,0.324699469205,0.));
#4194 = ORIENTED_EDGE('',*,*,#4140,.F.);
#4195 = ORIENTED_EDGE('',*,*,#1008,.F.);
#4196 = PLANE('',#4197);
#4197 = AXIS2_PLACEMENT_3D('',#4198,#4199,#4200);
#4198 = CARTESIAN_POINT('',(4.931116714981,-15.59998267733,2.));
#4199 = DIRECTION('',(0.324699469205,-0.945817241701,0.));
#4200 = DIRECTION('',(0.945817241701,0.324699469205,0.));
#4201 = ADVANCED_FACE('',(#4202),#4227,.F.);
#4202 = FACE_BOUND('',#4203,.F.);
#4203 = EDGE_LOOP('',(#4204,#4212,#4220,#4226));
#4204 = ORIENTED_EDGE('',*,*,#4205,.T.);
#4205 = EDGE_CURVE('',#1036,#4206,#4208,.T.);
#4206 = VERTEX_POINT('',#4207);
#4207 = CARTESIAN_POINT('',(7.18236865127,-12.428545469,1.6));
#4208 = LINE('',#4209,#4210);
#4209 = CARTESIAN_POINT('',(7.18236865127,-12.428545469,2.));
#4210 = VECTOR('',#4211,1.);
#4211 = DIRECTION('',(-0.,0.,-1.));
#4212 = ORIENTED_EDGE('',*,*,#4213,.T.);
#4213 = EDGE_CURVE('',#4206,#4214,#4216,.T.);
#4214 = VERTEX_POINT('',#4215);
#4215 = CARTESIAN_POINT('',(6.476378335444,-12.81060832177,1.6));
#4216 = LINE('',#4217,#4218);
#4217 = CARTESIAN_POINT('',(7.18236865127,-12.428545469,1.6));
#4218 = VECTOR('',#4219,1.);
#4219 = DIRECTION('',(-0.879473751206,-0.475947393037,0.));
#4220 = ORIENTED_EDGE('',*,*,#4221,.F.);
#4221 = EDGE_CURVE('',#1038,#4214,#4222,.T.);
#4222 = LINE('',#4223,#4224);
#4223 = CARTESIAN_POINT('',(6.476378335444,-12.81060832177,2.));
#4224 = VECTOR('',#4225,1.);
#4225 = DIRECTION('',(-0.,0.,-1.));
#4226 = ORIENTED_EDGE('',*,*,#1035,.F.);
#4227 = PLANE('',#4228);
#4228 = AXIS2_PLACEMENT_3D('',#4229,#4230,#4231);
#4229 = CARTESIAN_POINT('',(7.18236865127,-12.428545469,2.));
#4230 = DIRECTION('',(-0.475947393037,0.879473751206,0.));
#4231 = DIRECTION('',(-0.879473751206,-0.475947393037,0.));
#4232 = ADVANCED_FACE('',(#4233),#4251,.F.);
#4233 = FACE_BOUND('',#4234,.F.);
#4234 = EDGE_LOOP('',(#4235,#4243,#4249,#4250));
#4235 = ORIENTED_EDGE('',*,*,#4236,.T.);
#4236 = EDGE_CURVE('',#1046,#4237,#4239,.T.);
#4237 = VERTEX_POINT('',#4238);
#4238 = CARTESIAN_POINT('',(8.137525783208,-14.19352125857,1.6));
#4239 = LINE('',#4240,#4241);
#4240 = CARTESIAN_POINT('',(8.137525783208,-14.19352125857,2.));
#4241 = VECTOR('',#4242,1.);
#4242 = DIRECTION('',(-0.,0.,-1.));
#4243 = ORIENTED_EDGE('',*,*,#4244,.T.);
#4244 = EDGE_CURVE('',#4237,#4206,#4245,.T.);
#4245 = LINE('',#4246,#4247);
#4246 = CARTESIAN_POINT('',(8.137525783208,-14.19352125857,1.6));
#4247 = VECTOR('',#4248,1.);
#4248 = DIRECTION('',(-0.475947393037,0.879473751206,0.));
#4249 = ORIENTED_EDGE('',*,*,#4205,.F.);
#4250 = ORIENTED_EDGE('',*,*,#1045,.F.);
#4251 = PLANE('',#4252);
#4252 = AXIS2_PLACEMENT_3D('',#4253,#4254,#4255);
#4253 = CARTESIAN_POINT('',(8.137525783208,-14.19352125857,2.));
#4254 = DIRECTION('',(0.879473751206,0.475947393037,0.));
#4255 = DIRECTION('',(-0.475947393037,0.879473751206,0.));
#4256 = ADVANCED_FACE('',(#4257),#4275,.F.);
#4257 = FACE_BOUND('',#4258,.F.);
#4258 = EDGE_LOOP('',(#4259,#4260,#4268,#4274));
#4259 = ORIENTED_EDGE('',*,*,#4221,.T.);
#4260 = ORIENTED_EDGE('',*,*,#4261,.T.);
#4261 = EDGE_CURVE('',#4214,#4262,#4264,.T.);
#4262 = VERTEX_POINT('',#4263);
#4263 = CARTESIAN_POINT('',(7.431535467382,-14.57558411134,1.6));
#4264 = LINE('',#4265,#4266);
#4265 = CARTESIAN_POINT('',(6.476378335444,-12.81060832177,1.6));
#4266 = VECTOR('',#4267,1.);
#4267 = DIRECTION('',(0.475947393037,-0.879473751206,0.));
#4268 = ORIENTED_EDGE('',*,*,#4269,.F.);
#4269 = EDGE_CURVE('',#1054,#4262,#4270,.T.);
#4270 = LINE('',#4271,#4272);
#4271 = CARTESIAN_POINT('',(7.431535467382,-14.57558411134,2.));
#4272 = VECTOR('',#4273,1.);
#4273 = DIRECTION('',(-0.,0.,-1.));
#4274 = ORIENTED_EDGE('',*,*,#1061,.F.);
#4275 = PLANE('',#4276);
#4276 = AXIS2_PLACEMENT_3D('',#4277,#4278,#4279);
#4277 = CARTESIAN_POINT('',(6.476378335444,-12.81060832177,2.));
#4278 = DIRECTION('',(-0.879473751206,-0.475947393037,0.));
#4279 = DIRECTION('',(0.475947393037,-0.879473751206,0.));
#4280 = ADVANCED_FACE('',(#4281),#4292,.F.);
#4281 = FACE_BOUND('',#4282,.F.);
#4282 = EDGE_LOOP('',(#4283,#4284,#4290,#4291));
#4283 = ORIENTED_EDGE('',*,*,#4269,.T.);
#4284 = ORIENTED_EDGE('',*,*,#4285,.T.);
#4285 = EDGE_CURVE('',#4262,#4237,#4286,.T.);
#4286 = LINE('',#4287,#4288);
#4287 = CARTESIAN_POINT('',(7.431535467382,-14.57558411134,1.6));
#4288 = VECTOR('',#4289,1.);
#4289 = DIRECTION('',(0.879473751206,0.475947393037,0.));
#4290 = ORIENTED_EDGE('',*,*,#4236,.F.);
#4291 = ORIENTED_EDGE('',*,*,#1053,.F.);
#4292 = PLANE('',#4293);
#4293 = AXIS2_PLACEMENT_3D('',#4294,#4295,#4296);
#4294 = CARTESIAN_POINT('',(7.431535467382,-14.57558411134,2.));
#4295 = DIRECTION('',(0.475947393037,-0.879473751206,0.));
#4296 = DIRECTION('',(0.879473751206,0.475947393037,0.));
#4297 = ADVANCED_FACE('',(#4298),#4323,.F.);
#4298 = FACE_BOUND('',#4299,.F.);
#4299 = EDGE_LOOP('',(#4300,#4308,#4316,#4322));
#4300 = ORIENTED_EDGE('',*,*,#4301,.T.);
#4301 = EDGE_CURVE('',#1070,#4302,#4304,.T.);
#4302 = VERTEX_POINT('',#4303);
#4303 = CARTESIAN_POINT('',(9.130081853642,-11.0768572828,1.6));
#4304 = LINE('',#4305,#4306);
#4305 = CARTESIAN_POINT('',(9.130081853642,-11.0768572828,2.));
#4306 = VECTOR('',#4307,1.);
#4307 = DIRECTION('',(-0.,0.,-1.));
#4308 = ORIENTED_EDGE('',*,*,#4309,.T.);
#4309 = EDGE_CURVE('',#4302,#4310,#4312,.T.);
#4310 = VERTEX_POINT('',#4311);
#4311 = CARTESIAN_POINT('',(8.496605804248,-11.56991148302,1.6));
#4312 = LINE('',#4313,#4314);
#4313 = CARTESIAN_POINT('',(9.130081853642,-11.0768572828,1.6));
#4314 = VECTOR('',#4315,1.);
#4315 = DIRECTION('',(-0.789140509396,-0.61421271269,0.));
#4316 = ORIENTED_EDGE('',*,*,#4317,.F.);
#4317 = EDGE_CURVE('',#1072,#4310,#4318,.T.);
#4318 = LINE('',#4319,#4320);
#4319 = CARTESIAN_POINT('',(8.496605804248,-11.56991148302,2.));
#4320 = VECTOR('',#4321,1.);
#4321 = DIRECTION('',(-0.,0.,-1.));
#4322 = ORIENTED_EDGE('',*,*,#1069,.F.);
#4323 = PLANE('',#4324);
#4324 = AXIS2_PLACEMENT_3D('',#4325,#4326,#4327);
#4325 = CARTESIAN_POINT('',(9.130081853642,-11.0768572828,2.));
#4326 = DIRECTION('',(-0.61421271269,0.789140509396,0.));
#4327 = DIRECTION('',(-0.789140509396,-0.61421271269,0.));
#4328 = ADVANCED_FACE('',(#4329),#4347,.F.);
#4329 = FACE_BOUND('',#4330,.F.);
#4330 = EDGE_LOOP('',(#4331,#4339,#4345,#4346));
#4331 = ORIENTED_EDGE('',*,*,#4332,.T.);
#4332 = EDGE_CURVE('',#1080,#4333,#4335,.T.);
#4333 = VERTEX_POINT('',#4334);
#4334 = CARTESIAN_POINT('',(10.362717354193,-12.66054740629,1.6));
#4335 = LINE('',#4336,#4337);
#4336 = CARTESIAN_POINT('',(10.362717354193,-12.66054740629,2.));
#4337 = VECTOR('',#4338,1.);
#4338 = DIRECTION('',(-0.,0.,-1.));
#4339 = ORIENTED_EDGE('',*,*,#4340,.T.);
#4340 = EDGE_CURVE('',#4333,#4302,#4341,.T.);
#4341 = LINE('',#4342,#4343);
#4342 = CARTESIAN_POINT('',(10.362717354193,-12.66054740629,1.6));
#4343 = VECTOR('',#4344,1.);
#4344 = DIRECTION('',(-0.61421271269,0.789140509396,0.));
#4345 = ORIENTED_EDGE('',*,*,#4301,.F.);
#4346 = ORIENTED_EDGE('',*,*,#1079,.F.);
#4347 = PLANE('',#4348);
#4348 = AXIS2_PLACEMENT_3D('',#4349,#4350,#4351);
#4349 = CARTESIAN_POINT('',(10.362717354193,-12.66054740629,2.));
#4350 = DIRECTION('',(0.789140509396,0.61421271269,0.));
#4351 = DIRECTION('',(-0.61421271269,0.789140509396,0.));
#4352 = ADVANCED_FACE('',(#4353),#4371,.F.);
#4353 = FACE_BOUND('',#4354,.F.);
#4354 = EDGE_LOOP('',(#4355,#4356,#4364,#4370));
#4355 = ORIENTED_EDGE('',*,*,#4317,.T.);
#4356 = ORIENTED_EDGE('',*,*,#4357,.T.);
#4357 = EDGE_CURVE('',#4310,#4358,#4360,.T.);
#4358 = VERTEX_POINT('',#4359);
#4359 = CARTESIAN_POINT('',(9.729241304799,-13.15360160651,1.6));
#4360 = LINE('',#4361,#4362);
#4361 = CARTESIAN_POINT('',(8.496605804248,-11.56991148302,1.6));
#4362 = VECTOR('',#4363,1.);
#4363 = DIRECTION('',(0.61421271269,-0.789140509396,0.));
#4364 = ORIENTED_EDGE('',*,*,#4365,.F.);
#4365 = EDGE_CURVE('',#1088,#4358,#4366,.T.);
#4366 = LINE('',#4367,#4368);
#4367 = CARTESIAN_POINT('',(9.729241304799,-13.15360160651,2.));
#4368 = VECTOR('',#4369,1.);
#4369 = DIRECTION('',(-0.,0.,-1.));
#4370 = ORIENTED_EDGE('',*,*,#1095,.F.);
#4371 = PLANE('',#4372);
#4372 = AXIS2_PLACEMENT_3D('',#4373,#4374,#4375);
#4373 = CARTESIAN_POINT('',(8.496605804248,-11.56991148302,2.));
#4374 = DIRECTION('',(-0.789140509396,-0.61421271269,0.));
#4375 = DIRECTION('',(0.61421271269,-0.789140509396,0.));
#4376 = ADVANCED_FACE('',(#4377),#4388,.F.);
#4377 = FACE_BOUND('',#4378,.F.);
#4378 = EDGE_LOOP('',(#4379,#4380,#4386,#4387));
#4379 = ORIENTED_EDGE('',*,*,#4365,.T.);
#4380 = ORIENTED_EDGE('',*,*,#4381,.T.);
#4381 = EDGE_CURVE('',#4358,#4333,#4382,.T.);
#4382 = LINE('',#4383,#4384);
#4383 = CARTESIAN_POINT('',(9.729241304799,-13.15360160651,1.6));
#4384 = VECTOR('',#4385,1.);
#4385 = DIRECTION('',(0.789140509396,0.61421271269,0.));
#4386 = ORIENTED_EDGE('',*,*,#4332,.F.);
#4387 = ORIENTED_EDGE('',*,*,#1087,.F.);
#4388 = PLANE('',#4389);
#4389 = AXIS2_PLACEMENT_3D('',#4390,#4391,#4392);
#4390 = CARTESIAN_POINT('',(9.729241304799,-13.15360160651,2.));
#4391 = DIRECTION('',(0.61421271269,-0.789140509396,0.));
#4392 = DIRECTION('',(0.789140509396,0.61421271269,0.));
#4393 = ADVANCED_FACE('',(#4394),#4419,.F.);
#4394 = FACE_BOUND('',#4395,.F.);
#4395 = EDGE_LOOP('',(#4396,#4404,#4412,#4418));
#4396 = ORIENTED_EDGE('',*,*,#4397,.T.);
#4397 = EDGE_CURVE('',#1126,#4398,#4400,.T.);
#4398 = VERTEX_POINT('',#4399);
#4399 = CARTESIAN_POINT('',(10.828750223393,-9.423021305145,1.6));
#4400 = LINE('',#4401,#4402);
#4401 = CARTESIAN_POINT('',(10.828750223393,-9.423021305145,2.));
#4402 = VECTOR('',#4403,1.);
#4403 = DIRECTION('',(-0.,0.,-1.));
#4404 = ORIENTED_EDGE('',*,*,#4405,.T.);
#4405 = EDGE_CURVE('',#4398,#4406,#4408,.T.);
#4406 = VERTEX_POINT('',#4407);
#4407 = CARTESIAN_POINT('',(10.28506801571,-10.01361761952,1.6));
#4408 = LINE('',#4409,#4410);
#4409 = CARTESIAN_POINT('',(10.828750223393,-9.423021305145,1.6));
#4410 = VECTOR('',#4411,1.);
#4411 = DIRECTION('',(-0.677281571626,-0.735723910673,0.));
#4412 = ORIENTED_EDGE('',*,*,#4413,.F.);
#4413 = EDGE_CURVE('',#1128,#4406,#4414,.T.);
#4414 = LINE('',#4415,#4416);
#4415 = CARTESIAN_POINT('',(10.28506801571,-10.01361761952,2.));
#4416 = VECTOR('',#4417,1.);
#4417 = DIRECTION('',(-0.,0.,-1.));
#4418 = ORIENTED_EDGE('',*,*,#1125,.F.);
#4419 = PLANE('',#4420);
#4420 = AXIS2_PLACEMENT_3D('',#4421,#4422,#4423);
#4421 = CARTESIAN_POINT('',(10.828750223393,-9.423021305145,2.));
#4422 = DIRECTION('',(-0.735723910673,0.677281571626,0.));
#4423 = DIRECTION('',(-0.677281571626,-0.735723910673,0.));
#4424 = ADVANCED_FACE('',(#4425),#4443,.F.);
#4425 = FACE_BOUND('',#4426,.F.);
#4426 = EDGE_LOOP('',(#4427,#4435,#4441,#4442));
#4427 = ORIENTED_EDGE('',*,*,#4428,.T.);
#4428 = EDGE_CURVE('',#1136,#4429,#4431,.T.);
#4429 = VERTEX_POINT('',#4430);
#4430 = CARTESIAN_POINT('',(12.305241009344,-10.78222682435,1.6));
#4431 = LINE('',#4432,#4433);
#4432 = CARTESIAN_POINT('',(12.305241009344,-10.78222682435,2.));
#4433 = VECTOR('',#4434,1.);
#4434 = DIRECTION('',(-0.,0.,-1.));
#4435 = ORIENTED_EDGE('',*,*,#4436,.T.);
#4436 = EDGE_CURVE('',#4429,#4398,#4437,.T.);
#4437 = LINE('',#4438,#4439);
#4438 = CARTESIAN_POINT('',(12.305241009344,-10.78222682435,1.6));
#4439 = VECTOR('',#4440,1.);
#4440 = DIRECTION('',(-0.735723910673,0.677281571626,0.));
#4441 = ORIENTED_EDGE('',*,*,#4397,.F.);
#4442 = ORIENTED_EDGE('',*,*,#1135,.F.);
#4443 = PLANE('',#4444);
#4444 = AXIS2_PLACEMENT_3D('',#4445,#4446,#4447);
#4445 = CARTESIAN_POINT('',(12.305241009344,-10.78222682435,2.));
#4446 = DIRECTION('',(0.677281571626,0.735723910673,0.));
#4447 = DIRECTION('',(-0.735723910673,0.677281571626,0.));
#4448 = ADVANCED_FACE('',(#4449),#4467,.F.);
#4449 = FACE_BOUND('',#4450,.F.);
#4450 = EDGE_LOOP('',(#4451,#4452,#4460,#4466));
#4451 = ORIENTED_EDGE('',*,*,#4413,.T.);
#4452 = ORIENTED_EDGE('',*,*,#4453,.T.);
#4453 = EDGE_CURVE('',#4406,#4454,#4456,.T.);
#4454 = VERTEX_POINT('',#4455);
#4455 = CARTESIAN_POINT('',(11.761558801661,-11.37282313873,1.6));
#4456 = LINE('',#4457,#4458);
#4457 = CARTESIAN_POINT('',(10.28506801571,-10.01361761952,1.6));
#4458 = VECTOR('',#4459,1.);
#4459 = DIRECTION('',(0.735723910673,-0.677281571626,0.));
#4460 = ORIENTED_EDGE('',*,*,#4461,.F.);
#4461 = EDGE_CURVE('',#1144,#4454,#4462,.T.);
#4462 = LINE('',#4463,#4464);
#4463 = CARTESIAN_POINT('',(11.761558801661,-11.37282313873,2.));
#4464 = VECTOR('',#4465,1.);
#4465 = DIRECTION('',(-0.,0.,-1.));
#4466 = ORIENTED_EDGE('',*,*,#1151,.F.);
#4467 = PLANE('',#4468);
#4468 = AXIS2_PLACEMENT_3D('',#4469,#4470,#4471);
#4469 = CARTESIAN_POINT('',(10.28506801571,-10.01361761952,2.));
#4470 = DIRECTION('',(-0.677281571626,-0.735723910673,0.));
#4471 = DIRECTION('',(0.735723910673,-0.677281571626,0.));
#4472 = ADVANCED_FACE('',(#4473),#4484,.F.);
#4473 = FACE_BOUND('',#4474,.F.);
#4474 = EDGE_LOOP('',(#4475,#4476,#4482,#4483));
#4475 = ORIENTED_EDGE('',*,*,#4461,.T.);
#4476 = ORIENTED_EDGE('',*,*,#4477,.T.);
#4477 = EDGE_CURVE('',#4454,#4429,#4478,.T.);
#4478 = LINE('',#4479,#4480);
#4479 = CARTESIAN_POINT('',(11.761558801661,-11.37282313873,1.6));
#4480 = VECTOR('',#4481,1.);
#4481 = DIRECTION('',(0.677281571626,0.735723910673,0.));
#4482 = ORIENTED_EDGE('',*,*,#4428,.F.);
#4483 = ORIENTED_EDGE('',*,*,#1143,.F.);
#4484 = PLANE('',#4485);
#4485 = AXIS2_PLACEMENT_3D('',#4486,#4487,#4488);
#4486 = CARTESIAN_POINT('',(11.761558801661,-11.37282313873,2.));
#4487 = DIRECTION('',(0.735723910673,-0.677281571626,0.));
#4488 = DIRECTION('',(0.677281571626,0.735723910673,0.));
#4489 = ADVANCED_FACE('',(#4490),#4515,.F.);
#4490 = FACE_BOUND('',#4491,.F.);
#4491 = EDGE_LOOP('',(#4492,#4500,#4508,#4514));
#4492 = ORIENTED_EDGE('',*,*,#4493,.T.);
#4493 = EDGE_CURVE('',#1171,#4494,#4496,.T.);
#4494 = VERTEX_POINT('',#4495);
#4495 = CARTESIAN_POINT('',(12.232038515495,-7.512149870263,1.6));
#4496 = LINE('',#4497,#4498);
#4497 = CARTESIAN_POINT('',(12.232038515495,-7.512149870263,2.));
#4498 = VECTOR('',#4499,1.);
#4499 = DIRECTION('',(-0.,0.,-1.));
#4500 = ORIENTED_EDGE('',*,*,#4501,.T.);
#4501 = EDGE_CURVE('',#4494,#4502,#4504,.T.);
#4502 = VERTEX_POINT('',#4503);
#4503 = CARTESIAN_POINT('',(11.792980382875,-8.184178370916,1.6));
#4504 = LINE('',#4505,#4506);
#4505 = CARTESIAN_POINT('',(12.232038515495,-7.512149870263,1.6));
#4506 = VECTOR('',#4507,1.);
#4507 = DIRECTION('',(-0.546948158122,-0.837166478263,0.));
#4508 = ORIENTED_EDGE('',*,*,#4509,.F.);
#4509 = EDGE_CURVE('',#1173,#4502,#4510,.T.);
#4510 = LINE('',#4511,#4512);
#4511 = CARTESIAN_POINT('',(11.792980382875,-8.184178370916,2.));
#4512 = VECTOR('',#4513,1.);
#4513 = DIRECTION('',(-0.,0.,-1.));
#4514 = ORIENTED_EDGE('',*,*,#1170,.F.);
#4515 = PLANE('',#4516);
#4516 = AXIS2_PLACEMENT_3D('',#4517,#4518,#4519);
#4517 = CARTESIAN_POINT('',(12.232038515495,-7.512149870263,2.));
#4518 = DIRECTION('',(-0.837166478263,0.546948158122,0.));
#4519 = DIRECTION('',(-0.546948158122,-0.837166478263,0.));
#4520 = ADVANCED_FACE('',(#4521),#4539,.F.);
#4521 = FACE_BOUND('',#4522,.F.);
#4522 = EDGE_LOOP('',(#4523,#4531,#4537,#4538));
#4523 = ORIENTED_EDGE('',*,*,#4524,.T.);
#4524 = EDGE_CURVE('',#1181,#4525,#4527,.T.);
#4525 = VERTEX_POINT('',#4526);
#4526 = CARTESIAN_POINT('',(13.91210976713,-8.609795201813,1.6));
#4527 = LINE('',#4528,#4529);
#4528 = CARTESIAN_POINT('',(13.91210976713,-8.609795201813,2.));
#4529 = VECTOR('',#4530,1.);
#4530 = DIRECTION('',(-0.,0.,-1.));
#4531 = ORIENTED_EDGE('',*,*,#4532,.T.);
#4532 = EDGE_CURVE('',#4525,#4494,#4533,.T.);
#4533 = LINE('',#4534,#4535);
#4534 = CARTESIAN_POINT('',(13.91210976713,-8.609795201813,1.6));
#4535 = VECTOR('',#4536,1.);
#4536 = DIRECTION('',(-0.837166478263,0.546948158122,0.));
#4537 = ORIENTED_EDGE('',*,*,#4493,.F.);
#4538 = ORIENTED_EDGE('',*,*,#1180,.F.);
#4539 = PLANE('',#4540);
#4540 = AXIS2_PLACEMENT_3D('',#4541,#4542,#4543);
#4541 = CARTESIAN_POINT('',(13.91210976713,-8.609795201813,2.));
#4542 = DIRECTION('',(0.546948158122,0.837166478263,0.));
#4543 = DIRECTION('',(-0.837166478263,0.546948158122,0.));
#4544 = ADVANCED_FACE('',(#4545),#4563,.F.);
#4545 = FACE_BOUND('',#4546,.F.);
#4546 = EDGE_LOOP('',(#4547,#4548,#4556,#4562));
#4547 = ORIENTED_EDGE('',*,*,#4509,.T.);
#4548 = ORIENTED_EDGE('',*,*,#4549,.T.);
#4549 = EDGE_CURVE('',#4502,#4550,#4552,.T.);
#4550 = VERTEX_POINT('',#4551);
#4551 = CARTESIAN_POINT('',(13.473051634509,-9.281823702467,1.6));
#4552 = LINE('',#4553,#4554);
#4553 = CARTESIAN_POINT('',(11.792980382875,-8.184178370916,1.6));
#4554 = VECTOR('',#4555,1.);
#4555 = DIRECTION('',(0.837166478263,-0.546948158122,0.));
#4556 = ORIENTED_EDGE('',*,*,#4557,.F.);
#4557 = EDGE_CURVE('',#1189,#4550,#4558,.T.);
#4558 = LINE('',#4559,#4560);
#4559 = CARTESIAN_POINT('',(13.473051634509,-9.281823702467,2.));
#4560 = VECTOR('',#4561,1.);
#4561 = DIRECTION('',(-0.,0.,-1.));
#4562 = ORIENTED_EDGE('',*,*,#1196,.F.);
#4563 = PLANE('',#4564);
#4564 = AXIS2_PLACEMENT_3D('',#4565,#4566,#4567);
#4565 = CARTESIAN_POINT('',(11.792980382875,-8.184178370916,2.));
#4566 = DIRECTION('',(-0.546948158122,-0.837166478263,0.));
#4567 = DIRECTION('',(0.837166478263,-0.546948158122,0.));
#4568 = ADVANCED_FACE('',(#4569),#4580,.F.);
#4569 = FACE_BOUND('',#4570,.F.);
#4570 = EDGE_LOOP('',(#4571,#4572,#4578,#4579));
#4571 = ORIENTED_EDGE('',*,*,#4557,.T.);
#4572 = ORIENTED_EDGE('',*,*,#4573,.T.);
#4573 = EDGE_CURVE('',#4550,#4525,#4574,.T.);
#4574 = LINE('',#4575,#4576);
#4575 = CARTESIAN_POINT('',(13.473051634509,-9.281823702467,1.6));
#4576 = VECTOR('',#4577,1.);
#4577 = DIRECTION('',(0.546948158122,0.837166478263,0.));
#4578 = ORIENTED_EDGE('',*,*,#4524,.F.);
#4579 = ORIENTED_EDGE('',*,*,#1188,.F.);
#4580 = PLANE('',#4581);
#4581 = AXIS2_PLACEMENT_3D('',#4582,#4583,#4584);
#4582 = CARTESIAN_POINT('',(13.473051634509,-9.281823702467,2.));
#4583 = DIRECTION('',(0.837166478263,-0.546948158122,0.));
#4584 = DIRECTION('',(0.546948158122,0.837166478263,0.));
#4585 = ADVANCED_FACE('',(#4586),#4611,.F.);
#4586 = FACE_BOUND('',#4587,.F.);
#4587 = EDGE_LOOP('',(#4588,#4596,#4604,#4610));
#4588 = ORIENTED_EDGE('',*,*,#4589,.T.);
#4589 = EDGE_CURVE('',#1205,#4590,#4592,.T.);
#4590 = VERTEX_POINT('',#4591);
#4591 = CARTESIAN_POINT('',(13.30166868344,-5.396366569633,1.6));
#4592 = LINE('',#4593,#4594);
#4593 = CARTESIAN_POINT('',(13.30166868344,-5.396366569633,2.));
#4594 = VECTOR('',#4595,1.);
#4595 = DIRECTION('',(-0.,0.,-1.));
#4596 = ORIENTED_EDGE('',*,*,#4597,.T.);
#4597 = EDGE_CURVE('',#4590,#4598,#4600,.T.);
#4598 = VERTEX_POINT('',#4599);
#4599 = CARTESIAN_POINT('',(12.979210987201,-6.131496070909,1.6));
#4600 = LINE('',#4601,#4602);
#4601 = CARTESIAN_POINT('',(13.30166868344,-5.396366569633,1.6));
#4602 = VECTOR('',#4603,1.);
#4603 = DIRECTION('',(-0.401695424653,-0.915773326655,0.));
#4604 = ORIENTED_EDGE('',*,*,#4605,.F.);
#4605 = EDGE_CURVE('',#1207,#4598,#4606,.T.);
#4606 = LINE('',#4607,#4608);
#4607 = CARTESIAN_POINT('',(12.979210987201,-6.131496070909,2.));
#4608 = VECTOR('',#4609,1.);
#4609 = DIRECTION('',(-0.,0.,-1.));
#4610 = ORIENTED_EDGE('',*,*,#1204,.F.);
#4611 = PLANE('',#4612);
#4612 = AXIS2_PLACEMENT_3D('',#4613,#4614,#4615);
#4613 = CARTESIAN_POINT('',(13.30166868344,-5.396366569633,2.));
#4614 = DIRECTION('',(-0.915773326655,0.401695424653,0.));
#4615 = DIRECTION('',(-0.401695424653,-0.915773326655,0.));
#4616 = ADVANCED_FACE('',(#4617),#4635,.F.);
#4617 = FACE_BOUND('',#4618,.F.);
#4618 = EDGE_LOOP('',(#4619,#4627,#4633,#4634));
#4619 = ORIENTED_EDGE('',*,*,#4620,.T.);
#4620 = EDGE_CURVE('',#1215,#4621,#4623,.T.);
#4621 = VERTEX_POINT('',#4622);
#4622 = CARTESIAN_POINT('',(15.139492436631,-6.20251081023,1.6));
#4623 = LINE('',#4624,#4625);
#4624 = CARTESIAN_POINT('',(15.139492436631,-6.20251081023,2.));
#4625 = VECTOR('',#4626,1.);
#4626 = DIRECTION('',(-0.,0.,-1.));
#4627 = ORIENTED_EDGE('',*,*,#4628,.T.);
#4628 = EDGE_CURVE('',#4621,#4590,#4629,.T.);
#4629 = LINE('',#4630,#4631);
#4630 = CARTESIAN_POINT('',(15.139492436631,-6.20251081023,1.6));
#4631 = VECTOR('',#4632,1.);
#4632 = DIRECTION('',(-0.915773326655,0.401695424653,0.));
#4633 = ORIENTED_EDGE('',*,*,#4589,.F.);
#4634 = ORIENTED_EDGE('',*,*,#1214,.F.);
#4635 = PLANE('',#4636);
#4636 = AXIS2_PLACEMENT_3D('',#4637,#4638,#4639);
#4637 = CARTESIAN_POINT('',(15.139492436631,-6.20251081023,2.));
#4638 = DIRECTION('',(0.401695424653,0.915773326655,0.));
#4639 = DIRECTION('',(-0.915773326655,0.401695424653,0.));
#4640 = ADVANCED_FACE('',(#4641),#4659,.F.);
#4641 = FACE_BOUND('',#4642,.F.);
#4642 = EDGE_LOOP('',(#4643,#4644,#4652,#4658));
#4643 = ORIENTED_EDGE('',*,*,#4605,.T.);
#4644 = ORIENTED_EDGE('',*,*,#4645,.T.);
#4645 = EDGE_CURVE('',#4598,#4646,#4648,.T.);
#4646 = VERTEX_POINT('',#4647);
#4647 = CARTESIAN_POINT('',(14.817034740392,-6.937640311507,1.6));
#4648 = LINE('',#4649,#4650);
#4649 = CARTESIAN_POINT('',(12.979210987201,-6.131496070909,1.6));
#4650 = VECTOR('',#4651,1.);
#4651 = DIRECTION('',(0.915773326655,-0.401695424653,0.));
#4652 = ORIENTED_EDGE('',*,*,#4653,.F.);
#4653 = EDGE_CURVE('',#1223,#4646,#4654,.T.);
#4654 = LINE('',#4655,#4656);
#4655 = CARTESIAN_POINT('',(14.817034740392,-6.937640311507,2.));
#4656 = VECTOR('',#4657,1.);
#4657 = DIRECTION('',(-0.,0.,-1.));
#4658 = ORIENTED_EDGE('',*,*,#1230,.F.);
#4659 = PLANE('',#4660);
#4660 = AXIS2_PLACEMENT_3D('',#4661,#4662,#4663);
#4661 = CARTESIAN_POINT('',(12.979210987201,-6.131496070909,2.));
#4662 = DIRECTION('',(-0.401695424653,-0.915773326655,0.));
#4663 = DIRECTION('',(0.915773326655,-0.401695424653,0.));
#4664 = ADVANCED_FACE('',(#4665),#4676,.F.);
#4665 = FACE_BOUND('',#4666,.F.);
#4666 = EDGE_LOOP('',(#4667,#4668,#4674,#4675));
#4667 = ORIENTED_EDGE('',*,*,#4653,.T.);
#4668 = ORIENTED_EDGE('',*,*,#4669,.T.);
#4669 = EDGE_CURVE('',#4646,#4621,#4670,.T.);
#4670 = LINE('',#4671,#4672);
#4671 = CARTESIAN_POINT('',(14.817034740392,-6.937640311507,1.6));
#4672 = VECTOR('',#4673,1.);
#4673 = DIRECTION('',(0.401695424653,0.915773326655,0.));
#4674 = ORIENTED_EDGE('',*,*,#4620,.F.);
#4675 = ORIENTED_EDGE('',*,*,#1222,.F.);
#4676 = PLANE('',#4677);
#4677 = AXIS2_PLACEMENT_3D('',#4678,#4679,#4680);
#4678 = CARTESIAN_POINT('',(14.817034740392,-6.937640311507,2.));
#4679 = DIRECTION('',(0.915773326655,-0.401695424653,0.));
#4680 = DIRECTION('',(0.401695424653,0.915773326655,0.));
#4681 = ADVANCED_FACE('',(#4682),#4707,.F.);
#4682 = FACE_BOUND('',#4683,.F.);
#4683 = EDGE_LOOP('',(#4684,#4692,#4700,#4706));
#4684 = ORIENTED_EDGE('',*,*,#4685,.T.);
#4685 = EDGE_CURVE('',#1261,#4686,#4688,.T.);
#4686 = VERTEX_POINT('',#4687);
#4687 = CARTESIAN_POINT('',(14.008464004562,-3.133384456261,1.6));
#4688 = LINE('',#4689,#4690);
#4689 = CARTESIAN_POINT('',(14.008464004562,-3.133384456261,2.));
#4690 = VECTOR('',#4691,1.);
#4691 = DIRECTION('',(-0.,0.,-1.));
#4692 = ORIENTED_EDGE('',*,*,#4693,.T.);
#4693 = EDGE_CURVE('',#4686,#4694,#4696,.T.);
#4694 = VERTEX_POINT('',#4695);
#4695 = CARTESIAN_POINT('',(13.811402550074,-3.911562541705,1.6));
#4696 = LINE('',#4697,#4698);
#4697 = CARTESIAN_POINT('',(14.008464004562,-3.133384456261,1.6));
#4698 = VECTOR('',#4699,1.);
#4699 = DIRECTION('',(-0.245485487141,-0.969400265939,0.));
#4700 = ORIENTED_EDGE('',*,*,#4701,.F.);
#4701 = EDGE_CURVE('',#1263,#4694,#4702,.T.);
#4702 = LINE('',#4703,#4704);
#4703 = CARTESIAN_POINT('',(13.811402550074,-3.911562541705,2.));
#4704 = VECTOR('',#4705,1.);
#4705 = DIRECTION('',(-0.,0.,-1.));
#4706 = ORIENTED_EDGE('',*,*,#1260,.F.);
#4707 = PLANE('',#4708);
#4708 = AXIS2_PLACEMENT_3D('',#4709,#4710,#4711);
#4709 = CARTESIAN_POINT('',(14.008464004562,-3.133384456261,2.));
#4710 = DIRECTION('',(-0.969400265939,0.245485487141,0.));
#4711 = DIRECTION('',(-0.245485487141,-0.969400265939,0.));
#4712 = ADVANCED_FACE('',(#4713),#4731,.F.);
#4713 = FACE_BOUND('',#4714,.F.);
#4714 = EDGE_LOOP('',(#4715,#4723,#4729,#4730));
#4715 = ORIENTED_EDGE('',*,*,#4716,.T.);
#4716 = EDGE_CURVE('',#1271,#4717,#4719,.T.);
#4717 = VERTEX_POINT('',#4718);
#4718 = CARTESIAN_POINT('',(15.953909218173,-3.626038092482,1.6));
#4719 = LINE('',#4720,#4721);
#4720 = CARTESIAN_POINT('',(15.953909218173,-3.626038092482,2.));
#4721 = VECTOR('',#4722,1.);
#4722 = DIRECTION('',(-0.,0.,-1.));
#4723 = ORIENTED_EDGE('',*,*,#4724,.T.);
#4724 = EDGE_CURVE('',#4717,#4686,#4725,.T.);
#4725 = LINE('',#4726,#4727);
#4726 = CARTESIAN_POINT('',(15.953909218173,-3.626038092482,1.6));
#4727 = VECTOR('',#4728,1.);
#4728 = DIRECTION('',(-0.969400265939,0.245485487141,0.));
#4729 = ORIENTED_EDGE('',*,*,#4685,.F.);
#4730 = ORIENTED_EDGE('',*,*,#1270,.F.);
#4731 = PLANE('',#4732);
#4732 = AXIS2_PLACEMENT_3D('',#4733,#4734,#4735);
#4733 = CARTESIAN_POINT('',(15.953909218173,-3.626038092482,2.));
#4734 = DIRECTION('',(0.245485487141,0.969400265939,0.));
#4735 = DIRECTION('',(-0.969400265939,0.245485487141,0.));
#4736 = ADVANCED_FACE('',(#4737),#4755,.F.);
#4737 = FACE_BOUND('',#4738,.F.);
#4738 = EDGE_LOOP('',(#4739,#4740,#4748,#4754));
#4739 = ORIENTED_EDGE('',*,*,#4701,.T.);
#4740 = ORIENTED_EDGE('',*,*,#4741,.T.);
#4741 = EDGE_CURVE('',#4694,#4742,#4744,.T.);
#4742 = VERTEX_POINT('',#4743);
#4743 = CARTESIAN_POINT('',(15.756847763684,-4.404216177927,1.6));
#4744 = LINE('',#4745,#4746);
#4745 = CARTESIAN_POINT('',(13.811402550074,-3.911562541705,1.6));
#4746 = VECTOR('',#4747,1.);
#4747 = DIRECTION('',(0.969400265939,-0.245485487141,0.));
#4748 = ORIENTED_EDGE('',*,*,#4749,.F.);
#4749 = EDGE_CURVE('',#1279,#4742,#4750,.T.);
#4750 = LINE('',#4751,#4752);
#4751 = CARTESIAN_POINT('',(15.756847763684,-4.404216177927,2.));
#4752 = VECTOR('',#4753,1.);
#4753 = DIRECTION('',(-0.,0.,-1.));
#4754 = ORIENTED_EDGE('',*,*,#1286,.F.);
#4755 = PLANE('',#4756);
#4756 = AXIS2_PLACEMENT_3D('',#4757,#4758,#4759);
#4757 = CARTESIAN_POINT('',(13.811402550074,-3.911562541705,2.));
#4758 = DIRECTION('',(-0.245485487141,-0.969400265939,0.));
#4759 = DIRECTION('',(0.969400265939,-0.245485487141,0.));
#4760 = ADVANCED_FACE('',(#4761),#4772,.F.);
#4761 = FACE_BOUND('',#4762,.F.);
#4762 = EDGE_LOOP('',(#4763,#4764,#4770,#4771));
#4763 = ORIENTED_EDGE('',*,*,#4749,.T.);
#4764 = ORIENTED_EDGE('',*,*,#4765,.T.);
#4765 = EDGE_CURVE('',#4742,#4717,#4766,.T.);
#4766 = LINE('',#4767,#4768);
#4767 = CARTESIAN_POINT('',(15.756847763684,-4.404216177927,1.6));
#4768 = VECTOR('',#4769,1.);
#4769 = DIRECTION('',(0.245485487141,0.969400265939,0.));
#4770 = ORIENTED_EDGE('',*,*,#4716,.F.);
#4771 = ORIENTED_EDGE('',*,*,#1278,.F.);
#4772 = PLANE('',#4773);
#4773 = AXIS2_PLACEMENT_3D('',#4774,#4775,#4776);
#4774 = CARTESIAN_POINT('',(15.756847763684,-4.404216177927,2.));
#4775 = DIRECTION('',(0.969400265939,-0.245485487141,0.));
#4776 = DIRECTION('',(0.245485487141,0.969400265939,0.));
#4777 = ADVANCED_FACE('',(#4778),#4803,.F.);
#4778 = FACE_BOUND('',#4779,.F.);
#4779 = EDGE_LOOP('',(#4780,#4788,#4796,#4802));
#4780 = ORIENTED_EDGE('',*,*,#4781,.T.);
#4781 = EDGE_CURVE('',#1306,#4782,#4784,.T.);
#4782 = VERTEX_POINT('',#4783);
#4783 = CARTESIAN_POINT('',(14.33314494498,-0.784931783046,1.6));
#4784 = LINE('',#4785,#4786);
#4785 = CARTESIAN_POINT('',(14.33314494498,-0.784931783046,2.));
#4786 = VECTOR('',#4787,1.);
#4787 = DIRECTION('',(-0.,0.,-1.));
#4788 = ORIENTED_EDGE('',*,*,#4789,.T.);
#4789 = EDGE_CURVE('',#4782,#4790,#4792,.T.);
#4790 = VERTEX_POINT('',#4791);
#4791 = CARTESIAN_POINT('',(14.26685505502,-1.584931783046,1.6));
#4792 = LINE('',#4793,#4794);
#4793 = CARTESIAN_POINT('',(14.33314494498,-0.784931783046,1.6));
#4794 = VECTOR('',#4795,1.);
#4795 = DIRECTION('',(-8.257934547233E-02,-0.996584493007,0.));
#4796 = ORIENTED_EDGE('',*,*,#4797,.F.);
#4797 = EDGE_CURVE('',#1308,#4790,#4798,.T.);
#4798 = LINE('',#4799,#4800);
#4799 = CARTESIAN_POINT('',(14.26685505502,-1.584931783046,2.));
#4800 = VECTOR('',#4801,1.);
#4801 = DIRECTION('',(-0.,0.,-1.));
#4802 = ORIENTED_EDGE('',*,*,#1305,.F.);
#4803 = PLANE('',#4804);
#4804 = AXIS2_PLACEMENT_3D('',#4805,#4806,#4807);
#4805 = CARTESIAN_POINT('',(14.33314494498,-0.784931783046,2.));
#4806 = DIRECTION('',(-0.996584493007,8.257934547233E-02,0.));
#4807 = DIRECTION('',(-8.257934547233E-02,-0.996584493007,0.));
#4808 = ADVANCED_FACE('',(#4809),#4827,.F.);
#4809 = FACE_BOUND('',#4810,.F.);
#4810 = EDGE_LOOP('',(#4811,#4819,#4825,#4826));
#4811 = ORIENTED_EDGE('',*,*,#4812,.T.);
#4812 = EDGE_CURVE('',#1316,#4813,#4815,.T.);
#4813 = VERTEX_POINT('',#4814);
#4814 = CARTESIAN_POINT('',(16.33314494498,-0.950656507948,1.6));
#4815 = LINE('',#4816,#4817);
#4816 = CARTESIAN_POINT('',(16.33314494498,-0.950656507948,2.));
#4817 = VECTOR('',#4818,1.);
#4818 = DIRECTION('',(-0.,0.,-1.));
#4819 = ORIENTED_EDGE('',*,*,#4820,.T.);
#4820 = EDGE_CURVE('',#4813,#4782,#4821,.T.);
#4821 = LINE('',#4822,#4823);
#4822 = CARTESIAN_POINT('',(16.33314494498,-0.950656507948,1.6));
#4823 = VECTOR('',#4824,1.);
#4824 = DIRECTION('',(-0.996584493007,8.257934547233E-02,0.));
#4825 = ORIENTED_EDGE('',*,*,#4781,.F.);
#4826 = ORIENTED_EDGE('',*,*,#1315,.F.);
#4827 = PLANE('',#4828);
#4828 = AXIS2_PLACEMENT_3D('',#4829,#4830,#4831);
#4829 = CARTESIAN_POINT('',(16.33314494498,-0.950656507948,2.));
#4830 = DIRECTION('',(8.257934547233E-02,0.996584493007,0.));
#4831 = DIRECTION('',(-0.996584493007,8.257934547233E-02,0.));
#4832 = ADVANCED_FACE('',(#4833),#4851,.F.);
#4833 = FACE_BOUND('',#4834,.F.);
#4834 = EDGE_LOOP('',(#4835,#4836,#4844,#4850));
#4835 = ORIENTED_EDGE('',*,*,#4797,.T.);
#4836 = ORIENTED_EDGE('',*,*,#4837,.T.);
#4837 = EDGE_CURVE('',#4790,#4838,#4840,.T.);
#4838 = VERTEX_POINT('',#4839);
#4839 = CARTESIAN_POINT('',(16.26685505502,-1.750656507948,1.6));
#4840 = LINE('',#4841,#4842);
#4841 = CARTESIAN_POINT('',(14.26685505502,-1.584931783046,1.6));
#4842 = VECTOR('',#4843,1.);
#4843 = DIRECTION('',(0.996584493007,-8.257934547233E-02,0.));
#4844 = ORIENTED_EDGE('',*,*,#4845,.F.);
#4845 = EDGE_CURVE('',#1324,#4838,#4846,.T.);
#4846 = LINE('',#4847,#4848);
#4847 = CARTESIAN_POINT('',(16.26685505502,-1.750656507948,2.));
#4848 = VECTOR('',#4849,1.);
#4849 = DIRECTION('',(-0.,0.,-1.));
#4850 = ORIENTED_EDGE('',*,*,#1331,.F.);
#4851 = PLANE('',#4852);
#4852 = AXIS2_PLACEMENT_3D('',#4853,#4854,#4855);
#4853 = CARTESIAN_POINT('',(14.26685505502,-1.584931783046,2.));
#4854 = DIRECTION('',(-8.257934547233E-02,-0.996584493007,0.));
#4855 = DIRECTION('',(0.996584493007,-8.257934547233E-02,0.));
#4856 = ADVANCED_FACE('',(#4857),#4868,.F.);
#4857 = FACE_BOUND('',#4858,.F.);
#4858 = EDGE_LOOP('',(#4859,#4860,#4866,#4867));
#4859 = ORIENTED_EDGE('',*,*,#4845,.T.);
#4860 = ORIENTED_EDGE('',*,*,#4861,.T.);
#4861 = EDGE_CURVE('',#4838,#4813,#4862,.T.);
#4862 = LINE('',#4863,#4864);
#4863 = CARTESIAN_POINT('',(16.26685505502,-1.750656507948,1.6));
#4864 = VECTOR('',#4865,1.);
#4865 = DIRECTION('',(8.257934547233E-02,0.996584493007,0.));
#4866 = ORIENTED_EDGE('',*,*,#4812,.F.);
#4867 = ORIENTED_EDGE('',*,*,#1323,.F.);
#4868 = PLANE('',#4869);
#4869 = AXIS2_PLACEMENT_3D('',#4870,#4871,#4872);
#4870 = CARTESIAN_POINT('',(16.26685505502,-1.750656507948,2.));
#4871 = DIRECTION('',(0.996584493007,-8.257934547233E-02,0.));
#4872 = DIRECTION('',(8.257934547233E-02,0.996584493007,0.));
#4873 = ADVANCED_FACE('',(#4874),#4899,.F.);
#4874 = FACE_BOUND('',#4875,.F.);
#4875 = EDGE_LOOP('',(#4876,#4884,#4892,#4898));
#4876 = ORIENTED_EDGE('',*,*,#4877,.T.);
#4877 = EDGE_CURVE('',#1351,#4878,#4880,.T.);
#4878 = VERTEX_POINT('',#4879);
#4879 = CARTESIAN_POINT('',(-14.33314494498,0.784931783046,1.6));
#4880 = LINE('',#4881,#4882);
#4881 = CARTESIAN_POINT('',(-14.33314494498,0.784931783046,2.));
#4882 = VECTOR('',#4883,1.);
#4883 = DIRECTION('',(0.,0.,-1.));
#4884 = ORIENTED_EDGE('',*,*,#4885,.T.);
#4885 = EDGE_CURVE('',#4878,#4886,#4888,.T.);
#4886 = VERTEX_POINT('',#4887);
#4887 = CARTESIAN_POINT('',(-14.26685505502,1.584931783046,1.6));
#4888 = LINE('',#4889,#4890);
#4889 = CARTESIAN_POINT('',(-14.33314494498,0.784931783046,1.6));
#4890 = VECTOR('',#4891,1.);
#4891 = DIRECTION('',(8.257934547233E-02,0.996584493007,0.));
#4892 = ORIENTED_EDGE('',*,*,#4893,.F.);
#4893 = EDGE_CURVE('',#1353,#4886,#4894,.T.);
#4894 = LINE('',#4895,#4896);
#4895 = CARTESIAN_POINT('',(-14.26685505502,1.584931783046,2.));
#4896 = VECTOR('',#4897,1.);
#4897 = DIRECTION('',(0.,0.,-1.));
#4898 = ORIENTED_EDGE('',*,*,#1350,.F.);
#4899 = PLANE('',#4900);
#4900 = AXIS2_PLACEMENT_3D('',#4901,#4902,#4903);
#4901 = CARTESIAN_POINT('',(-14.33314494498,0.784931783046,2.));
#4902 = DIRECTION('',(0.996584493007,-8.257934547233E-02,0.));
#4903 = DIRECTION('',(8.257934547233E-02,0.996584493007,0.));
#4904 = ADVANCED_FACE('',(#4905),#4923,.F.);
#4905 = FACE_BOUND('',#4906,.F.);
#4906 = EDGE_LOOP('',(#4907,#4915,#4921,#4922));
#4907 = ORIENTED_EDGE('',*,*,#4908,.T.);
#4908 = EDGE_CURVE('',#1361,#4909,#4911,.T.);
#4909 = VERTEX_POINT('',#4910);
#4910 = CARTESIAN_POINT('',(-16.33314494498,0.950656507948,1.6));
#4911 = LINE('',#4912,#4913);
#4912 = CARTESIAN_POINT('',(-16.33314494498,0.950656507948,2.));
#4913 = VECTOR('',#4914,1.);
#4914 = DIRECTION('',(0.,0.,-1.));
#4915 = ORIENTED_EDGE('',*,*,#4916,.T.);
#4916 = EDGE_CURVE('',#4909,#4878,#4917,.T.);
#4917 = LINE('',#4918,#4919);
#4918 = CARTESIAN_POINT('',(-16.33314494498,0.950656507948,1.6));
#4919 = VECTOR('',#4920,1.);
#4920 = DIRECTION('',(0.996584493007,-8.257934547233E-02,0.));
#4921 = ORIENTED_EDGE('',*,*,#4877,.F.);
#4922 = ORIENTED_EDGE('',*,*,#1360,.F.);
#4923 = PLANE('',#4924);
#4924 = AXIS2_PLACEMENT_3D('',#4925,#4926,#4927);
#4925 = CARTESIAN_POINT('',(-16.33314494498,0.950656507948,2.));
#4926 = DIRECTION('',(-8.257934547233E-02,-0.996584493007,0.));
#4927 = DIRECTION('',(0.996584493007,-8.257934547233E-02,0.));
#4928 = ADVANCED_FACE('',(#4929),#4947,.F.);
#4929 = FACE_BOUND('',#4930,.F.);
#4930 = EDGE_LOOP('',(#4931,#4932,#4940,#4946));
#4931 = ORIENTED_EDGE('',*,*,#4893,.T.);
#4932 = ORIENTED_EDGE('',*,*,#4933,.T.);
#4933 = EDGE_CURVE('',#4886,#4934,#4936,.T.);
#4934 = VERTEX_POINT('',#4935);
#4935 = CARTESIAN_POINT('',(-16.26685505502,1.750656507948,1.6));
#4936 = LINE('',#4937,#4938);
#4937 = CARTESIAN_POINT('',(-14.26685505502,1.584931783046,1.6));
#4938 = VECTOR('',#4939,1.);
#4939 = DIRECTION('',(-0.996584493007,8.257934547233E-02,0.));
#4940 = ORIENTED_EDGE('',*,*,#4941,.F.);
#4941 = EDGE_CURVE('',#1369,#4934,#4942,.T.);
#4942 = LINE('',#4943,#4944);
#4943 = CARTESIAN_POINT('',(-16.26685505502,1.750656507948,2.));
#4944 = VECTOR('',#4945,1.);
#4945 = DIRECTION('',(0.,0.,-1.));
#4946 = ORIENTED_EDGE('',*,*,#1376,.F.);
#4947 = PLANE('',#4948);
#4948 = AXIS2_PLACEMENT_3D('',#4949,#4950,#4951);
#4949 = CARTESIAN_POINT('',(-14.26685505502,1.584931783046,2.));
#4950 = DIRECTION('',(8.257934547233E-02,0.996584493007,0.));
#4951 = DIRECTION('',(-0.996584493007,8.257934547233E-02,0.));
#4952 = ADVANCED_FACE('',(#4953),#4964,.F.);
#4953 = FACE_BOUND('',#4954,.F.);
#4954 = EDGE_LOOP('',(#4955,#4956,#4962,#4963));
#4955 = ORIENTED_EDGE('',*,*,#4941,.T.);
#4956 = ORIENTED_EDGE('',*,*,#4957,.T.);
#4957 = EDGE_CURVE('',#4934,#4909,#4958,.T.);
#4958 = LINE('',#4959,#4960);
#4959 = CARTESIAN_POINT('',(-16.26685505502,1.750656507948,1.6));
#4960 = VECTOR('',#4961,1.);
#4961 = DIRECTION('',(-8.257934547233E-02,-0.996584493007,0.));
#4962 = ORIENTED_EDGE('',*,*,#4908,.F.);
#4963 = ORIENTED_EDGE('',*,*,#1368,.F.);
#4964 = PLANE('',#4965);
#4965 = AXIS2_PLACEMENT_3D('',#4966,#4967,#4968);
#4966 = CARTESIAN_POINT('',(-16.26685505502,1.750656507948,2.));
#4967 = DIRECTION('',(-0.996584493007,8.257934547233E-02,0.));
#4968 = DIRECTION('',(-8.257934547233E-02,-0.996584493007,0.));
#4969 = ADVANCED_FACE('',(#4970),#4995,.F.);
#4970 = FACE_BOUND('',#4971,.F.);
#4971 = EDGE_LOOP('',(#4972,#4980,#4988,#4994));
#4972 = ORIENTED_EDGE('',*,*,#4973,.T.);
#4973 = EDGE_CURVE('',#1396,#4974,#4976,.T.);
#4974 = VERTEX_POINT('',#4975);
#4975 = CARTESIAN_POINT('',(-14.00846400456,3.133384456261,1.6));
#4976 = LINE('',#4977,#4978);
#4977 = CARTESIAN_POINT('',(-14.00846400456,3.133384456261,2.));
#4978 = VECTOR('',#4979,1.);
#4979 = DIRECTION('',(0.,0.,-1.));
#4980 = ORIENTED_EDGE('',*,*,#4981,.T.);
#4981 = EDGE_CURVE('',#4974,#4982,#4984,.T.);
#4982 = VERTEX_POINT('',#4983);
#4983 = CARTESIAN_POINT('',(-13.81140255007,3.911562541705,1.6));
#4984 = LINE('',#4985,#4986);
#4985 = CARTESIAN_POINT('',(-14.00846400456,3.133384456261,1.6));
#4986 = VECTOR('',#4987,1.);
#4987 = DIRECTION('',(0.245485487141,0.969400265939,0.));
#4988 = ORIENTED_EDGE('',*,*,#4989,.F.);
#4989 = EDGE_CURVE('',#1398,#4982,#4990,.T.);
#4990 = LINE('',#4991,#4992);
#4991 = CARTESIAN_POINT('',(-13.81140255007,3.911562541705,2.));
#4992 = VECTOR('',#4993,1.);
#4993 = DIRECTION('',(0.,0.,-1.));
#4994 = ORIENTED_EDGE('',*,*,#1395,.F.);
#4995 = PLANE('',#4996);
#4996 = AXIS2_PLACEMENT_3D('',#4997,#4998,#4999);
#4997 = CARTESIAN_POINT('',(-14.00846400456,3.133384456261,2.));
#4998 = DIRECTION('',(0.969400265939,-0.245485487141,0.));
#4999 = DIRECTION('',(0.245485487141,0.969400265939,0.));
#5000 = ADVANCED_FACE('',(#5001),#5019,.F.);
#5001 = FACE_BOUND('',#5002,.F.);
#5002 = EDGE_LOOP('',(#5003,#5011,#5017,#5018));
#5003 = ORIENTED_EDGE('',*,*,#5004,.T.);
#5004 = EDGE_CURVE('',#1406,#5005,#5007,.T.);
#5005 = VERTEX_POINT('',#5006);
#5006 = CARTESIAN_POINT('',(-15.95390921817,3.626038092482,1.6));
#5007 = LINE('',#5008,#5009);
#5008 = CARTESIAN_POINT('',(-15.95390921817,3.626038092482,2.));
#5009 = VECTOR('',#5010,1.);
#5010 = DIRECTION('',(0.,0.,-1.));
#5011 = ORIENTED_EDGE('',*,*,#5012,.T.);
#5012 = EDGE_CURVE('',#5005,#4974,#5013,.T.);
#5013 = LINE('',#5014,#5015);
#5014 = CARTESIAN_POINT('',(-15.95390921817,3.626038092482,1.6));
#5015 = VECTOR('',#5016,1.);
#5016 = DIRECTION('',(0.969400265939,-0.245485487141,0.));
#5017 = ORIENTED_EDGE('',*,*,#4973,.F.);
#5018 = ORIENTED_EDGE('',*,*,#1405,.F.);
#5019 = PLANE('',#5020);
#5020 = AXIS2_PLACEMENT_3D('',#5021,#5022,#5023);
#5021 = CARTESIAN_POINT('',(-15.95390921817,3.626038092482,2.));
#5022 = DIRECTION('',(-0.245485487141,-0.969400265939,0.));
#5023 = DIRECTION('',(0.969400265939,-0.245485487141,0.));
#5024 = ADVANCED_FACE('',(#5025),#5043,.F.);
#5025 = FACE_BOUND('',#5026,.F.);
#5026 = EDGE_LOOP('',(#5027,#5028,#5036,#5042));
#5027 = ORIENTED_EDGE('',*,*,#4989,.T.);
#5028 = ORIENTED_EDGE('',*,*,#5029,.T.);
#5029 = EDGE_CURVE('',#4982,#5030,#5032,.T.);
#5030 = VERTEX_POINT('',#5031);
#5031 = CARTESIAN_POINT('',(-15.75684776368,4.404216177927,1.6));
#5032 = LINE('',#5033,#5034);
#5033 = CARTESIAN_POINT('',(-13.81140255007,3.911562541705,1.6));
#5034 = VECTOR('',#5035,1.);
#5035 = DIRECTION('',(-0.969400265939,0.245485487141,0.));
#5036 = ORIENTED_EDGE('',*,*,#5037,.F.);
#5037 = EDGE_CURVE('',#1414,#5030,#5038,.T.);
#5038 = LINE('',#5039,#5040);
#5039 = CARTESIAN_POINT('',(-15.75684776368,4.404216177927,2.));
#5040 = VECTOR('',#5041,1.);
#5041 = DIRECTION('',(0.,0.,-1.));
#5042 = ORIENTED_EDGE('',*,*,#1421,.F.);
#5043 = PLANE('',#5044);
#5044 = AXIS2_PLACEMENT_3D('',#5045,#5046,#5047);
#5045 = CARTESIAN_POINT('',(-13.81140255007,3.911562541705,2.));
#5046 = DIRECTION('',(0.245485487141,0.969400265939,0.));
#5047 = DIRECTION('',(-0.969400265939,0.245485487141,0.));
#5048 = ADVANCED_FACE('',(#5049),#5060,.F.);
#5049 = FACE_BOUND('',#5050,.F.);
#5050 = EDGE_LOOP('',(#5051,#5052,#5058,#5059));
#5051 = ORIENTED_EDGE('',*,*,#5037,.T.);
#5052 = ORIENTED_EDGE('',*,*,#5053,.T.);
#5053 = EDGE_CURVE('',#5030,#5005,#5054,.T.);
#5054 = LINE('',#5055,#5056);
#5055 = CARTESIAN_POINT('',(-15.75684776368,4.404216177927,1.6));
#5056 = VECTOR('',#5057,1.);
#5057 = DIRECTION('',(-0.245485487141,-0.969400265939,0.));
#5058 = ORIENTED_EDGE('',*,*,#5004,.F.);
#5059 = ORIENTED_EDGE('',*,*,#1413,.F.);
#5060 = PLANE('',#5061);
#5061 = AXIS2_PLACEMENT_3D('',#5062,#5063,#5064);
#5062 = CARTESIAN_POINT('',(-15.75684776368,4.404216177927,2.));
#5063 = DIRECTION('',(-0.969400265939,0.245485487141,0.));
#5064 = DIRECTION('',(-0.245485487141,-0.969400265939,0.));
#5065 = ADVANCED_FACE('',(#5066),#5091,.F.);
#5066 = FACE_BOUND('',#5067,.F.);
#5067 = EDGE_LOOP('',(#5068,#5076,#5084,#5090));
#5068 = ORIENTED_EDGE('',*,*,#5069,.T.);
#5069 = EDGE_CURVE('',#1452,#5070,#5072,.T.);
#5070 = VERTEX_POINT('',#5071);
#5071 = CARTESIAN_POINT('',(-13.30166868344,5.396366569633,1.6));
#5072 = LINE('',#5073,#5074);
#5073 = CARTESIAN_POINT('',(-13.30166868344,5.396366569633,2.));
#5074 = VECTOR('',#5075,1.);
#5075 = DIRECTION('',(0.,0.,-1.));
#5076 = ORIENTED_EDGE('',*,*,#5077,.T.);
#5077 = EDGE_CURVE('',#5070,#5078,#5080,.T.);
#5078 = VERTEX_POINT('',#5079);
#5079 = CARTESIAN_POINT('',(-12.9792109872,6.131496070909,1.6));
#5080 = LINE('',#5081,#5082);
#5081 = CARTESIAN_POINT('',(-13.30166868344,5.396366569633,1.6));
#5082 = VECTOR('',#5083,1.);
#5083 = DIRECTION('',(0.401695424653,0.915773326655,0.));
#5084 = ORIENTED_EDGE('',*,*,#5085,.F.);
#5085 = EDGE_CURVE('',#1454,#5078,#5086,.T.);
#5086 = LINE('',#5087,#5088);
#5087 = CARTESIAN_POINT('',(-12.9792109872,6.131496070909,2.));
#5088 = VECTOR('',#5089,1.);
#5089 = DIRECTION('',(0.,0.,-1.));
#5090 = ORIENTED_EDGE('',*,*,#1451,.F.);
#5091 = PLANE('',#5092);
#5092 = AXIS2_PLACEMENT_3D('',#5093,#5094,#5095);
#5093 = CARTESIAN_POINT('',(-13.30166868344,5.396366569633,2.));
#5094 = DIRECTION('',(0.915773326655,-0.401695424653,0.));
#5095 = DIRECTION('',(0.401695424653,0.915773326655,0.));
#5096 = ADVANCED_FACE('',(#5097),#5115,.F.);
#5097 = FACE_BOUND('',#5098,.F.);
#5098 = EDGE_LOOP('',(#5099,#5107,#5113,#5114));
#5099 = ORIENTED_EDGE('',*,*,#5100,.T.);
#5100 = EDGE_CURVE('',#1462,#5101,#5103,.T.);
#5101 = VERTEX_POINT('',#5102);
#5102 = CARTESIAN_POINT('',(-15.13949243663,6.20251081023,1.6));
#5103 = LINE('',#5104,#5105);
#5104 = CARTESIAN_POINT('',(-15.13949243663,6.20251081023,2.));
#5105 = VECTOR('',#5106,1.);
#5106 = DIRECTION('',(0.,0.,-1.));
#5107 = ORIENTED_EDGE('',*,*,#5108,.T.);
#5108 = EDGE_CURVE('',#5101,#5070,#5109,.T.);
#5109 = LINE('',#5110,#5111);
#5110 = CARTESIAN_POINT('',(-15.13949243663,6.20251081023,1.6));
#5111 = VECTOR('',#5112,1.);
#5112 = DIRECTION('',(0.915773326655,-0.401695424653,0.));
#5113 = ORIENTED_EDGE('',*,*,#5069,.F.);
#5114 = ORIENTED_EDGE('',*,*,#1461,.F.);
#5115 = PLANE('',#5116);
#5116 = AXIS2_PLACEMENT_3D('',#5117,#5118,#5119);
#5117 = CARTESIAN_POINT('',(-15.13949243663,6.20251081023,2.));
#5118 = DIRECTION('',(-0.401695424653,-0.915773326655,0.));
#5119 = DIRECTION('',(0.915773326655,-0.401695424653,0.));
#5120 = ADVANCED_FACE('',(#5121),#5139,.F.);
#5121 = FACE_BOUND('',#5122,.F.);
#5122 = EDGE_LOOP('',(#5123,#5124,#5132,#5138));
#5123 = ORIENTED_EDGE('',*,*,#5085,.T.);
#5124 = ORIENTED_EDGE('',*,*,#5125,.T.);
#5125 = EDGE_CURVE('',#5078,#5126,#5128,.T.);
#5126 = VERTEX_POINT('',#5127);
#5127 = CARTESIAN_POINT('',(-14.81703474039,6.937640311507,1.6));
#5128 = LINE('',#5129,#5130);
#5129 = CARTESIAN_POINT('',(-12.9792109872,6.131496070909,1.6));
#5130 = VECTOR('',#5131,1.);
#5131 = DIRECTION('',(-0.915773326655,0.401695424653,0.));
#5132 = ORIENTED_EDGE('',*,*,#5133,.F.);
#5133 = EDGE_CURVE('',#1470,#5126,#5134,.T.);
#5134 = LINE('',#5135,#5136);
#5135 = CARTESIAN_POINT('',(-14.81703474039,6.937640311507,2.));
#5136 = VECTOR('',#5137,1.);
#5137 = DIRECTION('',(0.,0.,-1.));
#5138 = ORIENTED_EDGE('',*,*,#1477,.F.);
#5139 = PLANE('',#5140);
#5140 = AXIS2_PLACEMENT_3D('',#5141,#5142,#5143);
#5141 = CARTESIAN_POINT('',(-12.9792109872,6.131496070909,2.));
#5142 = DIRECTION('',(0.401695424653,0.915773326655,0.));
#5143 = DIRECTION('',(-0.915773326655,0.401695424653,0.));
#5144 = ADVANCED_FACE('',(#5145),#5156,.F.);
#5145 = FACE_BOUND('',#5146,.F.);
#5146 = EDGE_LOOP('',(#5147,#5148,#5154,#5155));
#5147 = ORIENTED_EDGE('',*,*,#5133,.T.);
#5148 = ORIENTED_EDGE('',*,*,#5149,.T.);
#5149 = EDGE_CURVE('',#5126,#5101,#5150,.T.);
#5150 = LINE('',#5151,#5152);
#5151 = CARTESIAN_POINT('',(-14.81703474039,6.937640311507,1.6));
#5152 = VECTOR('',#5153,1.);
#5153 = DIRECTION('',(-0.401695424653,-0.915773326655,0.));
#5154 = ORIENTED_EDGE('',*,*,#5100,.F.);
#5155 = ORIENTED_EDGE('',*,*,#1469,.F.);
#5156 = PLANE('',#5157);
#5157 = AXIS2_PLACEMENT_3D('',#5158,#5159,#5160);
#5158 = CARTESIAN_POINT('',(-14.81703474039,6.937640311507,2.));
#5159 = DIRECTION('',(-0.915773326655,0.401695424653,0.));
#5160 = DIRECTION('',(-0.401695424653,-0.915773326655,0.));
#5161 = ADVANCED_FACE('',(#5162),#5187,.F.);
#5162 = FACE_BOUND('',#5163,.F.);
#5163 = EDGE_LOOP('',(#5164,#5172,#5180,#5186));
#5164 = ORIENTED_EDGE('',*,*,#5165,.T.);
#5165 = EDGE_CURVE('',#1486,#5166,#5168,.T.);
#5166 = VERTEX_POINT('',#5167);
#5167 = CARTESIAN_POINT('',(-12.23203851549,7.512149870263,1.6));
#5168 = LINE('',#5169,#5170);
#5169 = CARTESIAN_POINT('',(-12.23203851549,7.512149870263,2.));
#5170 = VECTOR('',#5171,1.);
#5171 = DIRECTION('',(0.,0.,-1.));
#5172 = ORIENTED_EDGE('',*,*,#5173,.T.);
#5173 = EDGE_CURVE('',#5166,#5174,#5176,.T.);
#5174 = VERTEX_POINT('',#5175);
#5175 = CARTESIAN_POINT('',(-11.79298038287,8.184178370916,1.6));
#5176 = LINE('',#5177,#5178);
#5177 = CARTESIAN_POINT('',(-12.23203851549,7.512149870263,1.6));
#5178 = VECTOR('',#5179,1.);
#5179 = DIRECTION('',(0.546948158122,0.837166478263,0.));
#5180 = ORIENTED_EDGE('',*,*,#5181,.F.);
#5181 = EDGE_CURVE('',#1488,#5174,#5182,.T.);
#5182 = LINE('',#5183,#5184);
#5183 = CARTESIAN_POINT('',(-11.79298038287,8.184178370916,2.));
#5184 = VECTOR('',#5185,1.);
#5185 = DIRECTION('',(0.,0.,-1.));
#5186 = ORIENTED_EDGE('',*,*,#1485,.F.);
#5187 = PLANE('',#5188);
#5188 = AXIS2_PLACEMENT_3D('',#5189,#5190,#5191);
#5189 = CARTESIAN_POINT('',(-12.23203851549,7.512149870263,2.));
#5190 = DIRECTION('',(0.837166478263,-0.546948158122,0.));
#5191 = DIRECTION('',(0.546948158122,0.837166478263,0.));
#5192 = ADVANCED_FACE('',(#5193),#5211,.F.);
#5193 = FACE_BOUND('',#5194,.F.);
#5194 = EDGE_LOOP('',(#5195,#5203,#5209,#5210));
#5195 = ORIENTED_EDGE('',*,*,#5196,.T.);
#5196 = EDGE_CURVE('',#1496,#5197,#5199,.T.);
#5197 = VERTEX_POINT('',#5198);
#5198 = CARTESIAN_POINT('',(-13.91210976713,8.609795201813,1.6));
#5199 = LINE('',#5200,#5201);
#5200 = CARTESIAN_POINT('',(-13.91210976713,8.609795201813,2.));
#5201 = VECTOR('',#5202,1.);
#5202 = DIRECTION('',(0.,0.,-1.));
#5203 = ORIENTED_EDGE('',*,*,#5204,.T.);
#5204 = EDGE_CURVE('',#5197,#5166,#5205,.T.);
#5205 = LINE('',#5206,#5207);
#5206 = CARTESIAN_POINT('',(-13.91210976713,8.609795201813,1.6));
#5207 = VECTOR('',#5208,1.);
#5208 = DIRECTION('',(0.837166478263,-0.546948158122,0.));
#5209 = ORIENTED_EDGE('',*,*,#5165,.F.);
#5210 = ORIENTED_EDGE('',*,*,#1495,.F.);
#5211 = PLANE('',#5212);
#5212 = AXIS2_PLACEMENT_3D('',#5213,#5214,#5215);
#5213 = CARTESIAN_POINT('',(-13.91210976713,8.609795201813,2.));
#5214 = DIRECTION('',(-0.546948158122,-0.837166478263,0.));
#5215 = DIRECTION('',(0.837166478263,-0.546948158122,0.));
#5216 = ADVANCED_FACE('',(#5217),#5235,.F.);
#5217 = FACE_BOUND('',#5218,.F.);
#5218 = EDGE_LOOP('',(#5219,#5220,#5228,#5234));
#5219 = ORIENTED_EDGE('',*,*,#5181,.T.);
#5220 = ORIENTED_EDGE('',*,*,#5221,.T.);
#5221 = EDGE_CURVE('',#5174,#5222,#5224,.T.);
#5222 = VERTEX_POINT('',#5223);
#5223 = CARTESIAN_POINT('',(-13.4730516345,9.281823702467,1.6));
#5224 = LINE('',#5225,#5226);
#5225 = CARTESIAN_POINT('',(-11.79298038287,8.184178370916,1.6));
#5226 = VECTOR('',#5227,1.);
#5227 = DIRECTION('',(-0.837166478263,0.546948158122,0.));
#5228 = ORIENTED_EDGE('',*,*,#5229,.F.);
#5229 = EDGE_CURVE('',#1504,#5222,#5230,.T.);
#5230 = LINE('',#5231,#5232);
#5231 = CARTESIAN_POINT('',(-13.4730516345,9.281823702467,2.));
#5232 = VECTOR('',#5233,1.);
#5233 = DIRECTION('',(0.,0.,-1.));
#5234 = ORIENTED_EDGE('',*,*,#1511,.F.);
#5235 = PLANE('',#5236);
#5236 = AXIS2_PLACEMENT_3D('',#5237,#5238,#5239);
#5237 = CARTESIAN_POINT('',(-11.79298038287,8.184178370916,2.));
#5238 = DIRECTION('',(0.546948158122,0.837166478263,0.));
#5239 = DIRECTION('',(-0.837166478263,0.546948158122,0.));
#5240 = ADVANCED_FACE('',(#5241),#5252,.F.);
#5241 = FACE_BOUND('',#5242,.F.);
#5242 = EDGE_LOOP('',(#5243,#5244,#5250,#5251));
#5243 = ORIENTED_EDGE('',*,*,#5229,.T.);
#5244 = ORIENTED_EDGE('',*,*,#5245,.T.);
#5245 = EDGE_CURVE('',#5222,#5197,#5246,.T.);
#5246 = LINE('',#5247,#5248);
#5247 = CARTESIAN_POINT('',(-13.4730516345,9.281823702467,1.6));
#5248 = VECTOR('',#5249,1.);
#5249 = DIRECTION('',(-0.546948158122,-0.837166478263,0.));
#5250 = ORIENTED_EDGE('',*,*,#5196,.F.);
#5251 = ORIENTED_EDGE('',*,*,#1503,.F.);
#5252 = PLANE('',#5253);
#5253 = AXIS2_PLACEMENT_3D('',#5254,#5255,#5256);
#5254 = CARTESIAN_POINT('',(-13.4730516345,9.281823702467,2.));
#5255 = DIRECTION('',(-0.837166478263,0.546948158122,0.));
#5256 = DIRECTION('',(-0.546948158122,-0.837166478263,0.));
#5257 = ADVANCED_FACE('',(#5258),#5276,.F.);
#5258 = FACE_BOUND('',#5259,.T.);
#5259 = EDGE_LOOP('',(#5260,#5267,#5268,#5269));
#5260 = ORIENTED_EDGE('',*,*,#5261,.F.);
#5261 = EDGE_CURVE('',#1520,#5262,#5264,.T.);
#5262 = VERTEX_POINT('',#5263);
#5263 = CARTESIAN_POINT('',(14.195,-2.067794084272E-15,-18.62503333481)
  );
#5264 = B_SPLINE_CURVE_WITH_KNOTS('',1,(#5265,#5266),.UNSPECIFIED.,.F.,
  .F.,(2,2),(-2.,24.),.PIECEWISE_BEZIER_KNOTS.);
#5265 = CARTESIAN_POINT('',(14.195,0.,2.));
#5266 = CARTESIAN_POINT('',(14.195,0.,-24.));
#5267 = ORIENTED_EDGE('',*,*,#1519,.T.);
#5268 = ORIENTED_EDGE('',*,*,#5261,.T.);
#5269 = ORIENTED_EDGE('',*,*,#5270,.F.);
#5270 = EDGE_CURVE('',#5262,#5262,#5271,.T.);
#5271 = CIRCLE('',#5272,14.195);
#5272 = AXIS2_PLACEMENT_3D('',#5273,#5274,#5275);
#5273 = CARTESIAN_POINT('',(0.,-4.135588168545E-15,-18.62503333481));
#5274 = DIRECTION('',(-0.,2.22044604925E-16,1.));
#5275 = DIRECTION('',(0.,-1.,2.22044604925E-16));
#5276 = CYLINDRICAL_SURFACE('',#5277,14.195);
#5277 = AXIS2_PLACEMENT_3D('',#5278,#5279,#5280);
#5278 = CARTESIAN_POINT('',(0.,0.,0.));
#5279 = DIRECTION('',(-0.,-0.,-1.));
#5280 = DIRECTION('',(1.,0.,0.));
#5281 = ADVANCED_FACE('',(#5282),#5307,.F.);
#5282 = FACE_BOUND('',#5283,.F.);
#5283 = EDGE_LOOP('',(#5284,#5292,#5300,#5306));
#5284 = ORIENTED_EDGE('',*,*,#5285,.T.);
#5285 = EDGE_CURVE('',#1542,#5286,#5288,.T.);
#5286 = VERTEX_POINT('',#5287);
#5287 = CARTESIAN_POINT('',(-10.82875022339,9.423021305145,1.6));
#5288 = LINE('',#5289,#5290);
#5289 = CARTESIAN_POINT('',(-10.82875022339,9.423021305145,2.));
#5290 = VECTOR('',#5291,1.);
#5291 = DIRECTION('',(0.,0.,-1.));
#5292 = ORIENTED_EDGE('',*,*,#5293,.T.);
#5293 = EDGE_CURVE('',#5286,#5294,#5296,.T.);
#5294 = VERTEX_POINT('',#5295);
#5295 = CARTESIAN_POINT('',(-10.28506801571,10.013617619525,1.6));
#5296 = LINE('',#5297,#5298);
#5297 = CARTESIAN_POINT('',(-10.82875022339,9.423021305145,1.6));
#5298 = VECTOR('',#5299,1.);
#5299 = DIRECTION('',(0.677281571626,0.735723910673,0.));
#5300 = ORIENTED_EDGE('',*,*,#5301,.F.);
#5301 = EDGE_CURVE('',#1544,#5294,#5302,.T.);
#5302 = LINE('',#5303,#5304);
#5303 = CARTESIAN_POINT('',(-10.28506801571,10.013617619525,2.));
#5304 = VECTOR('',#5305,1.);
#5305 = DIRECTION('',(0.,0.,-1.));
#5306 = ORIENTED_EDGE('',*,*,#1541,.F.);
#5307 = PLANE('',#5308);
#5308 = AXIS2_PLACEMENT_3D('',#5309,#5310,#5311);
#5309 = CARTESIAN_POINT('',(-10.82875022339,9.423021305145,2.));
#5310 = DIRECTION('',(0.735723910673,-0.677281571626,0.));
#5311 = DIRECTION('',(0.677281571626,0.735723910673,0.));
#5312 = ADVANCED_FACE('',(#5313),#5331,.F.);
#5313 = FACE_BOUND('',#5314,.F.);
#5314 = EDGE_LOOP('',(#5315,#5323,#5329,#5330));
#5315 = ORIENTED_EDGE('',*,*,#5316,.T.);
#5316 = EDGE_CURVE('',#1552,#5317,#5319,.T.);
#5317 = VERTEX_POINT('',#5318);
#5318 = CARTESIAN_POINT('',(-12.30524100934,10.782226824353,1.6));
#5319 = LINE('',#5320,#5321);
#5320 = CARTESIAN_POINT('',(-12.30524100934,10.782226824353,2.));
#5321 = VECTOR('',#5322,1.);
#5322 = DIRECTION('',(0.,0.,-1.));
#5323 = ORIENTED_EDGE('',*,*,#5324,.T.);
#5324 = EDGE_CURVE('',#5317,#5286,#5325,.T.);
#5325 = LINE('',#5326,#5327);
#5326 = CARTESIAN_POINT('',(-12.30524100934,10.782226824353,1.6));
#5327 = VECTOR('',#5328,1.);
#5328 = DIRECTION('',(0.735723910673,-0.677281571626,0.));
#5329 = ORIENTED_EDGE('',*,*,#5285,.F.);
#5330 = ORIENTED_EDGE('',*,*,#1551,.F.);
#5331 = PLANE('',#5332);
#5332 = AXIS2_PLACEMENT_3D('',#5333,#5334,#5335);
#5333 = CARTESIAN_POINT('',(-12.30524100934,10.782226824353,2.));
#5334 = DIRECTION('',(-0.677281571626,-0.735723910673,0.));
#5335 = DIRECTION('',(0.735723910673,-0.677281571626,0.));
#5336 = ADVANCED_FACE('',(#5337),#5355,.F.);
#5337 = FACE_BOUND('',#5338,.F.);
#5338 = EDGE_LOOP('',(#5339,#5340,#5348,#5354));
#5339 = ORIENTED_EDGE('',*,*,#5301,.T.);
#5340 = ORIENTED_EDGE('',*,*,#5341,.T.);
#5341 = EDGE_CURVE('',#5294,#5342,#5344,.T.);
#5342 = VERTEX_POINT('',#5343);
#5343 = CARTESIAN_POINT('',(-11.76155880166,11.372823138733,1.6));
#5344 = LINE('',#5345,#5346);
#5345 = CARTESIAN_POINT('',(-10.28506801571,10.013617619525,1.6));
#5346 = VECTOR('',#5347,1.);
#5347 = DIRECTION('',(-0.735723910673,0.677281571626,0.));
#5348 = ORIENTED_EDGE('',*,*,#5349,.F.);
#5349 = EDGE_CURVE('',#1560,#5342,#5350,.T.);
#5350 = LINE('',#5351,#5352);
#5351 = CARTESIAN_POINT('',(-11.76155880166,11.372823138733,2.));
#5352 = VECTOR('',#5353,1.);
#5353 = DIRECTION('',(0.,0.,-1.));
#5354 = ORIENTED_EDGE('',*,*,#1567,.F.);
#5355 = PLANE('',#5356);
#5356 = AXIS2_PLACEMENT_3D('',#5357,#5358,#5359);
#5357 = CARTESIAN_POINT('',(-10.28506801571,10.013617619525,2.));
#5358 = DIRECTION('',(0.677281571626,0.735723910673,0.));
#5359 = DIRECTION('',(-0.735723910673,0.677281571626,0.));
#5360 = ADVANCED_FACE('',(#5361),#5372,.F.);
#5361 = FACE_BOUND('',#5362,.F.);
#5362 = EDGE_LOOP('',(#5363,#5364,#5370,#5371));
#5363 = ORIENTED_EDGE('',*,*,#5349,.T.);
#5364 = ORIENTED_EDGE('',*,*,#5365,.T.);
#5365 = EDGE_CURVE('',#5342,#5317,#5366,.T.);
#5366 = LINE('',#5367,#5368);
#5367 = CARTESIAN_POINT('',(-11.76155880166,11.372823138733,1.6));
#5368 = VECTOR('',#5369,1.);
#5369 = DIRECTION('',(-0.677281571626,-0.735723910673,0.));
#5370 = ORIENTED_EDGE('',*,*,#5316,.F.);
#5371 = ORIENTED_EDGE('',*,*,#1559,.F.);
#5372 = PLANE('',#5373);
#5373 = AXIS2_PLACEMENT_3D('',#5374,#5375,#5376);
#5374 = CARTESIAN_POINT('',(-11.76155880166,11.372823138733,2.));
#5375 = DIRECTION('',(-0.735723910673,0.677281571626,0.));
#5376 = DIRECTION('',(-0.677281571626,-0.735723910673,0.));
#5377 = ADVANCED_FACE('',(#5378),#5403,.F.);
#5378 = FACE_BOUND('',#5379,.F.);
#5379 = EDGE_LOOP('',(#5380,#5388,#5396,#5402));
#5380 = ORIENTED_EDGE('',*,*,#5381,.T.);
#5381 = EDGE_CURVE('',#1598,#5382,#5384,.T.);
#5382 = VERTEX_POINT('',#5383);
#5383 = CARTESIAN_POINT('',(-9.130081853642,11.076857282806,1.6));
#5384 = LINE('',#5385,#5386);
#5385 = CARTESIAN_POINT('',(-9.130081853642,11.076857282806,2.));
#5386 = VECTOR('',#5387,1.);
#5387 = DIRECTION('',(0.,0.,-1.));
#5388 = ORIENTED_EDGE('',*,*,#5389,.T.);
#5389 = EDGE_CURVE('',#5382,#5390,#5392,.T.);
#5390 = VERTEX_POINT('',#5391);
#5391 = CARTESIAN_POINT('',(-8.496605804248,11.569911483027,1.6));
#5392 = LINE('',#5393,#5394);
#5393 = CARTESIAN_POINT('',(-9.130081853642,11.076857282806,1.6));
#5394 = VECTOR('',#5395,1.);
#5395 = DIRECTION('',(0.789140509396,0.61421271269,0.));
#5396 = ORIENTED_EDGE('',*,*,#5397,.F.);
#5397 = EDGE_CURVE('',#1600,#5390,#5398,.T.);
#5398 = LINE('',#5399,#5400);
#5399 = CARTESIAN_POINT('',(-8.496605804248,11.569911483027,2.));
#5400 = VECTOR('',#5401,1.);
#5401 = DIRECTION('',(0.,0.,-1.));
#5402 = ORIENTED_EDGE('',*,*,#1597,.F.);
#5403 = PLANE('',#5404);
#5404 = AXIS2_PLACEMENT_3D('',#5405,#5406,#5407);
#5405 = CARTESIAN_POINT('',(-9.130081853642,11.076857282806,2.));
#5406 = DIRECTION('',(0.61421271269,-0.789140509396,0.));
#5407 = DIRECTION('',(0.789140509396,0.61421271269,0.));
#5408 = ADVANCED_FACE('',(#5409),#5427,.F.);
#5409 = FACE_BOUND('',#5410,.F.);
#5410 = EDGE_LOOP('',(#5411,#5419,#5425,#5426));
#5411 = ORIENTED_EDGE('',*,*,#5412,.T.);
#5412 = EDGE_CURVE('',#1608,#5413,#5415,.T.);
#5413 = VERTEX_POINT('',#5414);
#5414 = CARTESIAN_POINT('',(-10.36271735419,12.660547406291,1.6));
#5415 = LINE('',#5416,#5417);
#5416 = CARTESIAN_POINT('',(-10.36271735419,12.660547406291,2.));
#5417 = VECTOR('',#5418,1.);
#5418 = DIRECTION('',(0.,0.,-1.));
#5419 = ORIENTED_EDGE('',*,*,#5420,.T.);
#5420 = EDGE_CURVE('',#5413,#5382,#5421,.T.);
#5421 = LINE('',#5422,#5423);
#5422 = CARTESIAN_POINT('',(-10.36271735419,12.660547406291,1.6));
#5423 = VECTOR('',#5424,1.);
#5424 = DIRECTION('',(0.61421271269,-0.789140509396,0.));
#5425 = ORIENTED_EDGE('',*,*,#5381,.F.);
#5426 = ORIENTED_EDGE('',*,*,#1607,.F.);
#5427 = PLANE('',#5428);
#5428 = AXIS2_PLACEMENT_3D('',#5429,#5430,#5431);
#5429 = CARTESIAN_POINT('',(-10.36271735419,12.660547406291,2.));
#5430 = DIRECTION('',(-0.789140509396,-0.61421271269,0.));
#5431 = DIRECTION('',(0.61421271269,-0.789140509396,0.));
#5432 = ADVANCED_FACE('',(#5433),#5451,.F.);
#5433 = FACE_BOUND('',#5434,.F.);
#5434 = EDGE_LOOP('',(#5435,#5436,#5444,#5450));
#5435 = ORIENTED_EDGE('',*,*,#5397,.T.);
#5436 = ORIENTED_EDGE('',*,*,#5437,.T.);
#5437 = EDGE_CURVE('',#5390,#5438,#5440,.T.);
#5438 = VERTEX_POINT('',#5439);
#5439 = CARTESIAN_POINT('',(-9.729241304799,13.153601606512,1.6));
#5440 = LINE('',#5441,#5442);
#5441 = CARTESIAN_POINT('',(-8.496605804248,11.569911483027,1.6));
#5442 = VECTOR('',#5443,1.);
#5443 = DIRECTION('',(-0.61421271269,0.789140509396,0.));
#5444 = ORIENTED_EDGE('',*,*,#5445,.F.);
#5445 = EDGE_CURVE('',#1616,#5438,#5446,.T.);
#5446 = LINE('',#5447,#5448);
#5447 = CARTESIAN_POINT('',(-9.729241304799,13.153601606512,2.));
#5448 = VECTOR('',#5449,1.);
#5449 = DIRECTION('',(0.,0.,-1.));
#5450 = ORIENTED_EDGE('',*,*,#1623,.F.);
#5451 = PLANE('',#5452);
#5452 = AXIS2_PLACEMENT_3D('',#5453,#5454,#5455);
#5453 = CARTESIAN_POINT('',(-8.496605804248,11.569911483027,2.));
#5454 = DIRECTION('',(0.789140509396,0.61421271269,0.));
#5455 = DIRECTION('',(-0.61421271269,0.789140509396,0.));
#5456 = ADVANCED_FACE('',(#5457),#5468,.F.);
#5457 = FACE_BOUND('',#5458,.F.);
#5458 = EDGE_LOOP('',(#5459,#5460,#5466,#5467));
#5459 = ORIENTED_EDGE('',*,*,#5445,.T.);
#5460 = ORIENTED_EDGE('',*,*,#5461,.T.);
#5461 = EDGE_CURVE('',#5438,#5413,#5462,.T.);
#5462 = LINE('',#5463,#5464);
#5463 = CARTESIAN_POINT('',(-9.729241304799,13.153601606512,1.6));
#5464 = VECTOR('',#5465,1.);
#5465 = DIRECTION('',(-0.789140509396,-0.61421271269,0.));
#5466 = ORIENTED_EDGE('',*,*,#5412,.F.);
#5467 = ORIENTED_EDGE('',*,*,#1615,.F.);
#5468 = PLANE('',#5469);
#5469 = AXIS2_PLACEMENT_3D('',#5470,#5471,#5472);
#5470 = CARTESIAN_POINT('',(-9.729241304799,13.153601606512,2.));
#5471 = DIRECTION('',(-0.61421271269,0.789140509396,0.));
#5472 = DIRECTION('',(-0.789140509396,-0.61421271269,0.));
#5473 = ADVANCED_FACE('',(#5474),#5499,.F.);
#5474 = FACE_BOUND('',#5475,.F.);
#5475 = EDGE_LOOP('',(#5476,#5484,#5492,#5498));
#5476 = ORIENTED_EDGE('',*,*,#5477,.T.);
#5477 = EDGE_CURVE('',#1632,#5478,#5480,.T.);
#5478 = VERTEX_POINT('',#5479);
#5479 = CARTESIAN_POINT('',(-7.18236865127,12.428545469004,1.6));
#5480 = LINE('',#5481,#5482);
#5481 = CARTESIAN_POINT('',(-7.18236865127,12.428545469004,2.));
#5482 = VECTOR('',#5483,1.);
#5483 = DIRECTION('',(0.,0.,-1.));
#5484 = ORIENTED_EDGE('',*,*,#5485,.T.);
#5485 = EDGE_CURVE('',#5478,#5486,#5488,.T.);
#5486 = VERTEX_POINT('',#5487);
#5487 = CARTESIAN_POINT('',(-6.476378335444,12.810608321779,1.6));
#5488 = LINE('',#5489,#5490);
#5489 = CARTESIAN_POINT('',(-7.18236865127,12.428545469004,1.6));
#5490 = VECTOR('',#5491,1.);
#5491 = DIRECTION('',(0.879473751206,0.475947393037,0.));
#5492 = ORIENTED_EDGE('',*,*,#5493,.F.);
#5493 = EDGE_CURVE('',#1634,#5486,#5494,.T.);
#5494 = LINE('',#5495,#5496);
#5495 = CARTESIAN_POINT('',(-6.476378335444,12.810608321779,2.));
#5496 = VECTOR('',#5497,1.);
#5497 = DIRECTION('',(0.,0.,-1.));
#5498 = ORIENTED_EDGE('',*,*,#1631,.F.);
#5499 = PLANE('',#5500);
#5500 = AXIS2_PLACEMENT_3D('',#5501,#5502,#5503);
#5501 = CARTESIAN_POINT('',(-7.18236865127,12.428545469004,2.));
#5502 = DIRECTION('',(0.475947393037,-0.879473751206,0.));
#5503 = DIRECTION('',(0.879473751206,0.475947393037,0.));
#5504 = ADVANCED_FACE('',(#5505),#5523,.F.);
#5505 = FACE_BOUND('',#5506,.F.);
#5506 = EDGE_LOOP('',(#5507,#5515,#5521,#5522));
#5507 = ORIENTED_EDGE('',*,*,#5508,.T.);
#5508 = EDGE_CURVE('',#1642,#5509,#5511,.T.);
#5509 = VERTEX_POINT('',#5510);
#5510 = CARTESIAN_POINT('',(-8.137525783208,14.19352125857,1.6));
#5511 = LINE('',#5512,#5513);
#5512 = CARTESIAN_POINT('',(-8.137525783208,14.19352125857,2.));
#5513 = VECTOR('',#5514,1.);
#5514 = DIRECTION('',(0.,0.,-1.));
#5515 = ORIENTED_EDGE('',*,*,#5516,.T.);
#5516 = EDGE_CURVE('',#5509,#5478,#5517,.T.);
#5517 = LINE('',#5518,#5519);
#5518 = CARTESIAN_POINT('',(-8.137525783208,14.19352125857,1.6));
#5519 = VECTOR('',#5520,1.);
#5520 = DIRECTION('',(0.475947393037,-0.879473751206,0.));
#5521 = ORIENTED_EDGE('',*,*,#5477,.F.);
#5522 = ORIENTED_EDGE('',*,*,#1641,.F.);
#5523 = PLANE('',#5524);
#5524 = AXIS2_PLACEMENT_3D('',#5525,#5526,#5527);
#5525 = CARTESIAN_POINT('',(-8.137525783208,14.19352125857,2.));
#5526 = DIRECTION('',(-0.879473751206,-0.475947393037,0.));
#5527 = DIRECTION('',(0.475947393037,-0.879473751206,0.));
#5528 = ADVANCED_FACE('',(#5529),#5547,.F.);
#5529 = FACE_BOUND('',#5530,.F.);
#5530 = EDGE_LOOP('',(#5531,#5532,#5540,#5546));
#5531 = ORIENTED_EDGE('',*,*,#5493,.T.);
#5532 = ORIENTED_EDGE('',*,*,#5533,.T.);
#5533 = EDGE_CURVE('',#5486,#5534,#5536,.T.);
#5534 = VERTEX_POINT('',#5535);
#5535 = CARTESIAN_POINT('',(-7.431535467382,14.575584111345,1.6));
#5536 = LINE('',#5537,#5538);
#5537 = CARTESIAN_POINT('',(-6.476378335444,12.810608321779,1.6));
#5538 = VECTOR('',#5539,1.);
#5539 = DIRECTION('',(-0.475947393037,0.879473751206,0.));
#5540 = ORIENTED_EDGE('',*,*,#5541,.F.);
#5541 = EDGE_CURVE('',#1650,#5534,#5542,.T.);
#5542 = LINE('',#5543,#5544);
#5543 = CARTESIAN_POINT('',(-7.431535467382,14.575584111345,2.));
#5544 = VECTOR('',#5545,1.);
#5545 = DIRECTION('',(0.,0.,-1.));
#5546 = ORIENTED_EDGE('',*,*,#1657,.F.);
#5547 = PLANE('',#5548);
#5548 = AXIS2_PLACEMENT_3D('',#5549,#5550,#5551);
#5549 = CARTESIAN_POINT('',(-6.476378335444,12.810608321779,2.));
#5550 = DIRECTION('',(0.879473751206,0.475947393037,0.));
#5551 = DIRECTION('',(-0.475947393037,0.879473751206,0.));
#5552 = ADVANCED_FACE('',(#5553),#5564,.F.);
#5553 = FACE_BOUND('',#5554,.F.);
#5554 = EDGE_LOOP('',(#5555,#5556,#5562,#5563));
#5555 = ORIENTED_EDGE('',*,*,#5541,.T.);
#5556 = ORIENTED_EDGE('',*,*,#5557,.T.);
#5557 = EDGE_CURVE('',#5534,#5509,#5558,.T.);
#5558 = LINE('',#5559,#5560);
#5559 = CARTESIAN_POINT('',(-7.431535467382,14.575584111345,1.6));
#5560 = VECTOR('',#5561,1.);
#5561 = DIRECTION('',(-0.879473751206,-0.475947393037,0.));
#5562 = ORIENTED_EDGE('',*,*,#5508,.F.);
#5563 = ORIENTED_EDGE('',*,*,#1649,.F.);
#5564 = PLANE('',#5565);
#5565 = AXIS2_PLACEMENT_3D('',#5566,#5567,#5568);
#5566 = CARTESIAN_POINT('',(-7.431535467382,14.575584111345,2.));
#5567 = DIRECTION('',(-0.475947393037,0.879473751206,0.));
#5568 = DIRECTION('',(-0.879473751206,-0.475947393037,0.));
#5569 = ADVANCED_FACE('',(#5570),#5595,.F.);
#5570 = FACE_BOUND('',#5571,.F.);
#5571 = EDGE_LOOP('',(#5572,#5580,#5588,#5594));
#5572 = ORIENTED_EDGE('',*,*,#5573,.T.);
#5573 = EDGE_CURVE('',#1677,#5574,#5576,.T.);
#5574 = VERTEX_POINT('',#5575);
#5575 = CARTESIAN_POINT('',(-5.038739155129,13.441215333608,1.6));
#5576 = LINE('',#5577,#5578);
#5577 = CARTESIAN_POINT('',(-5.038739155129,13.441215333608,2.));
#5578 = VECTOR('',#5579,1.);
#5579 = DIRECTION('',(0.,0.,-1.));
#5580 = ORIENTED_EDGE('',*,*,#5581,.T.);
#5581 = EDGE_CURVE('',#5574,#5582,#5584,.T.);
#5582 = VERTEX_POINT('',#5583);
#5583 = CARTESIAN_POINT('',(-4.279492148307,13.701865160278,1.6));
#5584 = LINE('',#5585,#5586);
#5585 = CARTESIAN_POINT('',(-5.038739155129,13.441215333608,1.6));
#5586 = VECTOR('',#5587,1.);
#5587 = DIRECTION('',(0.945817241701,0.324699469205,0.));
#5588 = ORIENTED_EDGE('',*,*,#5589,.F.);
#5589 = EDGE_CURVE('',#1679,#5582,#5590,.T.);
#5590 = LINE('',#5591,#5592);
#5591 = CARTESIAN_POINT('',(-4.279492148307,13.701865160278,2.));
#5592 = VECTOR('',#5593,1.);
#5593 = DIRECTION('',(0.,0.,-1.));
#5594 = ORIENTED_EDGE('',*,*,#1676,.F.);
#5595 = PLANE('',#5596);
#5596 = AXIS2_PLACEMENT_3D('',#5597,#5598,#5599);
#5597 = CARTESIAN_POINT('',(-5.038739155129,13.441215333608,2.));
#5598 = DIRECTION('',(0.324699469205,-0.945817241701,0.));
#5599 = DIRECTION('',(0.945817241701,0.324699469205,0.));
#5600 = ADVANCED_FACE('',(#5601),#5619,.F.);
#5601 = FACE_BOUND('',#5602,.F.);
#5602 = EDGE_LOOP('',(#5603,#5611,#5617,#5618));
#5603 = ORIENTED_EDGE('',*,*,#5604,.T.);
#5604 = EDGE_CURVE('',#1687,#5605,#5607,.T.);
#5605 = VERTEX_POINT('',#5606);
#5606 = CARTESIAN_POINT('',(-5.690363721803,15.339332850663,1.6));
#5607 = LINE('',#5608,#5609);
#5608 = CARTESIAN_POINT('',(-5.690363721803,15.339332850663,2.));
#5609 = VECTOR('',#5610,1.);
#5610 = DIRECTION('',(0.,0.,-1.));
#5611 = ORIENTED_EDGE('',*,*,#5612,.T.);
#5612 = EDGE_CURVE('',#5605,#5574,#5613,.T.);
#5613 = LINE('',#5614,#5615);
#5614 = CARTESIAN_POINT('',(-5.690363721803,15.339332850663,1.6));
#5615 = VECTOR('',#5616,1.);
#5616 = DIRECTION('',(0.324699469205,-0.945817241701,0.));
#5617 = ORIENTED_EDGE('',*,*,#5573,.F.);
#5618 = ORIENTED_EDGE('',*,*,#1686,.F.);
#5619 = PLANE('',#5620);
#5620 = AXIS2_PLACEMENT_3D('',#5621,#5622,#5623);
#5621 = CARTESIAN_POINT('',(-5.690363721803,15.339332850663,2.));
#5622 = DIRECTION('',(-0.945817241701,-0.324699469205,0.));
#5623 = DIRECTION('',(0.324699469205,-0.945817241701,0.));
#5624 = ADVANCED_FACE('',(#5625),#5643,.F.);
#5625 = FACE_BOUND('',#5626,.F.);
#5626 = EDGE_LOOP('',(#5627,#5628,#5636,#5642));
#5627 = ORIENTED_EDGE('',*,*,#5589,.T.);
#5628 = ORIENTED_EDGE('',*,*,#5629,.T.);
#5629 = EDGE_CURVE('',#5582,#5630,#5632,.T.);
#5630 = VERTEX_POINT('',#5631);
#5631 = CARTESIAN_POINT('',(-4.931116714981,15.599982677332,1.6));
#5632 = LINE('',#5633,#5634);
#5633 = CARTESIAN_POINT('',(-4.279492148307,13.701865160278,1.6));
#5634 = VECTOR('',#5635,1.);
#5635 = DIRECTION('',(-0.324699469205,0.945817241701,0.));
#5636 = ORIENTED_EDGE('',*,*,#5637,.F.);
#5637 = EDGE_CURVE('',#1695,#5630,#5638,.T.);
#5638 = LINE('',#5639,#5640);
#5639 = CARTESIAN_POINT('',(-4.931116714981,15.599982677332,2.));
#5640 = VECTOR('',#5641,1.);
#5641 = DIRECTION('',(0.,0.,-1.));
#5642 = ORIENTED_EDGE('',*,*,#1702,.F.);
#5643 = PLANE('',#5644);
#5644 = AXIS2_PLACEMENT_3D('',#5645,#5646,#5647);
#5645 = CARTESIAN_POINT('',(-4.279492148307,13.701865160278,2.));
#5646 = DIRECTION('',(0.945817241701,0.324699469205,0.));
#5647 = DIRECTION('',(-0.324699469205,0.945817241701,0.));
#5648 = ADVANCED_FACE('',(#5649),#5660,.F.);
#5649 = FACE_BOUND('',#5650,.F.);
#5650 = EDGE_LOOP('',(#5651,#5652,#5658,#5659));
#5651 = ORIENTED_EDGE('',*,*,#5637,.T.);
#5652 = ORIENTED_EDGE('',*,*,#5653,.T.);
#5653 = EDGE_CURVE('',#5630,#5605,#5654,.T.);
#5654 = LINE('',#5655,#5656);
#5655 = CARTESIAN_POINT('',(-4.931116714981,15.599982677332,1.6));
#5656 = VECTOR('',#5657,1.);
#5657 = DIRECTION('',(-0.945817241701,-0.324699469205,0.));
#5658 = ORIENTED_EDGE('',*,*,#5604,.F.);
#5659 = ORIENTED_EDGE('',*,*,#1694,.F.);
#5660 = PLANE('',#5661);
#5661 = AXIS2_PLACEMENT_3D('',#5662,#5663,#5664);
#5662 = CARTESIAN_POINT('',(-4.931116714981,15.599982677332,2.));
#5663 = DIRECTION('',(-0.324699469205,0.945817241701,0.));
#5664 = DIRECTION('',(-0.945817241701,-0.324699469205,0.));
#5665 = ADVANCED_FACE('',(#5666),#5691,.F.);
#5666 = FACE_BOUND('',#5667,.F.);
#5667 = EDGE_LOOP('',(#5668,#5676,#5684,#5690));
#5668 = ORIENTED_EDGE('',*,*,#5669,.T.);
#5669 = EDGE_CURVE('',#1711,#5670,#5672,.T.);
#5670 = VERTEX_POINT('',#5671);
#5671 = CARTESIAN_POINT('',(-2.757665989849,14.087243882544,1.6));
#5672 = LINE('',#5673,#5674);
#5673 = CARTESIAN_POINT('',(-2.757665989849,14.087243882544,2.));
#5674 = VECTOR('',#5675,1.);
#5675 = DIRECTION('',(0.,0.,-1.));
#5676 = ORIENTED_EDGE('',*,*,#5677,.T.);
#5677 = EDGE_CURVE('',#5670,#5678,#5680,.T.);
#5678 = VERTEX_POINT('',#5679);
#5679 = CARTESIAN_POINT('',(-1.965872571168,14.2193708353,1.6));
#5680 = LINE('',#5681,#5682);
#5681 = CARTESIAN_POINT('',(-2.757665989849,14.087243882544,1.6));
#5682 = VECTOR('',#5683,1.);
#5683 = DIRECTION('',(0.986361303403,0.164594590281,0.));
#5684 = ORIENTED_EDGE('',*,*,#5685,.F.);
#5685 = EDGE_CURVE('',#1713,#5678,#5686,.T.);
#5686 = LINE('',#5687,#5688);
#5687 = CARTESIAN_POINT('',(-1.965872571168,14.2193708353,2.));
#5688 = VECTOR('',#5689,1.);
#5689 = DIRECTION('',(0.,0.,-1.));
#5690 = ORIENTED_EDGE('',*,*,#1710,.F.);
#5691 = PLANE('',#5692);
#5692 = AXIS2_PLACEMENT_3D('',#5693,#5694,#5695);
#5693 = CARTESIAN_POINT('',(-2.757665989849,14.087243882544,2.));
#5694 = DIRECTION('',(0.164594590281,-0.986361303403,0.));
#5695 = DIRECTION('',(0.986361303403,0.164594590281,0.));
#5696 = ADVANCED_FACE('',(#5697),#5715,.F.);
#5697 = FACE_BOUND('',#5698,.F.);
#5698 = EDGE_LOOP('',(#5699,#5707,#5713,#5714));
#5699 = ORIENTED_EDGE('',*,*,#5700,.T.);
#5700 = EDGE_CURVE('',#1721,#5701,#5703,.T.);
#5701 = VERTEX_POINT('',#5702);
#5702 = CARTESIAN_POINT('',(-3.087983371739,16.066727429247,1.6));
#5703 = LINE('',#5704,#5705);
#5704 = CARTESIAN_POINT('',(-3.087983371739,16.066727429247,2.));
#5705 = VECTOR('',#5706,1.);
#5706 = DIRECTION('',(0.,0.,-1.));
#5707 = ORIENTED_EDGE('',*,*,#5708,.T.);
#5708 = EDGE_CURVE('',#5701,#5670,#5709,.T.);
#5709 = LINE('',#5710,#5711);
#5710 = CARTESIAN_POINT('',(-3.087983371739,16.066727429247,1.6));
#5711 = VECTOR('',#5712,1.);
#5712 = DIRECTION('',(0.164594590281,-0.986361303403,0.));
#5713 = ORIENTED_EDGE('',*,*,#5669,.F.);
#5714 = ORIENTED_EDGE('',*,*,#1720,.F.);
#5715 = PLANE('',#5716);
#5716 = AXIS2_PLACEMENT_3D('',#5717,#5718,#5719);
#5717 = CARTESIAN_POINT('',(-3.087983371739,16.066727429247,2.));
#5718 = DIRECTION('',(-0.986361303403,-0.164594590281,0.));
#5719 = DIRECTION('',(0.164594590281,-0.986361303403,0.));
#5720 = ADVANCED_FACE('',(#5721),#5739,.F.);
#5721 = FACE_BOUND('',#5722,.F.);
#5722 = EDGE_LOOP('',(#5723,#5724,#5732,#5738));
#5723 = ORIENTED_EDGE('',*,*,#5685,.T.);
#5724 = ORIENTED_EDGE('',*,*,#5725,.T.);
#5725 = EDGE_CURVE('',#5678,#5726,#5728,.T.);
#5726 = VERTEX_POINT('',#5727);
#5727 = CARTESIAN_POINT('',(-2.296189953058,16.198854382002,1.6));
#5728 = LINE('',#5729,#5730);
#5729 = CARTESIAN_POINT('',(-1.965872571168,14.2193708353,1.6));
#5730 = VECTOR('',#5731,1.);
#5731 = DIRECTION('',(-0.164594590281,0.986361303403,0.));
#5732 = ORIENTED_EDGE('',*,*,#5733,.F.);
#5733 = EDGE_CURVE('',#1729,#5726,#5734,.T.);
#5734 = LINE('',#5735,#5736);
#5735 = CARTESIAN_POINT('',(-2.296189953058,16.198854382002,2.));
#5736 = VECTOR('',#5737,1.);
#5737 = DIRECTION('',(0.,0.,-1.));
#5738 = ORIENTED_EDGE('',*,*,#1736,.F.);
#5739 = PLANE('',#5740);
#5740 = AXIS2_PLACEMENT_3D('',#5741,#5742,#5743);
#5741 = CARTESIAN_POINT('',(-1.965872571168,14.2193708353,2.));
#5742 = DIRECTION('',(0.986361303403,0.164594590281,0.));
#5743 = DIRECTION('',(-0.164594590281,0.986361303403,0.));
#5744 = ADVANCED_FACE('',(#5745),#5756,.F.);
#5745 = FACE_BOUND('',#5746,.F.);
#5746 = EDGE_LOOP('',(#5747,#5748,#5754,#5755));
#5747 = ORIENTED_EDGE('',*,*,#5733,.T.);
#5748 = ORIENTED_EDGE('',*,*,#5749,.T.);
#5749 = EDGE_CURVE('',#5726,#5701,#5750,.T.);
#5750 = LINE('',#5751,#5752);
#5751 = CARTESIAN_POINT('',(-2.296189953058,16.198854382002,1.6));
#5752 = VECTOR('',#5753,1.);
#5753 = DIRECTION('',(-0.986361303403,-0.164594590281,0.));
#5754 = ORIENTED_EDGE('',*,*,#5700,.F.);
#5755 = ORIENTED_EDGE('',*,*,#1728,.F.);
#5756 = PLANE('',#5757);
#5757 = AXIS2_PLACEMENT_3D('',#5758,#5759,#5760);
#5758 = CARTESIAN_POINT('',(-2.296189953058,16.198854382002,2.));
#5759 = DIRECTION('',(-0.164594590281,0.986361303403,0.));
#5760 = DIRECTION('',(-0.986361303403,-0.164594590281,0.));
#5761 = ADVANCED_FACE('',(#5762),#5787,.F.);
#5762 = FACE_BOUND('',#5763,.F.);
#5763 = EDGE_LOOP('',(#5764,#5772,#5780,#5786));
#5764 = ORIENTED_EDGE('',*,*,#5765,.T.);
#5765 = EDGE_CURVE('',#1745,#5766,#5768,.T.);
#5766 = VERTEX_POINT('',#5767);
#5767 = CARTESIAN_POINT('',(-0.401370885065,14.349009141069,1.6));
#5768 = LINE('',#5769,#5770);
#5769 = CARTESIAN_POINT('',(-0.401370885065,14.349009141069,2.));
#5770 = VECTOR('',#5771,1.);
#5771 = DIRECTION('',(0.,-0.,-1.));
#5772 = ORIENTED_EDGE('',*,*,#5773,.T.);
#5773 = EDGE_CURVE('',#5766,#5774,#5776,.T.);
#5774 = VERTEX_POINT('',#5775);
#5775 = CARTESIAN_POINT('',(0.401370885065,14.349009141069,1.6));
#5776 = LINE('',#5777,#5778);
#5777 = CARTESIAN_POINT('',(-0.401370885065,14.349009141069,1.6));
#5778 = VECTOR('',#5779,1.);
#5779 = DIRECTION('',(1.,1.693090112553E-15,0.));
#5780 = ORIENTED_EDGE('',*,*,#5781,.F.);
#5781 = EDGE_CURVE('',#1747,#5774,#5782,.T.);
#5782 = LINE('',#5783,#5784);
#5783 = CARTESIAN_POINT('',(0.401370885065,14.349009141069,2.));
#5784 = VECTOR('',#5785,1.);
#5785 = DIRECTION('',(0.,-0.,-1.));
#5786 = ORIENTED_EDGE('',*,*,#1744,.F.);
#5787 = PLANE('',#5788);
#5788 = AXIS2_PLACEMENT_3D('',#5789,#5790,#5791);
#5789 = CARTESIAN_POINT('',(-0.401370885065,14.349009141069,2.));
#5790 = DIRECTION('',(1.693090112553E-15,-1.,0.));
#5791 = DIRECTION('',(1.,1.693090112553E-15,0.));
#5792 = ADVANCED_FACE('',(#5793),#5811,.F.);
#5793 = FACE_BOUND('',#5794,.F.);
#5794 = EDGE_LOOP('',(#5795,#5803,#5809,#5810));
#5795 = ORIENTED_EDGE('',*,*,#5796,.T.);
#5796 = EDGE_CURVE('',#1755,#5797,#5799,.T.);
#5797 = VERTEX_POINT('',#5798);
#5798 = CARTESIAN_POINT('',(-0.401370885065,16.355863566393,1.6));
#5799 = LINE('',#5800,#5801);
#5800 = CARTESIAN_POINT('',(-0.401370885065,16.355863566393,2.));
#5801 = VECTOR('',#5802,1.);
#5802 = DIRECTION('',(0.,-0.,-1.));
#5803 = ORIENTED_EDGE('',*,*,#5804,.T.);
#5804 = EDGE_CURVE('',#5797,#5766,#5805,.T.);
#5805 = LINE('',#5806,#5807);
#5806 = CARTESIAN_POINT('',(-0.401370885065,16.355863566393,1.6));
#5807 = VECTOR('',#5808,1.);
#5808 = DIRECTION('',(2.775557561563E-17,-1.,0.));
#5809 = ORIENTED_EDGE('',*,*,#5765,.F.);
#5810 = ORIENTED_EDGE('',*,*,#1754,.F.);
#5811 = PLANE('',#5812);
#5812 = AXIS2_PLACEMENT_3D('',#5813,#5814,#5815);
#5813 = CARTESIAN_POINT('',(-0.401370885065,16.355863566393,2.));
#5814 = DIRECTION('',(-1.,-2.775557561563E-17,0.));
#5815 = DIRECTION('',(2.775557561563E-17,-1.,0.));
#5816 = ADVANCED_FACE('',(#5817),#5835,.F.);
#5817 = FACE_BOUND('',#5818,.F.);
#5818 = EDGE_LOOP('',(#5819,#5820,#5828,#5834));
#5819 = ORIENTED_EDGE('',*,*,#5781,.T.);
#5820 = ORIENTED_EDGE('',*,*,#5821,.T.);
#5821 = EDGE_CURVE('',#5774,#5822,#5824,.T.);
#5822 = VERTEX_POINT('',#5823);
#5823 = CARTESIAN_POINT('',(0.401370885065,16.355863566393,1.6));
#5824 = LINE('',#5825,#5826);
#5825 = CARTESIAN_POINT('',(0.401370885065,14.349009141069,1.6));
#5826 = VECTOR('',#5827,1.);
#5827 = DIRECTION('',(2.775557561563E-17,1.,0.));
#5828 = ORIENTED_EDGE('',*,*,#5829,.F.);
#5829 = EDGE_CURVE('',#1763,#5822,#5830,.T.);
#5830 = LINE('',#5831,#5832);
#5831 = CARTESIAN_POINT('',(0.401370885065,16.355863566393,2.));
#5832 = VECTOR('',#5833,1.);
#5833 = DIRECTION('',(0.,-0.,-1.));
#5834 = ORIENTED_EDGE('',*,*,#1770,.F.);
#5835 = PLANE('',#5836);
#5836 = AXIS2_PLACEMENT_3D('',#5837,#5838,#5839);
#5837 = CARTESIAN_POINT('',(0.401370885065,14.349009141069,2.));
#5838 = DIRECTION('',(1.,-2.775557561563E-17,0.));
#5839 = DIRECTION('',(2.775557561563E-17,1.,0.));
#5840 = ADVANCED_FACE('',(#5841),#5852,.F.);
#5841 = FACE_BOUND('',#5842,.F.);
#5842 = EDGE_LOOP('',(#5843,#5844,#5850,#5851));
#5843 = ORIENTED_EDGE('',*,*,#5829,.T.);
#5844 = ORIENTED_EDGE('',*,*,#5845,.T.);
#5845 = EDGE_CURVE('',#5822,#5797,#5846,.T.);
#5846 = LINE('',#5847,#5848);
#5847 = CARTESIAN_POINT('',(0.401370885065,16.355863566393,1.6));
#5848 = VECTOR('',#5849,1.);
#5849 = DIRECTION('',(-1.,-1.679212324746E-15,0.));
#5850 = ORIENTED_EDGE('',*,*,#5796,.F.);
#5851 = ORIENTED_EDGE('',*,*,#1762,.F.);
#5852 = PLANE('',#5853);
#5853 = AXIS2_PLACEMENT_3D('',#5854,#5855,#5856);
#5854 = CARTESIAN_POINT('',(0.401370885065,16.355863566393,2.));
#5855 = DIRECTION('',(-1.679212324746E-15,1.,0.));
#5856 = DIRECTION('',(-1.,-1.679212324746E-15,0.));
#5857 = ADVANCED_FACE('',(#5858),#5883,.F.);
#5858 = FACE_BOUND('',#5859,.F.);
#5859 = EDGE_LOOP('',(#5860,#5861,#5869,#5877));
#5860 = ORIENTED_EDGE('',*,*,#1800,.F.);
#5861 = ORIENTED_EDGE('',*,*,#5862,.T.);
#5862 = EDGE_CURVE('',#1801,#5863,#5865,.T.);
#5863 = VERTEX_POINT('',#5864);
#5864 = CARTESIAN_POINT('',(14.26685505502,1.584931783046,1.6));
#5865 = LINE('',#5866,#5867);
#5866 = CARTESIAN_POINT('',(14.26685505502,1.584931783046,2.));
#5867 = VECTOR('',#5868,1.);
#5868 = DIRECTION('',(-0.,-0.,-1.));
#5869 = ORIENTED_EDGE('',*,*,#5870,.T.);
#5870 = EDGE_CURVE('',#5863,#5871,#5873,.T.);
#5871 = VERTEX_POINT('',#5872);
#5872 = CARTESIAN_POINT('',(14.312245741803,1.037147657165,1.6));
#5873 = LINE('',#5874,#5875);
#5874 = CARTESIAN_POINT('',(14.26685505502,1.584931783046,1.6));
#5875 = VECTOR('',#5876,1.);
#5876 = DIRECTION('',(8.257934547233E-02,-0.996584493007,0.));
#5877 = ORIENTED_EDGE('',*,*,#5878,.F.);
#5878 = EDGE_CURVE('',#1803,#5871,#5879,.T.);
#5879 = LINE('',#5880,#5881);
#5880 = CARTESIAN_POINT('',(14.312245741803,1.037147657165,2.));
#5881 = VECTOR('',#5882,1.);
#5882 = DIRECTION('',(0.,0.,-1.));
#5883 = PLANE('',#5884);
#5884 = AXIS2_PLACEMENT_3D('',#5885,#5886,#5887);
#5885 = CARTESIAN_POINT('',(14.26685505502,1.584931783046,2.));
#5886 = DIRECTION('',(-0.996584493007,-8.257934547233E-02,0.));
#5887 = DIRECTION('',(8.257934547233E-02,-0.996584493007,0.));
#5888 = ADVANCED_FACE('',(#5889),#5907,.F.);
#5889 = FACE_BOUND('',#5890,.F.);
#5890 = EDGE_LOOP('',(#5891,#5892,#5893,#5901));
#5891 = ORIENTED_EDGE('',*,*,#1986,.F.);
#5892 = ORIENTED_EDGE('',*,*,#5878,.T.);
#5893 = ORIENTED_EDGE('',*,*,#5894,.T.);
#5894 = EDGE_CURVE('',#5871,#5895,#5897,.T.);
#5895 = VERTEX_POINT('',#5896);
#5896 = CARTESIAN_POINT('',(14.330623514575,0.741136370747,1.6));
#5897 = LINE('',#5898,#5899);
#5898 = CARTESIAN_POINT('',(14.296563522904,1.289741583975,1.6));
#5899 = VECTOR('',#5900,1.);
#5900 = DIRECTION('',(6.19653946286E-02,-0.998078298466,0.));
#5901 = ORIENTED_EDGE('',*,*,#5902,.F.);
#5902 = EDGE_CURVE('',#1979,#5895,#5903,.T.);
#5903 = LINE('',#5904,#5905);
#5904 = CARTESIAN_POINT('',(14.330623514575,0.741136370746,2.));
#5905 = VECTOR('',#5906,1.);
#5906 = DIRECTION('',(0.,0.,-1.));
#5907 = PLANE('',#5908);
#5908 = AXIS2_PLACEMENT_3D('',#5909,#5910,#5911);
#5909 = CARTESIAN_POINT('',(14.296563522904,1.289741583975,2.));
#5910 = DIRECTION('',(-0.998078298466,-6.19653946286E-02,0.));
#5911 = DIRECTION('',(6.19653946286E-02,-0.998078298466,0.));
#5912 = ADVANCED_FACE('',(#5913),#5931,.F.);
#5913 = FACE_BOUND('',#5914,.F.);
#5914 = EDGE_LOOP('',(#5915,#5916,#5917,#5925));
#5915 = ORIENTED_EDGE('',*,*,#1978,.F.);
#5916 = ORIENTED_EDGE('',*,*,#5902,.T.);
#5917 = ORIENTED_EDGE('',*,*,#5918,.T.);
#5918 = EDGE_CURVE('',#5895,#5919,#5921,.T.);
#5919 = VERTEX_POINT('',#5920);
#5920 = CARTESIAN_POINT('',(14.342879726144,0.444808495755,1.6));
#5921 = LINE('',#5922,#5923);
#5922 = CARTESIAN_POINT('',(14.32016497887,0.994000450603,1.6));
#5923 = VECTOR('',#5924,1.);
#5924 = DIRECTION('',(4.132497424881E-02,-0.999145758387,0.));
#5925 = ORIENTED_EDGE('',*,*,#5926,.F.);
#5926 = EDGE_CURVE('',#1971,#5919,#5927,.T.);
#5927 = LINE('',#5928,#5929);
#5928 = CARTESIAN_POINT('',(14.342879726144,0.444808495755,2.));
#5929 = VECTOR('',#5930,1.);
#5930 = DIRECTION('',(0.,0.,-1.));
#5931 = PLANE('',#5932);
#5932 = AXIS2_PLACEMENT_3D('',#5933,#5934,#5935);
#5933 = CARTESIAN_POINT('',(14.32016497887,0.994000450603,2.));
#5934 = DIRECTION('',(-0.999145758387,-4.132497424881E-02,0.));
#5935 = DIRECTION('',(4.132497424881E-02,-0.999145758387,0.));
#5936 = ADVANCED_FACE('',(#5937),#5955,.F.);
#5937 = FACE_BOUND('',#5938,.F.);
#5938 = EDGE_LOOP('',(#5939,#5940,#5941,#5949));
#5939 = ORIENTED_EDGE('',*,*,#1970,.F.);
#5940 = ORIENTED_EDGE('',*,*,#5926,.T.);
#5941 = ORIENTED_EDGE('',*,*,#5942,.T.);
#5942 = EDGE_CURVE('',#5919,#5943,#5945,.T.);
#5943 = VERTEX_POINT('',#5944);
#5944 = CARTESIAN_POINT('',(14.354239526044,-0.10473560435,1.6));
#5945 = LINE('',#5946,#5947);
#5946 = CARTESIAN_POINT('',(14.337649341169,0.697834713614,1.6));
#5947 = VECTOR('',#5948,1.);
#5948 = DIRECTION('',(2.066690122756E-02,-0.999786416788,0.));
#5949 = ORIENTED_EDGE('',*,*,#5950,.F.);
#5950 = EDGE_CURVE('',#1963,#5943,#5951,.T.);
#5951 = LINE('',#5952,#5953);
#5952 = CARTESIAN_POINT('',(14.354239526044,-0.10473560435,2.));
#5953 = VECTOR('',#5954,1.);
#5954 = DIRECTION('',(-0.,0.,-1.));
#5955 = PLANE('',#5956);
#5956 = AXIS2_PLACEMENT_3D('',#5957,#5958,#5959);
#5957 = CARTESIAN_POINT('',(14.337649341169,0.697834713614,2.));
#5958 = DIRECTION('',(-0.999786416788,-2.066690122756E-02,0.));
#5959 = DIRECTION('',(2.066690122756E-02,-0.999786416788,0.));
#5960 = ADVANCED_FACE('',(#5961),#5979,.F.);
#5961 = FACE_BOUND('',#5962,.F.);
#5962 = EDGE_LOOP('',(#5963,#5964,#5972,#5978));
#5963 = ORIENTED_EDGE('',*,*,#5950,.T.);
#5964 = ORIENTED_EDGE('',*,*,#5965,.T.);
#5965 = EDGE_CURVE('',#5943,#5966,#5968,.T.);
#5966 = VERTEX_POINT('',#5967);
#5967 = CARTESIAN_POINT('',(16.360665320954,-6.3260142164E-02,1.6));
#5968 = LINE('',#5969,#5970);
#5969 = CARTESIAN_POINT('',(14.354239526044,-0.10473560435,1.6));
#5970 = VECTOR('',#5971,1.);
#5971 = DIRECTION('',(0.999786416788,2.066690122755E-02,0.));
#5972 = ORIENTED_EDGE('',*,*,#5973,.F.);
#5973 = EDGE_CURVE('',#1955,#5966,#5974,.T.);
#5974 = LINE('',#5975,#5976);
#5975 = CARTESIAN_POINT('',(16.360665320954,-6.3260142164E-02,2.));
#5976 = VECTOR('',#5977,1.);
#5977 = DIRECTION('',(-0.,0.,-1.));
#5978 = ORIENTED_EDGE('',*,*,#1962,.F.);
#5979 = PLANE('',#5980);
#5980 = AXIS2_PLACEMENT_3D('',#5981,#5982,#5983);
#5981 = CARTESIAN_POINT('',(14.354239526044,-0.10473560435,2.));
#5982 = DIRECTION('',(2.066690122755E-02,-0.999786416788,0.));
#5983 = DIRECTION('',(0.999786416788,2.066690122755E-02,0.));
#5984 = ADVANCED_FACE('',(#5985),#6003,.F.);
#5985 = FACE_BOUND('',#5986,.F.);
#5986 = EDGE_LOOP('',(#5987,#5988,#5989,#5997));
#5987 = ORIENTED_EDGE('',*,*,#1954,.F.);
#5988 = ORIENTED_EDGE('',*,*,#5973,.T.);
#5989 = ORIENTED_EDGE('',*,*,#5990,.T.);
#5990 = EDGE_CURVE('',#5966,#5991,#5993,.T.);
#5991 = VERTEX_POINT('',#5992);
#5992 = CARTESIAN_POINT('',(16.353679670993,0.274679148571,1.6));
#5993 = LINE('',#5994,#5995);
#5994 = CARTESIAN_POINT('',(16.360665320954,-6.3260142164E-02,1.6));
#5995 = VECTOR('',#5996,1.);
#5996 = DIRECTION('',(-2.066690122756E-02,0.999786416788,0.));
#5997 = ORIENTED_EDGE('',*,*,#5998,.T.);
#5998 = EDGE_CURVE('',#5991,#1947,#5999,.T.);
#5999 = LINE('',#6000,#6001);
#6000 = CARTESIAN_POINT('',(16.353679670993,0.274679148571,2.));
#6001 = VECTOR('',#6002,1.);
#6002 = DIRECTION('',(0.,0.,1.));
#6003 = PLANE('',#6004);
#6004 = AXIS2_PLACEMENT_3D('',#6005,#6006,#6007);
#6005 = CARTESIAN_POINT('',(16.360665320954,-6.3260142164E-02,2.));
#6006 = DIRECTION('',(0.999786416788,2.066690122756E-02,0.));
#6007 = DIRECTION('',(-2.066690122756E-02,0.999786416788,0.));
#6008 = ADVANCED_FACE('',(#6009),#6027,.F.);
#6009 = FACE_BOUND('',#6010,.F.);
#6010 = EDGE_LOOP('',(#6011,#6012,#6013,#6021));
#6011 = ORIENTED_EDGE('',*,*,#1946,.F.);
#6012 = ORIENTED_EDGE('',*,*,#5998,.F.);
#6013 = ORIENTED_EDGE('',*,*,#6014,.T.);
#6014 = EDGE_CURVE('',#5991,#6015,#6017,.T.);
#6015 = VERTEX_POINT('',#6016);
#6016 = CARTESIAN_POINT('',(16.358478348612,0.274877623346,1.6));
#6017 = LINE('',#6018,#6019);
#6018 = CARTESIAN_POINT('',(14.353338261849,0.191944415898,1.6));
#6019 = VECTOR('',#6020,1.);
#6020 = DIRECTION('',(0.999145758387,4.132497424881E-02,0.));
#6021 = ORIENTED_EDGE('',*,*,#6022,.F.);
#6022 = EDGE_CURVE('',#1939,#6015,#6023,.T.);
#6023 = LINE('',#6024,#6025);
#6024 = CARTESIAN_POINT('',(16.358478348612,0.274877623346,2.));
#6025 = VECTOR('',#6026,1.);
#6026 = DIRECTION('',(-0.,0.,-1.));
#6027 = PLANE('',#6028);
#6028 = AXIS2_PLACEMENT_3D('',#6029,#6030,#6031);
#6029 = CARTESIAN_POINT('',(14.353338261849,0.191944415898,2.));
#6030 = DIRECTION('',(4.132497424881E-02,-0.999145758387,0.));
#6031 = DIRECTION('',(0.999145758387,4.132497424881E-02,0.));
#6032 = ADVANCED_FACE('',(#6033),#6051,.F.);
#6033 = FACE_BOUND('',#6034,.F.);
#6034 = EDGE_LOOP('',(#6035,#6036,#6037,#6045));
#6035 = ORIENTED_EDGE('',*,*,#1938,.F.);
#6036 = ORIENTED_EDGE('',*,*,#6022,.T.);
#6037 = ORIENTED_EDGE('',*,*,#6038,.T.);
#6038 = EDGE_CURVE('',#6015,#6039,#6041,.T.);
#6039 = VERTEX_POINT('',#6040);
#6040 = CARTESIAN_POINT('',(16.34887689064,0.507019474182,1.6));
#6041 = LINE('',#6042,#6043);
#6042 = CARTESIAN_POINT('',(16.358478348612,0.274877623346,1.6));
#6043 = VECTOR('',#6044,1.);
#6044 = DIRECTION('',(-4.132497424881E-02,0.999145758387,0.));
#6045 = ORIENTED_EDGE('',*,*,#6046,.F.);
#6046 = EDGE_CURVE('',#1931,#6039,#6047,.T.);
#6047 = LINE('',#6048,#6049);
#6048 = CARTESIAN_POINT('',(16.34887689064,0.507019474182,2.));
#6049 = VECTOR('',#6050,1.);
#6050 = DIRECTION('',(0.,0.,-1.));
#6051 = PLANE('',#6052);
#6052 = AXIS2_PLACEMENT_3D('',#6053,#6054,#6055);
#6053 = CARTESIAN_POINT('',(16.358478348612,0.274877623346,2.));
#6054 = DIRECTION('',(0.999145758387,4.132497424881E-02,0.));
#6055 = DIRECTION('',(-4.132497424881E-02,0.999145758387,0.));
#6056 = ADVANCED_FACE('',(#6057),#6075,.F.);
#6057 = FACE_BOUND('',#6058,.F.);
#6058 = EDGE_LOOP('',(#6059,#6060,#6061,#6069));
#6059 = ORIENTED_EDGE('',*,*,#1930,.F.);
#6060 = ORIENTED_EDGE('',*,*,#6046,.T.);
#6061 = ORIENTED_EDGE('',*,*,#6062,.T.);
#6062 = EDGE_CURVE('',#6039,#6063,#6065,.T.);
#6063 = VERTEX_POINT('',#6064);
#6064 = CARTESIAN_POINT('',(16.346691594913,0.612735805824,1.6));
#6065 = LINE('',#6066,#6067);
#6066 = CARTESIAN_POINT('',(16.360665320954,-6.3260142164E-02,1.6));
#6067 = VECTOR('',#6068,1.);
#6068 = DIRECTION('',(-2.066690122756E-02,0.999786416788,0.));
#6069 = ORIENTED_EDGE('',*,*,#6070,.T.);
#6070 = EDGE_CURVE('',#6063,#1923,#6071,.T.);
#6071 = LINE('',#6072,#6073);
#6072 = CARTESIAN_POINT('',(16.346691594913,0.612735805824,2.));
#6073 = VECTOR('',#6074,1.);
#6074 = DIRECTION('',(0.,0.,1.));
#6075 = PLANE('',#6076);
#6076 = AXIS2_PLACEMENT_3D('',#6077,#6078,#6079);
#6077 = CARTESIAN_POINT('',(16.360665320954,-6.3260142164E-02,2.));
#6078 = DIRECTION('',(0.999786416788,2.066690122756E-02,0.));
#6079 = DIRECTION('',(-2.066690122756E-02,0.999786416788,0.));
#6080 = ADVANCED_FACE('',(#6081),#6099,.F.);
#6081 = FACE_BOUND('',#6082,.F.);
#6082 = EDGE_LOOP('',(#6083,#6084,#6085,#6093));
#6083 = ORIENTED_EDGE('',*,*,#1922,.F.);
#6084 = ORIENTED_EDGE('',*,*,#6070,.F.);
#6085 = ORIENTED_EDGE('',*,*,#6086,.T.);
#6086 = EDGE_CURVE('',#6063,#6087,#6089,.T.);
#6087 = VERTEX_POINT('',#6088);
#6088 = CARTESIAN_POINT('',(16.349303583571,0.612897970364,1.6));
#6089 = LINE('',#6090,#6091);
#6090 = CARTESIAN_POINT('',(14.346305733474,0.488542443936,1.6));
#6091 = VECTOR('',#6092,1.);
#6092 = DIRECTION('',(0.998078298466,6.196539462859E-02,0.));
#6093 = ORIENTED_EDGE('',*,*,#6094,.F.);
#6094 = EDGE_CURVE('',#1915,#6087,#6095,.T.);
#6095 = LINE('',#6096,#6097);
#6096 = CARTESIAN_POINT('',(16.349303583571,0.612897970364,2.));
#6097 = VECTOR('',#6098,1.);
#6098 = DIRECTION('',(-0.,0.,-1.));
#6099 = PLANE('',#6100);
#6100 = AXIS2_PLACEMENT_3D('',#6101,#6102,#6103);
#6101 = CARTESIAN_POINT('',(14.346305733474,0.488542443936,2.));
#6102 = DIRECTION('',(6.196539462859E-02,-0.998078298466,0.));
#6103 = DIRECTION('',(0.998078298466,6.196539462859E-02,0.));
#6104 = ADVANCED_FACE('',(#6105),#6123,.F.);
#6105 = FACE_BOUND('',#6106,.F.);
#6106 = EDGE_LOOP('',(#6107,#6108,#6109,#6117));
#6107 = ORIENTED_EDGE('',*,*,#1914,.F.);
#6108 = ORIENTED_EDGE('',*,*,#6094,.T.);
#6109 = ORIENTED_EDGE('',*,*,#6110,.T.);
#6110 = EDGE_CURVE('',#6087,#6111,#6113,.T.);
#6111 = VERTEX_POINT('',#6112);
#6112 = CARTESIAN_POINT('',(16.345382806485,0.676050033636,1.6));
#6113 = LINE('',#6114,#6115);
#6114 = CARTESIAN_POINT('',(16.349303583571,0.612897970364,1.6));
#6115 = VECTOR('',#6116,1.);
#6116 = DIRECTION('',(-6.19653946286E-02,0.998078298466,0.));
#6117 = ORIENTED_EDGE('',*,*,#6118,.F.);
#6118 = EDGE_CURVE('',#1907,#6111,#6119,.T.);
#6119 = LINE('',#6120,#6121);
#6120 = CARTESIAN_POINT('',(16.345382806485,0.676050033636,2.));
#6121 = VECTOR('',#6122,1.);
#6122 = DIRECTION('',(0.,0.,-1.));
#6123 = PLANE('',#6124);
#6124 = AXIS2_PLACEMENT_3D('',#6125,#6126,#6127);
#6125 = CARTESIAN_POINT('',(16.349303583571,0.612897970364,2.));
#6126 = DIRECTION('',(0.998078298466,6.19653946286E-02,0.));
#6127 = DIRECTION('',(-6.19653946286E-02,0.998078298466,0.));
#6128 = ADVANCED_FACE('',(#6129),#6147,.F.);
#6129 = FACE_BOUND('',#6130,.F.);
#6130 = EDGE_LOOP('',(#6131,#6132,#6133,#6141));
#6131 = ORIENTED_EDGE('',*,*,#1906,.F.);
#6132 = ORIENTED_EDGE('',*,*,#6118,.T.);
#6133 = ORIENTED_EDGE('',*,*,#6134,.T.);
#6134 = EDGE_CURVE('',#6111,#6135,#6137,.T.);
#6135 = VERTEX_POINT('',#6136);
#6136 = CARTESIAN_POINT('',(16.344075136079,0.7393101758,1.6));
#6137 = LINE('',#6138,#6139);
#6138 = CARTESIAN_POINT('',(16.360665320954,-6.3260142164E-02,1.6));
#6139 = VECTOR('',#6140,1.);
#6140 = DIRECTION('',(-2.066690122756E-02,0.999786416788,0.));
#6141 = ORIENTED_EDGE('',*,*,#6142,.F.);
#6142 = EDGE_CURVE('',#1899,#6135,#6143,.T.);
#6143 = LINE('',#6144,#6145);
#6144 = CARTESIAN_POINT('',(16.344075136079,0.7393101758,2.));
#6145 = VECTOR('',#6146,1.);
#6146 = DIRECTION('',(-0.,0.,-1.));
#6147 = PLANE('',#6148);
#6148 = AXIS2_PLACEMENT_3D('',#6149,#6150,#6151);
#6149 = CARTESIAN_POINT('',(16.360665320954,-6.3260142164E-02,2.));
#6150 = DIRECTION('',(0.999786416788,2.066690122756E-02,0.));
#6151 = DIRECTION('',(-2.066690122756E-02,0.999786416788,0.));
#6152 = ADVANCED_FACE('',(#6153),#6171,.F.);
#6153 = FACE_BOUND('',#6154,.F.);
#6154 = EDGE_LOOP('',(#6155,#6156,#6157,#6165));
#6155 = ORIENTED_EDGE('',*,*,#1898,.F.);
#6156 = ORIENTED_EDGE('',*,*,#6142,.T.);
#6157 = ORIENTED_EDGE('',*,*,#6158,.T.);
#6158 = EDGE_CURVE('',#6135,#6159,#6161,.T.);
#6159 = VERTEX_POINT('',#6160);
#6160 = CARTESIAN_POINT('',(16.341458677245,0.739256090152,1.6));
#6161 = LINE('',#6162,#6163);
#6162 = CARTESIAN_POINT('',(16.344075136079,0.7393101758,1.6));
#6163 = VECTOR('',#6164,1.);
#6164 = DIRECTION('',(-0.999786416788,-2.066690122755E-02,0.));
#6165 = ORIENTED_EDGE('',*,*,#6166,.T.);
#6166 = EDGE_CURVE('',#6159,#1891,#6167,.T.);
#6167 = LINE('',#6168,#6169);
#6168 = CARTESIAN_POINT('',(16.341458677245,0.739256090152,2.));
#6169 = VECTOR('',#6170,1.);
#6170 = DIRECTION('',(0.,0.,1.));
#6171 = PLANE('',#6172);
#6172 = AXIS2_PLACEMENT_3D('',#6173,#6174,#6175);
#6173 = CARTESIAN_POINT('',(16.344075136079,0.7393101758,2.));
#6174 = DIRECTION('',(-2.066690122755E-02,0.999786416788,0.));
#6175 = DIRECTION('',(-0.999786416788,-2.066690122755E-02,0.));
#6176 = ADVANCED_FACE('',(#6177),#6195,.F.);
#6177 = FACE_BOUND('',#6178,.F.);
#6178 = EDGE_LOOP('',(#6179,#6180,#6181,#6189));
#6179 = ORIENTED_EDGE('',*,*,#1890,.F.);
#6180 = ORIENTED_EDGE('',*,*,#6166,.F.);
#6181 = ORIENTED_EDGE('',*,*,#6182,.T.);
#6182 = EDGE_CURVE('',#6159,#6183,#6185,.T.);
#6183 = VERTEX_POINT('',#6184);
#6184 = CARTESIAN_POINT('',(16.334906523606,0.844791807214,1.6));
#6185 = LINE('',#6186,#6187);
#6186 = CARTESIAN_POINT('',(16.349303583571,0.612897970364,1.6));
#6187 = VECTOR('',#6188,1.);
#6188 = DIRECTION('',(-6.19653946286E-02,0.998078298466,0.));
#6189 = ORIENTED_EDGE('',*,*,#6190,.F.);
#6190 = EDGE_CURVE('',#1883,#6183,#6191,.T.);
#6191 = LINE('',#6192,#6193);
#6192 = CARTESIAN_POINT('',(16.334906523606,0.844791807215,2.));
#6193 = VECTOR('',#6194,1.);
#6194 = DIRECTION('',(0.,0.,-1.));
#6195 = PLANE('',#6196);
#6196 = AXIS2_PLACEMENT_3D('',#6197,#6198,#6199);
#6197 = CARTESIAN_POINT('',(16.349303583571,0.612897970364,2.));
#6198 = DIRECTION('',(0.998078298466,6.19653946286E-02,0.));
#6199 = DIRECTION('',(-6.19653946286E-02,0.998078298466,0.));
#6200 = ADVANCED_FACE('',(#6201),#6219,.F.);
#6201 = FACE_BOUND('',#6202,.F.);
#6202 = EDGE_LOOP('',(#6203,#6204,#6205,#6213));
#6203 = ORIENTED_EDGE('',*,*,#1882,.F.);
#6204 = ORIENTED_EDGE('',*,*,#6190,.T.);
#6205 = ORIENTED_EDGE('',*,*,#6206,.T.);
#6206 = EDGE_CURVE('',#6183,#6207,#6209,.T.);
#6207 = VERTEX_POINT('',#6208);
#6208 = CARTESIAN_POINT('',(16.330536865638,0.950440396332,1.6));
#6209 = LINE('',#6210,#6211);
#6210 = CARTESIAN_POINT('',(16.358478348612,0.274877623346,1.6));
#6211 = VECTOR('',#6212,1.);
#6212 = DIRECTION('',(-4.132497424881E-02,0.999145758387,0.));
#6213 = ORIENTED_EDGE('',*,*,#6214,.T.);
#6214 = EDGE_CURVE('',#6207,#1875,#6215,.T.);
#6215 = LINE('',#6216,#6217);
#6216 = CARTESIAN_POINT('',(16.330536865638,0.950440396332,2.));
#6217 = VECTOR('',#6218,1.);
#6218 = DIRECTION('',(0.,0.,1.));
#6219 = PLANE('',#6220);
#6220 = AXIS2_PLACEMENT_3D('',#6221,#6222,#6223);
#6221 = CARTESIAN_POINT('',(16.358478348612,0.274877623346,2.));
#6222 = DIRECTION('',(0.999145758387,4.132497424881E-02,0.));
#6223 = DIRECTION('',(-4.132497424881E-02,0.999145758387,0.));
#6224 = ADVANCED_FACE('',(#6225),#6243,.F.);
#6225 = FACE_BOUND('',#6226,.F.);
#6226 = EDGE_LOOP('',(#6227,#6228,#6229,#6237));
#6227 = ORIENTED_EDGE('',*,*,#1874,.F.);
#6228 = ORIENTED_EDGE('',*,*,#6214,.F.);
#6229 = ORIENTED_EDGE('',*,*,#6230,.T.);
#6230 = EDGE_CURVE('',#6207,#6231,#6233,.T.);
#6231 = VERTEX_POINT('',#6232);
#6232 = CARTESIAN_POINT('',(16.33314494498,0.950656507947,1.6));
#6233 = LINE('',#6234,#6235);
#6234 = CARTESIAN_POINT('',(14.33314494498,0.784931783046,1.6));
#6235 = VECTOR('',#6236,1.);
#6236 = DIRECTION('',(0.996584493007,8.257934547233E-02,0.));
#6237 = ORIENTED_EDGE('',*,*,#6238,.F.);
#6238 = EDGE_CURVE('',#1867,#6231,#6239,.T.);
#6239 = LINE('',#6240,#6241);
#6240 = CARTESIAN_POINT('',(16.33314494498,0.950656507947,2.));
#6241 = VECTOR('',#6242,1.);
#6242 = DIRECTION('',(-0.,-0.,-1.));
#6243 = PLANE('',#6244);
#6244 = AXIS2_PLACEMENT_3D('',#6245,#6246,#6247);
#6245 = CARTESIAN_POINT('',(14.33314494498,0.784931783046,2.));
#6246 = DIRECTION('',(8.257934547233E-02,-0.996584493007,0.));
#6247 = DIRECTION('',(0.996584493007,8.257934547233E-02,0.));
#6248 = ADVANCED_FACE('',(#6249),#6267,.F.);
#6249 = FACE_BOUND('',#6250,.F.);
#6250 = EDGE_LOOP('',(#6251,#6252,#6253,#6261));
#6251 = ORIENTED_EDGE('',*,*,#1866,.F.);
#6252 = ORIENTED_EDGE('',*,*,#6238,.T.);
#6253 = ORIENTED_EDGE('',*,*,#6254,.T.);
#6254 = EDGE_CURVE('',#6231,#6255,#6257,.T.);
#6255 = VERTEX_POINT('',#6256);
#6256 = CARTESIAN_POINT('',(16.327919847853,1.013714052687,1.6));
#6257 = LINE('',#6258,#6259);
#6258 = CARTESIAN_POINT('',(16.33314494498,0.950656507947,1.6));
#6259 = VECTOR('',#6260,1.);
#6260 = DIRECTION('',(-8.257934547233E-02,0.996584493007,0.));
#6261 = ORIENTED_EDGE('',*,*,#6262,.F.);
#6262 = EDGE_CURVE('',#1859,#6255,#6263,.T.);
#6263 = LINE('',#6264,#6265);
#6264 = CARTESIAN_POINT('',(16.327919847853,1.013714052687,2.));
#6265 = VECTOR('',#6266,1.);
#6266 = DIRECTION('',(0.,0.,-1.));
#6267 = PLANE('',#6268);
#6268 = AXIS2_PLACEMENT_3D('',#6269,#6270,#6271);
#6269 = CARTESIAN_POINT('',(16.33314494498,0.950656507947,2.));
#6270 = DIRECTION('',(0.996584493007,8.257934547233E-02,0.));
#6271 = DIRECTION('',(-8.257934547233E-02,0.996584493007,0.));
#6272 = ADVANCED_FACE('',(#6273),#6291,.F.);
#6273 = FACE_BOUND('',#6274,.F.);
#6274 = EDGE_LOOP('',(#6275,#6276,#6277,#6285));
#6275 = ORIENTED_EDGE('',*,*,#1858,.F.);
#6276 = ORIENTED_EDGE('',*,*,#6262,.T.);
#6277 = ORIENTED_EDGE('',*,*,#6278,.T.);
#6278 = EDGE_CURVE('',#6255,#6279,#6281,.T.);
#6279 = VERTEX_POINT('',#6280);
#6280 = CARTESIAN_POINT('',(16.325305065633,1.076933658051,1.6));
#6281 = LINE('',#6282,#6283);
#6282 = CARTESIAN_POINT('',(16.358478348612,0.274877623346,1.6));
#6283 = VECTOR('',#6284,1.);
#6284 = DIRECTION('',(-4.132497424881E-02,0.999145758387,0.));
#6285 = ORIENTED_EDGE('',*,*,#6286,.F.);
#6286 = EDGE_CURVE('',#1851,#6279,#6287,.T.);
#6287 = LINE('',#6288,#6289);
#6288 = CARTESIAN_POINT('',(16.325305065633,1.076933658051,2.));
#6289 = VECTOR('',#6290,1.);
#6290 = DIRECTION('',(-0.,0.,-1.));
#6291 = PLANE('',#6292);
#6292 = AXIS2_PLACEMENT_3D('',#6293,#6294,#6295);
#6293 = CARTESIAN_POINT('',(16.358478348612,0.274877623346,2.));
#6294 = DIRECTION('',(0.999145758387,4.132497424881E-02,0.));
#6295 = DIRECTION('',(-4.132497424881E-02,0.999145758387,0.));
#6296 = ADVANCED_FACE('',(#6297),#6315,.F.);
#6297 = FACE_BOUND('',#6298,.F.);
#6298 = EDGE_LOOP('',(#6299,#6300,#6301,#6309));
#6299 = ORIENTED_EDGE('',*,*,#1850,.F.);
#6300 = ORIENTED_EDGE('',*,*,#6286,.T.);
#6301 = ORIENTED_EDGE('',*,*,#6302,.T.);
#6302 = EDGE_CURVE('',#6279,#6303,#6305,.T.);
#6303 = VERTEX_POINT('',#6304);
#6304 = CARTESIAN_POINT('',(16.322690283414,1.076825509858,1.6));
#6305 = LINE('',#6306,#6307);
#6306 = CARTESIAN_POINT('',(16.325305065633,1.076933658051,1.6));
#6307 = VECTOR('',#6308,1.);
#6308 = DIRECTION('',(-0.999145758387,-4.132497424881E-02,0.));
#6309 = ORIENTED_EDGE('',*,*,#6310,.T.);
#6310 = EDGE_CURVE('',#6303,#1843,#6311,.T.);
#6311 = LINE('',#6312,#6313);
#6312 = CARTESIAN_POINT('',(16.322690283414,1.076825509858,2.));
#6313 = VECTOR('',#6314,1.);
#6314 = DIRECTION('',(0.,0.,1.));
#6315 = PLANE('',#6316);
#6316 = AXIS2_PLACEMENT_3D('',#6317,#6318,#6319);
#6317 = CARTESIAN_POINT('',(16.325305065633,1.076933658051,2.));
#6318 = DIRECTION('',(-4.132497424881E-02,0.999145758387,0.));
#6319 = DIRECTION('',(-0.999145758387,-4.132497424881E-02,0.));
#6320 = ADVANCED_FACE('',(#6321),#6339,.F.);
#6321 = FACE_BOUND('',#6322,.F.);
#6322 = EDGE_LOOP('',(#6323,#6324,#6325,#6333));
#6323 = ORIENTED_EDGE('',*,*,#1842,.F.);
#6324 = ORIENTED_EDGE('',*,*,#6310,.F.);
#6325 = ORIENTED_EDGE('',*,*,#6326,.T.);
#6326 = EDGE_CURVE('',#6303,#6327,#6329,.T.);
#6327 = VERTEX_POINT('',#6328);
#6328 = CARTESIAN_POINT('',(16.313958432965,1.182203273552,1.6));
#6329 = LINE('',#6330,#6331);
#6330 = CARTESIAN_POINT('',(16.33314494498,0.950656507947,1.6));
#6331 = VECTOR('',#6332,1.);
#6332 = DIRECTION('',(-8.257934547233E-02,0.996584493007,0.));
#6333 = ORIENTED_EDGE('',*,*,#6334,.F.);
#6334 = EDGE_CURVE('',#1835,#6327,#6335,.T.);
#6335 = LINE('',#6336,#6337);
#6336 = CARTESIAN_POINT('',(16.313958432964,1.182203273552,2.));
#6337 = VECTOR('',#6338,1.);
#6338 = DIRECTION('',(0.,0.,-1.));
#6339 = PLANE('',#6340);
#6340 = AXIS2_PLACEMENT_3D('',#6341,#6342,#6343);
#6341 = CARTESIAN_POINT('',(16.33314494498,0.950656507947,2.));
#6342 = DIRECTION('',(0.996584493007,8.257934547233E-02,0.));
#6343 = DIRECTION('',(-8.257934547233E-02,0.996584493007,0.));
#6344 = ADVANCED_FACE('',(#6345),#6363,.F.);
#6345 = FACE_BOUND('',#6346,.F.);
#6346 = EDGE_LOOP('',(#6347,#6348,#6349,#6357));
#6347 = ORIENTED_EDGE('',*,*,#1834,.F.);
#6348 = ORIENTED_EDGE('',*,*,#6334,.T.);
#6349 = ORIENTED_EDGE('',*,*,#6350,.T.);
#6350 = EDGE_CURVE('',#6327,#6351,#6353,.T.);
#6351 = VERTEX_POINT('',#6352);
#6352 = CARTESIAN_POINT('',(16.299561373,1.414097110402,1.6));
#6353 = LINE('',#6354,#6355);
#6354 = CARTESIAN_POINT('',(16.349303583571,0.612897970364,1.6));
#6355 = VECTOR('',#6356,1.);
#6356 = DIRECTION('',(-6.19653946286E-02,0.998078298466,0.));
#6357 = ORIENTED_EDGE('',*,*,#6358,.F.);
#6358 = EDGE_CURVE('',#1827,#6351,#6359,.T.);
#6359 = LINE('',#6360,#6361);
#6360 = CARTESIAN_POINT('',(16.299561373,1.414097110402,2.));
#6361 = VECTOR('',#6362,1.);
#6362 = DIRECTION('',(-0.,0.,-1.));
#6363 = PLANE('',#6364);
#6364 = AXIS2_PLACEMENT_3D('',#6365,#6366,#6367);
#6365 = CARTESIAN_POINT('',(16.349303583571,0.612897970364,2.));
#6366 = DIRECTION('',(0.998078298466,6.19653946286E-02,0.));
#6367 = DIRECTION('',(-6.19653946286E-02,0.998078298466,0.));
#6368 = ADVANCED_FACE('',(#6369),#6387,.F.);
#6369 = FACE_BOUND('',#6370,.F.);
#6370 = EDGE_LOOP('',(#6371,#6372,#6373,#6381));
#6371 = ORIENTED_EDGE('',*,*,#1826,.F.);
#6372 = ORIENTED_EDGE('',*,*,#6358,.T.);
#6373 = ORIENTED_EDGE('',*,*,#6374,.T.);
#6374 = EDGE_CURVE('',#6351,#6375,#6377,.T.);
#6375 = VERTEX_POINT('',#6376);
#6376 = CARTESIAN_POINT('',(16.294767822156,1.413799504222,1.6));
#6377 = LINE('',#6378,#6379);
#6378 = CARTESIAN_POINT('',(16.299561373,1.414097110402,1.6));
#6379 = VECTOR('',#6380,1.);
#6380 = DIRECTION('',(-0.998078298466,-6.196539462859E-02,0.));
#6381 = ORIENTED_EDGE('',*,*,#6382,.T.);
#6382 = EDGE_CURVE('',#6375,#1819,#6383,.T.);
#6383 = LINE('',#6384,#6385);
#6384 = CARTESIAN_POINT('',(16.294767822156,1.413799504222,2.));
#6385 = VECTOR('',#6386,1.);
#6386 = DIRECTION('',(0.,0.,1.));
#6387 = PLANE('',#6388);
#6388 = AXIS2_PLACEMENT_3D('',#6389,#6390,#6391);
#6389 = CARTESIAN_POINT('',(16.299561373,1.414097110402,2.));
#6390 = DIRECTION('',(-6.196539462859E-02,0.998078298466,0.));
#6391 = DIRECTION('',(-0.998078298466,-6.196539462859E-02,0.));
#6392 = ADVANCED_FACE('',(#6393),#6411,.F.);
#6393 = FACE_BOUND('',#6394,.F.);
#6394 = EDGE_LOOP('',(#6395,#6396,#6397,#6405));
#6395 = ORIENTED_EDGE('',*,*,#1818,.F.);
#6396 = ORIENTED_EDGE('',*,*,#6382,.F.);
#6397 = ORIENTED_EDGE('',*,*,#6398,.T.);
#6398 = EDGE_CURVE('',#6375,#6399,#6401,.T.);
#6399 = VERTEX_POINT('',#6400);
#6400 = CARTESIAN_POINT('',(16.26685505502,1.750656507947,1.6));
#6401 = LINE('',#6402,#6403);
#6402 = CARTESIAN_POINT('',(16.33314494498,0.950656507947,1.6));
#6403 = VECTOR('',#6404,1.);
#6404 = DIRECTION('',(-8.257934547233E-02,0.996584493007,0.));
#6405 = ORIENTED_EDGE('',*,*,#6406,.F.);
#6406 = EDGE_CURVE('',#1811,#6399,#6407,.T.);
#6407 = LINE('',#6408,#6409);
#6408 = CARTESIAN_POINT('',(16.26685505502,1.750656507947,2.));
#6409 = VECTOR('',#6410,1.);
#6410 = DIRECTION('',(-0.,-0.,-1.));
#6411 = PLANE('',#6412);
#6412 = AXIS2_PLACEMENT_3D('',#6413,#6414,#6415);
#6413 = CARTESIAN_POINT('',(16.33314494498,0.950656507947,2.));
#6414 = DIRECTION('',(0.996584493007,8.257934547233E-02,0.));
#6415 = DIRECTION('',(-8.257934547233E-02,0.996584493007,0.));
#6416 = ADVANCED_FACE('',(#6417),#6428,.F.);
#6417 = FACE_BOUND('',#6418,.F.);
#6418 = EDGE_LOOP('',(#6419,#6420,#6426,#6427));
#6419 = ORIENTED_EDGE('',*,*,#6406,.T.);
#6420 = ORIENTED_EDGE('',*,*,#6421,.T.);
#6421 = EDGE_CURVE('',#6399,#5863,#6422,.T.);
#6422 = LINE('',#6423,#6424);
#6423 = CARTESIAN_POINT('',(16.26685505502,1.750656507947,1.6));
#6424 = VECTOR('',#6425,1.);
#6425 = DIRECTION('',(-0.996584493007,-8.257934547233E-02,0.));
#6426 = ORIENTED_EDGE('',*,*,#5862,.F.);
#6427 = ORIENTED_EDGE('',*,*,#1810,.F.);
#6428 = PLANE('',#6429);
#6429 = AXIS2_PLACEMENT_3D('',#6430,#6431,#6432);
#6430 = CARTESIAN_POINT('',(16.26685505502,1.750656507947,2.));
#6431 = DIRECTION('',(-8.257934547233E-02,0.996584493007,0.));
#6432 = DIRECTION('',(-0.996584493007,-8.257934547233E-02,0.));
#6433 = ADVANCED_FACE('',(#6434),#6459,.F.);
#6434 = FACE_BOUND('',#6435,.F.);
#6435 = EDGE_LOOP('',(#6436,#6444,#6452,#6458));
#6436 = ORIENTED_EDGE('',*,*,#6437,.T.);
#6437 = EDGE_CURVE('',#2006,#6438,#6440,.T.);
#6438 = VERTEX_POINT('',#6439);
#6439 = CARTESIAN_POINT('',(13.811402550074,3.911562541705,1.6));
#6440 = LINE('',#6441,#6442);
#6441 = CARTESIAN_POINT('',(13.811402550074,3.911562541705,2.));
#6442 = VECTOR('',#6443,1.);
#6443 = DIRECTION('',(0.,-0.,-1.));
#6444 = ORIENTED_EDGE('',*,*,#6445,.T.);
#6445 = EDGE_CURVE('',#6438,#6446,#6448,.T.);
#6446 = VERTEX_POINT('',#6447);
#6447 = CARTESIAN_POINT('',(14.008464004562,3.133384456261,1.6));
#6448 = LINE('',#6449,#6450);
#6449 = CARTESIAN_POINT('',(13.811402550074,3.911562541705,1.6));
#6450 = VECTOR('',#6451,1.);
#6451 = DIRECTION('',(0.245485487141,-0.969400265939,0.));
#6452 = ORIENTED_EDGE('',*,*,#6453,.F.);
#6453 = EDGE_CURVE('',#2008,#6446,#6454,.T.);
#6454 = LINE('',#6455,#6456);
#6455 = CARTESIAN_POINT('',(14.008464004562,3.133384456261,2.));
#6456 = VECTOR('',#6457,1.);
#6457 = DIRECTION('',(0.,-0.,-1.));
#6458 = ORIENTED_EDGE('',*,*,#2005,.F.);
#6459 = PLANE('',#6460);
#6460 = AXIS2_PLACEMENT_3D('',#6461,#6462,#6463);
#6461 = CARTESIAN_POINT('',(13.811402550074,3.911562541705,2.));
#6462 = DIRECTION('',(-0.969400265939,-0.245485487141,0.));
#6463 = DIRECTION('',(0.245485487141,-0.969400265939,0.));
#6464 = ADVANCED_FACE('',(#6465),#6483,.F.);
#6465 = FACE_BOUND('',#6466,.F.);
#6466 = EDGE_LOOP('',(#6467,#6475,#6481,#6482));
#6467 = ORIENTED_EDGE('',*,*,#6468,.T.);
#6468 = EDGE_CURVE('',#2016,#6469,#6471,.T.);
#6469 = VERTEX_POINT('',#6470);
#6470 = CARTESIAN_POINT('',(15.756847763684,4.404216177927,1.6));
#6471 = LINE('',#6472,#6473);
#6472 = CARTESIAN_POINT('',(15.756847763684,4.404216177927,2.));
#6473 = VECTOR('',#6474,1.);
#6474 = DIRECTION('',(0.,-0.,-1.));
#6475 = ORIENTED_EDGE('',*,*,#6476,.T.);
#6476 = EDGE_CURVE('',#6469,#6438,#6477,.T.);
#6477 = LINE('',#6478,#6479);
#6478 = CARTESIAN_POINT('',(15.756847763684,4.404216177927,1.6));
#6479 = VECTOR('',#6480,1.);
#6480 = DIRECTION('',(-0.969400265939,-0.245485487141,0.));
#6481 = ORIENTED_EDGE('',*,*,#6437,.F.);
#6482 = ORIENTED_EDGE('',*,*,#2015,.F.);
#6483 = PLANE('',#6484);
#6484 = AXIS2_PLACEMENT_3D('',#6485,#6486,#6487);
#6485 = CARTESIAN_POINT('',(15.756847763684,4.404216177927,2.));
#6486 = DIRECTION('',(-0.245485487141,0.969400265939,0.));
#6487 = DIRECTION('',(-0.969400265939,-0.245485487141,0.));
#6488 = ADVANCED_FACE('',(#6489),#6507,.F.);
#6489 = FACE_BOUND('',#6490,.F.);
#6490 = EDGE_LOOP('',(#6491,#6492,#6500,#6506));
#6491 = ORIENTED_EDGE('',*,*,#6453,.T.);
#6492 = ORIENTED_EDGE('',*,*,#6493,.T.);
#6493 = EDGE_CURVE('',#6446,#6494,#6496,.T.);
#6494 = VERTEX_POINT('',#6495);
#6495 = CARTESIAN_POINT('',(15.953909218173,3.626038092482,1.6));
#6496 = LINE('',#6497,#6498);
#6497 = CARTESIAN_POINT('',(14.008464004562,3.133384456261,1.6));
#6498 = VECTOR('',#6499,1.);
#6499 = DIRECTION('',(0.969400265939,0.245485487141,0.));
#6500 = ORIENTED_EDGE('',*,*,#6501,.F.);
#6501 = EDGE_CURVE('',#2024,#6494,#6502,.T.);
#6502 = LINE('',#6503,#6504);
#6503 = CARTESIAN_POINT('',(15.953909218173,3.626038092482,2.));
#6504 = VECTOR('',#6505,1.);
#6505 = DIRECTION('',(0.,-0.,-1.));
#6506 = ORIENTED_EDGE('',*,*,#2031,.F.);
#6507 = PLANE('',#6508);
#6508 = AXIS2_PLACEMENT_3D('',#6509,#6510,#6511);
#6509 = CARTESIAN_POINT('',(14.008464004562,3.133384456261,2.));
#6510 = DIRECTION('',(0.245485487141,-0.969400265939,0.));
#6511 = DIRECTION('',(0.969400265939,0.245485487141,0.));
#6512 = ADVANCED_FACE('',(#6513),#6524,.F.);
#6513 = FACE_BOUND('',#6514,.F.);
#6514 = EDGE_LOOP('',(#6515,#6516,#6522,#6523));
#6515 = ORIENTED_EDGE('',*,*,#6501,.T.);
#6516 = ORIENTED_EDGE('',*,*,#6517,.T.);
#6517 = EDGE_CURVE('',#6494,#6469,#6518,.T.);
#6518 = LINE('',#6519,#6520);
#6519 = CARTESIAN_POINT('',(15.953909218173,3.626038092482,1.6));
#6520 = VECTOR('',#6521,1.);
#6521 = DIRECTION('',(-0.245485487141,0.969400265939,0.));
#6522 = ORIENTED_EDGE('',*,*,#6468,.F.);
#6523 = ORIENTED_EDGE('',*,*,#2023,.F.);
#6524 = PLANE('',#6525);
#6525 = AXIS2_PLACEMENT_3D('',#6526,#6527,#6528);
#6526 = CARTESIAN_POINT('',(15.953909218173,3.626038092482,2.));
#6527 = DIRECTION('',(0.969400265939,0.245485487141,0.));
#6528 = DIRECTION('',(-0.245485487141,0.969400265939,0.));
#6529 = ADVANCED_FACE('',(#6530),#6555,.F.);
#6530 = FACE_BOUND('',#6531,.F.);
#6531 = EDGE_LOOP('',(#6532,#6540,#6548,#6554));
#6532 = ORIENTED_EDGE('',*,*,#6533,.T.);
#6533 = EDGE_CURVE('',#2051,#6534,#6536,.T.);
#6534 = VERTEX_POINT('',#6535);
#6535 = CARTESIAN_POINT('',(12.979210987201,6.131496070909,1.6));
#6536 = LINE('',#6537,#6538);
#6537 = CARTESIAN_POINT('',(12.979210987201,6.131496070909,2.));
#6538 = VECTOR('',#6539,1.);
#6539 = DIRECTION('',(0.,-0.,-1.));
#6540 = ORIENTED_EDGE('',*,*,#6541,.T.);
#6541 = EDGE_CURVE('',#6534,#6542,#6544,.T.);
#6542 = VERTEX_POINT('',#6543);
#6543 = CARTESIAN_POINT('',(13.30166868344,5.396366569633,1.6));
#6544 = LINE('',#6545,#6546);
#6545 = CARTESIAN_POINT('',(12.979210987201,6.131496070909,1.6));
#6546 = VECTOR('',#6547,1.);
#6547 = DIRECTION('',(0.401695424653,-0.915773326655,0.));
#6548 = ORIENTED_EDGE('',*,*,#6549,.F.);
#6549 = EDGE_CURVE('',#2053,#6542,#6550,.T.);
#6550 = LINE('',#6551,#6552);
#6551 = CARTESIAN_POINT('',(13.30166868344,5.396366569633,2.));
#6552 = VECTOR('',#6553,1.);
#6553 = DIRECTION('',(0.,-0.,-1.));
#6554 = ORIENTED_EDGE('',*,*,#2050,.F.);
#6555 = PLANE('',#6556);
#6556 = AXIS2_PLACEMENT_3D('',#6557,#6558,#6559);
#6557 = CARTESIAN_POINT('',(12.979210987201,6.131496070909,2.));
#6558 = DIRECTION('',(-0.915773326655,-0.401695424653,0.));
#6559 = DIRECTION('',(0.401695424653,-0.915773326655,0.));
#6560 = ADVANCED_FACE('',(#6561),#6579,.F.);
#6561 = FACE_BOUND('',#6562,.F.);
#6562 = EDGE_LOOP('',(#6563,#6571,#6577,#6578));
#6563 = ORIENTED_EDGE('',*,*,#6564,.T.);
#6564 = EDGE_CURVE('',#2061,#6565,#6567,.T.);
#6565 = VERTEX_POINT('',#6566);
#6566 = CARTESIAN_POINT('',(14.817034740392,6.937640311507,1.6));
#6567 = LINE('',#6568,#6569);
#6568 = CARTESIAN_POINT('',(14.817034740392,6.937640311507,2.));
#6569 = VECTOR('',#6570,1.);
#6570 = DIRECTION('',(0.,-0.,-1.));
#6571 = ORIENTED_EDGE('',*,*,#6572,.T.);
#6572 = EDGE_CURVE('',#6565,#6534,#6573,.T.);
#6573 = LINE('',#6574,#6575);
#6574 = CARTESIAN_POINT('',(14.817034740392,6.937640311507,1.6));
#6575 = VECTOR('',#6576,1.);
#6576 = DIRECTION('',(-0.915773326655,-0.401695424653,0.));
#6577 = ORIENTED_EDGE('',*,*,#6533,.F.);
#6578 = ORIENTED_EDGE('',*,*,#2060,.F.);
#6579 = PLANE('',#6580);
#6580 = AXIS2_PLACEMENT_3D('',#6581,#6582,#6583);
#6581 = CARTESIAN_POINT('',(14.817034740392,6.937640311507,2.));
#6582 = DIRECTION('',(-0.401695424653,0.915773326655,0.));
#6583 = DIRECTION('',(-0.915773326655,-0.401695424653,0.));
#6584 = ADVANCED_FACE('',(#6585),#6603,.F.);
#6585 = FACE_BOUND('',#6586,.F.);
#6586 = EDGE_LOOP('',(#6587,#6588,#6596,#6602));
#6587 = ORIENTED_EDGE('',*,*,#6549,.T.);
#6588 = ORIENTED_EDGE('',*,*,#6589,.T.);
#6589 = EDGE_CURVE('',#6542,#6590,#6592,.T.);
#6590 = VERTEX_POINT('',#6591);
#6591 = CARTESIAN_POINT('',(15.139492436631,6.20251081023,1.6));
#6592 = LINE('',#6593,#6594);
#6593 = CARTESIAN_POINT('',(13.30166868344,5.396366569633,1.6));
#6594 = VECTOR('',#6595,1.);
#6595 = DIRECTION('',(0.915773326655,0.401695424653,0.));
#6596 = ORIENTED_EDGE('',*,*,#6597,.F.);
#6597 = EDGE_CURVE('',#2069,#6590,#6598,.T.);
#6598 = LINE('',#6599,#6600);
#6599 = CARTESIAN_POINT('',(15.139492436631,6.20251081023,2.));
#6600 = VECTOR('',#6601,1.);
#6601 = DIRECTION('',(0.,-0.,-1.));
#6602 = ORIENTED_EDGE('',*,*,#2076,.F.);
#6603 = PLANE('',#6604);
#6604 = AXIS2_PLACEMENT_3D('',#6605,#6606,#6607);
#6605 = CARTESIAN_POINT('',(13.30166868344,5.396366569633,2.));
#6606 = DIRECTION('',(0.401695424653,-0.915773326655,0.));
#6607 = DIRECTION('',(0.915773326655,0.401695424653,0.));
#6608 = ADVANCED_FACE('',(#6609),#6620,.F.);
#6609 = FACE_BOUND('',#6610,.F.);
#6610 = EDGE_LOOP('',(#6611,#6612,#6618,#6619));
#6611 = ORIENTED_EDGE('',*,*,#6597,.T.);
#6612 = ORIENTED_EDGE('',*,*,#6613,.T.);
#6613 = EDGE_CURVE('',#6590,#6565,#6614,.T.);
#6614 = LINE('',#6615,#6616);
#6615 = CARTESIAN_POINT('',(15.139492436631,6.20251081023,1.6));
#6616 = VECTOR('',#6617,1.);
#6617 = DIRECTION('',(-0.401695424653,0.915773326655,0.));
#6618 = ORIENTED_EDGE('',*,*,#6564,.F.);
#6619 = ORIENTED_EDGE('',*,*,#2068,.F.);
#6620 = PLANE('',#6621);
#6621 = AXIS2_PLACEMENT_3D('',#6622,#6623,#6624);
#6622 = CARTESIAN_POINT('',(15.139492436631,6.20251081023,2.));
#6623 = DIRECTION('',(0.915773326655,0.401695424653,0.));
#6624 = DIRECTION('',(-0.401695424653,0.915773326655,0.));
#6625 = ADVANCED_FACE('',(#6626),#6651,.F.);
#6626 = FACE_BOUND('',#6627,.F.);
#6627 = EDGE_LOOP('',(#6628,#6636,#6644,#6650));
#6628 = ORIENTED_EDGE('',*,*,#6629,.T.);
#6629 = EDGE_CURVE('',#2085,#6630,#6632,.T.);
#6630 = VERTEX_POINT('',#6631);
#6631 = CARTESIAN_POINT('',(11.792980382875,8.184178370916,1.6));
#6632 = LINE('',#6633,#6634);
#6633 = CARTESIAN_POINT('',(11.792980382875,8.184178370916,2.));
#6634 = VECTOR('',#6635,1.);
#6635 = DIRECTION('',(0.,-0.,-1.));
#6636 = ORIENTED_EDGE('',*,*,#6637,.T.);
#6637 = EDGE_CURVE('',#6630,#6638,#6640,.T.);
#6638 = VERTEX_POINT('',#6639);
#6639 = CARTESIAN_POINT('',(12.232038515495,7.512149870263,1.6));
#6640 = LINE('',#6641,#6642);
#6641 = CARTESIAN_POINT('',(11.792980382875,8.184178370916,1.6));
#6642 = VECTOR('',#6643,1.);
#6643 = DIRECTION('',(0.546948158122,-0.837166478263,0.));
#6644 = ORIENTED_EDGE('',*,*,#6645,.F.);
#6645 = EDGE_CURVE('',#2087,#6638,#6646,.T.);
#6646 = LINE('',#6647,#6648);
#6647 = CARTESIAN_POINT('',(12.232038515495,7.512149870263,2.));
#6648 = VECTOR('',#6649,1.);
#6649 = DIRECTION('',(0.,-0.,-1.));
#6650 = ORIENTED_EDGE('',*,*,#2084,.F.);
#6651 = PLANE('',#6652);
#6652 = AXIS2_PLACEMENT_3D('',#6653,#6654,#6655);
#6653 = CARTESIAN_POINT('',(11.792980382875,8.184178370916,2.));
#6654 = DIRECTION('',(-0.837166478263,-0.546948158122,0.));
#6655 = DIRECTION('',(0.546948158122,-0.837166478263,0.));
#6656 = ADVANCED_FACE('',(#6657),#6675,.F.);
#6657 = FACE_BOUND('',#6658,.F.);
#6658 = EDGE_LOOP('',(#6659,#6667,#6673,#6674));
#6659 = ORIENTED_EDGE('',*,*,#6660,.T.);
#6660 = EDGE_CURVE('',#2095,#6661,#6663,.T.);
#6661 = VERTEX_POINT('',#6662);
#6662 = CARTESIAN_POINT('',(13.473051634509,9.281823702467,1.6));
#6663 = LINE('',#6664,#6665);
#6664 = CARTESIAN_POINT('',(13.473051634509,9.281823702467,2.));
#6665 = VECTOR('',#6666,1.);
#6666 = DIRECTION('',(0.,-0.,-1.));
#6667 = ORIENTED_EDGE('',*,*,#6668,.T.);
#6668 = EDGE_CURVE('',#6661,#6630,#6669,.T.);
#6669 = LINE('',#6670,#6671);
#6670 = CARTESIAN_POINT('',(13.473051634509,9.281823702467,1.6));
#6671 = VECTOR('',#6672,1.);
#6672 = DIRECTION('',(-0.837166478263,-0.546948158122,0.));
#6673 = ORIENTED_EDGE('',*,*,#6629,.F.);
#6674 = ORIENTED_EDGE('',*,*,#2094,.F.);
#6675 = PLANE('',#6676);
#6676 = AXIS2_PLACEMENT_3D('',#6677,#6678,#6679);
#6677 = CARTESIAN_POINT('',(13.473051634509,9.281823702467,2.));
#6678 = DIRECTION('',(-0.546948158122,0.837166478263,0.));
#6679 = DIRECTION('',(-0.837166478263,-0.546948158122,0.));
#6680 = ADVANCED_FACE('',(#6681),#6699,.F.);
#6681 = FACE_BOUND('',#6682,.F.);
#6682 = EDGE_LOOP('',(#6683,#6684,#6692,#6698));
#6683 = ORIENTED_EDGE('',*,*,#6645,.T.);
#6684 = ORIENTED_EDGE('',*,*,#6685,.T.);
#6685 = EDGE_CURVE('',#6638,#6686,#6688,.T.);
#6686 = VERTEX_POINT('',#6687);
#6687 = CARTESIAN_POINT('',(13.91210976713,8.609795201813,1.6));
#6688 = LINE('',#6689,#6690);
#6689 = CARTESIAN_POINT('',(12.232038515495,7.512149870263,1.6));
#6690 = VECTOR('',#6691,1.);
#6691 = DIRECTION('',(0.837166478263,0.546948158122,0.));
#6692 = ORIENTED_EDGE('',*,*,#6693,.F.);
#6693 = EDGE_CURVE('',#2103,#6686,#6694,.T.);
#6694 = LINE('',#6695,#6696);
#6695 = CARTESIAN_POINT('',(13.91210976713,8.609795201813,2.));
#6696 = VECTOR('',#6697,1.);
#6697 = DIRECTION('',(0.,-0.,-1.));
#6698 = ORIENTED_EDGE('',*,*,#2110,.F.);
#6699 = PLANE('',#6700);
#6700 = AXIS2_PLACEMENT_3D('',#6701,#6702,#6703);
#6701 = CARTESIAN_POINT('',(12.232038515495,7.512149870263,2.));
#6702 = DIRECTION('',(0.546948158122,-0.837166478263,0.));
#6703 = DIRECTION('',(0.837166478263,0.546948158122,0.));
#6704 = ADVANCED_FACE('',(#6705),#6716,.F.);
#6705 = FACE_BOUND('',#6706,.F.);
#6706 = EDGE_LOOP('',(#6707,#6708,#6714,#6715));
#6707 = ORIENTED_EDGE('',*,*,#6693,.T.);
#6708 = ORIENTED_EDGE('',*,*,#6709,.T.);
#6709 = EDGE_CURVE('',#6686,#6661,#6710,.T.);
#6710 = LINE('',#6711,#6712);
#6711 = CARTESIAN_POINT('',(13.91210976713,8.609795201813,1.6));
#6712 = VECTOR('',#6713,1.);
#6713 = DIRECTION('',(-0.546948158122,0.837166478263,0.));
#6714 = ORIENTED_EDGE('',*,*,#6660,.F.);
#6715 = ORIENTED_EDGE('',*,*,#2102,.F.);
#6716 = PLANE('',#6717);
#6717 = AXIS2_PLACEMENT_3D('',#6718,#6719,#6720);
#6718 = CARTESIAN_POINT('',(13.91210976713,8.609795201813,2.));
#6719 = DIRECTION('',(0.837166478263,0.546948158122,0.));
#6720 = DIRECTION('',(-0.546948158122,0.837166478263,0.));
#6721 = ADVANCED_FACE('',(#6722),#6747,.F.);
#6722 = FACE_BOUND('',#6723,.F.);
#6723 = EDGE_LOOP('',(#6724,#6732,#6740,#6746));
#6724 = ORIENTED_EDGE('',*,*,#6725,.T.);
#6725 = EDGE_CURVE('',#2141,#6726,#6728,.T.);
#6726 = VERTEX_POINT('',#6727);
#6727 = CARTESIAN_POINT('',(8.496605804248,11.569911483027,1.6));
#6728 = LINE('',#6729,#6730);
#6729 = CARTESIAN_POINT('',(8.496605804248,11.569911483027,2.));
#6730 = VECTOR('',#6731,1.);
#6731 = DIRECTION('',(0.,-0.,-1.));
#6732 = ORIENTED_EDGE('',*,*,#6733,.T.);
#6733 = EDGE_CURVE('',#6726,#6734,#6736,.T.);
#6734 = VERTEX_POINT('',#6735);
#6735 = CARTESIAN_POINT('',(9.130081853642,11.076857282806,1.6));
#6736 = LINE('',#6737,#6738);
#6737 = CARTESIAN_POINT('',(8.496605804248,11.569911483027,1.6));
#6738 = VECTOR('',#6739,1.);
#6739 = DIRECTION('',(0.789140509396,-0.61421271269,0.));
#6740 = ORIENTED_EDGE('',*,*,#6741,.F.);
#6741 = EDGE_CURVE('',#2143,#6734,#6742,.T.);
#6742 = LINE('',#6743,#6744);
#6743 = CARTESIAN_POINT('',(9.130081853642,11.076857282806,2.));
#6744 = VECTOR('',#6745,1.);
#6745 = DIRECTION('',(0.,-0.,-1.));
#6746 = ORIENTED_EDGE('',*,*,#2140,.F.);
#6747 = PLANE('',#6748);
#6748 = AXIS2_PLACEMENT_3D('',#6749,#6750,#6751);
#6749 = CARTESIAN_POINT('',(8.496605804248,11.569911483027,2.));
#6750 = DIRECTION('',(-0.61421271269,-0.789140509396,0.));
#6751 = DIRECTION('',(0.789140509396,-0.61421271269,0.));
#6752 = ADVANCED_FACE('',(#6753),#6771,.F.);
#6753 = FACE_BOUND('',#6754,.F.);
#6754 = EDGE_LOOP('',(#6755,#6763,#6769,#6770));
#6755 = ORIENTED_EDGE('',*,*,#6756,.T.);
#6756 = EDGE_CURVE('',#2151,#6757,#6759,.T.);
#6757 = VERTEX_POINT('',#6758);
#6758 = CARTESIAN_POINT('',(9.729241304799,13.153601606512,1.6));
#6759 = LINE('',#6760,#6761);
#6760 = CARTESIAN_POINT('',(9.729241304799,13.153601606512,2.));
#6761 = VECTOR('',#6762,1.);
#6762 = DIRECTION('',(0.,-0.,-1.));
#6763 = ORIENTED_EDGE('',*,*,#6764,.T.);
#6764 = EDGE_CURVE('',#6757,#6726,#6765,.T.);
#6765 = LINE('',#6766,#6767);
#6766 = CARTESIAN_POINT('',(9.729241304799,13.153601606512,1.6));
#6767 = VECTOR('',#6768,1.);
#6768 = DIRECTION('',(-0.61421271269,-0.789140509396,0.));
#6769 = ORIENTED_EDGE('',*,*,#6725,.F.);
#6770 = ORIENTED_EDGE('',*,*,#2150,.F.);
#6771 = PLANE('',#6772);
#6772 = AXIS2_PLACEMENT_3D('',#6773,#6774,#6775);
#6773 = CARTESIAN_POINT('',(9.729241304799,13.153601606512,2.));
#6774 = DIRECTION('',(-0.789140509396,0.61421271269,0.));
#6775 = DIRECTION('',(-0.61421271269,-0.789140509396,0.));
#6776 = ADVANCED_FACE('',(#6777),#6795,.F.);
#6777 = FACE_BOUND('',#6778,.F.);
#6778 = EDGE_LOOP('',(#6779,#6780,#6788,#6794));
#6779 = ORIENTED_EDGE('',*,*,#6741,.T.);
#6780 = ORIENTED_EDGE('',*,*,#6781,.T.);
#6781 = EDGE_CURVE('',#6734,#6782,#6784,.T.);
#6782 = VERTEX_POINT('',#6783);
#6783 = CARTESIAN_POINT('',(10.362717354193,12.660547406291,1.6));
#6784 = LINE('',#6785,#6786);
#6785 = CARTESIAN_POINT('',(9.130081853642,11.076857282806,1.6));
#6786 = VECTOR('',#6787,1.);
#6787 = DIRECTION('',(0.61421271269,0.789140509396,0.));
#6788 = ORIENTED_EDGE('',*,*,#6789,.F.);
#6789 = EDGE_CURVE('',#2159,#6782,#6790,.T.);
#6790 = LINE('',#6791,#6792);
#6791 = CARTESIAN_POINT('',(10.362717354193,12.660547406291,2.));
#6792 = VECTOR('',#6793,1.);
#6793 = DIRECTION('',(0.,-0.,-1.));
#6794 = ORIENTED_EDGE('',*,*,#2166,.F.);
#6795 = PLANE('',#6796);
#6796 = AXIS2_PLACEMENT_3D('',#6797,#6798,#6799);
#6797 = CARTESIAN_POINT('',(9.130081853642,11.076857282806,2.));
#6798 = DIRECTION('',(0.789140509396,-0.61421271269,0.));
#6799 = DIRECTION('',(0.61421271269,0.789140509396,0.));
#6800 = ADVANCED_FACE('',(#6801),#6812,.F.);
#6801 = FACE_BOUND('',#6802,.F.);
#6802 = EDGE_LOOP('',(#6803,#6804,#6810,#6811));
#6803 = ORIENTED_EDGE('',*,*,#6789,.T.);
#6804 = ORIENTED_EDGE('',*,*,#6805,.T.);
#6805 = EDGE_CURVE('',#6782,#6757,#6806,.T.);
#6806 = LINE('',#6807,#6808);
#6807 = CARTESIAN_POINT('',(10.362717354193,12.660547406291,1.6));
#6808 = VECTOR('',#6809,1.);
#6809 = DIRECTION('',(-0.789140509396,0.61421271269,0.));
#6810 = ORIENTED_EDGE('',*,*,#6756,.F.);
#6811 = ORIENTED_EDGE('',*,*,#2158,.F.);
#6812 = PLANE('',#6813);
#6813 = AXIS2_PLACEMENT_3D('',#6814,#6815,#6816);
#6814 = CARTESIAN_POINT('',(10.362717354193,12.660547406291,2.));
#6815 = DIRECTION('',(0.61421271269,0.789140509396,0.));
#6816 = DIRECTION('',(-0.789140509396,0.61421271269,0.));
#6817 = ADVANCED_FACE('',(#6818),#6843,.F.);
#6818 = FACE_BOUND('',#6819,.F.);
#6819 = EDGE_LOOP('',(#6820,#6828,#6836,#6842));
#6820 = ORIENTED_EDGE('',*,*,#6821,.T.);
#6821 = EDGE_CURVE('',#2175,#6822,#6824,.T.);
#6822 = VERTEX_POINT('',#6823);
#6823 = CARTESIAN_POINT('',(6.476378335444,12.810608321779,1.6));
#6824 = LINE('',#6825,#6826);
#6825 = CARTESIAN_POINT('',(6.476378335444,12.810608321779,2.));
#6826 = VECTOR('',#6827,1.);
#6827 = DIRECTION('',(0.,-0.,-1.));
#6828 = ORIENTED_EDGE('',*,*,#6829,.T.);
#6829 = EDGE_CURVE('',#6822,#6830,#6832,.T.);
#6830 = VERTEX_POINT('',#6831);
#6831 = CARTESIAN_POINT('',(7.18236865127,12.428545469004,1.6));
#6832 = LINE('',#6833,#6834);
#6833 = CARTESIAN_POINT('',(6.476378335444,12.810608321779,1.6));
#6834 = VECTOR('',#6835,1.);
#6835 = DIRECTION('',(0.879473751206,-0.475947393037,0.));
#6836 = ORIENTED_EDGE('',*,*,#6837,.F.);
#6837 = EDGE_CURVE('',#2177,#6830,#6838,.T.);
#6838 = LINE('',#6839,#6840);
#6839 = CARTESIAN_POINT('',(7.18236865127,12.428545469004,2.));
#6840 = VECTOR('',#6841,1.);
#6841 = DIRECTION('',(0.,-0.,-1.));
#6842 = ORIENTED_EDGE('',*,*,#2174,.F.);
#6843 = PLANE('',#6844);
#6844 = AXIS2_PLACEMENT_3D('',#6845,#6846,#6847);
#6845 = CARTESIAN_POINT('',(6.476378335444,12.810608321779,2.));
#6846 = DIRECTION('',(-0.475947393037,-0.879473751206,0.));
#6847 = DIRECTION('',(0.879473751206,-0.475947393037,0.));
#6848 = ADVANCED_FACE('',(#6849),#6867,.F.);
#6849 = FACE_BOUND('',#6850,.F.);
#6850 = EDGE_LOOP('',(#6851,#6859,#6865,#6866));
#6851 = ORIENTED_EDGE('',*,*,#6852,.T.);
#6852 = EDGE_CURVE('',#2185,#6853,#6855,.T.);
#6853 = VERTEX_POINT('',#6854);
#6854 = CARTESIAN_POINT('',(7.431535467382,14.575584111345,1.6));
#6855 = LINE('',#6856,#6857);
#6856 = CARTESIAN_POINT('',(7.431535467382,14.575584111345,2.));
#6857 = VECTOR('',#6858,1.);
#6858 = DIRECTION('',(0.,-0.,-1.));
#6859 = ORIENTED_EDGE('',*,*,#6860,.T.);
#6860 = EDGE_CURVE('',#6853,#6822,#6861,.T.);
#6861 = LINE('',#6862,#6863);
#6862 = CARTESIAN_POINT('',(7.431535467382,14.575584111345,1.6));
#6863 = VECTOR('',#6864,1.);
#6864 = DIRECTION('',(-0.475947393037,-0.879473751206,0.));
#6865 = ORIENTED_EDGE('',*,*,#6821,.F.);
#6866 = ORIENTED_EDGE('',*,*,#2184,.F.);
#6867 = PLANE('',#6868);
#6868 = AXIS2_PLACEMENT_3D('',#6869,#6870,#6871);
#6869 = CARTESIAN_POINT('',(7.431535467382,14.575584111345,2.));
#6870 = DIRECTION('',(-0.879473751206,0.475947393037,0.));
#6871 = DIRECTION('',(-0.475947393037,-0.879473751206,0.));
#6872 = ADVANCED_FACE('',(#6873),#6891,.F.);
#6873 = FACE_BOUND('',#6874,.F.);
#6874 = EDGE_LOOP('',(#6875,#6876,#6884,#6890));
#6875 = ORIENTED_EDGE('',*,*,#6837,.T.);
#6876 = ORIENTED_EDGE('',*,*,#6877,.T.);
#6877 = EDGE_CURVE('',#6830,#6878,#6880,.T.);
#6878 = VERTEX_POINT('',#6879);
#6879 = CARTESIAN_POINT('',(8.137525783208,14.19352125857,1.6));
#6880 = LINE('',#6881,#6882);
#6881 = CARTESIAN_POINT('',(7.18236865127,12.428545469004,1.6));
#6882 = VECTOR('',#6883,1.);
#6883 = DIRECTION('',(0.475947393037,0.879473751206,0.));
#6884 = ORIENTED_EDGE('',*,*,#6885,.F.);
#6885 = EDGE_CURVE('',#2193,#6878,#6886,.T.);
#6886 = LINE('',#6887,#6888);
#6887 = CARTESIAN_POINT('',(8.137525783208,14.19352125857,2.));
#6888 = VECTOR('',#6889,1.);
#6889 = DIRECTION('',(0.,-0.,-1.));
#6890 = ORIENTED_EDGE('',*,*,#2200,.F.);
#6891 = PLANE('',#6892);
#6892 = AXIS2_PLACEMENT_3D('',#6893,#6894,#6895);
#6893 = CARTESIAN_POINT('',(7.18236865127,12.428545469004,2.));
#6894 = DIRECTION('',(0.879473751206,-0.475947393037,0.));
#6895 = DIRECTION('',(0.475947393037,0.879473751206,0.));
#6896 = ADVANCED_FACE('',(#6897),#6908,.F.);
#6897 = FACE_BOUND('',#6898,.F.);
#6898 = EDGE_LOOP('',(#6899,#6900,#6906,#6907));
#6899 = ORIENTED_EDGE('',*,*,#6885,.T.);
#6900 = ORIENTED_EDGE('',*,*,#6901,.T.);
#6901 = EDGE_CURVE('',#6878,#6853,#6902,.T.);
#6902 = LINE('',#6903,#6904);
#6903 = CARTESIAN_POINT('',(8.137525783208,14.19352125857,1.6));
#6904 = VECTOR('',#6905,1.);
#6905 = DIRECTION('',(-0.879473751206,0.475947393037,0.));
#6906 = ORIENTED_EDGE('',*,*,#6852,.F.);
#6907 = ORIENTED_EDGE('',*,*,#2192,.F.);
#6908 = PLANE('',#6909);
#6909 = AXIS2_PLACEMENT_3D('',#6910,#6911,#6912);
#6910 = CARTESIAN_POINT('',(8.137525783208,14.19352125857,2.));
#6911 = DIRECTION('',(0.475947393037,0.879473751206,0.));
#6912 = DIRECTION('',(-0.879473751206,0.475947393037,0.));
#6913 = ADVANCED_FACE('',(#6914),#6939,.F.);
#6914 = FACE_BOUND('',#6915,.F.);
#6915 = EDGE_LOOP('',(#6916,#6924,#6932,#6938));
#6916 = ORIENTED_EDGE('',*,*,#6917,.T.);
#6917 = EDGE_CURVE('',#2209,#6918,#6920,.T.);
#6918 = VERTEX_POINT('',#6919);
#6919 = CARTESIAN_POINT('',(1.965872571168,14.2193708353,1.6));
#6920 = LINE('',#6921,#6922);
#6921 = CARTESIAN_POINT('',(1.965872571168,14.2193708353,2.));
#6922 = VECTOR('',#6923,1.);
#6923 = DIRECTION('',(0.,-0.,-1.));
#6924 = ORIENTED_EDGE('',*,*,#6925,.T.);
#6925 = EDGE_CURVE('',#6918,#6926,#6928,.T.);
#6926 = VERTEX_POINT('',#6927);
#6927 = CARTESIAN_POINT('',(2.757665989849,14.087243882544,1.6));
#6928 = LINE('',#6929,#6930);
#6929 = CARTESIAN_POINT('',(1.965872571168,14.2193708353,1.6));
#6930 = VECTOR('',#6931,1.);
#6931 = DIRECTION('',(0.986361303403,-0.164594590281,0.));
#6932 = ORIENTED_EDGE('',*,*,#6933,.F.);
#6933 = EDGE_CURVE('',#2211,#6926,#6934,.T.);
#6934 = LINE('',#6935,#6936);
#6935 = CARTESIAN_POINT('',(2.757665989849,14.087243882544,2.));
#6936 = VECTOR('',#6937,1.);
#6937 = DIRECTION('',(0.,-0.,-1.));
#6938 = ORIENTED_EDGE('',*,*,#2208,.F.);
#6939 = PLANE('',#6940);
#6940 = AXIS2_PLACEMENT_3D('',#6941,#6942,#6943);
#6941 = CARTESIAN_POINT('',(1.965872571168,14.2193708353,2.));
#6942 = DIRECTION('',(-0.164594590281,-0.986361303403,0.));
#6943 = DIRECTION('',(0.986361303403,-0.164594590281,0.));
#6944 = ADVANCED_FACE('',(#6945),#6963,.F.);
#6945 = FACE_BOUND('',#6946,.F.);
#6946 = EDGE_LOOP('',(#6947,#6955,#6961,#6962));
#6947 = ORIENTED_EDGE('',*,*,#6948,.T.);
#6948 = EDGE_CURVE('',#2219,#6949,#6951,.T.);
#6949 = VERTEX_POINT('',#6950);
#6950 = CARTESIAN_POINT('',(2.296189953058,16.198854382002,1.6));
#6951 = LINE('',#6952,#6953);
#6952 = CARTESIAN_POINT('',(2.296189953058,16.198854382002,2.));
#6953 = VECTOR('',#6954,1.);
#6954 = DIRECTION('',(0.,-0.,-1.));
#6955 = ORIENTED_EDGE('',*,*,#6956,.T.);
#6956 = EDGE_CURVE('',#6949,#6918,#6957,.T.);
#6957 = LINE('',#6958,#6959);
#6958 = CARTESIAN_POINT('',(2.296189953058,16.198854382002,1.6));
#6959 = VECTOR('',#6960,1.);
#6960 = DIRECTION('',(-0.164594590281,-0.986361303403,0.));
#6961 = ORIENTED_EDGE('',*,*,#6917,.F.);
#6962 = ORIENTED_EDGE('',*,*,#2218,.F.);
#6963 = PLANE('',#6964);
#6964 = AXIS2_PLACEMENT_3D('',#6965,#6966,#6967);
#6965 = CARTESIAN_POINT('',(2.296189953058,16.198854382002,2.));
#6966 = DIRECTION('',(-0.986361303403,0.164594590281,0.));
#6967 = DIRECTION('',(-0.164594590281,-0.986361303403,0.));
#6968 = ADVANCED_FACE('',(#6969),#6987,.F.);
#6969 = FACE_BOUND('',#6970,.F.);
#6970 = EDGE_LOOP('',(#6971,#6972,#6980,#6986));
#6971 = ORIENTED_EDGE('',*,*,#6933,.T.);
#6972 = ORIENTED_EDGE('',*,*,#6973,.T.);
#6973 = EDGE_CURVE('',#6926,#6974,#6976,.T.);
#6974 = VERTEX_POINT('',#6975);
#6975 = CARTESIAN_POINT('',(3.087983371739,16.066727429247,1.6));
#6976 = LINE('',#6977,#6978);
#6977 = CARTESIAN_POINT('',(2.757665989849,14.087243882544,1.6));
#6978 = VECTOR('',#6979,1.);
#6979 = DIRECTION('',(0.164594590281,0.986361303403,0.));
#6980 = ORIENTED_EDGE('',*,*,#6981,.F.);
#6981 = EDGE_CURVE('',#2227,#6974,#6982,.T.);
#6982 = LINE('',#6983,#6984);
#6983 = CARTESIAN_POINT('',(3.087983371739,16.066727429247,2.));
#6984 = VECTOR('',#6985,1.);
#6985 = DIRECTION('',(0.,-0.,-1.));
#6986 = ORIENTED_EDGE('',*,*,#2234,.F.);
#6987 = PLANE('',#6988);
#6988 = AXIS2_PLACEMENT_3D('',#6989,#6990,#6991);
#6989 = CARTESIAN_POINT('',(2.757665989849,14.087243882544,2.));
#6990 = DIRECTION('',(0.986361303403,-0.164594590281,0.));
#6991 = DIRECTION('',(0.164594590281,0.986361303403,0.));
#6992 = ADVANCED_FACE('',(#6993),#7004,.F.);
#6993 = FACE_BOUND('',#6994,.F.);
#6994 = EDGE_LOOP('',(#6995,#6996,#7002,#7003));
#6995 = ORIENTED_EDGE('',*,*,#6981,.T.);
#6996 = ORIENTED_EDGE('',*,*,#6997,.T.);
#6997 = EDGE_CURVE('',#6974,#6949,#6998,.T.);
#6998 = LINE('',#6999,#7000);
#6999 = CARTESIAN_POINT('',(3.087983371739,16.066727429247,1.6));
#7000 = VECTOR('',#7001,1.);
#7001 = DIRECTION('',(-0.986361303403,0.164594590281,0.));
#7002 = ORIENTED_EDGE('',*,*,#6948,.F.);
#7003 = ORIENTED_EDGE('',*,*,#2226,.F.);
#7004 = PLANE('',#7005);
#7005 = AXIS2_PLACEMENT_3D('',#7006,#7007,#7008);
#7006 = CARTESIAN_POINT('',(3.087983371739,16.066727429247,2.));
#7007 = DIRECTION('',(0.164594590281,0.986361303403,0.));
#7008 = DIRECTION('',(-0.986361303403,0.164594590281,0.));
#7009 = ADVANCED_FACE('',(#7010),#7035,.F.);
#7010 = FACE_BOUND('',#7011,.F.);
#7011 = EDGE_LOOP('',(#7012,#7020,#7028,#7034));
#7012 = ORIENTED_EDGE('',*,*,#7013,.T.);
#7013 = EDGE_CURVE('',#2265,#7014,#7016,.T.);
#7014 = VERTEX_POINT('',#7015);
#7015 = CARTESIAN_POINT('',(4.279492148307,13.701865160278,1.6));
#7016 = LINE('',#7017,#7018);
#7017 = CARTESIAN_POINT('',(4.279492148307,13.701865160278,2.));
#7018 = VECTOR('',#7019,1.);
#7019 = DIRECTION('',(0.,-0.,-1.));
#7020 = ORIENTED_EDGE('',*,*,#7021,.T.);
#7021 = EDGE_CURVE('',#7014,#7022,#7024,.T.);
#7022 = VERTEX_POINT('',#7023);
#7023 = CARTESIAN_POINT('',(5.038739155129,13.441215333608,1.6));
#7024 = LINE('',#7025,#7026);
#7025 = CARTESIAN_POINT('',(4.279492148307,13.701865160278,1.6));
#7026 = VECTOR('',#7027,1.);
#7027 = DIRECTION('',(0.945817241701,-0.324699469205,0.));
#7028 = ORIENTED_EDGE('',*,*,#7029,.F.);
#7029 = EDGE_CURVE('',#2267,#7022,#7030,.T.);
#7030 = LINE('',#7031,#7032);
#7031 = CARTESIAN_POINT('',(5.038739155129,13.441215333608,2.));
#7032 = VECTOR('',#7033,1.);
#7033 = DIRECTION('',(0.,-0.,-1.));
#7034 = ORIENTED_EDGE('',*,*,#2264,.F.);
#7035 = PLANE('',#7036);
#7036 = AXIS2_PLACEMENT_3D('',#7037,#7038,#7039);
#7037 = CARTESIAN_POINT('',(4.279492148307,13.701865160278,2.));
#7038 = DIRECTION('',(-0.324699469205,-0.945817241701,0.));
#7039 = DIRECTION('',(0.945817241701,-0.324699469205,0.));
#7040 = ADVANCED_FACE('',(#7041),#7059,.F.);
#7041 = FACE_BOUND('',#7042,.F.);
#7042 = EDGE_LOOP('',(#7043,#7051,#7057,#7058));
#7043 = ORIENTED_EDGE('',*,*,#7044,.T.);
#7044 = EDGE_CURVE('',#2275,#7045,#7047,.T.);
#7045 = VERTEX_POINT('',#7046);
#7046 = CARTESIAN_POINT('',(4.931116714981,15.599982677332,1.6));
#7047 = LINE('',#7048,#7049);
#7048 = CARTESIAN_POINT('',(4.931116714981,15.599982677332,2.));
#7049 = VECTOR('',#7050,1.);
#7050 = DIRECTION('',(0.,-0.,-1.));
#7051 = ORIENTED_EDGE('',*,*,#7052,.T.);
#7052 = EDGE_CURVE('',#7045,#7014,#7053,.T.);
#7053 = LINE('',#7054,#7055);
#7054 = CARTESIAN_POINT('',(4.931116714981,15.599982677332,1.6));
#7055 = VECTOR('',#7056,1.);
#7056 = DIRECTION('',(-0.324699469205,-0.945817241701,0.));
#7057 = ORIENTED_EDGE('',*,*,#7013,.F.);
#7058 = ORIENTED_EDGE('',*,*,#2274,.F.);
#7059 = PLANE('',#7060);
#7060 = AXIS2_PLACEMENT_3D('',#7061,#7062,#7063);
#7061 = CARTESIAN_POINT('',(4.931116714981,15.599982677332,2.));
#7062 = DIRECTION('',(-0.945817241701,0.324699469205,0.));
#7063 = DIRECTION('',(-0.324699469205,-0.945817241701,0.));
#7064 = ADVANCED_FACE('',(#7065),#7083,.F.);
#7065 = FACE_BOUND('',#7066,.F.);
#7066 = EDGE_LOOP('',(#7067,#7068,#7076,#7082));
#7067 = ORIENTED_EDGE('',*,*,#7029,.T.);
#7068 = ORIENTED_EDGE('',*,*,#7069,.T.);
#7069 = EDGE_CURVE('',#7022,#7070,#7072,.T.);
#7070 = VERTEX_POINT('',#7071);
#7071 = CARTESIAN_POINT('',(5.690363721803,15.339332850663,1.6));
#7072 = LINE('',#7073,#7074);
#7073 = CARTESIAN_POINT('',(5.038739155129,13.441215333608,1.6));
#7074 = VECTOR('',#7075,1.);
#7075 = DIRECTION('',(0.324699469205,0.945817241701,0.));
#7076 = ORIENTED_EDGE('',*,*,#7077,.F.);
#7077 = EDGE_CURVE('',#2283,#7070,#7078,.T.);
#7078 = LINE('',#7079,#7080);
#7079 = CARTESIAN_POINT('',(5.690363721803,15.339332850663,2.));
#7080 = VECTOR('',#7081,1.);
#7081 = DIRECTION('',(0.,-0.,-1.));
#7082 = ORIENTED_EDGE('',*,*,#2290,.F.);
#7083 = PLANE('',#7084);
#7084 = AXIS2_PLACEMENT_3D('',#7085,#7086,#7087);
#7085 = CARTESIAN_POINT('',(5.038739155129,13.441215333608,2.));
#7086 = DIRECTION('',(0.945817241701,-0.324699469205,0.));
#7087 = DIRECTION('',(0.324699469205,0.945817241701,0.));
#7088 = ADVANCED_FACE('',(#7089),#7100,.F.);
#7089 = FACE_BOUND('',#7090,.F.);
#7090 = EDGE_LOOP('',(#7091,#7092,#7098,#7099));
#7091 = ORIENTED_EDGE('',*,*,#7077,.T.);
#7092 = ORIENTED_EDGE('',*,*,#7093,.T.);
#7093 = EDGE_CURVE('',#7070,#7045,#7094,.T.);
#7094 = LINE('',#7095,#7096);
#7095 = CARTESIAN_POINT('',(5.690363721803,15.339332850663,1.6));
#7096 = VECTOR('',#7097,1.);
#7097 = DIRECTION('',(-0.945817241701,0.324699469205,0.));
#7098 = ORIENTED_EDGE('',*,*,#7044,.F.);
#7099 = ORIENTED_EDGE('',*,*,#2282,.F.);
#7100 = PLANE('',#7101);
#7101 = AXIS2_PLACEMENT_3D('',#7102,#7103,#7104);
#7102 = CARTESIAN_POINT('',(5.690363721803,15.339332850663,2.));
#7103 = DIRECTION('',(0.324699469205,0.945817241701,0.));
#7104 = DIRECTION('',(-0.945817241701,0.324699469205,0.));
#7105 = ADVANCED_FACE('',(#7106),#7131,.F.);
#7106 = FACE_BOUND('',#7107,.F.);
#7107 = EDGE_LOOP('',(#7108,#7116,#7124,#7130));
#7108 = ORIENTED_EDGE('',*,*,#7109,.T.);
#7109 = EDGE_CURVE('',#2310,#7110,#7112,.T.);
#7110 = VERTEX_POINT('',#7111);
#7111 = CARTESIAN_POINT('',(10.28506801571,10.013617619525,1.6));
#7112 = LINE('',#7113,#7114);
#7113 = CARTESIAN_POINT('',(10.28506801571,10.013617619525,2.));
#7114 = VECTOR('',#7115,1.);
#7115 = DIRECTION('',(0.,-0.,-1.));
#7116 = ORIENTED_EDGE('',*,*,#7117,.T.);
#7117 = EDGE_CURVE('',#7110,#7118,#7120,.T.);
#7118 = VERTEX_POINT('',#7119);
#7119 = CARTESIAN_POINT('',(10.828750223393,9.423021305145,1.6));
#7120 = LINE('',#7121,#7122);
#7121 = CARTESIAN_POINT('',(10.28506801571,10.013617619525,1.6));
#7122 = VECTOR('',#7123,1.);
#7123 = DIRECTION('',(0.677281571626,-0.735723910673,0.));
#7124 = ORIENTED_EDGE('',*,*,#7125,.F.);
#7125 = EDGE_CURVE('',#2312,#7118,#7126,.T.);
#7126 = LINE('',#7127,#7128);
#7127 = CARTESIAN_POINT('',(10.828750223393,9.423021305145,2.));
#7128 = VECTOR('',#7129,1.);
#7129 = DIRECTION('',(0.,-0.,-1.));
#7130 = ORIENTED_EDGE('',*,*,#2309,.F.);
#7131 = PLANE('',#7132);
#7132 = AXIS2_PLACEMENT_3D('',#7133,#7134,#7135);
#7133 = CARTESIAN_POINT('',(10.28506801571,10.013617619525,2.));
#7134 = DIRECTION('',(-0.735723910673,-0.677281571626,0.));
#7135 = DIRECTION('',(0.677281571626,-0.735723910673,0.));
#7136 = ADVANCED_FACE('',(#7137),#7155,.F.);
#7137 = FACE_BOUND('',#7138,.F.);
#7138 = EDGE_LOOP('',(#7139,#7147,#7153,#7154));
#7139 = ORIENTED_EDGE('',*,*,#7140,.T.);
#7140 = EDGE_CURVE('',#2320,#7141,#7143,.T.);
#7141 = VERTEX_POINT('',#7142);
#7142 = CARTESIAN_POINT('',(11.761558801661,11.372823138733,1.6));
#7143 = LINE('',#7144,#7145);
#7144 = CARTESIAN_POINT('',(11.761558801661,11.372823138733,2.));
#7145 = VECTOR('',#7146,1.);
#7146 = DIRECTION('',(0.,-0.,-1.));
#7147 = ORIENTED_EDGE('',*,*,#7148,.T.);
#7148 = EDGE_CURVE('',#7141,#7110,#7149,.T.);
#7149 = LINE('',#7150,#7151);
#7150 = CARTESIAN_POINT('',(11.761558801661,11.372823138733,1.6));
#7151 = VECTOR('',#7152,1.);
#7152 = DIRECTION('',(-0.735723910673,-0.677281571626,0.));
#7153 = ORIENTED_EDGE('',*,*,#7109,.F.);
#7154 = ORIENTED_EDGE('',*,*,#2319,.F.);
#7155 = PLANE('',#7156);
#7156 = AXIS2_PLACEMENT_3D('',#7157,#7158,#7159);
#7157 = CARTESIAN_POINT('',(11.761558801661,11.372823138733,2.));
#7158 = DIRECTION('',(-0.677281571626,0.735723910673,0.));
#7159 = DIRECTION('',(-0.735723910673,-0.677281571626,0.));
#7160 = ADVANCED_FACE('',(#7161),#7179,.F.);
#7161 = FACE_BOUND('',#7162,.F.);
#7162 = EDGE_LOOP('',(#7163,#7164,#7172,#7178));
#7163 = ORIENTED_EDGE('',*,*,#7125,.T.);
#7164 = ORIENTED_EDGE('',*,*,#7165,.T.);
#7165 = EDGE_CURVE('',#7118,#7166,#7168,.T.);
#7166 = VERTEX_POINT('',#7167);
#7167 = CARTESIAN_POINT('',(12.305241009344,10.782226824353,1.6));
#7168 = LINE('',#7169,#7170);
#7169 = CARTESIAN_POINT('',(10.828750223393,9.423021305145,1.6));
#7170 = VECTOR('',#7171,1.);
#7171 = DIRECTION('',(0.735723910673,0.677281571626,0.));
#7172 = ORIENTED_EDGE('',*,*,#7173,.F.);
#7173 = EDGE_CURVE('',#2328,#7166,#7174,.T.);
#7174 = LINE('',#7175,#7176);
#7175 = CARTESIAN_POINT('',(12.305241009344,10.782226824353,2.));
#7176 = VECTOR('',#7177,1.);
#7177 = DIRECTION('',(0.,-0.,-1.));
#7178 = ORIENTED_EDGE('',*,*,#2335,.F.);
#7179 = PLANE('',#7180);
#7180 = AXIS2_PLACEMENT_3D('',#7181,#7182,#7183);
#7181 = CARTESIAN_POINT('',(10.828750223393,9.423021305145,2.));
#7182 = DIRECTION('',(0.677281571626,-0.735723910673,0.));
#7183 = DIRECTION('',(0.735723910673,0.677281571626,0.));
#7184 = ADVANCED_FACE('',(#7185),#7196,.F.);
#7185 = FACE_BOUND('',#7186,.F.);
#7186 = EDGE_LOOP('',(#7187,#7188,#7194,#7195));
#7187 = ORIENTED_EDGE('',*,*,#7173,.T.);
#7188 = ORIENTED_EDGE('',*,*,#7189,.T.);
#7189 = EDGE_CURVE('',#7166,#7141,#7190,.T.);
#7190 = LINE('',#7191,#7192);
#7191 = CARTESIAN_POINT('',(12.305241009344,10.782226824353,1.6));
#7192 = VECTOR('',#7193,1.);
#7193 = DIRECTION('',(-0.677281571626,0.735723910673,0.));
#7194 = ORIENTED_EDGE('',*,*,#7140,.F.);
#7195 = ORIENTED_EDGE('',*,*,#2327,.F.);
#7196 = PLANE('',#7197);
#7197 = AXIS2_PLACEMENT_3D('',#7198,#7199,#7200);
#7198 = CARTESIAN_POINT('',(12.305241009344,10.782226824353,2.));
#7199 = DIRECTION('',(0.735723910673,0.677281571626,0.));
#7200 = DIRECTION('',(-0.677281571626,0.735723910673,0.));
#7201 = ADVANCED_FACE('',(#7202,#7205),#7234,.F.);
#7202 = FACE_BOUND('',#7203,.F.);
#7203 = EDGE_LOOP('',(#7204));
#7204 = ORIENTED_EDGE('',*,*,#2764,.T.);
#7205 = FACE_BOUND('',#7206,.F.);
#7206 = EDGE_LOOP('',(#7207,#7218,#7227));
#7207 = ORIENTED_EDGE('',*,*,#7208,.F.);
#7208 = EDGE_CURVE('',#7209,#7211,#7213,.T.);
#7209 = VERTEX_POINT('',#7210);
#7210 = CARTESIAN_POINT('',(15.073178807947,0.899600257701,-22.5));
#7211 = VERTEX_POINT('',#7212);
#7212 = CARTESIAN_POINT('',(15.073178807947,-0.899600257701,-22.5));
#7213 = CIRCLE('',#7214,15.1);
#7214 = AXIS2_PLACEMENT_3D('',#7215,#7216,#7217);
#7215 = CARTESIAN_POINT('',(0.,0.,-22.5));
#7216 = DIRECTION('',(0.,0.,1.));
#7217 = DIRECTION('',(1.,0.,0.));
#7218 = ORIENTED_EDGE('',*,*,#7219,.T.);
#7219 = EDGE_CURVE('',#7209,#7220,#7222,.T.);
#7220 = VERTEX_POINT('',#7221);
#7221 = CARTESIAN_POINT('',(16.,0.,-22.5));
#7222 = CIRCLE('',#7223,0.9);
#7223 = AXIS2_PLACEMENT_3D('',#7224,#7225,#7226);
#7224 = CARTESIAN_POINT('',(15.1,0.,-22.5));
#7225 = DIRECTION('',(0.,0.,-1.));
#7226 = DIRECTION('',(1.,0.,0.));
#7227 = ORIENTED_EDGE('',*,*,#7228,.T.);
#7228 = EDGE_CURVE('',#7220,#7211,#7229,.T.);
#7229 = CIRCLE('',#7230,0.9);
#7230 = AXIS2_PLACEMENT_3D('',#7231,#7232,#7233);
#7231 = CARTESIAN_POINT('',(15.1,0.,-22.5));
#7232 = DIRECTION('',(0.,0.,-1.));
#7233 = DIRECTION('',(1.,0.,0.));
#7234 = PLANE('',#7235);
#7235 = AXIS2_PLACEMENT_3D('',#7236,#7237,#7238);
#7236 = CARTESIAN_POINT('',(-1.083299659381E-15,-3.492773249788E-16,
    -22.5));
#7237 = DIRECTION('',(0.,0.,1.));
#7238 = DIRECTION('',(1.,0.,0.));
#7239 = ADVANCED_FACE('',(#7240),#7246,.T.);
#7240 = FACE_BOUND('',#7241,.T.);
#7241 = EDGE_LOOP('',(#7242,#7243,#7244,#7245));
#7242 = ORIENTED_EDGE('',*,*,#3061,.T.);
#7243 = ORIENTED_EDGE('',*,*,#3109,.T.);
#7244 = ORIENTED_EDGE('',*,*,#3133,.T.);
#7245 = ORIENTED_EDGE('',*,*,#3092,.T.);
#7246 = PLANE('',#7247);
#7247 = AXIS2_PLACEMENT_3D('',#7248,#7249,#7250);
#7248 = CARTESIAN_POINT('',(-11.29515451252,-10.39792222193,1.6));
#7249 = DIRECTION('',(0.,0.,1.));
#7250 = DIRECTION('',(-0.789140509396,-0.61421271269,0.));
#7251 = ADVANCED_FACE('',(#7252),#7258,.T.);
#7252 = FACE_BOUND('',#7253,.T.);
#7253 = EDGE_LOOP('',(#7254,#7255,#7256,#7257));
#7254 = ORIENTED_EDGE('',*,*,#3157,.T.);
#7255 = ORIENTED_EDGE('',*,*,#3205,.T.);
#7256 = ORIENTED_EDGE('',*,*,#3229,.T.);
#7257 = ORIENTED_EDGE('',*,*,#3188,.T.);
#7258 = PLANE('',#7259);
#7259 = AXIS2_PLACEMENT_3D('',#7260,#7261,#7262);
#7260 = CARTESIAN_POINT('',(-4.984927935055,-14.52059900547,1.6));
#7261 = DIRECTION('',(0.,0.,1.));
#7262 = DIRECTION('',(-0.401695424653,-0.915773326655,0.));
#7263 = ADVANCED_FACE('',(#7264),#7270,.T.);
#7264 = FACE_BOUND('',#7265,.T.);
#7265 = EDGE_LOOP('',(#7266,#7267,#7268,#7269));
#7266 = ORIENTED_EDGE('',*,*,#3253,.T.);
#7267 = ORIENTED_EDGE('',*,*,#3301,.T.);
#7268 = ORIENTED_EDGE('',*,*,#3325,.T.);
#7269 = ORIENTED_EDGE('',*,*,#3284,.T.);
#7270 = PLANE('',#7271);
#7271 = AXIS2_PLACEMENT_3D('',#7272,#7273,#7274);
#7272 = CARTESIAN_POINT('',(-2.526927971453,-15.14304913227,1.6));
#7273 = DIRECTION('',(0.,0.,1.));
#7274 = DIRECTION('',(-0.245485487141,-0.969400265939,0.));
#7275 = ADVANCED_FACE('',(#7276),#7282,.T.);
#7276 = FACE_BOUND('',#7277,.T.);
#7277 = EDGE_LOOP('',(#7278,#7279,#7280,#7281));
#7278 = ORIENTED_EDGE('',*,*,#3349,.T.);
#7279 = ORIENTED_EDGE('',*,*,#3397,.T.);
#7280 = ORIENTED_EDGE('',*,*,#3421,.T.);
#7281 = ORIENTED_EDGE('',*,*,#3380,.T.);
#7282 = PLANE('',#7283);
#7283 = AXIS2_PLACEMENT_3D('',#7284,#7285,#7286);
#7284 = CARTESIAN_POINT('',(-5.551115123126E-15,-15.35243635373,1.6));
#7285 = DIRECTION('',(0.,0.,1.));
#7286 = DIRECTION('',(-8.257934547233E-02,-0.996584493007,0.));
#7287 = ADVANCED_FACE('',(#7288),#7294,.T.);
#7288 = FACE_BOUND('',#7289,.T.);
#7289 = EDGE_LOOP('',(#7290,#7291,#7292,#7293));
#7290 = ORIENTED_EDGE('',*,*,#3445,.T.);
#7291 = ORIENTED_EDGE('',*,*,#3493,.T.);
#7292 = ORIENTED_EDGE('',*,*,#3517,.T.);
#7293 = ORIENTED_EDGE('',*,*,#3476,.T.);
#7294 = PLANE('',#7295);
#7295 = AXIS2_PLACEMENT_3D('',#7296,#7297,#7298);
#7296 = CARTESIAN_POINT('',(-7.306952059326,-13.50206479017,1.6));
#7297 = DIRECTION('',(0.,0.,1.));
#7298 = DIRECTION('',(-0.546948158122,-0.837166478263,0.));
#7299 = ADVANCED_FACE('',(#7300),#7306,.T.);
#7300 = FACE_BOUND('',#7301,.T.);
#7301 = EDGE_LOOP('',(#7302,#7303,#7304,#7305));
#7302 = ORIENTED_EDGE('',*,*,#3541,.T.);
#7303 = ORIENTED_EDGE('',*,*,#3589,.T.);
#7304 = ORIENTED_EDGE('',*,*,#3613,.T.);
#7305 = ORIENTED_EDGE('',*,*,#3572,.T.);
#7306 = PLANE('',#7307);
#7307 = AXIS2_PLACEMENT_3D('',#7308,#7309,#7310);
#7308 = CARTESIAN_POINT('',(-9.42966157922,-12.11522944465,1.6));
#7309 = DIRECTION('',(0.,0.,1.));
#7310 = DIRECTION('',(-0.677281571626,-0.735723910673,0.));
#7311 = ADVANCED_FACE('',(#7312),#7318,.T.);
#7312 = FACE_BOUND('',#7313,.T.);
#7313 = EDGE_LOOP('',(#7314,#7315,#7316,#7317));
#7314 = ORIENTED_EDGE('',*,*,#3637,.T.);
#7315 = ORIENTED_EDGE('',*,*,#3685,.T.);
#7316 = ORIENTED_EDGE('',*,*,#3709,.T.);
#7317 = ORIENTED_EDGE('',*,*,#3668,.T.);
#7318 = PLANE('',#7319);
#7319 = AXIS2_PLACEMENT_3D('',#7320,#7321,#7322);
#7320 = CARTESIAN_POINT('',(-12.852545075,-8.396986786365,1.6));
#7321 = DIRECTION('',(0.,0.,1.));
#7322 = DIRECTION('',(-0.879473751206,-0.475947393037,0.));
#7323 = ADVANCED_FACE('',(#7324),#7330,.T.);
#7324 = FACE_BOUND('',#7325,.T.);
#7325 = EDGE_LOOP('',(#7326,#7327,#7328,#7329));
#7326 = ORIENTED_EDGE('',*,*,#3733,.T.);
#7327 = ORIENTED_EDGE('',*,*,#3781,.T.);
#7328 = ORIENTED_EDGE('',*,*,#3805,.T.);
#7329 = ORIENTED_EDGE('',*,*,#3764,.T.);
#7330 = PLANE('',#7331);
#7331 = AXIS2_PLACEMENT_3D('',#7332,#7333,#7334);
#7332 = CARTESIAN_POINT('',(-14.05935171191,-6.16700344057,1.6));
#7333 = DIRECTION('',(0.,0.,1.));
#7334 = DIRECTION('',(-0.945817241701,-0.324699469205,0.));
#7335 = ADVANCED_FACE('',(#7336),#7342,.T.);
#7336 = FACE_BOUND('',#7337,.T.);
#7337 = EDGE_LOOP('',(#7338,#7339,#7340,#7341));
#7338 = ORIENTED_EDGE('',*,*,#3829,.T.);
#7339 = ORIENTED_EDGE('',*,*,#3877,.T.);
#7340 = ORIENTED_EDGE('',*,*,#3901,.T.);
#7341 = ORIENTED_EDGE('',*,*,#3860,.T.);
#7342 = PLANE('',#7343);
#7343 = AXIS2_PLACEMENT_3D('',#7344,#7345,#7346);
#7344 = CARTESIAN_POINT('',(-14.88265588412,-3.768800317094,1.6));
#7345 = DIRECTION('',(0.,0.,1.));
#7346 = DIRECTION('',(-0.986361303403,-0.164594590281,0.));
#7347 = ADVANCED_FACE('',(#7348),#7354,.T.);
#7348 = FACE_BOUND('',#7349,.T.);
#7349 = EDGE_LOOP('',(#7350,#7351,#7352,#7353));
#7350 = ORIENTED_EDGE('',*,*,#3925,.T.);
#7351 = ORIENTED_EDGE('',*,*,#3973,.T.);
#7352 = ORIENTED_EDGE('',*,*,#3997,.T.);
#7353 = ORIENTED_EDGE('',*,*,#3956,.T.);
#7354 = PLANE('',#7355);
#7355 = AXIS2_PLACEMENT_3D('',#7356,#7357,#7358);
#7356 = CARTESIAN_POINT('',(-15.3,-1.267794145497,1.6));
#7357 = DIRECTION('',(0.,0.,1.));
#7358 = DIRECTION('',(-1.,1.224646799147E-16,0.));
#7359 = ADVANCED_FACE('',(#7360),#7366,.T.);
#7360 = FACE_BOUND('',#7361,.T.);
#7361 = EDGE_LOOP('',(#7362,#7363,#7364,#7365));
#7362 = ORIENTED_EDGE('',*,*,#4021,.T.);
#7363 = ORIENTED_EDGE('',*,*,#4069,.T.);
#7364 = ORIENTED_EDGE('',*,*,#4093,.T.);
#7365 = ORIENTED_EDGE('',*,*,#4052,.T.);
#7366 = PLANE('',#7367);
#7367 = AXIS2_PLACEMENT_3D('',#7368,#7369,#7370);
#7368 = CARTESIAN_POINT('',(2.526927971453,-15.14304913227,1.6));
#7369 = DIRECTION('',(0.,0.,1.));
#7370 = DIRECTION('',(8.257934547233E-02,-0.996584493007,0.));
#7371 = ADVANCED_FACE('',(#7372),#7378,.T.);
#7372 = FACE_BOUND('',#7373,.T.);
#7373 = EDGE_LOOP('',(#7374,#7375,#7376,#7377));
#7374 = ORIENTED_EDGE('',*,*,#4117,.T.);
#7375 = ORIENTED_EDGE('',*,*,#4165,.T.);
#7376 = ORIENTED_EDGE('',*,*,#4189,.T.);
#7377 = ORIENTED_EDGE('',*,*,#4148,.T.);
#7378 = PLANE('',#7379);
#7379 = AXIS2_PLACEMENT_3D('',#7380,#7381,#7382);
#7380 = CARTESIAN_POINT('',(4.984927935055,-14.52059900547,1.6));
#7381 = DIRECTION('',(0.,0.,1.));
#7382 = DIRECTION('',(0.245485487141,-0.969400265939,0.));
#7383 = ADVANCED_FACE('',(#7384),#7390,.T.);
#7384 = FACE_BOUND('',#7385,.T.);
#7385 = EDGE_LOOP('',(#7386,#7387,#7388,#7389));
#7386 = ORIENTED_EDGE('',*,*,#4213,.T.);
#7387 = ORIENTED_EDGE('',*,*,#4261,.T.);
#7388 = ORIENTED_EDGE('',*,*,#4285,.T.);
#7389 = ORIENTED_EDGE('',*,*,#4244,.T.);
#7390 = PLANE('',#7391);
#7391 = AXIS2_PLACEMENT_3D('',#7392,#7393,#7394);
#7392 = CARTESIAN_POINT('',(7.306952059326,-13.50206479017,1.6));
#7393 = DIRECTION('',(0.,0.,1.));
#7394 = DIRECTION('',(0.401695424653,-0.915773326655,0.));
#7395 = ADVANCED_FACE('',(#7396),#7402,.T.);
#7396 = FACE_BOUND('',#7397,.T.);
#7397 = EDGE_LOOP('',(#7398,#7399,#7400,#7401));
#7398 = ORIENTED_EDGE('',*,*,#4309,.T.);
#7399 = ORIENTED_EDGE('',*,*,#4357,.T.);
#7400 = ORIENTED_EDGE('',*,*,#4381,.T.);
#7401 = ORIENTED_EDGE('',*,*,#4340,.T.);
#7402 = PLANE('',#7403);
#7403 = AXIS2_PLACEMENT_3D('',#7404,#7405,#7406);
#7404 = CARTESIAN_POINT('',(9.42966157922,-12.11522944465,1.6));
#7405 = DIRECTION('',(0.,0.,1.));
#7406 = DIRECTION('',(0.546948158122,-0.837166478263,0.));
#7407 = ADVANCED_FACE('',(#7408),#7414,.T.);
#7408 = FACE_BOUND('',#7409,.T.);
#7409 = EDGE_LOOP('',(#7410,#7411,#7412,#7413));
#7410 = ORIENTED_EDGE('',*,*,#4405,.T.);
#7411 = ORIENTED_EDGE('',*,*,#4453,.T.);
#7412 = ORIENTED_EDGE('',*,*,#4477,.T.);
#7413 = ORIENTED_EDGE('',*,*,#4436,.T.);
#7414 = PLANE('',#7415);
#7415 = AXIS2_PLACEMENT_3D('',#7416,#7417,#7418);
#7416 = CARTESIAN_POINT('',(11.295154512527,-10.39792222193,1.6));
#7417 = DIRECTION('',(0.,0.,1.));
#7418 = DIRECTION('',(0.677281571626,-0.735723910673,0.));
#7419 = ADVANCED_FACE('',(#7420),#7426,.T.);
#7420 = FACE_BOUND('',#7421,.T.);
#7421 = EDGE_LOOP('',(#7422,#7423,#7424,#7425));
#7422 = ORIENTED_EDGE('',*,*,#4501,.T.);
#7423 = ORIENTED_EDGE('',*,*,#4549,.T.);
#7424 = ORIENTED_EDGE('',*,*,#4573,.T.);
#7425 = ORIENTED_EDGE('',*,*,#4532,.T.);
#7426 = PLANE('',#7427);
#7427 = AXIS2_PLACEMENT_3D('',#7428,#7429,#7430);
#7428 = CARTESIAN_POINT('',(12.852545075002,-8.396986786365,1.6));
#7429 = DIRECTION('',(0.,0.,1.));
#7430 = DIRECTION('',(0.789140509396,-0.61421271269,0.));
#7431 = ADVANCED_FACE('',(#7432),#7438,.T.);
#7432 = FACE_BOUND('',#7433,.T.);
#7433 = EDGE_LOOP('',(#7434,#7435,#7436,#7437));
#7434 = ORIENTED_EDGE('',*,*,#4597,.T.);
#7435 = ORIENTED_EDGE('',*,*,#4645,.T.);
#7436 = ORIENTED_EDGE('',*,*,#4669,.T.);
#7437 = ORIENTED_EDGE('',*,*,#4628,.T.);
#7438 = PLANE('',#7439);
#7439 = AXIS2_PLACEMENT_3D('',#7440,#7441,#7442);
#7440 = CARTESIAN_POINT('',(14.059351711916,-6.16700344057,1.6));
#7441 = DIRECTION('',(0.,0.,1.));
#7442 = DIRECTION('',(0.879473751206,-0.475947393037,0.));
#7443 = ADVANCED_FACE('',(#7444),#7450,.T.);
#7444 = FACE_BOUND('',#7445,.T.);
#7445 = EDGE_LOOP('',(#7446,#7447,#7448,#7449));
#7446 = ORIENTED_EDGE('',*,*,#4693,.T.);
#7447 = ORIENTED_EDGE('',*,*,#4741,.T.);
#7448 = ORIENTED_EDGE('',*,*,#4765,.T.);
#7449 = ORIENTED_EDGE('',*,*,#4724,.T.);
#7450 = PLANE('',#7451);
#7451 = AXIS2_PLACEMENT_3D('',#7452,#7453,#7454);
#7452 = CARTESIAN_POINT('',(14.882655884123,-3.768800317094,1.6));
#7453 = DIRECTION('',(0.,0.,1.));
#7454 = DIRECTION('',(0.945817241701,-0.324699469205,0.));
#7455 = ADVANCED_FACE('',(#7456),#7462,.T.);
#7456 = FACE_BOUND('',#7457,.T.);
#7457 = EDGE_LOOP('',(#7458,#7459,#7460,#7461));
#7458 = ORIENTED_EDGE('',*,*,#4789,.T.);
#7459 = ORIENTED_EDGE('',*,*,#4837,.T.);
#7460 = ORIENTED_EDGE('',*,*,#4861,.T.);
#7461 = ORIENTED_EDGE('',*,*,#4820,.T.);
#7462 = PLANE('',#7463);
#7463 = AXIS2_PLACEMENT_3D('',#7464,#7465,#7466);
#7464 = CARTESIAN_POINT('',(15.3,-1.267794145497,1.6));
#7465 = DIRECTION('',(0.,0.,1.));
#7466 = DIRECTION('',(0.986361303403,-0.164594590281,0.));
#7467 = ADVANCED_FACE('',(#7468),#7474,.T.);
#7468 = FACE_BOUND('',#7469,.T.);
#7469 = EDGE_LOOP('',(#7470,#7471,#7472,#7473));
#7470 = ORIENTED_EDGE('',*,*,#4885,.T.);
#7471 = ORIENTED_EDGE('',*,*,#4933,.T.);
#7472 = ORIENTED_EDGE('',*,*,#4957,.T.);
#7473 = ORIENTED_EDGE('',*,*,#4916,.T.);
#7474 = PLANE('',#7475);
#7475 = AXIS2_PLACEMENT_3D('',#7476,#7477,#7478);
#7476 = CARTESIAN_POINT('',(-15.3,1.267794145497,1.6));
#7477 = DIRECTION('',(0.,0.,1.));
#7478 = DIRECTION('',(-0.986361303403,0.164594590281,0.));
#7479 = ADVANCED_FACE('',(#7480),#7486,.T.);
#7480 = FACE_BOUND('',#7481,.T.);
#7481 = EDGE_LOOP('',(#7482,#7483,#7484,#7485));
#7482 = ORIENTED_EDGE('',*,*,#4981,.T.);
#7483 = ORIENTED_EDGE('',*,*,#5029,.T.);
#7484 = ORIENTED_EDGE('',*,*,#5053,.T.);
#7485 = ORIENTED_EDGE('',*,*,#5012,.T.);
#7486 = PLANE('',#7487);
#7487 = AXIS2_PLACEMENT_3D('',#7488,#7489,#7490);
#7488 = CARTESIAN_POINT('',(-14.88265588412,3.768800317094,1.6));
#7489 = DIRECTION('',(0.,0.,1.));
#7490 = DIRECTION('',(-0.945817241701,0.324699469205,0.));
#7491 = ADVANCED_FACE('',(#7492),#7498,.T.);
#7492 = FACE_BOUND('',#7493,.T.);
#7493 = EDGE_LOOP('',(#7494,#7495,#7496,#7497));
#7494 = ORIENTED_EDGE('',*,*,#5077,.T.);
#7495 = ORIENTED_EDGE('',*,*,#5125,.T.);
#7496 = ORIENTED_EDGE('',*,*,#5149,.T.);
#7497 = ORIENTED_EDGE('',*,*,#5108,.T.);
#7498 = PLANE('',#7499);
#7499 = AXIS2_PLACEMENT_3D('',#7500,#7501,#7502);
#7500 = CARTESIAN_POINT('',(-14.05935171191,6.16700344057,1.6));
#7501 = DIRECTION('',(0.,0.,1.));
#7502 = DIRECTION('',(-0.879473751206,0.475947393037,0.));
#7503 = ADVANCED_FACE('',(#7504),#7510,.T.);
#7504 = FACE_BOUND('',#7505,.T.);
#7505 = EDGE_LOOP('',(#7506,#7507,#7508,#7509));
#7506 = ORIENTED_EDGE('',*,*,#5173,.T.);
#7507 = ORIENTED_EDGE('',*,*,#5221,.T.);
#7508 = ORIENTED_EDGE('',*,*,#5245,.T.);
#7509 = ORIENTED_EDGE('',*,*,#5204,.T.);
#7510 = PLANE('',#7511);
#7511 = AXIS2_PLACEMENT_3D('',#7512,#7513,#7514);
#7512 = CARTESIAN_POINT('',(-12.852545075,8.396986786365,1.6));
#7513 = DIRECTION('',(0.,0.,1.));
#7514 = DIRECTION('',(-0.789140509396,0.61421271269,0.));
#7515 = ADVANCED_FACE('',(#7516),#7536,.T.);
#7516 = FACE_BOUND('',#7517,.F.);
#7517 = EDGE_LOOP('',(#7518,#7519,#7528,#7535));
#7518 = ORIENTED_EDGE('',*,*,#5270,.F.);
#7519 = ORIENTED_EDGE('',*,*,#7520,.T.);
#7520 = EDGE_CURVE('',#5262,#7521,#7523,.T.);
#7521 = VERTEX_POINT('',#7522);
#7522 = CARTESIAN_POINT('',(14.195,-2.151053409303E-15,-19.37496666518)
  );
#7523 = CIRCLE('',#7524,0.375);
#7524 = AXIS2_PLACEMENT_3D('',#7525,#7526,#7527);
#7525 = CARTESIAN_POINT('',(14.2,-4.218847493576E-15,-19.));
#7526 = DIRECTION('',(0.,-1.,2.22044604925E-16));
#7527 = DIRECTION('',(1.,0.,0.));
#7528 = ORIENTED_EDGE('',*,*,#7529,.T.);
#7529 = EDGE_CURVE('',#7521,#7521,#7530,.T.);
#7530 = CIRCLE('',#7531,14.195);
#7531 = AXIS2_PLACEMENT_3D('',#7532,#7533,#7534);
#7532 = CARTESIAN_POINT('',(0.,-4.302106818607E-15,-19.37496666518));
#7533 = DIRECTION('',(-0.,2.22044604925E-16,1.));
#7534 = DIRECTION('',(0.,-1.,2.22044604925E-16));
#7535 = ORIENTED_EDGE('',*,*,#7520,.F.);
#7536 = TOROIDAL_SURFACE('',#7537,14.2,0.375);
#7537 = AXIS2_PLACEMENT_3D('',#7538,#7539,#7540);
#7538 = CARTESIAN_POINT('',(0.,-4.218847493576E-15,-19.));
#7539 = DIRECTION('',(0.,2.22044604925E-16,1.));
#7540 = DIRECTION('',(1.,0.,0.));
#7541 = ADVANCED_FACE('',(#7542),#7548,.T.);
#7542 = FACE_BOUND('',#7543,.T.);
#7543 = EDGE_LOOP('',(#7544,#7545,#7546,#7547));
#7544 = ORIENTED_EDGE('',*,*,#5293,.T.);
#7545 = ORIENTED_EDGE('',*,*,#5341,.T.);
#7546 = ORIENTED_EDGE('',*,*,#5365,.T.);
#7547 = ORIENTED_EDGE('',*,*,#5324,.T.);
#7548 = PLANE('',#7549);
#7549 = AXIS2_PLACEMENT_3D('',#7550,#7551,#7552);
#7550 = CARTESIAN_POINT('',(-11.29515451252,10.397922221939,1.6));
#7551 = DIRECTION('',(0.,0.,1.));
#7552 = DIRECTION('',(-0.677281571626,0.735723910673,0.));
#7553 = ADVANCED_FACE('',(#7554),#7560,.T.);
#7554 = FACE_BOUND('',#7555,.T.);
#7555 = EDGE_LOOP('',(#7556,#7557,#7558,#7559));
#7556 = ORIENTED_EDGE('',*,*,#5389,.T.);
#7557 = ORIENTED_EDGE('',*,*,#5437,.T.);
#7558 = ORIENTED_EDGE('',*,*,#5461,.T.);
#7559 = ORIENTED_EDGE('',*,*,#5420,.T.);
#7560 = PLANE('',#7561);
#7561 = AXIS2_PLACEMENT_3D('',#7562,#7563,#7564);
#7562 = CARTESIAN_POINT('',(-9.42966157922,12.115229444659,1.6));
#7563 = DIRECTION('',(0.,0.,1.));
#7564 = DIRECTION('',(-0.546948158122,0.837166478263,0.));
#7565 = ADVANCED_FACE('',(#7566),#7572,.T.);
#7566 = FACE_BOUND('',#7567,.T.);
#7567 = EDGE_LOOP('',(#7568,#7569,#7570,#7571));
#7568 = ORIENTED_EDGE('',*,*,#5485,.T.);
#7569 = ORIENTED_EDGE('',*,*,#5533,.T.);
#7570 = ORIENTED_EDGE('',*,*,#5557,.T.);
#7571 = ORIENTED_EDGE('',*,*,#5516,.T.);
#7572 = PLANE('',#7573);
#7573 = AXIS2_PLACEMENT_3D('',#7574,#7575,#7576);
#7574 = CARTESIAN_POINT('',(-7.306952059326,13.502064790175,1.6));
#7575 = DIRECTION('',(0.,0.,1.));
#7576 = DIRECTION('',(-0.401695424653,0.915773326655,0.));
#7577 = ADVANCED_FACE('',(#7578),#7584,.T.);
#7578 = FACE_BOUND('',#7579,.T.);
#7579 = EDGE_LOOP('',(#7580,#7581,#7582,#7583));
#7580 = ORIENTED_EDGE('',*,*,#5581,.T.);
#7581 = ORIENTED_EDGE('',*,*,#5629,.T.);
#7582 = ORIENTED_EDGE('',*,*,#5653,.T.);
#7583 = ORIENTED_EDGE('',*,*,#5612,.T.);
#7584 = PLANE('',#7585);
#7585 = AXIS2_PLACEMENT_3D('',#7586,#7587,#7588);
#7586 = CARTESIAN_POINT('',(-4.984927935055,14.52059900547,1.6));
#7587 = DIRECTION('',(0.,0.,1.));
#7588 = DIRECTION('',(-0.245485487141,0.969400265939,0.));
#7589 = ADVANCED_FACE('',(#7590),#7596,.T.);
#7590 = FACE_BOUND('',#7591,.T.);
#7591 = EDGE_LOOP('',(#7592,#7593,#7594,#7595));
#7592 = ORIENTED_EDGE('',*,*,#5677,.T.);
#7593 = ORIENTED_EDGE('',*,*,#5725,.T.);
#7594 = ORIENTED_EDGE('',*,*,#5749,.T.);
#7595 = ORIENTED_EDGE('',*,*,#5708,.T.);
#7596 = PLANE('',#7597);
#7597 = AXIS2_PLACEMENT_3D('',#7598,#7599,#7600);
#7598 = CARTESIAN_POINT('',(-2.526927971453,15.143049132273,1.6));
#7599 = DIRECTION('',(0.,0.,1.));
#7600 = DIRECTION('',(-8.257934547233E-02,0.996584493007,0.));
#7601 = ADVANCED_FACE('',(#7602),#7608,.T.);
#7602 = FACE_BOUND('',#7603,.T.);
#7603 = EDGE_LOOP('',(#7604,#7605,#7606,#7607));
#7604 = ORIENTED_EDGE('',*,*,#5773,.T.);
#7605 = ORIENTED_EDGE('',*,*,#5821,.T.);
#7606 = ORIENTED_EDGE('',*,*,#5845,.T.);
#7607 = ORIENTED_EDGE('',*,*,#5804,.T.);
#7608 = PLANE('',#7609);
#7609 = AXIS2_PLACEMENT_3D('',#7610,#7611,#7612);
#7610 = CARTESIAN_POINT('',(4.440892098501E-16,15.352436353731,1.6));
#7611 = DIRECTION('',(0.,0.,1.));
#7612 = DIRECTION('',(8.257934547233E-02,0.996584493007,0.));
#7613 = ADVANCED_FACE('',(#7614),#7620,.T.);
#7614 = FACE_BOUND('',#7615,.T.);
#7615 = EDGE_LOOP('',(#7616,#7617,#7618,#7619));
#7616 = ORIENTED_EDGE('',*,*,#6445,.T.);
#7617 = ORIENTED_EDGE('',*,*,#6493,.T.);
#7618 = ORIENTED_EDGE('',*,*,#6517,.T.);
#7619 = ORIENTED_EDGE('',*,*,#6476,.T.);
#7620 = PLANE('',#7621);
#7621 = AXIS2_PLACEMENT_3D('',#7622,#7623,#7624);
#7622 = CARTESIAN_POINT('',(14.882655884123,3.768800317094,1.6));
#7623 = DIRECTION('',(0.,0.,1.));
#7624 = DIRECTION('',(0.986361303403,0.164594590281,0.));
#7625 = ADVANCED_FACE('',(#7626),#7632,.T.);
#7626 = FACE_BOUND('',#7627,.T.);
#7627 = EDGE_LOOP('',(#7628,#7629,#7630,#7631));
#7628 = ORIENTED_EDGE('',*,*,#6541,.T.);
#7629 = ORIENTED_EDGE('',*,*,#6589,.T.);
#7630 = ORIENTED_EDGE('',*,*,#6613,.T.);
#7631 = ORIENTED_EDGE('',*,*,#6572,.T.);
#7632 = PLANE('',#7633);
#7633 = AXIS2_PLACEMENT_3D('',#7634,#7635,#7636);
#7634 = CARTESIAN_POINT('',(14.059351711916,6.16700344057,1.6));
#7635 = DIRECTION('',(0.,0.,1.));
#7636 = DIRECTION('',(0.945817241701,0.324699469205,0.));
#7637 = ADVANCED_FACE('',(#7638),#7644,.T.);
#7638 = FACE_BOUND('',#7639,.T.);
#7639 = EDGE_LOOP('',(#7640,#7641,#7642,#7643));
#7640 = ORIENTED_EDGE('',*,*,#6637,.T.);
#7641 = ORIENTED_EDGE('',*,*,#6685,.T.);
#7642 = ORIENTED_EDGE('',*,*,#6709,.T.);
#7643 = ORIENTED_EDGE('',*,*,#6668,.T.);
#7644 = PLANE('',#7645);
#7645 = AXIS2_PLACEMENT_3D('',#7646,#7647,#7648);
#7646 = CARTESIAN_POINT('',(12.852545075002,8.396986786365,1.6));
#7647 = DIRECTION('',(0.,0.,1.));
#7648 = DIRECTION('',(0.879473751206,0.475947393037,0.));
#7649 = ADVANCED_FACE('',(#7650),#7656,.T.);
#7650 = FACE_BOUND('',#7651,.T.);
#7651 = EDGE_LOOP('',(#7652,#7653,#7654,#7655));
#7652 = ORIENTED_EDGE('',*,*,#6733,.T.);
#7653 = ORIENTED_EDGE('',*,*,#6781,.T.);
#7654 = ORIENTED_EDGE('',*,*,#6805,.T.);
#7655 = ORIENTED_EDGE('',*,*,#6764,.T.);
#7656 = PLANE('',#7657);
#7657 = AXIS2_PLACEMENT_3D('',#7658,#7659,#7660);
#7658 = CARTESIAN_POINT('',(9.42966157922,12.115229444659,1.6));
#7659 = DIRECTION('',(0.,0.,1.));
#7660 = DIRECTION('',(0.677281571626,0.735723910673,0.));
#7661 = ADVANCED_FACE('',(#7662),#7668,.T.);
#7662 = FACE_BOUND('',#7663,.T.);
#7663 = EDGE_LOOP('',(#7664,#7665,#7666,#7667));
#7664 = ORIENTED_EDGE('',*,*,#6829,.T.);
#7665 = ORIENTED_EDGE('',*,*,#6877,.T.);
#7666 = ORIENTED_EDGE('',*,*,#6901,.T.);
#7667 = ORIENTED_EDGE('',*,*,#6860,.T.);
#7668 = PLANE('',#7669);
#7669 = AXIS2_PLACEMENT_3D('',#7670,#7671,#7672);
#7670 = CARTESIAN_POINT('',(7.306952059326,13.502064790175,1.6));
#7671 = DIRECTION('',(0.,0.,1.));
#7672 = DIRECTION('',(0.546948158122,0.837166478263,0.));
#7673 = ADVANCED_FACE('',(#7674),#7680,.T.);
#7674 = FACE_BOUND('',#7675,.T.);
#7675 = EDGE_LOOP('',(#7676,#7677,#7678,#7679));
#7676 = ORIENTED_EDGE('',*,*,#6925,.T.);
#7677 = ORIENTED_EDGE('',*,*,#6973,.T.);
#7678 = ORIENTED_EDGE('',*,*,#6997,.T.);
#7679 = ORIENTED_EDGE('',*,*,#6956,.T.);
#7680 = PLANE('',#7681);
#7681 = AXIS2_PLACEMENT_3D('',#7682,#7683,#7684);
#7682 = CARTESIAN_POINT('',(2.526927971453,15.143049132273,1.6));
#7683 = DIRECTION('',(0.,0.,1.));
#7684 = DIRECTION('',(0.245485487141,0.969400265939,0.));
#7685 = ADVANCED_FACE('',(#7686),#7692,.T.);
#7686 = FACE_BOUND('',#7687,.T.);
#7687 = EDGE_LOOP('',(#7688,#7689,#7690,#7691));
#7688 = ORIENTED_EDGE('',*,*,#7021,.T.);
#7689 = ORIENTED_EDGE('',*,*,#7069,.T.);
#7690 = ORIENTED_EDGE('',*,*,#7093,.T.);
#7691 = ORIENTED_EDGE('',*,*,#7052,.T.);
#7692 = PLANE('',#7693);
#7693 = AXIS2_PLACEMENT_3D('',#7694,#7695,#7696);
#7694 = CARTESIAN_POINT('',(4.984927935055,14.52059900547,1.6));
#7695 = DIRECTION('',(0.,0.,1.));
#7696 = DIRECTION('',(0.401695424653,0.915773326655,0.));
#7697 = ADVANCED_FACE('',(#7698),#7704,.T.);
#7698 = FACE_BOUND('',#7699,.T.);
#7699 = EDGE_LOOP('',(#7700,#7701,#7702,#7703));
#7700 = ORIENTED_EDGE('',*,*,#7117,.T.);
#7701 = ORIENTED_EDGE('',*,*,#7165,.T.);
#7702 = ORIENTED_EDGE('',*,*,#7189,.T.);
#7703 = ORIENTED_EDGE('',*,*,#7148,.T.);
#7704 = PLANE('',#7705);
#7705 = AXIS2_PLACEMENT_3D('',#7706,#7707,#7708);
#7706 = CARTESIAN_POINT('',(11.295154512527,10.397922221939,1.6));
#7707 = DIRECTION('',(0.,0.,1.));
#7708 = DIRECTION('',(0.789140509396,0.61421271269,0.));
#7709 = ADVANCED_FACE('',(#7710),#7736,.T.);
#7710 = FACE_BOUND('',#7711,.T.);
#7711 = EDGE_LOOP('',(#7712,#7713,#7721,#7730));
#7712 = ORIENTED_EDGE('',*,*,#7208,.F.);
#7713 = ORIENTED_EDGE('',*,*,#7714,.F.);
#7714 = EDGE_CURVE('',#7715,#7209,#7717,.T.);
#7715 = VERTEX_POINT('',#7716);
#7716 = CARTESIAN_POINT('',(15.073178807947,0.899600257701,-24.));
#7717 = LINE('',#7718,#7719);
#7718 = CARTESIAN_POINT('',(15.073178807947,0.899600257702,0.));
#7719 = VECTOR('',#7720,1.);
#7720 = DIRECTION('',(0.,0.,1.));
#7721 = ORIENTED_EDGE('',*,*,#7722,.T.);
#7722 = EDGE_CURVE('',#7715,#7723,#7725,.T.);
#7723 = VERTEX_POINT('',#7724);
#7724 = CARTESIAN_POINT('',(15.073178807947,-0.899600257701,-24.));
#7725 = CIRCLE('',#7726,15.1);
#7726 = AXIS2_PLACEMENT_3D('',#7727,#7728,#7729);
#7727 = CARTESIAN_POINT('',(0.,0.,-24.));
#7728 = DIRECTION('',(0.,0.,1.));
#7729 = DIRECTION('',(1.,0.,0.));
#7730 = ORIENTED_EDGE('',*,*,#7731,.T.);
#7731 = EDGE_CURVE('',#7723,#7211,#7732,.T.);
#7732 = LINE('',#7733,#7734);
#7733 = CARTESIAN_POINT('',(15.073178807947,-0.899600257702,0.));
#7734 = VECTOR('',#7735,1.);
#7735 = DIRECTION('',(0.,0.,1.));
#7736 = CYLINDRICAL_SURFACE('',#7737,15.1);
#7737 = AXIS2_PLACEMENT_3D('',#7738,#7739,#7740);
#7738 = CARTESIAN_POINT('',(0.,0.,0.));
#7739 = DIRECTION('',(0.,0.,1.));
#7740 = DIRECTION('',(1.,0.,0.));
#7741 = ADVANCED_FACE('',(#7742),#7764,.T.);
#7742 = FACE_BOUND('',#7743,.T.);
#7743 = EDGE_LOOP('',(#7744,#7753,#7754,#7755,#7756,#7757));
#7744 = ORIENTED_EDGE('',*,*,#7745,.F.);
#7745 = EDGE_CURVE('',#7715,#7746,#7748,.T.);
#7746 = VERTEX_POINT('',#7747);
#7747 = CARTESIAN_POINT('',(16.,0.,-24.));
#7748 = CIRCLE('',#7749,0.9);
#7749 = AXIS2_PLACEMENT_3D('',#7750,#7751,#7752);
#7750 = CARTESIAN_POINT('',(15.1,0.,-24.));
#7751 = DIRECTION('',(0.,0.,-1.));
#7752 = DIRECTION('',(1.,0.,0.));
#7753 = ORIENTED_EDGE('',*,*,#7714,.T.);
#7754 = ORIENTED_EDGE('',*,*,#7219,.T.);
#7755 = ORIENTED_EDGE('',*,*,#7228,.T.);
#7756 = ORIENTED_EDGE('',*,*,#7731,.F.);
#7757 = ORIENTED_EDGE('',*,*,#7758,.F.);
#7758 = EDGE_CURVE('',#7746,#7723,#7759,.T.);
#7759 = CIRCLE('',#7760,0.9);
#7760 = AXIS2_PLACEMENT_3D('',#7761,#7762,#7763);
#7761 = CARTESIAN_POINT('',(15.1,0.,-24.));
#7762 = DIRECTION('',(0.,0.,-1.));
#7763 = DIRECTION('',(1.,0.,0.));
#7764 = CYLINDRICAL_SURFACE('',#7765,0.9);
#7765 = AXIS2_PLACEMENT_3D('',#7766,#7767,#7768);
#7766 = CARTESIAN_POINT('',(15.1,0.,-24.));
#7767 = DIRECTION('',(0.,0.,-1.));
#7768 = DIRECTION('',(1.,0.,0.));
#7769 = ADVANCED_FACE('',(#7770),#7788,.F.);
#7770 = FACE_BOUND('',#7771,.T.);
#7771 = EDGE_LOOP('',(#7772,#7773,#7780,#7787));
#7772 = ORIENTED_EDGE('',*,*,#7529,.T.);
#7773 = ORIENTED_EDGE('',*,*,#7774,.T.);
#7774 = EDGE_CURVE('',#7521,#7775,#7777,.T.);
#7775 = VERTEX_POINT('',#7776);
#7776 = CARTESIAN_POINT('',(14.195,0.,-24.));
#7777 = B_SPLINE_CURVE_WITH_KNOTS('',1,(#7778,#7779),.UNSPECIFIED.,.F.,
  .F.,(2,2),(-2.,24.),.PIECEWISE_BEZIER_KNOTS.);
#7778 = CARTESIAN_POINT('',(14.195,0.,2.));
#7779 = CARTESIAN_POINT('',(14.195,0.,-24.));
#7780 = ORIENTED_EDGE('',*,*,#7781,.F.);
#7781 = EDGE_CURVE('',#7775,#7775,#7782,.T.);
#7782 = CIRCLE('',#7783,14.195);
#7783 = AXIS2_PLACEMENT_3D('',#7784,#7785,#7786);
#7784 = CARTESIAN_POINT('',(0.,0.,-24.));
#7785 = DIRECTION('',(0.,0.,1.));
#7786 = DIRECTION('',(1.,0.,0.));
#7787 = ORIENTED_EDGE('',*,*,#7774,.F.);
#7788 = CYLINDRICAL_SURFACE('',#7789,14.195);
#7789 = AXIS2_PLACEMENT_3D('',#7790,#7791,#7792);
#7790 = CARTESIAN_POINT('',(0.,0.,0.));
#7791 = DIRECTION('',(-0.,-0.,-1.));
#7792 = DIRECTION('',(1.,0.,0.));
#7793 = ADVANCED_FACE('',(#7794,#7799),#7802,.T.);
#7794 = FACE_BOUND('',#7795,.T.);
#7795 = EDGE_LOOP('',(#7796,#7797,#7798));
#7796 = ORIENTED_EDGE('',*,*,#7722,.F.);
#7797 = ORIENTED_EDGE('',*,*,#7745,.T.);
#7798 = ORIENTED_EDGE('',*,*,#7758,.T.);
#7799 = FACE_BOUND('',#7800,.T.);
#7800 = EDGE_LOOP('',(#7801));
#7801 = ORIENTED_EDGE('',*,*,#7781,.T.);
#7802 = PLANE('',#7803);
#7803 = AXIS2_PLACEMENT_3D('',#7804,#7805,#7806);
#7804 = CARTESIAN_POINT('',(0.379427283171,-2.50649369833E-16,-24.));
#7805 = DIRECTION('',(-0.,-0.,-1.));
#7806 = DIRECTION('',(-1.,0.,0.));
#7807 = ADVANCED_FACE('',(#7808),#7834,.T.);
#7808 = FACE_BOUND('',#7809,.T.);
#7809 = EDGE_LOOP('',(#7810,#7811,#7812,#7813,#7814,#7815,#7816,#7817,
    #7818,#7819,#7820,#7821,#7822,#7823,#7824,#7825,#7826,#7827,#7828,
    #7829,#7830,#7831,#7832,#7833));
#7810 = ORIENTED_EDGE('',*,*,#6421,.T.);
#7811 = ORIENTED_EDGE('',*,*,#5870,.T.);
#7812 = ORIENTED_EDGE('',*,*,#5894,.T.);
#7813 = ORIENTED_EDGE('',*,*,#5918,.T.);
#7814 = ORIENTED_EDGE('',*,*,#5942,.T.);
#7815 = ORIENTED_EDGE('',*,*,#5965,.T.);
#7816 = ORIENTED_EDGE('',*,*,#5990,.T.);
#7817 = ORIENTED_EDGE('',*,*,#6014,.T.);
#7818 = ORIENTED_EDGE('',*,*,#6038,.T.);
#7819 = ORIENTED_EDGE('',*,*,#6062,.T.);
#7820 = ORIENTED_EDGE('',*,*,#6086,.T.);
#7821 = ORIENTED_EDGE('',*,*,#6110,.T.);
#7822 = ORIENTED_EDGE('',*,*,#6134,.T.);
#7823 = ORIENTED_EDGE('',*,*,#6158,.T.);
#7824 = ORIENTED_EDGE('',*,*,#6182,.T.);
#7825 = ORIENTED_EDGE('',*,*,#6206,.T.);
#7826 = ORIENTED_EDGE('',*,*,#6230,.T.);
#7827 = ORIENTED_EDGE('',*,*,#6254,.T.);
#7828 = ORIENTED_EDGE('',*,*,#6278,.T.);
#7829 = ORIENTED_EDGE('',*,*,#6302,.T.);
#7830 = ORIENTED_EDGE('',*,*,#6326,.T.);
#7831 = ORIENTED_EDGE('',*,*,#6350,.T.);
#7832 = ORIENTED_EDGE('',*,*,#6374,.T.);
#7833 = ORIENTED_EDGE('',*,*,#6398,.T.);
#7834 = PLANE('',#7835);
#7835 = AXIS2_PLACEMENT_3D('',#7836,#7837,#7838);
#7836 = CARTESIAN_POINT('',(15.337488660265,0.793208381371,1.6));
#7837 = DIRECTION('',(0.,0.,1.));
#7838 = DIRECTION('',(1.,0.,0.));
#7839 = ( GEOMETRIC_REPRESENTATION_CONTEXT(3) 
GLOBAL_UNCERTAINTY_ASSIGNED_CONTEXT((#7843)) 
GLOBAL_UNIT_ASSIGNED_CONTEXT((#7840,#7841,#7842)) REPRESENTATION_CONTEXT
('Context #1','3D Context with UNIT and UNCERTAINTY') );
#7840 = ( LENGTH_UNIT() NAMED_UNIT(*) SI_UNIT(.MILLI.,.METRE.) );
#7841 = ( NAMED_UNIT(*) PLANE_ANGLE_UNIT() SI_UNIT($,.RADIAN.) );
#7842 = ( NAMED_UNIT(*) SI_UNIT($,.STERADIAN.) SOLID_ANGLE_UNIT() );
#7843 = UNCERTAINTY_MEASURE_WITH_UNIT(LENGTH_MEASURE(2.E-06),#7840,
  'distance_accuracy_value','confusion accuracy');
#7844 = PRODUCT_RELATED_PRODUCT_CATEGORY('part',$,(#7));
#7845 = MECHANICAL_DESIGN_GEOMETRIC_PRESENTATION_REPRESENTATION('',(
    #7846),#7839);
#7846 = STYLED_ITEM('color',(#7847),#15);
#7847 = PRESENTATION_STYLE_ASSIGNMENT((#7848,#7854));
#7848 = SURFACE_STYLE_USAGE(.BOTH.,#7849);
#7849 = SURFACE_SIDE_STYLE('',(#7850));
#7850 = SURFACE_STYLE_FILL_AREA(#7851);
#7851 = FILL_AREA_STYLE('',(#7852));
#7852 = FILL_AREA_STYLE_COLOUR('',#7853);
#7853 = COLOUR_RGB('',0.278431382231,0.278431382231,0.278431382231);
#7854 = CURVE_STYLE('',#7855,POSITIVE_LENGTH_MEASURE(0.1),#7856);
#7855 = DRAUGHTING_PRE_DEFINED_CURVE_FONT('continuous');
#7856 = COLOUR_RGB('',9.803921802644E-02,9.803921802644E-02,
  9.803921802644E-02);
ENDSEC;
END-ISO-10303-21;
