ISO-10303-21;
HEADER;
FILE_DESCRIPTION(('FreeCAD Model'),'2;1');
FILE_NAME('Open CASCADE Shape Model','2026-05-03T22:35:38',(''),(''),
  'Open CASCADE STEP processor 7.8','FreeCAD','Unknown');
FILE_SCHEMA(('AUTOMOTIVE_DESIGN { 1 0 10303 214 1 1 1 1 }'));
ENDSEC;
DATA;
#1 = APPLICATION_PROTOCOL_DEFINITION('international standard',
  'automotive_design',2000,#2);
#2 = APPLICATION_CONTEXT(
  'core data for automotive mechanical design processes');
#3 = SHAPE_DEFINITION_REPRESENTATION(#4,#10);
#4 = PRODUCT_DEFINITION_SHAPE('','',#5);
#5 = PRODUCT_DEFINITION('design','',#6,#9);
#6 = PRODUCT_DEFINITION_FORMATION('','',#7);
#7 = PRODUCT('MarkersWhite','MarkersWhite','',(#8));
#8 = PRODUCT_CONTEXT('',#2,'mechanical');
#9 = PRODUCT_DEFINITION_CONTEXT('part definition',#2,'design');
#10 = SHAPE_REPRESENTATION('',(#11,#15,#825,#975,#1125,#1275,#1425,#1575
    ,#1725,#1875,#2025,#2175,#2325,#2475,#2625,#2775,#2925,#3075,#3225,
    #3375,#3525,#3675,#3825,#3975,#4125,#4275,#4425,#4575,#4725,#4875,
    #5025,#5175,#5325,#5475,#5625,#5775,#5925,#6075,#6225),#6375);
#11 = AXIS2_PLACEMENT_3D('',#12,#13,#14);
#12 = CARTESIAN_POINT('',(0.,0.,0.));
#13 = DIRECTION('',(0.,0.,1.));
#14 = DIRECTION('',(1.,0.,-0.));
#15 = MANIFOLD_SOLID_BREP('',#16);
#16 = CLOSED_SHELL('',(#17,#57,#88,#119,#159,#190,#221,#252,#283,#314,
    #345,#376,#407,#438,#469,#491,#522,#553,#584,#615,#646,#677,#708,
    #739,#761,#793));
#17 = ADVANCED_FACE('',(#18),#52,.T.);
#18 = FACE_BOUND('',#19,.T.);
#19 = EDGE_LOOP('',(#20,#30,#38,#46));
#20 = ORIENTED_EDGE('',*,*,#21,.F.);
#21 = EDGE_CURVE('',#22,#24,#26,.T.);
#22 = VERTEX_POINT('',#23);
#23 = CARTESIAN_POINT('',(16.34887689064,0.507019474182,2.));
#24 = VERTEX_POINT('',#25);
#25 = CARTESIAN_POINT('',(16.346691594913,0.612735805824,2.));
#26 = LINE('',#27,#28);
#27 = CARTESIAN_POINT('',(16.360665320954,-6.3260142164E-02,2.));
#28 = VECTOR('',#29,1.);
#29 = DIRECTION('',(-2.066690122756E-02,0.999786416788,
    -7.229147061643E-18));
#30 = ORIENTED_EDGE('',*,*,#31,.T.);
#31 = EDGE_CURVE('',#22,#32,#34,.T.);
#32 = VERTEX_POINT('',#33);
#33 = CARTESIAN_POINT('',(16.34887689064,0.507019474182,1.6));
#34 = LINE('',#35,#36);
#35 = CARTESIAN_POINT('',(16.34887689064,0.507019474182,2.));
#36 = VECTOR('',#37,1.);
#37 = DIRECTION('',(8.737772274732E-18,-1.073082436603E-16,-1.));
#38 = ORIENTED_EDGE('',*,*,#39,.T.);
#39 = EDGE_CURVE('',#32,#40,#42,.T.);
#40 = VERTEX_POINT('',#41);
#41 = CARTESIAN_POINT('',(16.346691594913,0.612735805824,1.6));
#42 = LINE('',#43,#44);
#43 = CARTESIAN_POINT('',(16.360665320954,-6.3260142164E-02,1.6));
#44 = VECTOR('',#45,1.);
#45 = DIRECTION('',(-2.066690122756E-02,0.999786416788,
    -7.229147061643E-18));
#46 = ORIENTED_EDGE('',*,*,#47,.T.);
#47 = EDGE_CURVE('',#40,#24,#48,.T.);
#48 = LINE('',#49,#50);
#49 = CARTESIAN_POINT('',(16.346691594913,0.612735805824,2.));
#50 = VECTOR('',#51,1.);
#51 = DIRECTION('',(-6.561982646753E-18,2.051781073617E-18,1.));
#52 = PLANE('',#53);
#53 = AXIS2_PLACEMENT_3D('',#54,#55,#56);
#54 = CARTESIAN_POINT('',(16.360665320954,-6.3260142164E-02,2.));
#55 = DIRECTION('',(0.999786416788,2.066690122756E-02,6.518177160632E-18
    ));
#56 = DIRECTION('',(-2.066690122756E-02,0.999786416788,
    -7.229147061643E-18));
#57 = ADVANCED_FACE('',(#58),#83,.T.);
#58 = FACE_BOUND('',#59,.T.);
#59 = EDGE_LOOP('',(#60,#68,#76,#82));
#60 = ORIENTED_EDGE('',*,*,#61,.F.);
#61 = EDGE_CURVE('',#62,#22,#64,.T.);
#62 = VERTEX_POINT('',#63);
#63 = CARTESIAN_POINT('',(16.358478348612,0.274877623346,2.));
#64 = LINE('',#65,#66);
#65 = CARTESIAN_POINT('',(16.358478348612,0.274877623346,2.));
#66 = VECTOR('',#67,1.);
#67 = DIRECTION('',(-4.132497424881E-02,0.999145758387,
    -4.864512859654E-18));
#68 = ORIENTED_EDGE('',*,*,#69,.T.);
#69 = EDGE_CURVE('',#62,#70,#72,.T.);
#70 = VERTEX_POINT('',#71);
#71 = CARTESIAN_POINT('',(16.358478348612,0.274877623346,1.6));
#72 = LINE('',#73,#74);
#73 = CARTESIAN_POINT('',(16.358478348612,0.274877623346,2.));
#74 = VECTOR('',#75,1.);
#75 = DIRECTION('',(4.493153919606E-18,-4.682833661009E-18,-1.));
#76 = ORIENTED_EDGE('',*,*,#77,.T.);
#77 = EDGE_CURVE('',#70,#32,#78,.T.);
#78 = LINE('',#79,#80);
#79 = CARTESIAN_POINT('',(16.358478348612,0.274877623346,1.6));
#80 = VECTOR('',#81,1.);
#81 = DIRECTION('',(-4.132497424881E-02,0.999145758387,
    -4.864512859654E-18));
#82 = ORIENTED_EDGE('',*,*,#31,.F.);
#83 = PLANE('',#84);
#84 = AXIS2_PLACEMENT_3D('',#85,#86,#87);
#85 = CARTESIAN_POINT('',(16.358478348612,0.274877623346,2.));
#86 = DIRECTION('',(0.999145758387,4.132497424881E-02,4.295797700103E-18
    ));
#87 = DIRECTION('',(-4.132497424881E-02,0.999145758387,
    -4.864512859654E-18));
#88 = ADVANCED_FACE('',(#89),#114,.T.);
#89 = FACE_BOUND('',#90,.T.);
#90 = EDGE_LOOP('',(#91,#99,#107,#113));
#91 = ORIENTED_EDGE('',*,*,#92,.F.);
#92 = EDGE_CURVE('',#93,#62,#95,.T.);
#93 = VERTEX_POINT('',#94);
#94 = CARTESIAN_POINT('',(16.353679670993,0.274679148571,2.));
#95 = LINE('',#96,#97);
#96 = CARTESIAN_POINT('',(14.353338261849,0.191944415898,2.));
#97 = VECTOR('',#98,1.);
#98 = DIRECTION('',(0.999145758387,4.132497424881E-02,4.295797700103E-18
    ));
#99 = ORIENTED_EDGE('',*,*,#100,.F.);
#100 = EDGE_CURVE('',#101,#93,#103,.T.);
#101 = VERTEX_POINT('',#102);
#102 = CARTESIAN_POINT('',(16.353679670993,0.274679148571,1.6));
#103 = LINE('',#104,#105);
#104 = CARTESIAN_POINT('',(16.353679670993,0.274679148571,2.));
#105 = VECTOR('',#106,1.);
#106 = DIRECTION('',(-6.614556227419E-18,4.595091812529E-18,1.));
#107 = ORIENTED_EDGE('',*,*,#108,.T.);
#108 = EDGE_CURVE('',#101,#70,#109,.T.);
#109 = LINE('',#110,#111);
#110 = CARTESIAN_POINT('',(14.353338261849,0.191944415898,1.6));
#111 = VECTOR('',#112,1.);
#112 = DIRECTION('',(0.999145758387,4.132497424881E-02,
    4.295797700103E-18));
#113 = ORIENTED_EDGE('',*,*,#69,.F.);
#114 = PLANE('',#115);
#115 = AXIS2_PLACEMENT_3D('',#116,#117,#118);
#116 = CARTESIAN_POINT('',(14.353338261849,0.191944415898,2.));
#117 = DIRECTION('',(4.132497424881E-02,-0.999145758387,
    4.864512859654E-18));
#118 = DIRECTION('',(0.999145758387,4.132497424881E-02,
    4.295797700103E-18));
#119 = ADVANCED_FACE('',(#120),#154,.T.);
#120 = FACE_BOUND('',#121,.T.);
#121 = EDGE_LOOP('',(#122,#132,#140,#148));
#122 = ORIENTED_EDGE('',*,*,#123,.F.);
#123 = EDGE_CURVE('',#124,#126,#128,.T.);
#124 = VERTEX_POINT('',#125);
#125 = CARTESIAN_POINT('',(14.26685505502,1.584931783046,2.));
#126 = VERTEX_POINT('',#127);
#127 = CARTESIAN_POINT('',(14.312245741803,1.037147657165,2.));
#128 = LINE('',#129,#130);
#129 = CARTESIAN_POINT('',(14.26685505502,1.584931783046,2.));
#130 = VECTOR('',#131,1.);
#131 = DIRECTION('',(8.257934547233E-02,-0.996584493007,0.));
#132 = ORIENTED_EDGE('',*,*,#133,.T.);
#133 = EDGE_CURVE('',#124,#134,#136,.T.);
#134 = VERTEX_POINT('',#135);
#135 = CARTESIAN_POINT('',(14.26685505502,1.584931783046,1.6));
#136 = LINE('',#137,#138);
#137 = CARTESIAN_POINT('',(14.26685505502,1.584931783046,2.));
#138 = VECTOR('',#139,1.);
#139 = DIRECTION('',(-0.,-0.,-1.));
#140 = ORIENTED_EDGE('',*,*,#141,.T.);
#141 = EDGE_CURVE('',#134,#142,#144,.T.);
#142 = VERTEX_POINT('',#143);
#143 = CARTESIAN_POINT('',(14.312245741803,1.037147657165,1.6));
#144 = LINE('',#145,#146);
#145 = CARTESIAN_POINT('',(14.26685505502,1.584931783046,1.6));
#146 = VECTOR('',#147,1.);
#147 = DIRECTION('',(8.257934547233E-02,-0.996584493007,0.));
#148 = ORIENTED_EDGE('',*,*,#149,.F.);
#149 = EDGE_CURVE('',#126,#142,#150,.T.);
#150 = LINE('',#151,#152);
#151 = CARTESIAN_POINT('',(14.312245741803,1.037147657165,2.));
#152 = VECTOR('',#153,1.);
#153 = DIRECTION('',(8.481984850993E-18,-1.023623343594E-16,-1.));
#154 = PLANE('',#155);
#155 = AXIS2_PLACEMENT_3D('',#156,#157,#158);
#156 = CARTESIAN_POINT('',(14.26685505502,1.584931783046,2.));
#157 = DIRECTION('',(-0.996584493007,-8.257934547233E-02,0.));
#158 = DIRECTION('',(8.257934547233E-02,-0.996584493007,0.));
#159 = ADVANCED_FACE('',(#160),#185,.T.);
#160 = FACE_BOUND('',#161,.T.);
#161 = EDGE_LOOP('',(#162,#170,#171,#179));
#162 = ORIENTED_EDGE('',*,*,#163,.F.);
#163 = EDGE_CURVE('',#126,#164,#166,.T.);
#164 = VERTEX_POINT('',#165);
#165 = CARTESIAN_POINT('',(14.330623514575,0.741136370747,2.));
#166 = LINE('',#167,#168);
#167 = CARTESIAN_POINT('',(14.296563522904,1.289741583975,2.));
#168 = VECTOR('',#169,1.);
#169 = DIRECTION('',(6.19653946286E-02,-0.998078298466,
    2.454454007032E-18));
#170 = ORIENTED_EDGE('',*,*,#149,.T.);
#171 = ORIENTED_EDGE('',*,*,#172,.T.);
#172 = EDGE_CURVE('',#142,#173,#175,.T.);
#173 = VERTEX_POINT('',#174);
#174 = CARTESIAN_POINT('',(14.330623514575,0.741136370747,1.6));
#175 = LINE('',#176,#177);
#176 = CARTESIAN_POINT('',(14.296563522904,1.289741583975,1.6));
#177 = VECTOR('',#178,1.);
#178 = DIRECTION('',(6.19653946286E-02,-0.998078298466,
    2.454454007032E-18));
#179 = ORIENTED_EDGE('',*,*,#180,.F.);
#180 = EDGE_CURVE('',#164,#173,#181,.T.);
#181 = LINE('',#182,#183);
#182 = CARTESIAN_POINT('',(14.330623514575,0.741136370746,2.));
#183 = VECTOR('',#184,1.);
#184 = DIRECTION('',(8.635435446874E-18,-1.048339672854E-16,-1.));
#185 = PLANE('',#186);
#186 = AXIS2_PLACEMENT_3D('',#187,#188,#189);
#187 = CARTESIAN_POINT('',(14.296563522904,1.289741583975,2.));
#188 = DIRECTION('',(-0.998078298466,-6.19653946286E-02,
    -2.12276256401E-18));
#189 = DIRECTION('',(6.19653946286E-02,-0.998078298466,
    2.454454007032E-18));
#190 = ADVANCED_FACE('',(#191),#216,.T.);
#191 = FACE_BOUND('',#192,.T.);
#192 = EDGE_LOOP('',(#193,#203,#209,#210));
#193 = ORIENTED_EDGE('',*,*,#194,.T.);
#194 = EDGE_CURVE('',#195,#197,#199,.T.);
#195 = VERTEX_POINT('',#196);
#196 = CARTESIAN_POINT('',(16.26685505502,1.750656507947,2.));
#197 = VERTEX_POINT('',#198);
#198 = CARTESIAN_POINT('',(16.26685505502,1.750656507947,1.6));
#199 = LINE('',#200,#201);
#200 = CARTESIAN_POINT('',(16.26685505502,1.750656507947,2.));
#201 = VECTOR('',#202,1.);
#202 = DIRECTION('',(-0.,-0.,-1.));
#203 = ORIENTED_EDGE('',*,*,#204,.T.);
#204 = EDGE_CURVE('',#197,#134,#205,.T.);
#205 = LINE('',#206,#207);
#206 = CARTESIAN_POINT('',(16.26685505502,1.750656507947,1.6));
#207 = VECTOR('',#208,1.);
#208 = DIRECTION('',(-0.996584493007,-8.257934547233E-02,0.));
#209 = ORIENTED_EDGE('',*,*,#133,.F.);
#210 = ORIENTED_EDGE('',*,*,#211,.F.);
#211 = EDGE_CURVE('',#195,#124,#212,.T.);
#212 = LINE('',#213,#214);
#213 = CARTESIAN_POINT('',(16.26685505502,1.750656507947,2.));
#214 = VECTOR('',#215,1.);
#215 = DIRECTION('',(-0.996584493007,-8.257934547233E-02,0.));
#216 = PLANE('',#217);
#217 = AXIS2_PLACEMENT_3D('',#218,#219,#220);
#218 = CARTESIAN_POINT('',(16.26685505502,1.750656507947,2.));
#219 = DIRECTION('',(-8.257934547233E-02,0.996584493007,0.));
#220 = DIRECTION('',(-0.996584493007,-8.257934547233E-02,0.));
#221 = ADVANCED_FACE('',(#222),#247,.T.);
#222 = FACE_BOUND('',#223,.T.);
#223 = EDGE_LOOP('',(#224,#232,#240,#246));
#224 = ORIENTED_EDGE('',*,*,#225,.F.);
#225 = EDGE_CURVE('',#226,#195,#228,.T.);
#226 = VERTEX_POINT('',#227);
#227 = CARTESIAN_POINT('',(16.294767822156,1.413799504222,2.));
#228 = LINE('',#229,#230);
#229 = CARTESIAN_POINT('',(16.33314494498,0.950656507947,2.));
#230 = VECTOR('',#231,1.);
#231 = DIRECTION('',(-8.257934547233E-02,0.996584493007,0.));
#232 = ORIENTED_EDGE('',*,*,#233,.F.);
#233 = EDGE_CURVE('',#234,#226,#236,.T.);
#234 = VERTEX_POINT('',#235);
#235 = CARTESIAN_POINT('',(16.294767822156,1.413799504222,1.6));
#236 = LINE('',#237,#238);
#237 = CARTESIAN_POINT('',(16.294767822156,1.413799504222,2.));
#238 = VECTOR('',#239,1.);
#239 = DIRECTION('',(-2.027305052252E-19,2.446593353473E-18,1.));
#240 = ORIENTED_EDGE('',*,*,#241,.T.);
#241 = EDGE_CURVE('',#234,#197,#242,.T.);
#242 = LINE('',#243,#244);
#243 = CARTESIAN_POINT('',(16.33314494498,0.950656507947,1.6));
#244 = VECTOR('',#245,1.);
#245 = DIRECTION('',(-8.257934547233E-02,0.996584493007,0.));
#246 = ORIENTED_EDGE('',*,*,#194,.F.);
#247 = PLANE('',#248);
#248 = AXIS2_PLACEMENT_3D('',#249,#250,#251);
#249 = CARTESIAN_POINT('',(16.33314494498,0.950656507947,2.));
#250 = DIRECTION('',(0.996584493007,8.257934547233E-02,0.));
#251 = DIRECTION('',(-8.257934547233E-02,0.996584493007,0.));
#252 = ADVANCED_FACE('',(#253),#278,.T.);
#253 = FACE_BOUND('',#254,.T.);
#254 = EDGE_LOOP('',(#255,#263,#264,#272));
#255 = ORIENTED_EDGE('',*,*,#256,.F.);
#256 = EDGE_CURVE('',#164,#257,#259,.T.);
#257 = VERTEX_POINT('',#258);
#258 = CARTESIAN_POINT('',(14.342879726144,0.444808495755,2.));
#259 = LINE('',#260,#261);
#260 = CARTESIAN_POINT('',(14.32016497887,0.994000450603,2.));
#261 = VECTOR('',#262,1.);
#262 = DIRECTION('',(4.132497424881E-02,-0.999145758387,
    4.864512859654E-18));
#263 = ORIENTED_EDGE('',*,*,#180,.T.);
#264 = ORIENTED_EDGE('',*,*,#265,.T.);
#265 = EDGE_CURVE('',#173,#266,#268,.T.);
#266 = VERTEX_POINT('',#267);
#267 = CARTESIAN_POINT('',(14.342879726144,0.444808495755,1.6));
#268 = LINE('',#269,#270);
#269 = CARTESIAN_POINT('',(14.32016497887,0.994000450603,1.6));
#270 = VECTOR('',#271,1.);
#271 = DIRECTION('',(4.132497424881E-02,-0.999145758387,
    4.864512859654E-18));
#272 = ORIENTED_EDGE('',*,*,#273,.F.);
#273 = EDGE_CURVE('',#257,#266,#274,.T.);
#274 = LINE('',#275,#276);
#275 = CARTESIAN_POINT('',(14.342879726144,0.444808495755,2.));
#276 = VECTOR('',#277,1.);
#277 = DIRECTION('',(8.737772274732E-18,-1.073082436603E-16,-1.));
#278 = PLANE('',#279);
#279 = AXIS2_PLACEMENT_3D('',#280,#281,#282);
#280 = CARTESIAN_POINT('',(14.32016497887,0.994000450603,2.));
#281 = DIRECTION('',(-0.999145758387,-4.132497424881E-02,
    -4.295797700103E-18));
#282 = DIRECTION('',(4.132497424881E-02,-0.999145758387,
    4.864512859654E-18));
#283 = ADVANCED_FACE('',(#284),#309,.T.);
#284 = FACE_BOUND('',#285,.T.);
#285 = EDGE_LOOP('',(#286,#294,#302,#308));
#286 = ORIENTED_EDGE('',*,*,#287,.F.);
#287 = EDGE_CURVE('',#288,#226,#290,.T.);
#288 = VERTEX_POINT('',#289);
#289 = CARTESIAN_POINT('',(16.299561373,1.414097110402,2.));
#290 = LINE('',#291,#292);
#291 = CARTESIAN_POINT('',(16.299561373,1.414097110402,2.));
#292 = VECTOR('',#293,1.);
#293 = DIRECTION('',(-0.998078298466,-6.196539462859E-02,
    -2.12276256401E-18));
#294 = ORIENTED_EDGE('',*,*,#295,.T.);
#295 = EDGE_CURVE('',#288,#296,#298,.T.);
#296 = VERTEX_POINT('',#297);
#297 = CARTESIAN_POINT('',(16.299561373,1.414097110402,1.6));
#298 = LINE('',#299,#300);
#299 = CARTESIAN_POINT('',(16.299561373,1.414097110402,2.));
#300 = VECTOR('',#301,1.);
#301 = DIRECTION('',(2.270774459077E-18,-2.31819945902E-18,-1.));
#302 = ORIENTED_EDGE('',*,*,#303,.T.);
#303 = EDGE_CURVE('',#296,#234,#304,.T.);
#304 = LINE('',#305,#306);
#305 = CARTESIAN_POINT('',(16.299561373,1.414097110402,1.6));
#306 = VECTOR('',#307,1.);
#307 = DIRECTION('',(-0.998078298466,-6.196539462859E-02,
    -2.12276256401E-18));
#308 = ORIENTED_EDGE('',*,*,#233,.T.);
#309 = PLANE('',#310);
#310 = AXIS2_PLACEMENT_3D('',#311,#312,#313);
#311 = CARTESIAN_POINT('',(16.299561373,1.414097110402,2.));
#312 = DIRECTION('',(-6.196539462859E-02,0.998078298466,
    -2.454454007032E-18));
#313 = DIRECTION('',(-0.998078298466,-6.196539462859E-02,
    -2.12276256401E-18));
#314 = ADVANCED_FACE('',(#315),#340,.T.);
#315 = FACE_BOUND('',#316,.T.);
#316 = EDGE_LOOP('',(#317,#325,#326,#334));
#317 = ORIENTED_EDGE('',*,*,#318,.F.);
#318 = EDGE_CURVE('',#257,#319,#321,.T.);
#319 = VERTEX_POINT('',#320);
#320 = CARTESIAN_POINT('',(14.354239526044,-0.10473560435,2.));
#321 = LINE('',#322,#323);
#322 = CARTESIAN_POINT('',(14.337649341169,0.697834713614,2.));
#323 = VECTOR('',#324,1.);
#324 = DIRECTION('',(2.066690122756E-02,-0.999786416788,
    7.229147061643E-18));
#325 = ORIENTED_EDGE('',*,*,#273,.T.);
#326 = ORIENTED_EDGE('',*,*,#327,.T.);
#327 = EDGE_CURVE('',#266,#328,#330,.T.);
#328 = VERTEX_POINT('',#329);
#329 = CARTESIAN_POINT('',(14.354239526044,-0.10473560435,1.6));
#330 = LINE('',#331,#332);
#331 = CARTESIAN_POINT('',(14.337649341169,0.697834713614,1.6));
#332 = VECTOR('',#333,1.);
#333 = DIRECTION('',(2.066690122756E-02,-0.999786416788,
    7.229147061643E-18));
#334 = ORIENTED_EDGE('',*,*,#335,.F.);
#335 = EDGE_CURVE('',#319,#328,#336,.T.);
#336 = LINE('',#337,#338);
#337 = CARTESIAN_POINT('',(14.354239526044,-0.10473560435,2.));
#338 = VECTOR('',#339,1.);
#339 = DIRECTION('',(6.6661890557E-18,-7.09289251363E-18,-1.));
#340 = PLANE('',#341);
#341 = AXIS2_PLACEMENT_3D('',#342,#343,#344);
#342 = CARTESIAN_POINT('',(14.337649341169,0.697834713614,2.));
#343 = DIRECTION('',(-0.999786416788,-2.066690122756E-02,
    -6.518177160632E-18));
#344 = DIRECTION('',(2.066690122756E-02,-0.999786416788,
    7.229147061643E-18));
#345 = ADVANCED_FACE('',(#346),#371,.T.);
#346 = FACE_BOUND('',#347,.T.);
#347 = EDGE_LOOP('',(#348,#356,#364,#370));
#348 = ORIENTED_EDGE('',*,*,#349,.F.);
#349 = EDGE_CURVE('',#350,#288,#352,.T.);
#350 = VERTEX_POINT('',#351);
#351 = CARTESIAN_POINT('',(16.313958432965,1.182203273552,2.));
#352 = LINE('',#353,#354);
#353 = CARTESIAN_POINT('',(16.349303583571,0.612897970364,2.));
#354 = VECTOR('',#355,1.);
#355 = DIRECTION('',(-6.19653946286E-02,0.998078298466,
    -2.454454007032E-18));
#356 = ORIENTED_EDGE('',*,*,#357,.T.);
#357 = EDGE_CURVE('',#350,#358,#360,.T.);
#358 = VERTEX_POINT('',#359);
#359 = CARTESIAN_POINT('',(16.313958432965,1.182203273552,1.6));
#360 = LINE('',#361,#362);
#361 = CARTESIAN_POINT('',(16.313958432964,1.182203273552,2.));
#362 = VECTOR('',#363,1.);
#363 = DIRECTION('',(8.481984850993E-18,-1.023623343594E-16,-1.));
#364 = ORIENTED_EDGE('',*,*,#365,.T.);
#365 = EDGE_CURVE('',#358,#296,#366,.T.);
#366 = LINE('',#367,#368);
#367 = CARTESIAN_POINT('',(16.349303583571,0.612897970364,1.6));
#368 = VECTOR('',#369,1.);
#369 = DIRECTION('',(-6.19653946286E-02,0.998078298466,
    -2.454454007032E-18));
#370 = ORIENTED_EDGE('',*,*,#295,.F.);
#371 = PLANE('',#372);
#372 = AXIS2_PLACEMENT_3D('',#373,#374,#375);
#373 = CARTESIAN_POINT('',(16.349303583571,0.612897970364,2.));
#374 = DIRECTION('',(0.998078298466,6.19653946286E-02,2.12276256401E-18)
  );
#375 = DIRECTION('',(-6.19653946286E-02,0.998078298466,
    -2.454454007032E-18));
#376 = ADVANCED_FACE('',(#377),#402,.T.);
#377 = FACE_BOUND('',#378,.T.);
#378 = EDGE_LOOP('',(#379,#387,#395,#401));
#379 = ORIENTED_EDGE('',*,*,#380,.F.);
#380 = EDGE_CURVE('',#381,#350,#383,.T.);
#381 = VERTEX_POINT('',#382);
#382 = CARTESIAN_POINT('',(16.322690283414,1.076825509858,2.));
#383 = LINE('',#384,#385);
#384 = CARTESIAN_POINT('',(16.33314494498,0.950656507947,2.));
#385 = VECTOR('',#386,1.);
#386 = DIRECTION('',(-8.257934547233E-02,0.996584493007,0.));
#387 = ORIENTED_EDGE('',*,*,#388,.F.);
#388 = EDGE_CURVE('',#389,#381,#391,.T.);
#389 = VERTEX_POINT('',#390);
#390 = CARTESIAN_POINT('',(16.322690283414,1.076825509858,1.6));
#391 = LINE('',#392,#393);
#392 = CARTESIAN_POINT('',(16.322690283414,1.076825509858,2.));
#393 = VECTOR('',#394,1.);
#394 = DIRECTION('',(-4.020517373164E-19,4.852042898913E-18,1.));
#395 = ORIENTED_EDGE('',*,*,#396,.T.);
#396 = EDGE_CURVE('',#389,#358,#397,.T.);
#397 = LINE('',#398,#399);
#398 = CARTESIAN_POINT('',(16.33314494498,0.950656507947,1.6));
#399 = VECTOR('',#400,1.);
#400 = DIRECTION('',(-8.257934547233E-02,0.996584493007,0.));
#401 = ORIENTED_EDGE('',*,*,#357,.F.);
#402 = PLANE('',#403);
#403 = AXIS2_PLACEMENT_3D('',#404,#405,#406);
#404 = CARTESIAN_POINT('',(16.33314494498,0.950656507947,2.));
#405 = DIRECTION('',(0.996584493007,8.257934547233E-02,0.));
#406 = DIRECTION('',(-8.257934547233E-02,0.996584493007,0.));
#407 = ADVANCED_FACE('',(#408),#433,.T.);
#408 = FACE_BOUND('',#409,.T.);
#409 = EDGE_LOOP('',(#410,#411,#419,#427));
#410 = ORIENTED_EDGE('',*,*,#335,.T.);
#411 = ORIENTED_EDGE('',*,*,#412,.T.);
#412 = EDGE_CURVE('',#328,#413,#415,.T.);
#413 = VERTEX_POINT('',#414);
#414 = CARTESIAN_POINT('',(16.360665320954,-6.3260142164E-02,1.6));
#415 = LINE('',#416,#417);
#416 = CARTESIAN_POINT('',(14.354239526044,-0.10473560435,1.6));
#417 = VECTOR('',#418,1.);
#418 = DIRECTION('',(0.999786416788,2.066690122755E-02,
    6.518177160632E-18));
#419 = ORIENTED_EDGE('',*,*,#420,.F.);
#420 = EDGE_CURVE('',#421,#413,#423,.T.);
#421 = VERTEX_POINT('',#422);
#422 = CARTESIAN_POINT('',(16.360665320954,-6.3260142164E-02,2.));
#423 = LINE('',#424,#425);
#424 = CARTESIAN_POINT('',(16.360665320954,-6.3260142164E-02,2.));
#425 = VECTOR('',#426,1.);
#426 = DIRECTION('',(6.6661890557E-18,-7.09289251363E-18,-1.));
#427 = ORIENTED_EDGE('',*,*,#428,.F.);
#428 = EDGE_CURVE('',#319,#421,#429,.T.);
#429 = LINE('',#430,#431);
#430 = CARTESIAN_POINT('',(14.354239526044,-0.10473560435,2.));
#431 = VECTOR('',#432,1.);
#432 = DIRECTION('',(0.999786416788,2.066690122755E-02,
    6.518177160632E-18));
#433 = PLANE('',#434);
#434 = AXIS2_PLACEMENT_3D('',#435,#436,#437);
#435 = CARTESIAN_POINT('',(14.354239526044,-0.10473560435,2.));
#436 = DIRECTION('',(2.066690122755E-02,-0.999786416788,
    7.229147061642E-18));
#437 = DIRECTION('',(0.999786416788,2.066690122755E-02,
    6.518177160632E-18));
#438 = ADVANCED_FACE('',(#439),#464,.T.);
#439 = FACE_BOUND('',#440,.T.);
#440 = EDGE_LOOP('',(#441,#449,#457,#463));
#441 = ORIENTED_EDGE('',*,*,#442,.F.);
#442 = EDGE_CURVE('',#443,#381,#445,.T.);
#443 = VERTEX_POINT('',#444);
#444 = CARTESIAN_POINT('',(16.325305065633,1.076933658051,2.));
#445 = LINE('',#446,#447);
#446 = CARTESIAN_POINT('',(16.325305065633,1.076933658051,2.));
#447 = VECTOR('',#448,1.);
#448 = DIRECTION('',(-0.999145758387,-4.132497424881E-02,
    -4.295797700103E-18));
#449 = ORIENTED_EDGE('',*,*,#450,.T.);
#450 = EDGE_CURVE('',#443,#451,#453,.T.);
#451 = VERTEX_POINT('',#452);
#452 = CARTESIAN_POINT('',(16.325305065633,1.076933658051,1.6));
#453 = LINE('',#454,#455);
#454 = CARTESIAN_POINT('',(16.325305065633,1.076933658051,2.));
#455 = VECTOR('',#456,1.);
#456 = DIRECTION('',(4.493153919606E-18,-4.682833661009E-18,-1.));
#457 = ORIENTED_EDGE('',*,*,#458,.T.);
#458 = EDGE_CURVE('',#451,#389,#459,.T.);
#459 = LINE('',#460,#461);
#460 = CARTESIAN_POINT('',(16.325305065633,1.076933658051,1.6));
#461 = VECTOR('',#462,1.);
#462 = DIRECTION('',(-0.999145758387,-4.132497424881E-02,
    -4.295797700103E-18));
#463 = ORIENTED_EDGE('',*,*,#388,.T.);
#464 = PLANE('',#465);
#465 = AXIS2_PLACEMENT_3D('',#466,#467,#468);
#466 = CARTESIAN_POINT('',(16.325305065633,1.076933658051,2.));
#467 = DIRECTION('',(-4.132497424881E-02,0.999145758387,
    -4.864512859654E-18));
#468 = DIRECTION('',(-0.999145758387,-4.132497424881E-02,
    -4.295797700103E-18));
#469 = ADVANCED_FACE('',(#470),#486,.T.);
#470 = FACE_BOUND('',#471,.T.);
#471 = EDGE_LOOP('',(#472,#478,#479,#485));
#472 = ORIENTED_EDGE('',*,*,#473,.F.);
#473 = EDGE_CURVE('',#421,#93,#474,.T.);
#474 = LINE('',#475,#476);
#475 = CARTESIAN_POINT('',(16.360665320954,-6.3260142164E-02,2.));
#476 = VECTOR('',#477,1.);
#477 = DIRECTION('',(-2.066690122756E-02,0.999786416788,
    -7.229147061643E-18));
#478 = ORIENTED_EDGE('',*,*,#420,.T.);
#479 = ORIENTED_EDGE('',*,*,#480,.T.);
#480 = EDGE_CURVE('',#413,#101,#481,.T.);
#481 = LINE('',#482,#483);
#482 = CARTESIAN_POINT('',(16.360665320954,-6.3260142164E-02,1.6));
#483 = VECTOR('',#484,1.);
#484 = DIRECTION('',(-2.066690122756E-02,0.999786416788,
    -7.229147061643E-18));
#485 = ORIENTED_EDGE('',*,*,#100,.T.);
#486 = PLANE('',#487);
#487 = AXIS2_PLACEMENT_3D('',#488,#489,#490);
#488 = CARTESIAN_POINT('',(16.360665320954,-6.3260142164E-02,2.));
#489 = DIRECTION('',(0.999786416788,2.066690122756E-02,
    6.518177160632E-18));
#490 = DIRECTION('',(-2.066690122756E-02,0.999786416788,
    -7.229147061643E-18));
#491 = ADVANCED_FACE('',(#492),#517,.T.);
#492 = FACE_BOUND('',#493,.T.);
#493 = EDGE_LOOP('',(#494,#502,#510,#516));
#494 = ORIENTED_EDGE('',*,*,#495,.F.);
#495 = EDGE_CURVE('',#496,#443,#498,.T.);
#496 = VERTEX_POINT('',#497);
#497 = CARTESIAN_POINT('',(16.327919847853,1.013714052687,2.));
#498 = LINE('',#499,#500);
#499 = CARTESIAN_POINT('',(16.358478348612,0.274877623346,2.));
#500 = VECTOR('',#501,1.);
#501 = DIRECTION('',(-4.132497424881E-02,0.999145758387,
    -4.864512859654E-18));
#502 = ORIENTED_EDGE('',*,*,#503,.T.);
#503 = EDGE_CURVE('',#496,#504,#506,.T.);
#504 = VERTEX_POINT('',#505);
#505 = CARTESIAN_POINT('',(16.327919847853,1.013714052687,1.6));
#506 = LINE('',#507,#508);
#507 = CARTESIAN_POINT('',(16.327919847853,1.013714052687,2.));
#508 = VECTOR('',#509,1.);
#509 = DIRECTION('',(8.584256101896E-18,-1.035965648095E-16,-1.));
#510 = ORIENTED_EDGE('',*,*,#511,.T.);
#511 = EDGE_CURVE('',#504,#451,#512,.T.);
#512 = LINE('',#513,#514);
#513 = CARTESIAN_POINT('',(16.358478348612,0.274877623346,1.6));
#514 = VECTOR('',#515,1.);
#515 = DIRECTION('',(-4.132497424881E-02,0.999145758387,
    -4.864512859654E-18));
#516 = ORIENTED_EDGE('',*,*,#450,.F.);
#517 = PLANE('',#518);
#518 = AXIS2_PLACEMENT_3D('',#519,#520,#521);
#519 = CARTESIAN_POINT('',(16.358478348612,0.274877623346,2.));
#520 = DIRECTION('',(0.999145758387,4.132497424881E-02,
    4.295797700103E-18));
#521 = DIRECTION('',(-4.132497424881E-02,0.999145758387,
    -4.864512859654E-18));
#522 = ADVANCED_FACE('',(#523),#548,.T.);
#523 = FACE_BOUND('',#524,.T.);
#524 = EDGE_LOOP('',(#525,#533,#541,#547));
#525 = ORIENTED_EDGE('',*,*,#526,.F.);
#526 = EDGE_CURVE('',#527,#496,#529,.T.);
#527 = VERTEX_POINT('',#528);
#528 = CARTESIAN_POINT('',(16.33314494498,0.950656507947,2.));
#529 = LINE('',#530,#531);
#530 = CARTESIAN_POINT('',(16.33314494498,0.950656507947,2.));
#531 = VECTOR('',#532,1.);
#532 = DIRECTION('',(-8.257934547233E-02,0.996584493007,0.));
#533 = ORIENTED_EDGE('',*,*,#534,.T.);
#534 = EDGE_CURVE('',#527,#535,#537,.T.);
#535 = VERTEX_POINT('',#536);
#536 = CARTESIAN_POINT('',(16.33314494498,0.950656507947,1.6));
#537 = LINE('',#538,#539);
#538 = CARTESIAN_POINT('',(16.33314494498,0.950656507947,2.));
#539 = VECTOR('',#540,1.);
#540 = DIRECTION('',(-0.,-0.,-1.));
#541 = ORIENTED_EDGE('',*,*,#542,.T.);
#542 = EDGE_CURVE('',#535,#504,#543,.T.);
#543 = LINE('',#544,#545);
#544 = CARTESIAN_POINT('',(16.33314494498,0.950656507947,1.6));
#545 = VECTOR('',#546,1.);
#546 = DIRECTION('',(-8.257934547233E-02,0.996584493007,0.));
#547 = ORIENTED_EDGE('',*,*,#503,.F.);
#548 = PLANE('',#549);
#549 = AXIS2_PLACEMENT_3D('',#550,#551,#552);
#550 = CARTESIAN_POINT('',(16.33314494498,0.950656507947,2.));
#551 = DIRECTION('',(0.996584493007,8.257934547233E-02,0.));
#552 = DIRECTION('',(-8.257934547233E-02,0.996584493007,0.));
#553 = ADVANCED_FACE('',(#554),#579,.T.);
#554 = FACE_BOUND('',#555,.T.);
#555 = EDGE_LOOP('',(#556,#564,#572,#578));
#556 = ORIENTED_EDGE('',*,*,#557,.F.);
#557 = EDGE_CURVE('',#558,#527,#560,.T.);
#558 = VERTEX_POINT('',#559);
#559 = CARTESIAN_POINT('',(16.330536865638,0.950440396332,2.));
#560 = LINE('',#561,#562);
#561 = CARTESIAN_POINT('',(14.33314494498,0.784931783046,2.));
#562 = VECTOR('',#563,1.);
#563 = DIRECTION('',(0.996584493007,8.257934547233E-02,0.));
#564 = ORIENTED_EDGE('',*,*,#565,.F.);
#565 = EDGE_CURVE('',#566,#558,#568,.T.);
#566 = VERTEX_POINT('',#567);
#567 = CARTESIAN_POINT('',(16.330536865638,0.950440396332,1.6));
#568 = LINE('',#569,#570);
#569 = CARTESIAN_POINT('',(16.330536865638,0.950440396332,2.));
#570 = VECTOR('',#571,1.);
#571 = DIRECTION('',(-4.284785615191E-18,-3.550474586698E-19,1.));
#572 = ORIENTED_EDGE('',*,*,#573,.T.);
#573 = EDGE_CURVE('',#566,#535,#574,.T.);
#574 = LINE('',#575,#576);
#575 = CARTESIAN_POINT('',(14.33314494498,0.784931783046,1.6));
#576 = VECTOR('',#577,1.);
#577 = DIRECTION('',(0.996584493007,8.257934547233E-02,0.));
#578 = ORIENTED_EDGE('',*,*,#534,.F.);
#579 = PLANE('',#580);
#580 = AXIS2_PLACEMENT_3D('',#581,#582,#583);
#581 = CARTESIAN_POINT('',(14.33314494498,0.784931783046,2.));
#582 = DIRECTION('',(8.257934547233E-02,-0.996584493007,0.));
#583 = DIRECTION('',(0.996584493007,8.257934547233E-02,0.));
#584 = ADVANCED_FACE('',(#585),#610,.T.);
#585 = FACE_BOUND('',#586,.T.);
#586 = EDGE_LOOP('',(#587,#595,#603,#609));
#587 = ORIENTED_EDGE('',*,*,#588,.F.);
#588 = EDGE_CURVE('',#589,#558,#591,.T.);
#589 = VERTEX_POINT('',#590);
#590 = CARTESIAN_POINT('',(16.334906523606,0.844791807214,2.));
#591 = LINE('',#592,#593);
#592 = CARTESIAN_POINT('',(16.358478348612,0.274877623346,2.));
#593 = VECTOR('',#594,1.);
#594 = DIRECTION('',(-4.132497424881E-02,0.999145758387,
    -4.864512859654E-18));
#595 = ORIENTED_EDGE('',*,*,#596,.T.);
#596 = EDGE_CURVE('',#589,#597,#599,.T.);
#597 = VERTEX_POINT('',#598);
#598 = CARTESIAN_POINT('',(16.334906523606,0.844791807214,1.6));
#599 = LINE('',#600,#601);
#600 = CARTESIAN_POINT('',(16.334906523606,0.844791807215,2.));
#601 = VECTOR('',#602,1.);
#602 = DIRECTION('',(8.635435446874E-18,-1.048339672854E-16,-1.));
#603 = ORIENTED_EDGE('',*,*,#604,.T.);
#604 = EDGE_CURVE('',#597,#566,#605,.T.);
#605 = LINE('',#606,#607);
#606 = CARTESIAN_POINT('',(16.358478348612,0.274877623346,1.6));
#607 = VECTOR('',#608,1.);
#608 = DIRECTION('',(-4.132497424881E-02,0.999145758387,
    -4.864512859654E-18));
#609 = ORIENTED_EDGE('',*,*,#565,.T.);
#610 = PLANE('',#611);
#611 = AXIS2_PLACEMENT_3D('',#612,#613,#614);
#612 = CARTESIAN_POINT('',(16.358478348612,0.274877623346,2.));
#613 = DIRECTION('',(0.999145758387,4.132497424881E-02,
    4.295797700103E-18));
#614 = DIRECTION('',(-4.132497424881E-02,0.999145758387,
    -4.864512859654E-18));
#615 = ADVANCED_FACE('',(#616),#641,.T.);
#616 = FACE_BOUND('',#617,.T.);
#617 = EDGE_LOOP('',(#618,#626,#634,#640));
#618 = ORIENTED_EDGE('',*,*,#619,.F.);
#619 = EDGE_CURVE('',#620,#589,#622,.T.);
#620 = VERTEX_POINT('',#621);
#621 = CARTESIAN_POINT('',(16.341458677245,0.739256090152,2.));
#622 = LINE('',#623,#624);
#623 = CARTESIAN_POINT('',(16.349303583571,0.612897970364,2.));
#624 = VECTOR('',#625,1.);
#625 = DIRECTION('',(-6.19653946286E-02,0.998078298466,
    -2.454454007032E-18));
#626 = ORIENTED_EDGE('',*,*,#627,.F.);
#627 = EDGE_CURVE('',#628,#620,#630,.T.);
#628 = VERTEX_POINT('',#629);
#629 = CARTESIAN_POINT('',(16.341458677245,0.739256090152,1.6));
#630 = LINE('',#631,#632);
#631 = CARTESIAN_POINT('',(16.341458677245,0.739256090152,2.));
#632 = VECTOR('',#633,1.);
#633 = DIRECTION('',(-2.572463633548E-18,7.177515206569E-18,1.));
#634 = ORIENTED_EDGE('',*,*,#635,.T.);
#635 = EDGE_CURVE('',#628,#597,#636,.T.);
#636 = LINE('',#637,#638);
#637 = CARTESIAN_POINT('',(16.349303583571,0.612897970364,1.6));
#638 = VECTOR('',#639,1.);
#639 = DIRECTION('',(-6.19653946286E-02,0.998078298466,
    -2.454454007032E-18));
#640 = ORIENTED_EDGE('',*,*,#596,.F.);
#641 = PLANE('',#642);
#642 = AXIS2_PLACEMENT_3D('',#643,#644,#645);
#643 = CARTESIAN_POINT('',(16.349303583571,0.612897970364,2.));
#644 = DIRECTION('',(0.998078298466,6.19653946286E-02,2.12276256401E-18)
  );
#645 = DIRECTION('',(-6.19653946286E-02,0.998078298466,
    -2.454454007032E-18));
#646 = ADVANCED_FACE('',(#647),#672,.T.);
#647 = FACE_BOUND('',#648,.T.);
#648 = EDGE_LOOP('',(#649,#657,#665,#671));
#649 = ORIENTED_EDGE('',*,*,#650,.F.);
#650 = EDGE_CURVE('',#651,#620,#653,.T.);
#651 = VERTEX_POINT('',#652);
#652 = CARTESIAN_POINT('',(16.344075136079,0.7393101758,2.));
#653 = LINE('',#654,#655);
#654 = CARTESIAN_POINT('',(16.344075136079,0.7393101758,2.));
#655 = VECTOR('',#656,1.);
#656 = DIRECTION('',(-0.999786416788,-2.066690122755E-02,
    -6.518177160632E-18));
#657 = ORIENTED_EDGE('',*,*,#658,.T.);
#658 = EDGE_CURVE('',#651,#659,#661,.T.);
#659 = VERTEX_POINT('',#660);
#660 = CARTESIAN_POINT('',(16.344075136079,0.7393101758,1.6));
#661 = LINE('',#662,#663);
#662 = CARTESIAN_POINT('',(16.344075136079,0.7393101758,2.));
#663 = VECTOR('',#664,1.);
#664 = DIRECTION('',(6.6661890557E-18,-7.09289251363E-18,-1.));
#665 = ORIENTED_EDGE('',*,*,#666,.T.);
#666 = EDGE_CURVE('',#659,#628,#667,.T.);
#667 = LINE('',#668,#669);
#668 = CARTESIAN_POINT('',(16.344075136079,0.7393101758,1.6));
#669 = VECTOR('',#670,1.);
#670 = DIRECTION('',(-0.999786416788,-2.066690122755E-02,
    -6.518177160632E-18));
#671 = ORIENTED_EDGE('',*,*,#627,.T.);
#672 = PLANE('',#673);
#673 = AXIS2_PLACEMENT_3D('',#674,#675,#676);
#674 = CARTESIAN_POINT('',(16.344075136079,0.7393101758,2.));
#675 = DIRECTION('',(-2.066690122755E-02,0.999786416788,
    -7.229147061642E-18));
#676 = DIRECTION('',(-0.999786416788,-2.066690122755E-02,
    -6.518177160632E-18));
#677 = ADVANCED_FACE('',(#678),#703,.T.);
#678 = FACE_BOUND('',#679,.T.);
#679 = EDGE_LOOP('',(#680,#688,#696,#702));
#680 = ORIENTED_EDGE('',*,*,#681,.F.);
#681 = EDGE_CURVE('',#682,#651,#684,.T.);
#682 = VERTEX_POINT('',#683);
#683 = CARTESIAN_POINT('',(16.345382806485,0.676050033636,2.));
#684 = LINE('',#685,#686);
#685 = CARTESIAN_POINT('',(16.360665320954,-6.3260142164E-02,2.));
#686 = VECTOR('',#687,1.);
#687 = DIRECTION('',(-2.066690122756E-02,0.999786416788,
    -7.229147061643E-18));
#688 = ORIENTED_EDGE('',*,*,#689,.T.);
#689 = EDGE_CURVE('',#682,#690,#692,.T.);
#690 = VERTEX_POINT('',#691);
#691 = CARTESIAN_POINT('',(16.345382806485,0.676050033636,1.6));
#692 = LINE('',#693,#694);
#693 = CARTESIAN_POINT('',(16.345382806485,0.676050033636,2.));
#694 = VECTOR('',#695,1.);
#695 = DIRECTION('',(8.712177135551E-18,-1.060700477544E-16,-1.));
#696 = ORIENTED_EDGE('',*,*,#697,.T.);
#697 = EDGE_CURVE('',#690,#659,#698,.T.);
#698 = LINE('',#699,#700);
#699 = CARTESIAN_POINT('',(16.360665320954,-6.3260142164E-02,1.6));
#700 = VECTOR('',#701,1.);
#701 = DIRECTION('',(-2.066690122756E-02,0.999786416788,
    -7.229147061643E-18));
#702 = ORIENTED_EDGE('',*,*,#658,.F.);
#703 = PLANE('',#704);
#704 = AXIS2_PLACEMENT_3D('',#705,#706,#707);
#705 = CARTESIAN_POINT('',(16.360665320954,-6.3260142164E-02,2.));
#706 = DIRECTION('',(0.999786416788,2.066690122756E-02,
    6.518177160632E-18));
#707 = DIRECTION('',(-2.066690122756E-02,0.999786416788,
    -7.229147061643E-18));
#708 = ADVANCED_FACE('',(#709),#734,.T.);
#709 = FACE_BOUND('',#710,.T.);
#710 = EDGE_LOOP('',(#711,#719,#727,#733));
#711 = ORIENTED_EDGE('',*,*,#712,.F.);
#712 = EDGE_CURVE('',#713,#682,#715,.T.);
#713 = VERTEX_POINT('',#714);
#714 = CARTESIAN_POINT('',(16.349303583571,0.612897970364,2.));
#715 = LINE('',#716,#717);
#716 = CARTESIAN_POINT('',(16.349303583571,0.612897970364,2.));
#717 = VECTOR('',#718,1.);
#718 = DIRECTION('',(-6.19653946286E-02,0.998078298466,
    -2.454454007032E-18));
#719 = ORIENTED_EDGE('',*,*,#720,.T.);
#720 = EDGE_CURVE('',#713,#721,#723,.T.);
#721 = VERTEX_POINT('',#722);
#722 = CARTESIAN_POINT('',(16.349303583571,0.612897970364,1.6));
#723 = LINE('',#724,#725);
#724 = CARTESIAN_POINT('',(16.349303583571,0.612897970364,2.));
#725 = VECTOR('',#726,1.);
#726 = DIRECTION('',(2.270774459077E-18,-2.31819945902E-18,-1.));
#727 = ORIENTED_EDGE('',*,*,#728,.T.);
#728 = EDGE_CURVE('',#721,#690,#729,.T.);
#729 = LINE('',#730,#731);
#730 = CARTESIAN_POINT('',(16.349303583571,0.612897970364,1.6));
#731 = VECTOR('',#732,1.);
#732 = DIRECTION('',(-6.19653946286E-02,0.998078298466,
    -2.454454007032E-18));
#733 = ORIENTED_EDGE('',*,*,#689,.F.);
#734 = PLANE('',#735);
#735 = AXIS2_PLACEMENT_3D('',#736,#737,#738);
#736 = CARTESIAN_POINT('',(16.349303583571,0.612897970364,2.));
#737 = DIRECTION('',(0.998078298466,6.19653946286E-02,2.12276256401E-18)
  );
#738 = DIRECTION('',(-6.19653946286E-02,0.998078298466,
    -2.454454007032E-18));
#739 = ADVANCED_FACE('',(#740),#756,.T.);
#740 = FACE_BOUND('',#741,.T.);
#741 = EDGE_LOOP('',(#742,#748,#749,#755));
#742 = ORIENTED_EDGE('',*,*,#743,.F.);
#743 = EDGE_CURVE('',#24,#713,#744,.T.);
#744 = LINE('',#745,#746);
#745 = CARTESIAN_POINT('',(14.346305733474,0.488542443936,2.));
#746 = VECTOR('',#747,1.);
#747 = DIRECTION('',(0.998078298466,6.196539462859E-02,2.12276256401E-18
    ));
#748 = ORIENTED_EDGE('',*,*,#47,.F.);
#749 = ORIENTED_EDGE('',*,*,#750,.T.);
#750 = EDGE_CURVE('',#40,#721,#751,.T.);
#751 = LINE('',#752,#753);
#752 = CARTESIAN_POINT('',(14.346305733474,0.488542443936,1.6));
#753 = VECTOR('',#754,1.);
#754 = DIRECTION('',(0.998078298466,6.196539462859E-02,2.12276256401E-18
    ));
#755 = ORIENTED_EDGE('',*,*,#720,.F.);
#756 = PLANE('',#757);
#757 = AXIS2_PLACEMENT_3D('',#758,#759,#760);
#758 = CARTESIAN_POINT('',(14.346305733474,0.488542443936,2.));
#759 = DIRECTION('',(6.196539462859E-02,-0.998078298466,
    2.454454007032E-18));
#760 = DIRECTION('',(0.998078298466,6.196539462859E-02,2.12276256401E-18
    ));
#761 = ADVANCED_FACE('',(#762),#788,.T.);
#762 = FACE_BOUND('',#763,.T.);
#763 = EDGE_LOOP('',(#764,#765,#766,#767,#768,#769,#770,#771,#772,#773,
    #774,#775,#776,#777,#778,#779,#780,#781,#782,#783,#784,#785,#786,
    #787));
#764 = ORIENTED_EDGE('',*,*,#211,.T.);
#765 = ORIENTED_EDGE('',*,*,#123,.T.);
#766 = ORIENTED_EDGE('',*,*,#163,.T.);
#767 = ORIENTED_EDGE('',*,*,#256,.T.);
#768 = ORIENTED_EDGE('',*,*,#318,.T.);
#769 = ORIENTED_EDGE('',*,*,#428,.T.);
#770 = ORIENTED_EDGE('',*,*,#473,.T.);
#771 = ORIENTED_EDGE('',*,*,#92,.T.);
#772 = ORIENTED_EDGE('',*,*,#61,.T.);
#773 = ORIENTED_EDGE('',*,*,#21,.T.);
#774 = ORIENTED_EDGE('',*,*,#743,.T.);
#775 = ORIENTED_EDGE('',*,*,#712,.T.);
#776 = ORIENTED_EDGE('',*,*,#681,.T.);
#777 = ORIENTED_EDGE('',*,*,#650,.T.);
#778 = ORIENTED_EDGE('',*,*,#619,.T.);
#779 = ORIENTED_EDGE('',*,*,#588,.T.);
#780 = ORIENTED_EDGE('',*,*,#557,.T.);
#781 = ORIENTED_EDGE('',*,*,#526,.T.);
#782 = ORIENTED_EDGE('',*,*,#495,.T.);
#783 = ORIENTED_EDGE('',*,*,#442,.T.);
#784 = ORIENTED_EDGE('',*,*,#380,.T.);
#785 = ORIENTED_EDGE('',*,*,#349,.T.);
#786 = ORIENTED_EDGE('',*,*,#287,.T.);
#787 = ORIENTED_EDGE('',*,*,#225,.T.);
#788 = PLANE('',#789);
#789 = AXIS2_PLACEMENT_3D('',#790,#791,#792);
#790 = CARTESIAN_POINT('',(15.337488660265,0.793208381371,2.));
#791 = DIRECTION('',(0.,0.,1.));
#792 = DIRECTION('',(1.,0.,0.));
#793 = ADVANCED_FACE('',(#794),#820,.T.);
#794 = FACE_BOUND('',#795,.T.);
#795 = EDGE_LOOP('',(#796,#797,#798,#799,#800,#801,#802,#803,#804,#805,
    #806,#807,#808,#809,#810,#811,#812,#813,#814,#815,#816,#817,#818,
    #819));
#796 = ORIENTED_EDGE('',*,*,#204,.F.);
#797 = ORIENTED_EDGE('',*,*,#241,.F.);
#798 = ORIENTED_EDGE('',*,*,#303,.F.);
#799 = ORIENTED_EDGE('',*,*,#365,.F.);
#800 = ORIENTED_EDGE('',*,*,#396,.F.);
#801 = ORIENTED_EDGE('',*,*,#458,.F.);
#802 = ORIENTED_EDGE('',*,*,#511,.F.);
#803 = ORIENTED_EDGE('',*,*,#542,.F.);
#804 = ORIENTED_EDGE('',*,*,#573,.F.);
#805 = ORIENTED_EDGE('',*,*,#604,.F.);
#806 = ORIENTED_EDGE('',*,*,#635,.F.);
#807 = ORIENTED_EDGE('',*,*,#666,.F.);
#808 = ORIENTED_EDGE('',*,*,#697,.F.);
#809 = ORIENTED_EDGE('',*,*,#728,.F.);
#810 = ORIENTED_EDGE('',*,*,#750,.F.);
#811 = ORIENTED_EDGE('',*,*,#39,.F.);
#812 = ORIENTED_EDGE('',*,*,#77,.F.);
#813 = ORIENTED_EDGE('',*,*,#108,.F.);
#814 = ORIENTED_EDGE('',*,*,#480,.F.);
#815 = ORIENTED_EDGE('',*,*,#412,.F.);
#816 = ORIENTED_EDGE('',*,*,#327,.F.);
#817 = ORIENTED_EDGE('',*,*,#265,.F.);
#818 = ORIENTED_EDGE('',*,*,#172,.F.);
#819 = ORIENTED_EDGE('',*,*,#141,.F.);
#820 = PLANE('',#821);
#821 = AXIS2_PLACEMENT_3D('',#822,#823,#824);
#822 = CARTESIAN_POINT('',(15.337488660265,0.793208381371,1.6));
#823 = DIRECTION('',(-0.,-0.,-1.));
#824 = DIRECTION('',(-1.,0.,0.));
#825 = MANIFOLD_SOLID_BREP('',#826);
#826 = CLOSED_SHELL('',(#827,#867,#898,#929,#951,#963));
#827 = ADVANCED_FACE('',(#828),#862,.T.);
#828 = FACE_BOUND('',#829,.T.);
#829 = EDGE_LOOP('',(#830,#840,#848,#856));
#830 = ORIENTED_EDGE('',*,*,#831,.T.);
#831 = EDGE_CURVE('',#832,#834,#836,.T.);
#832 = VERTEX_POINT('',#833);
#833 = CARTESIAN_POINT('',(13.811402550074,3.911562541705,2.));
#834 = VERTEX_POINT('',#835);
#835 = CARTESIAN_POINT('',(13.811402550074,3.911562541705,1.6));
#836 = LINE('',#837,#838);
#837 = CARTESIAN_POINT('',(13.811402550074,3.911562541705,2.));
#838 = VECTOR('',#839,1.);
#839 = DIRECTION('',(-1.978786988466E-17,1.675947088702E-17,-1.));
#840 = ORIENTED_EDGE('',*,*,#841,.T.);
#841 = EDGE_CURVE('',#834,#842,#844,.T.);
#842 = VERTEX_POINT('',#843);
#843 = CARTESIAN_POINT('',(14.008464004562,3.133384456261,1.6));
#844 = LINE('',#845,#846);
#845 = CARTESIAN_POINT('',(13.811402550074,3.911562541705,1.6));
#846 = VECTOR('',#847,1.);
#847 = DIRECTION('',(0.245485487141,-0.969400265939,-2.1104270413E-17));
#848 = ORIENTED_EDGE('',*,*,#849,.F.);
#849 = EDGE_CURVE('',#850,#842,#852,.T.);
#850 = VERTEX_POINT('',#851);
#851 = CARTESIAN_POINT('',(14.008464004562,3.133384456261,2.));
#852 = LINE('',#853,#854);
#853 = CARTESIAN_POINT('',(14.008464004562,3.133384456261,2.));
#854 = VECTOR('',#855,1.);
#855 = DIRECTION('',(-1.978786988466E-17,1.675947088702E-17,-1.));
#856 = ORIENTED_EDGE('',*,*,#857,.F.);
#857 = EDGE_CURVE('',#832,#850,#858,.T.);
#858 = LINE('',#859,#860);
#859 = CARTESIAN_POINT('',(13.811402550074,3.911562541705,2.));
#860 = VECTOR('',#861,1.);
#861 = DIRECTION('',(0.245485487141,-0.969400265939,-2.1104270413E-17));
#862 = PLANE('',#863);
#863 = AXIS2_PLACEMENT_3D('',#864,#865,#866);
#864 = CARTESIAN_POINT('',(13.811402550074,3.911562541705,2.));
#865 = DIRECTION('',(-0.969400265939,-0.245485487141,1.506815945364E-17)
  );
#866 = DIRECTION('',(0.245485487141,-0.969400265939,-2.1104270413E-17));
#867 = ADVANCED_FACE('',(#868),#893,.T.);
#868 = FACE_BOUND('',#869,.T.);
#869 = EDGE_LOOP('',(#870,#871,#879,#887));
#870 = ORIENTED_EDGE('',*,*,#849,.T.);
#871 = ORIENTED_EDGE('',*,*,#872,.T.);
#872 = EDGE_CURVE('',#842,#873,#875,.T.);
#873 = VERTEX_POINT('',#874);
#874 = CARTESIAN_POINT('',(15.953909218173,3.626038092482,1.6));
#875 = LINE('',#876,#877);
#876 = CARTESIAN_POINT('',(14.008464004562,3.133384456261,1.6));
#877 = VECTOR('',#878,1.);
#878 = DIRECTION('',(0.969400265939,0.245485487141,-1.506815945364E-17)
  );
#879 = ORIENTED_EDGE('',*,*,#880,.F.);
#880 = EDGE_CURVE('',#881,#873,#883,.T.);
#881 = VERTEX_POINT('',#882);
#882 = CARTESIAN_POINT('',(15.953909218173,3.626038092482,2.));
#883 = LINE('',#884,#885);
#884 = CARTESIAN_POINT('',(15.953909218173,3.626038092482,2.));
#885 = VECTOR('',#886,1.);
#886 = DIRECTION('',(-1.978786988466E-17,1.675947088702E-17,-1.));
#887 = ORIENTED_EDGE('',*,*,#888,.F.);
#888 = EDGE_CURVE('',#850,#881,#889,.T.);
#889 = LINE('',#890,#891);
#890 = CARTESIAN_POINT('',(14.008464004562,3.133384456261,2.));
#891 = VECTOR('',#892,1.);
#892 = DIRECTION('',(0.969400265939,0.245485487141,-1.506815945364E-17)
  );
#893 = PLANE('',#894);
#894 = AXIS2_PLACEMENT_3D('',#895,#896,#897);
#895 = CARTESIAN_POINT('',(14.008464004562,3.133384456261,2.));
#896 = DIRECTION('',(0.245485487141,-0.969400265939,-2.1104270413E-17));
#897 = DIRECTION('',(0.969400265939,0.245485487141,-1.506815945364E-17)
  );
#898 = ADVANCED_FACE('',(#899),#924,.T.);
#899 = FACE_BOUND('',#900,.T.);
#900 = EDGE_LOOP('',(#901,#902,#910,#918));
#901 = ORIENTED_EDGE('',*,*,#880,.T.);
#902 = ORIENTED_EDGE('',*,*,#903,.T.);
#903 = EDGE_CURVE('',#873,#904,#906,.T.);
#904 = VERTEX_POINT('',#905);
#905 = CARTESIAN_POINT('',(15.756847763684,4.404216177927,1.6));
#906 = LINE('',#907,#908);
#907 = CARTESIAN_POINT('',(15.953909218173,3.626038092482,1.6));
#908 = VECTOR('',#909,1.);
#909 = DIRECTION('',(-0.245485487141,0.969400265939,2.1104270413E-17));
#910 = ORIENTED_EDGE('',*,*,#911,.F.);
#911 = EDGE_CURVE('',#912,#904,#914,.T.);
#912 = VERTEX_POINT('',#913);
#913 = CARTESIAN_POINT('',(15.756847763684,4.404216177927,2.));
#914 = LINE('',#915,#916);
#915 = CARTESIAN_POINT('',(15.756847763684,4.404216177927,2.));
#916 = VECTOR('',#917,1.);
#917 = DIRECTION('',(-1.978786988466E-17,1.675947088702E-17,-1.));
#918 = ORIENTED_EDGE('',*,*,#919,.F.);
#919 = EDGE_CURVE('',#881,#912,#920,.T.);
#920 = LINE('',#921,#922);
#921 = CARTESIAN_POINT('',(15.953909218173,3.626038092482,2.));
#922 = VECTOR('',#923,1.);
#923 = DIRECTION('',(-0.245485487141,0.969400265939,2.1104270413E-17));
#924 = PLANE('',#925);
#925 = AXIS2_PLACEMENT_3D('',#926,#927,#928);
#926 = CARTESIAN_POINT('',(15.953909218173,3.626038092482,2.));
#927 = DIRECTION('',(0.969400265939,0.245485487141,-1.506815945364E-17)
  );
#928 = DIRECTION('',(-0.245485487141,0.969400265939,2.1104270413E-17));
#929 = ADVANCED_FACE('',(#930),#946,.T.);
#930 = FACE_BOUND('',#931,.T.);
#931 = EDGE_LOOP('',(#932,#933,#939,#940));
#932 = ORIENTED_EDGE('',*,*,#911,.T.);
#933 = ORIENTED_EDGE('',*,*,#934,.T.);
#934 = EDGE_CURVE('',#904,#834,#935,.T.);
#935 = LINE('',#936,#937);
#936 = CARTESIAN_POINT('',(15.756847763684,4.404216177927,1.6));
#937 = VECTOR('',#938,1.);
#938 = DIRECTION('',(-0.969400265939,-0.245485487141,1.506815945364E-17)
  );
#939 = ORIENTED_EDGE('',*,*,#831,.F.);
#940 = ORIENTED_EDGE('',*,*,#941,.F.);
#941 = EDGE_CURVE('',#912,#832,#942,.T.);
#942 = LINE('',#943,#944);
#943 = CARTESIAN_POINT('',(15.756847763684,4.404216177927,2.));
#944 = VECTOR('',#945,1.);
#945 = DIRECTION('',(-0.969400265939,-0.245485487141,1.506815945364E-17)
  );
#946 = PLANE('',#947);
#947 = AXIS2_PLACEMENT_3D('',#948,#949,#950);
#948 = CARTESIAN_POINT('',(15.756847763684,4.404216177927,2.));
#949 = DIRECTION('',(-0.245485487141,0.969400265939,2.1104270413E-17));
#950 = DIRECTION('',(-0.969400265939,-0.245485487141,1.506815945364E-17)
  );
#951 = ADVANCED_FACE('',(#952),#958,.T.);
#952 = FACE_BOUND('',#953,.T.);
#953 = EDGE_LOOP('',(#954,#955,#956,#957));
#954 = ORIENTED_EDGE('',*,*,#857,.T.);
#955 = ORIENTED_EDGE('',*,*,#888,.T.);
#956 = ORIENTED_EDGE('',*,*,#919,.T.);
#957 = ORIENTED_EDGE('',*,*,#941,.T.);
#958 = PLANE('',#959);
#959 = AXIS2_PLACEMENT_3D('',#960,#961,#962);
#960 = CARTESIAN_POINT('',(14.882655884123,3.768800317094,2.));
#961 = DIRECTION('',(1.978786988466E-17,-1.675947088702E-17,1.));
#962 = DIRECTION('',(0.986361303403,0.164594590281,-1.675947088702E-17)
  );
#963 = ADVANCED_FACE('',(#964),#970,.F.);
#964 = FACE_BOUND('',#965,.F.);
#965 = EDGE_LOOP('',(#966,#967,#968,#969));
#966 = ORIENTED_EDGE('',*,*,#841,.T.);
#967 = ORIENTED_EDGE('',*,*,#872,.T.);
#968 = ORIENTED_EDGE('',*,*,#903,.T.);
#969 = ORIENTED_EDGE('',*,*,#934,.T.);
#970 = PLANE('',#971);
#971 = AXIS2_PLACEMENT_3D('',#972,#973,#974);
#972 = CARTESIAN_POINT('',(14.882655884123,3.768800317094,1.6));
#973 = DIRECTION('',(1.978786988466E-17,-1.675947088702E-17,1.));
#974 = DIRECTION('',(0.986361303403,0.164594590281,-1.675947088702E-17)
  );
#975 = MANIFOLD_SOLID_BREP('',#976);
#976 = CLOSED_SHELL('',(#977,#1017,#1048,#1079,#1101,#1113));
#977 = ADVANCED_FACE('',(#978),#1012,.T.);
#978 = FACE_BOUND('',#979,.T.);
#979 = EDGE_LOOP('',(#980,#990,#998,#1006));
#980 = ORIENTED_EDGE('',*,*,#981,.T.);
#981 = EDGE_CURVE('',#982,#984,#986,.T.);
#982 = VERTEX_POINT('',#983);
#983 = CARTESIAN_POINT('',(12.979210987201,6.131496070909,2.));
#984 = VERTEX_POINT('',#985);
#985 = CARTESIAN_POINT('',(12.979210987201,6.131496070909,1.6));
#986 = LINE('',#987,#988);
#987 = CARTESIAN_POINT('',(12.979210987201,6.131496070909,2.));
#988 = VECTOR('',#989,1.);
#989 = DIRECTION('',(-4.206437725963E-17,3.00333880993E-17,-1.));
#990 = ORIENTED_EDGE('',*,*,#991,.T.);
#991 = EDGE_CURVE('',#984,#992,#994,.T.);
#992 = VERTEX_POINT('',#993);
#993 = CARTESIAN_POINT('',(13.30166868344,5.396366569633,1.6));
#994 = LINE('',#995,#996);
#995 = CARTESIAN_POINT('',(12.979210987201,6.131496070909,1.6));
#996 = VECTOR('',#997,1.);
#997 = DIRECTION('',(0.401695424653,-0.915773326655,-4.440084361648E-17)
  );
#998 = ORIENTED_EDGE('',*,*,#999,.F.);
#999 = EDGE_CURVE('',#1000,#992,#1002,.T.);
#1000 = VERTEX_POINT('',#1001);
#1001 = CARTESIAN_POINT('',(13.30166868344,5.396366569633,2.));
#1002 = LINE('',#1003,#1004);
#1003 = CARTESIAN_POINT('',(13.30166868344,5.396366569633,2.));
#1004 = VECTOR('',#1005,1.);
#1005 = DIRECTION('',(-4.206437725963E-17,3.00333880993E-17,-1.));
#1006 = ORIENTED_EDGE('',*,*,#1007,.F.);
#1007 = EDGE_CURVE('',#982,#1000,#1008,.T.);
#1008 = LINE('',#1009,#1010);
#1009 = CARTESIAN_POINT('',(12.979210987201,6.131496070909,2.));
#1010 = VECTOR('',#1011,1.);
#1011 = DIRECTION('',(0.401695424653,-0.915773326655,-4.440084361648E-17
    ));
#1012 = PLANE('',#1013);
#1013 = AXIS2_PLACEMENT_3D('',#1014,#1015,#1016);
#1014 = CARTESIAN_POINT('',(12.979210987201,6.131496070909,2.));
#1015 = DIRECTION('',(-0.915773326655,-0.401695424653,2.645716011041E-17
    ));
#1016 = DIRECTION('',(0.401695424653,-0.915773326655,-4.440084361648E-17
    ));
#1017 = ADVANCED_FACE('',(#1018),#1043,.T.);
#1018 = FACE_BOUND('',#1019,.T.);
#1019 = EDGE_LOOP('',(#1020,#1021,#1029,#1037));
#1020 = ORIENTED_EDGE('',*,*,#999,.T.);
#1021 = ORIENTED_EDGE('',*,*,#1022,.T.);
#1022 = EDGE_CURVE('',#992,#1023,#1025,.T.);
#1023 = VERTEX_POINT('',#1024);
#1024 = CARTESIAN_POINT('',(15.139492436631,6.20251081023,1.6));
#1025 = LINE('',#1026,#1027);
#1026 = CARTESIAN_POINT('',(13.30166868344,5.396366569633,1.6));
#1027 = VECTOR('',#1028,1.);
#1028 = DIRECTION('',(0.915773326655,0.401695424653,-2.645716011041E-17)
  );
#1029 = ORIENTED_EDGE('',*,*,#1030,.F.);
#1030 = EDGE_CURVE('',#1031,#1023,#1033,.T.);
#1031 = VERTEX_POINT('',#1032);
#1032 = CARTESIAN_POINT('',(15.139492436631,6.20251081023,2.));
#1033 = LINE('',#1034,#1035);
#1034 = CARTESIAN_POINT('',(15.139492436631,6.20251081023,2.));
#1035 = VECTOR('',#1036,1.);
#1036 = DIRECTION('',(-4.206437725963E-17,3.00333880993E-17,-1.));
#1037 = ORIENTED_EDGE('',*,*,#1038,.F.);
#1038 = EDGE_CURVE('',#1000,#1031,#1039,.T.);
#1039 = LINE('',#1040,#1041);
#1040 = CARTESIAN_POINT('',(13.30166868344,5.396366569633,2.));
#1041 = VECTOR('',#1042,1.);
#1042 = DIRECTION('',(0.915773326655,0.401695424653,-2.645716011041E-17)
  );
#1043 = PLANE('',#1044);
#1044 = AXIS2_PLACEMENT_3D('',#1045,#1046,#1047);
#1045 = CARTESIAN_POINT('',(13.30166868344,5.396366569633,2.));
#1046 = DIRECTION('',(0.401695424653,-0.915773326655,-4.440084361648E-17
    ));
#1047 = DIRECTION('',(0.915773326655,0.401695424653,-2.645716011041E-17)
  );
#1048 = ADVANCED_FACE('',(#1049),#1074,.T.);
#1049 = FACE_BOUND('',#1050,.T.);
#1050 = EDGE_LOOP('',(#1051,#1052,#1060,#1068));
#1051 = ORIENTED_EDGE('',*,*,#1030,.T.);
#1052 = ORIENTED_EDGE('',*,*,#1053,.T.);
#1053 = EDGE_CURVE('',#1023,#1054,#1056,.T.);
#1054 = VERTEX_POINT('',#1055);
#1055 = CARTESIAN_POINT('',(14.817034740392,6.937640311507,1.6));
#1056 = LINE('',#1057,#1058);
#1057 = CARTESIAN_POINT('',(15.139492436631,6.20251081023,1.6));
#1058 = VECTOR('',#1059,1.);
#1059 = DIRECTION('',(-0.401695424653,0.915773326655,4.440084361648E-17)
  );
#1060 = ORIENTED_EDGE('',*,*,#1061,.F.);
#1061 = EDGE_CURVE('',#1062,#1054,#1064,.T.);
#1062 = VERTEX_POINT('',#1063);
#1063 = CARTESIAN_POINT('',(14.817034740392,6.937640311507,2.));
#1064 = LINE('',#1065,#1066);
#1065 = CARTESIAN_POINT('',(14.817034740392,6.937640311507,2.));
#1066 = VECTOR('',#1067,1.);
#1067 = DIRECTION('',(-4.206437725963E-17,3.00333880993E-17,-1.));
#1068 = ORIENTED_EDGE('',*,*,#1069,.F.);
#1069 = EDGE_CURVE('',#1031,#1062,#1070,.T.);
#1070 = LINE('',#1071,#1072);
#1071 = CARTESIAN_POINT('',(15.139492436631,6.20251081023,2.));
#1072 = VECTOR('',#1073,1.);
#1073 = DIRECTION('',(-0.401695424653,0.915773326655,4.440084361648E-17)
  );
#1074 = PLANE('',#1075);
#1075 = AXIS2_PLACEMENT_3D('',#1076,#1077,#1078);
#1076 = CARTESIAN_POINT('',(15.139492436631,6.20251081023,2.));
#1077 = DIRECTION('',(0.915773326655,0.401695424653,-2.645716011041E-17)
  );
#1078 = DIRECTION('',(-0.401695424653,0.915773326655,4.440084361648E-17)
  );
#1079 = ADVANCED_FACE('',(#1080),#1096,.T.);
#1080 = FACE_BOUND('',#1081,.T.);
#1081 = EDGE_LOOP('',(#1082,#1083,#1089,#1090));
#1082 = ORIENTED_EDGE('',*,*,#1061,.T.);
#1083 = ORIENTED_EDGE('',*,*,#1084,.T.);
#1084 = EDGE_CURVE('',#1054,#984,#1085,.T.);
#1085 = LINE('',#1086,#1087);
#1086 = CARTESIAN_POINT('',(14.817034740392,6.937640311507,1.6));
#1087 = VECTOR('',#1088,1.);
#1088 = DIRECTION('',(-0.915773326655,-0.401695424653,2.645716011041E-17
    ));
#1089 = ORIENTED_EDGE('',*,*,#981,.F.);
#1090 = ORIENTED_EDGE('',*,*,#1091,.F.);
#1091 = EDGE_CURVE('',#1062,#982,#1092,.T.);
#1092 = LINE('',#1093,#1094);
#1093 = CARTESIAN_POINT('',(14.817034740392,6.937640311507,2.));
#1094 = VECTOR('',#1095,1.);
#1095 = DIRECTION('',(-0.915773326655,-0.401695424653,2.645716011041E-17
    ));
#1096 = PLANE('',#1097);
#1097 = AXIS2_PLACEMENT_3D('',#1098,#1099,#1100);
#1098 = CARTESIAN_POINT('',(14.817034740392,6.937640311507,2.));
#1099 = DIRECTION('',(-0.401695424653,0.915773326655,4.440084361648E-17)
  );
#1100 = DIRECTION('',(-0.915773326655,-0.401695424653,2.645716011041E-17
    ));
#1101 = ADVANCED_FACE('',(#1102),#1108,.T.);
#1102 = FACE_BOUND('',#1103,.T.);
#1103 = EDGE_LOOP('',(#1104,#1105,#1106,#1107));
#1104 = ORIENTED_EDGE('',*,*,#1007,.T.);
#1105 = ORIENTED_EDGE('',*,*,#1038,.T.);
#1106 = ORIENTED_EDGE('',*,*,#1069,.T.);
#1107 = ORIENTED_EDGE('',*,*,#1091,.T.);
#1108 = PLANE('',#1109);
#1109 = AXIS2_PLACEMENT_3D('',#1110,#1111,#1112);
#1110 = CARTESIAN_POINT('',(14.059351711916,6.16700344057,2.));
#1111 = DIRECTION('',(4.206437725963E-17,-3.00333880993E-17,1.));
#1112 = DIRECTION('',(0.945817241701,0.324699469205,-3.00333880993E-17)
  );
#1113 = ADVANCED_FACE('',(#1114),#1120,.F.);
#1114 = FACE_BOUND('',#1115,.F.);
#1115 = EDGE_LOOP('',(#1116,#1117,#1118,#1119));
#1116 = ORIENTED_EDGE('',*,*,#991,.T.);
#1117 = ORIENTED_EDGE('',*,*,#1022,.T.);
#1118 = ORIENTED_EDGE('',*,*,#1053,.T.);
#1119 = ORIENTED_EDGE('',*,*,#1084,.T.);
#1120 = PLANE('',#1121);
#1121 = AXIS2_PLACEMENT_3D('',#1122,#1123,#1124);
#1122 = CARTESIAN_POINT('',(14.059351711916,6.16700344057,1.6));
#1123 = DIRECTION('',(4.206437725963E-17,-3.00333880993E-17,1.));
#1124 = DIRECTION('',(0.945817241701,0.324699469205,-3.00333880993E-17)
  );
#1125 = MANIFOLD_SOLID_BREP('',#1126);
#1126 = CLOSED_SHELL('',(#1127,#1167,#1198,#1229,#1251,#1263));
#1127 = ADVANCED_FACE('',(#1128),#1162,.T.);
#1128 = FACE_BOUND('',#1129,.T.);
#1129 = EDGE_LOOP('',(#1130,#1140,#1148,#1156));
#1130 = ORIENTED_EDGE('',*,*,#1131,.T.);
#1131 = EDGE_CURVE('',#1132,#1134,#1136,.T.);
#1132 = VERTEX_POINT('',#1133);
#1133 = CARTESIAN_POINT('',(11.792980382875,8.184178370916,2.));
#1134 = VERTEX_POINT('',#1135);
#1135 = CARTESIAN_POINT('',(11.792980382875,8.184178370916,1.6));
#1136 = LINE('',#1137,#1138);
#1137 = CARTESIAN_POINT('',(11.792980382875,8.184178370916,2.));
#1138 = VECTOR('',#1139,1.);
#1139 = DIRECTION('',(-6.622187707423E-17,3.945967377778E-17,-1.));
#1140 = ORIENTED_EDGE('',*,*,#1141,.T.);
#1141 = EDGE_CURVE('',#1134,#1142,#1144,.T.);
#1142 = VERTEX_POINT('',#1143);
#1143 = CARTESIAN_POINT('',(12.232038515495,7.512149870263,1.6));
#1144 = LINE('',#1145,#1146);
#1145 = CARTESIAN_POINT('',(11.792980382875,8.184178370916,1.6));
#1146 = VECTOR('',#1147,1.);
#1147 = DIRECTION('',(0.546948158122,-0.837166478263,-6.92542498231E-17)
  );
#1148 = ORIENTED_EDGE('',*,*,#1149,.F.);
#1149 = EDGE_CURVE('',#1150,#1142,#1152,.T.);
#1150 = VERTEX_POINT('',#1151);
#1151 = CARTESIAN_POINT('',(12.232038515495,7.512149870263,2.));
#1152 = LINE('',#1153,#1154);
#1153 = CARTESIAN_POINT('',(12.232038515495,7.512149870263,2.));
#1154 = VECTOR('',#1155,1.);
#1155 = DIRECTION('',(-6.622187707423E-17,3.945967377778E-17,-1.));
#1156 = ORIENTED_EDGE('',*,*,#1157,.F.);
#1157 = EDGE_CURVE('',#1132,#1150,#1158,.T.);
#1158 = LINE('',#1159,#1160);
#1159 = CARTESIAN_POINT('',(11.792980382875,8.184178370916,2.));
#1160 = VECTOR('',#1161,1.);
#1161 = DIRECTION('',(0.546948158122,-0.837166478263,-6.92542498231E-17)
  );
#1162 = PLANE('',#1163);
#1163 = AXIS2_PLACEMENT_3D('',#1164,#1165,#1166);
#1164 = CARTESIAN_POINT('',(11.792980382875,8.184178370916,2.));
#1165 = DIRECTION('',(-0.837166478263,-0.546948158122,3.38563397213E-17)
  );
#1166 = DIRECTION('',(0.546948158122,-0.837166478263,-6.92542498231E-17)
  );
#1167 = ADVANCED_FACE('',(#1168),#1193,.T.);
#1168 = FACE_BOUND('',#1169,.T.);
#1169 = EDGE_LOOP('',(#1170,#1171,#1179,#1187));
#1170 = ORIENTED_EDGE('',*,*,#1149,.T.);
#1171 = ORIENTED_EDGE('',*,*,#1172,.T.);
#1172 = EDGE_CURVE('',#1142,#1173,#1175,.T.);
#1173 = VERTEX_POINT('',#1174);
#1174 = CARTESIAN_POINT('',(13.91210976713,8.609795201813,1.6));
#1175 = LINE('',#1176,#1177);
#1176 = CARTESIAN_POINT('',(12.232038515495,7.512149870263,1.6));
#1177 = VECTOR('',#1178,1.);
#1178 = DIRECTION('',(0.837166478263,0.546948158122,-3.38563397213E-17)
  );
#1179 = ORIENTED_EDGE('',*,*,#1180,.F.);
#1180 = EDGE_CURVE('',#1181,#1173,#1183,.T.);
#1181 = VERTEX_POINT('',#1182);
#1182 = CARTESIAN_POINT('',(13.91210976713,8.609795201813,2.));
#1183 = LINE('',#1184,#1185);
#1184 = CARTESIAN_POINT('',(13.91210976713,8.609795201813,2.));
#1185 = VECTOR('',#1186,1.);
#1186 = DIRECTION('',(-6.622187707423E-17,3.945967377778E-17,-1.));
#1187 = ORIENTED_EDGE('',*,*,#1188,.F.);
#1188 = EDGE_CURVE('',#1150,#1181,#1189,.T.);
#1189 = LINE('',#1190,#1191);
#1190 = CARTESIAN_POINT('',(12.232038515495,7.512149870263,2.));
#1191 = VECTOR('',#1192,1.);
#1192 = DIRECTION('',(0.837166478263,0.546948158122,-3.38563397213E-17)
  );
#1193 = PLANE('',#1194);
#1194 = AXIS2_PLACEMENT_3D('',#1195,#1196,#1197);
#1195 = CARTESIAN_POINT('',(12.232038515495,7.512149870263,2.));
#1196 = DIRECTION('',(0.546948158122,-0.837166478263,-6.92542498231E-17)
  );
#1197 = DIRECTION('',(0.837166478263,0.546948158122,-3.38563397213E-17)
  );
#1198 = ADVANCED_FACE('',(#1199),#1224,.T.);
#1199 = FACE_BOUND('',#1200,.T.);
#1200 = EDGE_LOOP('',(#1201,#1202,#1210,#1218));
#1201 = ORIENTED_EDGE('',*,*,#1180,.T.);
#1202 = ORIENTED_EDGE('',*,*,#1203,.T.);
#1203 = EDGE_CURVE('',#1173,#1204,#1206,.T.);
#1204 = VERTEX_POINT('',#1205);
#1205 = CARTESIAN_POINT('',(13.473051634509,9.281823702467,1.6));
#1206 = LINE('',#1207,#1208);
#1207 = CARTESIAN_POINT('',(13.91210976713,8.609795201813,1.6));
#1208 = VECTOR('',#1209,1.);
#1209 = DIRECTION('',(-0.546948158122,0.837166478263,6.92542498231E-17)
  );
#1210 = ORIENTED_EDGE('',*,*,#1211,.F.);
#1211 = EDGE_CURVE('',#1212,#1204,#1214,.T.);
#1212 = VERTEX_POINT('',#1213);
#1213 = CARTESIAN_POINT('',(13.473051634509,9.281823702467,2.));
#1214 = LINE('',#1215,#1216);
#1215 = CARTESIAN_POINT('',(13.473051634509,9.281823702467,2.));
#1216 = VECTOR('',#1217,1.);
#1217 = DIRECTION('',(-6.622187707423E-17,3.945967377778E-17,-1.));
#1218 = ORIENTED_EDGE('',*,*,#1219,.F.);
#1219 = EDGE_CURVE('',#1181,#1212,#1220,.T.);
#1220 = LINE('',#1221,#1222);
#1221 = CARTESIAN_POINT('',(13.91210976713,8.609795201813,2.));
#1222 = VECTOR('',#1223,1.);
#1223 = DIRECTION('',(-0.546948158122,0.837166478263,6.92542498231E-17)
  );
#1224 = PLANE('',#1225);
#1225 = AXIS2_PLACEMENT_3D('',#1226,#1227,#1228);
#1226 = CARTESIAN_POINT('',(13.91210976713,8.609795201813,2.));
#1227 = DIRECTION('',(0.837166478263,0.546948158122,-3.38563397213E-17)
  );
#1228 = DIRECTION('',(-0.546948158122,0.837166478263,6.92542498231E-17)
  );
#1229 = ADVANCED_FACE('',(#1230),#1246,.T.);
#1230 = FACE_BOUND('',#1231,.T.);
#1231 = EDGE_LOOP('',(#1232,#1233,#1239,#1240));
#1232 = ORIENTED_EDGE('',*,*,#1211,.T.);
#1233 = ORIENTED_EDGE('',*,*,#1234,.T.);
#1234 = EDGE_CURVE('',#1204,#1134,#1235,.T.);
#1235 = LINE('',#1236,#1237);
#1236 = CARTESIAN_POINT('',(13.473051634509,9.281823702467,1.6));
#1237 = VECTOR('',#1238,1.);
#1238 = DIRECTION('',(-0.837166478263,-0.546948158122,3.38563397213E-17)
  );
#1239 = ORIENTED_EDGE('',*,*,#1131,.F.);
#1240 = ORIENTED_EDGE('',*,*,#1241,.F.);
#1241 = EDGE_CURVE('',#1212,#1132,#1242,.T.);
#1242 = LINE('',#1243,#1244);
#1243 = CARTESIAN_POINT('',(13.473051634509,9.281823702467,2.));
#1244 = VECTOR('',#1245,1.);
#1245 = DIRECTION('',(-0.837166478263,-0.546948158122,3.38563397213E-17)
  );
#1246 = PLANE('',#1247);
#1247 = AXIS2_PLACEMENT_3D('',#1248,#1249,#1250);
#1248 = CARTESIAN_POINT('',(13.473051634509,9.281823702467,2.));
#1249 = DIRECTION('',(-0.546948158122,0.837166478263,6.92542498231E-17)
  );
#1250 = DIRECTION('',(-0.837166478263,-0.546948158122,3.38563397213E-17)
  );
#1251 = ADVANCED_FACE('',(#1252),#1258,.T.);
#1252 = FACE_BOUND('',#1253,.T.);
#1253 = EDGE_LOOP('',(#1254,#1255,#1256,#1257));
#1254 = ORIENTED_EDGE('',*,*,#1157,.T.);
#1255 = ORIENTED_EDGE('',*,*,#1188,.T.);
#1256 = ORIENTED_EDGE('',*,*,#1219,.T.);
#1257 = ORIENTED_EDGE('',*,*,#1241,.T.);
#1258 = PLANE('',#1259);
#1259 = AXIS2_PLACEMENT_3D('',#1260,#1261,#1262);
#1260 = CARTESIAN_POINT('',(12.852545075002,8.396986786365,2.));
#1261 = DIRECTION('',(6.622187707423E-17,-3.945967377778E-17,1.));
#1262 = DIRECTION('',(0.879473751206,0.475947393037,-3.945967377778E-17)
  );
#1263 = ADVANCED_FACE('',(#1264),#1270,.F.);
#1264 = FACE_BOUND('',#1265,.F.);
#1265 = EDGE_LOOP('',(#1266,#1267,#1268,#1269));
#1266 = ORIENTED_EDGE('',*,*,#1141,.T.);
#1267 = ORIENTED_EDGE('',*,*,#1172,.T.);
#1268 = ORIENTED_EDGE('',*,*,#1203,.T.);
#1269 = ORIENTED_EDGE('',*,*,#1234,.T.);
#1270 = PLANE('',#1271);
#1271 = AXIS2_PLACEMENT_3D('',#1272,#1273,#1274);
#1272 = CARTESIAN_POINT('',(12.852545075002,8.396986786365,1.6));
#1273 = DIRECTION('',(6.622187707423E-17,-3.945967377778E-17,1.));
#1274 = DIRECTION('',(0.879473751206,0.475947393037,-3.945967377778E-17)
  );
#1275 = MANIFOLD_SOLID_BREP('',#1276);
#1276 = CLOSED_SHELL('',(#1277,#1317,#1348,#1379,#1401,#1413));
#1277 = ADVANCED_FACE('',(#1278),#1312,.T.);
#1278 = FACE_BOUND('',#1279,.T.);
#1279 = EDGE_LOOP('',(#1280,#1290,#1298,#1306));
#1280 = ORIENTED_EDGE('',*,*,#1281,.T.);
#1281 = EDGE_CURVE('',#1282,#1284,#1286,.T.);
#1282 = VERTEX_POINT('',#1283);
#1283 = CARTESIAN_POINT('',(10.28506801571,10.013617619525,2.));
#1284 = VERTEX_POINT('',#1285);
#1285 = CARTESIAN_POINT('',(10.28506801571,10.013617619525,1.6));
#1286 = LINE('',#1287,#1288);
#1287 = CARTESIAN_POINT('',(10.28506801571,10.013617619525,2.));
#1288 = VECTOR('',#1289,1.);
#1289 = DIRECTION('',(-9.160141570744E-17,4.478120342167E-17,-1.));
#1290 = ORIENTED_EDGE('',*,*,#1291,.T.);
#1291 = EDGE_CURVE('',#1284,#1292,#1294,.T.);
#1292 = VERTEX_POINT('',#1293);
#1293 = CARTESIAN_POINT('',(10.828750223393,9.423021305145,1.6));
#1294 = LINE('',#1295,#1296);
#1295 = CARTESIAN_POINT('',(10.28506801571,10.013617619525,1.6));
#1296 = VECTOR('',#1297,1.);
#1297 = DIRECTION('',(0.677281571626,-0.735723910673,-9.498655289952E-17
    ));
#1298 = ORIENTED_EDGE('',*,*,#1299,.F.);
#1299 = EDGE_CURVE('',#1300,#1292,#1302,.T.);
#1300 = VERTEX_POINT('',#1301);
#1301 = CARTESIAN_POINT('',(10.828750223393,9.423021305145,2.));
#1302 = LINE('',#1303,#1304);
#1303 = CARTESIAN_POINT('',(10.828750223393,9.423021305145,2.));
#1304 = VECTOR('',#1305,1.);
#1305 = DIRECTION('',(-9.160141570744E-17,4.478120342167E-17,-1.));
#1306 = ORIENTED_EDGE('',*,*,#1307,.F.);
#1307 = EDGE_CURVE('',#1282,#1300,#1308,.T.);
#1308 = LINE('',#1309,#1310);
#1309 = CARTESIAN_POINT('',(10.28506801571,10.013617619525,2.));
#1310 = VECTOR('',#1311,1.);
#1311 = DIRECTION('',(0.677281571626,-0.735723910673,-9.498655289952E-17
    ));
#1312 = PLANE('',#1313);
#1313 = AXIS2_PLACEMENT_3D('',#1314,#1315,#1316);
#1314 = CARTESIAN_POINT('',(10.28506801571,10.013617619525,2.));
#1315 = DIRECTION('',(-0.735723910673,-0.677281571626,3.706386795475E-17
    ));
#1316 = DIRECTION('',(0.677281571626,-0.735723910673,-9.498655289952E-17
    ));
#1317 = ADVANCED_FACE('',(#1318),#1343,.T.);
#1318 = FACE_BOUND('',#1319,.T.);
#1319 = EDGE_LOOP('',(#1320,#1321,#1329,#1337));
#1320 = ORIENTED_EDGE('',*,*,#1299,.T.);
#1321 = ORIENTED_EDGE('',*,*,#1322,.T.);
#1322 = EDGE_CURVE('',#1292,#1323,#1325,.T.);
#1323 = VERTEX_POINT('',#1324);
#1324 = CARTESIAN_POINT('',(12.305241009344,10.782226824353,1.6));
#1325 = LINE('',#1326,#1327);
#1326 = CARTESIAN_POINT('',(10.828750223393,9.423021305145,1.6));
#1327 = VECTOR('',#1328,1.);
#1328 = DIRECTION('',(0.735723910673,0.677281571626,-3.706386795475E-17)
  );
#1329 = ORIENTED_EDGE('',*,*,#1330,.F.);
#1330 = EDGE_CURVE('',#1331,#1323,#1333,.T.);
#1331 = VERTEX_POINT('',#1332);
#1332 = CARTESIAN_POINT('',(12.305241009344,10.782226824353,2.));
#1333 = LINE('',#1334,#1335);
#1334 = CARTESIAN_POINT('',(12.305241009344,10.782226824353,2.));
#1335 = VECTOR('',#1336,1.);
#1336 = DIRECTION('',(-9.160141570744E-17,4.478120342167E-17,-1.));
#1337 = ORIENTED_EDGE('',*,*,#1338,.F.);
#1338 = EDGE_CURVE('',#1300,#1331,#1339,.T.);
#1339 = LINE('',#1340,#1341);
#1340 = CARTESIAN_POINT('',(10.828750223393,9.423021305145,2.));
#1341 = VECTOR('',#1342,1.);
#1342 = DIRECTION('',(0.735723910673,0.677281571626,-3.706386795475E-17)
  );
#1343 = PLANE('',#1344);
#1344 = AXIS2_PLACEMENT_3D('',#1345,#1346,#1347);
#1345 = CARTESIAN_POINT('',(10.828750223393,9.423021305145,2.));
#1346 = DIRECTION('',(0.677281571626,-0.735723910673,-9.498655289952E-17
    ));
#1347 = DIRECTION('',(0.735723910673,0.677281571626,-3.706386795475E-17)
  );
#1348 = ADVANCED_FACE('',(#1349),#1374,.T.);
#1349 = FACE_BOUND('',#1350,.T.);
#1350 = EDGE_LOOP('',(#1351,#1352,#1360,#1368));
#1351 = ORIENTED_EDGE('',*,*,#1330,.T.);
#1352 = ORIENTED_EDGE('',*,*,#1353,.T.);
#1353 = EDGE_CURVE('',#1323,#1354,#1356,.T.);
#1354 = VERTEX_POINT('',#1355);
#1355 = CARTESIAN_POINT('',(11.761558801661,11.372823138733,1.6));
#1356 = LINE('',#1357,#1358);
#1357 = CARTESIAN_POINT('',(12.305241009344,10.782226824353,1.6));
#1358 = VECTOR('',#1359,1.);
#1359 = DIRECTION('',(-0.677281571626,0.735723910673,9.498655289952E-17)
  );
#1360 = ORIENTED_EDGE('',*,*,#1361,.F.);
#1361 = EDGE_CURVE('',#1362,#1354,#1364,.T.);
#1362 = VERTEX_POINT('',#1363);
#1363 = CARTESIAN_POINT('',(11.761558801661,11.372823138733,2.));
#1364 = LINE('',#1365,#1366);
#1365 = CARTESIAN_POINT('',(11.761558801661,11.372823138733,2.));
#1366 = VECTOR('',#1367,1.);
#1367 = DIRECTION('',(-9.160141570744E-17,4.478120342167E-17,-1.));
#1368 = ORIENTED_EDGE('',*,*,#1369,.F.);
#1369 = EDGE_CURVE('',#1331,#1362,#1370,.T.);
#1370 = LINE('',#1371,#1372);
#1371 = CARTESIAN_POINT('',(12.305241009344,10.782226824353,2.));
#1372 = VECTOR('',#1373,1.);
#1373 = DIRECTION('',(-0.677281571626,0.735723910673,9.498655289952E-17)
  );
#1374 = PLANE('',#1375);
#1375 = AXIS2_PLACEMENT_3D('',#1376,#1377,#1378);
#1376 = CARTESIAN_POINT('',(12.305241009344,10.782226824353,2.));
#1377 = DIRECTION('',(0.735723910673,0.677281571626,-3.706386795475E-17)
  );
#1378 = DIRECTION('',(-0.677281571626,0.735723910673,9.498655289952E-17)
  );
#1379 = ADVANCED_FACE('',(#1380),#1396,.T.);
#1380 = FACE_BOUND('',#1381,.T.);
#1381 = EDGE_LOOP('',(#1382,#1383,#1389,#1390));
#1382 = ORIENTED_EDGE('',*,*,#1361,.T.);
#1383 = ORIENTED_EDGE('',*,*,#1384,.T.);
#1384 = EDGE_CURVE('',#1354,#1284,#1385,.T.);
#1385 = LINE('',#1386,#1387);
#1386 = CARTESIAN_POINT('',(11.761558801661,11.372823138733,1.6));
#1387 = VECTOR('',#1388,1.);
#1388 = DIRECTION('',(-0.735723910673,-0.677281571626,3.706386795475E-17
    ));
#1389 = ORIENTED_EDGE('',*,*,#1281,.F.);
#1390 = ORIENTED_EDGE('',*,*,#1391,.F.);
#1391 = EDGE_CURVE('',#1362,#1282,#1392,.T.);
#1392 = LINE('',#1393,#1394);
#1393 = CARTESIAN_POINT('',(11.761558801661,11.372823138733,2.));
#1394 = VECTOR('',#1395,1.);
#1395 = DIRECTION('',(-0.735723910673,-0.677281571626,3.706386795475E-17
    ));
#1396 = PLANE('',#1397);
#1397 = AXIS2_PLACEMENT_3D('',#1398,#1399,#1400);
#1398 = CARTESIAN_POINT('',(11.761558801661,11.372823138733,2.));
#1399 = DIRECTION('',(-0.677281571626,0.735723910673,9.498655289952E-17)
  );
#1400 = DIRECTION('',(-0.735723910673,-0.677281571626,3.706386795475E-17
    ));
#1401 = ADVANCED_FACE('',(#1402),#1408,.T.);
#1402 = FACE_BOUND('',#1403,.T.);
#1403 = EDGE_LOOP('',(#1404,#1405,#1406,#1407));
#1404 = ORIENTED_EDGE('',*,*,#1307,.T.);
#1405 = ORIENTED_EDGE('',*,*,#1338,.T.);
#1406 = ORIENTED_EDGE('',*,*,#1369,.T.);
#1407 = ORIENTED_EDGE('',*,*,#1391,.T.);
#1408 = PLANE('',#1409);
#1409 = AXIS2_PLACEMENT_3D('',#1410,#1411,#1412);
#1410 = CARTESIAN_POINT('',(11.295154512527,10.397922221939,2.));
#1411 = DIRECTION('',(9.160141570744E-17,-4.478120342167E-17,1.));
#1412 = DIRECTION('',(0.789140509396,0.61421271269,-4.478120342167E-17)
  );
#1413 = ADVANCED_FACE('',(#1414),#1420,.F.);
#1414 = FACE_BOUND('',#1415,.F.);
#1415 = EDGE_LOOP('',(#1416,#1417,#1418,#1419));
#1416 = ORIENTED_EDGE('',*,*,#1291,.T.);
#1417 = ORIENTED_EDGE('',*,*,#1322,.T.);
#1418 = ORIENTED_EDGE('',*,*,#1353,.T.);
#1419 = ORIENTED_EDGE('',*,*,#1384,.T.);
#1420 = PLANE('',#1421);
#1421 = AXIS2_PLACEMENT_3D('',#1422,#1423,#1424);
#1422 = CARTESIAN_POINT('',(11.295154512527,10.397922221939,1.6));
#1423 = DIRECTION('',(9.160141570744E-17,-4.478120342167E-17,1.));
#1424 = DIRECTION('',(0.789140509396,0.61421271269,-4.478120342167E-17)
  );
#1425 = MANIFOLD_SOLID_BREP('',#1426);
#1426 = CLOSED_SHELL('',(#1427,#1467,#1498,#1529,#1551,#1563));
#1427 = ADVANCED_FACE('',(#1428),#1462,.T.);
#1428 = FACE_BOUND('',#1429,.T.);
#1429 = EDGE_LOOP('',(#1430,#1440,#1448,#1456));
#1430 = ORIENTED_EDGE('',*,*,#1431,.T.);
#1431 = EDGE_CURVE('',#1432,#1434,#1436,.T.);
#1432 = VERTEX_POINT('',#1433);
#1433 = CARTESIAN_POINT('',(8.496605804248,11.569911483027,2.));
#1434 = VERTEX_POINT('',#1435);
#1435 = CARTESIAN_POINT('',(8.496605804248,11.569911483027,1.6));
#1436 = LINE('',#1437,#1438);
#1437 = CARTESIAN_POINT('',(8.496605804248,11.569911483027,2.));
#1438 = VECTOR('',#1439,1.);
#1439 = DIRECTION('',(-1.175107055049E-16,4.585281957446E-17,-1.));
#1440 = ORIENTED_EDGE('',*,*,#1441,.T.);
#1441 = EDGE_CURVE('',#1434,#1442,#1444,.T.);
#1442 = VERTEX_POINT('',#1443);
#1443 = CARTESIAN_POINT('',(9.130081853642,11.076857282806,1.6));
#1444 = LINE('',#1445,#1446);
#1445 = CARTESIAN_POINT('',(8.496605804248,11.569911483027,1.6));
#1446 = VECTOR('',#1447,1.);
#1447 = DIRECTION('',(0.789140509396,-0.61421271269,-1.208958426969E-16)
  );
#1448 = ORIENTED_EDGE('',*,*,#1449,.F.);
#1449 = EDGE_CURVE('',#1450,#1442,#1452,.T.);
#1450 = VERTEX_POINT('',#1451);
#1451 = CARTESIAN_POINT('',(9.130081853642,11.076857282806,2.));
#1452 = LINE('',#1453,#1454);
#1453 = CARTESIAN_POINT('',(9.130081853642,11.076857282806,2.));
#1454 = VECTOR('',#1455,1.);
#1455 = DIRECTION('',(-1.175107055049E-16,4.585281957446E-17,-1.));
#1456 = ORIENTED_EDGE('',*,*,#1457,.F.);
#1457 = EDGE_CURVE('',#1432,#1450,#1458,.T.);
#1458 = LINE('',#1459,#1460);
#1459 = CARTESIAN_POINT('',(8.496605804248,11.569911483027,2.));
#1460 = VECTOR('',#1461,1.);
#1461 = DIRECTION('',(0.789140509396,-0.61421271269,-1.208958426969E-16)
  );
#1462 = PLANE('',#1463);
#1463 = AXIS2_PLACEMENT_3D('',#1464,#1465,#1466);
#1464 = CARTESIAN_POINT('',(8.496605804248,11.569911483027,2.));
#1465 = DIRECTION('',(-0.61421271269,-0.789140509396,3.599225180196E-17)
  );
#1466 = DIRECTION('',(0.789140509396,-0.61421271269,-1.208958426969E-16)
  );
#1467 = ADVANCED_FACE('',(#1468),#1493,.T.);
#1468 = FACE_BOUND('',#1469,.T.);
#1469 = EDGE_LOOP('',(#1470,#1471,#1479,#1487));
#1470 = ORIENTED_EDGE('',*,*,#1449,.T.);
#1471 = ORIENTED_EDGE('',*,*,#1472,.T.);
#1472 = EDGE_CURVE('',#1442,#1473,#1475,.T.);
#1473 = VERTEX_POINT('',#1474);
#1474 = CARTESIAN_POINT('',(10.362717354193,12.660547406291,1.6));
#1475 = LINE('',#1476,#1477);
#1476 = CARTESIAN_POINT('',(9.130081853642,11.076857282806,1.6));
#1477 = VECTOR('',#1478,1.);
#1478 = DIRECTION('',(0.61421271269,0.789140509396,-3.599225180196E-17)
  );
#1479 = ORIENTED_EDGE('',*,*,#1480,.F.);
#1480 = EDGE_CURVE('',#1481,#1473,#1483,.T.);
#1481 = VERTEX_POINT('',#1482);
#1482 = CARTESIAN_POINT('',(10.362717354193,12.660547406291,2.));
#1483 = LINE('',#1484,#1485);
#1484 = CARTESIAN_POINT('',(10.362717354193,12.660547406291,2.));
#1485 = VECTOR('',#1486,1.);
#1486 = DIRECTION('',(-1.175107055049E-16,4.585281957446E-17,-1.));
#1487 = ORIENTED_EDGE('',*,*,#1488,.F.);
#1488 = EDGE_CURVE('',#1450,#1481,#1489,.T.);
#1489 = LINE('',#1490,#1491);
#1490 = CARTESIAN_POINT('',(9.130081853642,11.076857282806,2.));
#1491 = VECTOR('',#1492,1.);
#1492 = DIRECTION('',(0.61421271269,0.789140509396,-3.599225180196E-17)
  );
#1493 = PLANE('',#1494);
#1494 = AXIS2_PLACEMENT_3D('',#1495,#1496,#1497);
#1495 = CARTESIAN_POINT('',(9.130081853642,11.076857282806,2.));
#1496 = DIRECTION('',(0.789140509396,-0.61421271269,-1.208958426969E-16)
  );
#1497 = DIRECTION('',(0.61421271269,0.789140509396,-3.599225180196E-17)
  );
#1498 = ADVANCED_FACE('',(#1499),#1524,.T.);
#1499 = FACE_BOUND('',#1500,.T.);
#1500 = EDGE_LOOP('',(#1501,#1502,#1510,#1518));
#1501 = ORIENTED_EDGE('',*,*,#1480,.T.);
#1502 = ORIENTED_EDGE('',*,*,#1503,.T.);
#1503 = EDGE_CURVE('',#1473,#1504,#1506,.T.);
#1504 = VERTEX_POINT('',#1505);
#1505 = CARTESIAN_POINT('',(9.729241304799,13.153601606512,1.6));
#1506 = LINE('',#1507,#1508);
#1507 = CARTESIAN_POINT('',(10.362717354193,12.660547406291,1.6));
#1508 = VECTOR('',#1509,1.);
#1509 = DIRECTION('',(-0.789140509396,0.61421271269,1.208958426969E-16)
  );
#1510 = ORIENTED_EDGE('',*,*,#1511,.F.);
#1511 = EDGE_CURVE('',#1512,#1504,#1514,.T.);
#1512 = VERTEX_POINT('',#1513);
#1513 = CARTESIAN_POINT('',(9.729241304799,13.153601606512,2.));
#1514 = LINE('',#1515,#1516);
#1515 = CARTESIAN_POINT('',(9.729241304799,13.153601606512,2.));
#1516 = VECTOR('',#1517,1.);
#1517 = DIRECTION('',(-1.175107055049E-16,4.585281957446E-17,-1.));
#1518 = ORIENTED_EDGE('',*,*,#1519,.F.);
#1519 = EDGE_CURVE('',#1481,#1512,#1520,.T.);
#1520 = LINE('',#1521,#1522);
#1521 = CARTESIAN_POINT('',(10.362717354193,12.660547406291,2.));
#1522 = VECTOR('',#1523,1.);
#1523 = DIRECTION('',(-0.789140509396,0.61421271269,1.208958426969E-16)
  );
#1524 = PLANE('',#1525);
#1525 = AXIS2_PLACEMENT_3D('',#1526,#1527,#1528);
#1526 = CARTESIAN_POINT('',(10.362717354193,12.660547406291,2.));
#1527 = DIRECTION('',(0.61421271269,0.789140509396,-3.599225180196E-17)
  );
#1528 = DIRECTION('',(-0.789140509396,0.61421271269,1.208958426969E-16)
  );
#1529 = ADVANCED_FACE('',(#1530),#1546,.T.);
#1530 = FACE_BOUND('',#1531,.T.);
#1531 = EDGE_LOOP('',(#1532,#1533,#1539,#1540));
#1532 = ORIENTED_EDGE('',*,*,#1511,.T.);
#1533 = ORIENTED_EDGE('',*,*,#1534,.T.);
#1534 = EDGE_CURVE('',#1504,#1434,#1535,.T.);
#1535 = LINE('',#1536,#1537);
#1536 = CARTESIAN_POINT('',(9.729241304799,13.153601606512,1.6));
#1537 = VECTOR('',#1538,1.);
#1538 = DIRECTION('',(-0.61421271269,-0.789140509396,3.599225180196E-17)
  );
#1539 = ORIENTED_EDGE('',*,*,#1431,.F.);
#1540 = ORIENTED_EDGE('',*,*,#1541,.F.);
#1541 = EDGE_CURVE('',#1512,#1432,#1542,.T.);
#1542 = LINE('',#1543,#1544);
#1543 = CARTESIAN_POINT('',(9.729241304799,13.153601606512,2.));
#1544 = VECTOR('',#1545,1.);
#1545 = DIRECTION('',(-0.61421271269,-0.789140509396,3.599225180196E-17)
  );
#1546 = PLANE('',#1547);
#1547 = AXIS2_PLACEMENT_3D('',#1548,#1549,#1550);
#1548 = CARTESIAN_POINT('',(9.729241304799,13.153601606512,2.));
#1549 = DIRECTION('',(-0.789140509396,0.61421271269,1.208958426969E-16)
  );
#1550 = DIRECTION('',(-0.61421271269,-0.789140509396,3.599225180196E-17)
  );
#1551 = ADVANCED_FACE('',(#1552),#1558,.T.);
#1552 = FACE_BOUND('',#1553,.T.);
#1553 = EDGE_LOOP('',(#1554,#1555,#1556,#1557));
#1554 = ORIENTED_EDGE('',*,*,#1457,.T.);
#1555 = ORIENTED_EDGE('',*,*,#1488,.T.);
#1556 = ORIENTED_EDGE('',*,*,#1519,.T.);
#1557 = ORIENTED_EDGE('',*,*,#1541,.T.);
#1558 = PLANE('',#1559);
#1559 = AXIS2_PLACEMENT_3D('',#1560,#1561,#1562);
#1560 = CARTESIAN_POINT('',(9.42966157922,12.115229444659,2.));
#1561 = DIRECTION('',(1.175107055049E-16,-4.585281957446E-17,1.));
#1562 = DIRECTION('',(0.677281571626,0.735723910673,-4.585281957446E-17)
  );
#1563 = ADVANCED_FACE('',(#1564),#1570,.F.);
#1564 = FACE_BOUND('',#1565,.F.);
#1565 = EDGE_LOOP('',(#1566,#1567,#1568,#1569));
#1566 = ORIENTED_EDGE('',*,*,#1441,.T.);
#1567 = ORIENTED_EDGE('',*,*,#1472,.T.);
#1568 = ORIENTED_EDGE('',*,*,#1503,.T.);
#1569 = ORIENTED_EDGE('',*,*,#1534,.T.);
#1570 = PLANE('',#1571);
#1571 = AXIS2_PLACEMENT_3D('',#1572,#1573,#1574);
#1572 = CARTESIAN_POINT('',(9.42966157922,12.115229444659,1.6));
#1573 = DIRECTION('',(1.175107055049E-16,-4.585281957446E-17,1.));
#1574 = DIRECTION('',(0.677281571626,0.735723910673,-4.585281957446E-17)
  );
#1575 = MANIFOLD_SOLID_BREP('',#1576);
#1576 = CLOSED_SHELL('',(#1577,#1617,#1648,#1679,#1701,#1713));
#1577 = ADVANCED_FACE('',(#1578),#1612,.T.);
#1578 = FACE_BOUND('',#1579,.T.);
#1579 = EDGE_LOOP('',(#1580,#1590,#1598,#1606));
#1580 = ORIENTED_EDGE('',*,*,#1581,.T.);
#1581 = EDGE_CURVE('',#1582,#1584,#1586,.T.);
#1582 = VERTEX_POINT('',#1583);
#1583 = CARTESIAN_POINT('',(6.476378335444,12.810608321779,2.));
#1584 = VERTEX_POINT('',#1585);
#1585 = CARTESIAN_POINT('',(6.476378335444,12.810608321779,1.6));
#1586 = LINE('',#1587,#1588);
#1587 = CARTESIAN_POINT('',(6.476378335444,12.810608321779,2.));
#1588 = VECTOR('',#1589,1.);
#1589 = DIRECTION('',(-1.432430085813E-16,4.264529134101E-17,-1.));
#1590 = ORIENTED_EDGE('',*,*,#1591,.T.);
#1591 = EDGE_CURVE('',#1584,#1592,#1594,.T.);
#1592 = VERTEX_POINT('',#1593);
#1593 = CARTESIAN_POINT('',(7.18236865127,12.428545469004,1.6));
#1594 = LINE('',#1595,#1596);
#1595 = CARTESIAN_POINT('',(6.476378335444,12.810608321779,1.6));
#1596 = VECTOR('',#1597,1.);
#1597 = DIRECTION('',(0.879473751206,-0.475947393037,-1.462753813301E-16
    ));
#1598 = ORIENTED_EDGE('',*,*,#1599,.F.);
#1599 = EDGE_CURVE('',#1600,#1592,#1602,.T.);
#1600 = VERTEX_POINT('',#1601);
#1601 = CARTESIAN_POINT('',(7.18236865127,12.428545469004,2.));
#1602 = LINE('',#1603,#1604);
#1603 = CARTESIAN_POINT('',(7.18236865127,12.428545469004,2.));
#1604 = VECTOR('',#1605,1.);
#1605 = DIRECTION('',(-1.432430085813E-16,4.264529134101E-17,-1.));
#1606 = ORIENTED_EDGE('',*,*,#1607,.F.);
#1607 = EDGE_CURVE('',#1582,#1600,#1608,.T.);
#1608 = LINE('',#1609,#1610);
#1609 = CARTESIAN_POINT('',(6.476378335444,12.810608321779,2.));
#1610 = VECTOR('',#1611,1.);
#1611 = DIRECTION('',(0.879473751206,-0.475947393037,-1.462753813301E-16
    ));
#1612 = PLANE('',#1613);
#1613 = AXIS2_PLACEMENT_3D('',#1614,#1615,#1616);
#1614 = CARTESIAN_POINT('',(6.476378335444,12.810608321779,2.));
#1615 = DIRECTION('',(-0.475947393037,-0.879473751206,3.067072215807E-17
    ));
#1616 = DIRECTION('',(0.879473751206,-0.475947393037,-1.462753813301E-16
    ));
#1617 = ADVANCED_FACE('',(#1618),#1643,.T.);
#1618 = FACE_BOUND('',#1619,.T.);
#1619 = EDGE_LOOP('',(#1620,#1621,#1629,#1637));
#1620 = ORIENTED_EDGE('',*,*,#1599,.T.);
#1621 = ORIENTED_EDGE('',*,*,#1622,.T.);
#1622 = EDGE_CURVE('',#1592,#1623,#1625,.T.);
#1623 = VERTEX_POINT('',#1624);
#1624 = CARTESIAN_POINT('',(8.137525783208,14.19352125857,1.6));
#1625 = LINE('',#1626,#1627);
#1626 = CARTESIAN_POINT('',(7.18236865127,12.428545469004,1.6));
#1627 = VECTOR('',#1628,1.);
#1628 = DIRECTION('',(0.475947393037,0.879473751206,-3.067072215807E-17)
  );
#1629 = ORIENTED_EDGE('',*,*,#1630,.F.);
#1630 = EDGE_CURVE('',#1631,#1623,#1633,.T.);
#1631 = VERTEX_POINT('',#1632);
#1632 = CARTESIAN_POINT('',(8.137525783208,14.19352125857,2.));
#1633 = LINE('',#1634,#1635);
#1634 = CARTESIAN_POINT('',(8.137525783208,14.19352125857,2.));
#1635 = VECTOR('',#1636,1.);
#1636 = DIRECTION('',(-1.432430085813E-16,4.264529134101E-17,-1.));
#1637 = ORIENTED_EDGE('',*,*,#1638,.F.);
#1638 = EDGE_CURVE('',#1600,#1631,#1639,.T.);
#1639 = LINE('',#1640,#1641);
#1640 = CARTESIAN_POINT('',(7.18236865127,12.428545469004,2.));
#1641 = VECTOR('',#1642,1.);
#1642 = DIRECTION('',(0.475947393037,0.879473751206,-3.067072215807E-17)
  );
#1643 = PLANE('',#1644);
#1644 = AXIS2_PLACEMENT_3D('',#1645,#1646,#1647);
#1645 = CARTESIAN_POINT('',(7.18236865127,12.428545469004,2.));
#1646 = DIRECTION('',(0.879473751206,-0.475947393037,-1.462753813301E-16
    ));
#1647 = DIRECTION('',(0.475947393037,0.879473751206,-3.067072215807E-17)
  );
#1648 = ADVANCED_FACE('',(#1649),#1674,.T.);
#1649 = FACE_BOUND('',#1650,.T.);
#1650 = EDGE_LOOP('',(#1651,#1652,#1660,#1668));
#1651 = ORIENTED_EDGE('',*,*,#1630,.T.);
#1652 = ORIENTED_EDGE('',*,*,#1653,.T.);
#1653 = EDGE_CURVE('',#1623,#1654,#1656,.T.);
#1654 = VERTEX_POINT('',#1655);
#1655 = CARTESIAN_POINT('',(7.431535467382,14.575584111345,1.6));
#1656 = LINE('',#1657,#1658);
#1657 = CARTESIAN_POINT('',(8.137525783208,14.19352125857,1.6));
#1658 = VECTOR('',#1659,1.);
#1659 = DIRECTION('',(-0.879473751206,0.475947393037,1.462753813301E-16)
  );
#1660 = ORIENTED_EDGE('',*,*,#1661,.F.);
#1661 = EDGE_CURVE('',#1662,#1654,#1664,.T.);
#1662 = VERTEX_POINT('',#1663);
#1663 = CARTESIAN_POINT('',(7.431535467382,14.575584111345,2.));
#1664 = LINE('',#1665,#1666);
#1665 = CARTESIAN_POINT('',(7.431535467382,14.575584111345,2.));
#1666 = VECTOR('',#1667,1.);
#1667 = DIRECTION('',(-1.432430085813E-16,4.264529134101E-17,-1.));
#1668 = ORIENTED_EDGE('',*,*,#1669,.F.);
#1669 = EDGE_CURVE('',#1631,#1662,#1670,.T.);
#1670 = LINE('',#1671,#1672);
#1671 = CARTESIAN_POINT('',(8.137525783208,14.19352125857,2.));
#1672 = VECTOR('',#1673,1.);
#1673 = DIRECTION('',(-0.879473751206,0.475947393037,1.462753813301E-16)
  );
#1674 = PLANE('',#1675);
#1675 = AXIS2_PLACEMENT_3D('',#1676,#1677,#1678);
#1676 = CARTESIAN_POINT('',(8.137525783208,14.19352125857,2.));
#1677 = DIRECTION('',(0.475947393037,0.879473751206,-3.067072215807E-17)
  );
#1678 = DIRECTION('',(-0.879473751206,0.475947393037,1.462753813301E-16)
  );
#1679 = ADVANCED_FACE('',(#1680),#1696,.T.);
#1680 = FACE_BOUND('',#1681,.T.);
#1681 = EDGE_LOOP('',(#1682,#1683,#1689,#1690));
#1682 = ORIENTED_EDGE('',*,*,#1661,.T.);
#1683 = ORIENTED_EDGE('',*,*,#1684,.T.);
#1684 = EDGE_CURVE('',#1654,#1584,#1685,.T.);
#1685 = LINE('',#1686,#1687);
#1686 = CARTESIAN_POINT('',(7.431535467382,14.575584111345,1.6));
#1687 = VECTOR('',#1688,1.);
#1688 = DIRECTION('',(-0.475947393037,-0.879473751206,3.067072215807E-17
    ));
#1689 = ORIENTED_EDGE('',*,*,#1581,.F.);
#1690 = ORIENTED_EDGE('',*,*,#1691,.F.);
#1691 = EDGE_CURVE('',#1662,#1582,#1692,.T.);
#1692 = LINE('',#1693,#1694);
#1693 = CARTESIAN_POINT('',(7.431535467382,14.575584111345,2.));
#1694 = VECTOR('',#1695,1.);
#1695 = DIRECTION('',(-0.475947393037,-0.879473751206,3.067072215807E-17
    ));
#1696 = PLANE('',#1697);
#1697 = AXIS2_PLACEMENT_3D('',#1698,#1699,#1700);
#1698 = CARTESIAN_POINT('',(7.431535467382,14.575584111345,2.));
#1699 = DIRECTION('',(-0.879473751206,0.475947393037,1.462753813301E-16)
  );
#1700 = DIRECTION('',(-0.475947393037,-0.879473751206,3.067072215807E-17
    ));
#1701 = ADVANCED_FACE('',(#1702),#1708,.T.);
#1702 = FACE_BOUND('',#1703,.T.);
#1703 = EDGE_LOOP('',(#1704,#1705,#1706,#1707));
#1704 = ORIENTED_EDGE('',*,*,#1607,.T.);
#1705 = ORIENTED_EDGE('',*,*,#1638,.T.);
#1706 = ORIENTED_EDGE('',*,*,#1669,.T.);
#1707 = ORIENTED_EDGE('',*,*,#1691,.T.);
#1708 = PLANE('',#1709);
#1709 = AXIS2_PLACEMENT_3D('',#1710,#1711,#1712);
#1710 = CARTESIAN_POINT('',(7.306952059326,13.502064790175,2.));
#1711 = DIRECTION('',(1.432430085813E-16,-4.264529134101E-17,1.));
#1712 = DIRECTION('',(0.546948158122,0.837166478263,-4.264529134101E-17)
  );
#1713 = ADVANCED_FACE('',(#1714),#1720,.F.);
#1714 = FACE_BOUND('',#1715,.F.);
#1715 = EDGE_LOOP('',(#1716,#1717,#1718,#1719));
#1716 = ORIENTED_EDGE('',*,*,#1591,.T.);
#1717 = ORIENTED_EDGE('',*,*,#1622,.T.);
#1718 = ORIENTED_EDGE('',*,*,#1653,.T.);
#1719 = ORIENTED_EDGE('',*,*,#1684,.T.);
#1720 = PLANE('',#1721);
#1721 = AXIS2_PLACEMENT_3D('',#1722,#1723,#1724);
#1722 = CARTESIAN_POINT('',(7.306952059326,13.502064790175,1.6));
#1723 = DIRECTION('',(1.432430085813E-16,-4.264529134101E-17,1.));
#1724 = DIRECTION('',(0.546948158122,0.837166478263,-4.264529134101E-17)
  );
#1725 = MANIFOLD_SOLID_BREP('',#1726);
#1726 = CLOSED_SHELL('',(#1727,#1767,#1798,#1829,#1851,#1863));
#1727 = ADVANCED_FACE('',(#1728),#1762,.T.);
#1728 = FACE_BOUND('',#1729,.T.);
#1729 = EDGE_LOOP('',(#1730,#1740,#1748,#1756));
#1730 = ORIENTED_EDGE('',*,*,#1731,.T.);
#1731 = EDGE_CURVE('',#1732,#1734,#1736,.T.);
#1732 = VERTEX_POINT('',#1733);
#1733 = CARTESIAN_POINT('',(4.279492148307,13.701865160278,2.));
#1734 = VERTEX_POINT('',#1735);
#1735 = CARTESIAN_POINT('',(4.279492148307,13.701865160278,1.6));
#1736 = LINE('',#1737,#1738);
#1737 = CARTESIAN_POINT('',(4.279492148307,13.701865160278,2.));
#1738 = VECTOR('',#1739,1.);
#1739 = DIRECTION('',(-1.680964147879E-16,3.524611173012E-17,-1.));
#1740 = ORIENTED_EDGE('',*,*,#1741,.T.);
#1741 = EDGE_CURVE('',#1734,#1742,#1744,.T.);
#1742 = VERTEX_POINT('',#1743);
#1743 = CARTESIAN_POINT('',(5.038739155129,13.441215333608,1.6));
#1744 = LINE('',#1745,#1746);
#1745 = CARTESIAN_POINT('',(4.279492148307,13.701865160278,1.6));
#1746 = VECTOR('',#1747,1.);
#1747 = DIRECTION('',(0.945817241701,-0.324699469205,-1.704328811447E-16
    ));
#1748 = ORIENTED_EDGE('',*,*,#1749,.F.);
#1749 = EDGE_CURVE('',#1750,#1742,#1752,.T.);
#1750 = VERTEX_POINT('',#1751);
#1751 = CARTESIAN_POINT('',(5.038739155129,13.441215333608,2.));
#1752 = LINE('',#1753,#1754);
#1753 = CARTESIAN_POINT('',(5.038739155129,13.441215333608,2.));
#1754 = VECTOR('',#1755,1.);
#1755 = DIRECTION('',(-1.680964147879E-16,3.524611173012E-17,-1.));
#1756 = ORIENTED_EDGE('',*,*,#1757,.F.);
#1757 = EDGE_CURVE('',#1732,#1750,#1758,.T.);
#1758 = LINE('',#1759,#1760);
#1759 = CARTESIAN_POINT('',(4.279492148307,13.701865160278,2.));
#1760 = VECTOR('',#1761,1.);
#1761 = DIRECTION('',(0.945817241701,-0.324699469205,-1.704328811447E-16
    ));
#1762 = PLANE('',#1763);
#1763 = AXIS2_PLACEMENT_3D('',#1764,#1765,#1766);
#1764 = CARTESIAN_POINT('',(4.279492148307,13.701865160278,2.));
#1765 = DIRECTION('',(-0.324699469205,-0.945817241701,2.124443647959E-17
    ));
#1766 = DIRECTION('',(0.945817241701,-0.324699469205,-1.704328811447E-16
    ));
#1767 = ADVANCED_FACE('',(#1768),#1793,.T.);
#1768 = FACE_BOUND('',#1769,.T.);
#1769 = EDGE_LOOP('',(#1770,#1771,#1779,#1787));
#1770 = ORIENTED_EDGE('',*,*,#1749,.T.);
#1771 = ORIENTED_EDGE('',*,*,#1772,.T.);
#1772 = EDGE_CURVE('',#1742,#1773,#1775,.T.);
#1773 = VERTEX_POINT('',#1774);
#1774 = CARTESIAN_POINT('',(5.690363721803,15.339332850663,1.6));
#1775 = LINE('',#1776,#1777);
#1776 = CARTESIAN_POINT('',(5.038739155129,13.441215333608,1.6));
#1777 = VECTOR('',#1778,1.);
#1778 = DIRECTION('',(0.324699469205,0.945817241701,-2.124443647959E-17)
  );
#1779 = ORIENTED_EDGE('',*,*,#1780,.F.);
#1780 = EDGE_CURVE('',#1781,#1773,#1783,.T.);
#1781 = VERTEX_POINT('',#1782);
#1782 = CARTESIAN_POINT('',(5.690363721803,15.339332850663,2.));
#1783 = LINE('',#1784,#1785);
#1784 = CARTESIAN_POINT('',(5.690363721803,15.339332850663,2.));
#1785 = VECTOR('',#1786,1.);
#1786 = DIRECTION('',(-1.680964147879E-16,3.524611173012E-17,-1.));
#1787 = ORIENTED_EDGE('',*,*,#1788,.F.);
#1788 = EDGE_CURVE('',#1750,#1781,#1789,.T.);
#1789 = LINE('',#1790,#1791);
#1790 = CARTESIAN_POINT('',(5.038739155129,13.441215333608,2.));
#1791 = VECTOR('',#1792,1.);
#1792 = DIRECTION('',(0.324699469205,0.945817241701,-2.124443647959E-17)
  );
#1793 = PLANE('',#1794);
#1794 = AXIS2_PLACEMENT_3D('',#1795,#1796,#1797);
#1795 = CARTESIAN_POINT('',(5.038739155129,13.441215333608,2.));
#1796 = DIRECTION('',(0.945817241701,-0.324699469205,-1.704328811447E-16
    ));
#1797 = DIRECTION('',(0.324699469205,0.945817241701,-2.124443647959E-17)
  );
#1798 = ADVANCED_FACE('',(#1799),#1824,.T.);
#1799 = FACE_BOUND('',#1800,.T.);
#1800 = EDGE_LOOP('',(#1801,#1802,#1810,#1818));
#1801 = ORIENTED_EDGE('',*,*,#1780,.T.);
#1802 = ORIENTED_EDGE('',*,*,#1803,.T.);
#1803 = EDGE_CURVE('',#1773,#1804,#1806,.T.);
#1804 = VERTEX_POINT('',#1805);
#1805 = CARTESIAN_POINT('',(4.931116714981,15.599982677332,1.6));
#1806 = LINE('',#1807,#1808);
#1807 = CARTESIAN_POINT('',(5.690363721803,15.339332850663,1.6));
#1808 = VECTOR('',#1809,1.);
#1809 = DIRECTION('',(-0.945817241701,0.324699469205,1.704328811447E-16)
  );
#1810 = ORIENTED_EDGE('',*,*,#1811,.F.);
#1811 = EDGE_CURVE('',#1812,#1804,#1814,.T.);
#1812 = VERTEX_POINT('',#1813);
#1813 = CARTESIAN_POINT('',(4.931116714981,15.599982677332,2.));
#1814 = LINE('',#1815,#1816);
#1815 = CARTESIAN_POINT('',(4.931116714981,15.599982677332,2.));
#1816 = VECTOR('',#1817,1.);
#1817 = DIRECTION('',(-1.680964147879E-16,3.524611173012E-17,-1.));
#1818 = ORIENTED_EDGE('',*,*,#1819,.F.);
#1819 = EDGE_CURVE('',#1781,#1812,#1820,.T.);
#1820 = LINE('',#1821,#1822);
#1821 = CARTESIAN_POINT('',(5.690363721803,15.339332850663,2.));
#1822 = VECTOR('',#1823,1.);
#1823 = DIRECTION('',(-0.945817241701,0.324699469205,1.704328811447E-16)
  );
#1824 = PLANE('',#1825);
#1825 = AXIS2_PLACEMENT_3D('',#1826,#1827,#1828);
#1826 = CARTESIAN_POINT('',(5.690363721803,15.339332850663,2.));
#1827 = DIRECTION('',(0.324699469205,0.945817241701,-2.124443647959E-17)
  );
#1828 = DIRECTION('',(-0.945817241701,0.324699469205,1.704328811447E-16)
  );
#1829 = ADVANCED_FACE('',(#1830),#1846,.T.);
#1830 = FACE_BOUND('',#1831,.T.);
#1831 = EDGE_LOOP('',(#1832,#1833,#1839,#1840));
#1832 = ORIENTED_EDGE('',*,*,#1811,.T.);
#1833 = ORIENTED_EDGE('',*,*,#1834,.T.);
#1834 = EDGE_CURVE('',#1804,#1734,#1835,.T.);
#1835 = LINE('',#1836,#1837);
#1836 = CARTESIAN_POINT('',(4.931116714981,15.599982677332,1.6));
#1837 = VECTOR('',#1838,1.);
#1838 = DIRECTION('',(-0.324699469205,-0.945817241701,2.124443647959E-17
    ));
#1839 = ORIENTED_EDGE('',*,*,#1731,.F.);
#1840 = ORIENTED_EDGE('',*,*,#1841,.F.);
#1841 = EDGE_CURVE('',#1812,#1732,#1842,.T.);
#1842 = LINE('',#1843,#1844);
#1843 = CARTESIAN_POINT('',(4.931116714981,15.599982677332,2.));
#1844 = VECTOR('',#1845,1.);
#1845 = DIRECTION('',(-0.324699469205,-0.945817241701,2.124443647959E-17
    ));
#1846 = PLANE('',#1847);
#1847 = AXIS2_PLACEMENT_3D('',#1848,#1849,#1850);
#1848 = CARTESIAN_POINT('',(4.931116714981,15.599982677332,2.));
#1849 = DIRECTION('',(-0.945817241701,0.324699469205,1.704328811447E-16)
  );
#1850 = DIRECTION('',(-0.324699469205,-0.945817241701,2.124443647959E-17
    ));
#1851 = ADVANCED_FACE('',(#1852),#1858,.T.);
#1852 = FACE_BOUND('',#1853,.T.);
#1853 = EDGE_LOOP('',(#1854,#1855,#1856,#1857));
#1854 = ORIENTED_EDGE('',*,*,#1757,.T.);
#1855 = ORIENTED_EDGE('',*,*,#1788,.T.);
#1856 = ORIENTED_EDGE('',*,*,#1819,.T.);
#1857 = ORIENTED_EDGE('',*,*,#1841,.T.);
#1858 = PLANE('',#1859);
#1859 = AXIS2_PLACEMENT_3D('',#1860,#1861,#1862);
#1860 = CARTESIAN_POINT('',(4.984927935055,14.52059900547,2.));
#1861 = DIRECTION('',(1.680964147879E-16,-3.524611173012E-17,1.));
#1862 = DIRECTION('',(0.401695424653,0.915773326655,-3.524611173012E-17)
  );
#1863 = ADVANCED_FACE('',(#1864),#1870,.F.);
#1864 = FACE_BOUND('',#1865,.F.);
#1865 = EDGE_LOOP('',(#1866,#1867,#1868,#1869));
#1866 = ORIENTED_EDGE('',*,*,#1741,.T.);
#1867 = ORIENTED_EDGE('',*,*,#1772,.T.);
#1868 = ORIENTED_EDGE('',*,*,#1803,.T.);
#1869 = ORIENTED_EDGE('',*,*,#1834,.T.);
#1870 = PLANE('',#1871);
#1871 = AXIS2_PLACEMENT_3D('',#1872,#1873,#1874);
#1872 = CARTESIAN_POINT('',(4.984927935055,14.52059900547,1.6));
#1873 = DIRECTION('',(1.680964147879E-16,-3.524611173012E-17,1.));
#1874 = DIRECTION('',(0.401695424653,0.915773326655,-3.524611173012E-17)
  );
#1875 = MANIFOLD_SOLID_BREP('',#1876);
#1876 = CLOSED_SHELL('',(#1877,#1917,#1948,#1979,#2001,#2013));
#1877 = ADVANCED_FACE('',(#1878),#1912,.T.);
#1878 = FACE_BOUND('',#1879,.T.);
#1879 = EDGE_LOOP('',(#1880,#1890,#1898,#1906));
#1880 = ORIENTED_EDGE('',*,*,#1881,.T.);
#1881 = EDGE_CURVE('',#1882,#1884,#1886,.T.);
#1882 = VERTEX_POINT('',#1883);
#1883 = CARTESIAN_POINT('',(1.965872571168,14.2193708353,2.));
#1884 = VERTEX_POINT('',#1885);
#1885 = CARTESIAN_POINT('',(1.965872571168,14.2193708353,1.6));
#1886 = LINE('',#1887,#1888);
#1887 = CARTESIAN_POINT('',(1.965872571168,14.2193708353,2.));
#1888 = VECTOR('',#1889,1.);
#1889 = DIRECTION('',(-1.913929879914E-16,2.385711107335E-17,-1.));
#1890 = ORIENTED_EDGE('',*,*,#1891,.T.);
#1891 = EDGE_CURVE('',#1884,#1892,#1894,.T.);
#1892 = VERTEX_POINT('',#1893);
#1893 = CARTESIAN_POINT('',(2.757665989849,14.087243882544,1.6));
#1894 = LINE('',#1895,#1896);
#1895 = CARTESIAN_POINT('',(1.965872571168,14.2193708353,1.6));
#1896 = VECTOR('',#1897,1.);
#1897 = DIRECTION('',(0.986361303403,-0.164594590281,-1.927093885197E-16
    ));
#1898 = ORIENTED_EDGE('',*,*,#1899,.F.);
#1899 = EDGE_CURVE('',#1900,#1892,#1902,.T.);
#1900 = VERTEX_POINT('',#1901);
#1901 = CARTESIAN_POINT('',(2.757665989849,14.087243882544,2.));
#1902 = LINE('',#1903,#1904);
#1903 = CARTESIAN_POINT('',(2.757665989849,14.087243882544,2.));
#1904 = VECTOR('',#1905,1.);
#1905 = DIRECTION('',(-1.913929879914E-16,2.385711107335E-17,-1.));
#1906 = ORIENTED_EDGE('',*,*,#1907,.F.);
#1907 = EDGE_CURVE('',#1882,#1900,#1908,.T.);
#1908 = LINE('',#1909,#1910);
#1909 = CARTESIAN_POINT('',(1.965872571168,14.2193708353,2.));
#1910 = VECTOR('',#1911,1.);
#1911 = DIRECTION('',(0.986361303403,-0.164594590281,-1.927093885197E-16
    ));
#1912 = PLANE('',#1913);
#1913 = AXIS2_PLACEMENT_3D('',#1914,#1915,#1916);
#1914 = CARTESIAN_POINT('',(1.965872571168,14.2193708353,2.));
#1915 = DIRECTION('',(-0.164594590281,-0.986361303403,7.970519267314E-18
    ));
#1916 = DIRECTION('',(0.986361303403,-0.164594590281,-1.927093885197E-16
    ));
#1917 = ADVANCED_FACE('',(#1918),#1943,.T.);
#1918 = FACE_BOUND('',#1919,.T.);
#1919 = EDGE_LOOP('',(#1920,#1921,#1929,#1937));
#1920 = ORIENTED_EDGE('',*,*,#1899,.T.);
#1921 = ORIENTED_EDGE('',*,*,#1922,.T.);
#1922 = EDGE_CURVE('',#1892,#1923,#1925,.T.);
#1923 = VERTEX_POINT('',#1924);
#1924 = CARTESIAN_POINT('',(3.087983371739,16.066727429247,1.6));
#1925 = LINE('',#1926,#1927);
#1926 = CARTESIAN_POINT('',(2.757665989849,14.087243882544,1.6));
#1927 = VECTOR('',#1928,1.);
#1928 = DIRECTION('',(0.164594590281,0.986361303403,-7.970519267315E-18)
  );
#1929 = ORIENTED_EDGE('',*,*,#1930,.F.);
#1930 = EDGE_CURVE('',#1931,#1923,#1933,.T.);
#1931 = VERTEX_POINT('',#1932);
#1932 = CARTESIAN_POINT('',(3.087983371739,16.066727429247,2.));
#1933 = LINE('',#1934,#1935);
#1934 = CARTESIAN_POINT('',(3.087983371739,16.066727429247,2.));
#1935 = VECTOR('',#1936,1.);
#1936 = DIRECTION('',(-1.913929879914E-16,2.385711107335E-17,-1.));
#1937 = ORIENTED_EDGE('',*,*,#1938,.F.);
#1938 = EDGE_CURVE('',#1900,#1931,#1939,.T.);
#1939 = LINE('',#1940,#1941);
#1940 = CARTESIAN_POINT('',(2.757665989849,14.087243882544,2.));
#1941 = VECTOR('',#1942,1.);
#1942 = DIRECTION('',(0.164594590281,0.986361303403,-7.970519267315E-18)
  );
#1943 = PLANE('',#1944);
#1944 = AXIS2_PLACEMENT_3D('',#1945,#1946,#1947);
#1945 = CARTESIAN_POINT('',(2.757665989849,14.087243882544,2.));
#1946 = DIRECTION('',(0.986361303403,-0.164594590281,-1.927093885197E-16
    ));
#1947 = DIRECTION('',(0.164594590281,0.986361303403,-7.970519267315E-18)
  );
#1948 = ADVANCED_FACE('',(#1949),#1974,.T.);
#1949 = FACE_BOUND('',#1950,.T.);
#1950 = EDGE_LOOP('',(#1951,#1952,#1960,#1968));
#1951 = ORIENTED_EDGE('',*,*,#1930,.T.);
#1952 = ORIENTED_EDGE('',*,*,#1953,.T.);
#1953 = EDGE_CURVE('',#1923,#1954,#1956,.T.);
#1954 = VERTEX_POINT('',#1955);
#1955 = CARTESIAN_POINT('',(2.296189953058,16.198854382002,1.6));
#1956 = LINE('',#1957,#1958);
#1957 = CARTESIAN_POINT('',(3.087983371739,16.066727429247,1.6));
#1958 = VECTOR('',#1959,1.);
#1959 = DIRECTION('',(-0.986361303403,0.164594590281,1.927093885197E-16)
  );
#1960 = ORIENTED_EDGE('',*,*,#1961,.F.);
#1961 = EDGE_CURVE('',#1962,#1954,#1964,.T.);
#1962 = VERTEX_POINT('',#1963);
#1963 = CARTESIAN_POINT('',(2.296189953058,16.198854382002,2.));
#1964 = LINE('',#1965,#1966);
#1965 = CARTESIAN_POINT('',(2.296189953058,16.198854382002,2.));
#1966 = VECTOR('',#1967,1.);
#1967 = DIRECTION('',(-1.913929879914E-16,2.385711107335E-17,-1.));
#1968 = ORIENTED_EDGE('',*,*,#1969,.F.);
#1969 = EDGE_CURVE('',#1931,#1962,#1970,.T.);
#1970 = LINE('',#1971,#1972);
#1971 = CARTESIAN_POINT('',(3.087983371739,16.066727429247,2.));
#1972 = VECTOR('',#1973,1.);
#1973 = DIRECTION('',(-0.986361303403,0.164594590281,1.927093885197E-16)
  );
#1974 = PLANE('',#1975);
#1975 = AXIS2_PLACEMENT_3D('',#1976,#1977,#1978);
#1976 = CARTESIAN_POINT('',(3.087983371739,16.066727429247,2.));
#1977 = DIRECTION('',(0.164594590281,0.986361303403,-7.970519267314E-18)
  );
#1978 = DIRECTION('',(-0.986361303403,0.164594590281,1.927093885197E-16)
  );
#1979 = ADVANCED_FACE('',(#1980),#1996,.T.);
#1980 = FACE_BOUND('',#1981,.T.);
#1981 = EDGE_LOOP('',(#1982,#1983,#1989,#1990));
#1982 = ORIENTED_EDGE('',*,*,#1961,.T.);
#1983 = ORIENTED_EDGE('',*,*,#1984,.T.);
#1984 = EDGE_CURVE('',#1954,#1884,#1985,.T.);
#1985 = LINE('',#1986,#1987);
#1986 = CARTESIAN_POINT('',(2.296189953058,16.198854382002,1.6));
#1987 = VECTOR('',#1988,1.);
#1988 = DIRECTION('',(-0.164594590281,-0.986361303403,7.970519267315E-18
    ));
#1989 = ORIENTED_EDGE('',*,*,#1881,.F.);
#1990 = ORIENTED_EDGE('',*,*,#1991,.F.);
#1991 = EDGE_CURVE('',#1962,#1882,#1992,.T.);
#1992 = LINE('',#1993,#1994);
#1993 = CARTESIAN_POINT('',(2.296189953058,16.198854382002,2.));
#1994 = VECTOR('',#1995,1.);
#1995 = DIRECTION('',(-0.164594590281,-0.986361303403,7.970519267315E-18
    ));
#1996 = PLANE('',#1997);
#1997 = AXIS2_PLACEMENT_3D('',#1998,#1999,#2000);
#1998 = CARTESIAN_POINT('',(2.296189953058,16.198854382002,2.));
#1999 = DIRECTION('',(-0.986361303403,0.164594590281,1.927093885197E-16)
  );
#2000 = DIRECTION('',(-0.164594590281,-0.986361303403,7.970519267315E-18
    ));
#2001 = ADVANCED_FACE('',(#2002),#2008,.T.);
#2002 = FACE_BOUND('',#2003,.T.);
#2003 = EDGE_LOOP('',(#2004,#2005,#2006,#2007));
#2004 = ORIENTED_EDGE('',*,*,#1907,.T.);
#2005 = ORIENTED_EDGE('',*,*,#1938,.T.);
#2006 = ORIENTED_EDGE('',*,*,#1969,.T.);
#2007 = ORIENTED_EDGE('',*,*,#1991,.T.);
#2008 = PLANE('',#2009);
#2009 = AXIS2_PLACEMENT_3D('',#2010,#2011,#2012);
#2010 = CARTESIAN_POINT('',(2.526927971453,15.143049132273,2.));
#2011 = DIRECTION('',(1.913929879914E-16,-2.385711107335E-17,1.));
#2012 = DIRECTION('',(0.245485487141,0.969400265939,-2.385711107335E-17)
  );
#2013 = ADVANCED_FACE('',(#2014),#2020,.F.);
#2014 = FACE_BOUND('',#2015,.F.);
#2015 = EDGE_LOOP('',(#2016,#2017,#2018,#2019));
#2016 = ORIENTED_EDGE('',*,*,#1891,.T.);
#2017 = ORIENTED_EDGE('',*,*,#1922,.T.);
#2018 = ORIENTED_EDGE('',*,*,#1953,.T.);
#2019 = ORIENTED_EDGE('',*,*,#1984,.T.);
#2020 = PLANE('',#2021);
#2021 = AXIS2_PLACEMENT_3D('',#2022,#2023,#2024);
#2022 = CARTESIAN_POINT('',(2.526927971453,15.143049132273,1.6));
#2023 = DIRECTION('',(1.913929879914E-16,-2.385711107335E-17,1.));
#2024 = DIRECTION('',(0.245485487141,0.969400265939,-2.385711107335E-17)
  );
#2025 = MANIFOLD_SOLID_BREP('',#2026);
#2026 = CLOSED_SHELL('',(#2027,#2067,#2098,#2129,#2151,#2163));
#2027 = ADVANCED_FACE('',(#2028),#2062,.T.);
#2028 = FACE_BOUND('',#2029,.T.);
#2029 = EDGE_LOOP('',(#2030,#2040,#2048,#2056));
#2030 = ORIENTED_EDGE('',*,*,#2031,.T.);
#2031 = EDGE_CURVE('',#2032,#2034,#2036,.T.);
#2032 = VERTEX_POINT('',#2033);
#2033 = CARTESIAN_POINT('',(-0.401370885065,14.349009141069,2.));
#2034 = VERTEX_POINT('',#2035);
#2035 = CARTESIAN_POINT('',(-0.401370885065,14.349009141069,1.6));
#2036 = LINE('',#2037,#2038);
#2037 = CARTESIAN_POINT('',(-0.401370885065,14.349009141069,2.));
#2038 = VECTOR('',#2039,1.);
#2039 = DIRECTION('',(-2.124972584044E-16,8.78895161971E-18,-1.));
#2040 = ORIENTED_EDGE('',*,*,#2041,.T.);
#2041 = EDGE_CURVE('',#2034,#2042,#2044,.T.);
#2042 = VERTEX_POINT('',#2043);
#2043 = CARTESIAN_POINT('',(0.401370885065,14.349009141069,1.6));
#2044 = LINE('',#2045,#2046);
#2045 = CARTESIAN_POINT('',(-0.401370885065,14.349009141069,1.6));
#2046 = VECTOR('',#2047,1.);
#2047 = DIRECTION('',(1.,1.693090112553E-15,-2.124972584044E-16));
#2048 = ORIENTED_EDGE('',*,*,#2049,.F.);
#2049 = EDGE_CURVE('',#2050,#2042,#2052,.T.);
#2050 = VERTEX_POINT('',#2051);
#2051 = CARTESIAN_POINT('',(0.401370885065,14.349009141069,2.));
#2052 = LINE('',#2053,#2054);
#2053 = CARTESIAN_POINT('',(0.401370885065,14.349009141069,2.));
#2054 = VECTOR('',#2055,1.);
#2055 = DIRECTION('',(-2.124972584044E-16,8.78895161971E-18,-1.));
#2056 = ORIENTED_EDGE('',*,*,#2057,.F.);
#2057 = EDGE_CURVE('',#2032,#2050,#2058,.T.);
#2058 = LINE('',#2059,#2060);
#2059 = CARTESIAN_POINT('',(-0.401370885065,14.349009141069,2.));
#2060 = VECTOR('',#2061,1.);
#2061 = DIRECTION('',(1.,1.693090112553E-15,-2.124972584044E-16));
#2062 = PLANE('',#2063);
#2063 = AXIS2_PLACEMENT_3D('',#2064,#2065,#2066);
#2064 = CARTESIAN_POINT('',(-0.401370885065,14.349009141069,2.));
#2065 = DIRECTION('',(1.693090112553E-15,-1.,-8.78895161971E-18));
#2066 = DIRECTION('',(1.,1.693090112553E-15,-2.124972584044E-16));
#2067 = ADVANCED_FACE('',(#2068),#2093,.T.);
#2068 = FACE_BOUND('',#2069,.T.);
#2069 = EDGE_LOOP('',(#2070,#2071,#2079,#2087));
#2070 = ORIENTED_EDGE('',*,*,#2049,.T.);
#2071 = ORIENTED_EDGE('',*,*,#2072,.T.);
#2072 = EDGE_CURVE('',#2042,#2073,#2075,.T.);
#2073 = VERTEX_POINT('',#2074);
#2074 = CARTESIAN_POINT('',(0.401370885065,16.355863566393,1.6));
#2075 = LINE('',#2076,#2077);
#2076 = CARTESIAN_POINT('',(0.401370885065,14.349009141069,1.6));
#2077 = VECTOR('',#2078,1.);
#2078 = DIRECTION('',(2.775557561563E-17,1.,8.78895161971E-18));
#2079 = ORIENTED_EDGE('',*,*,#2080,.F.);
#2080 = EDGE_CURVE('',#2081,#2073,#2083,.T.);
#2081 = VERTEX_POINT('',#2082);
#2082 = CARTESIAN_POINT('',(0.401370885065,16.355863566393,2.));
#2083 = LINE('',#2084,#2085);
#2084 = CARTESIAN_POINT('',(0.401370885065,16.355863566393,2.));
#2085 = VECTOR('',#2086,1.);
#2086 = DIRECTION('',(-2.124972584044E-16,8.78895161971E-18,-1.));
#2087 = ORIENTED_EDGE('',*,*,#2088,.F.);
#2088 = EDGE_CURVE('',#2050,#2081,#2089,.T.);
#2089 = LINE('',#2090,#2091);
#2090 = CARTESIAN_POINT('',(0.401370885065,14.349009141069,2.));
#2091 = VECTOR('',#2092,1.);
#2092 = DIRECTION('',(2.775557561563E-17,1.,8.78895161971E-18));
#2093 = PLANE('',#2094);
#2094 = AXIS2_PLACEMENT_3D('',#2095,#2096,#2097);
#2095 = CARTESIAN_POINT('',(0.401370885065,14.349009141069,2.));
#2096 = DIRECTION('',(1.,-2.775557561563E-17,-2.124972584044E-16));
#2097 = DIRECTION('',(2.775557561563E-17,1.,8.78895161971E-18));
#2098 = ADVANCED_FACE('',(#2099),#2124,.T.);
#2099 = FACE_BOUND('',#2100,.T.);
#2100 = EDGE_LOOP('',(#2101,#2102,#2110,#2118));
#2101 = ORIENTED_EDGE('',*,*,#2080,.T.);
#2102 = ORIENTED_EDGE('',*,*,#2103,.T.);
#2103 = EDGE_CURVE('',#2073,#2104,#2106,.T.);
#2104 = VERTEX_POINT('',#2105);
#2105 = CARTESIAN_POINT('',(-0.401370885065,16.355863566393,1.6));
#2106 = LINE('',#2107,#2108);
#2107 = CARTESIAN_POINT('',(0.401370885065,16.355863566393,1.6));
#2108 = VECTOR('',#2109,1.);
#2109 = DIRECTION('',(-1.,-1.679212324746E-15,2.124972584044E-16));
#2110 = ORIENTED_EDGE('',*,*,#2111,.F.);
#2111 = EDGE_CURVE('',#2112,#2104,#2114,.T.);
#2112 = VERTEX_POINT('',#2113);
#2113 = CARTESIAN_POINT('',(-0.401370885065,16.355863566393,2.));
#2114 = LINE('',#2115,#2116);
#2115 = CARTESIAN_POINT('',(-0.401370885065,16.355863566393,2.));
#2116 = VECTOR('',#2117,1.);
#2117 = DIRECTION('',(-2.124972584044E-16,8.78895161971E-18,-1.));
#2118 = ORIENTED_EDGE('',*,*,#2119,.F.);
#2119 = EDGE_CURVE('',#2081,#2112,#2120,.T.);
#2120 = LINE('',#2121,#2122);
#2121 = CARTESIAN_POINT('',(0.401370885065,16.355863566393,2.));
#2122 = VECTOR('',#2123,1.);
#2123 = DIRECTION('',(-1.,-1.679212324746E-15,2.124972584044E-16));
#2124 = PLANE('',#2125);
#2125 = AXIS2_PLACEMENT_3D('',#2126,#2127,#2128);
#2126 = CARTESIAN_POINT('',(0.401370885065,16.355863566393,2.));
#2127 = DIRECTION('',(-1.679212324746E-15,1.,8.78895161971E-18));
#2128 = DIRECTION('',(-1.,-1.679212324746E-15,2.124972584044E-16));
#2129 = ADVANCED_FACE('',(#2130),#2146,.T.);
#2130 = FACE_BOUND('',#2131,.T.);
#2131 = EDGE_LOOP('',(#2132,#2133,#2139,#2140));
#2132 = ORIENTED_EDGE('',*,*,#2111,.T.);
#2133 = ORIENTED_EDGE('',*,*,#2134,.T.);
#2134 = EDGE_CURVE('',#2104,#2034,#2135,.T.);
#2135 = LINE('',#2136,#2137);
#2136 = CARTESIAN_POINT('',(-0.401370885065,16.355863566393,1.6));
#2137 = VECTOR('',#2138,1.);
#2138 = DIRECTION('',(2.775557561563E-17,-1.,-8.78895161971E-18));
#2139 = ORIENTED_EDGE('',*,*,#2031,.F.);
#2140 = ORIENTED_EDGE('',*,*,#2141,.F.);
#2141 = EDGE_CURVE('',#2112,#2032,#2142,.T.);
#2142 = LINE('',#2143,#2144);
#2143 = CARTESIAN_POINT('',(-0.401370885065,16.355863566393,2.));
#2144 = VECTOR('',#2145,1.);
#2145 = DIRECTION('',(2.775557561563E-17,-1.,-8.78895161971E-18));
#2146 = PLANE('',#2147);
#2147 = AXIS2_PLACEMENT_3D('',#2148,#2149,#2150);
#2148 = CARTESIAN_POINT('',(-0.401370885065,16.355863566393,2.));
#2149 = DIRECTION('',(-1.,-2.775557561563E-17,2.124972584044E-16));
#2150 = DIRECTION('',(2.775557561563E-17,-1.,-8.78895161971E-18));
#2151 = ADVANCED_FACE('',(#2152),#2158,.T.);
#2152 = FACE_BOUND('',#2153,.T.);
#2153 = EDGE_LOOP('',(#2154,#2155,#2156,#2157));
#2154 = ORIENTED_EDGE('',*,*,#2057,.T.);
#2155 = ORIENTED_EDGE('',*,*,#2088,.T.);
#2156 = ORIENTED_EDGE('',*,*,#2119,.T.);
#2157 = ORIENTED_EDGE('',*,*,#2141,.T.);
#2158 = PLANE('',#2159);
#2159 = AXIS2_PLACEMENT_3D('',#2160,#2161,#2162);
#2160 = CARTESIAN_POINT('',(8.690837266588E-16,15.352436353731,2.));
#2161 = DIRECTION('',(2.124972584044E-16,-8.78895161971E-18,1.));
#2162 = DIRECTION('',(8.257934547233E-02,0.996584493007,
    -8.78895161971E-18));
#2163 = ADVANCED_FACE('',(#2164),#2170,.F.);
#2164 = FACE_BOUND('',#2165,.F.);
#2165 = EDGE_LOOP('',(#2166,#2167,#2168,#2169));
#2166 = ORIENTED_EDGE('',*,*,#2041,.T.);
#2167 = ORIENTED_EDGE('',*,*,#2072,.T.);
#2168 = ORIENTED_EDGE('',*,*,#2103,.T.);
#2169 = ORIENTED_EDGE('',*,*,#2134,.T.);
#2170 = PLANE('',#2171);
#2171 = AXIS2_PLACEMENT_3D('',#2172,#2173,#2174);
#2172 = CARTESIAN_POINT('',(7.840848232971E-16,15.352436353731,1.6));
#2173 = DIRECTION('',(2.124972584044E-16,-8.78895161971E-18,1.));
#2174 = DIRECTION('',(8.257934547233E-02,0.996584493007,
    -8.78895161971E-18));
#2175 = MANIFOLD_SOLID_BREP('',#2176);
#2176 = CLOSED_SHELL('',(#2177,#2217,#2248,#2279,#2301,#2313));
#2177 = ADVANCED_FACE('',(#2178),#2212,.T.);
#2178 = FACE_BOUND('',#2179,.T.);
#2179 = EDGE_LOOP('',(#2180,#2190,#2198,#2206));
#2180 = ORIENTED_EDGE('',*,*,#2181,.T.);
#2181 = EDGE_CURVE('',#2182,#2184,#2186,.T.);
#2182 = VERTEX_POINT('',#2183);
#2183 = CARTESIAN_POINT('',(-2.757665989849,14.087243882544,2.));
#2184 = VERTEX_POINT('',#2185);
#2185 = CARTESIAN_POINT('',(-2.757665989849,14.087243882544,1.6));
#2186 = LINE('',#2187,#2188);
#2187 = CARTESIAN_POINT('',(-2.757665989849,14.087243882544,2.));
#2188 = VECTOR('',#2189,1.);
#2189 = DIRECTION('',(-2.308335565447E-16,-9.547346520662E-18,-1.));
#2190 = ORIENTED_EDGE('',*,*,#2191,.T.);
#2191 = EDGE_CURVE('',#2184,#2192,#2194,.T.);
#2192 = VERTEX_POINT('',#2193);
#2193 = CARTESIAN_POINT('',(-1.965872571168,14.2193708353,1.6));
#2194 = LINE('',#2195,#2196);
#2195 = CARTESIAN_POINT('',(-2.757665989849,14.087243882544,1.6));
#2196 = VECTOR('',#2197,1.);
#2197 = DIRECTION('',(0.986361303403,0.164594590281,-2.292567292914E-16)
  );
#2198 = ORIENTED_EDGE('',*,*,#2199,.F.);
#2199 = EDGE_CURVE('',#2200,#2192,#2202,.T.);
#2200 = VERTEX_POINT('',#2201);
#2201 = CARTESIAN_POINT('',(-1.965872571168,14.2193708353,2.));
#2202 = LINE('',#2203,#2204);
#2203 = CARTESIAN_POINT('',(-1.965872571168,14.2193708353,2.));
#2204 = VECTOR('',#2205,1.);
#2205 = DIRECTION('',(-2.308335565447E-16,-9.547346520662E-18,-1.));
#2206 = ORIENTED_EDGE('',*,*,#2207,.F.);
#2207 = EDGE_CURVE('',#2182,#2200,#2208,.T.);
#2208 = LINE('',#2209,#2210);
#2209 = CARTESIAN_POINT('',(-2.757665989849,14.087243882544,2.));
#2210 = VECTOR('',#2211,1.);
#2211 = DIRECTION('',(0.986361303403,0.164594590281,-2.292567292914E-16)
  );
#2212 = PLANE('',#2213);
#2213 = AXIS2_PLACEMENT_3D('',#2214,#2215,#2216);
#2214 = CARTESIAN_POINT('',(-2.757665989849,14.087243882544,2.));
#2215 = DIRECTION('',(0.164594590281,-0.986361303403,-2.857682150437E-17
    ));
#2216 = DIRECTION('',(0.986361303403,0.164594590281,-2.292567292914E-16)
  );
#2217 = ADVANCED_FACE('',(#2218),#2243,.T.);
#2218 = FACE_BOUND('',#2219,.T.);
#2219 = EDGE_LOOP('',(#2220,#2221,#2229,#2237));
#2220 = ORIENTED_EDGE('',*,*,#2199,.T.);
#2221 = ORIENTED_EDGE('',*,*,#2222,.T.);
#2222 = EDGE_CURVE('',#2192,#2223,#2225,.T.);
#2223 = VERTEX_POINT('',#2224);
#2224 = CARTESIAN_POINT('',(-2.296189953058,16.198854382002,1.6));
#2225 = LINE('',#2226,#2227);
#2226 = CARTESIAN_POINT('',(-1.965872571168,14.2193708353,1.6));
#2227 = VECTOR('',#2228,1.);
#2228 = DIRECTION('',(-0.164594590281,0.986361303403,2.857682150437E-17)
  );
#2229 = ORIENTED_EDGE('',*,*,#2230,.F.);
#2230 = EDGE_CURVE('',#2231,#2223,#2233,.T.);
#2231 = VERTEX_POINT('',#2232);
#2232 = CARTESIAN_POINT('',(-2.296189953058,16.198854382002,2.));
#2233 = LINE('',#2234,#2235);
#2234 = CARTESIAN_POINT('',(-2.296189953058,16.198854382002,2.));
#2235 = VECTOR('',#2236,1.);
#2236 = DIRECTION('',(-2.308335565447E-16,-9.547346520662E-18,-1.));
#2237 = ORIENTED_EDGE('',*,*,#2238,.F.);
#2238 = EDGE_CURVE('',#2200,#2231,#2239,.T.);
#2239 = LINE('',#2240,#2241);
#2240 = CARTESIAN_POINT('',(-1.965872571168,14.2193708353,2.));
#2241 = VECTOR('',#2242,1.);
#2242 = DIRECTION('',(-0.164594590281,0.986361303403,2.857682150437E-17)
  );
#2243 = PLANE('',#2244);
#2244 = AXIS2_PLACEMENT_3D('',#2245,#2246,#2247);
#2245 = CARTESIAN_POINT('',(-1.965872571168,14.2193708353,2.));
#2246 = DIRECTION('',(0.986361303403,0.164594590281,-2.292567292914E-16)
  );
#2247 = DIRECTION('',(-0.164594590281,0.986361303403,2.857682150437E-17)
  );
#2248 = ADVANCED_FACE('',(#2249),#2274,.T.);
#2249 = FACE_BOUND('',#2250,.T.);
#2250 = EDGE_LOOP('',(#2251,#2252,#2260,#2268));
#2251 = ORIENTED_EDGE('',*,*,#2230,.T.);
#2252 = ORIENTED_EDGE('',*,*,#2253,.T.);
#2253 = EDGE_CURVE('',#2223,#2254,#2256,.T.);
#2254 = VERTEX_POINT('',#2255);
#2255 = CARTESIAN_POINT('',(-3.087983371739,16.066727429247,1.6));
#2256 = LINE('',#2257,#2258);
#2257 = CARTESIAN_POINT('',(-2.296189953058,16.198854382002,1.6));
#2258 = VECTOR('',#2259,1.);
#2259 = DIRECTION('',(-0.986361303403,-0.164594590281,2.292567292914E-16
    ));
#2260 = ORIENTED_EDGE('',*,*,#2261,.F.);
#2261 = EDGE_CURVE('',#2262,#2254,#2264,.T.);
#2262 = VERTEX_POINT('',#2263);
#2263 = CARTESIAN_POINT('',(-3.087983371739,16.066727429247,2.));
#2264 = LINE('',#2265,#2266);
#2265 = CARTESIAN_POINT('',(-3.087983371739,16.066727429247,2.));
#2266 = VECTOR('',#2267,1.);
#2267 = DIRECTION('',(-2.308335565447E-16,-9.547346520662E-18,-1.));
#2268 = ORIENTED_EDGE('',*,*,#2269,.F.);
#2269 = EDGE_CURVE('',#2231,#2262,#2270,.T.);
#2270 = LINE('',#2271,#2272);
#2271 = CARTESIAN_POINT('',(-2.296189953058,16.198854382002,2.));
#2272 = VECTOR('',#2273,1.);
#2273 = DIRECTION('',(-0.986361303403,-0.164594590281,2.292567292914E-16
    ));
#2274 = PLANE('',#2275);
#2275 = AXIS2_PLACEMENT_3D('',#2276,#2277,#2278);
#2276 = CARTESIAN_POINT('',(-2.296189953058,16.198854382002,2.));
#2277 = DIRECTION('',(-0.164594590281,0.986361303403,2.857682150437E-17)
  );
#2278 = DIRECTION('',(-0.986361303403,-0.164594590281,2.292567292914E-16
    ));
#2279 = ADVANCED_FACE('',(#2280),#2296,.T.);
#2280 = FACE_BOUND('',#2281,.T.);
#2281 = EDGE_LOOP('',(#2282,#2283,#2289,#2290));
#2282 = ORIENTED_EDGE('',*,*,#2261,.T.);
#2283 = ORIENTED_EDGE('',*,*,#2284,.T.);
#2284 = EDGE_CURVE('',#2254,#2184,#2285,.T.);
#2285 = LINE('',#2286,#2287);
#2286 = CARTESIAN_POINT('',(-3.087983371739,16.066727429247,1.6));
#2287 = VECTOR('',#2288,1.);
#2288 = DIRECTION('',(0.164594590281,-0.986361303403,-2.857682150437E-17
    ));
#2289 = ORIENTED_EDGE('',*,*,#2181,.F.);
#2290 = ORIENTED_EDGE('',*,*,#2291,.F.);
#2291 = EDGE_CURVE('',#2262,#2182,#2292,.T.);
#2292 = LINE('',#2293,#2294);
#2293 = CARTESIAN_POINT('',(-3.087983371739,16.066727429247,2.));
#2294 = VECTOR('',#2295,1.);
#2295 = DIRECTION('',(0.164594590281,-0.986361303403,-2.857682150437E-17
    ));
#2296 = PLANE('',#2297);
#2297 = AXIS2_PLACEMENT_3D('',#2298,#2299,#2300);
#2298 = CARTESIAN_POINT('',(-3.087983371739,16.066727429247,2.));
#2299 = DIRECTION('',(-0.986361303403,-0.164594590281,2.292567292914E-16
    ));
#2300 = DIRECTION('',(0.164594590281,-0.986361303403,-2.857682150437E-17
    ));
#2301 = ADVANCED_FACE('',(#2302),#2308,.T.);
#2302 = FACE_BOUND('',#2303,.T.);
#2303 = EDGE_LOOP('',(#2304,#2305,#2306,#2307));
#2304 = ORIENTED_EDGE('',*,*,#2207,.T.);
#2305 = ORIENTED_EDGE('',*,*,#2238,.T.);
#2306 = ORIENTED_EDGE('',*,*,#2269,.T.);
#2307 = ORIENTED_EDGE('',*,*,#2291,.T.);
#2308 = PLANE('',#2309);
#2309 = AXIS2_PLACEMENT_3D('',#2310,#2311,#2312);
#2310 = CARTESIAN_POINT('',(-2.526927971453,15.143049132273,2.));
#2311 = DIRECTION('',(2.308335565447E-16,9.547346520662E-18,1.));
#2312 = DIRECTION('',(-8.257934547233E-02,0.996584493007,
    9.547346520662E-18));
#2313 = ADVANCED_FACE('',(#2314),#2320,.F.);
#2314 = FACE_BOUND('',#2315,.F.);
#2315 = EDGE_LOOP('',(#2316,#2317,#2318,#2319));
#2316 = ORIENTED_EDGE('',*,*,#2191,.T.);
#2317 = ORIENTED_EDGE('',*,*,#2222,.T.);
#2318 = ORIENTED_EDGE('',*,*,#2253,.T.);
#2319 = ORIENTED_EDGE('',*,*,#2284,.T.);
#2320 = PLANE('',#2321);
#2321 = AXIS2_PLACEMENT_3D('',#2322,#2323,#2324);
#2322 = CARTESIAN_POINT('',(-2.526927971453,15.143049132273,1.6));
#2323 = DIRECTION('',(2.308335565447E-16,9.547346520662E-18,1.));
#2324 = DIRECTION('',(-8.257934547233E-02,0.996584493007,
    9.547346520662E-18));
#2325 = MANIFOLD_SOLID_BREP('',#2326);
#2326 = CLOSED_SHELL('',(#2327,#2367,#2398,#2429,#2451,#2463));
#2327 = ADVANCED_FACE('',(#2328),#2362,.T.);
#2328 = FACE_BOUND('',#2329,.T.);
#2329 = EDGE_LOOP('',(#2330,#2340,#2348,#2356));
#2330 = ORIENTED_EDGE('',*,*,#2331,.T.);
#2331 = EDGE_CURVE('',#2332,#2334,#2336,.T.);
#2332 = VERTEX_POINT('',#2333);
#2333 = CARTESIAN_POINT('',(-5.038739155129,13.441215333608,2.));
#2334 = VERTEX_POINT('',#2335);
#2335 = CARTESIAN_POINT('',(-5.038739155129,13.441215333608,1.6));
#2336 = LINE('',#2337,#2338);
#2337 = CARTESIAN_POINT('',(-5.038739155129,13.441215333608,2.));
#2338 = VECTOR('',#2339,1.);
#2339 = DIRECTION('',(-2.459017159984E-16,-3.065161693366E-17,-1.));
#2340 = ORIENTED_EDGE('',*,*,#2341,.T.);
#2341 = EDGE_CURVE('',#2334,#2342,#2344,.T.);
#2342 = VERTEX_POINT('',#2343);
#2343 = CARTESIAN_POINT('',(-4.279492148307,13.701865160278,1.6));
#2344 = LINE('',#2345,#2346);
#2345 = CARTESIAN_POINT('',(-5.038739155129,13.441215333608,1.6));
#2346 = VECTOR('',#2347,1.);
#2347 = DIRECTION('',(0.945817241701,0.324699469205,-2.425306465037E-16)
  );
#2348 = ORIENTED_EDGE('',*,*,#2349,.F.);
#2349 = EDGE_CURVE('',#2350,#2342,#2352,.T.);
#2350 = VERTEX_POINT('',#2351);
#2351 = CARTESIAN_POINT('',(-4.279492148307,13.701865160278,2.));
#2352 = LINE('',#2353,#2354);
#2353 = CARTESIAN_POINT('',(-4.279492148307,13.701865160278,2.));
#2354 = VECTOR('',#2355,1.);
#2355 = DIRECTION('',(-2.459017159984E-16,-3.065161693366E-17,-1.));
#2356 = ORIENTED_EDGE('',*,*,#2357,.F.);
#2357 = EDGE_CURVE('',#2332,#2350,#2358,.T.);
#2358 = LINE('',#2359,#2360);
#2359 = CARTESIAN_POINT('',(-5.038739155129,13.441215333608,2.));
#2360 = VECTOR('',#2361,1.);
#2361 = DIRECTION('',(0.945817241701,0.324699469205,-2.425306465037E-16)
  );
#2362 = PLANE('',#2363);
#2363 = AXIS2_PLACEMENT_3D('',#2364,#2365,#2366);
#2364 = CARTESIAN_POINT('',(-5.038739155129,13.441215333608,2.));
#2365 = DIRECTION('',(0.324699469205,-0.945817241701,-5.085332887934E-17
    ));
#2366 = DIRECTION('',(0.945817241701,0.324699469205,-2.425306465037E-16)
  );
#2367 = ADVANCED_FACE('',(#2368),#2393,.T.);
#2368 = FACE_BOUND('',#2369,.T.);
#2369 = EDGE_LOOP('',(#2370,#2371,#2379,#2387));
#2370 = ORIENTED_EDGE('',*,*,#2349,.T.);
#2371 = ORIENTED_EDGE('',*,*,#2372,.T.);
#2372 = EDGE_CURVE('',#2342,#2373,#2375,.T.);
#2373 = VERTEX_POINT('',#2374);
#2374 = CARTESIAN_POINT('',(-4.931116714981,15.599982677332,1.6));
#2375 = LINE('',#2376,#2377);
#2376 = CARTESIAN_POINT('',(-4.279492148307,13.701865160278,1.6));
#2377 = VECTOR('',#2378,1.);
#2378 = DIRECTION('',(-0.324699469205,0.945817241701,5.085332887934E-17)
  );
#2379 = ORIENTED_EDGE('',*,*,#2380,.F.);
#2380 = EDGE_CURVE('',#2381,#2373,#2383,.T.);
#2381 = VERTEX_POINT('',#2382);
#2382 = CARTESIAN_POINT('',(-4.931116714981,15.599982677332,2.));
#2383 = LINE('',#2384,#2385);
#2384 = CARTESIAN_POINT('',(-4.931116714981,15.599982677332,2.));
#2385 = VECTOR('',#2386,1.);
#2386 = DIRECTION('',(-2.459017159984E-16,-3.065161693366E-17,-1.));
#2387 = ORIENTED_EDGE('',*,*,#2388,.F.);
#2388 = EDGE_CURVE('',#2350,#2381,#2389,.T.);
#2389 = LINE('',#2390,#2391);
#2390 = CARTESIAN_POINT('',(-4.279492148307,13.701865160278,2.));
#2391 = VECTOR('',#2392,1.);
#2392 = DIRECTION('',(-0.324699469205,0.945817241701,5.085332887934E-17)
  );
#2393 = PLANE('',#2394);
#2394 = AXIS2_PLACEMENT_3D('',#2395,#2396,#2397);
#2395 = CARTESIAN_POINT('',(-4.279492148307,13.701865160278,2.));
#2396 = DIRECTION('',(0.945817241701,0.324699469205,-2.425306465037E-16)
  );
#2397 = DIRECTION('',(-0.324699469205,0.945817241701,5.085332887934E-17)
  );
#2398 = ADVANCED_FACE('',(#2399),#2424,.T.);
#2399 = FACE_BOUND('',#2400,.T.);
#2400 = EDGE_LOOP('',(#2401,#2402,#2410,#2418));
#2401 = ORIENTED_EDGE('',*,*,#2380,.T.);
#2402 = ORIENTED_EDGE('',*,*,#2403,.T.);
#2403 = EDGE_CURVE('',#2373,#2404,#2406,.T.);
#2404 = VERTEX_POINT('',#2405);
#2405 = CARTESIAN_POINT('',(-5.690363721803,15.339332850663,1.6));
#2406 = LINE('',#2407,#2408);
#2407 = CARTESIAN_POINT('',(-4.931116714981,15.599982677332,1.6));
#2408 = VECTOR('',#2409,1.);
#2409 = DIRECTION('',(-0.945817241701,-0.324699469205,2.425306465037E-16
    ));
#2410 = ORIENTED_EDGE('',*,*,#2411,.F.);
#2411 = EDGE_CURVE('',#2412,#2404,#2414,.T.);
#2412 = VERTEX_POINT('',#2413);
#2413 = CARTESIAN_POINT('',(-5.690363721803,15.339332850663,2.));
#2414 = LINE('',#2415,#2416);
#2415 = CARTESIAN_POINT('',(-5.690363721803,15.339332850663,2.));
#2416 = VECTOR('',#2417,1.);
#2417 = DIRECTION('',(-2.459017159984E-16,-3.065161693366E-17,-1.));
#2418 = ORIENTED_EDGE('',*,*,#2419,.F.);
#2419 = EDGE_CURVE('',#2381,#2412,#2420,.T.);
#2420 = LINE('',#2421,#2422);
#2421 = CARTESIAN_POINT('',(-4.931116714981,15.599982677332,2.));
#2422 = VECTOR('',#2423,1.);
#2423 = DIRECTION('',(-0.945817241701,-0.324699469205,2.425306465037E-16
    ));
#2424 = PLANE('',#2425);
#2425 = AXIS2_PLACEMENT_3D('',#2426,#2427,#2428);
#2426 = CARTESIAN_POINT('',(-4.931116714981,15.599982677332,2.));
#2427 = DIRECTION('',(-0.324699469205,0.945817241701,5.085332887934E-17)
  );
#2428 = DIRECTION('',(-0.945817241701,-0.324699469205,2.425306465037E-16
    ));
#2429 = ADVANCED_FACE('',(#2430),#2446,.T.);
#2430 = FACE_BOUND('',#2431,.T.);
#2431 = EDGE_LOOP('',(#2432,#2433,#2439,#2440));
#2432 = ORIENTED_EDGE('',*,*,#2411,.T.);
#2433 = ORIENTED_EDGE('',*,*,#2434,.T.);
#2434 = EDGE_CURVE('',#2404,#2334,#2435,.T.);
#2435 = LINE('',#2436,#2437);
#2436 = CARTESIAN_POINT('',(-5.690363721803,15.339332850663,1.6));
#2437 = VECTOR('',#2438,1.);
#2438 = DIRECTION('',(0.324699469205,-0.945817241701,-5.085332887934E-17
    ));
#2439 = ORIENTED_EDGE('',*,*,#2331,.F.);
#2440 = ORIENTED_EDGE('',*,*,#2441,.F.);
#2441 = EDGE_CURVE('',#2412,#2332,#2442,.T.);
#2442 = LINE('',#2443,#2444);
#2443 = CARTESIAN_POINT('',(-5.690363721803,15.339332850663,2.));
#2444 = VECTOR('',#2445,1.);
#2445 = DIRECTION('',(0.324699469205,-0.945817241701,-5.085332887934E-17
    ));
#2446 = PLANE('',#2447);
#2447 = AXIS2_PLACEMENT_3D('',#2448,#2449,#2450);
#2448 = CARTESIAN_POINT('',(-5.690363721803,15.339332850663,2.));
#2449 = DIRECTION('',(-0.945817241701,-0.324699469205,2.425306465037E-16
    ));
#2450 = DIRECTION('',(0.324699469205,-0.945817241701,-5.085332887934E-17
    ));
#2451 = ADVANCED_FACE('',(#2452),#2458,.T.);
#2452 = FACE_BOUND('',#2453,.T.);
#2453 = EDGE_LOOP('',(#2454,#2455,#2456,#2457));
#2454 = ORIENTED_EDGE('',*,*,#2357,.T.);
#2455 = ORIENTED_EDGE('',*,*,#2388,.T.);
#2456 = ORIENTED_EDGE('',*,*,#2419,.T.);
#2457 = ORIENTED_EDGE('',*,*,#2441,.T.);
#2458 = PLANE('',#2459);
#2459 = AXIS2_PLACEMENT_3D('',#2460,#2461,#2462);
#2460 = CARTESIAN_POINT('',(-4.984927935055,14.52059900547,2.));
#2461 = DIRECTION('',(2.459017159984E-16,3.065161693366E-17,1.));
#2462 = DIRECTION('',(-0.245485487141,0.969400265939,3.065161693366E-17)
  );
#2463 = ADVANCED_FACE('',(#2464),#2470,.F.);
#2464 = FACE_BOUND('',#2465,.F.);
#2465 = EDGE_LOOP('',(#2466,#2467,#2468,#2469));
#2466 = ORIENTED_EDGE('',*,*,#2341,.T.);
#2467 = ORIENTED_EDGE('',*,*,#2372,.T.);
#2468 = ORIENTED_EDGE('',*,*,#2403,.T.);
#2469 = ORIENTED_EDGE('',*,*,#2434,.T.);
#2470 = PLANE('',#2471);
#2471 = AXIS2_PLACEMENT_3D('',#2472,#2473,#2474);
#2472 = CARTESIAN_POINT('',(-4.984927935055,14.52059900547,1.6));
#2473 = DIRECTION('',(2.459017159984E-16,3.065161693366E-17,1.));
#2474 = DIRECTION('',(-0.245485487141,0.969400265939,3.065161693366E-17)
  );
#2475 = MANIFOLD_SOLID_BREP('',#2476);
#2476 = CLOSED_SHELL('',(#2477,#2517,#2548,#2579,#2601,#2613));
#2477 = ADVANCED_FACE('',(#2478),#2512,.T.);
#2478 = FACE_BOUND('',#2479,.T.);
#2479 = EDGE_LOOP('',(#2480,#2490,#2498,#2506));
#2480 = ORIENTED_EDGE('',*,*,#2481,.T.);
#2481 = EDGE_CURVE('',#2482,#2484,#2486,.T.);
#2482 = VERTEX_POINT('',#2483);
#2483 = CARTESIAN_POINT('',(-7.18236865127,12.428545469004,2.));
#2484 = VERTEX_POINT('',#2485);
#2485 = CARTESIAN_POINT('',(-7.18236865127,12.428545469004,1.6));
#2486 = LINE('',#2487,#2488);
#2487 = CARTESIAN_POINT('',(-7.18236865127,12.428545469004,2.));
#2488 = VECTOR('',#2489,1.);
#2489 = DIRECTION('',(-2.572907166551E-16,-5.394819013714E-17,-1.));
#2490 = ORIENTED_EDGE('',*,*,#2491,.T.);
#2491 = EDGE_CURVE('',#2484,#2492,#2494,.T.);
#2492 = VERTEX_POINT('',#2493);
#2493 = CARTESIAN_POINT('',(-6.476378335444,12.810608321779,1.6));
#2494 = LINE('',#2495,#2496);
#2495 = CARTESIAN_POINT('',(-7.18236865127,12.428545469004,1.6));
#2496 = VECTOR('',#2497,1.);
#2497 = DIRECTION('',(0.879473751206,0.475947393037,-2.519569321822E-16)
  );
#2498 = ORIENTED_EDGE('',*,*,#2499,.F.);
#2499 = EDGE_CURVE('',#2500,#2492,#2502,.T.);
#2500 = VERTEX_POINT('',#2501);
#2501 = CARTESIAN_POINT('',(-6.476378335444,12.810608321779,2.));
#2502 = LINE('',#2503,#2504);
#2503 = CARTESIAN_POINT('',(-6.476378335444,12.810608321779,2.));
#2504 = VECTOR('',#2505,1.);
#2505 = DIRECTION('',(-2.572907166551E-16,-5.394819013714E-17,-1.));
#2506 = ORIENTED_EDGE('',*,*,#2507,.F.);
#2507 = EDGE_CURVE('',#2482,#2500,#2508,.T.);
#2508 = LINE('',#2509,#2510);
#2509 = CARTESIAN_POINT('',(-7.18236865127,12.428545469004,2.));
#2510 = VECTOR('',#2511,1.);
#2511 = DIRECTION('',(0.879473751206,0.475947393037,-2.519569321822E-16)
  );
#2512 = PLANE('',#2513);
#2513 = AXIS2_PLACEMENT_3D('',#2514,#2515,#2516);
#2514 = CARTESIAN_POINT('',(-7.18236865127,12.428545469004,2.));
#2515 = DIRECTION('',(0.475947393037,-0.879473751206,-7.501082869394E-17
    ));
#2516 = DIRECTION('',(0.879473751206,0.475947393037,-2.519569321822E-16)
  );
#2517 = ADVANCED_FACE('',(#2518),#2543,.T.);
#2518 = FACE_BOUND('',#2519,.T.);
#2519 = EDGE_LOOP('',(#2520,#2521,#2529,#2537));
#2520 = ORIENTED_EDGE('',*,*,#2499,.T.);
#2521 = ORIENTED_EDGE('',*,*,#2522,.T.);
#2522 = EDGE_CURVE('',#2492,#2523,#2525,.T.);
#2523 = VERTEX_POINT('',#2524);
#2524 = CARTESIAN_POINT('',(-7.431535467382,14.575584111345,1.6));
#2525 = LINE('',#2526,#2527);
#2526 = CARTESIAN_POINT('',(-6.476378335444,12.810608321779,1.6));
#2527 = VECTOR('',#2528,1.);
#2528 = DIRECTION('',(-0.475947393037,0.879473751206,7.501082869394E-17)
  );
#2529 = ORIENTED_EDGE('',*,*,#2530,.F.);
#2530 = EDGE_CURVE('',#2531,#2523,#2533,.T.);
#2531 = VERTEX_POINT('',#2532);
#2532 = CARTESIAN_POINT('',(-7.431535467382,14.575584111345,2.));
#2533 = LINE('',#2534,#2535);
#2534 = CARTESIAN_POINT('',(-7.431535467382,14.575584111345,2.));
#2535 = VECTOR('',#2536,1.);
#2536 = DIRECTION('',(-2.572907166551E-16,-5.394819013714E-17,-1.));
#2537 = ORIENTED_EDGE('',*,*,#2538,.F.);
#2538 = EDGE_CURVE('',#2500,#2531,#2539,.T.);
#2539 = LINE('',#2540,#2541);
#2540 = CARTESIAN_POINT('',(-6.476378335444,12.810608321779,2.));
#2541 = VECTOR('',#2542,1.);
#2542 = DIRECTION('',(-0.475947393037,0.879473751206,7.501082869394E-17)
  );
#2543 = PLANE('',#2544);
#2544 = AXIS2_PLACEMENT_3D('',#2545,#2546,#2547);
#2545 = CARTESIAN_POINT('',(-6.476378335444,12.810608321779,2.));
#2546 = DIRECTION('',(0.879473751206,0.475947393037,-2.519569321822E-16)
  );
#2547 = DIRECTION('',(-0.475947393037,0.879473751206,7.501082869394E-17)
  );
#2548 = ADVANCED_FACE('',(#2549),#2574,.T.);
#2549 = FACE_BOUND('',#2550,.T.);
#2550 = EDGE_LOOP('',(#2551,#2552,#2560,#2568));
#2551 = ORIENTED_EDGE('',*,*,#2530,.T.);
#2552 = ORIENTED_EDGE('',*,*,#2553,.T.);
#2553 = EDGE_CURVE('',#2523,#2554,#2556,.T.);
#2554 = VERTEX_POINT('',#2555);
#2555 = CARTESIAN_POINT('',(-8.137525783208,14.19352125857,1.6));
#2556 = LINE('',#2557,#2558);
#2557 = CARTESIAN_POINT('',(-7.431535467382,14.575584111345,1.6));
#2558 = VECTOR('',#2559,1.);
#2559 = DIRECTION('',(-0.879473751206,-0.475947393037,2.519569321822E-16
    ));
#2560 = ORIENTED_EDGE('',*,*,#2561,.F.);
#2561 = EDGE_CURVE('',#2562,#2554,#2564,.T.);
#2562 = VERTEX_POINT('',#2563);
#2563 = CARTESIAN_POINT('',(-8.137525783208,14.19352125857,2.));
#2564 = LINE('',#2565,#2566);
#2565 = CARTESIAN_POINT('',(-8.137525783208,14.19352125857,2.));
#2566 = VECTOR('',#2567,1.);
#2567 = DIRECTION('',(-2.572907166551E-16,-5.394819013714E-17,-1.));
#2568 = ORIENTED_EDGE('',*,*,#2569,.F.);
#2569 = EDGE_CURVE('',#2531,#2562,#2570,.T.);
#2570 = LINE('',#2571,#2572);
#2571 = CARTESIAN_POINT('',(-7.431535467382,14.575584111345,2.));
#2572 = VECTOR('',#2573,1.);
#2573 = DIRECTION('',(-0.879473751206,-0.475947393037,2.519569321822E-16
    ));
#2574 = PLANE('',#2575);
#2575 = AXIS2_PLACEMENT_3D('',#2576,#2577,#2578);
#2576 = CARTESIAN_POINT('',(-7.431535467382,14.575584111345,2.));
#2577 = DIRECTION('',(-0.475947393037,0.879473751206,7.501082869394E-17)
  );
#2578 = DIRECTION('',(-0.879473751206,-0.475947393037,2.519569321822E-16
    ));
#2579 = ADVANCED_FACE('',(#2580),#2596,.T.);
#2580 = FACE_BOUND('',#2581,.T.);
#2581 = EDGE_LOOP('',(#2582,#2583,#2589,#2590));
#2582 = ORIENTED_EDGE('',*,*,#2561,.T.);
#2583 = ORIENTED_EDGE('',*,*,#2584,.T.);
#2584 = EDGE_CURVE('',#2554,#2484,#2585,.T.);
#2585 = LINE('',#2586,#2587);
#2586 = CARTESIAN_POINT('',(-8.137525783208,14.19352125857,1.6));
#2587 = VECTOR('',#2588,1.);
#2588 = DIRECTION('',(0.475947393037,-0.879473751206,-7.501082869394E-17
    ));
#2589 = ORIENTED_EDGE('',*,*,#2481,.F.);
#2590 = ORIENTED_EDGE('',*,*,#2591,.F.);
#2591 = EDGE_CURVE('',#2562,#2482,#2592,.T.);
#2592 = LINE('',#2593,#2594);
#2593 = CARTESIAN_POINT('',(-8.137525783208,14.19352125857,2.));
#2594 = VECTOR('',#2595,1.);
#2595 = DIRECTION('',(0.475947393037,-0.879473751206,-7.501082869394E-17
    ));
#2596 = PLANE('',#2597);
#2597 = AXIS2_PLACEMENT_3D('',#2598,#2599,#2600);
#2598 = CARTESIAN_POINT('',(-8.137525783208,14.19352125857,2.));
#2599 = DIRECTION('',(-0.879473751206,-0.475947393037,2.519569321822E-16
    ));
#2600 = DIRECTION('',(0.475947393037,-0.879473751206,-7.501082869394E-17
    ));
#2601 = ADVANCED_FACE('',(#2602),#2608,.T.);
#2602 = FACE_BOUND('',#2603,.T.);
#2603 = EDGE_LOOP('',(#2604,#2605,#2606,#2607));
#2604 = ORIENTED_EDGE('',*,*,#2507,.T.);
#2605 = ORIENTED_EDGE('',*,*,#2538,.T.);
#2606 = ORIENTED_EDGE('',*,*,#2569,.T.);
#2607 = ORIENTED_EDGE('',*,*,#2591,.T.);
#2608 = PLANE('',#2609);
#2609 = AXIS2_PLACEMENT_3D('',#2610,#2611,#2612);
#2610 = CARTESIAN_POINT('',(-7.306952059326,13.502064790175,2.));
#2611 = DIRECTION('',(2.572907166551E-16,5.394819013714E-17,1.));
#2612 = DIRECTION('',(-0.401695424653,0.915773326655,5.394819013714E-17)
  );
#2613 = ADVANCED_FACE('',(#2614),#2620,.F.);
#2614 = FACE_BOUND('',#2615,.F.);
#2615 = EDGE_LOOP('',(#2616,#2617,#2618,#2619));
#2616 = ORIENTED_EDGE('',*,*,#2491,.T.);
#2617 = ORIENTED_EDGE('',*,*,#2522,.T.);
#2618 = ORIENTED_EDGE('',*,*,#2553,.T.);
#2619 = ORIENTED_EDGE('',*,*,#2584,.T.);
#2620 = PLANE('',#2621);
#2621 = AXIS2_PLACEMENT_3D('',#2622,#2623,#2624);
#2622 = CARTESIAN_POINT('',(-7.306952059326,13.502064790175,1.6));
#2623 = DIRECTION('',(2.572907166551E-16,5.394819013714E-17,1.));
#2624 = DIRECTION('',(-0.401695424653,0.915773326655,5.394819013714E-17)
  );
#2625 = MANIFOLD_SOLID_BREP('',#2626);
#2626 = CLOSED_SHELL('',(#2627,#2667,#2698,#2729,#2751,#2763));
#2627 = ADVANCED_FACE('',(#2628),#2662,.T.);
#2628 = FACE_BOUND('',#2629,.T.);
#2629 = EDGE_LOOP('',(#2630,#2640,#2648,#2656));
#2630 = ORIENTED_EDGE('',*,*,#2631,.T.);
#2631 = EDGE_CURVE('',#2632,#2634,#2636,.T.);
#2632 = VERTEX_POINT('',#2633);
#2633 = CARTESIAN_POINT('',(-9.130081853642,11.076857282806,2.));
#2634 = VERTEX_POINT('',#2635);
#2635 = CARTESIAN_POINT('',(-9.130081853642,11.076857282806,1.6));
#2636 = LINE('',#2637,#2638);
#2637 = CARTESIAN_POINT('',(-9.130081853642,11.076857282806,2.));
#2638 = VECTOR('',#2639,1.);
#2639 = DIRECTION('',(-2.64689896266E-16,-7.880159634376E-17,-1.));
#2640 = ORIENTED_EDGE('',*,*,#2641,.T.);
#2641 = EDGE_CURVE('',#2634,#2642,#2644,.T.);
#2642 = VERTEX_POINT('',#2643);
#2643 = CARTESIAN_POINT('',(-8.496605804248,11.569911483027,1.6));
#2644 = LINE('',#2645,#2646);
#2645 = CARTESIAN_POINT('',(-9.130081853642,11.076857282806,1.6));
#2646 = VECTOR('',#2647,1.);
#2647 = DIRECTION('',(0.789140509396,0.61421271269,-2.57278461826E-16));
#2648 = ORIENTED_EDGE('',*,*,#2649,.F.);
#2649 = EDGE_CURVE('',#2650,#2642,#2652,.T.);
#2650 = VERTEX_POINT('',#2651);
#2651 = CARTESIAN_POINT('',(-8.496605804248,11.569911483027,2.));
#2652 = LINE('',#2653,#2654);
#2653 = CARTESIAN_POINT('',(-8.496605804248,11.569911483027,2.));
#2654 = VECTOR('',#2655,1.);
#2655 = DIRECTION('',(-2.64689896266E-16,-7.880159634376E-17,-1.));
#2656 = ORIENTED_EDGE('',*,*,#2657,.F.);
#2657 = EDGE_CURVE('',#2632,#2650,#2658,.T.);
#2658 = LINE('',#2659,#2660);
#2659 = CARTESIAN_POINT('',(-9.130081853642,11.076857282806,2.));
#2660 = VECTOR('',#2661,1.);
#2661 = DIRECTION('',(0.789140509396,0.61421271269,-2.57278461826E-16));
#2662 = PLANE('',#2663);
#2663 = AXIS2_PLACEMENT_3D('',#2664,#2665,#2666);
#2664 = CARTESIAN_POINT('',(-9.130081853642,11.076857282806,2.));
#2665 = DIRECTION('',(0.61421271269,-0.789140509396,-1.003903673272E-16)
  );
#2666 = DIRECTION('',(0.789140509396,0.61421271269,-2.57278461826E-16));
#2667 = ADVANCED_FACE('',(#2668),#2693,.T.);
#2668 = FACE_BOUND('',#2669,.T.);
#2669 = EDGE_LOOP('',(#2670,#2671,#2679,#2687));
#2670 = ORIENTED_EDGE('',*,*,#2649,.T.);
#2671 = ORIENTED_EDGE('',*,*,#2672,.T.);
#2672 = EDGE_CURVE('',#2642,#2673,#2675,.T.);
#2673 = VERTEX_POINT('',#2674);
#2674 = CARTESIAN_POINT('',(-9.729241304799,13.153601606512,1.6));
#2675 = LINE('',#2676,#2677);
#2676 = CARTESIAN_POINT('',(-8.496605804248,11.569911483027,1.6));
#2677 = VECTOR('',#2678,1.);
#2678 = DIRECTION('',(-0.61421271269,0.789140509396,1.003903673271E-16)
  );
#2679 = ORIENTED_EDGE('',*,*,#2680,.F.);
#2680 = EDGE_CURVE('',#2681,#2673,#2683,.T.);
#2681 = VERTEX_POINT('',#2682);
#2682 = CARTESIAN_POINT('',(-9.729241304799,13.153601606512,2.));
#2683 = LINE('',#2684,#2685);
#2684 = CARTESIAN_POINT('',(-9.729241304799,13.153601606512,2.));
#2685 = VECTOR('',#2686,1.);
#2686 = DIRECTION('',(-2.64689896266E-16,-7.880159634376E-17,-1.));
#2687 = ORIENTED_EDGE('',*,*,#2688,.F.);
#2688 = EDGE_CURVE('',#2650,#2681,#2689,.T.);
#2689 = LINE('',#2690,#2691);
#2690 = CARTESIAN_POINT('',(-8.496605804248,11.569911483027,2.));
#2691 = VECTOR('',#2692,1.);
#2692 = DIRECTION('',(-0.61421271269,0.789140509396,1.003903673271E-16)
  );
#2693 = PLANE('',#2694);
#2694 = AXIS2_PLACEMENT_3D('',#2695,#2696,#2697);
#2695 = CARTESIAN_POINT('',(-8.496605804248,11.569911483027,2.));
#2696 = DIRECTION('',(0.789140509396,0.61421271269,-2.57278461826E-16));
#2697 = DIRECTION('',(-0.61421271269,0.789140509396,1.003903673271E-16)
  );
#2698 = ADVANCED_FACE('',(#2699),#2724,.T.);
#2699 = FACE_BOUND('',#2700,.T.);
#2700 = EDGE_LOOP('',(#2701,#2702,#2710,#2718));
#2701 = ORIENTED_EDGE('',*,*,#2680,.T.);
#2702 = ORIENTED_EDGE('',*,*,#2703,.T.);
#2703 = EDGE_CURVE('',#2673,#2704,#2706,.T.);
#2704 = VERTEX_POINT('',#2705);
#2705 = CARTESIAN_POINT('',(-10.36271735419,12.660547406291,1.6));
#2706 = LINE('',#2707,#2708);
#2707 = CARTESIAN_POINT('',(-9.729241304799,13.153601606512,1.6));
#2708 = VECTOR('',#2709,1.);
#2709 = DIRECTION('',(-0.789140509396,-0.61421271269,2.57278461826E-16)
  );
#2710 = ORIENTED_EDGE('',*,*,#2711,.F.);
#2711 = EDGE_CURVE('',#2712,#2704,#2714,.T.);
#2712 = VERTEX_POINT('',#2713);
#2713 = CARTESIAN_POINT('',(-10.36271735419,12.660547406291,2.));
#2714 = LINE('',#2715,#2716);
#2715 = CARTESIAN_POINT('',(-10.36271735419,12.660547406291,2.));
#2716 = VECTOR('',#2717,1.);
#2717 = DIRECTION('',(-2.64689896266E-16,-7.880159634376E-17,-1.));
#2718 = ORIENTED_EDGE('',*,*,#2719,.F.);
#2719 = EDGE_CURVE('',#2681,#2712,#2720,.T.);
#2720 = LINE('',#2721,#2722);
#2721 = CARTESIAN_POINT('',(-9.729241304799,13.153601606512,2.));
#2722 = VECTOR('',#2723,1.);
#2723 = DIRECTION('',(-0.789140509396,-0.61421271269,2.57278461826E-16)
  );
#2724 = PLANE('',#2725);
#2725 = AXIS2_PLACEMENT_3D('',#2726,#2727,#2728);
#2726 = CARTESIAN_POINT('',(-9.729241304799,13.153601606512,2.));
#2727 = DIRECTION('',(-0.61421271269,0.789140509396,1.003903673272E-16)
  );
#2728 = DIRECTION('',(-0.789140509396,-0.61421271269,2.57278461826E-16)
  );
#2729 = ADVANCED_FACE('',(#2730),#2746,.T.);
#2730 = FACE_BOUND('',#2731,.T.);
#2731 = EDGE_LOOP('',(#2732,#2733,#2739,#2740));
#2732 = ORIENTED_EDGE('',*,*,#2711,.T.);
#2733 = ORIENTED_EDGE('',*,*,#2734,.T.);
#2734 = EDGE_CURVE('',#2704,#2634,#2735,.T.);
#2735 = LINE('',#2736,#2737);
#2736 = CARTESIAN_POINT('',(-10.36271735419,12.660547406291,1.6));
#2737 = VECTOR('',#2738,1.);
#2738 = DIRECTION('',(0.61421271269,-0.789140509396,-1.003903673271E-16)
  );
#2739 = ORIENTED_EDGE('',*,*,#2631,.F.);
#2740 = ORIENTED_EDGE('',*,*,#2741,.F.);
#2741 = EDGE_CURVE('',#2712,#2632,#2742,.T.);
#2742 = LINE('',#2743,#2744);
#2743 = CARTESIAN_POINT('',(-10.36271735419,12.660547406291,2.));
#2744 = VECTOR('',#2745,1.);
#2745 = DIRECTION('',(0.61421271269,-0.789140509396,-1.003903673271E-16)
  );
#2746 = PLANE('',#2747);
#2747 = AXIS2_PLACEMENT_3D('',#2748,#2749,#2750);
#2748 = CARTESIAN_POINT('',(-10.36271735419,12.660547406291,2.));
#2749 = DIRECTION('',(-0.789140509396,-0.61421271269,2.57278461826E-16)
  );
#2750 = DIRECTION('',(0.61421271269,-0.789140509396,-1.003903673271E-16)
  );
#2751 = ADVANCED_FACE('',(#2752),#2758,.T.);
#2752 = FACE_BOUND('',#2753,.T.);
#2753 = EDGE_LOOP('',(#2754,#2755,#2756,#2757));
#2754 = ORIENTED_EDGE('',*,*,#2657,.T.);
#2755 = ORIENTED_EDGE('',*,*,#2688,.T.);
#2756 = ORIENTED_EDGE('',*,*,#2719,.T.);
#2757 = ORIENTED_EDGE('',*,*,#2741,.T.);
#2758 = PLANE('',#2759);
#2759 = AXIS2_PLACEMENT_3D('',#2760,#2761,#2762);
#2760 = CARTESIAN_POINT('',(-9.42966157922,12.115229444659,2.));
#2761 = DIRECTION('',(2.64689896266E-16,7.880159634376E-17,1.));
#2762 = DIRECTION('',(-0.546948158122,0.837166478263,7.880159634376E-17)
  );
#2763 = ADVANCED_FACE('',(#2764),#2770,.F.);
#2764 = FACE_BOUND('',#2765,.F.);
#2765 = EDGE_LOOP('',(#2766,#2767,#2768,#2769));
#2766 = ORIENTED_EDGE('',*,*,#2641,.T.);
#2767 = ORIENTED_EDGE('',*,*,#2672,.T.);
#2768 = ORIENTED_EDGE('',*,*,#2703,.T.);
#2769 = ORIENTED_EDGE('',*,*,#2734,.T.);
#2770 = PLANE('',#2771);
#2771 = AXIS2_PLACEMENT_3D('',#2772,#2773,#2774);
#2772 = CARTESIAN_POINT('',(-9.42966157922,12.115229444659,1.6));
#2773 = DIRECTION('',(2.64689896266E-16,7.880159634376E-17,1.));
#2774 = DIRECTION('',(-0.546948158122,0.837166478263,7.880159634376E-17)
  );
#2775 = MANIFOLD_SOLID_BREP('',#2776);
#2776 = CLOSED_SHELL('',(#2777,#2817,#2848,#2879,#2901,#2913));
#2777 = ADVANCED_FACE('',(#2778),#2812,.T.);
#2778 = FACE_BOUND('',#2779,.T.);
#2779 = EDGE_LOOP('',(#2780,#2790,#2798,#2806));
#2780 = ORIENTED_EDGE('',*,*,#2781,.T.);
#2781 = EDGE_CURVE('',#2782,#2784,#2786,.T.);
#2782 = VERTEX_POINT('',#2783);
#2783 = CARTESIAN_POINT('',(-10.82875022339,9.423021305145,2.));
#2784 = VERTEX_POINT('',#2785);
#2785 = CARTESIAN_POINT('',(-10.82875022339,9.423021305145,1.6));
#2786 = LINE('',#2787,#2788);
#2787 = CARTESIAN_POINT('',(-10.82875022339,9.423021305145,2.));
#2788 = VECTOR('',#2789,1.);
#2789 = DIRECTION('',(-2.678974244995E-16,-1.045338994202E-16,-1.));
#2790 = ORIENTED_EDGE('',*,*,#2791,.T.);
#2791 = EDGE_CURVE('',#2784,#2792,#2794,.T.);
#2792 = VERTEX_POINT('',#2793);
#2793 = CARTESIAN_POINT('',(-10.28506801571,10.013617619525,1.6));
#2794 = LINE('',#2795,#2796);
#2795 = CARTESIAN_POINT('',(-10.82875022339,9.423021305145,1.6));
#2796 = VECTOR('',#2797,1.);
#2797 = DIRECTION('',(0.677281571626,0.735723910673,-2.583500779788E-16)
  );
#2798 = ORIENTED_EDGE('',*,*,#2799,.F.);
#2799 = EDGE_CURVE('',#2800,#2792,#2802,.T.);
#2800 = VERTEX_POINT('',#2801);
#2801 = CARTESIAN_POINT('',(-10.28506801571,10.013617619525,2.));
#2802 = LINE('',#2803,#2804);
#2803 = CARTESIAN_POINT('',(-10.28506801571,10.013617619525,2.));
#2804 = VECTOR('',#2805,1.);
#2805 = DIRECTION('',(-2.678974244995E-16,-1.045338994202E-16,-1.));
#2806 = ORIENTED_EDGE('',*,*,#2807,.F.);
#2807 = EDGE_CURVE('',#2782,#2800,#2808,.T.);
#2808 = LINE('',#2809,#2810);
#2809 = CARTESIAN_POINT('',(-10.82875022339,9.423021305145,2.));
#2810 = VECTOR('',#2811,1.);
#2811 = DIRECTION('',(0.677281571626,0.735723910673,-2.583500779788E-16)
  );
#2812 = PLANE('',#2813);
#2813 = AXIS2_PLACEMENT_3D('',#2814,#2815,#2816);
#2814 = CARTESIAN_POINT('',(-10.82875022339,9.423021305145,2.));
#2815 = DIRECTION('',(0.735723910673,-0.677281571626,-1.262996571246E-16
    ));
#2816 = DIRECTION('',(0.677281571626,0.735723910673,-2.583500779788E-16)
  );
#2817 = ADVANCED_FACE('',(#2818),#2843,.T.);
#2818 = FACE_BOUND('',#2819,.T.);
#2819 = EDGE_LOOP('',(#2820,#2821,#2829,#2837));
#2820 = ORIENTED_EDGE('',*,*,#2799,.T.);
#2821 = ORIENTED_EDGE('',*,*,#2822,.T.);
#2822 = EDGE_CURVE('',#2792,#2823,#2825,.T.);
#2823 = VERTEX_POINT('',#2824);
#2824 = CARTESIAN_POINT('',(-11.76155880166,11.372823138733,1.6));
#2825 = LINE('',#2826,#2827);
#2826 = CARTESIAN_POINT('',(-10.28506801571,10.013617619525,1.6));
#2827 = VECTOR('',#2828,1.);
#2828 = DIRECTION('',(-0.735723910673,0.677281571626,1.262996571246E-16)
  );
#2829 = ORIENTED_EDGE('',*,*,#2830,.F.);
#2830 = EDGE_CURVE('',#2831,#2823,#2833,.T.);
#2831 = VERTEX_POINT('',#2832);
#2832 = CARTESIAN_POINT('',(-11.76155880166,11.372823138733,2.));
#2833 = LINE('',#2834,#2835);
#2834 = CARTESIAN_POINT('',(-11.76155880166,11.372823138733,2.));
#2835 = VECTOR('',#2836,1.);
#2836 = DIRECTION('',(-2.678974244995E-16,-1.045338994202E-16,-1.));
#2837 = ORIENTED_EDGE('',*,*,#2838,.F.);
#2838 = EDGE_CURVE('',#2800,#2831,#2839,.T.);
#2839 = LINE('',#2840,#2841);
#2840 = CARTESIAN_POINT('',(-10.28506801571,10.013617619525,2.));
#2841 = VECTOR('',#2842,1.);
#2842 = DIRECTION('',(-0.735723910673,0.677281571626,1.262996571246E-16)
  );
#2843 = PLANE('',#2844);
#2844 = AXIS2_PLACEMENT_3D('',#2845,#2846,#2847);
#2845 = CARTESIAN_POINT('',(-10.28506801571,10.013617619525,2.));
#2846 = DIRECTION('',(0.677281571626,0.735723910673,-2.583500779788E-16)
  );
#2847 = DIRECTION('',(-0.735723910673,0.677281571626,1.262996571246E-16)
  );
#2848 = ADVANCED_FACE('',(#2849),#2874,.T.);
#2849 = FACE_BOUND('',#2850,.T.);
#2850 = EDGE_LOOP('',(#2851,#2852,#2860,#2868));
#2851 = ORIENTED_EDGE('',*,*,#2830,.T.);
#2852 = ORIENTED_EDGE('',*,*,#2853,.T.);
#2853 = EDGE_CURVE('',#2823,#2854,#2856,.T.);
#2854 = VERTEX_POINT('',#2855);
#2855 = CARTESIAN_POINT('',(-12.30524100934,10.782226824353,1.6));
#2856 = LINE('',#2857,#2858);
#2857 = CARTESIAN_POINT('',(-11.76155880166,11.372823138733,1.6));
#2858 = VECTOR('',#2859,1.);
#2859 = DIRECTION('',(-0.677281571626,-0.735723910673,2.583500779788E-16
    ));
#2860 = ORIENTED_EDGE('',*,*,#2861,.F.);
#2861 = EDGE_CURVE('',#2862,#2854,#2864,.T.);
#2862 = VERTEX_POINT('',#2863);
#2863 = CARTESIAN_POINT('',(-12.30524100934,10.782226824353,2.));
#2864 = LINE('',#2865,#2866);
#2865 = CARTESIAN_POINT('',(-12.30524100934,10.782226824353,2.));
#2866 = VECTOR('',#2867,1.);
#2867 = DIRECTION('',(-2.678974244995E-16,-1.045338994202E-16,-1.));
#2868 = ORIENTED_EDGE('',*,*,#2869,.F.);
#2869 = EDGE_CURVE('',#2831,#2862,#2870,.T.);
#2870 = LINE('',#2871,#2872);
#2871 = CARTESIAN_POINT('',(-11.76155880166,11.372823138733,2.));
#2872 = VECTOR('',#2873,1.);
#2873 = DIRECTION('',(-0.677281571626,-0.735723910673,2.583500779788E-16
    ));
#2874 = PLANE('',#2875);
#2875 = AXIS2_PLACEMENT_3D('',#2876,#2877,#2878);
#2876 = CARTESIAN_POINT('',(-11.76155880166,11.372823138733,2.));
#2877 = DIRECTION('',(-0.735723910673,0.677281571626,1.262996571246E-16)
  );
#2878 = DIRECTION('',(-0.677281571626,-0.735723910673,2.583500779788E-16
    ));
#2879 = ADVANCED_FACE('',(#2880),#2896,.T.);
#2880 = FACE_BOUND('',#2881,.T.);
#2881 = EDGE_LOOP('',(#2882,#2883,#2889,#2890));
#2882 = ORIENTED_EDGE('',*,*,#2861,.T.);
#2883 = ORIENTED_EDGE('',*,*,#2884,.T.);
#2884 = EDGE_CURVE('',#2854,#2784,#2885,.T.);
#2885 = LINE('',#2886,#2887);
#2886 = CARTESIAN_POINT('',(-12.30524100934,10.782226824353,1.6));
#2887 = VECTOR('',#2888,1.);
#2888 = DIRECTION('',(0.735723910673,-0.677281571626,-1.262996571246E-16
    ));
#2889 = ORIENTED_EDGE('',*,*,#2781,.F.);
#2890 = ORIENTED_EDGE('',*,*,#2891,.F.);
#2891 = EDGE_CURVE('',#2862,#2782,#2892,.T.);
#2892 = LINE('',#2893,#2894);
#2893 = CARTESIAN_POINT('',(-12.30524100934,10.782226824353,2.));
#2894 = VECTOR('',#2895,1.);
#2895 = DIRECTION('',(0.735723910673,-0.677281571626,-1.262996571246E-16
    ));
#2896 = PLANE('',#2897);
#2897 = AXIS2_PLACEMENT_3D('',#2898,#2899,#2900);
#2898 = CARTESIAN_POINT('',(-12.30524100934,10.782226824353,2.));
#2899 = DIRECTION('',(-0.677281571626,-0.735723910673,2.583500779788E-16
    ));
#2900 = DIRECTION('',(0.735723910673,-0.677281571626,-1.262996571246E-16
    ));
#2901 = ADVANCED_FACE('',(#2902),#2908,.T.);
#2902 = FACE_BOUND('',#2903,.T.);
#2903 = EDGE_LOOP('',(#2904,#2905,#2906,#2907));
#2904 = ORIENTED_EDGE('',*,*,#2807,.T.);
#2905 = ORIENTED_EDGE('',*,*,#2838,.T.);
#2906 = ORIENTED_EDGE('',*,*,#2869,.T.);
#2907 = ORIENTED_EDGE('',*,*,#2891,.T.);
#2908 = PLANE('',#2909);
#2909 = AXIS2_PLACEMENT_3D('',#2910,#2911,#2912);
#2910 = CARTESIAN_POINT('',(-11.29515451252,10.397922221939,2.));
#2911 = DIRECTION('',(2.678974244995E-16,1.045338994202E-16,1.));
#2912 = DIRECTION('',(-0.677281571626,0.735723910673,1.045338994202E-16)
  );
#2913 = ADVANCED_FACE('',(#2914),#2920,.F.);
#2914 = FACE_BOUND('',#2915,.F.);
#2915 = EDGE_LOOP('',(#2916,#2917,#2918,#2919));
#2916 = ORIENTED_EDGE('',*,*,#2791,.T.);
#2917 = ORIENTED_EDGE('',*,*,#2822,.T.);
#2918 = ORIENTED_EDGE('',*,*,#2853,.T.);
#2919 = ORIENTED_EDGE('',*,*,#2884,.T.);
#2920 = PLANE('',#2921);
#2921 = AXIS2_PLACEMENT_3D('',#2922,#2923,#2924);
#2922 = CARTESIAN_POINT('',(-11.29515451252,10.397922221939,1.6));
#2923 = DIRECTION('',(2.678974244995E-16,1.045338994202E-16,1.));
#2924 = DIRECTION('',(-0.677281571626,0.735723910673,1.045338994202E-16)
  );
#2925 = MANIFOLD_SOLID_BREP('',#2926);
#2926 = CLOSED_SHELL('',(#2927,#2967,#2998,#3029,#3051,#3063));
#2927 = ADVANCED_FACE('',(#2928),#2962,.T.);
#2928 = FACE_BOUND('',#2929,.T.);
#2929 = EDGE_LOOP('',(#2930,#2940,#2948,#2956));
#2930 = ORIENTED_EDGE('',*,*,#2931,.T.);
#2931 = EDGE_CURVE('',#2932,#2934,#2936,.T.);
#2932 = VERTEX_POINT('',#2933);
#2933 = CARTESIAN_POINT('',(-12.23203851549,7.512149870263,2.));
#2934 = VERTEX_POINT('',#2935);
#2935 = CARTESIAN_POINT('',(-12.23203851549,7.512149870263,1.6));
#2936 = LINE('',#2937,#2938);
#2937 = CARTESIAN_POINT('',(-12.23203851549,7.512149870263,2.));
#2938 = VECTOR('',#2939,1.);
#2939 = DIRECTION('',(-2.668258083467E-16,-1.304431892176E-16,-1.));
#2940 = ORIENTED_EDGE('',*,*,#2941,.T.);
#2941 = EDGE_CURVE('',#2934,#2942,#2944,.T.);
#2942 = VERTEX_POINT('',#2943);
#2943 = CARTESIAN_POINT('',(-11.79298038287,8.184178370916,1.6));
#2944 = LINE('',#2945,#2946);
#2945 = CARTESIAN_POINT('',(-12.23203851549,7.512149870263,1.6));
#2946 = VECTOR('',#2947,1.);
#2947 = DIRECTION('',(0.546948158122,0.837166478263,-2.551425497454E-16)
  );
#2948 = ORIENTED_EDGE('',*,*,#2949,.F.);
#2949 = EDGE_CURVE('',#2950,#2942,#2952,.T.);
#2950 = VERTEX_POINT('',#2951);
#2951 = CARTESIAN_POINT('',(-11.79298038287,8.184178370916,2.));
#2952 = LINE('',#2953,#2954);
#2953 = CARTESIAN_POINT('',(-11.79298038287,8.184178370916,2.));
#2954 = VECTOR('',#2955,1.);
#2955 = DIRECTION('',(-2.668258083467E-16,-1.304431892176E-16,-1.));
#2956 = ORIENTED_EDGE('',*,*,#2957,.F.);
#2957 = EDGE_CURVE('',#2932,#2950,#2958,.T.);
#2958 = LINE('',#2959,#2960);
#2959 = CARTESIAN_POINT('',(-12.23203851549,7.512149870263,2.));
#2960 = VECTOR('',#2961,1.);
#2961 = DIRECTION('',(0.546948158122,0.837166478263,-2.551425497454E-16)
  );
#2962 = PLANE('',#2963);
#2963 = AXIS2_PLACEMENT_3D('',#2964,#2965,#2966);
#2964 = CARTESIAN_POINT('',(-12.23203851549,7.512149870263,2.));
#2965 = DIRECTION('',(0.837166478263,-0.546948158122,-1.52031960201E-16)
  );
#2966 = DIRECTION('',(0.546948158122,0.837166478263,-2.551425497454E-16)
  );
#2967 = ADVANCED_FACE('',(#2968),#2993,.T.);
#2968 = FACE_BOUND('',#2969,.T.);
#2969 = EDGE_LOOP('',(#2970,#2971,#2979,#2987));
#2970 = ORIENTED_EDGE('',*,*,#2949,.T.);
#2971 = ORIENTED_EDGE('',*,*,#2972,.T.);
#2972 = EDGE_CURVE('',#2942,#2973,#2975,.T.);
#2973 = VERTEX_POINT('',#2974);
#2974 = CARTESIAN_POINT('',(-13.4730516345,9.281823702467,1.6));
#2975 = LINE('',#2976,#2977);
#2976 = CARTESIAN_POINT('',(-11.79298038287,8.184178370916,1.6));
#2977 = VECTOR('',#2978,1.);
#2978 = DIRECTION('',(-0.837166478263,0.546948158122,1.52031960201E-16)
  );
#2979 = ORIENTED_EDGE('',*,*,#2980,.F.);
#2980 = EDGE_CURVE('',#2981,#2973,#2983,.T.);
#2981 = VERTEX_POINT('',#2982);
#2982 = CARTESIAN_POINT('',(-13.4730516345,9.281823702467,2.));
#2983 = LINE('',#2984,#2985);
#2984 = CARTESIAN_POINT('',(-13.4730516345,9.281823702467,2.));
#2985 = VECTOR('',#2986,1.);
#2986 = DIRECTION('',(-2.668258083467E-16,-1.304431892176E-16,-1.));
#2987 = ORIENTED_EDGE('',*,*,#2988,.F.);
#2988 = EDGE_CURVE('',#2950,#2981,#2989,.T.);
#2989 = LINE('',#2990,#2991);
#2990 = CARTESIAN_POINT('',(-11.79298038287,8.184178370916,2.));
#2991 = VECTOR('',#2992,1.);
#2992 = DIRECTION('',(-0.837166478263,0.546948158122,1.52031960201E-16)
  );
#2993 = PLANE('',#2994);
#2994 = AXIS2_PLACEMENT_3D('',#2995,#2996,#2997);
#2995 = CARTESIAN_POINT('',(-11.79298038287,8.184178370916,2.));
#2996 = DIRECTION('',(0.546948158122,0.837166478263,-2.551425497454E-16)
  );
#2997 = DIRECTION('',(-0.837166478263,0.546948158122,1.52031960201E-16)
  );
#2998 = ADVANCED_FACE('',(#2999),#3024,.T.);
#2999 = FACE_BOUND('',#3000,.T.);
#3000 = EDGE_LOOP('',(#3001,#3002,#3010,#3018));
#3001 = ORIENTED_EDGE('',*,*,#2980,.T.);
#3002 = ORIENTED_EDGE('',*,*,#3003,.T.);
#3003 = EDGE_CURVE('',#2973,#3004,#3006,.T.);
#3004 = VERTEX_POINT('',#3005);
#3005 = CARTESIAN_POINT('',(-13.91210976713,8.609795201813,1.6));
#3006 = LINE('',#3007,#3008);
#3007 = CARTESIAN_POINT('',(-13.4730516345,9.281823702467,1.6));
#3008 = VECTOR('',#3009,1.);
#3009 = DIRECTION('',(-0.546948158122,-0.837166478263,2.551425497454E-16
    ));
#3010 = ORIENTED_EDGE('',*,*,#3011,.F.);
#3011 = EDGE_CURVE('',#3012,#3004,#3014,.T.);
#3012 = VERTEX_POINT('',#3013);
#3013 = CARTESIAN_POINT('',(-13.91210976713,8.609795201813,2.));
#3014 = LINE('',#3015,#3016);
#3015 = CARTESIAN_POINT('',(-13.91210976713,8.609795201813,2.));
#3016 = VECTOR('',#3017,1.);
#3017 = DIRECTION('',(-2.668258083467E-16,-1.304431892176E-16,-1.));
#3018 = ORIENTED_EDGE('',*,*,#3019,.F.);
#3019 = EDGE_CURVE('',#2981,#3012,#3020,.T.);
#3020 = LINE('',#3021,#3022);
#3021 = CARTESIAN_POINT('',(-13.4730516345,9.281823702467,2.));
#3022 = VECTOR('',#3023,1.);
#3023 = DIRECTION('',(-0.546948158122,-0.837166478263,2.551425497454E-16
    ));
#3024 = PLANE('',#3025);
#3025 = AXIS2_PLACEMENT_3D('',#3026,#3027,#3028);
#3026 = CARTESIAN_POINT('',(-13.4730516345,9.281823702467,2.));
#3027 = DIRECTION('',(-0.837166478263,0.546948158122,1.52031960201E-16)
  );
#3028 = DIRECTION('',(-0.546948158122,-0.837166478263,2.551425497454E-16
    ));
#3029 = ADVANCED_FACE('',(#3030),#3046,.T.);
#3030 = FACE_BOUND('',#3031,.T.);
#3031 = EDGE_LOOP('',(#3032,#3033,#3039,#3040));
#3032 = ORIENTED_EDGE('',*,*,#3011,.T.);
#3033 = ORIENTED_EDGE('',*,*,#3034,.T.);
#3034 = EDGE_CURVE('',#3004,#2934,#3035,.T.);
#3035 = LINE('',#3036,#3037);
#3036 = CARTESIAN_POINT('',(-13.91210976713,8.609795201813,1.6));
#3037 = VECTOR('',#3038,1.);
#3038 = DIRECTION('',(0.837166478263,-0.546948158122,-1.52031960201E-16)
  );
#3039 = ORIENTED_EDGE('',*,*,#2931,.F.);
#3040 = ORIENTED_EDGE('',*,*,#3041,.F.);
#3041 = EDGE_CURVE('',#3012,#2932,#3042,.T.);
#3042 = LINE('',#3043,#3044);
#3043 = CARTESIAN_POINT('',(-13.91210976713,8.609795201813,2.));
#3044 = VECTOR('',#3045,1.);
#3045 = DIRECTION('',(0.837166478263,-0.546948158122,-1.52031960201E-16)
  );
#3046 = PLANE('',#3047);
#3047 = AXIS2_PLACEMENT_3D('',#3048,#3049,#3050);
#3048 = CARTESIAN_POINT('',(-13.91210976713,8.609795201813,2.));
#3049 = DIRECTION('',(-0.546948158122,-0.837166478263,2.551425497454E-16
    ));
#3050 = DIRECTION('',(0.837166478263,-0.546948158122,-1.52031960201E-16)
  );
#3051 = ADVANCED_FACE('',(#3052),#3058,.T.);
#3052 = FACE_BOUND('',#3053,.T.);
#3053 = EDGE_LOOP('',(#3054,#3055,#3056,#3057));
#3054 = ORIENTED_EDGE('',*,*,#2957,.T.);
#3055 = ORIENTED_EDGE('',*,*,#2988,.T.);
#3056 = ORIENTED_EDGE('',*,*,#3019,.T.);
#3057 = ORIENTED_EDGE('',*,*,#3041,.T.);
#3058 = PLANE('',#3059);
#3059 = AXIS2_PLACEMENT_3D('',#3060,#3061,#3062);
#3060 = CARTESIAN_POINT('',(-12.852545075,8.396986786365,2.));
#3061 = DIRECTION('',(2.668258083467E-16,1.304431892176E-16,1.));
#3062 = DIRECTION('',(-0.789140509396,0.61421271269,1.304431892176E-16)
  );
#3063 = ADVANCED_FACE('',(#3064),#3070,.F.);
#3064 = FACE_BOUND('',#3065,.F.);
#3065 = EDGE_LOOP('',(#3066,#3067,#3068,#3069));
#3066 = ORIENTED_EDGE('',*,*,#2941,.T.);
#3067 = ORIENTED_EDGE('',*,*,#2972,.T.);
#3068 = ORIENTED_EDGE('',*,*,#3003,.T.);
#3069 = ORIENTED_EDGE('',*,*,#3034,.T.);
#3070 = PLANE('',#3071);
#3071 = AXIS2_PLACEMENT_3D('',#3072,#3073,#3074);
#3072 = CARTESIAN_POINT('',(-12.852545075,8.396986786365,1.6));
#3073 = DIRECTION('',(2.668258083467E-16,1.304431892176E-16,1.));
#3074 = DIRECTION('',(-0.789140509396,0.61421271269,1.304431892176E-16)
  );
#3075 = MANIFOLD_SOLID_BREP('',#3076);
#3076 = CLOSED_SHELL('',(#3077,#3117,#3148,#3179,#3201,#3213));
#3077 = ADVANCED_FACE('',(#3078),#3112,.T.);
#3078 = FACE_BOUND('',#3079,.T.);
#3079 = EDGE_LOOP('',(#3080,#3090,#3098,#3106));
#3080 = ORIENTED_EDGE('',*,*,#3081,.T.);
#3081 = EDGE_CURVE('',#3082,#3084,#3086,.T.);
#3082 = VERTEX_POINT('',#3083);
#3083 = CARTESIAN_POINT('',(-13.30166868344,5.396366569633,2.));
#3084 = VERTEX_POINT('',#3085);
#3085 = CARTESIAN_POINT('',(-13.30166868344,5.396366569633,1.6));
#3086 = LINE('',#3087,#3088);
#3087 = CARTESIAN_POINT('',(-13.30166868344,5.396366569633,2.));
#3088 = VECTOR('',#3089,1.);
#3089 = DIRECTION('',(-2.615042787028E-16,-1.558227278508E-16,-1.));
#3090 = ORIENTED_EDGE('',*,*,#3091,.T.);
#3091 = EDGE_CURVE('',#3084,#3092,#3094,.T.);
#3092 = VERTEX_POINT('',#3093);
#3093 = CARTESIAN_POINT('',(-12.9792109872,6.131496070909,1.6));
#3094 = LINE('',#3095,#3096);
#3095 = CARTESIAN_POINT('',(-13.30166868344,5.396366569633,1.6));
#3096 = VECTOR('',#3097,1.);
#3097 = DIRECTION('',(0.401695424653,0.915773326655,-2.477433701345E-16)
  );
#3098 = ORIENTED_EDGE('',*,*,#3099,.F.);
#3099 = EDGE_CURVE('',#3100,#3092,#3102,.T.);
#3100 = VERTEX_POINT('',#3101);
#3101 = CARTESIAN_POINT('',(-12.9792109872,6.131496070909,2.));
#3102 = LINE('',#3103,#3104);
#3103 = CARTESIAN_POINT('',(-12.9792109872,6.131496070909,2.));
#3104 = VECTOR('',#3105,1.);
#3105 = DIRECTION('',(-2.615042787028E-16,-1.558227278508E-16,-1.));
#3106 = ORIENTED_EDGE('',*,*,#3107,.F.);
#3107 = EDGE_CURVE('',#3082,#3100,#3108,.T.);
#3108 = LINE('',#3109,#3110);
#3109 = CARTESIAN_POINT('',(-13.30166868344,5.396366569633,2.));
#3110 = VECTOR('',#3111,1.);
#3111 = DIRECTION('',(0.401695424653,0.915773326655,-2.477433701345E-16)
  );
#3112 = PLANE('',#3113);
#3113 = AXIS2_PLACEMENT_3D('',#3114,#3115,#3116);
#3114 = CARTESIAN_POINT('',(-13.30166868344,5.396366569633,2.));
#3115 = DIRECTION('',(0.915773326655,-0.401695424653,-1.768853664076E-16
    ));
#3116 = DIRECTION('',(0.401695424653,0.915773326655,-2.477433701345E-16)
  );
#3117 = ADVANCED_FACE('',(#3118),#3143,.T.);
#3118 = FACE_BOUND('',#3119,.T.);
#3119 = EDGE_LOOP('',(#3120,#3121,#3129,#3137));
#3120 = ORIENTED_EDGE('',*,*,#3099,.T.);
#3121 = ORIENTED_EDGE('',*,*,#3122,.T.);
#3122 = EDGE_CURVE('',#3092,#3123,#3125,.T.);
#3123 = VERTEX_POINT('',#3124);
#3124 = CARTESIAN_POINT('',(-14.81703474039,6.937640311507,1.6));
#3125 = LINE('',#3126,#3127);
#3126 = CARTESIAN_POINT('',(-12.9792109872,6.131496070909,1.6));
#3127 = VECTOR('',#3128,1.);
#3128 = DIRECTION('',(-0.915773326655,0.401695424653,1.768853664076E-16)
  );
#3129 = ORIENTED_EDGE('',*,*,#3130,.F.);
#3130 = EDGE_CURVE('',#3131,#3123,#3133,.T.);
#3131 = VERTEX_POINT('',#3132);
#3132 = CARTESIAN_POINT('',(-14.81703474039,6.937640311507,2.));
#3133 = LINE('',#3134,#3135);
#3134 = CARTESIAN_POINT('',(-14.81703474039,6.937640311507,2.));
#3135 = VECTOR('',#3136,1.);
#3136 = DIRECTION('',(-2.615042787028E-16,-1.558227278508E-16,-1.));
#3137 = ORIENTED_EDGE('',*,*,#3138,.F.);
#3138 = EDGE_CURVE('',#3100,#3131,#3139,.T.);
#3139 = LINE('',#3140,#3141);
#3140 = CARTESIAN_POINT('',(-12.9792109872,6.131496070909,2.));
#3141 = VECTOR('',#3142,1.);
#3142 = DIRECTION('',(-0.915773326655,0.401695424653,1.768853664076E-16)
  );
#3143 = PLANE('',#3144);
#3144 = AXIS2_PLACEMENT_3D('',#3145,#3146,#3147);
#3145 = CARTESIAN_POINT('',(-12.9792109872,6.131496070909,2.));
#3146 = DIRECTION('',(0.401695424653,0.915773326655,-2.477433701345E-16)
  );
#3147 = DIRECTION('',(-0.915773326655,0.401695424653,1.768853664076E-16)
  );
#3148 = ADVANCED_FACE('',(#3149),#3174,.T.);
#3149 = FACE_BOUND('',#3150,.T.);
#3150 = EDGE_LOOP('',(#3151,#3152,#3160,#3168));
#3151 = ORIENTED_EDGE('',*,*,#3130,.T.);
#3152 = ORIENTED_EDGE('',*,*,#3153,.T.);
#3153 = EDGE_CURVE('',#3123,#3154,#3156,.T.);
#3154 = VERTEX_POINT('',#3155);
#3155 = CARTESIAN_POINT('',(-15.13949243663,6.20251081023,1.6));
#3156 = LINE('',#3157,#3158);
#3157 = CARTESIAN_POINT('',(-14.81703474039,6.937640311507,1.6));
#3158 = VECTOR('',#3159,1.);
#3159 = DIRECTION('',(-0.401695424653,-0.915773326655,2.477433701345E-16
    ));
#3160 = ORIENTED_EDGE('',*,*,#3161,.F.);
#3161 = EDGE_CURVE('',#3162,#3154,#3164,.T.);
#3162 = VERTEX_POINT('',#3163);
#3163 = CARTESIAN_POINT('',(-15.13949243663,6.20251081023,2.));
#3164 = LINE('',#3165,#3166);
#3165 = CARTESIAN_POINT('',(-15.13949243663,6.20251081023,2.));
#3166 = VECTOR('',#3167,1.);
#3167 = DIRECTION('',(-2.615042787028E-16,-1.558227278508E-16,-1.));
#3168 = ORIENTED_EDGE('',*,*,#3169,.F.);
#3169 = EDGE_CURVE('',#3131,#3162,#3170,.T.);
#3170 = LINE('',#3171,#3172);
#3171 = CARTESIAN_POINT('',(-14.81703474039,6.937640311507,2.));
#3172 = VECTOR('',#3173,1.);
#3173 = DIRECTION('',(-0.401695424653,-0.915773326655,2.477433701345E-16
    ));
#3174 = PLANE('',#3175);
#3175 = AXIS2_PLACEMENT_3D('',#3176,#3177,#3178);
#3176 = CARTESIAN_POINT('',(-14.81703474039,6.937640311507,2.));
#3177 = DIRECTION('',(-0.915773326655,0.401695424653,1.768853664076E-16)
  );
#3178 = DIRECTION('',(-0.401695424653,-0.915773326655,2.477433701345E-16
    ));
#3179 = ADVANCED_FACE('',(#3180),#3196,.T.);
#3180 = FACE_BOUND('',#3181,.T.);
#3181 = EDGE_LOOP('',(#3182,#3183,#3189,#3190));
#3182 = ORIENTED_EDGE('',*,*,#3161,.T.);
#3183 = ORIENTED_EDGE('',*,*,#3184,.T.);
#3184 = EDGE_CURVE('',#3154,#3084,#3185,.T.);
#3185 = LINE('',#3186,#3187);
#3186 = CARTESIAN_POINT('',(-15.13949243663,6.20251081023,1.6));
#3187 = VECTOR('',#3188,1.);
#3188 = DIRECTION('',(0.915773326655,-0.401695424653,-1.768853664076E-16
    ));
#3189 = ORIENTED_EDGE('',*,*,#3081,.F.);
#3190 = ORIENTED_EDGE('',*,*,#3191,.F.);
#3191 = EDGE_CURVE('',#3162,#3082,#3192,.T.);
#3192 = LINE('',#3193,#3194);
#3193 = CARTESIAN_POINT('',(-15.13949243663,6.20251081023,2.));
#3194 = VECTOR('',#3195,1.);
#3195 = DIRECTION('',(0.915773326655,-0.401695424653,-1.768853664076E-16
    ));
#3196 = PLANE('',#3197);
#3197 = AXIS2_PLACEMENT_3D('',#3198,#3199,#3200);
#3198 = CARTESIAN_POINT('',(-15.13949243663,6.20251081023,2.));
#3199 = DIRECTION('',(-0.401695424653,-0.915773326655,2.477433701345E-16
    ));
#3200 = DIRECTION('',(0.915773326655,-0.401695424653,-1.768853664076E-16
    ));
#3201 = ADVANCED_FACE('',(#3202),#3208,.T.);
#3202 = FACE_BOUND('',#3203,.T.);
#3203 = EDGE_LOOP('',(#3204,#3205,#3206,#3207));
#3204 = ORIENTED_EDGE('',*,*,#3107,.T.);
#3205 = ORIENTED_EDGE('',*,*,#3138,.T.);
#3206 = ORIENTED_EDGE('',*,*,#3169,.T.);
#3207 = ORIENTED_EDGE('',*,*,#3191,.T.);
#3208 = PLANE('',#3209);
#3209 = AXIS2_PLACEMENT_3D('',#3210,#3211,#3212);
#3210 = CARTESIAN_POINT('',(-14.05935171191,6.16700344057,2.));
#3211 = DIRECTION('',(2.615042787028E-16,1.558227278508E-16,1.));
#3212 = DIRECTION('',(-0.879473751206,0.475947393037,1.558227278508E-16)
  );
#3213 = ADVANCED_FACE('',(#3214),#3220,.F.);
#3214 = FACE_BOUND('',#3215,.F.);
#3215 = EDGE_LOOP('',(#3216,#3217,#3218,#3219));
#3216 = ORIENTED_EDGE('',*,*,#3091,.T.);
#3217 = ORIENTED_EDGE('',*,*,#3122,.T.);
#3218 = ORIENTED_EDGE('',*,*,#3153,.T.);
#3219 = ORIENTED_EDGE('',*,*,#3184,.T.);
#3220 = PLANE('',#3221);
#3221 = AXIS2_PLACEMENT_3D('',#3222,#3223,#3224);
#3222 = CARTESIAN_POINT('',(-14.05935171191,6.16700344057,1.6));
#3223 = DIRECTION('',(2.615042787028E-16,1.558227278508E-16,1.));
#3224 = DIRECTION('',(-0.879473751206,0.475947393037,1.558227278508E-16)
  );
#3225 = MANIFOLD_SOLID_BREP('',#3226);
#3226 = CLOSED_SHELL('',(#3227,#3267,#3298,#3329,#3351,#3363));
#3227 = ADVANCED_FACE('',(#3228),#3262,.T.);
#3228 = FACE_BOUND('',#3229,.T.);
#3229 = EDGE_LOOP('',(#3230,#3240,#3248,#3256));
#3230 = ORIENTED_EDGE('',*,*,#3231,.T.);
#3231 = EDGE_CURVE('',#3232,#3234,#3236,.T.);
#3232 = VERTEX_POINT('',#3233);
#3233 = CARTESIAN_POINT('',(-14.00846400456,3.133384456261,2.));
#3234 = VERTEX_POINT('',#3235);
#3235 = CARTESIAN_POINT('',(-14.00846400456,3.133384456261,1.6));
#3236 = LINE('',#3237,#3238);
#3237 = CARTESIAN_POINT('',(-14.00846400456,3.133384456261,2.));
#3238 = VECTOR('',#3239,1.);
#3239 = DIRECTION('',(-2.520779930243E-16,-1.799802276654E-16,-1.));
#3240 = ORIENTED_EDGE('',*,*,#3241,.T.);
#3241 = EDGE_CURVE('',#3234,#3242,#3244,.T.);
#3242 = VERTEX_POINT('',#3243);
#3243 = CARTESIAN_POINT('',(-13.81140255007,3.911562541705,1.6));
#3244 = LINE('',#3245,#3246);
#3245 = CARTESIAN_POINT('',(-14.00846400456,3.133384456261,1.6));
#3246 = VECTOR('',#3247,1.);
#3247 = DIRECTION('',(0.245485487141,0.969400265939,-2.363543694777E-16)
  );
#3248 = ORIENTED_EDGE('',*,*,#3249,.F.);
#3249 = EDGE_CURVE('',#3250,#3242,#3252,.T.);
#3250 = VERTEX_POINT('',#3251);
#3251 = CARTESIAN_POINT('',(-13.81140255007,3.911562541705,2.));
#3252 = LINE('',#3253,#3254);
#3253 = CARTESIAN_POINT('',(-13.81140255007,3.911562541705,2.));
#3254 = VECTOR('',#3255,1.);
#3255 = DIRECTION('',(-2.520779930243E-16,-1.799802276654E-16,-1.));
#3256 = ORIENTED_EDGE('',*,*,#3257,.F.);
#3257 = EDGE_CURVE('',#3232,#3250,#3258,.T.);
#3258 = LINE('',#3259,#3260);
#3259 = CARTESIAN_POINT('',(-14.00846400456,3.133384456261,2.));
#3260 = VECTOR('',#3261,1.);
#3261 = DIRECTION('',(0.245485487141,0.969400265939,-2.363543694777E-16)
  );
#3262 = PLANE('',#3263);
#3263 = AXIS2_PLACEMENT_3D('',#3264,#3265,#3266);
#3264 = CARTESIAN_POINT('',(-14.00846400456,3.133384456261,2.));
#3265 = DIRECTION('',(0.969400265939,-0.245485487141,-2.001819396111E-16
    ));
#3266 = DIRECTION('',(0.245485487141,0.969400265939,-2.363543694777E-16)
  );
#3267 = ADVANCED_FACE('',(#3268),#3293,.T.);
#3268 = FACE_BOUND('',#3269,.T.);
#3269 = EDGE_LOOP('',(#3270,#3271,#3279,#3287));
#3270 = ORIENTED_EDGE('',*,*,#3249,.T.);
#3271 = ORIENTED_EDGE('',*,*,#3272,.T.);
#3272 = EDGE_CURVE('',#3242,#3273,#3275,.T.);
#3273 = VERTEX_POINT('',#3274);
#3274 = CARTESIAN_POINT('',(-15.75684776368,4.404216177927,1.6));
#3275 = LINE('',#3276,#3277);
#3276 = CARTESIAN_POINT('',(-13.81140255007,3.911562541705,1.6));
#3277 = VECTOR('',#3278,1.);
#3278 = DIRECTION('',(-0.969400265939,0.245485487141,2.001819396111E-16)
  );
#3279 = ORIENTED_EDGE('',*,*,#3280,.F.);
#3280 = EDGE_CURVE('',#3281,#3273,#3283,.T.);
#3281 = VERTEX_POINT('',#3282);
#3282 = CARTESIAN_POINT('',(-15.75684776368,4.404216177927,2.));
#3283 = LINE('',#3284,#3285);
#3284 = CARTESIAN_POINT('',(-15.75684776368,4.404216177927,2.));
#3285 = VECTOR('',#3286,1.);
#3286 = DIRECTION('',(-2.520779930243E-16,-1.799802276654E-16,-1.));
#3287 = ORIENTED_EDGE('',*,*,#3288,.F.);
#3288 = EDGE_CURVE('',#3250,#3281,#3289,.T.);
#3289 = LINE('',#3290,#3291);
#3290 = CARTESIAN_POINT('',(-13.81140255007,3.911562541705,2.));
#3291 = VECTOR('',#3292,1.);
#3292 = DIRECTION('',(-0.969400265939,0.245485487141,2.001819396111E-16)
  );
#3293 = PLANE('',#3294);
#3294 = AXIS2_PLACEMENT_3D('',#3295,#3296,#3297);
#3295 = CARTESIAN_POINT('',(-13.81140255007,3.911562541705,2.));
#3296 = DIRECTION('',(0.245485487141,0.969400265939,-2.363543694777E-16)
  );
#3297 = DIRECTION('',(-0.969400265939,0.245485487141,2.001819396111E-16)
  );
#3298 = ADVANCED_FACE('',(#3299),#3324,.T.);
#3299 = FACE_BOUND('',#3300,.T.);
#3300 = EDGE_LOOP('',(#3301,#3302,#3310,#3318));
#3301 = ORIENTED_EDGE('',*,*,#3280,.T.);
#3302 = ORIENTED_EDGE('',*,*,#3303,.T.);
#3303 = EDGE_CURVE('',#3273,#3304,#3306,.T.);
#3304 = VERTEX_POINT('',#3305);
#3305 = CARTESIAN_POINT('',(-15.95390921817,3.626038092482,1.6));
#3306 = LINE('',#3307,#3308);
#3307 = CARTESIAN_POINT('',(-15.75684776368,4.404216177927,1.6));
#3308 = VECTOR('',#3309,1.);
#3309 = DIRECTION('',(-0.245485487141,-0.969400265939,2.363543694777E-16
    ));
#3310 = ORIENTED_EDGE('',*,*,#3311,.F.);
#3311 = EDGE_CURVE('',#3312,#3304,#3314,.T.);
#3312 = VERTEX_POINT('',#3313);
#3313 = CARTESIAN_POINT('',(-15.95390921817,3.626038092482,2.));
#3314 = LINE('',#3315,#3316);
#3315 = CARTESIAN_POINT('',(-15.95390921817,3.626038092482,2.));
#3316 = VECTOR('',#3317,1.);
#3317 = DIRECTION('',(-2.520779930243E-16,-1.799802276654E-16,-1.));
#3318 = ORIENTED_EDGE('',*,*,#3319,.F.);
#3319 = EDGE_CURVE('',#3281,#3312,#3320,.T.);
#3320 = LINE('',#3321,#3322);
#3321 = CARTESIAN_POINT('',(-15.75684776368,4.404216177927,2.));
#3322 = VECTOR('',#3323,1.);
#3323 = DIRECTION('',(-0.245485487141,-0.969400265939,2.363543694777E-16
    ));
#3324 = PLANE('',#3325);
#3325 = AXIS2_PLACEMENT_3D('',#3326,#3327,#3328);
#3326 = CARTESIAN_POINT('',(-15.75684776368,4.404216177927,2.));
#3327 = DIRECTION('',(-0.969400265939,0.245485487141,2.001819396111E-16)
  );
#3328 = DIRECTION('',(-0.245485487141,-0.969400265939,2.363543694777E-16
    ));
#3329 = ADVANCED_FACE('',(#3330),#3346,.T.);
#3330 = FACE_BOUND('',#3331,.T.);
#3331 = EDGE_LOOP('',(#3332,#3333,#3339,#3340));
#3332 = ORIENTED_EDGE('',*,*,#3311,.T.);
#3333 = ORIENTED_EDGE('',*,*,#3334,.T.);
#3334 = EDGE_CURVE('',#3304,#3234,#3335,.T.);
#3335 = LINE('',#3336,#3337);
#3336 = CARTESIAN_POINT('',(-15.95390921817,3.626038092482,1.6));
#3337 = VECTOR('',#3338,1.);
#3338 = DIRECTION('',(0.969400265939,-0.245485487141,-2.001819396111E-16
    ));
#3339 = ORIENTED_EDGE('',*,*,#3231,.F.);
#3340 = ORIENTED_EDGE('',*,*,#3341,.F.);
#3341 = EDGE_CURVE('',#3312,#3232,#3342,.T.);
#3342 = LINE('',#3343,#3344);
#3343 = CARTESIAN_POINT('',(-15.95390921817,3.626038092482,2.));
#3344 = VECTOR('',#3345,1.);
#3345 = DIRECTION('',(0.969400265939,-0.245485487141,-2.001819396111E-16
    ));
#3346 = PLANE('',#3347);
#3347 = AXIS2_PLACEMENT_3D('',#3348,#3349,#3350);
#3348 = CARTESIAN_POINT('',(-15.95390921817,3.626038092482,2.));
#3349 = DIRECTION('',(-0.245485487141,-0.969400265939,2.363543694777E-16
    ));
#3350 = DIRECTION('',(0.969400265939,-0.245485487141,-2.001819396111E-16
    ));
#3351 = ADVANCED_FACE('',(#3352),#3358,.T.);
#3352 = FACE_BOUND('',#3353,.T.);
#3353 = EDGE_LOOP('',(#3354,#3355,#3356,#3357));
#3354 = ORIENTED_EDGE('',*,*,#3257,.T.);
#3355 = ORIENTED_EDGE('',*,*,#3288,.T.);
#3356 = ORIENTED_EDGE('',*,*,#3319,.T.);
#3357 = ORIENTED_EDGE('',*,*,#3341,.T.);
#3358 = PLANE('',#3359);
#3359 = AXIS2_PLACEMENT_3D('',#3360,#3361,#3362);
#3360 = CARTESIAN_POINT('',(-14.88265588412,3.768800317094,2.));
#3361 = DIRECTION('',(2.520779930243E-16,1.799802276654E-16,1.));
#3362 = DIRECTION('',(-0.945817241701,0.324699469205,1.799802276654E-16)
  );
#3363 = ADVANCED_FACE('',(#3364),#3370,.F.);
#3364 = FACE_BOUND('',#3365,.F.);
#3365 = EDGE_LOOP('',(#3366,#3367,#3368,#3369));
#3366 = ORIENTED_EDGE('',*,*,#3241,.T.);
#3367 = ORIENTED_EDGE('',*,*,#3272,.T.);
#3368 = ORIENTED_EDGE('',*,*,#3303,.T.);
#3369 = ORIENTED_EDGE('',*,*,#3334,.T.);
#3370 = PLANE('',#3371);
#3371 = AXIS2_PLACEMENT_3D('',#3372,#3373,#3374);
#3372 = CARTESIAN_POINT('',(-14.88265588412,3.768800317094,1.6));
#3373 = DIRECTION('',(2.520779930243E-16,1.799802276654E-16,1.));
#3374 = DIRECTION('',(-0.945817241701,0.324699469205,1.799802276654E-16)
  );
#3375 = MANIFOLD_SOLID_BREP('',#3376);
#3376 = CLOSED_SHELL('',(#3377,#3417,#3448,#3479,#3501,#3513));
#3377 = ADVANCED_FACE('',(#3378),#3412,.T.);
#3378 = FACE_BOUND('',#3379,.T.);
#3379 = EDGE_LOOP('',(#3380,#3390,#3398,#3406));
#3380 = ORIENTED_EDGE('',*,*,#3381,.T.);
#3381 = EDGE_CURVE('',#3382,#3384,#3386,.T.);
#3382 = VERTEX_POINT('',#3383);
#3383 = CARTESIAN_POINT('',(-14.33314494498,0.784931783046,2.));
#3384 = VERTEX_POINT('',#3385);
#3385 = CARTESIAN_POINT('',(-14.33314494498,0.784931783046,1.6));
#3386 = LINE('',#3387,#3388);
#3387 = CARTESIAN_POINT('',(-14.33314494498,0.784931783046,2.));
#3388 = VECTOR('',#3389,1.);
#3389 = DIRECTION('',(-2.388040758121E-16,-2.022567350404E-16,-1.));
#3390 = ORIENTED_EDGE('',*,*,#3391,.T.);
#3391 = EDGE_CURVE('',#3384,#3392,#3394,.T.);
#3392 = VERTEX_POINT('',#3393);
#3393 = CARTESIAN_POINT('',(-14.26685505502,1.584931783046,1.6));
#3394 = LINE('',#3395,#3396);
#3395 = CARTESIAN_POINT('',(-14.33314494498,0.784931783046,1.6));
#3396 = VECTOR('',#3397,1.);
#3397 = DIRECTION('',(8.257934547233E-02,0.996584493007,
    -2.212862100241E-16));
#3398 = ORIENTED_EDGE('',*,*,#3399,.F.);
#3399 = EDGE_CURVE('',#3400,#3392,#3402,.T.);
#3400 = VERTEX_POINT('',#3401);
#3401 = CARTESIAN_POINT('',(-14.26685505502,1.584931783046,2.));
#3402 = LINE('',#3403,#3404);
#3403 = CARTESIAN_POINT('',(-14.26685505502,1.584931783046,2.));
#3404 = VECTOR('',#3405,1.);
#3405 = DIRECTION('',(-2.388040758121E-16,-2.022567350404E-16,-1.));
#3406 = ORIENTED_EDGE('',*,*,#3407,.F.);
#3407 = EDGE_CURVE('',#3382,#3400,#3408,.T.);
#3408 = LINE('',#3409,#3410);
#3409 = CARTESIAN_POINT('',(-14.33314494498,0.784931783046,2.));
#3410 = VECTOR('',#3411,1.);
#3411 = DIRECTION('',(8.257934547233E-02,0.996584493007,
    -2.212862100241E-16));
#3412 = PLANE('',#3413);
#3413 = AXIS2_PLACEMENT_3D('',#3414,#3415,#3416);
#3414 = CARTESIAN_POINT('',(-14.33314494498,0.784931783046,2.));
#3415 = DIRECTION('',(0.996584493007,-8.257934547233E-02,
    -2.212862100241E-16));
#3416 = DIRECTION('',(8.257934547233E-02,0.996584493007,
    -2.212862100241E-16));
#3417 = ADVANCED_FACE('',(#3418),#3443,.T.);
#3418 = FACE_BOUND('',#3419,.T.);
#3419 = EDGE_LOOP('',(#3420,#3421,#3429,#3437));
#3420 = ORIENTED_EDGE('',*,*,#3399,.T.);
#3421 = ORIENTED_EDGE('',*,*,#3422,.T.);
#3422 = EDGE_CURVE('',#3392,#3423,#3425,.T.);
#3423 = VERTEX_POINT('',#3424);
#3424 = CARTESIAN_POINT('',(-16.26685505502,1.750656507948,1.6));
#3425 = LINE('',#3426,#3427);
#3426 = CARTESIAN_POINT('',(-14.26685505502,1.584931783046,1.6));
#3427 = VECTOR('',#3428,1.);
#3428 = DIRECTION('',(-0.996584493007,8.257934547233E-02,
    2.212862100241E-16));
#3429 = ORIENTED_EDGE('',*,*,#3430,.F.);
#3430 = EDGE_CURVE('',#3431,#3423,#3433,.T.);
#3431 = VERTEX_POINT('',#3432);
#3432 = CARTESIAN_POINT('',(-16.26685505502,1.750656507948,2.));
#3433 = LINE('',#3434,#3435);
#3434 = CARTESIAN_POINT('',(-16.26685505502,1.750656507948,2.));
#3435 = VECTOR('',#3436,1.);
#3436 = DIRECTION('',(-2.388040758121E-16,-2.022567350404E-16,-1.));
#3437 = ORIENTED_EDGE('',*,*,#3438,.F.);
#3438 = EDGE_CURVE('',#3400,#3431,#3439,.T.);
#3439 = LINE('',#3440,#3441);
#3440 = CARTESIAN_POINT('',(-14.26685505502,1.584931783046,2.));
#3441 = VECTOR('',#3442,1.);
#3442 = DIRECTION('',(-0.996584493007,8.257934547233E-02,
    2.212862100241E-16));
#3443 = PLANE('',#3444);
#3444 = AXIS2_PLACEMENT_3D('',#3445,#3446,#3447);
#3445 = CARTESIAN_POINT('',(-14.26685505502,1.584931783046,2.));
#3446 = DIRECTION('',(8.257934547233E-02,0.996584493007,
    -2.212862100241E-16));
#3447 = DIRECTION('',(-0.996584493007,8.257934547233E-02,
    2.212862100241E-16));
#3448 = ADVANCED_FACE('',(#3449),#3474,.T.);
#3449 = FACE_BOUND('',#3450,.T.);
#3450 = EDGE_LOOP('',(#3451,#3452,#3460,#3468));
#3451 = ORIENTED_EDGE('',*,*,#3430,.T.);
#3452 = ORIENTED_EDGE('',*,*,#3453,.T.);
#3453 = EDGE_CURVE('',#3423,#3454,#3456,.T.);
#3454 = VERTEX_POINT('',#3455);
#3455 = CARTESIAN_POINT('',(-16.33314494498,0.950656507948,1.6));
#3456 = LINE('',#3457,#3458);
#3457 = CARTESIAN_POINT('',(-16.26685505502,1.750656507948,1.6));
#3458 = VECTOR('',#3459,1.);
#3459 = DIRECTION('',(-8.257934547233E-02,-0.996584493007,
    2.212862100241E-16));
#3460 = ORIENTED_EDGE('',*,*,#3461,.F.);
#3461 = EDGE_CURVE('',#3462,#3454,#3464,.T.);
#3462 = VERTEX_POINT('',#3463);
#3463 = CARTESIAN_POINT('',(-16.33314494498,0.950656507948,2.));
#3464 = LINE('',#3465,#3466);
#3465 = CARTESIAN_POINT('',(-16.33314494498,0.950656507948,2.));
#3466 = VECTOR('',#3467,1.);
#3467 = DIRECTION('',(-2.388040758121E-16,-2.022567350404E-16,-1.));
#3468 = ORIENTED_EDGE('',*,*,#3469,.F.);
#3469 = EDGE_CURVE('',#3431,#3462,#3470,.T.);
#3470 = LINE('',#3471,#3472);
#3471 = CARTESIAN_POINT('',(-16.26685505502,1.750656507948,2.));
#3472 = VECTOR('',#3473,1.);
#3473 = DIRECTION('',(-8.257934547233E-02,-0.996584493007,
    2.212862100241E-16));
#3474 = PLANE('',#3475);
#3475 = AXIS2_PLACEMENT_3D('',#3476,#3477,#3478);
#3476 = CARTESIAN_POINT('',(-16.26685505502,1.750656507948,2.));
#3477 = DIRECTION('',(-0.996584493007,8.257934547233E-02,
    2.212862100241E-16));
#3478 = DIRECTION('',(-8.257934547233E-02,-0.996584493007,
    2.212862100241E-16));
#3479 = ADVANCED_FACE('',(#3480),#3496,.T.);
#3480 = FACE_BOUND('',#3481,.T.);
#3481 = EDGE_LOOP('',(#3482,#3483,#3489,#3490));
#3482 = ORIENTED_EDGE('',*,*,#3461,.T.);
#3483 = ORIENTED_EDGE('',*,*,#3484,.T.);
#3484 = EDGE_CURVE('',#3454,#3384,#3485,.T.);
#3485 = LINE('',#3486,#3487);
#3486 = CARTESIAN_POINT('',(-16.33314494498,0.950656507948,1.6));
#3487 = VECTOR('',#3488,1.);
#3488 = DIRECTION('',(0.996584493007,-8.257934547233E-02,
    -2.212862100241E-16));
#3489 = ORIENTED_EDGE('',*,*,#3381,.F.);
#3490 = ORIENTED_EDGE('',*,*,#3491,.F.);
#3491 = EDGE_CURVE('',#3462,#3382,#3492,.T.);
#3492 = LINE('',#3493,#3494);
#3493 = CARTESIAN_POINT('',(-16.33314494498,0.950656507948,2.));
#3494 = VECTOR('',#3495,1.);
#3495 = DIRECTION('',(0.996584493007,-8.257934547233E-02,
    -2.212862100241E-16));
#3496 = PLANE('',#3497);
#3497 = AXIS2_PLACEMENT_3D('',#3498,#3499,#3500);
#3498 = CARTESIAN_POINT('',(-16.33314494498,0.950656507948,2.));
#3499 = DIRECTION('',(-8.257934547233E-02,-0.996584493007,
    2.212862100241E-16));
#3500 = DIRECTION('',(0.996584493007,-8.257934547233E-02,
    -2.212862100241E-16));
#3501 = ADVANCED_FACE('',(#3502),#3508,.T.);
#3502 = FACE_BOUND('',#3503,.T.);
#3503 = EDGE_LOOP('',(#3504,#3505,#3506,#3507));
#3504 = ORIENTED_EDGE('',*,*,#3407,.T.);
#3505 = ORIENTED_EDGE('',*,*,#3438,.T.);
#3506 = ORIENTED_EDGE('',*,*,#3469,.T.);
#3507 = ORIENTED_EDGE('',*,*,#3491,.T.);
#3508 = PLANE('',#3509);
#3509 = AXIS2_PLACEMENT_3D('',#3510,#3511,#3512);
#3510 = CARTESIAN_POINT('',(-15.3,1.267794145497,2.));
#3511 = DIRECTION('',(2.388040758121E-16,2.022567350404E-16,1.));
#3512 = DIRECTION('',(-0.986361303403,0.164594590281,2.022567350404E-16)
  );
#3513 = ADVANCED_FACE('',(#3514),#3520,.F.);
#3514 = FACE_BOUND('',#3515,.F.);
#3515 = EDGE_LOOP('',(#3516,#3517,#3518,#3519));
#3516 = ORIENTED_EDGE('',*,*,#3391,.T.);
#3517 = ORIENTED_EDGE('',*,*,#3422,.T.);
#3518 = ORIENTED_EDGE('',*,*,#3453,.T.);
#3519 = ORIENTED_EDGE('',*,*,#3484,.T.);
#3520 = PLANE('',#3521);
#3521 = AXIS2_PLACEMENT_3D('',#3522,#3523,#3524);
#3522 = CARTESIAN_POINT('',(-15.3,1.267794145497,1.6));
#3523 = DIRECTION('',(2.388040758121E-16,2.022567350404E-16,1.));
#3524 = DIRECTION('',(-0.986361303403,0.164594590281,2.022567350404E-16)
  );
#3525 = MANIFOLD_SOLID_BREP('',#3526);
#3526 = CLOSED_SHELL('',(#3527,#3567,#3598,#3629,#3651,#3663));
#3527 = ADVANCED_FACE('',(#3528),#3562,.T.);
#3528 = FACE_BOUND('',#3529,.T.);
#3529 = EDGE_LOOP('',(#3530,#3540,#3548,#3556));
#3530 = ORIENTED_EDGE('',*,*,#3531,.T.);
#3531 = EDGE_CURVE('',#3532,#3534,#3536,.T.);
#3532 = VERTEX_POINT('',#3533);
#3533 = CARTESIAN_POINT('',(-14.26685505502,-1.584931783046,2.));
#3534 = VERTEX_POINT('',#3535);
#3535 = CARTESIAN_POINT('',(-14.26685505502,-1.584931783046,1.6));
#3536 = LINE('',#3537,#3538);
#3537 = CARTESIAN_POINT('',(-14.26685505502,-1.584931783046,2.));
#3538 = VECTOR('',#3539,1.);
#3539 = DIRECTION('',(-2.22044604925E-16,-2.22044604925E-16,-1.));
#3540 = ORIENTED_EDGE('',*,*,#3541,.T.);
#3541 = EDGE_CURVE('',#3534,#3542,#3544,.T.);
#3542 = VERTEX_POINT('',#3543);
#3543 = CARTESIAN_POINT('',(-14.33314494498,-0.784931783046,1.6));
#3544 = LINE('',#3545,#3546);
#3545 = CARTESIAN_POINT('',(-14.26685505502,-1.584931783046,1.6));
#3546 = VECTOR('',#3547,1.);
#3547 = DIRECTION('',(-8.257934547233E-02,0.996584493007,
    -2.029499118837E-16));
#3548 = ORIENTED_EDGE('',*,*,#3549,.F.);
#3549 = EDGE_CURVE('',#3550,#3542,#3552,.T.);
#3550 = VERTEX_POINT('',#3551);
#3551 = CARTESIAN_POINT('',(-14.33314494498,-0.784931783046,2.));
#3552 = LINE('',#3553,#3554);
#3553 = CARTESIAN_POINT('',(-14.33314494498,-0.784931783046,2.));
#3554 = VECTOR('',#3555,1.);
#3555 = DIRECTION('',(-2.22044604925E-16,-2.22044604925E-16,-1.));
#3556 = ORIENTED_EDGE('',*,*,#3557,.F.);
#3557 = EDGE_CURVE('',#3532,#3550,#3558,.T.);
#3558 = LINE('',#3559,#3560);
#3559 = CARTESIAN_POINT('',(-14.26685505502,-1.584931783046,2.));
#3560 = VECTOR('',#3561,1.);
#3561 = DIRECTION('',(-8.257934547233E-02,0.996584493007,
    -2.029499118837E-16));
#3562 = PLANE('',#3563);
#3563 = AXIS2_PLACEMENT_3D('',#3564,#3565,#3566);
#3564 = CARTESIAN_POINT('',(-14.26685505502,-1.584931783046,2.));
#3565 = DIRECTION('',(0.996584493007,8.257934547233E-02,
    -2.396225081645E-16));
#3566 = DIRECTION('',(-8.257934547233E-02,0.996584493007,
    -2.029499118837E-16));
#3567 = ADVANCED_FACE('',(#3568),#3593,.T.);
#3568 = FACE_BOUND('',#3569,.T.);
#3569 = EDGE_LOOP('',(#3570,#3571,#3579,#3587));
#3570 = ORIENTED_EDGE('',*,*,#3549,.T.);
#3571 = ORIENTED_EDGE('',*,*,#3572,.T.);
#3572 = EDGE_CURVE('',#3542,#3573,#3575,.T.);
#3573 = VERTEX_POINT('',#3574);
#3574 = CARTESIAN_POINT('',(-16.33314494498,-0.950656507947,1.6));
#3575 = LINE('',#3576,#3577);
#3576 = CARTESIAN_POINT('',(-14.33314494498,-0.784931783046,1.6));
#3577 = VECTOR('',#3578,1.);
#3578 = DIRECTION('',(-0.996584493007,-8.257934547233E-02,
    2.396225081645E-16));
#3579 = ORIENTED_EDGE('',*,*,#3580,.F.);
#3580 = EDGE_CURVE('',#3581,#3573,#3583,.T.);
#3581 = VERTEX_POINT('',#3582);
#3582 = CARTESIAN_POINT('',(-16.33314494498,-0.950656507947,2.));
#3583 = LINE('',#3584,#3585);
#3584 = CARTESIAN_POINT('',(-16.33314494498,-0.950656507947,2.));
#3585 = VECTOR('',#3586,1.);
#3586 = DIRECTION('',(-2.22044604925E-16,-2.22044604925E-16,-1.));
#3587 = ORIENTED_EDGE('',*,*,#3588,.F.);
#3588 = EDGE_CURVE('',#3550,#3581,#3589,.T.);
#3589 = LINE('',#3590,#3591);
#3590 = CARTESIAN_POINT('',(-14.33314494498,-0.784931783046,2.));
#3591 = VECTOR('',#3592,1.);
#3592 = DIRECTION('',(-0.996584493007,-8.257934547233E-02,
    2.396225081645E-16));
#3593 = PLANE('',#3594);
#3594 = AXIS2_PLACEMENT_3D('',#3595,#3596,#3597);
#3595 = CARTESIAN_POINT('',(-14.33314494498,-0.784931783046,2.));
#3596 = DIRECTION('',(-8.257934547233E-02,0.996584493007,
    -2.029499118837E-16));
#3597 = DIRECTION('',(-0.996584493007,-8.257934547233E-02,
    2.396225081645E-16));
#3598 = ADVANCED_FACE('',(#3599),#3624,.T.);
#3599 = FACE_BOUND('',#3600,.T.);
#3600 = EDGE_LOOP('',(#3601,#3602,#3610,#3618));
#3601 = ORIENTED_EDGE('',*,*,#3580,.T.);
#3602 = ORIENTED_EDGE('',*,*,#3603,.T.);
#3603 = EDGE_CURVE('',#3573,#3604,#3606,.T.);
#3604 = VERTEX_POINT('',#3605);
#3605 = CARTESIAN_POINT('',(-16.26685505502,-1.750656507947,1.6));
#3606 = LINE('',#3607,#3608);
#3607 = CARTESIAN_POINT('',(-16.33314494498,-0.950656507947,1.6));
#3608 = VECTOR('',#3609,1.);
#3609 = DIRECTION('',(8.257934547233E-02,-0.996584493007,
    2.029499118837E-16));
#3610 = ORIENTED_EDGE('',*,*,#3611,.F.);
#3611 = EDGE_CURVE('',#3612,#3604,#3614,.T.);
#3612 = VERTEX_POINT('',#3613);
#3613 = CARTESIAN_POINT('',(-16.26685505502,-1.750656507947,2.));
#3614 = LINE('',#3615,#3616);
#3615 = CARTESIAN_POINT('',(-16.26685505502,-1.750656507947,2.));
#3616 = VECTOR('',#3617,1.);
#3617 = DIRECTION('',(-2.22044604925E-16,-2.22044604925E-16,-1.));
#3618 = ORIENTED_EDGE('',*,*,#3619,.F.);
#3619 = EDGE_CURVE('',#3581,#3612,#3620,.T.);
#3620 = LINE('',#3621,#3622);
#3621 = CARTESIAN_POINT('',(-16.33314494498,-0.950656507947,2.));
#3622 = VECTOR('',#3623,1.);
#3623 = DIRECTION('',(8.257934547233E-02,-0.996584493007,
    2.029499118837E-16));
#3624 = PLANE('',#3625);
#3625 = AXIS2_PLACEMENT_3D('',#3626,#3627,#3628);
#3626 = CARTESIAN_POINT('',(-16.33314494498,-0.950656507947,2.));
#3627 = DIRECTION('',(-0.996584493007,-8.257934547233E-02,
    2.396225081645E-16));
#3628 = DIRECTION('',(8.257934547233E-02,-0.996584493007,
    2.029499118837E-16));
#3629 = ADVANCED_FACE('',(#3630),#3646,.T.);
#3630 = FACE_BOUND('',#3631,.T.);
#3631 = EDGE_LOOP('',(#3632,#3633,#3639,#3640));
#3632 = ORIENTED_EDGE('',*,*,#3611,.T.);
#3633 = ORIENTED_EDGE('',*,*,#3634,.T.);
#3634 = EDGE_CURVE('',#3604,#3534,#3635,.T.);
#3635 = LINE('',#3636,#3637);
#3636 = CARTESIAN_POINT('',(-16.26685505502,-1.750656507947,1.6));
#3637 = VECTOR('',#3638,1.);
#3638 = DIRECTION('',(0.996584493007,8.257934547233E-02,
    -2.396225081645E-16));
#3639 = ORIENTED_EDGE('',*,*,#3531,.F.);
#3640 = ORIENTED_EDGE('',*,*,#3641,.F.);
#3641 = EDGE_CURVE('',#3612,#3532,#3642,.T.);
#3642 = LINE('',#3643,#3644);
#3643 = CARTESIAN_POINT('',(-16.26685505502,-1.750656507947,2.));
#3644 = VECTOR('',#3645,1.);
#3645 = DIRECTION('',(0.996584493007,8.257934547233E-02,
    -2.396225081645E-16));
#3646 = PLANE('',#3647);
#3647 = AXIS2_PLACEMENT_3D('',#3648,#3649,#3650);
#3648 = CARTESIAN_POINT('',(-16.26685505502,-1.750656507947,2.));
#3649 = DIRECTION('',(8.257934547233E-02,-0.996584493007,
    2.029499118837E-16));
#3650 = DIRECTION('',(0.996584493007,8.257934547233E-02,
    -2.396225081645E-16));
#3651 = ADVANCED_FACE('',(#3652),#3658,.T.);
#3652 = FACE_BOUND('',#3653,.T.);
#3653 = EDGE_LOOP('',(#3654,#3655,#3656,#3657));
#3654 = ORIENTED_EDGE('',*,*,#3557,.T.);
#3655 = ORIENTED_EDGE('',*,*,#3588,.T.);
#3656 = ORIENTED_EDGE('',*,*,#3619,.T.);
#3657 = ORIENTED_EDGE('',*,*,#3641,.T.);
#3658 = PLANE('',#3659);
#3659 = AXIS2_PLACEMENT_3D('',#3660,#3661,#3662);
#3660 = CARTESIAN_POINT('',(-15.3,-1.267794145497,2.));
#3661 = DIRECTION('',(2.22044604925E-16,2.22044604925E-16,1.));
#3662 = DIRECTION('',(-1.,1.224646799147E-16,2.22044604925E-16));
#3663 = ADVANCED_FACE('',(#3664),#3670,.F.);
#3664 = FACE_BOUND('',#3665,.F.);
#3665 = EDGE_LOOP('',(#3666,#3667,#3668,#3669));
#3666 = ORIENTED_EDGE('',*,*,#3541,.T.);
#3667 = ORIENTED_EDGE('',*,*,#3572,.T.);
#3668 = ORIENTED_EDGE('',*,*,#3603,.T.);
#3669 = ORIENTED_EDGE('',*,*,#3634,.T.);
#3670 = PLANE('',#3671);
#3671 = AXIS2_PLACEMENT_3D('',#3672,#3673,#3674);
#3672 = CARTESIAN_POINT('',(-15.3,-1.267794145497,1.6));
#3673 = DIRECTION('',(2.22044604925E-16,2.22044604925E-16,1.));
#3674 = DIRECTION('',(-1.,1.224646799147E-16,2.22044604925E-16));
#3675 = MANIFOLD_SOLID_BREP('',#3676);
#3676 = CLOSED_SHELL('',(#3677,#3717,#3748,#3779,#3801,#3813));
#3677 = ADVANCED_FACE('',(#3678),#3712,.T.);
#3678 = FACE_BOUND('',#3679,.T.);
#3679 = EDGE_LOOP('',(#3680,#3690,#3698,#3706));
#3680 = ORIENTED_EDGE('',*,*,#3681,.T.);
#3681 = EDGE_CURVE('',#3682,#3684,#3686,.T.);
#3682 = VERTEX_POINT('',#3683);
#3683 = CARTESIAN_POINT('',(-13.81140255007,-3.911562541705,2.));
#3684 = VERTEX_POINT('',#3685);
#3685 = CARTESIAN_POINT('',(-13.81140255007,-3.911562541705,1.6));
#3686 = LINE('',#3687,#3688);
#3687 = CARTESIAN_POINT('',(-13.81140255007,-3.911562541705,2.));
#3688 = VECTOR('',#3689,1.);
#3689 = DIRECTION('',(-2.022567350404E-16,-2.388040758121E-16,-1.));
#3690 = ORIENTED_EDGE('',*,*,#3691,.T.);
#3691 = EDGE_CURVE('',#3684,#3692,#3694,.T.);
#3692 = VERTEX_POINT('',#3693);
#3693 = CARTESIAN_POINT('',(-14.00846400456,-3.133384456261,1.6));
#3694 = LINE('',#3695,#3696);
#3695 = CARTESIAN_POINT('',(-13.81140255007,-3.911562541705,1.6));
#3696 = VECTOR('',#3697,1.);
#3697 = DIRECTION('',(-0.245485487141,0.969400265939,-1.818456414707E-16
    ));
#3698 = ORIENTED_EDGE('',*,*,#3699,.F.);
#3699 = EDGE_CURVE('',#3700,#3692,#3702,.T.);
#3700 = VERTEX_POINT('',#3701);
#3701 = CARTESIAN_POINT('',(-14.00846400456,-3.133384456261,2.));
#3702 = LINE('',#3703,#3704);
#3703 = CARTESIAN_POINT('',(-14.00846400456,-3.133384456261,2.));
#3704 = VECTOR('',#3705,1.);
#3705 = DIRECTION('',(-2.022567350404E-16,-2.388040758121E-16,-1.));
#3706 = ORIENTED_EDGE('',*,*,#3707,.F.);
#3707 = EDGE_CURVE('',#3682,#3700,#3708,.T.);
#3708 = LINE('',#3709,#3710);
#3709 = CARTESIAN_POINT('',(-13.81140255007,-3.911562541705,2.));
#3710 = VECTOR('',#3711,1.);
#3711 = DIRECTION('',(-0.245485487141,0.969400265939,-1.818456414707E-16
    ));
#3712 = PLANE('',#3713);
#3713 = AXIS2_PLACEMENT_3D('',#3714,#3715,#3716);
#3714 = CARTESIAN_POINT('',(-13.81140255007,-3.911562541705,2.));
#3715 = DIRECTION('',(0.969400265939,0.245485487141,-2.546906676181E-16)
  );
#3716 = DIRECTION('',(-0.245485487141,0.969400265939,-1.818456414707E-16
    ));
#3717 = ADVANCED_FACE('',(#3718),#3743,.T.);
#3718 = FACE_BOUND('',#3719,.T.);
#3719 = EDGE_LOOP('',(#3720,#3721,#3729,#3737));
#3720 = ORIENTED_EDGE('',*,*,#3699,.T.);
#3721 = ORIENTED_EDGE('',*,*,#3722,.T.);
#3722 = EDGE_CURVE('',#3692,#3723,#3725,.T.);
#3723 = VERTEX_POINT('',#3724);
#3724 = CARTESIAN_POINT('',(-15.95390921817,-3.626038092482,1.6));
#3725 = LINE('',#3726,#3727);
#3726 = CARTESIAN_POINT('',(-14.00846400456,-3.133384456261,1.6));
#3727 = VECTOR('',#3728,1.);
#3728 = DIRECTION('',(-0.969400265939,-0.245485487141,2.546906676181E-16
    ));
#3729 = ORIENTED_EDGE('',*,*,#3730,.F.);
#3730 = EDGE_CURVE('',#3731,#3723,#3733,.T.);
#3731 = VERTEX_POINT('',#3732);
#3732 = CARTESIAN_POINT('',(-15.95390921817,-3.626038092482,2.));
#3733 = LINE('',#3734,#3735);
#3734 = CARTESIAN_POINT('',(-15.95390921817,-3.626038092482,2.));
#3735 = VECTOR('',#3736,1.);
#3736 = DIRECTION('',(-2.022567350404E-16,-2.388040758121E-16,-1.));
#3737 = ORIENTED_EDGE('',*,*,#3738,.F.);
#3738 = EDGE_CURVE('',#3700,#3731,#3739,.T.);
#3739 = LINE('',#3740,#3741);
#3740 = CARTESIAN_POINT('',(-14.00846400456,-3.133384456261,2.));
#3741 = VECTOR('',#3742,1.);
#3742 = DIRECTION('',(-0.969400265939,-0.245485487141,2.546906676181E-16
    ));
#3743 = PLANE('',#3744);
#3744 = AXIS2_PLACEMENT_3D('',#3745,#3746,#3747);
#3745 = CARTESIAN_POINT('',(-14.00846400456,-3.133384456261,2.));
#3746 = DIRECTION('',(-0.245485487141,0.969400265939,-1.818456414707E-16
    ));
#3747 = DIRECTION('',(-0.969400265939,-0.245485487141,2.546906676181E-16
    ));
#3748 = ADVANCED_FACE('',(#3749),#3774,.T.);
#3749 = FACE_BOUND('',#3750,.T.);
#3750 = EDGE_LOOP('',(#3751,#3752,#3760,#3768));
#3751 = ORIENTED_EDGE('',*,*,#3730,.T.);
#3752 = ORIENTED_EDGE('',*,*,#3753,.T.);
#3753 = EDGE_CURVE('',#3723,#3754,#3756,.T.);
#3754 = VERTEX_POINT('',#3755);
#3755 = CARTESIAN_POINT('',(-15.75684776368,-4.404216177927,1.6));
#3756 = LINE('',#3757,#3758);
#3757 = CARTESIAN_POINT('',(-15.95390921817,-3.626038092482,1.6));
#3758 = VECTOR('',#3759,1.);
#3759 = DIRECTION('',(0.245485487141,-0.969400265939,1.818456414707E-16)
  );
#3760 = ORIENTED_EDGE('',*,*,#3761,.F.);
#3761 = EDGE_CURVE('',#3762,#3754,#3764,.T.);
#3762 = VERTEX_POINT('',#3763);
#3763 = CARTESIAN_POINT('',(-15.75684776368,-4.404216177927,2.));
#3764 = LINE('',#3765,#3766);
#3765 = CARTESIAN_POINT('',(-15.75684776368,-4.404216177927,2.));
#3766 = VECTOR('',#3767,1.);
#3767 = DIRECTION('',(-2.022567350404E-16,-2.388040758121E-16,-1.));
#3768 = ORIENTED_EDGE('',*,*,#3769,.F.);
#3769 = EDGE_CURVE('',#3731,#3762,#3770,.T.);
#3770 = LINE('',#3771,#3772);
#3771 = CARTESIAN_POINT('',(-15.95390921817,-3.626038092482,2.));
#3772 = VECTOR('',#3773,1.);
#3773 = DIRECTION('',(0.245485487141,-0.969400265939,1.818456414707E-16)
  );
#3774 = PLANE('',#3775);
#3775 = AXIS2_PLACEMENT_3D('',#3776,#3777,#3778);
#3776 = CARTESIAN_POINT('',(-15.95390921817,-3.626038092482,2.));
#3777 = DIRECTION('',(-0.969400265939,-0.245485487141,2.546906676181E-16
    ));
#3778 = DIRECTION('',(0.245485487141,-0.969400265939,1.818456414707E-16)
  );
#3779 = ADVANCED_FACE('',(#3780),#3796,.T.);
#3780 = FACE_BOUND('',#3781,.T.);
#3781 = EDGE_LOOP('',(#3782,#3783,#3789,#3790));
#3782 = ORIENTED_EDGE('',*,*,#3761,.T.);
#3783 = ORIENTED_EDGE('',*,*,#3784,.T.);
#3784 = EDGE_CURVE('',#3754,#3684,#3785,.T.);
#3785 = LINE('',#3786,#3787);
#3786 = CARTESIAN_POINT('',(-15.75684776368,-4.404216177927,1.6));
#3787 = VECTOR('',#3788,1.);
#3788 = DIRECTION('',(0.969400265939,0.245485487141,-2.546906676181E-16)
  );
#3789 = ORIENTED_EDGE('',*,*,#3681,.F.);
#3790 = ORIENTED_EDGE('',*,*,#3791,.F.);
#3791 = EDGE_CURVE('',#3762,#3682,#3792,.T.);
#3792 = LINE('',#3793,#3794);
#3793 = CARTESIAN_POINT('',(-15.75684776368,-4.404216177927,2.));
#3794 = VECTOR('',#3795,1.);
#3795 = DIRECTION('',(0.969400265939,0.245485487141,-2.546906676181E-16)
  );
#3796 = PLANE('',#3797);
#3797 = AXIS2_PLACEMENT_3D('',#3798,#3799,#3800);
#3798 = CARTESIAN_POINT('',(-15.75684776368,-4.404216177927,2.));
#3799 = DIRECTION('',(0.245485487141,-0.969400265939,1.818456414707E-16)
  );
#3800 = DIRECTION('',(0.969400265939,0.245485487141,-2.546906676181E-16)
  );
#3801 = ADVANCED_FACE('',(#3802),#3808,.T.);
#3802 = FACE_BOUND('',#3803,.T.);
#3803 = EDGE_LOOP('',(#3804,#3805,#3806,#3807));
#3804 = ORIENTED_EDGE('',*,*,#3707,.T.);
#3805 = ORIENTED_EDGE('',*,*,#3738,.T.);
#3806 = ORIENTED_EDGE('',*,*,#3769,.T.);
#3807 = ORIENTED_EDGE('',*,*,#3791,.T.);
#3808 = PLANE('',#3809);
#3809 = AXIS2_PLACEMENT_3D('',#3810,#3811,#3812);
#3810 = CARTESIAN_POINT('',(-14.88265588412,-3.768800317094,2.));
#3811 = DIRECTION('',(2.022567350404E-16,2.388040758121E-16,1.));
#3812 = DIRECTION('',(-0.986361303403,-0.164594590281,2.388040758121E-16
    ));
#3813 = ADVANCED_FACE('',(#3814),#3820,.F.);
#3814 = FACE_BOUND('',#3815,.F.);
#3815 = EDGE_LOOP('',(#3816,#3817,#3818,#3819));
#3816 = ORIENTED_EDGE('',*,*,#3691,.T.);
#3817 = ORIENTED_EDGE('',*,*,#3722,.T.);
#3818 = ORIENTED_EDGE('',*,*,#3753,.T.);
#3819 = ORIENTED_EDGE('',*,*,#3784,.T.);
#3820 = PLANE('',#3821);
#3821 = AXIS2_PLACEMENT_3D('',#3822,#3823,#3824);
#3822 = CARTESIAN_POINT('',(-14.88265588412,-3.768800317094,1.6));
#3823 = DIRECTION('',(2.022567350404E-16,2.388040758121E-16,1.));
#3824 = DIRECTION('',(-0.986361303403,-0.164594590281,2.388040758121E-16
    ));
#3825 = MANIFOLD_SOLID_BREP('',#3826);
#3826 = CLOSED_SHELL('',(#3827,#3867,#3898,#3929,#3951,#3963));
#3827 = ADVANCED_FACE('',(#3828),#3862,.T.);
#3828 = FACE_BOUND('',#3829,.T.);
#3829 = EDGE_LOOP('',(#3830,#3840,#3848,#3856));
#3830 = ORIENTED_EDGE('',*,*,#3831,.T.);
#3831 = EDGE_CURVE('',#3832,#3834,#3836,.T.);
#3832 = VERTEX_POINT('',#3833);
#3833 = CARTESIAN_POINT('',(-12.9792109872,-6.131496070909,2.));
#3834 = VERTEX_POINT('',#3835);
#3835 = CARTESIAN_POINT('',(-12.9792109872,-6.131496070909,1.6));
#3836 = LINE('',#3837,#3838);
#3837 = CARTESIAN_POINT('',(-12.9792109872,-6.131496070909,2.));
#3838 = VECTOR('',#3839,1.);
#3839 = DIRECTION('',(-1.799802276654E-16,-2.520779930243E-16,-1.));
#3840 = ORIENTED_EDGE('',*,*,#3841,.T.);
#3841 = EDGE_CURVE('',#3834,#3842,#3844,.T.);
#3842 = VERTEX_POINT('',#3843);
#3843 = CARTESIAN_POINT('',(-13.30166868344,-5.396366569633,1.6));
#3844 = LINE('',#3845,#3846);
#3845 = CARTESIAN_POINT('',(-12.9792109872,-6.131496070909,1.6));
#3846 = VECTOR('',#3847,1.);
#3847 = DIRECTION('',(-0.401695424653,0.915773326655,-1.585490682672E-16
    ));
#3848 = ORIENTED_EDGE('',*,*,#3849,.F.);
#3849 = EDGE_CURVE('',#3850,#3842,#3852,.T.);
#3850 = VERTEX_POINT('',#3851);
#3851 = CARTESIAN_POINT('',(-13.30166868344,-5.396366569633,2.));
#3852 = LINE('',#3853,#3854);
#3853 = CARTESIAN_POINT('',(-13.30166868344,-5.396366569633,2.));
#3854 = VECTOR('',#3855,1.);
#3855 = DIRECTION('',(-1.799802276654E-16,-2.520779930243E-16,-1.));
#3856 = ORIENTED_EDGE('',*,*,#3857,.F.);
#3857 = EDGE_CURVE('',#3832,#3850,#3858,.T.);
#3858 = LINE('',#3859,#3860);
#3859 = CARTESIAN_POINT('',(-12.9792109872,-6.131496070909,2.));
#3860 = VECTOR('',#3861,1.);
#3861 = DIRECTION('',(-0.401695424653,0.915773326655,-1.585490682672E-16
    ));
#3862 = PLANE('',#3863);
#3863 = AXIS2_PLACEMENT_3D('',#3864,#3865,#3866);
#3864 = CARTESIAN_POINT('',(-12.9792109872,-6.131496070909,2.));
#3865 = DIRECTION('',(0.915773326655,0.401695424653,-2.660796682749E-16)
  );
#3866 = DIRECTION('',(-0.401695424653,0.915773326655,-1.585490682672E-16
    ));
#3867 = ADVANCED_FACE('',(#3868),#3893,.T.);
#3868 = FACE_BOUND('',#3869,.T.);
#3869 = EDGE_LOOP('',(#3870,#3871,#3879,#3887));
#3870 = ORIENTED_EDGE('',*,*,#3849,.T.);
#3871 = ORIENTED_EDGE('',*,*,#3872,.T.);
#3872 = EDGE_CURVE('',#3842,#3873,#3875,.T.);
#3873 = VERTEX_POINT('',#3874);
#3874 = CARTESIAN_POINT('',(-15.13949243663,-6.20251081023,1.6));
#3875 = LINE('',#3876,#3877);
#3876 = CARTESIAN_POINT('',(-13.30166868344,-5.396366569633,1.6));
#3877 = VECTOR('',#3878,1.);
#3878 = DIRECTION('',(-0.915773326655,-0.401695424653,2.660796682749E-16
    ));
#3879 = ORIENTED_EDGE('',*,*,#3880,.F.);
#3880 = EDGE_CURVE('',#3881,#3873,#3883,.T.);
#3881 = VERTEX_POINT('',#3882);
#3882 = CARTESIAN_POINT('',(-15.13949243663,-6.20251081023,2.));
#3883 = LINE('',#3884,#3885);
#3884 = CARTESIAN_POINT('',(-15.13949243663,-6.20251081023,2.));
#3885 = VECTOR('',#3886,1.);
#3886 = DIRECTION('',(-1.799802276654E-16,-2.520779930243E-16,-1.));
#3887 = ORIENTED_EDGE('',*,*,#3888,.F.);
#3888 = EDGE_CURVE('',#3850,#3881,#3889,.T.);
#3889 = LINE('',#3890,#3891);
#3890 = CARTESIAN_POINT('',(-13.30166868344,-5.396366569633,2.));
#3891 = VECTOR('',#3892,1.);
#3892 = DIRECTION('',(-0.915773326655,-0.401695424653,2.660796682749E-16
    ));
#3893 = PLANE('',#3894);
#3894 = AXIS2_PLACEMENT_3D('',#3895,#3896,#3897);
#3895 = CARTESIAN_POINT('',(-13.30166868344,-5.396366569633,2.));
#3896 = DIRECTION('',(-0.401695424653,0.915773326655,-1.585490682672E-16
    ));
#3897 = DIRECTION('',(-0.915773326655,-0.401695424653,2.660796682749E-16
    ));
#3898 = ADVANCED_FACE('',(#3899),#3924,.T.);
#3899 = FACE_BOUND('',#3900,.T.);
#3900 = EDGE_LOOP('',(#3901,#3902,#3910,#3918));
#3901 = ORIENTED_EDGE('',*,*,#3880,.T.);
#3902 = ORIENTED_EDGE('',*,*,#3903,.T.);
#3903 = EDGE_CURVE('',#3873,#3904,#3906,.T.);
#3904 = VERTEX_POINT('',#3905);
#3905 = CARTESIAN_POINT('',(-14.81703474039,-6.937640311507,1.6));
#3906 = LINE('',#3907,#3908);
#3907 = CARTESIAN_POINT('',(-15.13949243663,-6.20251081023,1.6));
#3908 = VECTOR('',#3909,1.);
#3909 = DIRECTION('',(0.401695424653,-0.915773326655,1.585490682672E-16)
  );
#3910 = ORIENTED_EDGE('',*,*,#3911,.F.);
#3911 = EDGE_CURVE('',#3912,#3904,#3914,.T.);
#3912 = VERTEX_POINT('',#3913);
#3913 = CARTESIAN_POINT('',(-14.81703474039,-6.937640311507,2.));
#3914 = LINE('',#3915,#3916);
#3915 = CARTESIAN_POINT('',(-14.81703474039,-6.937640311507,2.));
#3916 = VECTOR('',#3917,1.);
#3917 = DIRECTION('',(-1.799802276654E-16,-2.520779930243E-16,-1.));
#3918 = ORIENTED_EDGE('',*,*,#3919,.F.);
#3919 = EDGE_CURVE('',#3881,#3912,#3920,.T.);
#3920 = LINE('',#3921,#3922);
#3921 = CARTESIAN_POINT('',(-15.13949243663,-6.20251081023,2.));
#3922 = VECTOR('',#3923,1.);
#3923 = DIRECTION('',(0.401695424653,-0.915773326655,1.585490682672E-16)
  );
#3924 = PLANE('',#3925);
#3925 = AXIS2_PLACEMENT_3D('',#3926,#3927,#3928);
#3926 = CARTESIAN_POINT('',(-15.13949243663,-6.20251081023,2.));
#3927 = DIRECTION('',(-0.915773326655,-0.401695424653,2.660796682749E-16
    ));
#3928 = DIRECTION('',(0.401695424653,-0.915773326655,1.585490682672E-16)
  );
#3929 = ADVANCED_FACE('',(#3930),#3946,.T.);
#3930 = FACE_BOUND('',#3931,.T.);
#3931 = EDGE_LOOP('',(#3932,#3933,#3939,#3940));
#3932 = ORIENTED_EDGE('',*,*,#3911,.T.);
#3933 = ORIENTED_EDGE('',*,*,#3934,.T.);
#3934 = EDGE_CURVE('',#3904,#3834,#3935,.T.);
#3935 = LINE('',#3936,#3937);
#3936 = CARTESIAN_POINT('',(-14.81703474039,-6.937640311507,1.6));
#3937 = VECTOR('',#3938,1.);
#3938 = DIRECTION('',(0.915773326655,0.401695424653,-2.660796682749E-16)
  );
#3939 = ORIENTED_EDGE('',*,*,#3831,.F.);
#3940 = ORIENTED_EDGE('',*,*,#3941,.F.);
#3941 = EDGE_CURVE('',#3912,#3832,#3942,.T.);
#3942 = LINE('',#3943,#3944);
#3943 = CARTESIAN_POINT('',(-14.81703474039,-6.937640311507,2.));
#3944 = VECTOR('',#3945,1.);
#3945 = DIRECTION('',(0.915773326655,0.401695424653,-2.660796682749E-16)
  );
#3946 = PLANE('',#3947);
#3947 = AXIS2_PLACEMENT_3D('',#3948,#3949,#3950);
#3948 = CARTESIAN_POINT('',(-14.81703474039,-6.937640311507,2.));
#3949 = DIRECTION('',(0.401695424653,-0.915773326655,1.585490682672E-16)
  );
#3950 = DIRECTION('',(0.915773326655,0.401695424653,-2.660796682749E-16)
  );
#3951 = ADVANCED_FACE('',(#3952),#3958,.T.);
#3952 = FACE_BOUND('',#3953,.T.);
#3953 = EDGE_LOOP('',(#3954,#3955,#3956,#3957));
#3954 = ORIENTED_EDGE('',*,*,#3857,.T.);
#3955 = ORIENTED_EDGE('',*,*,#3888,.T.);
#3956 = ORIENTED_EDGE('',*,*,#3919,.T.);
#3957 = ORIENTED_EDGE('',*,*,#3941,.T.);
#3958 = PLANE('',#3959);
#3959 = AXIS2_PLACEMENT_3D('',#3960,#3961,#3962);
#3960 = CARTESIAN_POINT('',(-14.05935171191,-6.16700344057,2.));
#3961 = DIRECTION('',(1.799802276654E-16,2.520779930243E-16,1.));
#3962 = DIRECTION('',(-0.945817241701,-0.324699469205,2.520779930243E-16
    ));
#3963 = ADVANCED_FACE('',(#3964),#3970,.F.);
#3964 = FACE_BOUND('',#3965,.F.);
#3965 = EDGE_LOOP('',(#3966,#3967,#3968,#3969));
#3966 = ORIENTED_EDGE('',*,*,#3841,.T.);
#3967 = ORIENTED_EDGE('',*,*,#3872,.T.);
#3968 = ORIENTED_EDGE('',*,*,#3903,.T.);
#3969 = ORIENTED_EDGE('',*,*,#3934,.T.);
#3970 = PLANE('',#3971);
#3971 = AXIS2_PLACEMENT_3D('',#3972,#3973,#3974);
#3972 = CARTESIAN_POINT('',(-14.05935171191,-6.16700344057,1.6));
#3973 = DIRECTION('',(1.799802276654E-16,2.520779930243E-16,1.));
#3974 = DIRECTION('',(-0.945817241701,-0.324699469205,2.520779930243E-16
    ));
#3975 = MANIFOLD_SOLID_BREP('',#3976);
#3976 = CLOSED_SHELL('',(#3977,#4017,#4048,#4079,#4101,#4113));
#3977 = ADVANCED_FACE('',(#3978),#4012,.T.);
#3978 = FACE_BOUND('',#3979,.T.);
#3979 = EDGE_LOOP('',(#3980,#3990,#3998,#4006));
#3980 = ORIENTED_EDGE('',*,*,#3981,.T.);
#3981 = EDGE_CURVE('',#3982,#3984,#3986,.T.);
#3982 = VERTEX_POINT('',#3983);
#3983 = CARTESIAN_POINT('',(-11.79298038287,-8.184178370916,2.));
#3984 = VERTEX_POINT('',#3985);
#3985 = CARTESIAN_POINT('',(-11.79298038287,-8.184178370916,1.6));
#3986 = LINE('',#3987,#3988);
#3987 = CARTESIAN_POINT('',(-11.79298038287,-8.184178370916,2.));
#3988 = VECTOR('',#3989,1.);
#3989 = DIRECTION('',(-1.558227278508E-16,-2.615042787028E-16,-1.));
#3990 = ORIENTED_EDGE('',*,*,#3991,.T.);
#3991 = EDGE_CURVE('',#3984,#3992,#3994,.T.);
#3992 = VERTEX_POINT('',#3993);
#3993 = CARTESIAN_POINT('',(-12.23203851549,-7.512149870263,1.6));
#3994 = LINE('',#3995,#3996);
#3995 = CARTESIAN_POINT('',(-11.79298038287,-8.184178370916,1.6));
#3996 = VECTOR('',#3997,1.);
#3997 = DIRECTION('',(-0.546948158122,0.837166478263,-1.336956620606E-16
    ));
#3998 = ORIENTED_EDGE('',*,*,#3999,.F.);
#3999 = EDGE_CURVE('',#4000,#3992,#4002,.T.);
#4000 = VERTEX_POINT('',#4001);
#4001 = CARTESIAN_POINT('',(-12.23203851549,-7.512149870263,2.));
#4002 = LINE('',#4003,#4004);
#4003 = CARTESIAN_POINT('',(-12.23203851549,-7.512149870263,2.));
#4004 = VECTOR('',#4005,1.);
#4005 = DIRECTION('',(-1.558227278508E-16,-2.615042787028E-16,-1.));
#4006 = ORIENTED_EDGE('',*,*,#4007,.F.);
#4007 = EDGE_CURVE('',#3982,#4000,#4008,.T.);
#4008 = LINE('',#4009,#4010);
#4009 = CARTESIAN_POINT('',(-11.79298038287,-8.184178370916,2.));
#4010 = VECTOR('',#4011,1.);
#4011 = DIRECTION('',(-0.546948158122,0.837166478263,-1.336956620606E-16
    ));
#4012 = PLANE('',#4013);
#4013 = AXIS2_PLACEMENT_3D('',#4014,#4015,#4016);
#4014 = CARTESIAN_POINT('',(-11.79298038287,-8.184178370916,2.));
#4015 = DIRECTION('',(0.837166478263,0.546948158122,-2.734788478858E-16)
  );
#4016 = DIRECTION('',(-0.546948158122,0.837166478263,-1.336956620606E-16
    ));
#4017 = ADVANCED_FACE('',(#4018),#4043,.T.);
#4018 = FACE_BOUND('',#4019,.T.);
#4019 = EDGE_LOOP('',(#4020,#4021,#4029,#4037));
#4020 = ORIENTED_EDGE('',*,*,#3999,.T.);
#4021 = ORIENTED_EDGE('',*,*,#4022,.T.);
#4022 = EDGE_CURVE('',#3992,#4023,#4025,.T.);
#4023 = VERTEX_POINT('',#4024);
#4024 = CARTESIAN_POINT('',(-13.91210976713,-8.609795201813,1.6));
#4025 = LINE('',#4026,#4027);
#4026 = CARTESIAN_POINT('',(-12.23203851549,-7.512149870263,1.6));
#4027 = VECTOR('',#4028,1.);
#4028 = DIRECTION('',(-0.837166478263,-0.546948158122,2.734788478858E-16
    ));
#4029 = ORIENTED_EDGE('',*,*,#4030,.F.);
#4030 = EDGE_CURVE('',#4031,#4023,#4033,.T.);
#4031 = VERTEX_POINT('',#4032);
#4032 = CARTESIAN_POINT('',(-13.91210976713,-8.609795201813,2.));
#4033 = LINE('',#4034,#4035);
#4034 = CARTESIAN_POINT('',(-13.91210976713,-8.609795201813,2.));
#4035 = VECTOR('',#4036,1.);
#4036 = DIRECTION('',(-1.558227278508E-16,-2.615042787028E-16,-1.));
#4037 = ORIENTED_EDGE('',*,*,#4038,.F.);
#4038 = EDGE_CURVE('',#4000,#4031,#4039,.T.);
#4039 = LINE('',#4040,#4041);
#4040 = CARTESIAN_POINT('',(-12.23203851549,-7.512149870263,2.));
#4041 = VECTOR('',#4042,1.);
#4042 = DIRECTION('',(-0.837166478263,-0.546948158122,2.734788478858E-16
    ));
#4043 = PLANE('',#4044);
#4044 = AXIS2_PLACEMENT_3D('',#4045,#4046,#4047);
#4045 = CARTESIAN_POINT('',(-12.23203851549,-7.512149870263,2.));
#4046 = DIRECTION('',(-0.546948158122,0.837166478263,-1.336956620606E-16
    ));
#4047 = DIRECTION('',(-0.837166478263,-0.546948158122,2.734788478858E-16
    ));
#4048 = ADVANCED_FACE('',(#4049),#4074,.T.);
#4049 = FACE_BOUND('',#4050,.T.);
#4050 = EDGE_LOOP('',(#4051,#4052,#4060,#4068));
#4051 = ORIENTED_EDGE('',*,*,#4030,.T.);
#4052 = ORIENTED_EDGE('',*,*,#4053,.T.);
#4053 = EDGE_CURVE('',#4023,#4054,#4056,.T.);
#4054 = VERTEX_POINT('',#4055);
#4055 = CARTESIAN_POINT('',(-13.4730516345,-9.281823702467,1.6));
#4056 = LINE('',#4057,#4058);
#4057 = CARTESIAN_POINT('',(-13.91210976713,-8.609795201813,1.6));
#4058 = VECTOR('',#4059,1.);
#4059 = DIRECTION('',(0.546948158122,-0.837166478263,1.336956620606E-16)
  );
#4060 = ORIENTED_EDGE('',*,*,#4061,.F.);
#4061 = EDGE_CURVE('',#4062,#4054,#4064,.T.);
#4062 = VERTEX_POINT('',#4063);
#4063 = CARTESIAN_POINT('',(-13.4730516345,-9.281823702467,2.));
#4064 = LINE('',#4065,#4066);
#4065 = CARTESIAN_POINT('',(-13.4730516345,-9.281823702467,2.));
#4066 = VECTOR('',#4067,1.);
#4067 = DIRECTION('',(-1.558227278508E-16,-2.615042787028E-16,-1.));
#4068 = ORIENTED_EDGE('',*,*,#4069,.F.);
#4069 = EDGE_CURVE('',#4031,#4062,#4070,.T.);
#4070 = LINE('',#4071,#4072);
#4071 = CARTESIAN_POINT('',(-13.91210976713,-8.609795201813,2.));
#4072 = VECTOR('',#4073,1.);
#4073 = DIRECTION('',(0.546948158122,-0.837166478263,1.336956620606E-16)
  );
#4074 = PLANE('',#4075);
#4075 = AXIS2_PLACEMENT_3D('',#4076,#4077,#4078);
#4076 = CARTESIAN_POINT('',(-13.91210976713,-8.609795201813,2.));
#4077 = DIRECTION('',(-0.837166478263,-0.546948158122,2.734788478858E-16
    ));
#4078 = DIRECTION('',(0.546948158122,-0.837166478263,1.336956620606E-16)
  );
#4079 = ADVANCED_FACE('',(#4080),#4096,.T.);
#4080 = FACE_BOUND('',#4081,.T.);
#4081 = EDGE_LOOP('',(#4082,#4083,#4089,#4090));
#4082 = ORIENTED_EDGE('',*,*,#4061,.T.);
#4083 = ORIENTED_EDGE('',*,*,#4084,.T.);
#4084 = EDGE_CURVE('',#4054,#3984,#4085,.T.);
#4085 = LINE('',#4086,#4087);
#4086 = CARTESIAN_POINT('',(-13.4730516345,-9.281823702467,1.6));
#4087 = VECTOR('',#4088,1.);
#4088 = DIRECTION('',(0.837166478263,0.546948158122,-2.734788478858E-16)
  );
#4089 = ORIENTED_EDGE('',*,*,#3981,.F.);
#4090 = ORIENTED_EDGE('',*,*,#4091,.F.);
#4091 = EDGE_CURVE('',#4062,#3982,#4092,.T.);
#4092 = LINE('',#4093,#4094);
#4093 = CARTESIAN_POINT('',(-13.4730516345,-9.281823702467,2.));
#4094 = VECTOR('',#4095,1.);
#4095 = DIRECTION('',(0.837166478263,0.546948158122,-2.734788478858E-16)
  );
#4096 = PLANE('',#4097);
#4097 = AXIS2_PLACEMENT_3D('',#4098,#4099,#4100);
#4098 = CARTESIAN_POINT('',(-13.4730516345,-9.281823702467,2.));
#4099 = DIRECTION('',(0.546948158122,-0.837166478263,1.336956620606E-16)
  );
#4100 = DIRECTION('',(0.837166478263,0.546948158122,-2.734788478858E-16)
  );
#4101 = ADVANCED_FACE('',(#4102),#4108,.T.);
#4102 = FACE_BOUND('',#4103,.T.);
#4103 = EDGE_LOOP('',(#4104,#4105,#4106,#4107));
#4104 = ORIENTED_EDGE('',*,*,#4007,.T.);
#4105 = ORIENTED_EDGE('',*,*,#4038,.T.);
#4106 = ORIENTED_EDGE('',*,*,#4069,.T.);
#4107 = ORIENTED_EDGE('',*,*,#4091,.T.);
#4108 = PLANE('',#4109);
#4109 = AXIS2_PLACEMENT_3D('',#4110,#4111,#4112);
#4110 = CARTESIAN_POINT('',(-12.852545075,-8.396986786365,2.));
#4111 = DIRECTION('',(1.558227278508E-16,2.615042787028E-16,1.));
#4112 = DIRECTION('',(-0.879473751206,-0.475947393037,2.615042787028E-16
    ));
#4113 = ADVANCED_FACE('',(#4114),#4120,.F.);
#4114 = FACE_BOUND('',#4115,.F.);
#4115 = EDGE_LOOP('',(#4116,#4117,#4118,#4119));
#4116 = ORIENTED_EDGE('',*,*,#3991,.T.);
#4117 = ORIENTED_EDGE('',*,*,#4022,.T.);
#4118 = ORIENTED_EDGE('',*,*,#4053,.T.);
#4119 = ORIENTED_EDGE('',*,*,#4084,.T.);
#4120 = PLANE('',#4121);
#4121 = AXIS2_PLACEMENT_3D('',#4122,#4123,#4124);
#4122 = CARTESIAN_POINT('',(-12.852545075,-8.396986786365,1.6));
#4123 = DIRECTION('',(1.558227278508E-16,2.615042787028E-16,1.));
#4124 = DIRECTION('',(-0.879473751206,-0.475947393037,2.615042787028E-16
    ));
#4125 = MANIFOLD_SOLID_BREP('',#4126);
#4126 = CLOSED_SHELL('',(#4127,#4167,#4198,#4229,#4251,#4263));
#4127 = ADVANCED_FACE('',(#4128),#4162,.T.);
#4128 = FACE_BOUND('',#4129,.T.);
#4129 = EDGE_LOOP('',(#4130,#4140,#4148,#4156));
#4130 = ORIENTED_EDGE('',*,*,#4131,.T.);
#4131 = EDGE_CURVE('',#4132,#4134,#4136,.T.);
#4132 = VERTEX_POINT('',#4133);
#4133 = CARTESIAN_POINT('',(-10.28506801571,-10.01361761952,2.));
#4134 = VERTEX_POINT('',#4135);
#4135 = CARTESIAN_POINT('',(-10.28506801571,-10.01361761952,1.6));
#4136 = LINE('',#4137,#4138);
#4137 = CARTESIAN_POINT('',(-10.28506801571,-10.01361761952,2.));
#4138 = VECTOR('',#4139,1.);
#4139 = DIRECTION('',(-1.304431892176E-16,-2.668258083467E-16,-1.));
#4140 = ORIENTED_EDGE('',*,*,#4141,.T.);
#4141 = EDGE_CURVE('',#4134,#4142,#4144,.T.);
#4142 = VERTEX_POINT('',#4143);
#4143 = CARTESIAN_POINT('',(-10.82875022339,-9.423021305145,1.6));
#4144 = LINE('',#4145,#4146);
#4145 = CARTESIAN_POINT('',(-10.28506801571,-10.01361761952,1.6));
#4146 = VECTOR('',#4147,1.);
#4147 = DIRECTION('',(-0.677281571626,0.735723910673,-1.079633589842E-16
    ));
#4148 = ORIENTED_EDGE('',*,*,#4149,.F.);
#4149 = EDGE_CURVE('',#4150,#4142,#4152,.T.);
#4150 = VERTEX_POINT('',#4151);
#4151 = CARTESIAN_POINT('',(-10.82875022339,-9.423021305145,2.));
#4152 = LINE('',#4153,#4154);
#4153 = CARTESIAN_POINT('',(-10.82875022339,-9.423021305145,2.));
#4154 = VECTOR('',#4155,1.);
#4155 = DIRECTION('',(-1.304431892176E-16,-2.668258083467E-16,-1.));
#4156 = ORIENTED_EDGE('',*,*,#4157,.F.);
#4157 = EDGE_CURVE('',#4132,#4150,#4158,.T.);
#4158 = LINE('',#4159,#4160);
#4159 = CARTESIAN_POINT('',(-10.28506801571,-10.01361761952,2.));
#4160 = VECTOR('',#4161,1.);
#4161 = DIRECTION('',(-0.677281571626,0.735723910673,-1.079633589842E-16
    ));
#4162 = PLANE('',#4163);
#4163 = AXIS2_PLACEMENT_3D('',#4164,#4165,#4166);
#4164 = CARTESIAN_POINT('',(-10.28506801571,-10.01361761952,2.));
#4165 = DIRECTION('',(0.735723910673,0.677281571626,-2.766863761192E-16)
  );
#4166 = DIRECTION('',(-0.677281571626,0.735723910673,-1.079633589842E-16
    ));
#4167 = ADVANCED_FACE('',(#4168),#4193,.T.);
#4168 = FACE_BOUND('',#4169,.T.);
#4169 = EDGE_LOOP('',(#4170,#4171,#4179,#4187));
#4170 = ORIENTED_EDGE('',*,*,#4149,.T.);
#4171 = ORIENTED_EDGE('',*,*,#4172,.T.);
#4172 = EDGE_CURVE('',#4142,#4173,#4175,.T.);
#4173 = VERTEX_POINT('',#4174);
#4174 = CARTESIAN_POINT('',(-12.30524100934,-10.78222682435,1.6));
#4175 = LINE('',#4176,#4177);
#4176 = CARTESIAN_POINT('',(-10.82875022339,-9.423021305145,1.6));
#4177 = VECTOR('',#4178,1.);
#4178 = DIRECTION('',(-0.735723910673,-0.677281571626,2.766863761192E-16
    ));
#4179 = ORIENTED_EDGE('',*,*,#4180,.F.);
#4180 = EDGE_CURVE('',#4181,#4173,#4183,.T.);
#4181 = VERTEX_POINT('',#4182);
#4182 = CARTESIAN_POINT('',(-12.30524100934,-10.78222682435,2.));
#4183 = LINE('',#4184,#4185);
#4184 = CARTESIAN_POINT('',(-12.30524100934,-10.78222682435,2.));
#4185 = VECTOR('',#4186,1.);
#4186 = DIRECTION('',(-1.304431892176E-16,-2.668258083467E-16,-1.));
#4187 = ORIENTED_EDGE('',*,*,#4188,.F.);
#4188 = EDGE_CURVE('',#4150,#4181,#4189,.T.);
#4189 = LINE('',#4190,#4191);
#4190 = CARTESIAN_POINT('',(-10.82875022339,-9.423021305145,2.));
#4191 = VECTOR('',#4192,1.);
#4192 = DIRECTION('',(-0.735723910673,-0.677281571626,2.766863761192E-16
    ));
#4193 = PLANE('',#4194);
#4194 = AXIS2_PLACEMENT_3D('',#4195,#4196,#4197);
#4195 = CARTESIAN_POINT('',(-10.82875022339,-9.423021305145,2.));
#4196 = DIRECTION('',(-0.677281571626,0.735723910673,-1.079633589842E-16
    ));
#4197 = DIRECTION('',(-0.735723910673,-0.677281571626,2.766863761192E-16
    ));
#4198 = ADVANCED_FACE('',(#4199),#4224,.T.);
#4199 = FACE_BOUND('',#4200,.T.);
#4200 = EDGE_LOOP('',(#4201,#4202,#4210,#4218));
#4201 = ORIENTED_EDGE('',*,*,#4180,.T.);
#4202 = ORIENTED_EDGE('',*,*,#4203,.T.);
#4203 = EDGE_CURVE('',#4173,#4204,#4206,.T.);
#4204 = VERTEX_POINT('',#4205);
#4205 = CARTESIAN_POINT('',(-11.76155880166,-11.37282313873,1.6));
#4206 = LINE('',#4207,#4208);
#4207 = CARTESIAN_POINT('',(-12.30524100934,-10.78222682435,1.6));
#4208 = VECTOR('',#4209,1.);
#4209 = DIRECTION('',(0.677281571626,-0.735723910673,1.079633589842E-16)
  );
#4210 = ORIENTED_EDGE('',*,*,#4211,.F.);
#4211 = EDGE_CURVE('',#4212,#4204,#4214,.T.);
#4212 = VERTEX_POINT('',#4213);
#4213 = CARTESIAN_POINT('',(-11.76155880166,-11.37282313873,2.));
#4214 = LINE('',#4215,#4216);
#4215 = CARTESIAN_POINT('',(-11.76155880166,-11.37282313873,2.));
#4216 = VECTOR('',#4217,1.);
#4217 = DIRECTION('',(-1.304431892176E-16,-2.668258083467E-16,-1.));
#4218 = ORIENTED_EDGE('',*,*,#4219,.F.);
#4219 = EDGE_CURVE('',#4181,#4212,#4220,.T.);
#4220 = LINE('',#4221,#4222);
#4221 = CARTESIAN_POINT('',(-12.30524100934,-10.78222682435,2.));
#4222 = VECTOR('',#4223,1.);
#4223 = DIRECTION('',(0.677281571626,-0.735723910673,1.079633589842E-16)
  );
#4224 = PLANE('',#4225);
#4225 = AXIS2_PLACEMENT_3D('',#4226,#4227,#4228);
#4226 = CARTESIAN_POINT('',(-12.30524100934,-10.78222682435,2.));
#4227 = DIRECTION('',(-0.735723910673,-0.677281571626,2.766863761192E-16
    ));
#4228 = DIRECTION('',(0.677281571626,-0.735723910673,1.079633589842E-16)
  );
#4229 = ADVANCED_FACE('',(#4230),#4246,.T.);
#4230 = FACE_BOUND('',#4231,.T.);
#4231 = EDGE_LOOP('',(#4232,#4233,#4239,#4240));
#4232 = ORIENTED_EDGE('',*,*,#4211,.T.);
#4233 = ORIENTED_EDGE('',*,*,#4234,.T.);
#4234 = EDGE_CURVE('',#4204,#4134,#4235,.T.);
#4235 = LINE('',#4236,#4237);
#4236 = CARTESIAN_POINT('',(-11.76155880166,-11.37282313873,1.6));
#4237 = VECTOR('',#4238,1.);
#4238 = DIRECTION('',(0.735723910673,0.677281571626,-2.766863761192E-16)
  );
#4239 = ORIENTED_EDGE('',*,*,#4131,.F.);
#4240 = ORIENTED_EDGE('',*,*,#4241,.F.);
#4241 = EDGE_CURVE('',#4212,#4132,#4242,.T.);
#4242 = LINE('',#4243,#4244);
#4243 = CARTESIAN_POINT('',(-11.76155880166,-11.37282313873,2.));
#4244 = VECTOR('',#4245,1.);
#4245 = DIRECTION('',(0.735723910673,0.677281571626,-2.766863761192E-16)
  );
#4246 = PLANE('',#4247);
#4247 = AXIS2_PLACEMENT_3D('',#4248,#4249,#4250);
#4248 = CARTESIAN_POINT('',(-11.76155880166,-11.37282313873,2.));
#4249 = DIRECTION('',(0.677281571626,-0.735723910673,1.079633589842E-16)
  );
#4250 = DIRECTION('',(0.735723910673,0.677281571626,-2.766863761192E-16)
  );
#4251 = ADVANCED_FACE('',(#4252),#4258,.T.);
#4252 = FACE_BOUND('',#4253,.T.);
#4253 = EDGE_LOOP('',(#4254,#4255,#4256,#4257));
#4254 = ORIENTED_EDGE('',*,*,#4157,.T.);
#4255 = ORIENTED_EDGE('',*,*,#4188,.T.);
#4256 = ORIENTED_EDGE('',*,*,#4219,.T.);
#4257 = ORIENTED_EDGE('',*,*,#4241,.T.);
#4258 = PLANE('',#4259);
#4259 = AXIS2_PLACEMENT_3D('',#4260,#4261,#4262);
#4260 = CARTESIAN_POINT('',(-11.29515451252,-10.39792222193,2.));
#4261 = DIRECTION('',(1.304431892176E-16,2.668258083467E-16,1.));
#4262 = DIRECTION('',(-0.789140509396,-0.61421271269,2.668258083467E-16)
  );
#4263 = ADVANCED_FACE('',(#4264),#4270,.F.);
#4264 = FACE_BOUND('',#4265,.F.);
#4265 = EDGE_LOOP('',(#4266,#4267,#4268,#4269));
#4266 = ORIENTED_EDGE('',*,*,#4141,.T.);
#4267 = ORIENTED_EDGE('',*,*,#4172,.T.);
#4268 = ORIENTED_EDGE('',*,*,#4203,.T.);
#4269 = ORIENTED_EDGE('',*,*,#4234,.T.);
#4270 = PLANE('',#4271);
#4271 = AXIS2_PLACEMENT_3D('',#4272,#4273,#4274);
#4272 = CARTESIAN_POINT('',(-11.29515451252,-10.39792222193,1.6));
#4273 = DIRECTION('',(1.304431892176E-16,2.668258083467E-16,1.));
#4274 = DIRECTION('',(-0.789140509396,-0.61421271269,2.668258083467E-16)
  );
#4275 = MANIFOLD_SOLID_BREP('',#4276);
#4276 = CLOSED_SHELL('',(#4277,#4317,#4348,#4379,#4401,#4413));
#4277 = ADVANCED_FACE('',(#4278),#4312,.T.);
#4278 = FACE_BOUND('',#4279,.T.);
#4279 = EDGE_LOOP('',(#4280,#4290,#4298,#4306));
#4280 = ORIENTED_EDGE('',*,*,#4281,.T.);
#4281 = EDGE_CURVE('',#4282,#4284,#4286,.T.);
#4282 = VERTEX_POINT('',#4283);
#4283 = CARTESIAN_POINT('',(-8.496605804248,-11.56991148302,2.));
#4284 = VERTEX_POINT('',#4285);
#4285 = CARTESIAN_POINT('',(-8.496605804248,-11.56991148302,1.6));
#4286 = LINE('',#4287,#4288);
#4287 = CARTESIAN_POINT('',(-8.496605804248,-11.56991148302,2.));
#4288 = VECTOR('',#4289,1.);
#4289 = DIRECTION('',(-1.045338994202E-16,-2.678974244995E-16,-1.));
#4290 = ORIENTED_EDGE('',*,*,#4291,.T.);
#4291 = EDGE_CURVE('',#4284,#4292,#4294,.T.);
#4292 = VERTEX_POINT('',#4293);
#4293 = CARTESIAN_POINT('',(-9.130081853642,-11.0768572828,1.6));
#4294 = LINE('',#4295,#4296);
#4295 = CARTESIAN_POINT('',(-8.496605804248,-11.56991148302,1.6));
#4296 = VECTOR('',#4297,1.);
#4297 = DIRECTION('',(-0.789140509396,0.61421271269,-8.205406918678E-17)
  );
#4298 = ORIENTED_EDGE('',*,*,#4299,.F.);
#4299 = EDGE_CURVE('',#4300,#4292,#4302,.T.);
#4300 = VERTEX_POINT('',#4301);
#4301 = CARTESIAN_POINT('',(-9.130081853642,-11.0768572828,2.));
#4302 = LINE('',#4303,#4304);
#4303 = CARTESIAN_POINT('',(-9.130081853642,-11.0768572828,2.));
#4304 = VECTOR('',#4305,1.);
#4305 = DIRECTION('',(-1.045338994202E-16,-2.678974244995E-16,-1.));
#4306 = ORIENTED_EDGE('',*,*,#4307,.F.);
#4307 = EDGE_CURVE('',#4282,#4300,#4308,.T.);
#4308 = LINE('',#4309,#4310);
#4309 = CARTESIAN_POINT('',(-8.496605804248,-11.56991148302,2.));
#4310 = VECTOR('',#4311,1.);
#4311 = DIRECTION('',(-0.789140509396,0.61421271269,-8.205406918678E-17)
  );
#4312 = PLANE('',#4313);
#4313 = AXIS2_PLACEMENT_3D('',#4314,#4315,#4316);
#4314 = CARTESIAN_POINT('',(-8.496605804248,-11.56991148302,2.));
#4315 = DIRECTION('',(0.61421271269,0.789140509396,-2.756147599664E-16)
  );
#4316 = DIRECTION('',(-0.789140509396,0.61421271269,-8.205406918678E-17)
  );
#4317 = ADVANCED_FACE('',(#4318),#4343,.T.);
#4318 = FACE_BOUND('',#4319,.T.);
#4319 = EDGE_LOOP('',(#4320,#4321,#4329,#4337));
#4320 = ORIENTED_EDGE('',*,*,#4299,.T.);
#4321 = ORIENTED_EDGE('',*,*,#4322,.T.);
#4322 = EDGE_CURVE('',#4292,#4323,#4325,.T.);
#4323 = VERTEX_POINT('',#4324);
#4324 = CARTESIAN_POINT('',(-10.36271735419,-12.66054740629,1.6));
#4325 = LINE('',#4326,#4327);
#4326 = CARTESIAN_POINT('',(-9.130081853642,-11.0768572828,1.6));
#4327 = VECTOR('',#4328,1.);
#4328 = DIRECTION('',(-0.61421271269,-0.789140509396,2.756147599664E-16)
  );
#4329 = ORIENTED_EDGE('',*,*,#4330,.F.);
#4330 = EDGE_CURVE('',#4331,#4323,#4333,.T.);
#4331 = VERTEX_POINT('',#4332);
#4332 = CARTESIAN_POINT('',(-10.36271735419,-12.66054740629,2.));
#4333 = LINE('',#4334,#4335);
#4334 = CARTESIAN_POINT('',(-10.36271735419,-12.66054740629,2.));
#4335 = VECTOR('',#4336,1.);
#4336 = DIRECTION('',(-1.045338994202E-16,-2.678974244995E-16,-1.));
#4337 = ORIENTED_EDGE('',*,*,#4338,.F.);
#4338 = EDGE_CURVE('',#4300,#4331,#4339,.T.);
#4339 = LINE('',#4340,#4341);
#4340 = CARTESIAN_POINT('',(-9.130081853642,-11.0768572828,2.));
#4341 = VECTOR('',#4342,1.);
#4342 = DIRECTION('',(-0.61421271269,-0.789140509396,2.756147599664E-16)
  );
#4343 = PLANE('',#4344);
#4344 = AXIS2_PLACEMENT_3D('',#4345,#4346,#4347);
#4345 = CARTESIAN_POINT('',(-9.130081853642,-11.0768572828,2.));
#4346 = DIRECTION('',(-0.789140509396,0.61421271269,-8.205406918678E-17)
  );
#4347 = DIRECTION('',(-0.61421271269,-0.789140509396,2.756147599664E-16)
  );
#4348 = ADVANCED_FACE('',(#4349),#4374,.T.);
#4349 = FACE_BOUND('',#4350,.T.);
#4350 = EDGE_LOOP('',(#4351,#4352,#4360,#4368));
#4351 = ORIENTED_EDGE('',*,*,#4330,.T.);
#4352 = ORIENTED_EDGE('',*,*,#4353,.T.);
#4353 = EDGE_CURVE('',#4323,#4354,#4356,.T.);
#4354 = VERTEX_POINT('',#4355);
#4355 = CARTESIAN_POINT('',(-9.729241304799,-13.15360160651,1.6));
#4356 = LINE('',#4357,#4358);
#4357 = CARTESIAN_POINT('',(-10.36271735419,-12.66054740629,1.6));
#4358 = VECTOR('',#4359,1.);
#4359 = DIRECTION('',(0.789140509396,-0.61421271269,8.205406918678E-17)
  );
#4360 = ORIENTED_EDGE('',*,*,#4361,.F.);
#4361 = EDGE_CURVE('',#4362,#4354,#4364,.T.);
#4362 = VERTEX_POINT('',#4363);
#4363 = CARTESIAN_POINT('',(-9.729241304799,-13.15360160651,2.));
#4364 = LINE('',#4365,#4366);
#4365 = CARTESIAN_POINT('',(-9.729241304799,-13.15360160651,2.));
#4366 = VECTOR('',#4367,1.);
#4367 = DIRECTION('',(-1.045338994202E-16,-2.678974244995E-16,-1.));
#4368 = ORIENTED_EDGE('',*,*,#4369,.F.);
#4369 = EDGE_CURVE('',#4331,#4362,#4370,.T.);
#4370 = LINE('',#4371,#4372);
#4371 = CARTESIAN_POINT('',(-10.36271735419,-12.66054740629,2.));
#4372 = VECTOR('',#4373,1.);
#4373 = DIRECTION('',(0.789140509396,-0.61421271269,8.205406918678E-17)
  );
#4374 = PLANE('',#4375);
#4375 = AXIS2_PLACEMENT_3D('',#4376,#4377,#4378);
#4376 = CARTESIAN_POINT('',(-10.36271735419,-12.66054740629,2.));
#4377 = DIRECTION('',(-0.61421271269,-0.789140509396,2.756147599664E-16)
  );
#4378 = DIRECTION('',(0.789140509396,-0.61421271269,8.205406918678E-17)
  );
#4379 = ADVANCED_FACE('',(#4380),#4396,.T.);
#4380 = FACE_BOUND('',#4381,.T.);
#4381 = EDGE_LOOP('',(#4382,#4383,#4389,#4390));
#4382 = ORIENTED_EDGE('',*,*,#4361,.T.);
#4383 = ORIENTED_EDGE('',*,*,#4384,.T.);
#4384 = EDGE_CURVE('',#4354,#4284,#4385,.T.);
#4385 = LINE('',#4386,#4387);
#4386 = CARTESIAN_POINT('',(-9.729241304799,-13.15360160651,1.6));
#4387 = VECTOR('',#4388,1.);
#4388 = DIRECTION('',(0.61421271269,0.789140509396,-2.756147599664E-16)
  );
#4389 = ORIENTED_EDGE('',*,*,#4281,.F.);
#4390 = ORIENTED_EDGE('',*,*,#4391,.F.);
#4391 = EDGE_CURVE('',#4362,#4282,#4392,.T.);
#4392 = LINE('',#4393,#4394);
#4393 = CARTESIAN_POINT('',(-9.729241304799,-13.15360160651,2.));
#4394 = VECTOR('',#4395,1.);
#4395 = DIRECTION('',(0.61421271269,0.789140509396,-2.756147599664E-16)
  );
#4396 = PLANE('',#4397);
#4397 = AXIS2_PLACEMENT_3D('',#4398,#4399,#4400);
#4398 = CARTESIAN_POINT('',(-9.729241304799,-13.15360160651,2.));
#4399 = DIRECTION('',(0.789140509396,-0.61421271269,8.205406918678E-17)
  );
#4400 = DIRECTION('',(0.61421271269,0.789140509396,-2.756147599664E-16)
  );
#4401 = ADVANCED_FACE('',(#4402),#4408,.T.);
#4402 = FACE_BOUND('',#4403,.T.);
#4403 = EDGE_LOOP('',(#4404,#4405,#4406,#4407));
#4404 = ORIENTED_EDGE('',*,*,#4307,.T.);
#4405 = ORIENTED_EDGE('',*,*,#4338,.T.);
#4406 = ORIENTED_EDGE('',*,*,#4369,.T.);
#4407 = ORIENTED_EDGE('',*,*,#4391,.T.);
#4408 = PLANE('',#4409);
#4409 = AXIS2_PLACEMENT_3D('',#4410,#4411,#4412);
#4410 = CARTESIAN_POINT('',(-9.42966157922,-12.11522944465,2.));
#4411 = DIRECTION('',(1.045338994202E-16,2.678974244995E-16,1.));
#4412 = DIRECTION('',(-0.677281571626,-0.735723910673,2.678974244995E-16
    ));
#4413 = ADVANCED_FACE('',(#4414),#4420,.F.);
#4414 = FACE_BOUND('',#4415,.F.);
#4415 = EDGE_LOOP('',(#4416,#4417,#4418,#4419));
#4416 = ORIENTED_EDGE('',*,*,#4291,.T.);
#4417 = ORIENTED_EDGE('',*,*,#4322,.T.);
#4418 = ORIENTED_EDGE('',*,*,#4353,.T.);
#4419 = ORIENTED_EDGE('',*,*,#4384,.T.);
#4420 = PLANE('',#4421);
#4421 = AXIS2_PLACEMENT_3D('',#4422,#4423,#4424);
#4422 = CARTESIAN_POINT('',(-9.42966157922,-12.11522944465,1.6));
#4423 = DIRECTION('',(1.045338994202E-16,2.678974244995E-16,1.));
#4424 = DIRECTION('',(-0.677281571626,-0.735723910673,2.678974244995E-16
    ));
#4425 = MANIFOLD_SOLID_BREP('',#4426);
#4426 = CLOSED_SHELL('',(#4427,#4467,#4498,#4529,#4551,#4563));
#4427 = ADVANCED_FACE('',(#4428),#4462,.T.);
#4428 = FACE_BOUND('',#4429,.T.);
#4429 = EDGE_LOOP('',(#4430,#4440,#4448,#4456));
#4430 = ORIENTED_EDGE('',*,*,#4431,.T.);
#4431 = EDGE_CURVE('',#4432,#4434,#4436,.T.);
#4432 = VERTEX_POINT('',#4433);
#4433 = CARTESIAN_POINT('',(-6.476378335444,-12.81060832177,2.));
#4434 = VERTEX_POINT('',#4435);
#4435 = CARTESIAN_POINT('',(-6.476378335444,-12.81060832177,1.6));
#4436 = LINE('',#4437,#4438);
#4437 = CARTESIAN_POINT('',(-6.476378335444,-12.81060832177,2.));
#4438 = VECTOR('',#4439,1.);
#4439 = DIRECTION('',(-7.880159634376E-17,-2.64689896266E-16,-1.));
#4440 = ORIENTED_EDGE('',*,*,#4441,.T.);
#4441 = EDGE_CURVE('',#4434,#4442,#4444,.T.);
#4442 = VERTEX_POINT('',#4443);
#4443 = CARTESIAN_POINT('',(-7.18236865127,-12.428545469,1.6));
#4444 = LINE('',#4445,#4446);
#4445 = CARTESIAN_POINT('',(-6.476378335444,-12.81060832177,1.6));
#4446 = VECTOR('',#4447,1.);
#4447 = DIRECTION('',(-0.879473751206,0.475947393037,-5.667453055357E-17
    ));
#4448 = ORIENTED_EDGE('',*,*,#4449,.F.);
#4449 = EDGE_CURVE('',#4450,#4442,#4452,.T.);
#4450 = VERTEX_POINT('',#4451);
#4451 = CARTESIAN_POINT('',(-7.18236865127,-12.428545469,2.));
#4452 = LINE('',#4453,#4454);
#4453 = CARTESIAN_POINT('',(-7.18236865127,-12.428545469,2.));
#4454 = VECTOR('',#4455,1.);
#4455 = DIRECTION('',(-7.880159634376E-17,-2.64689896266E-16,-1.));
#4456 = ORIENTED_EDGE('',*,*,#4457,.F.);
#4457 = EDGE_CURVE('',#4432,#4450,#4458,.T.);
#4458 = LINE('',#4459,#4460);
#4459 = CARTESIAN_POINT('',(-6.476378335444,-12.81060832177,2.));
#4460 = VECTOR('',#4461,1.);
#4461 = DIRECTION('',(-0.879473751206,0.475947393037,-5.667453055357E-17
    ));
#4462 = PLANE('',#4463);
#4463 = AXIS2_PLACEMENT_3D('',#4464,#4465,#4466);
#4464 = CARTESIAN_POINT('',(-6.476378335444,-12.81060832177,2.));
#4465 = DIRECTION('',(0.475947393037,0.879473751206,-2.702932303225E-16)
  );
#4466 = DIRECTION('',(-0.879473751206,0.475947393037,-5.667453055357E-17
    ));
#4467 = ADVANCED_FACE('',(#4468),#4493,.T.);
#4468 = FACE_BOUND('',#4469,.T.);
#4469 = EDGE_LOOP('',(#4470,#4471,#4479,#4487));
#4470 = ORIENTED_EDGE('',*,*,#4449,.T.);
#4471 = ORIENTED_EDGE('',*,*,#4472,.T.);
#4472 = EDGE_CURVE('',#4442,#4473,#4475,.T.);
#4473 = VERTEX_POINT('',#4474);
#4474 = CARTESIAN_POINT('',(-8.137525783208,-14.19352125857,1.6));
#4475 = LINE('',#4476,#4477);
#4476 = CARTESIAN_POINT('',(-7.18236865127,-12.428545469,1.6));
#4477 = VECTOR('',#4478,1.);
#4478 = DIRECTION('',(-0.475947393037,-0.879473751206,2.702932303225E-16
    ));
#4479 = ORIENTED_EDGE('',*,*,#4480,.F.);
#4480 = EDGE_CURVE('',#4481,#4473,#4483,.T.);
#4481 = VERTEX_POINT('',#4482);
#4482 = CARTESIAN_POINT('',(-8.137525783208,-14.19352125857,2.));
#4483 = LINE('',#4484,#4485);
#4484 = CARTESIAN_POINT('',(-8.137525783208,-14.19352125857,2.));
#4485 = VECTOR('',#4486,1.);
#4486 = DIRECTION('',(-7.880159634376E-17,-2.64689896266E-16,-1.));
#4487 = ORIENTED_EDGE('',*,*,#4488,.F.);
#4488 = EDGE_CURVE('',#4450,#4481,#4489,.T.);
#4489 = LINE('',#4490,#4491);
#4490 = CARTESIAN_POINT('',(-7.18236865127,-12.428545469,2.));
#4491 = VECTOR('',#4492,1.);
#4492 = DIRECTION('',(-0.475947393037,-0.879473751206,2.702932303225E-16
    ));
#4493 = PLANE('',#4494);
#4494 = AXIS2_PLACEMENT_3D('',#4495,#4496,#4497);
#4495 = CARTESIAN_POINT('',(-7.18236865127,-12.428545469,2.));
#4496 = DIRECTION('',(-0.879473751206,0.475947393037,-5.667453055357E-17
    ));
#4497 = DIRECTION('',(-0.475947393037,-0.879473751206,2.702932303225E-16
    ));
#4498 = ADVANCED_FACE('',(#4499),#4524,.T.);
#4499 = FACE_BOUND('',#4500,.T.);
#4500 = EDGE_LOOP('',(#4501,#4502,#4510,#4518));
#4501 = ORIENTED_EDGE('',*,*,#4480,.T.);
#4502 = ORIENTED_EDGE('',*,*,#4503,.T.);
#4503 = EDGE_CURVE('',#4473,#4504,#4506,.T.);
#4504 = VERTEX_POINT('',#4505);
#4505 = CARTESIAN_POINT('',(-7.431535467382,-14.57558411134,1.6));
#4506 = LINE('',#4507,#4508);
#4507 = CARTESIAN_POINT('',(-8.137525783208,-14.19352125857,1.6));
#4508 = VECTOR('',#4509,1.);
#4509 = DIRECTION('',(0.879473751206,-0.475947393037,5.667453055357E-17)
  );
#4510 = ORIENTED_EDGE('',*,*,#4511,.F.);
#4511 = EDGE_CURVE('',#4512,#4504,#4514,.T.);
#4512 = VERTEX_POINT('',#4513);
#4513 = CARTESIAN_POINT('',(-7.431535467382,-14.57558411134,2.));
#4514 = LINE('',#4515,#4516);
#4515 = CARTESIAN_POINT('',(-7.431535467382,-14.57558411134,2.));
#4516 = VECTOR('',#4517,1.);
#4517 = DIRECTION('',(-7.880159634376E-17,-2.64689896266E-16,-1.));
#4518 = ORIENTED_EDGE('',*,*,#4519,.F.);
#4519 = EDGE_CURVE('',#4481,#4512,#4520,.T.);
#4520 = LINE('',#4521,#4522);
#4521 = CARTESIAN_POINT('',(-8.137525783208,-14.19352125857,2.));
#4522 = VECTOR('',#4523,1.);
#4523 = DIRECTION('',(0.879473751206,-0.475947393037,5.667453055357E-17)
  );
#4524 = PLANE('',#4525);
#4525 = AXIS2_PLACEMENT_3D('',#4526,#4527,#4528);
#4526 = CARTESIAN_POINT('',(-8.137525783208,-14.19352125857,2.));
#4527 = DIRECTION('',(-0.475947393037,-0.879473751206,2.702932303225E-16
    ));
#4528 = DIRECTION('',(0.879473751206,-0.475947393037,5.667453055357E-17)
  );
#4529 = ADVANCED_FACE('',(#4530),#4546,.T.);
#4530 = FACE_BOUND('',#4531,.T.);
#4531 = EDGE_LOOP('',(#4532,#4533,#4539,#4540));
#4532 = ORIENTED_EDGE('',*,*,#4511,.T.);
#4533 = ORIENTED_EDGE('',*,*,#4534,.T.);
#4534 = EDGE_CURVE('',#4504,#4434,#4535,.T.);
#4535 = LINE('',#4536,#4537);
#4536 = CARTESIAN_POINT('',(-7.431535467382,-14.57558411134,1.6));
#4537 = VECTOR('',#4538,1.);
#4538 = DIRECTION('',(0.475947393037,0.879473751206,-2.702932303225E-16)
  );
#4539 = ORIENTED_EDGE('',*,*,#4431,.F.);
#4540 = ORIENTED_EDGE('',*,*,#4541,.F.);
#4541 = EDGE_CURVE('',#4512,#4432,#4542,.T.);
#4542 = LINE('',#4543,#4544);
#4543 = CARTESIAN_POINT('',(-7.431535467382,-14.57558411134,2.));
#4544 = VECTOR('',#4545,1.);
#4545 = DIRECTION('',(0.475947393037,0.879473751206,-2.702932303225E-16)
  );
#4546 = PLANE('',#4547);
#4547 = AXIS2_PLACEMENT_3D('',#4548,#4549,#4550);
#4548 = CARTESIAN_POINT('',(-7.431535467382,-14.57558411134,2.));
#4549 = DIRECTION('',(0.879473751206,-0.475947393037,5.667453055357E-17)
  );
#4550 = DIRECTION('',(0.475947393037,0.879473751206,-2.702932303225E-16)
  );
#4551 = ADVANCED_FACE('',(#4552),#4558,.T.);
#4552 = FACE_BOUND('',#4553,.T.);
#4553 = EDGE_LOOP('',(#4554,#4555,#4556,#4557));
#4554 = ORIENTED_EDGE('',*,*,#4457,.T.);
#4555 = ORIENTED_EDGE('',*,*,#4488,.T.);
#4556 = ORIENTED_EDGE('',*,*,#4519,.T.);
#4557 = ORIENTED_EDGE('',*,*,#4541,.T.);
#4558 = PLANE('',#4559);
#4559 = AXIS2_PLACEMENT_3D('',#4560,#4561,#4562);
#4560 = CARTESIAN_POINT('',(-7.306952059326,-13.50206479017,2.));
#4561 = DIRECTION('',(7.880159634376E-17,2.64689896266E-16,1.));
#4562 = DIRECTION('',(-0.546948158122,-0.837166478263,2.64689896266E-16)
  );
#4563 = ADVANCED_FACE('',(#4564),#4570,.F.);
#4564 = FACE_BOUND('',#4565,.F.);
#4565 = EDGE_LOOP('',(#4566,#4567,#4568,#4569));
#4566 = ORIENTED_EDGE('',*,*,#4441,.T.);
#4567 = ORIENTED_EDGE('',*,*,#4472,.T.);
#4568 = ORIENTED_EDGE('',*,*,#4503,.T.);
#4569 = ORIENTED_EDGE('',*,*,#4534,.T.);
#4570 = PLANE('',#4571);
#4571 = AXIS2_PLACEMENT_3D('',#4572,#4573,#4574);
#4572 = CARTESIAN_POINT('',(-7.306952059326,-13.50206479017,1.6));
#4573 = DIRECTION('',(7.880159634376E-17,2.64689896266E-16,1.));
#4574 = DIRECTION('',(-0.546948158122,-0.837166478263,2.64689896266E-16)
  );
#4575 = MANIFOLD_SOLID_BREP('',#4576);
#4576 = CLOSED_SHELL('',(#4577,#4617,#4648,#4679,#4701,#4713));
#4577 = ADVANCED_FACE('',(#4578),#4612,.T.);
#4578 = FACE_BOUND('',#4579,.T.);
#4579 = EDGE_LOOP('',(#4580,#4590,#4598,#4606));
#4580 = ORIENTED_EDGE('',*,*,#4581,.T.);
#4581 = EDGE_CURVE('',#4582,#4584,#4586,.T.);
#4582 = VERTEX_POINT('',#4583);
#4583 = CARTESIAN_POINT('',(-4.279492148307,-13.70186516027,2.));
#4584 = VERTEX_POINT('',#4585);
#4585 = CARTESIAN_POINT('',(-4.279492148307,-13.70186516027,1.6));
#4586 = LINE('',#4587,#4588);
#4587 = CARTESIAN_POINT('',(-4.279492148307,-13.70186516027,2.));
#4588 = VECTOR('',#4589,1.);
#4589 = DIRECTION('',(-5.394819013714E-17,-2.572907166551E-16,-1.));
#4590 = ORIENTED_EDGE('',*,*,#4591,.T.);
#4591 = EDGE_CURVE('',#4584,#4592,#4594,.T.);
#4592 = VERTEX_POINT('',#4593);
#4593 = CARTESIAN_POINT('',(-5.038739155129,-13.4412153336,1.6));
#4594 = LINE('',#4595,#4596);
#4595 = CARTESIAN_POINT('',(-4.279492148307,-13.70186516027,1.6));
#4596 = VECTOR('',#4597,1.);
#4597 = DIRECTION('',(-0.945817241701,0.324699469205,-3.251703073896E-17
    ));
#4598 = ORIENTED_EDGE('',*,*,#4599,.F.);
#4599 = EDGE_CURVE('',#4600,#4592,#4602,.T.);
#4600 = VERTEX_POINT('',#4601);
#4601 = CARTESIAN_POINT('',(-5.038739155129,-13.4412153336,2.));
#4602 = LINE('',#4603,#4604);
#4603 = CARTESIAN_POINT('',(-5.038739155129,-13.4412153336,2.));
#4604 = VECTOR('',#4605,1.);
#4605 = DIRECTION('',(-5.394819013714E-17,-2.572907166551E-16,-1.));
#4606 = ORIENTED_EDGE('',*,*,#4607,.F.);
#4607 = EDGE_CURVE('',#4582,#4600,#4608,.T.);
#4608 = LINE('',#4609,#4610);
#4609 = CARTESIAN_POINT('',(-4.279492148307,-13.70186516027,2.));
#4610 = VECTOR('',#4611,1.);
#4611 = DIRECTION('',(-0.945817241701,0.324699469205,-3.251703073896E-17
    ));
#4612 = PLANE('',#4613);
#4613 = AXIS2_PLACEMENT_3D('',#4614,#4615,#4616);
#4614 = CARTESIAN_POINT('',(-4.279492148307,-13.70186516027,2.));
#4615 = DIRECTION('',(0.324699469205,0.945817241701,-2.60866944644E-16)
  );
#4616 = DIRECTION('',(-0.945817241701,0.324699469205,-3.251703073896E-17
    ));
#4617 = ADVANCED_FACE('',(#4618),#4643,.T.);
#4618 = FACE_BOUND('',#4619,.T.);
#4619 = EDGE_LOOP('',(#4620,#4621,#4629,#4637));
#4620 = ORIENTED_EDGE('',*,*,#4599,.T.);
#4621 = ORIENTED_EDGE('',*,*,#4622,.T.);
#4622 = EDGE_CURVE('',#4592,#4623,#4625,.T.);
#4623 = VERTEX_POINT('',#4624);
#4624 = CARTESIAN_POINT('',(-5.690363721803,-15.33933285066,1.6));
#4625 = LINE('',#4626,#4627);
#4626 = CARTESIAN_POINT('',(-5.038739155129,-13.4412153336,1.6));
#4627 = VECTOR('',#4628,1.);
#4628 = DIRECTION('',(-0.324699469205,-0.945817241701,2.60866944644E-16)
  );
#4629 = ORIENTED_EDGE('',*,*,#4630,.F.);
#4630 = EDGE_CURVE('',#4631,#4623,#4633,.T.);
#4631 = VERTEX_POINT('',#4632);
#4632 = CARTESIAN_POINT('',(-5.690363721803,-15.33933285066,2.));
#4633 = LINE('',#4634,#4635);
#4634 = CARTESIAN_POINT('',(-5.690363721803,-15.33933285066,2.));
#4635 = VECTOR('',#4636,1.);
#4636 = DIRECTION('',(-5.394819013714E-17,-2.572907166551E-16,-1.));
#4637 = ORIENTED_EDGE('',*,*,#4638,.F.);
#4638 = EDGE_CURVE('',#4600,#4631,#4639,.T.);
#4639 = LINE('',#4640,#4641);
#4640 = CARTESIAN_POINT('',(-5.038739155129,-13.4412153336,2.));
#4641 = VECTOR('',#4642,1.);
#4642 = DIRECTION('',(-0.324699469205,-0.945817241701,2.60866944644E-16)
  );
#4643 = PLANE('',#4644);
#4644 = AXIS2_PLACEMENT_3D('',#4645,#4646,#4647);
#4645 = CARTESIAN_POINT('',(-5.038739155129,-13.4412153336,2.));
#4646 = DIRECTION('',(-0.945817241701,0.324699469205,-3.251703073896E-17
    ));
#4647 = DIRECTION('',(-0.324699469205,-0.945817241701,2.60866944644E-16)
  );
#4648 = ADVANCED_FACE('',(#4649),#4674,.T.);
#4649 = FACE_BOUND('',#4650,.T.);
#4650 = EDGE_LOOP('',(#4651,#4652,#4660,#4668));
#4651 = ORIENTED_EDGE('',*,*,#4630,.T.);
#4652 = ORIENTED_EDGE('',*,*,#4653,.T.);
#4653 = EDGE_CURVE('',#4623,#4654,#4656,.T.);
#4654 = VERTEX_POINT('',#4655);
#4655 = CARTESIAN_POINT('',(-4.931116714981,-15.59998267733,1.6));
#4656 = LINE('',#4657,#4658);
#4657 = CARTESIAN_POINT('',(-5.690363721803,-15.33933285066,1.6));
#4658 = VECTOR('',#4659,1.);
#4659 = DIRECTION('',(0.945817241701,-0.324699469205,3.251703073896E-17)
  );
#4660 = ORIENTED_EDGE('',*,*,#4661,.F.);
#4661 = EDGE_CURVE('',#4662,#4654,#4664,.T.);
#4662 = VERTEX_POINT('',#4663);
#4663 = CARTESIAN_POINT('',(-4.931116714981,-15.59998267733,2.));
#4664 = LINE('',#4665,#4666);
#4665 = CARTESIAN_POINT('',(-4.931116714981,-15.59998267733,2.));
#4666 = VECTOR('',#4667,1.);
#4667 = DIRECTION('',(-5.394819013714E-17,-2.572907166551E-16,-1.));
#4668 = ORIENTED_EDGE('',*,*,#4669,.F.);
#4669 = EDGE_CURVE('',#4631,#4662,#4670,.T.);
#4670 = LINE('',#4671,#4672);
#4671 = CARTESIAN_POINT('',(-5.690363721803,-15.33933285066,2.));
#4672 = VECTOR('',#4673,1.);
#4673 = DIRECTION('',(0.945817241701,-0.324699469205,3.251703073896E-17)
  );
#4674 = PLANE('',#4675);
#4675 = AXIS2_PLACEMENT_3D('',#4676,#4677,#4678);
#4676 = CARTESIAN_POINT('',(-5.690363721803,-15.33933285066,2.));
#4677 = DIRECTION('',(-0.324699469205,-0.945817241701,2.60866944644E-16)
  );
#4678 = DIRECTION('',(0.945817241701,-0.324699469205,3.251703073896E-17)
  );
#4679 = ADVANCED_FACE('',(#4680),#4696,.T.);
#4680 = FACE_BOUND('',#4681,.T.);
#4681 = EDGE_LOOP('',(#4682,#4683,#4689,#4690));
#4682 = ORIENTED_EDGE('',*,*,#4661,.T.);
#4683 = ORIENTED_EDGE('',*,*,#4684,.T.);
#4684 = EDGE_CURVE('',#4654,#4584,#4685,.T.);
#4685 = LINE('',#4686,#4687);
#4686 = CARTESIAN_POINT('',(-4.931116714981,-15.59998267733,1.6));
#4687 = VECTOR('',#4688,1.);
#4688 = DIRECTION('',(0.324699469205,0.945817241701,-2.60866944644E-16)
  );
#4689 = ORIENTED_EDGE('',*,*,#4581,.F.);
#4690 = ORIENTED_EDGE('',*,*,#4691,.F.);
#4691 = EDGE_CURVE('',#4662,#4582,#4692,.T.);
#4692 = LINE('',#4693,#4694);
#4693 = CARTESIAN_POINT('',(-4.931116714981,-15.59998267733,2.));
#4694 = VECTOR('',#4695,1.);
#4695 = DIRECTION('',(0.324699469205,0.945817241701,-2.60866944644E-16)
  );
#4696 = PLANE('',#4697);
#4697 = AXIS2_PLACEMENT_3D('',#4698,#4699,#4700);
#4698 = CARTESIAN_POINT('',(-4.931116714981,-15.59998267733,2.));
#4699 = DIRECTION('',(0.945817241701,-0.324699469205,3.251703073896E-17)
  );
#4700 = DIRECTION('',(0.324699469205,0.945817241701,-2.60866944644E-16)
  );
#4701 = ADVANCED_FACE('',(#4702),#4708,.T.);
#4702 = FACE_BOUND('',#4703,.T.);
#4703 = EDGE_LOOP('',(#4704,#4705,#4706,#4707));
#4704 = ORIENTED_EDGE('',*,*,#4607,.T.);
#4705 = ORIENTED_EDGE('',*,*,#4638,.T.);
#4706 = ORIENTED_EDGE('',*,*,#4669,.T.);
#4707 = ORIENTED_EDGE('',*,*,#4691,.T.);
#4708 = PLANE('',#4709);
#4709 = AXIS2_PLACEMENT_3D('',#4710,#4711,#4712);
#4710 = CARTESIAN_POINT('',(-4.984927935055,-14.52059900547,2.));
#4711 = DIRECTION('',(5.394819013714E-17,2.572907166551E-16,1.));
#4712 = DIRECTION('',(-0.401695424653,-0.915773326655,2.572907166551E-16
    ));
#4713 = ADVANCED_FACE('',(#4714),#4720,.F.);
#4714 = FACE_BOUND('',#4715,.F.);
#4715 = EDGE_LOOP('',(#4716,#4717,#4718,#4719));
#4716 = ORIENTED_EDGE('',*,*,#4591,.T.);
#4717 = ORIENTED_EDGE('',*,*,#4622,.T.);
#4718 = ORIENTED_EDGE('',*,*,#4653,.T.);
#4719 = ORIENTED_EDGE('',*,*,#4684,.T.);
#4720 = PLANE('',#4721);
#4721 = AXIS2_PLACEMENT_3D('',#4722,#4723,#4724);
#4722 = CARTESIAN_POINT('',(-4.984927935055,-14.52059900547,1.6));
#4723 = DIRECTION('',(5.394819013714E-17,2.572907166551E-16,1.));
#4724 = DIRECTION('',(-0.401695424653,-0.915773326655,2.572907166551E-16
    ));
#4725 = MANIFOLD_SOLID_BREP('',#4726);
#4726 = CLOSED_SHELL('',(#4727,#4767,#4798,#4829,#4851,#4863));
#4727 = ADVANCED_FACE('',(#4728),#4762,.T.);
#4728 = FACE_BOUND('',#4729,.T.);
#4729 = EDGE_LOOP('',(#4730,#4740,#4748,#4756));
#4730 = ORIENTED_EDGE('',*,*,#4731,.T.);
#4731 = EDGE_CURVE('',#4732,#4734,#4736,.T.);
#4732 = VERTEX_POINT('',#4733);
#4733 = CARTESIAN_POINT('',(-1.965872571168,-14.2193708353,2.));
#4734 = VERTEX_POINT('',#4735);
#4735 = CARTESIAN_POINT('',(-1.965872571168,-14.2193708353,1.6));
#4736 = LINE('',#4737,#4738);
#4737 = CARTESIAN_POINT('',(-1.965872571168,-14.2193708353,2.));
#4738 = VECTOR('',#4739,1.);
#4739 = DIRECTION('',(-3.065161693366E-17,-2.459017159984E-16,-1.));
#4740 = ORIENTED_EDGE('',*,*,#4741,.T.);
#4741 = EDGE_CURVE('',#4734,#4742,#4744,.T.);
#4742 = VERTEX_POINT('',#4743);
#4743 = CARTESIAN_POINT('',(-2.757665989849,-14.08724388254,1.6));
#4744 = LINE('',#4745,#4746);
#4745 = CARTESIAN_POINT('',(-1.965872571168,-14.2193708353,1.6));
#4746 = VECTOR('',#4747,1.);
#4747 = DIRECTION('',(-0.986361303403,0.164594590281,-1.0240523364E-17)
  );
#4748 = ORIENTED_EDGE('',*,*,#4749,.F.);
#4749 = EDGE_CURVE('',#4750,#4742,#4752,.T.);
#4750 = VERTEX_POINT('',#4751);
#4751 = CARTESIAN_POINT('',(-2.757665989849,-14.08724388254,2.));
#4752 = LINE('',#4753,#4754);
#4753 = CARTESIAN_POINT('',(-2.757665989849,-14.08724388254,2.));
#4754 = VECTOR('',#4755,1.);
#4755 = DIRECTION('',(-3.065161693366E-17,-2.459017159984E-16,-1.));
#4756 = ORIENTED_EDGE('',*,*,#4757,.F.);
#4757 = EDGE_CURVE('',#4732,#4750,#4758,.T.);
#4758 = LINE('',#4759,#4760);
#4759 = CARTESIAN_POINT('',(-1.965872571168,-14.2193708353,2.));
#4760 = VECTOR('',#4761,1.);
#4761 = DIRECTION('',(-0.986361303403,0.164594590281,-1.0240523364E-17)
  );
#4762 = PLANE('',#4763);
#4763 = AXIS2_PLACEMENT_3D('',#4764,#4765,#4766);
#4764 = CARTESIAN_POINT('',(-1.965872571168,-14.2193708353,2.));
#4765 = DIRECTION('',(0.164594590281,0.986361303403,-2.475930274318E-16)
  );
#4766 = DIRECTION('',(-0.986361303403,0.164594590281,-1.0240523364E-17)
  );
#4767 = ADVANCED_FACE('',(#4768),#4793,.T.);
#4768 = FACE_BOUND('',#4769,.T.);
#4769 = EDGE_LOOP('',(#4770,#4771,#4779,#4787));
#4770 = ORIENTED_EDGE('',*,*,#4749,.T.);
#4771 = ORIENTED_EDGE('',*,*,#4772,.T.);
#4772 = EDGE_CURVE('',#4742,#4773,#4775,.T.);
#4773 = VERTEX_POINT('',#4774);
#4774 = CARTESIAN_POINT('',(-3.087983371739,-16.06672742924,1.6));
#4775 = LINE('',#4776,#4777);
#4776 = CARTESIAN_POINT('',(-2.757665989849,-14.08724388254,1.6));
#4777 = VECTOR('',#4778,1.);
#4778 = DIRECTION('',(-0.164594590281,-0.986361303403,2.475930274318E-16
    ));
#4779 = ORIENTED_EDGE('',*,*,#4780,.F.);
#4780 = EDGE_CURVE('',#4781,#4773,#4783,.T.);
#4781 = VERTEX_POINT('',#4782);
#4782 = CARTESIAN_POINT('',(-3.087983371739,-16.06672742924,2.));
#4783 = LINE('',#4784,#4785);
#4784 = CARTESIAN_POINT('',(-3.087983371739,-16.06672742924,2.));
#4785 = VECTOR('',#4786,1.);
#4786 = DIRECTION('',(-3.065161693366E-17,-2.459017159984E-16,-1.));
#4787 = ORIENTED_EDGE('',*,*,#4788,.F.);
#4788 = EDGE_CURVE('',#4750,#4781,#4789,.T.);
#4789 = LINE('',#4790,#4791);
#4790 = CARTESIAN_POINT('',(-2.757665989849,-14.08724388254,2.));
#4791 = VECTOR('',#4792,1.);
#4792 = DIRECTION('',(-0.164594590281,-0.986361303403,2.475930274318E-16
    ));
#4793 = PLANE('',#4794);
#4794 = AXIS2_PLACEMENT_3D('',#4795,#4796,#4797);
#4795 = CARTESIAN_POINT('',(-2.757665989849,-14.08724388254,2.));
#4796 = DIRECTION('',(-0.986361303403,0.164594590281,-1.0240523364E-17)
  );
#4797 = DIRECTION('',(-0.164594590281,-0.986361303403,2.475930274318E-16
    ));
#4798 = ADVANCED_FACE('',(#4799),#4824,.T.);
#4799 = FACE_BOUND('',#4800,.T.);
#4800 = EDGE_LOOP('',(#4801,#4802,#4810,#4818));
#4801 = ORIENTED_EDGE('',*,*,#4780,.T.);
#4802 = ORIENTED_EDGE('',*,*,#4803,.T.);
#4803 = EDGE_CURVE('',#4773,#4804,#4806,.T.);
#4804 = VERTEX_POINT('',#4805);
#4805 = CARTESIAN_POINT('',(-2.296189953058,-16.198854382,1.6));
#4806 = LINE('',#4807,#4808);
#4807 = CARTESIAN_POINT('',(-3.087983371739,-16.06672742924,1.6));
#4808 = VECTOR('',#4809,1.);
#4809 = DIRECTION('',(0.986361303403,-0.164594590281,1.0240523364E-17));
#4810 = ORIENTED_EDGE('',*,*,#4811,.F.);
#4811 = EDGE_CURVE('',#4812,#4804,#4814,.T.);
#4812 = VERTEX_POINT('',#4813);
#4813 = CARTESIAN_POINT('',(-2.296189953058,-16.198854382,2.));
#4814 = LINE('',#4815,#4816);
#4815 = CARTESIAN_POINT('',(-2.296189953058,-16.198854382,2.));
#4816 = VECTOR('',#4817,1.);
#4817 = DIRECTION('',(-3.065161693366E-17,-2.459017159984E-16,-1.));
#4818 = ORIENTED_EDGE('',*,*,#4819,.F.);
#4819 = EDGE_CURVE('',#4781,#4812,#4820,.T.);
#4820 = LINE('',#4821,#4822);
#4821 = CARTESIAN_POINT('',(-3.087983371739,-16.06672742924,2.));
#4822 = VECTOR('',#4823,1.);
#4823 = DIRECTION('',(0.986361303403,-0.164594590281,1.0240523364E-17));
#4824 = PLANE('',#4825);
#4825 = AXIS2_PLACEMENT_3D('',#4826,#4827,#4828);
#4826 = CARTESIAN_POINT('',(-3.087983371739,-16.06672742924,2.));
#4827 = DIRECTION('',(-0.164594590281,-0.986361303403,2.475930274318E-16
    ));
#4828 = DIRECTION('',(0.986361303403,-0.164594590281,1.0240523364E-17));
#4829 = ADVANCED_FACE('',(#4830),#4846,.T.);
#4830 = FACE_BOUND('',#4831,.T.);
#4831 = EDGE_LOOP('',(#4832,#4833,#4839,#4840));
#4832 = ORIENTED_EDGE('',*,*,#4811,.T.);
#4833 = ORIENTED_EDGE('',*,*,#4834,.T.);
#4834 = EDGE_CURVE('',#4804,#4734,#4835,.T.);
#4835 = LINE('',#4836,#4837);
#4836 = CARTESIAN_POINT('',(-2.296189953058,-16.198854382,1.6));
#4837 = VECTOR('',#4838,1.);
#4838 = DIRECTION('',(0.164594590281,0.986361303403,-2.475930274318E-16)
  );
#4839 = ORIENTED_EDGE('',*,*,#4731,.F.);
#4840 = ORIENTED_EDGE('',*,*,#4841,.F.);
#4841 = EDGE_CURVE('',#4812,#4732,#4842,.T.);
#4842 = LINE('',#4843,#4844);
#4843 = CARTESIAN_POINT('',(-2.296189953058,-16.198854382,2.));
#4844 = VECTOR('',#4845,1.);
#4845 = DIRECTION('',(0.164594590281,0.986361303403,-2.475930274318E-16)
  );
#4846 = PLANE('',#4847);
#4847 = AXIS2_PLACEMENT_3D('',#4848,#4849,#4850);
#4848 = CARTESIAN_POINT('',(-2.296189953058,-16.198854382,2.));
#4849 = DIRECTION('',(0.986361303403,-0.164594590281,1.0240523364E-17));
#4850 = DIRECTION('',(0.164594590281,0.986361303403,-2.475930274318E-16)
  );
#4851 = ADVANCED_FACE('',(#4852),#4858,.T.);
#4852 = FACE_BOUND('',#4853,.T.);
#4853 = EDGE_LOOP('',(#4854,#4855,#4856,#4857));
#4854 = ORIENTED_EDGE('',*,*,#4757,.T.);
#4855 = ORIENTED_EDGE('',*,*,#4788,.T.);
#4856 = ORIENTED_EDGE('',*,*,#4819,.T.);
#4857 = ORIENTED_EDGE('',*,*,#4841,.T.);
#4858 = PLANE('',#4859);
#4859 = AXIS2_PLACEMENT_3D('',#4860,#4861,#4862);
#4860 = CARTESIAN_POINT('',(-2.526927971453,-15.14304913227,2.));
#4861 = DIRECTION('',(3.065161693366E-17,2.459017159984E-16,1.));
#4862 = DIRECTION('',(-0.245485487141,-0.969400265939,2.459017159984E-16
    ));
#4863 = ADVANCED_FACE('',(#4864),#4870,.F.);
#4864 = FACE_BOUND('',#4865,.F.);
#4865 = EDGE_LOOP('',(#4866,#4867,#4868,#4869));
#4866 = ORIENTED_EDGE('',*,*,#4741,.T.);
#4867 = ORIENTED_EDGE('',*,*,#4772,.T.);
#4868 = ORIENTED_EDGE('',*,*,#4803,.T.);
#4869 = ORIENTED_EDGE('',*,*,#4834,.T.);
#4870 = PLANE('',#4871);
#4871 = AXIS2_PLACEMENT_3D('',#4872,#4873,#4874);
#4872 = CARTESIAN_POINT('',(-2.526927971453,-15.14304913227,1.6));
#4873 = DIRECTION('',(3.065161693366E-17,2.459017159984E-16,1.));
#4874 = DIRECTION('',(-0.245485487141,-0.969400265939,2.459017159984E-16
    ));
#4875 = MANIFOLD_SOLID_BREP('',#4876);
#4876 = CLOSED_SHELL('',(#4877,#4917,#4948,#4979,#5001,#5013));
#4877 = ADVANCED_FACE('',(#4878),#4912,.T.);
#4878 = FACE_BOUND('',#4879,.T.);
#4879 = EDGE_LOOP('',(#4880,#4890,#4898,#4906));
#4880 = ORIENTED_EDGE('',*,*,#4881,.T.);
#4881 = EDGE_CURVE('',#4882,#4884,#4886,.T.);
#4882 = VERTEX_POINT('',#4883);
#4883 = CARTESIAN_POINT('',(0.401370885065,-14.34900914106,2.));
#4884 = VERTEX_POINT('',#4885);
#4885 = CARTESIAN_POINT('',(0.401370885065,-14.34900914106,1.6));
#4886 = LINE('',#4887,#4888);
#4887 = CARTESIAN_POINT('',(0.401370885065,-14.34900914106,2.));
#4888 = VECTOR('',#4889,1.);
#4889 = DIRECTION('',(-9.547346520662E-18,-2.308335565447E-16,-1.));
#4890 = ORIENTED_EDGE('',*,*,#4891,.T.);
#4891 = EDGE_CURVE('',#4884,#4892,#4894,.T.);
#4892 = VERTEX_POINT('',#4893);
#4893 = CARTESIAN_POINT('',(-0.401370885065,-14.34900914106,1.6));
#4894 = LINE('',#4895,#4896);
#4895 = CARTESIAN_POINT('',(0.401370885065,-14.34900914106,1.6));
#4896 = VECTOR('',#4897,1.);
#4897 = DIRECTION('',(-1.,-1.360023205166E-15,9.547346520663E-18));
#4898 = ORIENTED_EDGE('',*,*,#4899,.F.);
#4899 = EDGE_CURVE('',#4900,#4892,#4902,.T.);
#4900 = VERTEX_POINT('',#4901);
#4901 = CARTESIAN_POINT('',(-0.401370885065,-14.34900914106,2.));
#4902 = LINE('',#4903,#4904);
#4903 = CARTESIAN_POINT('',(-0.401370885065,-14.34900914106,2.));
#4904 = VECTOR('',#4905,1.);
#4905 = DIRECTION('',(-9.547346520662E-18,-2.308335565447E-16,-1.));
#4906 = ORIENTED_EDGE('',*,*,#4907,.F.);
#4907 = EDGE_CURVE('',#4882,#4900,#4908,.T.);
#4908 = LINE('',#4909,#4910);
#4909 = CARTESIAN_POINT('',(0.401370885065,-14.34900914106,2.));
#4910 = VECTOR('',#4911,1.);
#4911 = DIRECTION('',(-1.,-1.360023205166E-15,9.547346520663E-18));
#4912 = PLANE('',#4913);
#4913 = AXIS2_PLACEMENT_3D('',#4914,#4915,#4916);
#4914 = CARTESIAN_POINT('',(0.401370885065,-14.34900914106,2.));
#4915 = DIRECTION('',(-1.360023205166E-15,1.,-2.308335565447E-16));
#4916 = DIRECTION('',(-1.,-1.360023205166E-15,9.547346520663E-18));
#4917 = ADVANCED_FACE('',(#4918),#4943,.T.);
#4918 = FACE_BOUND('',#4919,.T.);
#4919 = EDGE_LOOP('',(#4920,#4921,#4929,#4937));
#4920 = ORIENTED_EDGE('',*,*,#4899,.T.);
#4921 = ORIENTED_EDGE('',*,*,#4922,.T.);
#4922 = EDGE_CURVE('',#4892,#4923,#4925,.T.);
#4923 = VERTEX_POINT('',#4924);
#4924 = CARTESIAN_POINT('',(-0.401370885065,-16.35586356639,1.6));
#4925 = LINE('',#4926,#4927);
#4926 = CARTESIAN_POINT('',(-0.401370885065,-14.34900914106,1.6));
#4927 = VECTOR('',#4928,1.);
#4928 = DIRECTION('',(-3.608224830032E-16,-1.,2.308335565447E-16));
#4929 = ORIENTED_EDGE('',*,*,#4930,.F.);
#4930 = EDGE_CURVE('',#4931,#4923,#4933,.T.);
#4931 = VERTEX_POINT('',#4932);
#4932 = CARTESIAN_POINT('',(-0.401370885065,-16.35586356639,2.));
#4933 = LINE('',#4934,#4935);
#4934 = CARTESIAN_POINT('',(-0.401370885065,-16.35586356639,2.));
#4935 = VECTOR('',#4936,1.);
#4936 = DIRECTION('',(-9.547346520662E-18,-2.308335565447E-16,-1.));
#4937 = ORIENTED_EDGE('',*,*,#4938,.F.);
#4938 = EDGE_CURVE('',#4900,#4931,#4939,.T.);
#4939 = LINE('',#4940,#4941);
#4940 = CARTESIAN_POINT('',(-0.401370885065,-14.34900914106,2.));
#4941 = VECTOR('',#4942,1.);
#4942 = DIRECTION('',(-3.608224830032E-16,-1.,2.308335565447E-16));
#4943 = PLANE('',#4944);
#4944 = AXIS2_PLACEMENT_3D('',#4945,#4946,#4947);
#4945 = CARTESIAN_POINT('',(-0.401370885065,-14.34900914106,2.));
#4946 = DIRECTION('',(-1.,3.608224830032E-16,9.547346520662E-18));
#4947 = DIRECTION('',(-3.608224830032E-16,-1.,2.308335565447E-16));
#4948 = ADVANCED_FACE('',(#4949),#4974,.T.);
#4949 = FACE_BOUND('',#4950,.T.);
#4950 = EDGE_LOOP('',(#4951,#4952,#4960,#4968));
#4951 = ORIENTED_EDGE('',*,*,#4930,.T.);
#4952 = ORIENTED_EDGE('',*,*,#4953,.T.);
#4953 = EDGE_CURVE('',#4923,#4954,#4956,.T.);
#4954 = VERTEX_POINT('',#4955);
#4955 = CARTESIAN_POINT('',(0.401370885065,-16.35586356639,1.6));
#4956 = LINE('',#4957,#4958);
#4957 = CARTESIAN_POINT('',(-0.401370885065,-16.35586356639,1.6));
#4958 = VECTOR('',#4959,1.);
#4959 = DIRECTION('',(1.,1.346145417358E-15,-9.547346520663E-18));
#4960 = ORIENTED_EDGE('',*,*,#4961,.F.);
#4961 = EDGE_CURVE('',#4962,#4954,#4964,.T.);
#4962 = VERTEX_POINT('',#4963);
#4963 = CARTESIAN_POINT('',(0.401370885065,-16.35586356639,2.));
#4964 = LINE('',#4965,#4966);
#4965 = CARTESIAN_POINT('',(0.401370885065,-16.35586356639,2.));
#4966 = VECTOR('',#4967,1.);
#4967 = DIRECTION('',(-9.547346520662E-18,-2.308335565447E-16,-1.));
#4968 = ORIENTED_EDGE('',*,*,#4969,.F.);
#4969 = EDGE_CURVE('',#4931,#4962,#4970,.T.);
#4970 = LINE('',#4971,#4972);
#4971 = CARTESIAN_POINT('',(-0.401370885065,-16.35586356639,2.));
#4972 = VECTOR('',#4973,1.);
#4973 = DIRECTION('',(1.,1.346145417358E-15,-9.547346520663E-18));
#4974 = PLANE('',#4975);
#4975 = AXIS2_PLACEMENT_3D('',#4976,#4977,#4978);
#4976 = CARTESIAN_POINT('',(-0.401370885065,-16.35586356639,2.));
#4977 = DIRECTION('',(1.346145417358E-15,-1.,2.308335565447E-16));
#4978 = DIRECTION('',(1.,1.346145417358E-15,-9.547346520663E-18));
#4979 = ADVANCED_FACE('',(#4980),#4996,.T.);
#4980 = FACE_BOUND('',#4981,.T.);
#4981 = EDGE_LOOP('',(#4982,#4983,#4989,#4990));
#4982 = ORIENTED_EDGE('',*,*,#4961,.T.);
#4983 = ORIENTED_EDGE('',*,*,#4984,.T.);
#4984 = EDGE_CURVE('',#4954,#4884,#4985,.T.);
#4985 = LINE('',#4986,#4987);
#4986 = CARTESIAN_POINT('',(0.401370885065,-16.35586356639,1.6));
#4987 = VECTOR('',#4988,1.);
#4988 = DIRECTION('',(3.053113317719E-16,1.,-2.308335565447E-16));
#4989 = ORIENTED_EDGE('',*,*,#4881,.F.);
#4990 = ORIENTED_EDGE('',*,*,#4991,.F.);
#4991 = EDGE_CURVE('',#4962,#4882,#4992,.T.);
#4992 = LINE('',#4993,#4994);
#4993 = CARTESIAN_POINT('',(0.401370885065,-16.35586356639,2.));
#4994 = VECTOR('',#4995,1.);
#4995 = DIRECTION('',(3.053113317719E-16,1.,-2.308335565447E-16));
#4996 = PLANE('',#4997);
#4997 = AXIS2_PLACEMENT_3D('',#4998,#4999,#5000);
#4998 = CARTESIAN_POINT('',(0.401370885065,-16.35586356639,2.));
#4999 = DIRECTION('',(1.,-3.053113317719E-16,-9.547346520662E-18));
#5000 = DIRECTION('',(3.053113317719E-16,1.,-2.308335565447E-16));
#5001 = ADVANCED_FACE('',(#5002),#5008,.T.);
#5002 = FACE_BOUND('',#5003,.T.);
#5003 = EDGE_LOOP('',(#5004,#5005,#5006,#5007));
#5004 = ORIENTED_EDGE('',*,*,#4907,.T.);
#5005 = ORIENTED_EDGE('',*,*,#4938,.T.);
#5006 = ORIENTED_EDGE('',*,*,#4969,.T.);
#5007 = ORIENTED_EDGE('',*,*,#4991,.T.);
#5008 = PLANE('',#5009);
#5009 = AXIS2_PLACEMENT_3D('',#5010,#5011,#5012);
#5010 = CARTESIAN_POINT('',(-5.532020430084E-15,-15.35243635373,2.));
#5011 = DIRECTION('',(9.547346520662E-18,2.308335565447E-16,1.));
#5012 = DIRECTION('',(-8.257934547233E-02,-0.996584493007,
    2.308335565447E-16));
#5013 = ADVANCED_FACE('',(#5014),#5020,.F.);
#5014 = FACE_BOUND('',#5015,.F.);
#5015 = EDGE_LOOP('',(#5016,#5017,#5018,#5019));
#5016 = ORIENTED_EDGE('',*,*,#4891,.T.);
#5017 = ORIENTED_EDGE('',*,*,#4922,.T.);
#5018 = ORIENTED_EDGE('',*,*,#4953,.T.);
#5019 = ORIENTED_EDGE('',*,*,#4984,.T.);
#5020 = PLANE('',#5021);
#5021 = AXIS2_PLACEMENT_3D('',#5022,#5023,#5024);
#5022 = CARTESIAN_POINT('',(-5.535839368693E-15,-15.35243635373,1.6));
#5023 = DIRECTION('',(9.547346520662E-18,2.308335565447E-16,1.));
#5024 = DIRECTION('',(-8.257934547233E-02,-0.996584493007,
    2.308335565447E-16));
#5025 = MANIFOLD_SOLID_BREP('',#5026);
#5026 = CLOSED_SHELL('',(#5027,#5067,#5098,#5129,#5151,#5163));
#5027 = ADVANCED_FACE('',(#5028),#5062,.T.);
#5028 = FACE_BOUND('',#5029,.T.);
#5029 = EDGE_LOOP('',(#5030,#5040,#5048,#5056));
#5030 = ORIENTED_EDGE('',*,*,#5031,.T.);
#5031 = EDGE_CURVE('',#5032,#5034,#5036,.T.);
#5032 = VERTEX_POINT('',#5033);
#5033 = CARTESIAN_POINT('',(2.757665989849,-14.08724388254,2.));
#5034 = VERTEX_POINT('',#5035);
#5035 = CARTESIAN_POINT('',(2.757665989849,-14.08724388254,1.6));
#5036 = LINE('',#5037,#5038);
#5037 = CARTESIAN_POINT('',(2.757665989849,-14.08724388254,2.));
#5038 = VECTOR('',#5039,1.);
#5039 = DIRECTION('',(8.78895161971E-18,-2.124972584044E-16,-1.));
#5040 = ORIENTED_EDGE('',*,*,#5041,.T.);
#5041 = EDGE_CURVE('',#5034,#5042,#5044,.T.);
#5042 = VERTEX_POINT('',#5043);
#5043 = CARTESIAN_POINT('',(1.965872571168,-14.2193708353,1.6));
#5044 = LINE('',#5045,#5046);
#5045 = CARTESIAN_POINT('',(2.757665989849,-14.08724388254,1.6));
#5046 = VECTOR('',#5047,1.);
#5047 = DIRECTION('',(-0.986361303403,-0.164594590281,2.630681740769E-17
    ));
#5048 = ORIENTED_EDGE('',*,*,#5049,.F.);
#5049 = EDGE_CURVE('',#5050,#5042,#5052,.T.);
#5050 = VERTEX_POINT('',#5051);
#5051 = CARTESIAN_POINT('',(1.965872571168,-14.2193708353,2.));
#5052 = LINE('',#5053,#5054);
#5053 = CARTESIAN_POINT('',(1.965872571168,-14.2193708353,2.));
#5054 = VECTOR('',#5055,1.);
#5055 = DIRECTION('',(8.78895161971E-18,-2.124972584044E-16,-1.));
#5056 = ORIENTED_EDGE('',*,*,#5057,.F.);
#5057 = EDGE_CURVE('',#5032,#5050,#5058,.T.);
#5058 = LINE('',#5059,#5060);
#5059 = CARTESIAN_POINT('',(2.757665989849,-14.08724388254,2.));
#5060 = VECTOR('',#5061,1.);
#5061 = DIRECTION('',(-0.986361303403,-0.164594590281,2.630681740769E-17
    ));
#5062 = PLANE('',#5063);
#5063 = AXIS2_PLACEMENT_3D('',#5064,#5065,#5066);
#5064 = CARTESIAN_POINT('',(2.757665989849,-14.08724388254,2.));
#5065 = DIRECTION('',(-0.164594590281,0.986361303403,-2.110456866601E-16
    ));
#5066 = DIRECTION('',(-0.986361303403,-0.164594590281,2.630681740769E-17
    ));
#5067 = ADVANCED_FACE('',(#5068),#5093,.T.);
#5068 = FACE_BOUND('',#5069,.T.);
#5069 = EDGE_LOOP('',(#5070,#5071,#5079,#5087));
#5070 = ORIENTED_EDGE('',*,*,#5049,.T.);
#5071 = ORIENTED_EDGE('',*,*,#5072,.T.);
#5072 = EDGE_CURVE('',#5042,#5073,#5075,.T.);
#5073 = VERTEX_POINT('',#5074);
#5074 = CARTESIAN_POINT('',(2.296189953058,-16.198854382,1.6));
#5075 = LINE('',#5076,#5077);
#5076 = CARTESIAN_POINT('',(1.965872571168,-14.2193708353,1.6));
#5077 = VECTOR('',#5078,1.);
#5078 = DIRECTION('',(0.164594590281,-0.986361303403,2.110456866601E-16)
  );
#5079 = ORIENTED_EDGE('',*,*,#5080,.F.);
#5080 = EDGE_CURVE('',#5081,#5073,#5083,.T.);
#5081 = VERTEX_POINT('',#5082);
#5082 = CARTESIAN_POINT('',(2.296189953058,-16.198854382,2.));
#5083 = LINE('',#5084,#5085);
#5084 = CARTESIAN_POINT('',(2.296189953058,-16.198854382,2.));
#5085 = VECTOR('',#5086,1.);
#5086 = DIRECTION('',(8.78895161971E-18,-2.124972584044E-16,-1.));
#5087 = ORIENTED_EDGE('',*,*,#5088,.F.);
#5088 = EDGE_CURVE('',#5050,#5081,#5089,.T.);
#5089 = LINE('',#5090,#5091);
#5090 = CARTESIAN_POINT('',(1.965872571168,-14.2193708353,2.));
#5091 = VECTOR('',#5092,1.);
#5092 = DIRECTION('',(0.164594590281,-0.986361303403,2.110456866601E-16)
  );
#5093 = PLANE('',#5094);
#5094 = AXIS2_PLACEMENT_3D('',#5095,#5096,#5097);
#5095 = CARTESIAN_POINT('',(1.965872571168,-14.2193708353,2.));
#5096 = DIRECTION('',(-0.986361303403,-0.164594590281,2.630681740769E-17
    ));
#5097 = DIRECTION('',(0.164594590281,-0.986361303403,2.110456866601E-16)
  );
#5098 = ADVANCED_FACE('',(#5099),#5124,.T.);
#5099 = FACE_BOUND('',#5100,.T.);
#5100 = EDGE_LOOP('',(#5101,#5102,#5110,#5118));
#5101 = ORIENTED_EDGE('',*,*,#5080,.T.);
#5102 = ORIENTED_EDGE('',*,*,#5103,.T.);
#5103 = EDGE_CURVE('',#5073,#5104,#5106,.T.);
#5104 = VERTEX_POINT('',#5105);
#5105 = CARTESIAN_POINT('',(3.087983371739,-16.06672742924,1.6));
#5106 = LINE('',#5107,#5108);
#5107 = CARTESIAN_POINT('',(2.296189953058,-16.198854382,1.6));
#5108 = VECTOR('',#5109,1.);
#5109 = DIRECTION('',(0.986361303403,0.164594590281,-2.630681740769E-17)
  );
#5110 = ORIENTED_EDGE('',*,*,#5111,.F.);
#5111 = EDGE_CURVE('',#5112,#5104,#5114,.T.);
#5112 = VERTEX_POINT('',#5113);
#5113 = CARTESIAN_POINT('',(3.087983371739,-16.06672742924,2.));
#5114 = LINE('',#5115,#5116);
#5115 = CARTESIAN_POINT('',(3.087983371739,-16.06672742924,2.));
#5116 = VECTOR('',#5117,1.);
#5117 = DIRECTION('',(8.78895161971E-18,-2.124972584044E-16,-1.));
#5118 = ORIENTED_EDGE('',*,*,#5119,.F.);
#5119 = EDGE_CURVE('',#5081,#5112,#5120,.T.);
#5120 = LINE('',#5121,#5122);
#5121 = CARTESIAN_POINT('',(2.296189953058,-16.198854382,2.));
#5122 = VECTOR('',#5123,1.);
#5123 = DIRECTION('',(0.986361303403,0.164594590281,-2.630681740769E-17)
  );
#5124 = PLANE('',#5125);
#5125 = AXIS2_PLACEMENT_3D('',#5126,#5127,#5128);
#5126 = CARTESIAN_POINT('',(2.296189953058,-16.198854382,2.));
#5127 = DIRECTION('',(0.164594590281,-0.986361303403,2.110456866601E-16)
  );
#5128 = DIRECTION('',(0.986361303403,0.164594590281,-2.630681740769E-17)
  );
#5129 = ADVANCED_FACE('',(#5130),#5146,.T.);
#5130 = FACE_BOUND('',#5131,.T.);
#5131 = EDGE_LOOP('',(#5132,#5133,#5139,#5140));
#5132 = ORIENTED_EDGE('',*,*,#5111,.T.);
#5133 = ORIENTED_EDGE('',*,*,#5134,.T.);
#5134 = EDGE_CURVE('',#5104,#5034,#5135,.T.);
#5135 = LINE('',#5136,#5137);
#5136 = CARTESIAN_POINT('',(3.087983371739,-16.06672742924,1.6));
#5137 = VECTOR('',#5138,1.);
#5138 = DIRECTION('',(-0.164594590281,0.986361303403,-2.110456866601E-16
    ));
#5139 = ORIENTED_EDGE('',*,*,#5031,.F.);
#5140 = ORIENTED_EDGE('',*,*,#5141,.F.);
#5141 = EDGE_CURVE('',#5112,#5032,#5142,.T.);
#5142 = LINE('',#5143,#5144);
#5143 = CARTESIAN_POINT('',(3.087983371739,-16.06672742924,2.));
#5144 = VECTOR('',#5145,1.);
#5145 = DIRECTION('',(-0.164594590281,0.986361303403,-2.110456866601E-16
    ));
#5146 = PLANE('',#5147);
#5147 = AXIS2_PLACEMENT_3D('',#5148,#5149,#5150);
#5148 = CARTESIAN_POINT('',(3.087983371739,-16.06672742924,2.));
#5149 = DIRECTION('',(0.986361303403,0.164594590281,-2.630681740769E-17)
  );
#5150 = DIRECTION('',(-0.164594590281,0.986361303403,-2.110456866601E-16
    ));
#5151 = ADVANCED_FACE('',(#5152),#5158,.T.);
#5152 = FACE_BOUND('',#5153,.T.);
#5153 = EDGE_LOOP('',(#5154,#5155,#5156,#5157));
#5154 = ORIENTED_EDGE('',*,*,#5057,.T.);
#5155 = ORIENTED_EDGE('',*,*,#5088,.T.);
#5156 = ORIENTED_EDGE('',*,*,#5119,.T.);
#5157 = ORIENTED_EDGE('',*,*,#5141,.T.);
#5158 = PLANE('',#5159);
#5159 = AXIS2_PLACEMENT_3D('',#5160,#5161,#5162);
#5160 = CARTESIAN_POINT('',(2.526927971453,-15.14304913227,2.));
#5161 = DIRECTION('',(-8.78895161971E-18,2.124972584044E-16,1.));
#5162 = DIRECTION('',(8.257934547233E-02,-0.996584493007,
    2.124972584044E-16));
#5163 = ADVANCED_FACE('',(#5164),#5170,.F.);
#5164 = FACE_BOUND('',#5165,.F.);
#5165 = EDGE_LOOP('',(#5166,#5167,#5168,#5169));
#5166 = ORIENTED_EDGE('',*,*,#5041,.T.);
#5167 = ORIENTED_EDGE('',*,*,#5072,.T.);
#5168 = ORIENTED_EDGE('',*,*,#5103,.T.);
#5169 = ORIENTED_EDGE('',*,*,#5134,.T.);
#5170 = PLANE('',#5171);
#5171 = AXIS2_PLACEMENT_3D('',#5172,#5173,#5174);
#5172 = CARTESIAN_POINT('',(2.526927971453,-15.14304913227,1.6));
#5173 = DIRECTION('',(-8.78895161971E-18,2.124972584044E-16,1.));
#5174 = DIRECTION('',(8.257934547233E-02,-0.996584493007,
    2.124972584044E-16));
#5175 = MANIFOLD_SOLID_BREP('',#5176);
#5176 = CLOSED_SHELL('',(#5177,#5217,#5248,#5279,#5301,#5313));
#5177 = ADVANCED_FACE('',(#5178),#5212,.T.);
#5178 = FACE_BOUND('',#5179,.T.);
#5179 = EDGE_LOOP('',(#5180,#5190,#5198,#5206));
#5180 = ORIENTED_EDGE('',*,*,#5181,.T.);
#5181 = EDGE_CURVE('',#5182,#5184,#5186,.T.);
#5182 = VERTEX_POINT('',#5183);
#5183 = CARTESIAN_POINT('',(5.038739155129,-13.4412153336,2.));
#5184 = VERTEX_POINT('',#5185);
#5185 = CARTESIAN_POINT('',(5.038739155129,-13.4412153336,1.6));
#5186 = LINE('',#5187,#5188);
#5187 = CARTESIAN_POINT('',(5.038739155129,-13.4412153336,2.));
#5188 = VECTOR('',#5189,1.);
#5189 = DIRECTION('',(2.385711107335E-17,-1.913929879914E-16,-1.));
#5190 = ORIENTED_EDGE('',*,*,#5191,.T.);
#5191 = EDGE_CURVE('',#5184,#5192,#5194,.T.);
#5192 = VERTEX_POINT('',#5193);
#5193 = CARTESIAN_POINT('',(4.279492148307,-13.70186516027,1.6));
#5194 = LINE('',#5195,#5196);
#5195 = CARTESIAN_POINT('',(5.038739155129,-13.4412153336,1.6));
#5196 = VECTOR('',#5197,1.);
#5197 = DIRECTION('',(-0.945817241701,-0.324699469205,3.958073461996E-17
    ));
#5198 = ORIENTED_EDGE('',*,*,#5199,.F.);
#5199 = EDGE_CURVE('',#5200,#5192,#5202,.T.);
#5200 = VERTEX_POINT('',#5201);
#5201 = CARTESIAN_POINT('',(4.279492148307,-13.70186516027,2.));
#5202 = LINE('',#5203,#5204);
#5203 = CARTESIAN_POINT('',(4.279492148307,-13.70186516027,2.));
#5204 = VECTOR('',#5205,1.);
#5205 = DIRECTION('',(2.385711107335E-17,-1.913929879914E-16,-1.));
#5206 = ORIENTED_EDGE('',*,*,#5207,.F.);
#5207 = EDGE_CURVE('',#5182,#5200,#5208,.T.);
#5208 = LINE('',#5209,#5210);
#5209 = CARTESIAN_POINT('',(5.038739155129,-13.4412153336,2.));
#5210 = VECTOR('',#5211,1.);
#5211 = DIRECTION('',(-0.945817241701,-0.324699469205,3.958073461996E-17
    ));
#5212 = PLANE('',#5213);
#5213 = AXIS2_PLACEMENT_3D('',#5214,#5215,#5216);
#5214 = CARTESIAN_POINT('',(5.038739155129,-13.4412153336,2.));
#5215 = DIRECTION('',(-0.324699469205,0.945817241701,-1.887691792851E-16
    ));
#5216 = DIRECTION('',(-0.945817241701,-0.324699469205,3.958073461996E-17
    ));
#5217 = ADVANCED_FACE('',(#5218),#5243,.T.);
#5218 = FACE_BOUND('',#5219,.T.);
#5219 = EDGE_LOOP('',(#5220,#5221,#5229,#5237));
#5220 = ORIENTED_EDGE('',*,*,#5199,.T.);
#5221 = ORIENTED_EDGE('',*,*,#5222,.T.);
#5222 = EDGE_CURVE('',#5192,#5223,#5225,.T.);
#5223 = VERTEX_POINT('',#5224);
#5224 = CARTESIAN_POINT('',(4.931116714981,-15.59998267733,1.6));
#5225 = LINE('',#5226,#5227);
#5226 = CARTESIAN_POINT('',(4.279492148307,-13.70186516027,1.6));
#5227 = VECTOR('',#5228,1.);
#5228 = DIRECTION('',(0.324699469205,-0.945817241701,1.887691792851E-16)
  );
#5229 = ORIENTED_EDGE('',*,*,#5230,.F.);
#5230 = EDGE_CURVE('',#5231,#5223,#5233,.T.);
#5231 = VERTEX_POINT('',#5232);
#5232 = CARTESIAN_POINT('',(4.931116714981,-15.59998267733,2.));
#5233 = LINE('',#5234,#5235);
#5234 = CARTESIAN_POINT('',(4.931116714981,-15.59998267733,2.));
#5235 = VECTOR('',#5236,1.);
#5236 = DIRECTION('',(2.385711107335E-17,-1.913929879914E-16,-1.));
#5237 = ORIENTED_EDGE('',*,*,#5238,.F.);
#5238 = EDGE_CURVE('',#5200,#5231,#5239,.T.);
#5239 = LINE('',#5240,#5241);
#5240 = CARTESIAN_POINT('',(4.279492148307,-13.70186516027,2.));
#5241 = VECTOR('',#5242,1.);
#5242 = DIRECTION('',(0.324699469205,-0.945817241701,1.887691792851E-16)
  );
#5243 = PLANE('',#5244);
#5244 = AXIS2_PLACEMENT_3D('',#5245,#5246,#5247);
#5245 = CARTESIAN_POINT('',(4.279492148307,-13.70186516027,2.));
#5246 = DIRECTION('',(-0.945817241701,-0.324699469205,3.958073461996E-17
    ));
#5247 = DIRECTION('',(0.324699469205,-0.945817241701,1.887691792851E-16)
  );
#5248 = ADVANCED_FACE('',(#5249),#5274,.T.);
#5249 = FACE_BOUND('',#5250,.T.);
#5250 = EDGE_LOOP('',(#5251,#5252,#5260,#5268));
#5251 = ORIENTED_EDGE('',*,*,#5230,.T.);
#5252 = ORIENTED_EDGE('',*,*,#5253,.T.);
#5253 = EDGE_CURVE('',#5223,#5254,#5256,.T.);
#5254 = VERTEX_POINT('',#5255);
#5255 = CARTESIAN_POINT('',(5.690363721803,-15.33933285066,1.6));
#5256 = LINE('',#5257,#5258);
#5257 = CARTESIAN_POINT('',(4.931116714981,-15.59998267733,1.6));
#5258 = VECTOR('',#5259,1.);
#5259 = DIRECTION('',(0.945817241701,0.324699469205,-3.958073461996E-17)
  );
#5260 = ORIENTED_EDGE('',*,*,#5261,.F.);
#5261 = EDGE_CURVE('',#5262,#5254,#5264,.T.);
#5262 = VERTEX_POINT('',#5263);
#5263 = CARTESIAN_POINT('',(5.690363721803,-15.33933285066,2.));
#5264 = LINE('',#5265,#5266);
#5265 = CARTESIAN_POINT('',(5.690363721803,-15.33933285066,2.));
#5266 = VECTOR('',#5267,1.);
#5267 = DIRECTION('',(2.385711107335E-17,-1.913929879914E-16,-1.));
#5268 = ORIENTED_EDGE('',*,*,#5269,.F.);
#5269 = EDGE_CURVE('',#5231,#5262,#5270,.T.);
#5270 = LINE('',#5271,#5272);
#5271 = CARTESIAN_POINT('',(4.931116714981,-15.59998267733,2.));
#5272 = VECTOR('',#5273,1.);
#5273 = DIRECTION('',(0.945817241701,0.324699469205,-3.958073461996E-17)
  );
#5274 = PLANE('',#5275);
#5275 = AXIS2_PLACEMENT_3D('',#5276,#5277,#5278);
#5276 = CARTESIAN_POINT('',(4.931116714981,-15.59998267733,2.));
#5277 = DIRECTION('',(0.324699469205,-0.945817241701,1.887691792851E-16)
  );
#5278 = DIRECTION('',(0.945817241701,0.324699469205,-3.958073461996E-17)
  );
#5279 = ADVANCED_FACE('',(#5280),#5296,.T.);
#5280 = FACE_BOUND('',#5281,.T.);
#5281 = EDGE_LOOP('',(#5282,#5283,#5289,#5290));
#5282 = ORIENTED_EDGE('',*,*,#5261,.T.);
#5283 = ORIENTED_EDGE('',*,*,#5284,.T.);
#5284 = EDGE_CURVE('',#5254,#5184,#5285,.T.);
#5285 = LINE('',#5286,#5287);
#5286 = CARTESIAN_POINT('',(5.690363721803,-15.33933285066,1.6));
#5287 = VECTOR('',#5288,1.);
#5288 = DIRECTION('',(-0.324699469205,0.945817241701,-1.887691792851E-16
    ));
#5289 = ORIENTED_EDGE('',*,*,#5181,.F.);
#5290 = ORIENTED_EDGE('',*,*,#5291,.F.);
#5291 = EDGE_CURVE('',#5262,#5182,#5292,.T.);
#5292 = LINE('',#5293,#5294);
#5293 = CARTESIAN_POINT('',(5.690363721803,-15.33933285066,2.));
#5294 = VECTOR('',#5295,1.);
#5295 = DIRECTION('',(-0.324699469205,0.945817241701,-1.887691792851E-16
    ));
#5296 = PLANE('',#5297);
#5297 = AXIS2_PLACEMENT_3D('',#5298,#5299,#5300);
#5298 = CARTESIAN_POINT('',(5.690363721803,-15.33933285066,2.));
#5299 = DIRECTION('',(0.945817241701,0.324699469205,-3.958073461996E-17)
  );
#5300 = DIRECTION('',(-0.324699469205,0.945817241701,-1.887691792851E-16
    ));
#5301 = ADVANCED_FACE('',(#5302),#5308,.T.);
#5302 = FACE_BOUND('',#5303,.T.);
#5303 = EDGE_LOOP('',(#5304,#5305,#5306,#5307));
#5304 = ORIENTED_EDGE('',*,*,#5207,.T.);
#5305 = ORIENTED_EDGE('',*,*,#5238,.T.);
#5306 = ORIENTED_EDGE('',*,*,#5269,.T.);
#5307 = ORIENTED_EDGE('',*,*,#5291,.T.);
#5308 = PLANE('',#5309);
#5309 = AXIS2_PLACEMENT_3D('',#5310,#5311,#5312);
#5310 = CARTESIAN_POINT('',(4.984927935055,-14.52059900547,2.));
#5311 = DIRECTION('',(-2.385711107335E-17,1.913929879914E-16,1.));
#5312 = DIRECTION('',(0.245485487141,-0.969400265939,1.913929879914E-16)
  );
#5313 = ADVANCED_FACE('',(#5314),#5320,.F.);
#5314 = FACE_BOUND('',#5315,.F.);
#5315 = EDGE_LOOP('',(#5316,#5317,#5318,#5319));
#5316 = ORIENTED_EDGE('',*,*,#5191,.T.);
#5317 = ORIENTED_EDGE('',*,*,#5222,.T.);
#5318 = ORIENTED_EDGE('',*,*,#5253,.T.);
#5319 = ORIENTED_EDGE('',*,*,#5284,.T.);
#5320 = PLANE('',#5321);
#5321 = AXIS2_PLACEMENT_3D('',#5322,#5323,#5324);
#5322 = CARTESIAN_POINT('',(4.984927935055,-14.52059900547,1.6));
#5323 = DIRECTION('',(-2.385711107335E-17,1.913929879914E-16,1.));
#5324 = DIRECTION('',(0.245485487141,-0.969400265939,1.913929879914E-16)
  );
#5325 = MANIFOLD_SOLID_BREP('',#5326);
#5326 = CLOSED_SHELL('',(#5327,#5367,#5398,#5429,#5451,#5463));
#5327 = ADVANCED_FACE('',(#5328),#5362,.T.);
#5328 = FACE_BOUND('',#5329,.T.);
#5329 = EDGE_LOOP('',(#5330,#5340,#5348,#5356));
#5330 = ORIENTED_EDGE('',*,*,#5331,.T.);
#5331 = EDGE_CURVE('',#5332,#5334,#5336,.T.);
#5332 = VERTEX_POINT('',#5333);
#5333 = CARTESIAN_POINT('',(7.18236865127,-12.428545469,2.));
#5334 = VERTEX_POINT('',#5335);
#5335 = CARTESIAN_POINT('',(7.18236865127,-12.428545469,1.6));
#5336 = LINE('',#5337,#5338);
#5337 = CARTESIAN_POINT('',(7.18236865127,-12.428545469,2.));
#5338 = VECTOR('',#5339,1.);
#5339 = DIRECTION('',(3.524611173012E-17,-1.680964147879E-16,-1.));
#5340 = ORIENTED_EDGE('',*,*,#5341,.T.);
#5341 = EDGE_CURVE('',#5334,#5342,#5344,.T.);
#5342 = VERTEX_POINT('',#5343);
#5343 = CARTESIAN_POINT('',(6.476378335444,-12.81060832177,1.6));
#5344 = LINE('',#5345,#5346);
#5345 = CARTESIAN_POINT('',(7.18236865127,-12.428545469,1.6));
#5346 = VECTOR('',#5347,1.);
#5347 = DIRECTION('',(-0.879473751206,-0.475947393037,4.900702029844E-17
    ));
#5348 = ORIENTED_EDGE('',*,*,#5349,.F.);
#5349 = EDGE_CURVE('',#5350,#5342,#5352,.T.);
#5350 = VERTEX_POINT('',#5351);
#5351 = CARTESIAN_POINT('',(6.476378335444,-12.81060832177,2.));
#5352 = LINE('',#5353,#5354);
#5353 = CARTESIAN_POINT('',(6.476378335444,-12.81060832177,2.));
#5354 = VECTOR('',#5355,1.);
#5355 = DIRECTION('',(3.524611173012E-17,-1.680964147879E-16,-1.));
#5356 = ORIENTED_EDGE('',*,*,#5357,.F.);
#5357 = EDGE_CURVE('',#5332,#5350,#5358,.T.);
#5358 = LINE('',#5359,#5360);
#5359 = CARTESIAN_POINT('',(7.18236865127,-12.428545469,2.));
#5360 = VECTOR('',#5361,1.);
#5361 = DIRECTION('',(-0.879473751206,-0.475947393037,4.900702029844E-17
    ));
#5362 = PLANE('',#5363);
#5363 = AXIS2_PLACEMENT_3D('',#5364,#5365,#5366);
#5364 = CARTESIAN_POINT('',(7.18236865127,-12.428545469,2.));
#5365 = DIRECTION('',(-0.475947393037,0.879473751206,-1.646116794705E-16
    ));
#5366 = DIRECTION('',(-0.879473751206,-0.475947393037,4.900702029844E-17
    ));
#5367 = ADVANCED_FACE('',(#5368),#5393,.T.);
#5368 = FACE_BOUND('',#5369,.T.);
#5369 = EDGE_LOOP('',(#5370,#5371,#5379,#5387));
#5370 = ORIENTED_EDGE('',*,*,#5349,.T.);
#5371 = ORIENTED_EDGE('',*,*,#5372,.T.);
#5372 = EDGE_CURVE('',#5342,#5373,#5375,.T.);
#5373 = VERTEX_POINT('',#5374);
#5374 = CARTESIAN_POINT('',(7.431535467382,-14.57558411134,1.6));
#5375 = LINE('',#5376,#5377);
#5376 = CARTESIAN_POINT('',(6.476378335444,-12.81060832177,1.6));
#5377 = VECTOR('',#5378,1.);
#5378 = DIRECTION('',(0.475947393037,-0.879473751206,1.646116794705E-16)
  );
#5379 = ORIENTED_EDGE('',*,*,#5380,.F.);
#5380 = EDGE_CURVE('',#5381,#5373,#5383,.T.);
#5381 = VERTEX_POINT('',#5382);
#5382 = CARTESIAN_POINT('',(7.431535467382,-14.57558411134,2.));
#5383 = LINE('',#5384,#5385);
#5384 = CARTESIAN_POINT('',(7.431535467382,-14.57558411134,2.));
#5385 = VECTOR('',#5386,1.);
#5386 = DIRECTION('',(3.524611173012E-17,-1.680964147879E-16,-1.));
#5387 = ORIENTED_EDGE('',*,*,#5388,.F.);
#5388 = EDGE_CURVE('',#5350,#5381,#5389,.T.);
#5389 = LINE('',#5390,#5391);
#5390 = CARTESIAN_POINT('',(6.476378335444,-12.81060832177,2.));
#5391 = VECTOR('',#5392,1.);
#5392 = DIRECTION('',(0.475947393037,-0.879473751206,1.646116794705E-16)
  );
#5393 = PLANE('',#5394);
#5394 = AXIS2_PLACEMENT_3D('',#5395,#5396,#5397);
#5395 = CARTESIAN_POINT('',(6.476378335444,-12.81060832177,2.));
#5396 = DIRECTION('',(-0.879473751206,-0.475947393037,4.900702029844E-17
    ));
#5397 = DIRECTION('',(0.475947393037,-0.879473751206,1.646116794705E-16)
  );
#5398 = ADVANCED_FACE('',(#5399),#5424,.T.);
#5399 = FACE_BOUND('',#5400,.T.);
#5400 = EDGE_LOOP('',(#5401,#5402,#5410,#5418));
#5401 = ORIENTED_EDGE('',*,*,#5380,.T.);
#5402 = ORIENTED_EDGE('',*,*,#5403,.T.);
#5403 = EDGE_CURVE('',#5373,#5404,#5406,.T.);
#5404 = VERTEX_POINT('',#5405);
#5405 = CARTESIAN_POINT('',(8.137525783208,-14.19352125857,1.6));
#5406 = LINE('',#5407,#5408);
#5407 = CARTESIAN_POINT('',(7.431535467382,-14.57558411134,1.6));
#5408 = VECTOR('',#5409,1.);
#5409 = DIRECTION('',(0.879473751206,0.475947393037,-4.900702029844E-17)
  );
#5410 = ORIENTED_EDGE('',*,*,#5411,.F.);
#5411 = EDGE_CURVE('',#5412,#5404,#5414,.T.);
#5412 = VERTEX_POINT('',#5413);
#5413 = CARTESIAN_POINT('',(8.137525783208,-14.19352125857,2.));
#5414 = LINE('',#5415,#5416);
#5415 = CARTESIAN_POINT('',(8.137525783208,-14.19352125857,2.));
#5416 = VECTOR('',#5417,1.);
#5417 = DIRECTION('',(3.524611173012E-17,-1.680964147879E-16,-1.));
#5418 = ORIENTED_EDGE('',*,*,#5419,.F.);
#5419 = EDGE_CURVE('',#5381,#5412,#5420,.T.);
#5420 = LINE('',#5421,#5422);
#5421 = CARTESIAN_POINT('',(7.431535467382,-14.57558411134,2.));
#5422 = VECTOR('',#5423,1.);
#5423 = DIRECTION('',(0.879473751206,0.475947393037,-4.900702029844E-17)
  );
#5424 = PLANE('',#5425);
#5425 = AXIS2_PLACEMENT_3D('',#5426,#5427,#5428);
#5426 = CARTESIAN_POINT('',(7.431535467382,-14.57558411134,2.));
#5427 = DIRECTION('',(0.475947393037,-0.879473751206,1.646116794705E-16)
  );
#5428 = DIRECTION('',(0.879473751206,0.475947393037,-4.900702029844E-17)
  );
#5429 = ADVANCED_FACE('',(#5430),#5446,.T.);
#5430 = FACE_BOUND('',#5431,.T.);
#5431 = EDGE_LOOP('',(#5432,#5433,#5439,#5440));
#5432 = ORIENTED_EDGE('',*,*,#5411,.T.);
#5433 = ORIENTED_EDGE('',*,*,#5434,.T.);
#5434 = EDGE_CURVE('',#5404,#5334,#5435,.T.);
#5435 = LINE('',#5436,#5437);
#5436 = CARTESIAN_POINT('',(8.137525783208,-14.19352125857,1.6));
#5437 = VECTOR('',#5438,1.);
#5438 = DIRECTION('',(-0.475947393037,0.879473751206,-1.646116794705E-16
    ));
#5439 = ORIENTED_EDGE('',*,*,#5331,.F.);
#5440 = ORIENTED_EDGE('',*,*,#5441,.F.);
#5441 = EDGE_CURVE('',#5412,#5332,#5442,.T.);
#5442 = LINE('',#5443,#5444);
#5443 = CARTESIAN_POINT('',(8.137525783208,-14.19352125857,2.));
#5444 = VECTOR('',#5445,1.);
#5445 = DIRECTION('',(-0.475947393037,0.879473751206,-1.646116794705E-16
    ));
#5446 = PLANE('',#5447);
#5447 = AXIS2_PLACEMENT_3D('',#5448,#5449,#5450);
#5448 = CARTESIAN_POINT('',(8.137525783208,-14.19352125857,2.));
#5449 = DIRECTION('',(0.879473751206,0.475947393037,-4.900702029844E-17)
  );
#5450 = DIRECTION('',(-0.475947393037,0.879473751206,-1.646116794705E-16
    ));
#5451 = ADVANCED_FACE('',(#5452),#5458,.T.);
#5452 = FACE_BOUND('',#5453,.T.);
#5453 = EDGE_LOOP('',(#5454,#5455,#5456,#5457));
#5454 = ORIENTED_EDGE('',*,*,#5357,.T.);
#5455 = ORIENTED_EDGE('',*,*,#5388,.T.);
#5456 = ORIENTED_EDGE('',*,*,#5419,.T.);
#5457 = ORIENTED_EDGE('',*,*,#5441,.T.);
#5458 = PLANE('',#5459);
#5459 = AXIS2_PLACEMENT_3D('',#5460,#5461,#5462);
#5460 = CARTESIAN_POINT('',(7.306952059326,-13.50206479017,2.));
#5461 = DIRECTION('',(-3.524611173012E-17,1.680964147879E-16,1.));
#5462 = DIRECTION('',(0.401695424653,-0.915773326655,1.680964147879E-16)
  );
#5463 = ADVANCED_FACE('',(#5464),#5470,.F.);
#5464 = FACE_BOUND('',#5465,.F.);
#5465 = EDGE_LOOP('',(#5466,#5467,#5468,#5469));
#5466 = ORIENTED_EDGE('',*,*,#5341,.T.);
#5467 = ORIENTED_EDGE('',*,*,#5372,.T.);
#5468 = ORIENTED_EDGE('',*,*,#5403,.T.);
#5469 = ORIENTED_EDGE('',*,*,#5434,.T.);
#5470 = PLANE('',#5471);
#5471 = AXIS2_PLACEMENT_3D('',#5472,#5473,#5474);
#5472 = CARTESIAN_POINT('',(7.306952059326,-13.50206479017,1.6));
#5473 = DIRECTION('',(-3.524611173012E-17,1.680964147879E-16,1.));
#5474 = DIRECTION('',(0.401695424653,-0.915773326655,1.680964147879E-16)
  );
#5475 = MANIFOLD_SOLID_BREP('',#5476);
#5476 = CLOSED_SHELL('',(#5477,#5517,#5548,#5579,#5601,#5613));
#5477 = ADVANCED_FACE('',(#5478),#5512,.T.);
#5478 = FACE_BOUND('',#5479,.T.);
#5479 = EDGE_LOOP('',(#5480,#5490,#5498,#5506));
#5480 = ORIENTED_EDGE('',*,*,#5481,.T.);
#5481 = EDGE_CURVE('',#5482,#5484,#5486,.T.);
#5482 = VERTEX_POINT('',#5483);
#5483 = CARTESIAN_POINT('',(9.130081853642,-11.0768572828,2.));
#5484 = VERTEX_POINT('',#5485);
#5485 = CARTESIAN_POINT('',(9.130081853642,-11.0768572828,1.6));
#5486 = LINE('',#5487,#5488);
#5487 = CARTESIAN_POINT('',(9.130081853642,-11.0768572828,2.));
#5488 = VECTOR('',#5489,1.);
#5489 = DIRECTION('',(4.264529134101E-17,-1.432430085813E-16,-1.));
#5490 = ORIENTED_EDGE('',*,*,#5491,.T.);
#5491 = EDGE_CURVE('',#5484,#5492,#5494,.T.);
#5492 = VERTEX_POINT('',#5493);
#5493 = CARTESIAN_POINT('',(8.496605804248,-11.56991148302,1.6));
#5494 = LINE('',#5495,#5496);
#5495 = CARTESIAN_POINT('',(9.130081853642,-11.0768572828,1.6));
#5496 = VECTOR('',#5497,1.);
#5497 = DIRECTION('',(-0.789140509396,-0.61421271269,5.432854994233E-17)
  );
#5498 = ORIENTED_EDGE('',*,*,#5499,.F.);
#5499 = EDGE_CURVE('',#5500,#5492,#5502,.T.);
#5500 = VERTEX_POINT('',#5501);
#5501 = CARTESIAN_POINT('',(8.496605804248,-11.56991148302,2.));
#5502 = LINE('',#5503,#5504);
#5503 = CARTESIAN_POINT('',(8.496605804248,-11.56991148302,2.));
#5504 = VECTOR('',#5505,1.);
#5505 = DIRECTION('',(4.264529134101E-17,-1.432430085813E-16,-1.));
#5506 = ORIENTED_EDGE('',*,*,#5507,.F.);
#5507 = EDGE_CURVE('',#5482,#5500,#5508,.T.);
#5508 = LINE('',#5509,#5510);
#5509 = CARTESIAN_POINT('',(9.130081853642,-11.0768572828,2.));
#5510 = VECTOR('',#5511,1.);
#5511 = DIRECTION('',(-0.789140509396,-0.61421271269,5.432854994233E-17)
  );
#5512 = PLANE('',#5513);
#5513 = AXIS2_PLACEMENT_3D('',#5514,#5515,#5516);
#5514 = CARTESIAN_POINT('',(9.130081853642,-11.0768572828,2.));
#5515 = DIRECTION('',(-0.61421271269,0.789140509396,-1.392321408373E-16)
  );
#5516 = DIRECTION('',(-0.789140509396,-0.61421271269,5.432854994233E-17)
  );
#5517 = ADVANCED_FACE('',(#5518),#5543,.T.);
#5518 = FACE_BOUND('',#5519,.T.);
#5519 = EDGE_LOOP('',(#5520,#5521,#5529,#5537));
#5520 = ORIENTED_EDGE('',*,*,#5499,.T.);
#5521 = ORIENTED_EDGE('',*,*,#5522,.T.);
#5522 = EDGE_CURVE('',#5492,#5523,#5525,.T.);
#5523 = VERTEX_POINT('',#5524);
#5524 = CARTESIAN_POINT('',(9.729241304799,-13.15360160651,1.6));
#5525 = LINE('',#5526,#5527);
#5526 = CARTESIAN_POINT('',(8.496605804248,-11.56991148302,1.6));
#5527 = VECTOR('',#5528,1.);
#5528 = DIRECTION('',(0.61421271269,-0.789140509396,1.392321408373E-16)
  );
#5529 = ORIENTED_EDGE('',*,*,#5530,.F.);
#5530 = EDGE_CURVE('',#5531,#5523,#5533,.T.);
#5531 = VERTEX_POINT('',#5532);
#5532 = CARTESIAN_POINT('',(9.729241304799,-13.15360160651,2.));
#5533 = LINE('',#5534,#5535);
#5534 = CARTESIAN_POINT('',(9.729241304799,-13.15360160651,2.));
#5535 = VECTOR('',#5536,1.);
#5536 = DIRECTION('',(4.264529134101E-17,-1.432430085813E-16,-1.));
#5537 = ORIENTED_EDGE('',*,*,#5538,.F.);
#5538 = EDGE_CURVE('',#5500,#5531,#5539,.T.);
#5539 = LINE('',#5540,#5541);
#5540 = CARTESIAN_POINT('',(8.496605804248,-11.56991148302,2.));
#5541 = VECTOR('',#5542,1.);
#5542 = DIRECTION('',(0.61421271269,-0.789140509396,1.392321408373E-16)
  );
#5543 = PLANE('',#5544);
#5544 = AXIS2_PLACEMENT_3D('',#5545,#5546,#5547);
#5545 = CARTESIAN_POINT('',(8.496605804248,-11.56991148302,2.));
#5546 = DIRECTION('',(-0.789140509396,-0.61421271269,5.432854994233E-17)
  );
#5547 = DIRECTION('',(0.61421271269,-0.789140509396,1.392321408373E-16)
  );
#5548 = ADVANCED_FACE('',(#5549),#5574,.T.);
#5549 = FACE_BOUND('',#5550,.T.);
#5550 = EDGE_LOOP('',(#5551,#5552,#5560,#5568));
#5551 = ORIENTED_EDGE('',*,*,#5530,.T.);
#5552 = ORIENTED_EDGE('',*,*,#5553,.T.);
#5553 = EDGE_CURVE('',#5523,#5554,#5556,.T.);
#5554 = VERTEX_POINT('',#5555);
#5555 = CARTESIAN_POINT('',(10.362717354193,-12.66054740629,1.6));
#5556 = LINE('',#5557,#5558);
#5557 = CARTESIAN_POINT('',(9.729241304799,-13.15360160651,1.6));
#5558 = VECTOR('',#5559,1.);
#5559 = DIRECTION('',(0.789140509396,0.61421271269,-5.432854994233E-17)
  );
#5560 = ORIENTED_EDGE('',*,*,#5561,.F.);
#5561 = EDGE_CURVE('',#5562,#5554,#5564,.T.);
#5562 = VERTEX_POINT('',#5563);
#5563 = CARTESIAN_POINT('',(10.362717354193,-12.66054740629,2.));
#5564 = LINE('',#5565,#5566);
#5565 = CARTESIAN_POINT('',(10.362717354193,-12.66054740629,2.));
#5566 = VECTOR('',#5567,1.);
#5567 = DIRECTION('',(4.264529134101E-17,-1.432430085813E-16,-1.));
#5568 = ORIENTED_EDGE('',*,*,#5569,.F.);
#5569 = EDGE_CURVE('',#5531,#5562,#5570,.T.);
#5570 = LINE('',#5571,#5572);
#5571 = CARTESIAN_POINT('',(9.729241304799,-13.15360160651,2.));
#5572 = VECTOR('',#5573,1.);
#5573 = DIRECTION('',(0.789140509396,0.61421271269,-5.432854994233E-17)
  );
#5574 = PLANE('',#5575);
#5575 = AXIS2_PLACEMENT_3D('',#5576,#5577,#5578);
#5576 = CARTESIAN_POINT('',(9.729241304799,-13.15360160651,2.));
#5577 = DIRECTION('',(0.61421271269,-0.789140509396,1.392321408373E-16)
  );
#5578 = DIRECTION('',(0.789140509396,0.61421271269,-5.432854994233E-17)
  );
#5579 = ADVANCED_FACE('',(#5580),#5596,.T.);
#5580 = FACE_BOUND('',#5581,.T.);
#5581 = EDGE_LOOP('',(#5582,#5583,#5589,#5590));
#5582 = ORIENTED_EDGE('',*,*,#5561,.T.);
#5583 = ORIENTED_EDGE('',*,*,#5584,.T.);
#5584 = EDGE_CURVE('',#5554,#5484,#5585,.T.);
#5585 = LINE('',#5586,#5587);
#5586 = CARTESIAN_POINT('',(10.362717354193,-12.66054740629,1.6));
#5587 = VECTOR('',#5588,1.);
#5588 = DIRECTION('',(-0.61421271269,0.789140509396,-1.392321408373E-16)
  );
#5589 = ORIENTED_EDGE('',*,*,#5481,.F.);
#5590 = ORIENTED_EDGE('',*,*,#5591,.F.);
#5591 = EDGE_CURVE('',#5562,#5482,#5592,.T.);
#5592 = LINE('',#5593,#5594);
#5593 = CARTESIAN_POINT('',(10.362717354193,-12.66054740629,2.));
#5594 = VECTOR('',#5595,1.);
#5595 = DIRECTION('',(-0.61421271269,0.789140509396,-1.392321408373E-16)
  );
#5596 = PLANE('',#5597);
#5597 = AXIS2_PLACEMENT_3D('',#5598,#5599,#5600);
#5598 = CARTESIAN_POINT('',(10.362717354193,-12.66054740629,2.));
#5599 = DIRECTION('',(0.789140509396,0.61421271269,-5.432854994233E-17)
  );
#5600 = DIRECTION('',(-0.61421271269,0.789140509396,-1.392321408373E-16)
  );
#5601 = ADVANCED_FACE('',(#5602),#5608,.T.);
#5602 = FACE_BOUND('',#5603,.T.);
#5603 = EDGE_LOOP('',(#5604,#5605,#5606,#5607));
#5604 = ORIENTED_EDGE('',*,*,#5507,.T.);
#5605 = ORIENTED_EDGE('',*,*,#5538,.T.);
#5606 = ORIENTED_EDGE('',*,*,#5569,.T.);
#5607 = ORIENTED_EDGE('',*,*,#5591,.T.);
#5608 = PLANE('',#5609);
#5609 = AXIS2_PLACEMENT_3D('',#5610,#5611,#5612);
#5610 = CARTESIAN_POINT('',(9.42966157922,-12.11522944465,2.));
#5611 = DIRECTION('',(-4.264529134101E-17,1.432430085813E-16,1.));
#5612 = DIRECTION('',(0.546948158122,-0.837166478263,1.432430085813E-16)
  );
#5613 = ADVANCED_FACE('',(#5614),#5620,.F.);
#5614 = FACE_BOUND('',#5615,.F.);
#5615 = EDGE_LOOP('',(#5616,#5617,#5618,#5619));
#5616 = ORIENTED_EDGE('',*,*,#5491,.T.);
#5617 = ORIENTED_EDGE('',*,*,#5522,.T.);
#5618 = ORIENTED_EDGE('',*,*,#5553,.T.);
#5619 = ORIENTED_EDGE('',*,*,#5584,.T.);
#5620 = PLANE('',#5621);
#5621 = AXIS2_PLACEMENT_3D('',#5622,#5623,#5624);
#5622 = CARTESIAN_POINT('',(9.42966157922,-12.11522944465,1.6));
#5623 = DIRECTION('',(-4.264529134101E-17,1.432430085813E-16,1.));
#5624 = DIRECTION('',(0.546948158122,-0.837166478263,1.432430085813E-16)
  );
#5625 = MANIFOLD_SOLID_BREP('',#5626);
#5626 = CLOSED_SHELL('',(#5627,#5667,#5698,#5729,#5751,#5763));
#5627 = ADVANCED_FACE('',(#5628),#5662,.T.);
#5628 = FACE_BOUND('',#5629,.T.);
#5629 = EDGE_LOOP('',(#5630,#5640,#5648,#5656));
#5630 = ORIENTED_EDGE('',*,*,#5631,.T.);
#5631 = EDGE_CURVE('',#5632,#5634,#5636,.T.);
#5632 = VERTEX_POINT('',#5633);
#5633 = CARTESIAN_POINT('',(10.828750223393,-9.423021305145,2.));
#5634 = VERTEX_POINT('',#5635);
#5635 = CARTESIAN_POINT('',(10.828750223393,-9.423021305145,1.6));
#5636 = LINE('',#5637,#5638);
#5637 = CARTESIAN_POINT('',(10.828750223393,-9.423021305145,2.));
#5638 = VECTOR('',#5639,1.);
#5639 = DIRECTION('',(4.585281957446E-17,-1.175107055049E-16,-1.));
#5640 = ORIENTED_EDGE('',*,*,#5641,.T.);
#5641 = EDGE_CURVE('',#5634,#5642,#5644,.T.);
#5642 = VERTEX_POINT('',#5643);
#5643 = CARTESIAN_POINT('',(10.28506801571,-10.01361761952,1.6));
#5644 = LINE('',#5645,#5646);
#5645 = CARTESIAN_POINT('',(10.828750223393,-9.423021305145,1.6));
#5646 = VECTOR('',#5647,1.);
#5647 = DIRECTION('',(-0.677281571626,-0.735723910673,5.540016609513E-17
    ));
#5648 = ORIENTED_EDGE('',*,*,#5649,.F.);
#5649 = EDGE_CURVE('',#5650,#5642,#5652,.T.);
#5650 = VERTEX_POINT('',#5651);
#5651 = CARTESIAN_POINT('',(10.28506801571,-10.01361761952,2.));
#5652 = LINE('',#5653,#5654);
#5653 = CARTESIAN_POINT('',(10.28506801571,-10.01361761952,2.));
#5654 = VECTOR('',#5655,1.);
#5655 = DIRECTION('',(4.585281957446E-17,-1.175107055049E-16,-1.));
#5656 = ORIENTED_EDGE('',*,*,#5657,.F.);
#5657 = EDGE_CURVE('',#5632,#5650,#5658,.T.);
#5658 = LINE('',#5659,#5660);
#5659 = CARTESIAN_POINT('',(10.828750223393,-9.423021305145,2.));
#5660 = VECTOR('',#5661,1.);
#5661 = DIRECTION('',(-0.677281571626,-0.735723910673,5.540016609513E-17
    ));
#5662 = PLANE('',#5663);
#5663 = AXIS2_PLACEMENT_3D('',#5664,#5665,#5666);
#5664 = CARTESIAN_POINT('',(10.828750223393,-9.423021305145,2.));
#5665 = DIRECTION('',(-0.735723910673,0.677281571626,-1.133228510399E-16
    ));
#5666 = DIRECTION('',(-0.677281571626,-0.735723910673,5.540016609513E-17
    ));
#5667 = ADVANCED_FACE('',(#5668),#5693,.T.);
#5668 = FACE_BOUND('',#5669,.T.);
#5669 = EDGE_LOOP('',(#5670,#5671,#5679,#5687));
#5670 = ORIENTED_EDGE('',*,*,#5649,.T.);
#5671 = ORIENTED_EDGE('',*,*,#5672,.T.);
#5672 = EDGE_CURVE('',#5642,#5673,#5675,.T.);
#5673 = VERTEX_POINT('',#5674);
#5674 = CARTESIAN_POINT('',(11.761558801661,-11.37282313873,1.6));
#5675 = LINE('',#5676,#5677);
#5676 = CARTESIAN_POINT('',(10.28506801571,-10.01361761952,1.6));
#5677 = VECTOR('',#5678,1.);
#5678 = DIRECTION('',(0.735723910673,-0.677281571626,1.133228510399E-16)
  );
#5679 = ORIENTED_EDGE('',*,*,#5680,.F.);
#5680 = EDGE_CURVE('',#5681,#5673,#5683,.T.);
#5681 = VERTEX_POINT('',#5682);
#5682 = CARTESIAN_POINT('',(11.761558801661,-11.37282313873,2.));
#5683 = LINE('',#5684,#5685);
#5684 = CARTESIAN_POINT('',(11.761558801661,-11.37282313873,2.));
#5685 = VECTOR('',#5686,1.);
#5686 = DIRECTION('',(4.585281957446E-17,-1.175107055049E-16,-1.));
#5687 = ORIENTED_EDGE('',*,*,#5688,.F.);
#5688 = EDGE_CURVE('',#5650,#5681,#5689,.T.);
#5689 = LINE('',#5690,#5691);
#5690 = CARTESIAN_POINT('',(10.28506801571,-10.01361761952,2.));
#5691 = VECTOR('',#5692,1.);
#5692 = DIRECTION('',(0.735723910673,-0.677281571626,1.133228510399E-16)
  );
#5693 = PLANE('',#5694);
#5694 = AXIS2_PLACEMENT_3D('',#5695,#5696,#5697);
#5695 = CARTESIAN_POINT('',(10.28506801571,-10.01361761952,2.));
#5696 = DIRECTION('',(-0.677281571626,-0.735723910673,5.540016609512E-17
    ));
#5697 = DIRECTION('',(0.735723910673,-0.677281571626,1.133228510399E-16)
  );
#5698 = ADVANCED_FACE('',(#5699),#5724,.T.);
#5699 = FACE_BOUND('',#5700,.T.);
#5700 = EDGE_LOOP('',(#5701,#5702,#5710,#5718));
#5701 = ORIENTED_EDGE('',*,*,#5680,.T.);
#5702 = ORIENTED_EDGE('',*,*,#5703,.T.);
#5703 = EDGE_CURVE('',#5673,#5704,#5706,.T.);
#5704 = VERTEX_POINT('',#5705);
#5705 = CARTESIAN_POINT('',(12.305241009344,-10.78222682435,1.6));
#5706 = LINE('',#5707,#5708);
#5707 = CARTESIAN_POINT('',(11.761558801661,-11.37282313873,1.6));
#5708 = VECTOR('',#5709,1.);
#5709 = DIRECTION('',(0.677281571626,0.735723910673,-5.540016609513E-17)
  );
#5710 = ORIENTED_EDGE('',*,*,#5711,.F.);
#5711 = EDGE_CURVE('',#5712,#5704,#5714,.T.);
#5712 = VERTEX_POINT('',#5713);
#5713 = CARTESIAN_POINT('',(12.305241009344,-10.78222682435,2.));
#5714 = LINE('',#5715,#5716);
#5715 = CARTESIAN_POINT('',(12.305241009344,-10.78222682435,2.));
#5716 = VECTOR('',#5717,1.);
#5717 = DIRECTION('',(4.585281957446E-17,-1.175107055049E-16,-1.));
#5718 = ORIENTED_EDGE('',*,*,#5719,.F.);
#5719 = EDGE_CURVE('',#5681,#5712,#5720,.T.);
#5720 = LINE('',#5721,#5722);
#5721 = CARTESIAN_POINT('',(11.761558801661,-11.37282313873,2.));
#5722 = VECTOR('',#5723,1.);
#5723 = DIRECTION('',(0.677281571626,0.735723910673,-5.540016609513E-17)
  );
#5724 = PLANE('',#5725);
#5725 = AXIS2_PLACEMENT_3D('',#5726,#5727,#5728);
#5726 = CARTESIAN_POINT('',(11.761558801661,-11.37282313873,2.));
#5727 = DIRECTION('',(0.735723910673,-0.677281571626,1.133228510399E-16)
  );
#5728 = DIRECTION('',(0.677281571626,0.735723910673,-5.540016609513E-17)
  );
#5729 = ADVANCED_FACE('',(#5730),#5746,.T.);
#5730 = FACE_BOUND('',#5731,.T.);
#5731 = EDGE_LOOP('',(#5732,#5733,#5739,#5740));
#5732 = ORIENTED_EDGE('',*,*,#5711,.T.);
#5733 = ORIENTED_EDGE('',*,*,#5734,.T.);
#5734 = EDGE_CURVE('',#5704,#5634,#5735,.T.);
#5735 = LINE('',#5736,#5737);
#5736 = CARTESIAN_POINT('',(12.305241009344,-10.78222682435,1.6));
#5737 = VECTOR('',#5738,1.);
#5738 = DIRECTION('',(-0.735723910673,0.677281571626,-1.133228510399E-16
    ));
#5739 = ORIENTED_EDGE('',*,*,#5631,.F.);
#5740 = ORIENTED_EDGE('',*,*,#5741,.F.);
#5741 = EDGE_CURVE('',#5712,#5632,#5742,.T.);
#5742 = LINE('',#5743,#5744);
#5743 = CARTESIAN_POINT('',(12.305241009344,-10.78222682435,2.));
#5744 = VECTOR('',#5745,1.);
#5745 = DIRECTION('',(-0.735723910673,0.677281571626,-1.133228510399E-16
    ));
#5746 = PLANE('',#5747);
#5747 = AXIS2_PLACEMENT_3D('',#5748,#5749,#5750);
#5748 = CARTESIAN_POINT('',(12.305241009344,-10.78222682435,2.));
#5749 = DIRECTION('',(0.677281571626,0.735723910673,-5.540016609512E-17)
  );
#5750 = DIRECTION('',(-0.735723910673,0.677281571626,-1.133228510399E-16
    ));
#5751 = ADVANCED_FACE('',(#5752),#5758,.T.);
#5752 = FACE_BOUND('',#5753,.T.);
#5753 = EDGE_LOOP('',(#5754,#5755,#5756,#5757));
#5754 = ORIENTED_EDGE('',*,*,#5657,.T.);
#5755 = ORIENTED_EDGE('',*,*,#5688,.T.);
#5756 = ORIENTED_EDGE('',*,*,#5719,.T.);
#5757 = ORIENTED_EDGE('',*,*,#5741,.T.);
#5758 = PLANE('',#5759);
#5759 = AXIS2_PLACEMENT_3D('',#5760,#5761,#5762);
#5760 = CARTESIAN_POINT('',(11.295154512527,-10.39792222193,2.));
#5761 = DIRECTION('',(-4.585281957446E-17,1.175107055049E-16,1.));
#5762 = DIRECTION('',(0.677281571626,-0.735723910673,1.175107055049E-16)
  );
#5763 = ADVANCED_FACE('',(#5764),#5770,.F.);
#5764 = FACE_BOUND('',#5765,.F.);
#5765 = EDGE_LOOP('',(#5766,#5767,#5768,#5769));
#5766 = ORIENTED_EDGE('',*,*,#5641,.T.);
#5767 = ORIENTED_EDGE('',*,*,#5672,.T.);
#5768 = ORIENTED_EDGE('',*,*,#5703,.T.);
#5769 = ORIENTED_EDGE('',*,*,#5734,.T.);
#5770 = PLANE('',#5771);
#5771 = AXIS2_PLACEMENT_3D('',#5772,#5773,#5774);
#5772 = CARTESIAN_POINT('',(11.295154512527,-10.39792222193,1.6));
#5773 = DIRECTION('',(-4.585281957446E-17,1.175107055049E-16,1.));
#5774 = DIRECTION('',(0.677281571626,-0.735723910673,1.175107055049E-16)
  );
#5775 = MANIFOLD_SOLID_BREP('',#5776);
#5776 = CLOSED_SHELL('',(#5777,#5817,#5848,#5879,#5901,#5913));
#5777 = ADVANCED_FACE('',(#5778),#5812,.T.);
#5778 = FACE_BOUND('',#5779,.T.);
#5779 = EDGE_LOOP('',(#5780,#5790,#5798,#5806));
#5780 = ORIENTED_EDGE('',*,*,#5781,.T.);
#5781 = EDGE_CURVE('',#5782,#5784,#5786,.T.);
#5782 = VERTEX_POINT('',#5783);
#5783 = CARTESIAN_POINT('',(12.232038515495,-7.512149870263,2.));
#5784 = VERTEX_POINT('',#5785);
#5785 = CARTESIAN_POINT('',(12.232038515495,-7.512149870263,1.6));
#5786 = LINE('',#5787,#5788);
#5787 = CARTESIAN_POINT('',(12.232038515495,-7.512149870263,2.));
#5788 = VECTOR('',#5789,1.);
#5789 = DIRECTION('',(4.478120342167E-17,-9.160141570744E-17,-1.));
#5790 = ORIENTED_EDGE('',*,*,#5791,.T.);
#5791 = EDGE_CURVE('',#5784,#5792,#5794,.T.);
#5792 = VERTEX_POINT('',#5793);
#5793 = CARTESIAN_POINT('',(11.792980382875,-8.184178370916,1.6));
#5794 = LINE('',#5795,#5796);
#5795 = CARTESIAN_POINT('',(12.232038515495,-7.512149870263,1.6));
#5796 = VECTOR('',#5797,1.);
#5797 = DIRECTION('',(-0.546948158122,-0.837166478263,5.219263786167E-17
    ));
#5798 = ORIENTED_EDGE('',*,*,#5799,.F.);
#5799 = EDGE_CURVE('',#5800,#5792,#5802,.T.);
#5800 = VERTEX_POINT('',#5801);
#5801 = CARTESIAN_POINT('',(11.792980382875,-8.184178370916,2.));
#5802 = LINE('',#5803,#5804);
#5803 = CARTESIAN_POINT('',(11.792980382875,-8.184178370916,2.));
#5804 = VECTOR('',#5805,1.);
#5805 = DIRECTION('',(4.478120342167E-17,-9.160141570744E-17,-1.));
#5806 = ORIENTED_EDGE('',*,*,#5807,.F.);
#5807 = EDGE_CURVE('',#5782,#5800,#5808,.T.);
#5808 = LINE('',#5809,#5810);
#5809 = CARTESIAN_POINT('',(12.232038515495,-7.512149870263,2.));
#5810 = VECTOR('',#5811,1.);
#5811 = DIRECTION('',(-0.546948158122,-0.837166478263,5.219263786167E-17
    ));
#5812 = PLANE('',#5813);
#5813 = AXIS2_PLACEMENT_3D('',#5814,#5815,#5816);
#5814 = CARTESIAN_POINT('',(12.232038515495,-7.512149870263,2.));
#5815 = DIRECTION('',(-0.837166478263,0.546948158122,-8.759054796347E-17
    ));
#5816 = DIRECTION('',(-0.546948158122,-0.837166478263,5.219263786167E-17
    ));
#5817 = ADVANCED_FACE('',(#5818),#5843,.T.);
#5818 = FACE_BOUND('',#5819,.T.);
#5819 = EDGE_LOOP('',(#5820,#5821,#5829,#5837));
#5820 = ORIENTED_EDGE('',*,*,#5799,.T.);
#5821 = ORIENTED_EDGE('',*,*,#5822,.T.);
#5822 = EDGE_CURVE('',#5792,#5823,#5825,.T.);
#5823 = VERTEX_POINT('',#5824);
#5824 = CARTESIAN_POINT('',(13.473051634509,-9.281823702467,1.6));
#5825 = LINE('',#5826,#5827);
#5826 = CARTESIAN_POINT('',(11.792980382875,-8.184178370916,1.6));
#5827 = VECTOR('',#5828,1.);
#5828 = DIRECTION('',(0.837166478263,-0.546948158122,8.759054796347E-17)
  );
#5829 = ORIENTED_EDGE('',*,*,#5830,.F.);
#5830 = EDGE_CURVE('',#5831,#5823,#5833,.T.);
#5831 = VERTEX_POINT('',#5832);
#5832 = CARTESIAN_POINT('',(13.473051634509,-9.281823702467,2.));
#5833 = LINE('',#5834,#5835);
#5834 = CARTESIAN_POINT('',(13.473051634509,-9.281823702467,2.));
#5835 = VECTOR('',#5836,1.);
#5836 = DIRECTION('',(4.478120342167E-17,-9.160141570744E-17,-1.));
#5837 = ORIENTED_EDGE('',*,*,#5838,.F.);
#5838 = EDGE_CURVE('',#5800,#5831,#5839,.T.);
#5839 = LINE('',#5840,#5841);
#5840 = CARTESIAN_POINT('',(11.792980382875,-8.184178370916,2.));
#5841 = VECTOR('',#5842,1.);
#5842 = DIRECTION('',(0.837166478263,-0.546948158122,8.759054796347E-17)
  );
#5843 = PLANE('',#5844);
#5844 = AXIS2_PLACEMENT_3D('',#5845,#5846,#5847);
#5845 = CARTESIAN_POINT('',(11.792980382875,-8.184178370916,2.));
#5846 = DIRECTION('',(-0.546948158122,-0.837166478263,5.219263786167E-17
    ));
#5847 = DIRECTION('',(0.837166478263,-0.546948158122,8.759054796347E-17)
  );
#5848 = ADVANCED_FACE('',(#5849),#5874,.T.);
#5849 = FACE_BOUND('',#5850,.T.);
#5850 = EDGE_LOOP('',(#5851,#5852,#5860,#5868));
#5851 = ORIENTED_EDGE('',*,*,#5830,.T.);
#5852 = ORIENTED_EDGE('',*,*,#5853,.T.);
#5853 = EDGE_CURVE('',#5823,#5854,#5856,.T.);
#5854 = VERTEX_POINT('',#5855);
#5855 = CARTESIAN_POINT('',(13.91210976713,-8.609795201813,1.6));
#5856 = LINE('',#5857,#5858);
#5857 = CARTESIAN_POINT('',(13.473051634509,-9.281823702467,1.6));
#5858 = VECTOR('',#5859,1.);
#5859 = DIRECTION('',(0.546948158122,0.837166478263,-5.219263786167E-17)
  );
#5860 = ORIENTED_EDGE('',*,*,#5861,.F.);
#5861 = EDGE_CURVE('',#5862,#5854,#5864,.T.);
#5862 = VERTEX_POINT('',#5863);
#5863 = CARTESIAN_POINT('',(13.91210976713,-8.609795201813,2.));
#5864 = LINE('',#5865,#5866);
#5865 = CARTESIAN_POINT('',(13.91210976713,-8.609795201813,2.));
#5866 = VECTOR('',#5867,1.);
#5867 = DIRECTION('',(4.478120342167E-17,-9.160141570744E-17,-1.));
#5868 = ORIENTED_EDGE('',*,*,#5869,.F.);
#5869 = EDGE_CURVE('',#5831,#5862,#5870,.T.);
#5870 = LINE('',#5871,#5872);
#5871 = CARTESIAN_POINT('',(13.473051634509,-9.281823702467,2.));
#5872 = VECTOR('',#5873,1.);
#5873 = DIRECTION('',(0.546948158122,0.837166478263,-5.219263786167E-17)
  );
#5874 = PLANE('',#5875);
#5875 = AXIS2_PLACEMENT_3D('',#5876,#5877,#5878);
#5876 = CARTESIAN_POINT('',(13.473051634509,-9.281823702467,2.));
#5877 = DIRECTION('',(0.837166478263,-0.546948158122,8.759054796347E-17)
  );
#5878 = DIRECTION('',(0.546948158122,0.837166478263,-5.219263786167E-17)
  );
#5879 = ADVANCED_FACE('',(#5880),#5896,.T.);
#5880 = FACE_BOUND('',#5881,.T.);
#5881 = EDGE_LOOP('',(#5882,#5883,#5889,#5890));
#5882 = ORIENTED_EDGE('',*,*,#5861,.T.);
#5883 = ORIENTED_EDGE('',*,*,#5884,.T.);
#5884 = EDGE_CURVE('',#5854,#5784,#5885,.T.);
#5885 = LINE('',#5886,#5887);
#5886 = CARTESIAN_POINT('',(13.91210976713,-8.609795201813,1.6));
#5887 = VECTOR('',#5888,1.);
#5888 = DIRECTION('',(-0.837166478263,0.546948158122,-8.759054796347E-17
    ));
#5889 = ORIENTED_EDGE('',*,*,#5781,.F.);
#5890 = ORIENTED_EDGE('',*,*,#5891,.F.);
#5891 = EDGE_CURVE('',#5862,#5782,#5892,.T.);
#5892 = LINE('',#5893,#5894);
#5893 = CARTESIAN_POINT('',(13.91210976713,-8.609795201813,2.));
#5894 = VECTOR('',#5895,1.);
#5895 = DIRECTION('',(-0.837166478263,0.546948158122,-8.759054796347E-17
    ));
#5896 = PLANE('',#5897);
#5897 = AXIS2_PLACEMENT_3D('',#5898,#5899,#5900);
#5898 = CARTESIAN_POINT('',(13.91210976713,-8.609795201813,2.));
#5899 = DIRECTION('',(0.546948158122,0.837166478263,-5.219263786167E-17)
  );
#5900 = DIRECTION('',(-0.837166478263,0.546948158122,-8.759054796347E-17
    ));
#5901 = ADVANCED_FACE('',(#5902),#5908,.T.);
#5902 = FACE_BOUND('',#5903,.T.);
#5903 = EDGE_LOOP('',(#5904,#5905,#5906,#5907));
#5904 = ORIENTED_EDGE('',*,*,#5807,.T.);
#5905 = ORIENTED_EDGE('',*,*,#5838,.T.);
#5906 = ORIENTED_EDGE('',*,*,#5869,.T.);
#5907 = ORIENTED_EDGE('',*,*,#5891,.T.);
#5908 = PLANE('',#5909);
#5909 = AXIS2_PLACEMENT_3D('',#5910,#5911,#5912);
#5910 = CARTESIAN_POINT('',(12.852545075002,-8.396986786365,2.));
#5911 = DIRECTION('',(-4.478120342167E-17,9.160141570744E-17,1.));
#5912 = DIRECTION('',(0.789140509396,-0.61421271269,9.160141570744E-17)
  );
#5913 = ADVANCED_FACE('',(#5914),#5920,.F.);
#5914 = FACE_BOUND('',#5915,.F.);
#5915 = EDGE_LOOP('',(#5916,#5917,#5918,#5919));
#5916 = ORIENTED_EDGE('',*,*,#5791,.T.);
#5917 = ORIENTED_EDGE('',*,*,#5822,.T.);
#5918 = ORIENTED_EDGE('',*,*,#5853,.T.);
#5919 = ORIENTED_EDGE('',*,*,#5884,.T.);
#5920 = PLANE('',#5921);
#5921 = AXIS2_PLACEMENT_3D('',#5922,#5923,#5924);
#5922 = CARTESIAN_POINT('',(12.852545075002,-8.396986786365,1.6));
#5923 = DIRECTION('',(-4.478120342167E-17,9.160141570744E-17,1.));
#5924 = DIRECTION('',(0.789140509396,-0.61421271269,9.160141570744E-17)
  );
#5925 = MANIFOLD_SOLID_BREP('',#5926);
#5926 = CLOSED_SHELL('',(#5927,#5967,#5998,#6029,#6051,#6063));
#5927 = ADVANCED_FACE('',(#5928),#5962,.T.);
#5928 = FACE_BOUND('',#5929,.T.);
#5929 = EDGE_LOOP('',(#5930,#5940,#5948,#5956));
#5930 = ORIENTED_EDGE('',*,*,#5931,.T.);
#5931 = EDGE_CURVE('',#5932,#5934,#5936,.T.);
#5932 = VERTEX_POINT('',#5933);
#5933 = CARTESIAN_POINT('',(13.30166868344,-5.396366569633,2.));
#5934 = VERTEX_POINT('',#5935);
#5935 = CARTESIAN_POINT('',(13.30166868344,-5.396366569633,1.6));
#5936 = LINE('',#5937,#5938);
#5937 = CARTESIAN_POINT('',(13.30166868344,-5.396366569633,2.));
#5938 = VECTOR('',#5939,1.);
#5939 = DIRECTION('',(3.945967377778E-17,-6.622187707423E-17,-1.));
#5940 = ORIENTED_EDGE('',*,*,#5941,.T.);
#5941 = EDGE_CURVE('',#5934,#5942,#5944,.T.);
#5942 = VERTEX_POINT('',#5943);
#5943 = CARTESIAN_POINT('',(12.979210987201,-6.131496070909,1.6));
#5944 = LINE('',#5945,#5946);
#5945 = CARTESIAN_POINT('',(13.30166868344,-5.396366569633,1.6));
#5946 = VECTOR('',#5947,1.);
#5947 = DIRECTION('',(-0.401695424653,-0.915773326655,4.479345825078E-17
    ));
#5948 = ORIENTED_EDGE('',*,*,#5949,.F.);
#5949 = EDGE_CURVE('',#5950,#5942,#5952,.T.);
#5950 = VERTEX_POINT('',#5951);
#5951 = CARTESIAN_POINT('',(12.979210987201,-6.131496070909,2.));
#5952 = LINE('',#5953,#5954);
#5953 = CARTESIAN_POINT('',(12.979210987201,-6.131496070909,2.));
#5954 = VECTOR('',#5955,1.);
#5955 = DIRECTION('',(3.945967377778E-17,-6.622187707423E-17,-1.));
#5956 = ORIENTED_EDGE('',*,*,#5957,.F.);
#5957 = EDGE_CURVE('',#5932,#5950,#5958,.T.);
#5958 = LINE('',#5959,#5960);
#5959 = CARTESIAN_POINT('',(13.30166868344,-5.396366569633,2.));
#5960 = VECTOR('',#5961,1.);
#5961 = DIRECTION('',(-0.401695424653,-0.915773326655,4.479345825078E-17
    ));
#5962 = PLANE('',#5963);
#5963 = AXIS2_PLACEMENT_3D('',#5964,#5965,#5966);
#5964 = CARTESIAN_POINT('',(13.30166868344,-5.396366569633,2.));
#5965 = DIRECTION('',(-0.915773326655,0.401695424653,-6.273714175685E-17
    ));
#5966 = DIRECTION('',(-0.401695424653,-0.915773326655,4.479345825078E-17
    ));
#5967 = ADVANCED_FACE('',(#5968),#5993,.T.);
#5968 = FACE_BOUND('',#5969,.T.);
#5969 = EDGE_LOOP('',(#5970,#5971,#5979,#5987));
#5970 = ORIENTED_EDGE('',*,*,#5949,.T.);
#5971 = ORIENTED_EDGE('',*,*,#5972,.T.);
#5972 = EDGE_CURVE('',#5942,#5973,#5975,.T.);
#5973 = VERTEX_POINT('',#5974);
#5974 = CARTESIAN_POINT('',(14.817034740392,-6.937640311507,1.6));
#5975 = LINE('',#5976,#5977);
#5976 = CARTESIAN_POINT('',(12.979210987201,-6.131496070909,1.6));
#5977 = VECTOR('',#5978,1.);
#5978 = DIRECTION('',(0.915773326655,-0.401695424653,6.273714175685E-17)
  );
#5979 = ORIENTED_EDGE('',*,*,#5980,.F.);
#5980 = EDGE_CURVE('',#5981,#5973,#5983,.T.);
#5981 = VERTEX_POINT('',#5982);
#5982 = CARTESIAN_POINT('',(14.817034740392,-6.937640311507,2.));
#5983 = LINE('',#5984,#5985);
#5984 = CARTESIAN_POINT('',(14.817034740392,-6.937640311507,2.));
#5985 = VECTOR('',#5986,1.);
#5986 = DIRECTION('',(3.945967377778E-17,-6.622187707423E-17,-1.));
#5987 = ORIENTED_EDGE('',*,*,#5988,.F.);
#5988 = EDGE_CURVE('',#5950,#5981,#5989,.T.);
#5989 = LINE('',#5990,#5991);
#5990 = CARTESIAN_POINT('',(12.979210987201,-6.131496070909,2.));
#5991 = VECTOR('',#5992,1.);
#5992 = DIRECTION('',(0.915773326655,-0.401695424653,6.273714175685E-17)
  );
#5993 = PLANE('',#5994);
#5994 = AXIS2_PLACEMENT_3D('',#5995,#5996,#5997);
#5995 = CARTESIAN_POINT('',(12.979210987201,-6.131496070909,2.));
#5996 = DIRECTION('',(-0.401695424653,-0.915773326655,4.479345825078E-17
    ));
#5997 = DIRECTION('',(0.915773326655,-0.401695424653,6.273714175685E-17)
  );
#5998 = ADVANCED_FACE('',(#5999),#6024,.T.);
#5999 = FACE_BOUND('',#6000,.T.);
#6000 = EDGE_LOOP('',(#6001,#6002,#6010,#6018));
#6001 = ORIENTED_EDGE('',*,*,#5980,.T.);
#6002 = ORIENTED_EDGE('',*,*,#6003,.T.);
#6003 = EDGE_CURVE('',#5973,#6004,#6006,.T.);
#6004 = VERTEX_POINT('',#6005);
#6005 = CARTESIAN_POINT('',(15.139492436631,-6.20251081023,1.6));
#6006 = LINE('',#6007,#6008);
#6007 = CARTESIAN_POINT('',(14.817034740392,-6.937640311507,1.6));
#6008 = VECTOR('',#6009,1.);
#6009 = DIRECTION('',(0.401695424653,0.915773326655,-4.479345825078E-17)
  );
#6010 = ORIENTED_EDGE('',*,*,#6011,.F.);
#6011 = EDGE_CURVE('',#6012,#6004,#6014,.T.);
#6012 = VERTEX_POINT('',#6013);
#6013 = CARTESIAN_POINT('',(15.139492436631,-6.20251081023,2.));
#6014 = LINE('',#6015,#6016);
#6015 = CARTESIAN_POINT('',(15.139492436631,-6.20251081023,2.));
#6016 = VECTOR('',#6017,1.);
#6017 = DIRECTION('',(3.945967377778E-17,-6.622187707423E-17,-1.));
#6018 = ORIENTED_EDGE('',*,*,#6019,.F.);
#6019 = EDGE_CURVE('',#5981,#6012,#6020,.T.);
#6020 = LINE('',#6021,#6022);
#6021 = CARTESIAN_POINT('',(14.817034740392,-6.937640311507,2.));
#6022 = VECTOR('',#6023,1.);
#6023 = DIRECTION('',(0.401695424653,0.915773326655,-4.479345825078E-17)
  );
#6024 = PLANE('',#6025);
#6025 = AXIS2_PLACEMENT_3D('',#6026,#6027,#6028);
#6026 = CARTESIAN_POINT('',(14.817034740392,-6.937640311507,2.));
#6027 = DIRECTION('',(0.915773326655,-0.401695424653,6.273714175685E-17)
  );
#6028 = DIRECTION('',(0.401695424653,0.915773326655,-4.479345825078E-17)
  );
#6029 = ADVANCED_FACE('',(#6030),#6046,.T.);
#6030 = FACE_BOUND('',#6031,.T.);
#6031 = EDGE_LOOP('',(#6032,#6033,#6039,#6040));
#6032 = ORIENTED_EDGE('',*,*,#6011,.T.);
#6033 = ORIENTED_EDGE('',*,*,#6034,.T.);
#6034 = EDGE_CURVE('',#6004,#5934,#6035,.T.);
#6035 = LINE('',#6036,#6037);
#6036 = CARTESIAN_POINT('',(15.139492436631,-6.20251081023,1.6));
#6037 = VECTOR('',#6038,1.);
#6038 = DIRECTION('',(-0.915773326655,0.401695424653,-6.273714175685E-17
    ));
#6039 = ORIENTED_EDGE('',*,*,#5931,.F.);
#6040 = ORIENTED_EDGE('',*,*,#6041,.F.);
#6041 = EDGE_CURVE('',#6012,#5932,#6042,.T.);
#6042 = LINE('',#6043,#6044);
#6043 = CARTESIAN_POINT('',(15.139492436631,-6.20251081023,2.));
#6044 = VECTOR('',#6045,1.);
#6045 = DIRECTION('',(-0.915773326655,0.401695424653,-6.273714175685E-17
    ));
#6046 = PLANE('',#6047);
#6047 = AXIS2_PLACEMENT_3D('',#6048,#6049,#6050);
#6048 = CARTESIAN_POINT('',(15.139492436631,-6.20251081023,2.));
#6049 = DIRECTION('',(0.401695424653,0.915773326655,-4.479345825078E-17)
  );
#6050 = DIRECTION('',(-0.915773326655,0.401695424653,-6.273714175685E-17
    ));
#6051 = ADVANCED_FACE('',(#6052),#6058,.T.);
#6052 = FACE_BOUND('',#6053,.T.);
#6053 = EDGE_LOOP('',(#6054,#6055,#6056,#6057));
#6054 = ORIENTED_EDGE('',*,*,#5957,.T.);
#6055 = ORIENTED_EDGE('',*,*,#5988,.T.);
#6056 = ORIENTED_EDGE('',*,*,#6019,.T.);
#6057 = ORIENTED_EDGE('',*,*,#6041,.T.);
#6058 = PLANE('',#6059);
#6059 = AXIS2_PLACEMENT_3D('',#6060,#6061,#6062);
#6060 = CARTESIAN_POINT('',(14.059351711916,-6.16700344057,2.));
#6061 = DIRECTION('',(-3.945967377778E-17,6.622187707423E-17,1.));
#6062 = DIRECTION('',(0.879473751206,-0.475947393037,6.622187707423E-17)
  );
#6063 = ADVANCED_FACE('',(#6064),#6070,.F.);
#6064 = FACE_BOUND('',#6065,.F.);
#6065 = EDGE_LOOP('',(#6066,#6067,#6068,#6069));
#6066 = ORIENTED_EDGE('',*,*,#5941,.T.);
#6067 = ORIENTED_EDGE('',*,*,#5972,.T.);
#6068 = ORIENTED_EDGE('',*,*,#6003,.T.);
#6069 = ORIENTED_EDGE('',*,*,#6034,.T.);
#6070 = PLANE('',#6071);
#6071 = AXIS2_PLACEMENT_3D('',#6072,#6073,#6074);
#6072 = CARTESIAN_POINT('',(14.059351711916,-6.16700344057,1.6));
#6073 = DIRECTION('',(-3.945967377778E-17,6.622187707423E-17,1.));
#6074 = DIRECTION('',(0.879473751206,-0.475947393037,6.622187707423E-17)
  );
#6075 = MANIFOLD_SOLID_BREP('',#6076);
#6076 = CLOSED_SHELL('',(#6077,#6117,#6148,#6179,#6201,#6213));
#6077 = ADVANCED_FACE('',(#6078),#6112,.T.);
#6078 = FACE_BOUND('',#6079,.T.);
#6079 = EDGE_LOOP('',(#6080,#6090,#6098,#6106));
#6080 = ORIENTED_EDGE('',*,*,#6081,.T.);
#6081 = EDGE_CURVE('',#6082,#6084,#6086,.T.);
#6082 = VERTEX_POINT('',#6083);
#6083 = CARTESIAN_POINT('',(14.008464004562,-3.133384456261,2.));
#6084 = VERTEX_POINT('',#6085);
#6085 = CARTESIAN_POINT('',(14.008464004562,-3.133384456261,1.6));
#6086 = LINE('',#6087,#6088);
#6087 = CARTESIAN_POINT('',(14.008464004562,-3.133384456261,2.));
#6088 = VECTOR('',#6089,1.);
#6089 = DIRECTION('',(3.00333880993E-17,-4.206437725963E-17,-1.));
#6090 = ORIENTED_EDGE('',*,*,#6091,.T.);
#6091 = EDGE_CURVE('',#6084,#6092,#6094,.T.);
#6092 = VERTEX_POINT('',#6093);
#6093 = CARTESIAN_POINT('',(13.811402550074,-3.911562541705,1.6));
#6094 = LINE('',#6095,#6096);
#6095 = CARTESIAN_POINT('',(14.008464004562,-3.133384456261,1.6));
#6096 = VECTOR('',#6097,1.);
#6097 = DIRECTION('',(-0.245485487141,-0.969400265939,3.340445759401E-17
    ));
#6098 = ORIENTED_EDGE('',*,*,#6099,.F.);
#6099 = EDGE_CURVE('',#6100,#6092,#6102,.T.);
#6100 = VERTEX_POINT('',#6101);
#6101 = CARTESIAN_POINT('',(13.811402550074,-3.911562541705,2.));
#6102 = LINE('',#6103,#6104);
#6103 = CARTESIAN_POINT('',(13.811402550074,-3.911562541705,2.));
#6104 = VECTOR('',#6105,1.);
#6105 = DIRECTION('',(3.00333880993E-17,-4.206437725963E-17,-1.));
#6106 = ORIENTED_EDGE('',*,*,#6107,.F.);
#6107 = EDGE_CURVE('',#6082,#6100,#6108,.T.);
#6108 = LINE('',#6109,#6110);
#6109 = CARTESIAN_POINT('',(14.008464004562,-3.133384456261,2.));
#6110 = VECTOR('',#6111,1.);
#6111 = DIRECTION('',(-0.245485487141,-0.969400265939,3.340445759401E-17
    ));
#6112 = PLANE('',#6113);
#6113 = AXIS2_PLACEMENT_3D('',#6114,#6115,#6116);
#6114 = CARTESIAN_POINT('',(14.008464004562,-3.133384456261,2.));
#6115 = DIRECTION('',(-0.969400265939,0.245485487141,-3.944056855337E-17
    ));
#6116 = DIRECTION('',(-0.245485487141,-0.969400265939,3.340445759401E-17
    ));
#6117 = ADVANCED_FACE('',(#6118),#6143,.T.);
#6118 = FACE_BOUND('',#6119,.T.);
#6119 = EDGE_LOOP('',(#6120,#6121,#6129,#6137));
#6120 = ORIENTED_EDGE('',*,*,#6099,.T.);
#6121 = ORIENTED_EDGE('',*,*,#6122,.T.);
#6122 = EDGE_CURVE('',#6092,#6123,#6125,.T.);
#6123 = VERTEX_POINT('',#6124);
#6124 = CARTESIAN_POINT('',(15.756847763684,-4.404216177927,1.6));
#6125 = LINE('',#6126,#6127);
#6126 = CARTESIAN_POINT('',(13.811402550074,-3.911562541705,1.6));
#6127 = VECTOR('',#6128,1.);
#6128 = DIRECTION('',(0.969400265939,-0.245485487141,3.944056855337E-17)
  );
#6129 = ORIENTED_EDGE('',*,*,#6130,.F.);
#6130 = EDGE_CURVE('',#6131,#6123,#6133,.T.);
#6131 = VERTEX_POINT('',#6132);
#6132 = CARTESIAN_POINT('',(15.756847763684,-4.404216177927,2.));
#6133 = LINE('',#6134,#6135);
#6134 = CARTESIAN_POINT('',(15.756847763684,-4.404216177927,2.));
#6135 = VECTOR('',#6136,1.);
#6136 = DIRECTION('',(3.00333880993E-17,-4.206437725963E-17,-1.));
#6137 = ORIENTED_EDGE('',*,*,#6138,.F.);
#6138 = EDGE_CURVE('',#6100,#6131,#6139,.T.);
#6139 = LINE('',#6140,#6141);
#6140 = CARTESIAN_POINT('',(13.811402550074,-3.911562541705,2.));
#6141 = VECTOR('',#6142,1.);
#6142 = DIRECTION('',(0.969400265939,-0.245485487141,3.944056855337E-17)
  );
#6143 = PLANE('',#6144);
#6144 = AXIS2_PLACEMENT_3D('',#6145,#6146,#6147);
#6145 = CARTESIAN_POINT('',(13.811402550074,-3.911562541705,2.));
#6146 = DIRECTION('',(-0.245485487141,-0.969400265939,3.340445759401E-17
    ));
#6147 = DIRECTION('',(0.969400265939,-0.245485487141,3.944056855337E-17)
  );
#6148 = ADVANCED_FACE('',(#6149),#6174,.T.);
#6149 = FACE_BOUND('',#6150,.T.);
#6150 = EDGE_LOOP('',(#6151,#6152,#6160,#6168));
#6151 = ORIENTED_EDGE('',*,*,#6130,.T.);
#6152 = ORIENTED_EDGE('',*,*,#6153,.T.);
#6153 = EDGE_CURVE('',#6123,#6154,#6156,.T.);
#6154 = VERTEX_POINT('',#6155);
#6155 = CARTESIAN_POINT('',(15.953909218173,-3.626038092482,1.6));
#6156 = LINE('',#6157,#6158);
#6157 = CARTESIAN_POINT('',(15.756847763684,-4.404216177927,1.6));
#6158 = VECTOR('',#6159,1.);
#6159 = DIRECTION('',(0.245485487141,0.969400265939,-3.340445759401E-17)
  );
#6160 = ORIENTED_EDGE('',*,*,#6161,.F.);
#6161 = EDGE_CURVE('',#6162,#6154,#6164,.T.);
#6162 = VERTEX_POINT('',#6163);
#6163 = CARTESIAN_POINT('',(15.953909218173,-3.626038092482,2.));
#6164 = LINE('',#6165,#6166);
#6165 = CARTESIAN_POINT('',(15.953909218173,-3.626038092482,2.));
#6166 = VECTOR('',#6167,1.);
#6167 = DIRECTION('',(3.00333880993E-17,-4.206437725963E-17,-1.));
#6168 = ORIENTED_EDGE('',*,*,#6169,.F.);
#6169 = EDGE_CURVE('',#6131,#6162,#6170,.T.);
#6170 = LINE('',#6171,#6172);
#6171 = CARTESIAN_POINT('',(15.756847763684,-4.404216177927,2.));
#6172 = VECTOR('',#6173,1.);
#6173 = DIRECTION('',(0.245485487141,0.969400265939,-3.340445759401E-17)
  );
#6174 = PLANE('',#6175);
#6175 = AXIS2_PLACEMENT_3D('',#6176,#6177,#6178);
#6176 = CARTESIAN_POINT('',(15.756847763684,-4.404216177927,2.));
#6177 = DIRECTION('',(0.969400265939,-0.245485487141,3.944056855337E-17)
  );
#6178 = DIRECTION('',(0.245485487141,0.969400265939,-3.340445759401E-17)
  );
#6179 = ADVANCED_FACE('',(#6180),#6196,.T.);
#6180 = FACE_BOUND('',#6181,.T.);
#6181 = EDGE_LOOP('',(#6182,#6183,#6189,#6190));
#6182 = ORIENTED_EDGE('',*,*,#6161,.T.);
#6183 = ORIENTED_EDGE('',*,*,#6184,.T.);
#6184 = EDGE_CURVE('',#6154,#6084,#6185,.T.);
#6185 = LINE('',#6186,#6187);
#6186 = CARTESIAN_POINT('',(15.953909218173,-3.626038092482,1.6));
#6187 = VECTOR('',#6188,1.);
#6188 = DIRECTION('',(-0.969400265939,0.245485487141,-3.944056855337E-17
    ));
#6189 = ORIENTED_EDGE('',*,*,#6081,.F.);
#6190 = ORIENTED_EDGE('',*,*,#6191,.F.);
#6191 = EDGE_CURVE('',#6162,#6082,#6192,.T.);
#6192 = LINE('',#6193,#6194);
#6193 = CARTESIAN_POINT('',(15.953909218173,-3.626038092482,2.));
#6194 = VECTOR('',#6195,1.);
#6195 = DIRECTION('',(-0.969400265939,0.245485487141,-3.944056855337E-17
    ));
#6196 = PLANE('',#6197);
#6197 = AXIS2_PLACEMENT_3D('',#6198,#6199,#6200);
#6198 = CARTESIAN_POINT('',(15.953909218173,-3.626038092482,2.));
#6199 = DIRECTION('',(0.245485487141,0.969400265939,-3.340445759401E-17)
  );
#6200 = DIRECTION('',(-0.969400265939,0.245485487141,-3.944056855337E-17
    ));
#6201 = ADVANCED_FACE('',(#6202),#6208,.T.);
#6202 = FACE_BOUND('',#6203,.T.);
#6203 = EDGE_LOOP('',(#6204,#6205,#6206,#6207));
#6204 = ORIENTED_EDGE('',*,*,#6107,.T.);
#6205 = ORIENTED_EDGE('',*,*,#6138,.T.);
#6206 = ORIENTED_EDGE('',*,*,#6169,.T.);
#6207 = ORIENTED_EDGE('',*,*,#6191,.T.);
#6208 = PLANE('',#6209);
#6209 = AXIS2_PLACEMENT_3D('',#6210,#6211,#6212);
#6210 = CARTESIAN_POINT('',(14.882655884123,-3.768800317094,2.));
#6211 = DIRECTION('',(-3.00333880993E-17,4.206437725963E-17,1.));
#6212 = DIRECTION('',(0.945817241701,-0.324699469205,4.206437725963E-17)
  );
#6213 = ADVANCED_FACE('',(#6214),#6220,.F.);
#6214 = FACE_BOUND('',#6215,.F.);
#6215 = EDGE_LOOP('',(#6216,#6217,#6218,#6219));
#6216 = ORIENTED_EDGE('',*,*,#6091,.T.);
#6217 = ORIENTED_EDGE('',*,*,#6122,.T.);
#6218 = ORIENTED_EDGE('',*,*,#6153,.T.);
#6219 = ORIENTED_EDGE('',*,*,#6184,.T.);
#6220 = PLANE('',#6221);
#6221 = AXIS2_PLACEMENT_3D('',#6222,#6223,#6224);
#6222 = CARTESIAN_POINT('',(14.882655884123,-3.768800317094,1.6));
#6223 = DIRECTION('',(-3.00333880993E-17,4.206437725963E-17,1.));
#6224 = DIRECTION('',(0.945817241701,-0.324699469205,4.206437725963E-17)
  );
#6225 = MANIFOLD_SOLID_BREP('',#6226);
#6226 = CLOSED_SHELL('',(#6227,#6267,#6298,#6329,#6351,#6363));
#6227 = ADVANCED_FACE('',(#6228),#6262,.T.);
#6228 = FACE_BOUND('',#6229,.T.);
#6229 = EDGE_LOOP('',(#6230,#6240,#6248,#6256));
#6230 = ORIENTED_EDGE('',*,*,#6231,.T.);
#6231 = EDGE_CURVE('',#6232,#6234,#6236,.T.);
#6232 = VERTEX_POINT('',#6233);
#6233 = CARTESIAN_POINT('',(14.33314494498,-0.784931783046,2.));
#6234 = VERTEX_POINT('',#6235);
#6235 = CARTESIAN_POINT('',(14.33314494498,-0.784931783046,1.6));
#6236 = LINE('',#6237,#6238);
#6237 = CARTESIAN_POINT('',(14.33314494498,-0.784931783046,2.));
#6238 = VECTOR('',#6239,1.);
#6239 = DIRECTION('',(1.675947088702E-17,-1.978786988466E-17,-1.));
#6240 = ORIENTED_EDGE('',*,*,#6241,.T.);
#6241 = EDGE_CURVE('',#6234,#6242,#6244,.T.);
#6242 = VERTEX_POINT('',#6243);
#6243 = CARTESIAN_POINT('',(14.26685505502,-1.584931783046,1.6));
#6244 = LINE('',#6245,#6246);
#6245 = CARTESIAN_POINT('',(14.33314494498,-0.784931783046,1.6));
#6246 = VECTOR('',#6247,1.);
#6247 = DIRECTION('',(-8.257934547233E-02,-0.996584493007,
    1.833629814037E-17));
#6248 = ORIENTED_EDGE('',*,*,#6249,.F.);
#6249 = EDGE_CURVE('',#6250,#6242,#6252,.T.);
#6250 = VERTEX_POINT('',#6251);
#6251 = CARTESIAN_POINT('',(14.26685505502,-1.584931783046,2.));
#6252 = LINE('',#6253,#6254);
#6253 = CARTESIAN_POINT('',(14.26685505502,-1.584931783046,2.));
#6254 = VECTOR('',#6255,1.);
#6255 = DIRECTION('',(1.675947088702E-17,-1.978786988466E-17,-1.));
#6256 = ORIENTED_EDGE('',*,*,#6257,.F.);
#6257 = EDGE_CURVE('',#6232,#6250,#6258,.T.);
#6258 = LINE('',#6259,#6260);
#6259 = CARTESIAN_POINT('',(14.33314494498,-0.784931783046,2.));
#6260 = VECTOR('',#6261,1.);
#6261 = DIRECTION('',(-8.257934547233E-02,-0.996584493007,
    1.833629814037E-17));
#6262 = PLANE('',#6263);
#6263 = AXIS2_PLACEMENT_3D('',#6264,#6265,#6266);
#6264 = CARTESIAN_POINT('',(14.33314494498,-0.784931783046,2.));
#6265 = DIRECTION('',(-0.996584493007,8.257934547233E-02,
    -1.833629814037E-17));
#6266 = DIRECTION('',(-8.257934547233E-02,-0.996584493007,
    1.833629814037E-17));
#6267 = ADVANCED_FACE('',(#6268),#6293,.T.);
#6268 = FACE_BOUND('',#6269,.T.);
#6269 = EDGE_LOOP('',(#6270,#6271,#6279,#6287));
#6270 = ORIENTED_EDGE('',*,*,#6249,.T.);
#6271 = ORIENTED_EDGE('',*,*,#6272,.T.);
#6272 = EDGE_CURVE('',#6242,#6273,#6275,.T.);
#6273 = VERTEX_POINT('',#6274);
#6274 = CARTESIAN_POINT('',(16.26685505502,-1.750656507948,1.6));
#6275 = LINE('',#6276,#6277);
#6276 = CARTESIAN_POINT('',(14.26685505502,-1.584931783046,1.6));
#6277 = VECTOR('',#6278,1.);
#6278 = DIRECTION('',(0.996584493007,-8.257934547233E-02,
    1.833629814037E-17));
#6279 = ORIENTED_EDGE('',*,*,#6280,.F.);
#6280 = EDGE_CURVE('',#6281,#6273,#6283,.T.);
#6281 = VERTEX_POINT('',#6282);
#6282 = CARTESIAN_POINT('',(16.26685505502,-1.750656507948,2.));
#6283 = LINE('',#6284,#6285);
#6284 = CARTESIAN_POINT('',(16.26685505502,-1.750656507948,2.));
#6285 = VECTOR('',#6286,1.);
#6286 = DIRECTION('',(1.675947088702E-17,-1.978786988466E-17,-1.));
#6287 = ORIENTED_EDGE('',*,*,#6288,.F.);
#6288 = EDGE_CURVE('',#6250,#6281,#6289,.T.);
#6289 = LINE('',#6290,#6291);
#6290 = CARTESIAN_POINT('',(14.26685505502,-1.584931783046,2.));
#6291 = VECTOR('',#6292,1.);
#6292 = DIRECTION('',(0.996584493007,-8.257934547233E-02,
    1.833629814037E-17));
#6293 = PLANE('',#6294);
#6294 = AXIS2_PLACEMENT_3D('',#6295,#6296,#6297);
#6295 = CARTESIAN_POINT('',(14.26685505502,-1.584931783046,2.));
#6296 = DIRECTION('',(-8.257934547233E-02,-0.996584493007,
    1.833629814037E-17));
#6297 = DIRECTION('',(0.996584493007,-8.257934547233E-02,
    1.833629814037E-17));
#6298 = ADVANCED_FACE('',(#6299),#6324,.T.);
#6299 = FACE_BOUND('',#6300,.T.);
#6300 = EDGE_LOOP('',(#6301,#6302,#6310,#6318));
#6301 = ORIENTED_EDGE('',*,*,#6280,.T.);
#6302 = ORIENTED_EDGE('',*,*,#6303,.T.);
#6303 = EDGE_CURVE('',#6273,#6304,#6306,.T.);
#6304 = VERTEX_POINT('',#6305);
#6305 = CARTESIAN_POINT('',(16.33314494498,-0.950656507948,1.6));
#6306 = LINE('',#6307,#6308);
#6307 = CARTESIAN_POINT('',(16.26685505502,-1.750656507948,1.6));
#6308 = VECTOR('',#6309,1.);
#6309 = DIRECTION('',(8.257934547233E-02,0.996584493007,
    -1.833629814037E-17));
#6310 = ORIENTED_EDGE('',*,*,#6311,.F.);
#6311 = EDGE_CURVE('',#6312,#6304,#6314,.T.);
#6312 = VERTEX_POINT('',#6313);
#6313 = CARTESIAN_POINT('',(16.33314494498,-0.950656507948,2.));
#6314 = LINE('',#6315,#6316);
#6315 = CARTESIAN_POINT('',(16.33314494498,-0.950656507948,2.));
#6316 = VECTOR('',#6317,1.);
#6317 = DIRECTION('',(1.675947088702E-17,-1.978786988466E-17,-1.));
#6318 = ORIENTED_EDGE('',*,*,#6319,.F.);
#6319 = EDGE_CURVE('',#6281,#6312,#6320,.T.);
#6320 = LINE('',#6321,#6322);
#6321 = CARTESIAN_POINT('',(16.26685505502,-1.750656507948,2.));
#6322 = VECTOR('',#6323,1.);
#6323 = DIRECTION('',(8.257934547233E-02,0.996584493007,
    -1.833629814037E-17));
#6324 = PLANE('',#6325);
#6325 = AXIS2_PLACEMENT_3D('',#6326,#6327,#6328);
#6326 = CARTESIAN_POINT('',(16.26685505502,-1.750656507948,2.));
#6327 = DIRECTION('',(0.996584493007,-8.257934547233E-02,
    1.833629814037E-17));
#6328 = DIRECTION('',(8.257934547233E-02,0.996584493007,
    -1.833629814037E-17));
#6329 = ADVANCED_FACE('',(#6330),#6346,.T.);
#6330 = FACE_BOUND('',#6331,.T.);
#6331 = EDGE_LOOP('',(#6332,#6333,#6339,#6340));
#6332 = ORIENTED_EDGE('',*,*,#6311,.T.);
#6333 = ORIENTED_EDGE('',*,*,#6334,.T.);
#6334 = EDGE_CURVE('',#6304,#6234,#6335,.T.);
#6335 = LINE('',#6336,#6337);
#6336 = CARTESIAN_POINT('',(16.33314494498,-0.950656507948,1.6));
#6337 = VECTOR('',#6338,1.);
#6338 = DIRECTION('',(-0.996584493007,8.257934547233E-02,
    -1.833629814037E-17));
#6339 = ORIENTED_EDGE('',*,*,#6231,.F.);
#6340 = ORIENTED_EDGE('',*,*,#6341,.F.);
#6341 = EDGE_CURVE('',#6312,#6232,#6342,.T.);
#6342 = LINE('',#6343,#6344);
#6343 = CARTESIAN_POINT('',(16.33314494498,-0.950656507948,2.));
#6344 = VECTOR('',#6345,1.);
#6345 = DIRECTION('',(-0.996584493007,8.257934547233E-02,
    -1.833629814037E-17));
#6346 = PLANE('',#6347);
#6347 = AXIS2_PLACEMENT_3D('',#6348,#6349,#6350);
#6348 = CARTESIAN_POINT('',(16.33314494498,-0.950656507948,2.));
#6349 = DIRECTION('',(8.257934547233E-02,0.996584493007,
    -1.833629814037E-17));
#6350 = DIRECTION('',(-0.996584493007,8.257934547233E-02,
    -1.833629814037E-17));
#6351 = ADVANCED_FACE('',(#6352),#6358,.T.);
#6352 = FACE_BOUND('',#6353,.T.);
#6353 = EDGE_LOOP('',(#6354,#6355,#6356,#6357));
#6354 = ORIENTED_EDGE('',*,*,#6257,.T.);
#6355 = ORIENTED_EDGE('',*,*,#6288,.T.);
#6356 = ORIENTED_EDGE('',*,*,#6319,.T.);
#6357 = ORIENTED_EDGE('',*,*,#6341,.T.);
#6358 = PLANE('',#6359);
#6359 = AXIS2_PLACEMENT_3D('',#6360,#6361,#6362);
#6360 = CARTESIAN_POINT('',(15.3,-1.267794145497,2.));
#6361 = DIRECTION('',(-1.675947088702E-17,1.978786988466E-17,1.));
#6362 = DIRECTION('',(0.986361303403,-0.164594590281,1.978786988466E-17)
  );
#6363 = ADVANCED_FACE('',(#6364),#6370,.F.);
#6364 = FACE_BOUND('',#6365,.F.);
#6365 = EDGE_LOOP('',(#6366,#6367,#6368,#6369));
#6366 = ORIENTED_EDGE('',*,*,#6241,.T.);
#6367 = ORIENTED_EDGE('',*,*,#6272,.T.);
#6368 = ORIENTED_EDGE('',*,*,#6303,.T.);
#6369 = ORIENTED_EDGE('',*,*,#6334,.T.);
#6370 = PLANE('',#6371);
#6371 = AXIS2_PLACEMENT_3D('',#6372,#6373,#6374);
#6372 = CARTESIAN_POINT('',(15.3,-1.267794145497,1.6));
#6373 = DIRECTION('',(-1.675947088702E-17,1.978786988466E-17,1.));
#6374 = DIRECTION('',(0.986361303403,-0.164594590281,1.978786988466E-17)
  );
#6375 = ( GEOMETRIC_REPRESENTATION_CONTEXT(3) 
GLOBAL_UNCERTAINTY_ASSIGNED_CONTEXT((#6379)) 
GLOBAL_UNIT_ASSIGNED_CONTEXT((#6376,#6377,#6378)) REPRESENTATION_CONTEXT
('Context #1','3D Context with UNIT and UNCERTAINTY') );
#6376 = ( LENGTH_UNIT() NAMED_UNIT(*) SI_UNIT(.MILLI.,.METRE.) );
#6377 = ( NAMED_UNIT(*) PLANE_ANGLE_UNIT() SI_UNIT($,.RADIAN.) );
#6378 = ( NAMED_UNIT(*) SI_UNIT($,.STERADIAN.) SOLID_ANGLE_UNIT() );
#6379 = UNCERTAINTY_MEASURE_WITH_UNIT(LENGTH_MEASURE(2.E-06),#6376,
  'distance_accuracy_value','confusion accuracy');
#6380 = PRODUCT_RELATED_PRODUCT_CATEGORY('part',$,(#7));
#6381 = MECHANICAL_DESIGN_GEOMETRIC_PRESENTATION_REPRESENTATION('',(
    #6382,#6393,#6402,#6411,#6420,#6429,#6438,#6447,#6456,#6465,#6474,
    #6483,#6492,#6501,#6510,#6519,#6528,#6537,#6546,#6555,#6564,#6573,
    #6582,#6591,#6600,#6609,#6618,#6627,#6636,#6645,#6654,#6663,#6672,
    #6681,#6690,#6699,#6708,#6717),#6375);
#6382 = STYLED_ITEM('color',(#6383),#15);
#6383 = PRESENTATION_STYLE_ASSIGNMENT((#6384,#6390));
#6384 = SURFACE_STYLE_USAGE(.BOTH.,#6385);
#6385 = SURFACE_SIDE_STYLE('',(#6386));
#6386 = SURFACE_STYLE_FILL_AREA(#6387);
#6387 = FILL_AREA_STYLE('',(#6388));
#6388 = FILL_AREA_STYLE_COLOUR('',#6389);
#6389 = COLOUR_RGB('',0.650980421574,0.690196106937,0.729411790161);
#6390 = CURVE_STYLE('',#6391,POSITIVE_LENGTH_MEASURE(0.1),#6392);
#6391 = DRAUGHTING_PRE_DEFINED_CURVE_FONT('continuous');
#6392 = COLOUR_RGB('',9.803921802644E-02,9.803921802644E-02,
  9.803921802644E-02);
#6393 = STYLED_ITEM('color',(#6394),#825);
#6394 = PRESENTATION_STYLE_ASSIGNMENT((#6395,#6400));
#6395 = SURFACE_STYLE_USAGE(.BOTH.,#6396);
#6396 = SURFACE_SIDE_STYLE('',(#6397));
#6397 = SURFACE_STYLE_FILL_AREA(#6398);
#6398 = FILL_AREA_STYLE('',(#6399));
#6399 = FILL_AREA_STYLE_COLOUR('',#6389);
#6400 = CURVE_STYLE('',#6401,POSITIVE_LENGTH_MEASURE(0.1),#6392);
#6401 = DRAUGHTING_PRE_DEFINED_CURVE_FONT('continuous');
#6402 = STYLED_ITEM('color',(#6403),#975);
#6403 = PRESENTATION_STYLE_ASSIGNMENT((#6404,#6409));
#6404 = SURFACE_STYLE_USAGE(.BOTH.,#6405);
#6405 = SURFACE_SIDE_STYLE('',(#6406));
#6406 = SURFACE_STYLE_FILL_AREA(#6407);
#6407 = FILL_AREA_STYLE('',(#6408));
#6408 = FILL_AREA_STYLE_COLOUR('',#6389);
#6409 = CURVE_STYLE('',#6410,POSITIVE_LENGTH_MEASURE(0.1),#6392);
#6410 = DRAUGHTING_PRE_DEFINED_CURVE_FONT('continuous');
#6411 = STYLED_ITEM('color',(#6412),#1125);
#6412 = PRESENTATION_STYLE_ASSIGNMENT((#6413,#6418));
#6413 = SURFACE_STYLE_USAGE(.BOTH.,#6414);
#6414 = SURFACE_SIDE_STYLE('',(#6415));
#6415 = SURFACE_STYLE_FILL_AREA(#6416);
#6416 = FILL_AREA_STYLE('',(#6417));
#6417 = FILL_AREA_STYLE_COLOUR('',#6389);
#6418 = CURVE_STYLE('',#6419,POSITIVE_LENGTH_MEASURE(0.1),#6392);
#6419 = DRAUGHTING_PRE_DEFINED_CURVE_FONT('continuous');
#6420 = STYLED_ITEM('color',(#6421),#1275);
#6421 = PRESENTATION_STYLE_ASSIGNMENT((#6422,#6427));
#6422 = SURFACE_STYLE_USAGE(.BOTH.,#6423);
#6423 = SURFACE_SIDE_STYLE('',(#6424));
#6424 = SURFACE_STYLE_FILL_AREA(#6425);
#6425 = FILL_AREA_STYLE('',(#6426));
#6426 = FILL_AREA_STYLE_COLOUR('',#6389);
#6427 = CURVE_STYLE('',#6428,POSITIVE_LENGTH_MEASURE(0.1),#6392);
#6428 = DRAUGHTING_PRE_DEFINED_CURVE_FONT('continuous');
#6429 = STYLED_ITEM('color',(#6430),#1425);
#6430 = PRESENTATION_STYLE_ASSIGNMENT((#6431,#6436));
#6431 = SURFACE_STYLE_USAGE(.BOTH.,#6432);
#6432 = SURFACE_SIDE_STYLE('',(#6433));
#6433 = SURFACE_STYLE_FILL_AREA(#6434);
#6434 = FILL_AREA_STYLE('',(#6435));
#6435 = FILL_AREA_STYLE_COLOUR('',#6389);
#6436 = CURVE_STYLE('',#6437,POSITIVE_LENGTH_MEASURE(0.1),#6392);
#6437 = DRAUGHTING_PRE_DEFINED_CURVE_FONT('continuous');
#6438 = STYLED_ITEM('color',(#6439),#1575);
#6439 = PRESENTATION_STYLE_ASSIGNMENT((#6440,#6445));
#6440 = SURFACE_STYLE_USAGE(.BOTH.,#6441);
#6441 = SURFACE_SIDE_STYLE('',(#6442));
#6442 = SURFACE_STYLE_FILL_AREA(#6443);
#6443 = FILL_AREA_STYLE('',(#6444));
#6444 = FILL_AREA_STYLE_COLOUR('',#6389);
#6445 = CURVE_STYLE('',#6446,POSITIVE_LENGTH_MEASURE(0.1),#6392);
#6446 = DRAUGHTING_PRE_DEFINED_CURVE_FONT('continuous');
#6447 = STYLED_ITEM('color',(#6448),#1725);
#6448 = PRESENTATION_STYLE_ASSIGNMENT((#6449,#6454));
#6449 = SURFACE_STYLE_USAGE(.BOTH.,#6450);
#6450 = SURFACE_SIDE_STYLE('',(#6451));
#6451 = SURFACE_STYLE_FILL_AREA(#6452);
#6452 = FILL_AREA_STYLE('',(#6453));
#6453 = FILL_AREA_STYLE_COLOUR('',#6389);
#6454 = CURVE_STYLE('',#6455,POSITIVE_LENGTH_MEASURE(0.1),#6392);
#6455 = DRAUGHTING_PRE_DEFINED_CURVE_FONT('continuous');
#6456 = STYLED_ITEM('color',(#6457),#1875);
#6457 = PRESENTATION_STYLE_ASSIGNMENT((#6458,#6463));
#6458 = SURFACE_STYLE_USAGE(.BOTH.,#6459);
#6459 = SURFACE_SIDE_STYLE('',(#6460));
#6460 = SURFACE_STYLE_FILL_AREA(#6461);
#6461 = FILL_AREA_STYLE('',(#6462));
#6462 = FILL_AREA_STYLE_COLOUR('',#6389);
#6463 = CURVE_STYLE('',#6464,POSITIVE_LENGTH_MEASURE(0.1),#6392);
#6464 = DRAUGHTING_PRE_DEFINED_CURVE_FONT('continuous');
#6465 = STYLED_ITEM('color',(#6466),#2025);
#6466 = PRESENTATION_STYLE_ASSIGNMENT((#6467,#6472));
#6467 = SURFACE_STYLE_USAGE(.BOTH.,#6468);
#6468 = SURFACE_SIDE_STYLE('',(#6469));
#6469 = SURFACE_STYLE_FILL_AREA(#6470);
#6470 = FILL_AREA_STYLE('',(#6471));
#6471 = FILL_AREA_STYLE_COLOUR('',#6389);
#6472 = CURVE_STYLE('',#6473,POSITIVE_LENGTH_MEASURE(0.1),#6392);
#6473 = DRAUGHTING_PRE_DEFINED_CURVE_FONT('continuous');
#6474 = STYLED_ITEM('color',(#6475),#2175);
#6475 = PRESENTATION_STYLE_ASSIGNMENT((#6476,#6481));
#6476 = SURFACE_STYLE_USAGE(.BOTH.,#6477);
#6477 = SURFACE_SIDE_STYLE('',(#6478));
#6478 = SURFACE_STYLE_FILL_AREA(#6479);
#6479 = FILL_AREA_STYLE('',(#6480));
#6480 = FILL_AREA_STYLE_COLOUR('',#6389);
#6481 = CURVE_STYLE('',#6482,POSITIVE_LENGTH_MEASURE(0.1),#6392);
#6482 = DRAUGHTING_PRE_DEFINED_CURVE_FONT('continuous');
#6483 = STYLED_ITEM('color',(#6484),#2325);
#6484 = PRESENTATION_STYLE_ASSIGNMENT((#6485,#6490));
#6485 = SURFACE_STYLE_USAGE(.BOTH.,#6486);
#6486 = SURFACE_SIDE_STYLE('',(#6487));
#6487 = SURFACE_STYLE_FILL_AREA(#6488);
#6488 = FILL_AREA_STYLE('',(#6489));
#6489 = FILL_AREA_STYLE_COLOUR('',#6389);
#6490 = CURVE_STYLE('',#6491,POSITIVE_LENGTH_MEASURE(0.1),#6392);
#6491 = DRAUGHTING_PRE_DEFINED_CURVE_FONT('continuous');
#6492 = STYLED_ITEM('color',(#6493),#2475);
#6493 = PRESENTATION_STYLE_ASSIGNMENT((#6494,#6499));
#6494 = SURFACE_STYLE_USAGE(.BOTH.,#6495);
#6495 = SURFACE_SIDE_STYLE('',(#6496));
#6496 = SURFACE_STYLE_FILL_AREA(#6497);
#6497 = FILL_AREA_STYLE('',(#6498));
#6498 = FILL_AREA_STYLE_COLOUR('',#6389);
#6499 = CURVE_STYLE('',#6500,POSITIVE_LENGTH_MEASURE(0.1),#6392);
#6500 = DRAUGHTING_PRE_DEFINED_CURVE_FONT('continuous');
#6501 = STYLED_ITEM('color',(#6502),#2625);
#6502 = PRESENTATION_STYLE_ASSIGNMENT((#6503,#6508));
#6503 = SURFACE_STYLE_USAGE(.BOTH.,#6504);
#6504 = SURFACE_SIDE_STYLE('',(#6505));
#6505 = SURFACE_STYLE_FILL_AREA(#6506);
#6506 = FILL_AREA_STYLE('',(#6507));
#6507 = FILL_AREA_STYLE_COLOUR('',#6389);
#6508 = CURVE_STYLE('',#6509,POSITIVE_LENGTH_MEASURE(0.1),#6392);
#6509 = DRAUGHTING_PRE_DEFINED_CURVE_FONT('continuous');
#6510 = STYLED_ITEM('color',(#6511),#2775);
#6511 = PRESENTATION_STYLE_ASSIGNMENT((#6512,#6517));
#6512 = SURFACE_STYLE_USAGE(.BOTH.,#6513);
#6513 = SURFACE_SIDE_STYLE('',(#6514));
#6514 = SURFACE_STYLE_FILL_AREA(#6515);
#6515 = FILL_AREA_STYLE('',(#6516));
#6516 = FILL_AREA_STYLE_COLOUR('',#6389);
#6517 = CURVE_STYLE('',#6518,POSITIVE_LENGTH_MEASURE(0.1),#6392);
#6518 = DRAUGHTING_PRE_DEFINED_CURVE_FONT('continuous');
#6519 = STYLED_ITEM('color',(#6520),#2925);
#6520 = PRESENTATION_STYLE_ASSIGNMENT((#6521,#6526));
#6521 = SURFACE_STYLE_USAGE(.BOTH.,#6522);
#6522 = SURFACE_SIDE_STYLE('',(#6523));
#6523 = SURFACE_STYLE_FILL_AREA(#6524);
#6524 = FILL_AREA_STYLE('',(#6525));
#6525 = FILL_AREA_STYLE_COLOUR('',#6389);
#6526 = CURVE_STYLE('',#6527,POSITIVE_LENGTH_MEASURE(0.1),#6392);
#6527 = DRAUGHTING_PRE_DEFINED_CURVE_FONT('continuous');
#6528 = STYLED_ITEM('color',(#6529),#3075);
#6529 = PRESENTATION_STYLE_ASSIGNMENT((#6530,#6535));
#6530 = SURFACE_STYLE_USAGE(.BOTH.,#6531);
#6531 = SURFACE_SIDE_STYLE('',(#6532));
#6532 = SURFACE_STYLE_FILL_AREA(#6533);
#6533 = FILL_AREA_STYLE('',(#6534));
#6534 = FILL_AREA_STYLE_COLOUR('',#6389);
#6535 = CURVE_STYLE('',#6536,POSITIVE_LENGTH_MEASURE(0.1),#6392);
#6536 = DRAUGHTING_PRE_DEFINED_CURVE_FONT('continuous');
#6537 = STYLED_ITEM('color',(#6538),#3225);
#6538 = PRESENTATION_STYLE_ASSIGNMENT((#6539,#6544));
#6539 = SURFACE_STYLE_USAGE(.BOTH.,#6540);
#6540 = SURFACE_SIDE_STYLE('',(#6541));
#6541 = SURFACE_STYLE_FILL_AREA(#6542);
#6542 = FILL_AREA_STYLE('',(#6543));
#6543 = FILL_AREA_STYLE_COLOUR('',#6389);
#6544 = CURVE_STYLE('',#6545,POSITIVE_LENGTH_MEASURE(0.1),#6392);
#6545 = DRAUGHTING_PRE_DEFINED_CURVE_FONT('continuous');
#6546 = STYLED_ITEM('color',(#6547),#3375);
#6547 = PRESENTATION_STYLE_ASSIGNMENT((#6548,#6553));
#6548 = SURFACE_STYLE_USAGE(.BOTH.,#6549);
#6549 = SURFACE_SIDE_STYLE('',(#6550));
#6550 = SURFACE_STYLE_FILL_AREA(#6551);
#6551 = FILL_AREA_STYLE('',(#6552));
#6552 = FILL_AREA_STYLE_COLOUR('',#6389);
#6553 = CURVE_STYLE('',#6554,POSITIVE_LENGTH_MEASURE(0.1),#6392);
#6554 = DRAUGHTING_PRE_DEFINED_CURVE_FONT('continuous');
#6555 = STYLED_ITEM('color',(#6556),#3525);
#6556 = PRESENTATION_STYLE_ASSIGNMENT((#6557,#6562));
#6557 = SURFACE_STYLE_USAGE(.BOTH.,#6558);
#6558 = SURFACE_SIDE_STYLE('',(#6559));
#6559 = SURFACE_STYLE_FILL_AREA(#6560);
#6560 = FILL_AREA_STYLE('',(#6561));
#6561 = FILL_AREA_STYLE_COLOUR('',#6389);
#6562 = CURVE_STYLE('',#6563,POSITIVE_LENGTH_MEASURE(0.1),#6392);
#6563 = DRAUGHTING_PRE_DEFINED_CURVE_FONT('continuous');
#6564 = STYLED_ITEM('color',(#6565),#3675);
#6565 = PRESENTATION_STYLE_ASSIGNMENT((#6566,#6571));
#6566 = SURFACE_STYLE_USAGE(.BOTH.,#6567);
#6567 = SURFACE_SIDE_STYLE('',(#6568));
#6568 = SURFACE_STYLE_FILL_AREA(#6569);
#6569 = FILL_AREA_STYLE('',(#6570));
#6570 = FILL_AREA_STYLE_COLOUR('',#6389);
#6571 = CURVE_STYLE('',#6572,POSITIVE_LENGTH_MEASURE(0.1),#6392);
#6572 = DRAUGHTING_PRE_DEFINED_CURVE_FONT('continuous');
#6573 = STYLED_ITEM('color',(#6574),#3825);
#6574 = PRESENTATION_STYLE_ASSIGNMENT((#6575,#6580));
#6575 = SURFACE_STYLE_USAGE(.BOTH.,#6576);
#6576 = SURFACE_SIDE_STYLE('',(#6577));
#6577 = SURFACE_STYLE_FILL_AREA(#6578);
#6578 = FILL_AREA_STYLE('',(#6579));
#6579 = FILL_AREA_STYLE_COLOUR('',#6389);
#6580 = CURVE_STYLE('',#6581,POSITIVE_LENGTH_MEASURE(0.1),#6392);
#6581 = DRAUGHTING_PRE_DEFINED_CURVE_FONT('continuous');
#6582 = STYLED_ITEM('color',(#6583),#3975);
#6583 = PRESENTATION_STYLE_ASSIGNMENT((#6584,#6589));
#6584 = SURFACE_STYLE_USAGE(.BOTH.,#6585);
#6585 = SURFACE_SIDE_STYLE('',(#6586));
#6586 = SURFACE_STYLE_FILL_AREA(#6587);
#6587 = FILL_AREA_STYLE('',(#6588));
#6588 = FILL_AREA_STYLE_COLOUR('',#6389);
#6589 = CURVE_STYLE('',#6590,POSITIVE_LENGTH_MEASURE(0.1),#6392);
#6590 = DRAUGHTING_PRE_DEFINED_CURVE_FONT('continuous');
#6591 = STYLED_ITEM('color',(#6592),#4125);
#6592 = PRESENTATION_STYLE_ASSIGNMENT((#6593,#6598));
#6593 = SURFACE_STYLE_USAGE(.BOTH.,#6594);
#6594 = SURFACE_SIDE_STYLE('',(#6595));
#6595 = SURFACE_STYLE_FILL_AREA(#6596);
#6596 = FILL_AREA_STYLE('',(#6597));
#6597 = FILL_AREA_STYLE_COLOUR('',#6389);
#6598 = CURVE_STYLE('',#6599,POSITIVE_LENGTH_MEASURE(0.1),#6392);
#6599 = DRAUGHTING_PRE_DEFINED_CURVE_FONT('continuous');
#6600 = STYLED_ITEM('color',(#6601),#4275);
#6601 = PRESENTATION_STYLE_ASSIGNMENT((#6602,#6607));
#6602 = SURFACE_STYLE_USAGE(.BOTH.,#6603);
#6603 = SURFACE_SIDE_STYLE('',(#6604));
#6604 = SURFACE_STYLE_FILL_AREA(#6605);
#6605 = FILL_AREA_STYLE('',(#6606));
#6606 = FILL_AREA_STYLE_COLOUR('',#6389);
#6607 = CURVE_STYLE('',#6608,POSITIVE_LENGTH_MEASURE(0.1),#6392);
#6608 = DRAUGHTING_PRE_DEFINED_CURVE_FONT('continuous');
#6609 = STYLED_ITEM('color',(#6610),#4425);
#6610 = PRESENTATION_STYLE_ASSIGNMENT((#6611,#6616));
#6611 = SURFACE_STYLE_USAGE(.BOTH.,#6612);
#6612 = SURFACE_SIDE_STYLE('',(#6613));
#6613 = SURFACE_STYLE_FILL_AREA(#6614);
#6614 = FILL_AREA_STYLE('',(#6615));
#6615 = FILL_AREA_STYLE_COLOUR('',#6389);
#6616 = CURVE_STYLE('',#6617,POSITIVE_LENGTH_MEASURE(0.1),#6392);
#6617 = DRAUGHTING_PRE_DEFINED_CURVE_FONT('continuous');
#6618 = STYLED_ITEM('color',(#6619),#4575);
#6619 = PRESENTATION_STYLE_ASSIGNMENT((#6620,#6625));
#6620 = SURFACE_STYLE_USAGE(.BOTH.,#6621);
#6621 = SURFACE_SIDE_STYLE('',(#6622));
#6622 = SURFACE_STYLE_FILL_AREA(#6623);
#6623 = FILL_AREA_STYLE('',(#6624));
#6624 = FILL_AREA_STYLE_COLOUR('',#6389);
#6625 = CURVE_STYLE('',#6626,POSITIVE_LENGTH_MEASURE(0.1),#6392);
#6626 = DRAUGHTING_PRE_DEFINED_CURVE_FONT('continuous');
#6627 = STYLED_ITEM('color',(#6628),#4725);
#6628 = PRESENTATION_STYLE_ASSIGNMENT((#6629,#6634));
#6629 = SURFACE_STYLE_USAGE(.BOTH.,#6630);
#6630 = SURFACE_SIDE_STYLE('',(#6631));
#6631 = SURFACE_STYLE_FILL_AREA(#6632);
#6632 = FILL_AREA_STYLE('',(#6633));
#6633 = FILL_AREA_STYLE_COLOUR('',#6389);
#6634 = CURVE_STYLE('',#6635,POSITIVE_LENGTH_MEASURE(0.1),#6392);
#6635 = DRAUGHTING_PRE_DEFINED_CURVE_FONT('continuous');
#6636 = STYLED_ITEM('color',(#6637),#4875);
#6637 = PRESENTATION_STYLE_ASSIGNMENT((#6638,#6643));
#6638 = SURFACE_STYLE_USAGE(.BOTH.,#6639);
#6639 = SURFACE_SIDE_STYLE('',(#6640));
#6640 = SURFACE_STYLE_FILL_AREA(#6641);
#6641 = FILL_AREA_STYLE('',(#6642));
#6642 = FILL_AREA_STYLE_COLOUR('',#6389);
#6643 = CURVE_STYLE('',#6644,POSITIVE_LENGTH_MEASURE(0.1),#6392);
#6644 = DRAUGHTING_PRE_DEFINED_CURVE_FONT('continuous');
#6645 = STYLED_ITEM('color',(#6646),#5025);
#6646 = PRESENTATION_STYLE_ASSIGNMENT((#6647,#6652));
#6647 = SURFACE_STYLE_USAGE(.BOTH.,#6648);
#6648 = SURFACE_SIDE_STYLE('',(#6649));
#6649 = SURFACE_STYLE_FILL_AREA(#6650);
#6650 = FILL_AREA_STYLE('',(#6651));
#6651 = FILL_AREA_STYLE_COLOUR('',#6389);
#6652 = CURVE_STYLE('',#6653,POSITIVE_LENGTH_MEASURE(0.1),#6392);
#6653 = DRAUGHTING_PRE_DEFINED_CURVE_FONT('continuous');
#6654 = STYLED_ITEM('color',(#6655),#5175);
#6655 = PRESENTATION_STYLE_ASSIGNMENT((#6656,#6661));
#6656 = SURFACE_STYLE_USAGE(.BOTH.,#6657);
#6657 = SURFACE_SIDE_STYLE('',(#6658));
#6658 = SURFACE_STYLE_FILL_AREA(#6659);
#6659 = FILL_AREA_STYLE('',(#6660));
#6660 = FILL_AREA_STYLE_COLOUR('',#6389);
#6661 = CURVE_STYLE('',#6662,POSITIVE_LENGTH_MEASURE(0.1),#6392);
#6662 = DRAUGHTING_PRE_DEFINED_CURVE_FONT('continuous');
#6663 = STYLED_ITEM('color',(#6664),#5325);
#6664 = PRESENTATION_STYLE_ASSIGNMENT((#6665,#6670));
#6665 = SURFACE_STYLE_USAGE(.BOTH.,#6666);
#6666 = SURFACE_SIDE_STYLE('',(#6667));
#6667 = SURFACE_STYLE_FILL_AREA(#6668);
#6668 = FILL_AREA_STYLE('',(#6669));
#6669 = FILL_AREA_STYLE_COLOUR('',#6389);
#6670 = CURVE_STYLE('',#6671,POSITIVE_LENGTH_MEASURE(0.1),#6392);
#6671 = DRAUGHTING_PRE_DEFINED_CURVE_FONT('continuous');
#6672 = STYLED_ITEM('color',(#6673),#5475);
#6673 = PRESENTATION_STYLE_ASSIGNMENT((#6674,#6679));
#6674 = SURFACE_STYLE_USAGE(.BOTH.,#6675);
#6675 = SURFACE_SIDE_STYLE('',(#6676));
#6676 = SURFACE_STYLE_FILL_AREA(#6677);
#6677 = FILL_AREA_STYLE('',(#6678));
#6678 = FILL_AREA_STYLE_COLOUR('',#6389);
#6679 = CURVE_STYLE('',#6680,POSITIVE_LENGTH_MEASURE(0.1),#6392);
#6680 = DRAUGHTING_PRE_DEFINED_CURVE_FONT('continuous');
#6681 = STYLED_ITEM('color',(#6682),#5625);
#6682 = PRESENTATION_STYLE_ASSIGNMENT((#6683,#6688));
#6683 = SURFACE_STYLE_USAGE(.BOTH.,#6684);
#6684 = SURFACE_SIDE_STYLE('',(#6685));
#6685 = SURFACE_STYLE_FILL_AREA(#6686);
#6686 = FILL_AREA_STYLE('',(#6687));
#6687 = FILL_AREA_STYLE_COLOUR('',#6389);
#6688 = CURVE_STYLE('',#6689,POSITIVE_LENGTH_MEASURE(0.1),#6392);
#6689 = DRAUGHTING_PRE_DEFINED_CURVE_FONT('continuous');
#6690 = STYLED_ITEM('color',(#6691),#5775);
#6691 = PRESENTATION_STYLE_ASSIGNMENT((#6692,#6697));
#6692 = SURFACE_STYLE_USAGE(.BOTH.,#6693);
#6693 = SURFACE_SIDE_STYLE('',(#6694));
#6694 = SURFACE_STYLE_FILL_AREA(#6695);
#6695 = FILL_AREA_STYLE('',(#6696));
#6696 = FILL_AREA_STYLE_COLOUR('',#6389);
#6697 = CURVE_STYLE('',#6698,POSITIVE_LENGTH_MEASURE(0.1),#6392);
#6698 = DRAUGHTING_PRE_DEFINED_CURVE_FONT('continuous');
#6699 = STYLED_ITEM('color',(#6700),#5925);
#6700 = PRESENTATION_STYLE_ASSIGNMENT((#6701,#6706));
#6701 = SURFACE_STYLE_USAGE(.BOTH.,#6702);
#6702 = SURFACE_SIDE_STYLE('',(#6703));
#6703 = SURFACE_STYLE_FILL_AREA(#6704);
#6704 = FILL_AREA_STYLE('',(#6705));
#6705 = FILL_AREA_STYLE_COLOUR('',#6389);
#6706 = CURVE_STYLE('',#6707,POSITIVE_LENGTH_MEASURE(0.1),#6392);
#6707 = DRAUGHTING_PRE_DEFINED_CURVE_FONT('continuous');
#6708 = STYLED_ITEM('color',(#6709),#6075);
#6709 = PRESENTATION_STYLE_ASSIGNMENT((#6710,#6715));
#6710 = SURFACE_STYLE_USAGE(.BOTH.,#6711);
#6711 = SURFACE_SIDE_STYLE('',(#6712));
#6712 = SURFACE_STYLE_FILL_AREA(#6713);
#6713 = FILL_AREA_STYLE('',(#6714));
#6714 = FILL_AREA_STYLE_COLOUR('',#6389);
#6715 = CURVE_STYLE('',#6716,POSITIVE_LENGTH_MEASURE(0.1),#6392);
#6716 = DRAUGHTING_PRE_DEFINED_CURVE_FONT('continuous');
#6717 = STYLED_ITEM('color',(#6718),#6225);
#6718 = PRESENTATION_STYLE_ASSIGNMENT((#6719,#6724));
#6719 = SURFACE_STYLE_USAGE(.BOTH.,#6720);
#6720 = SURFACE_SIDE_STYLE('',(#6721));
#6721 = SURFACE_STYLE_FILL_AREA(#6722);
#6722 = FILL_AREA_STYLE('',(#6723));
#6723 = FILL_AREA_STYLE_COLOUR('',#6389);
#6724 = CURVE_STYLE('',#6725,POSITIVE_LENGTH_MEASURE(0.1),#6392);
#6725 = DRAUGHTING_PRE_DEFINED_CURVE_FONT('continuous');
ENDSEC;
END-ISO-10303-21;
